  Time                 , V(D2:2)              , V(D4:1)              
  0.000000000000e+00  ,0.000000000000e+00  ,1.176793038016e-15  
  2.500000000000e-10  ,2.356170266613e-02  ,2.351327655383e-02  
  3.859498128295e-10  ,3.637402162991e-02  ,3.629454526780e-02  
  6.578494384885e-10  ,6.199643532520e-02  ,6.183897432842e-02  
  1.201648689806e-09  ,1.132258228060e-01  ,1.128388179364e-01  
  2.041422255337e-09  ,1.922676500186e-01  ,1.913443855308e-01  
  2.837982453406e-09  ,2.671193223139e-01  ,2.654949067164e-01  
  3.591515548527e-09  ,3.377746105464e-01  ,3.353226870653e-01  
  3.992403350770e-09  ,3.752893682857e-01  ,3.723372340935e-01  
  4.108178388327e-09  ,3.861126875950e-01  ,3.830084738328e-01  
  4.289064515382e-09  ,4.030126893011e-01  ,3.996642604043e-01  
  4.466434899718e-09  ,4.195715847338e-01  ,4.159759737486e-01  
  4.815401468426e-09  ,4.521117961461e-01  ,4.480082323095e-01  
  5.513334605843e-09  ,5.170252985776e-01  ,5.118230744758e-01  
  6.909200880677e-09  ,6.460755526801e-01  ,6.383694132790e-01  
  9.700933430344e-09  ,9.002036388294e-01  ,8.864286465404e-01  
  1.486940119043e-08  ,1.350992981018e+00  ,1.322991020669e+00  
  2.408725950494e-08  ,2.059628642420e+00  ,1.998663245477e+00  
  3.897202942148e-08  ,2.821748248201e+00  ,2.661947861760e+00  
  4.885894987360e-08  ,2.998072679484e+00  ,2.463104287525e+00  
  5.944324466959e-08  ,2.868947326108e+00  ,2.085159716965e+00  
  6.527034375444e-08  ,2.661355946597e+00  ,2.017807349207e+00  
  7.099313471094e-08  ,2.370861556298e+00  ,1.962597066197e+00  
  8.197231027856e-08  ,1.609683214616e+00  ,1.466271848460e+00  
  9.478432867303e-08  ,4.893687594662e-01  ,4.248223897572e-01  
  9.744828376547e-08  ,2.402360893107e-01  ,1.879411454809e-01  
  9.811427253857e-08  ,1.776216867887e-01  ,1.282823562204e-01  
  9.925421136990e-08  ,7.028249179188e-02  ,2.587465338158e-02  
  1.002166401185e-07  ,-2.041769251478e-02  ,-6.075306786789e-02  
  1.008512433209e-07  ,-8.021823053282e-02  ,-1.179069510232e-01  
  1.012374162264e-07  ,-1.165943597425e-01  ,-1.526863072990e-01  
  1.013274169117e-07  ,-1.250698385389e-01  ,-1.607910598958e-01  
  1.014255666696e-07  ,-1.343115837420e-01  ,-1.696291187125e-01  
  1.015563709252e-07  ,-1.466260643689e-01  ,-1.814065753207e-01  
  1.016840552501e-07  ,-1.586444346360e-01  ,-1.929017836796e-01  
  1.019394239001e-07  ,-1.826733237384e-01  ,-2.158873992932e-01  
  1.024501612000e-07  ,-2.306942842328e-01  ,-2.618335432261e-01  
  1.029690010063e-07  ,-2.794161863163e-01  ,-3.084627808893e-01  
  1.034586904161e-07  ,-3.253328326035e-01  ,-3.524170281948e-01  
  1.037474469803e-07  ,-3.523732426473e-01  ,-3.783056977382e-01  
  1.040475656800e-07  ,-3.804468894844e-01  ,-4.051862663743e-01  
  1.041156802848e-07  ,-3.868138335405e-01  ,-4.112829764080e-01  
  1.042459955961e-07  ,-3.989899652500e-01  ,-4.229426505301e-01  
  1.044062762111e-07  ,-4.139567407317e-01  ,-4.372751737428e-01  
  1.045803636834e-07  ,-4.302008775883e-01  ,-4.528315953515e-01  
  1.049141496941e-07  ,-4.613101133159e-01  ,-4.826255062923e-01  
  1.055817217156e-07  ,-5.233729935654e-01  ,-5.420696799643e-01  
  1.069168657586e-07  ,-6.467809806426e-01  ,-6.602813042147e-01  
  1.095871538445e-07  ,-8.899685970358e-01  ,-8.931845014818e-01  
  1.147325248048e-07  ,-1.339462346464e+00  ,-1.322829228056e+00  
  1.236359686181e-07  ,-2.028497272092e+00  ,-1.974821109777e+00  
  1.401613563821e-07  ,-2.857832240754e+00  ,-2.675524008876e+00  
  1.488725752160e-07  ,-2.998118428367e+00  ,-2.424781167813e+00  
  1.583154410645e-07  ,-2.898213469321e+00  ,-2.112423923310e+00  
  1.629370362088e-07  ,-2.755615243134e+00  ,-2.055268560660e+00  
  1.676383525655e-07  ,-2.551083273313e+00  ,-2.006905531972e+00  
  1.740160495564e-07  ,-2.185870134369e+00  ,-1.895288628670e+00  
  1.867714435384e-07  ,-1.211182085025e+00  ,-1.102318837638e+00  
  1.884779990241e-07  ,-1.062363961427e+00  ,-9.643786231681e-01  
  1.918911099955e-07  ,-7.560054980985e-01  ,-6.772842743928e-01  
  1.955437571332e-07  ,-4.186204276199e-01  ,-3.578475719123e-01  
  1.964569189176e-07  ,-3.332384065767e-01  ,-2.766574129170e-01  
  1.978606083021e-07  ,-2.014811449659e-01  ,-1.511627178035e-01  
  1.984746292755e-07  ,-1.437077869802e-01  ,-9.606588254145e-02  
  1.986916972846e-07  ,-1.232699117427e-01  ,-7.656570322997e-02  
  1.989258783460e-07  ,-1.012143696850e-01  ,-5.551694071484e-02  
  1.993942404687e-07  ,-5.708804481919e-02  ,-1.338982326354e-02  
  1.999002280235e-07  ,-9.403271852132e-03  ,3.215576208113e-02  
  2.003752025366e-07  ,3.536118710812e-02  ,7.493032126272e-02  
  2.007448444664e-07  ,7.019353085640e-02  ,1.082256278928e-01  
  2.009888044149e-07  ,9.317763304478e-02  ,1.302005642359e-01  
  2.010535313338e-07  ,9.927486144601e-02  ,1.360307201745e-01  
  2.011534389630e-07  ,1.086852722424e-01  ,1.450294489096e-01  
  2.013031490669e-07  ,1.227846004104e-01  ,1.585131122385e-01  
  2.014999608099e-07  ,1.413156626536e-01  ,1.762370142532e-01  
  2.018735142946e-07  ,1.764726291854e-01  ,2.098686488563e-01  
  2.024827855229e-07  ,2.337598279999e-01  ,2.646858466393e-01  
  2.030711951256e-07  ,2.890044315643e-01  ,3.175643544569e-01  
  2.036296161413e-07  ,3.413424307691e-01  ,3.676726224185e-01  
  2.039078953266e-07  ,3.673859273007e-01  ,3.926103357836e-01  
  2.039976631813e-07  ,3.757811963617e-01  ,4.006496128368e-01  
  2.041593640633e-07  ,3.908962003176e-01  ,4.151242192756e-01  
  2.043152208962e-07  ,4.054553884569e-01  ,4.290671699289e-01  
  2.046269345619e-07  ,4.345442540798e-01  ,4.569264633047e-01  
  2.052235398032e-07  ,4.901003979279e-01  ,5.101393072697e-01  
  2.064167502858e-07  ,6.006767333899e-01  ,6.160634039187e-01  
  2.088031712510e-07  ,8.191433365529e-01  ,8.253221936544e-01  
  2.130656484105e-07  ,1.197119480917e+00  ,1.186923409142e+00  
  2.207382563092e-07  ,1.819167071405e+00  ,1.778192353345e+00  
  2.347542885281e-07  ,2.662426635598e+00  ,2.543834684403e+00  
  2.450733426549e-07  ,2.964138490209e+00  ,2.604224813733e+00  
  2.524814549424e-07  ,2.990888626810e+00  ,2.267840656970e+00  
  2.545482460000e-07  ,2.969426872843e+00  ,2.210521471447e+00  
  2.579788658358e-07  ,2.906244195347e+00  ,2.143732167205e+00  
  2.617026660182e-07  ,2.799523596697e+00  ,2.094674180547e+00  
  2.668130192496e-07  ,2.591152071327e+00  ,2.030199734887e+00  
  2.730499002673e-07  ,2.247220302305e+00  ,1.923601204268e+00  
  2.855236623026e-07  ,1.317814436290e+00  ,1.200601433521e+00  
  2.960274908282e-07  ,3.734290416797e-01  ,3.143277584736e-01  
  2.983662280776e-07  ,1.539117776310e-01  ,1.053618748050e-01  
  3.007813337781e-07  ,-7.363157908591e-02  ,-1.118402019416e-01  
  3.013314660229e-07  ,-1.254511254804e-01  ,-1.613674490736e-01  
  3.014929573573e-07  ,-1.406563320893e-01  ,-1.759044543438e-01  
  3.016805722900e-07  ,-1.583166317296e-01  ,-1.927908674173e-01  
  3.019777107574e-07  ,-1.862749462277e-01  ,-2.195283741063e-01  
  3.025719876923e-07  ,-2.421404447320e-01  ,-2.729690028399e-01  
  3.031490351595e-07  ,-2.963056895141e-01  ,-3.247993645818e-01  
  3.037154655494e-07  ,-3.493797509445e-01  ,-3.755986915341e-01  
  3.039503451027e-07  ,-3.713562833929e-01  ,-3.966365959173e-01  
  3.040327205844e-07  ,-3.790590269098e-01  ,-4.040107565825e-01  
  3.041680650376e-07  ,-3.917092421253e-01  ,-4.161217732541e-01  
  3.043314655833e-07  ,-4.069723139777e-01  ,-4.307349578684e-01  
  3.046566368602e-07  ,-4.373139176836e-01  ,-4.597866754929e-01  
  3.051694230698e-07  ,-4.850678316815e-01  ,-5.055150801407e-01  
  3.061949954890e-07  ,-5.801856518488e-01  ,-5.966098857462e-01  
  3.082461403273e-07  ,-7.685164978994e-01  ,-7.769792520957e-01  
  3.123283134364e-07  ,-1.133084303893e+00  ,-1.125830281761e+00  
  3.192037092112e-07  ,-1.702094730402e+00  ,-1.667593530373e+00  
  3.321364270113e-07  ,-2.539850120790e+00  ,-2.440494956856e+00  
  3.423467026614e-07  ,-2.913703141935e+00  ,-2.678108792102e+00  
  3.497063861750e-07  ,-2.999872373480e+00  ,-2.372158436403e+00  
  3.544144080542e-07  ,-2.971196863528e+00  ,-2.208789806984e+00  
  3.578152255677e-07  ,-2.910031332483e+00  ,-2.141328961225e+00  
  3.619905309342e-07  ,-2.789657862738e+00  ,-2.089650433163e+00  
  3.665294246338e-07  ,-2.604519420964e+00  ,-2.033809791772e+00  
  3.721136347912e-07  ,-2.304698312646e+00  ,-1.945238078528e+00  
  3.832820551060e-07  ,-1.504183430538e+00  ,-1.369809334420e+00  
  3.947544591092e-07  ,-4.921459769935e-01  ,-4.273948213625e-01  
  3.962594763897e-07  ,-3.517252388291e-01  ,-2.940259495614e-01  
  3.984618680142e-07  ,-1.449091152340e-01  ,-9.702650301976e-02  
  3.994360314272e-07  ,-5.315000490196e-02  ,-9.464792626003e-03  
  3.999317744337e-07  ,-6.430103212675e-03  ,3.515121140396e-02  
  4.005532459877e-07  ,5.213958068851e-02  ,9.111140656670e-02  
  4.008684521131e-07  ,8.183952926551e-02  ,1.194987964919e-01  
  4.010404441096e-07  ,9.804208679494e-02  ,1.349881299082e-01  
  4.011039719507e-07  ,1.040260473458e-01  ,1.407091682486e-01  
  4.012224361822e-07  ,1.151835776494e-01  ,1.513771516272e-01  
  4.014325425550e-07  ,1.349683829900e-01  ,1.702960335748e-01  
  4.016979229227e-07  ,1.599495881273e-01  ,1.941876692040e-01  
  4.022286836579e-07  ,2.098769094517e-01  ,2.419491587133e-01  
  4.027646597996e-07  ,2.602355704097e-01  ,2.901375388915e-01  
  4.033092041090e-07  ,3.113236320055e-01  ,3.390363836266e-01  
  4.036966343001e-07  ,3.476169633118e-01  ,3.737811795393e-01  
  4.039250644445e-07  ,3.689918455315e-01  ,3.942463112087e-01  
  4.039984293804e-07  ,3.758528400617e-01  ,4.008156121739e-01  
  4.041255316287e-07  ,3.877345320639e-01  ,4.121925112277e-01  
  4.042745432407e-07  ,4.016564549923e-01  ,4.255235049467e-01  
  4.045725664645e-07  ,4.294735891808e-01  ,4.521615463042e-01  
  4.049166901559e-07  ,4.615466970665e-01  ,4.828775021744e-01  
  4.056049375385e-07  ,5.255273396294e-01  ,5.441566681423e-01  
  4.069814323038e-07  ,6.527217936095e-01  ,6.659913020249e-01  
  4.097344218343e-07  ,9.032139029666e-01  ,9.058731939642e-01  
  4.149528084844e-07  ,1.358007078104e+00  ,1.340514157330e+00  
  4.240812598318e-07  ,2.059217468912e+00  ,2.003503095255e+00  
  4.409225522131e-07  ,2.878836096968e+00  ,2.681384440127e+00  
  4.493804513067e-07  ,2.999431764733e+00  ,2.400349485095e+00  
  4.582764445394e-07  ,2.899160545379e+00  ,2.118713585370e+00  
  4.628458856195e-07  ,2.759000132764e+00  ,2.059925086402e+00  
  4.674734412283e-07  ,2.559227471444e+00  ,2.010533214604e+00  
  4.739316044897e-07  ,2.191313506657e+00  ,1.898197485923e+00  
  4.868479310125e-07  ,1.204583435667e+00  ,1.096241521491e+00  
  4.885610057563e-07  ,1.055044104684e+00  ,9.575474277524e-01  
  4.919871552438e-07  ,7.472421575715e-01  ,6.690139630044e-01  
  4.956524683684e-07  ,4.084724539881e-01  ,3.481991770469e-01  
  4.965685172528e-07  ,3.227835743521e-01  ,2.667040137690e-01  
  4.979072003216e-07  ,1.970996507782e-01  ,1.469824721707e-01  
  4.984989626855e-07  ,1.414170081145e-01  ,9.387772924034e-02  
  4.987060655430e-07  ,1.219168664466e-01  ,7.527201833139e-02  
  4.989362186342e-07  ,1.002403699542e-01  ,5.458489828524e-02  
  4.993965248168e-07  ,5.687278892883e-02  ,1.318219897309e-02  
  4.998969244361e-07  ,9.714626052082e-03  ,-3.186007145995e-02  
  5.003674286008e-07  ,-3.462856077226e-02  ,-7.423162806955e-02  
  5.007351613194e-07  ,-6.928116235530e-02  ,-1.073547122725e-01  
  5.009720432162e-07  ,-9.159867657935e-02  ,-1.286920090007e-01  
  5.010266128983e-07  ,-9.673921293609e-02  ,-1.336072767854e-01  
  5.011355776396e-07  ,-1.070029702322e-01  ,-1.434218177356e-01  
  5.012685006540e-07  ,-1.195217285613e-01  ,-1.553936570900e-01  
  5.014625882786e-07  ,-1.377971979255e-01  ,-1.728726055759e-01  
  5.018293431085e-07  ,-1.723166332812e-01  ,-2.058933976062e-01  
  5.025628527682e-07  ,-2.412822974362e-01  ,-2.718858896565e-01  
  5.032254887801e-07  ,-3.034751797209e-01  ,-3.314180502018e-01  
  5.036885423642e-07  ,-3.468594421986e-01  ,-3.729557064809e-01  
  5.039613267463e-07  ,-3.723832966535e-01  ,-3.973962322754e-01  
  5.040400235038e-07  ,-3.797417845050e-01  ,-4.044427727539e-01  
  5.041830048021e-07  ,-3.931051845139e-01  ,-4.172400700731e-01  
  5.043457534220e-07  ,-4.083064217987e-01  ,-4.317979593269e-01  
  5.046450339314e-07  ,-4.362320193327e-01  ,-4.585432342182e-01  
  5.051650844570e-07  ,-4.846643030379e-01  ,-5.049324019840e-01  
  5.062051855084e-07  ,-5.811278776019e-01  ,-5.973363443161e-01  
  5.082853876110e-07  ,-7.720914518907e-01  ,-7.802599082086e-01  
  5.123571299072e-07  ,-1.135598562212e+00  ,-1.128135092393e+00  
  5.192928753849e-07  ,-1.709008220015e+00  ,-1.674081935454e+00  
  5.322688065525e-07  ,-2.546468157582e+00  ,-2.446198293680e+00  
  5.424820624348e-07  ,-2.916714640976e+00  ,-2.676515522705e+00  
  5.498350404259e-07  ,-2.999959714841e+00  ,-2.366477812195e+00  
  5.543024085518e-07  ,-2.972637674165e+00  ,-2.212166942237e+00  
  5.577460669037e-07  ,-2.911608761232e+00  ,-2.142926429179e+00  
  5.618811391350e-07  ,-2.793433869746e+00  ,-2.091159379622e+00  
  5.664736770149e-07  ,-2.607122827071e+00  ,-2.034589792566e+00  
  5.720288299080e-07  ,-2.309806800794e+00  ,-1.947049977108e+00  
  5.831391356941e-07  ,-1.515822585987e+00  ,-1.380256038573e+00  
  5.945742867943e-07  ,-5.088887920972e-01  ,-4.432934368542e-01  
  5.971112094875e-07  ,-2.718885069906e-01  ,-2.181085075261e-01  
  5.977454401609e-07  ,-2.123096371477e-01  ,-1.613562107285e-01  
  5.982093785014e-07  ,-1.686731060408e-01  ,-1.197587001838e-01  
  5.983188438285e-07  ,-1.583715845595e-01  ,-1.099350249161e-01  
  5.984901838992e-07  ,-1.422434640739e-01  ,-9.455250505835e-02  
  5.987544466797e-07  ,-1.173606795414e-01  ,-7.081424542332e-02  
  5.992829722408e-07  ,-6.757255921604e-02  ,-2.329594689041e-02  
  5.998025571052e-07  ,-1.860843510603e-02  ,2.346042787110e-02  
  6.003224213663e-07  ,3.038697825297e-02  ,7.026871514796e-02  
  6.007151600961e-07  ,6.739658065564e-02  ,1.056397262702e-01  
  6.009484564010e-07  ,8.937668312042e-02  ,1.266517441162e-01  
  6.010098771248e-07  ,9.516271042284e-02  ,1.321835312908e-01  
  6.011149303112e-07  ,1.050582212105e-01  ,1.416447957894e-01  
  6.012480395902e-07  ,1.175948252293e-01  ,1.536322586853e-01  
  6.014752357323e-07  ,1.389879233555e-01  ,1.740907832374e-01  
  6.018577299137e-07  ,1.749875407580e-01  ,2.085245110180e-01  
  6.024820885677e-07  ,2.336943411712e-01  ,2.646944321700e-01  
  6.030827916283e-07  ,2.900922736947e-01  ,3.186722341999e-01  
  6.036507121343e-07  ,3.433176942142e-01  ,3.696262753174e-01  
  6.039268027116e-07  ,3.691544288449e-01  ,3.943642627022e-01  
  6.040149291102e-07  ,3.773955998784e-01  ,4.022554269276e-01  
  6.041717638318e-07  ,3.920548582705e-01  ,4.162926204363e-01  
  6.043319513146e-07  ,4.070176698348e-01  ,4.306211309449e-01  
  6.046523262803e-07  ,4.369119906534e-01  ,4.592499632267e-01  
  6.052284424249e-07  ,4.905562457180e-01  ,5.106283783441e-01  
  6.063806747142e-07  ,5.973451572675e-01  ,6.129187548804e-01  
  6.086851392929e-07  ,8.084361957810e-01  ,8.151054937187e-01  
  6.129289900009e-07  ,1.185298607566e+00  ,1.175655665479e+00  
  6.204361950103e-07  ,1.796448173889e+00  ,1.756764882686e+00  
  6.342778836433e-07  ,2.641436790770e+00  ,2.526668760706e+00  
  6.446505819503e-07  ,2.957734920688e+00  ,2.621042328263e+00  
  6.518694494907e-07  ,2.994827581705e+00  ,2.288422017769e+00  
  6.542152647916e-07  ,2.973733273197e+00  ,2.218687767896e+00  
  6.575702612344e-07  ,2.915556788871e+00  ,2.150198434308e+00  
  6.615198140088e-07  ,2.805671460606e+00  ,2.097045219845e+00  
  6.663299088422e-07  ,2.613799857757e+00  ,2.036393035910e+00  
  6.722173576299e-07  ,2.298428005869e+00  ,1.943172575220e+00  
  6.839922552053e-07  ,1.445900621796e+00  ,1.317369178646e+00  
  6.959414963666e-07  ,3.814694218289e-01  ,3.222154546165e-01  
  6.974619736020e-07  ,2.389499739779e-01  ,1.866042764901e-01  
  6.978420929108e-07  ,2.032222053467e-01  ,1.525650401505e-01  
  6.981813271586e-07  ,1.713126349429e-01  ,1.221503047304e-01  
  6.984194663409e-07  ,1.489005843128e-01  ,1.007807545743e-01  
  6.987078969423e-07  ,1.217444035193e-01  ,7.487978035659e-02  
  6.992847581450e-07  ,6.740428430964e-02  ,2.302628513503e-02  
  6.998318170253e-07  ,1.585079818092e-02  ,-2.619648075236e-02  
  7.003766407315e-07  ,-3.549672433029e-02  ,-7.524726961538e-02  
  7.007736169789e-07  ,-7.290450483683e-02  ,-1.109960818579e-01  
  7.010321521256e-07  ,-9.726099984284e-02  ,-1.342783614724e-01  
  7.011014308836e-07  ,-1.037867011069e-01  ,-1.405170089025e-01  
  7.011994060185e-07  ,-1.130146063272e-01  ,-1.493395279037e-01  
  7.013565434199e-07  ,-1.278125079105e-01  ,-1.634886248707e-01  
  7.015448335614e-07  ,-1.455399833775e-01  ,-1.804408495274e-01  
  7.018898885753e-07  ,-1.780131730245e-01  ,-2.114993243474e-01  
  7.025052134003e-07  ,-2.358671207591e-01  ,-2.668487495719e-01  
  7.030840303805e-07  ,-2.902084760059e-01  ,-3.188539022195e-01  
  7.036423582640e-07  ,-3.425355212526e-01  ,-3.689437283485e-01  
  7.039132334348e-07  ,-3.678852402078e-01  ,-3.932134376381e-01  
  7.040022445899e-07  ,-3.762095792514e-01  ,-4.011836010996e-01  
  7.041590560284e-07  ,-3.908674161909e-01  ,-4.152183342570e-01  
  7.043174972814e-07  ,-4.056679632069e-01  ,-4.293903708237e-01  
  7.046343797874e-07  ,-4.352385380066e-01  ,-4.577070442674e-01  
  7.052080744933e-07  ,-4.886623509096e-01  ,-5.088707196779e-01  
  7.063554639053e-07  ,-5.950164853832e-01  ,-6.107383189538e-01  
  7.086502427291e-07  ,-8.052684562606e-01  ,-8.121159631751e-01  
  7.128054315280e-07  ,-1.174592058800e+00  ,-1.165456308928e+00  
  7.203022057246e-07  ,-1.786318537971e+00  ,-1.747219504386e+00  
  7.339010054301e-07  ,-2.624412563104e+00  ,-2.512538915240e+00  
  7.442513519954e-07  ,-2.951208777020e+00  ,-2.635090955135e+00  
  7.514754349422e-07  ,-2.996777793463e+00  ,-2.301751872688e+00  
  7.539829278421e-07  ,-2.976545338648e+00  ,-2.224116720447e+00  
  7.575800681543e-07  ,-2.915338898235e+00  ,-2.149300994622e+00  
  7.614133918714e-07  ,-2.809206983254e+00  ,-2.094149204330e+00  
  7.659902835321e-07  ,-2.629361086235e+00  ,-2.040173169192e+00  
  7.735198402833e-07  ,-2.217634386111e+00  ,-1.911937710047e+00  
  7.885789537858e-07  ,-1.053460432490e+00  ,-9.559940623011e-01  
  7.903922388386e-07  ,-8.918231751326e-01  ,-8.048680583901e-01  
  7.940188089442e-07  ,-5.604025439077e-01  ,-4.923428210675e-01  
  7.949254514705e-07  ,-4.762416329538e-01  ,-4.125510277853e-01  
  7.967387365233e-07  ,-3.068293774462e-01  ,-2.515241360390e-01  
  7.980736943018e-07  ,-1.814392410357e-01  ,-1.320582419091e-01  
  7.987553292941e-07  ,-1.172775587252e-01  ,-7.085248094306e-02  
  7.990053428393e-07  ,-9.372897364164e-02  ,-4.837715280792e-02  
  7.993129586857e-07  ,-6.474709080390e-02  ,-2.070823047849e-02  
  7.997376883458e-07  ,-2.472201115528e-02  ,1.751706646250e-02  
  8.001495191883e-07  ,1.409179968739e-02  ,5.459945460370e-02  
  8.006689177882e-07  ,6.303937616741e-02  ,1.013817049757e-01  
  8.009290361833e-07  ,8.754716665162e-02  ,1.248123191366e-01  
  8.009968481082e-07  ,9.393536455428e-02  ,1.309204603325e-01  
  8.011240434889e-07  ,1.059165868331e-01  ,1.423772152937e-01  
  8.012485613171e-07  ,1.176439590253e-01  ,1.535921995353e-01  
  8.014975969736e-07  ,1.410931232406e-01  ,1.760196128636e-01  
  8.019307085369e-07  ,1.818534374539e-01  ,2.150122046932e-01  
  8.025074766073e-07  ,2.360797621127e-01  ,2.669017531384e-01  
  8.030965381358e-07  ,2.913817531035e-01  ,3.198358915223e-01  
  8.036500231419e-07  ,3.432531847394e-01  ,3.694979966874e-01  
  8.039199669901e-07  ,3.685150648960e-01  ,3.936874534966e-01  
  8.040073134061e-07  ,3.766835279307e-01  ,4.015095823809e-01  
  8.041604694035e-07  ,3.909994878192e-01  ,4.152190456831e-01  
  8.043208431508e-07  ,4.059804054045e-01  ,4.295659152115e-01  
  8.046415906455e-07  ,4.359109439577e-01  ,4.582314270504e-01  
  8.051847379711e-07  ,4.864921783171e-01  ,5.066791847200e-01  
  8.062710326221e-07  ,5.872150271576e-01  ,6.031638886266e-01  
  8.084436219241e-07  ,7.864927268946e-01  ,7.940496763138e-01  
  8.125921052005e-07  ,1.156065410626e+00  ,1.147694408778e+00  
  8.197394471671e-07  ,1.743430257561e+00  ,1.706650317673e+00  
  8.330715160873e-07  ,2.585650618231e+00  ,2.479853740898e+00  
  8.433846097495e-07  ,2.935443766759e+00  ,2.660487486823e+00  
  8.506541412380e-07  ,2.999366540612e+00  ,2.332603223606e+00  
  8.539446901586e-07  ,2.976992951203e+00  ,2.223803929915e+00  
  8.576833915021e-07  ,2.913026442405e+00  ,2.151192745336e+00  
  8.616225134637e-07  ,2.802229875946e+00  ,2.096588703249e+00  
  8.653332751300e-07  ,2.658613279115e+00  ,2.049420288060e+00  
  8.723427813556e-07  ,2.290813233872e+00  ,1.942096608760e+00  
  8.863617938068e-07  ,1.246403000784e+00  ,1.135231956713e+00  
  8.969147961643e-07  ,2.903185526755e-01  ,2.352376850683e-01  
  9.062280219104e-07  ,-5.832392416599e-01  ,-6.002888264046e-01  
  9.105545740630e-07  ,-9.766169991395e-01  ,-9.769115174324e-01  
  9.117846649196e-07  ,-1.085478854199e+00  ,-1.080978499505e+00  
  9.138685923126e-07  ,-1.266120844859e+00  ,-1.253456546788e+00  
  9.180364470985e-07  ,-1.610379646028e+00  ,-1.581053031038e+00  
  9.263721566703e-07  ,-2.210766316402e+00  ,-2.144238375798e+00  
  9.430435758140e-07  ,-2.928643439752e+00  ,-2.665967100530e+00  
  9.507206540611e-07  ,-2.999231177419e+00  ,-2.335780843698e+00  
  9.562892179992e-07  ,-2.941632513479e+00  ,-2.167708540022e+00  
  9.602573972251e-07  ,-2.845579868140e+00  ,-2.103544359769e+00  
  9.649087946918e-07  ,-2.676911050500e+00  ,-2.052706129374e+00  
  9.707180123832e-07  ,-2.386660858486e+00  ,-1.972178779010e+00  
  9.822306495216e-07  ,-1.589084171185e+00  ,-1.445984383182e+00  
  9.936330180671e-07  ,-5.960804289030e-01  ,-5.259738778855e-01  
  9.964098494556e-07  ,-3.376467796601e-01  ,-2.806363369490e-01  
  9.971040573027e-07  ,-2.725598036168e-01  ,-2.186961015828e-01  
  9.980495359804e-07  ,-1.837118887265e-01  ,-1.340491817187e-01  
  9.989922206905e-07  ,-9.496509528120e-02  ,-4.940096869589e-02  
  9.992811169531e-07  ,-6.774737148608e-02  ,-2.342239054679e-02  
  9.996662654039e-07  ,-3.145316840195e-02  ,1.123131369072e-02  
  1.000170297181e-06  ,1.605005463780e-02  ,5.660619314028e-02  
  1.000714748358e-06  ,6.735778507875e-02  ,1.056369794259e-01  
  1.000940174988e-06  ,8.859652172908e-02  ,1.259393354467e-01  
  1.001005064888e-06  ,9.470939493487e-02  ,1.317833327427e-01  
  1.001122388249e-06  ,1.057606812892e-01  ,1.423492250746e-01  
  1.001263017958e-06  ,1.190054051267e-01  ,1.550133731402e-01  
  1.001526023453e-06  ,1.437692345493e-01  ,1.786949576506e-01  
  1.001978087431e-06  ,1.863103783476e-01  ,2.193862914499e-01  
  1.002545821672e-06  ,2.396823199150e-01  ,2.704526850087e-01  
  1.003128922736e-06  ,2.944193476877e-01  ,3.228404857968e-01  
  1.003685667371e-06  ,3.465902962909e-01  ,3.727843471473e-01  
  1.003940942889e-06  ,3.704769447268e-01  ,3.956547149137e-01  
  1.004025623394e-06  ,3.783954840316e-01  ,4.032367683894e-01  
  1.004171119263e-06  ,3.919946300417e-01  ,4.162584981995e-01  
  1.004336592002e-06  ,4.074509958959e-01  ,4.310592554864e-01  
  1.004667537479e-06  ,4.383302771845e-01  ,4.606306703087e-01  
  1.005256785272e-06  ,4.931913468552e-01  ,5.131733626142e-01  
  1.006435280858e-06  ,6.023877305291e-01  ,6.177673177552e-01  
  1.008792272029e-06  ,8.181550952804e-01  ,8.244270921098e-01  
  1.013138940750e-06  ,1.203450149312e+00  ,1.193006314995e+00  
  1.020805588184e-06  ,1.824209039018e+00  ,1.782966703096e+00  
  1.034936359344e-06  ,2.670291201210e+00  ,2.550218945381e+00  
  1.045265844284e-06  ,2.966881139546e+00  ,2.596507755379e+00  
  1.052747717319e-06  ,2.988829685236e+00  ,2.259492324121e+00  
  1.054664751707e-06  ,2.967843358690e+00  ,2.207850371057e+00  
  1.058498820482e-06  ,2.893701587354e+00  ,2.139049941240e+00  
  1.062062805710e-06  ,2.787144990277e+00  ,2.089595032594e+00  
  1.066020554123e-06  ,2.627986248293e+00  ,2.040577537023e+00  
  1.073936050950e-06  ,2.191027269890e+00  ,1.901638651440e+00  
  1.089767044602e-06  ,9.479069190771e-01  ,8.572083601121e-01  
  1.091731017647e-06  ,7.705972732655e-01  ,6.907152266551e-01  
  1.095658963738e-06  ,4.078659723777e-01  ,3.474796177661e-01  
  1.096640950261e-06  ,3.159957240041e-01  ,2.601326285497e-01  
  1.098047619877e-06  ,1.838921379310e-01  ,1.343009805639e-01  
  1.098674120573e-06  ,1.249250598217e-01  ,7.806073774107e-02  
  1.098918080522e-06  ,1.019488758701e-01  ,5.613631236665e-02  
  1.099208420334e-06  ,7.459693650887e-02  ,3.002908574522e-02  
  1.099632870598e-06  ,3.460036385000e-02  ,-8.160908440080e-03  
  1.100075481651e-06  ,-7.113971373780e-03  ,-4.800709520679e-02  
  1.100621329812e-06  ,-5.855523662969e-02  ,-9.716541895365e-02  
  1.100869201316e-06  ,-8.191011363104e-02  ,-1.194908301823e-01  
  1.100943648914e-06  ,-8.892378823818e-02  ,-1.261961509250e-01  
  1.101061903598e-06  ,-1.000634931391e-01  ,-1.368468470724e-01  
  1.101187701995e-06  ,-1.119123034364e-01  ,-1.481764983975e-01  
  1.101439298788e-06  ,-1.356044951646e-01  ,-1.708335454263e-01  
  1.101942492375e-06  ,-1.829619832201e-01  ,-2.161329153878e-01  
  1.102550273487e-06  ,-2.401005500247e-01  ,-2.708059575417e-01  
  1.103175004670e-06  ,-2.987411918148e-01  ,-3.269335180961e-01  
  1.103699618677e-06  ,-3.478963380461e-01  ,-3.739933671505e-01  
  1.103984649951e-06  ,-3.745643566849e-01  ,-3.995282413667e-01  
  1.104065290844e-06  ,-3.821039002009e-01  ,-4.067478294377e-01  
  1.104212067282e-06  ,-3.958204774479e-01  ,-4.198827544840e-01  
  1.104372766992e-06  ,-4.108285527353e-01  ,-4.342550241898e-01  
  1.104668089380e-06  ,-4.383817344208e-01  ,-4.606424627868e-01  
  1.105231073877e-06  ,-4.908009144051e-01  ,-5.108483756068e-01  
  1.106357042870e-06  ,-5.951623421212e-01  ,-6.108144147591e-01  
  1.108608980855e-06  ,-8.015216565120e-01  ,-8.084728480511e-01  
  1.112865497550e-06  ,-1.179799100853e+00  ,-1.170394048293e+00  
  1.120274354896e-06  ,-1.784209026480e+00  ,-1.745202289765e+00  
  1.134001304587e-06  ,-2.628979271687e+00  ,-2.516347190014e+00  
  1.144312908133e-06  ,-2.952245322679e+00  ,-2.633057786617e+00  
  1.151539971313e-06  ,-2.996489802478e+00  ,-2.299505934494e+00  
  1.154020642122e-06  ,-2.976099645552e+00  ,-2.223209056454e+00  
  1.157584999880e-06  ,-2.915229220336e+00  ,-2.149324773271e+00  
  1.161431734642e-06  ,-2.808599844135e+00  ,-2.093987942240e+00  
  1.165989999851e-06  ,-2.629373959285e+00  ,-2.040185046757e+00  
  1.173564260086e-06  ,-2.214812753057e+00  ,-1.910709801111e+00  
  1.188712780556e-06  ,-1.041641495115e+00  ,-9.449585579886e-01  
  1.190537986537e-06  ,-8.786984690561e-01  ,-7.925252094793e-01  
  1.194188398501e-06  ,-5.446925690105e-01  ,-4.774363931843e-01  
  1.195101001492e-06  ,-4.598990787578e-01  ,-3.970195954329e-01  
  1.196705297759e-06  ,-3.099642102959e-01  ,-2.544901535449e-01  
  1.198037461570e-06  ,-1.848477261687e-01  ,-1.352910779729e-01  
  1.198695813498e-06  ,-1.228822944201e-01  ,-7.618445661594e-02  
  1.198934511473e-06  ,-1.004011760871e-01  ,-5.472981927342e-02  
  1.199224618455e-06  ,-7.307076200997e-02  ,-2.864013503108e-02  
  1.199645343428e-06  ,-3.342490281160e-02  ,9.219060775735e-03  
  1.200079945108e-06  ,7.534640990868e-03  ,4.834800086002e-02  
  1.200633802643e-06  ,5.973054476181e-02  ,9.823188442941e-02  
  1.200881487882e-06  ,8.306765738035e-02  ,1.205422348304e-01  
  1.200953781797e-06  ,8.987836578950e-02  ,1.270540536246e-01  
  1.201088614022e-06  ,1.025794551018e-01  ,1.391986484179e-01  
  1.201210803544e-06  ,1.140880280595e-01  ,1.502039572517e-01  
  1.201455182588e-06  ,1.370999609555e-01  ,1.722122991089e-01  
  1.201943940675e-06  ,1.830982279775e-01  ,2.162147268728e-01  
  1.202535982436e-06  ,2.387579465948e-01  ,2.694758468927e-01  
  1.203142645961e-06  ,2.957064600871e-01  ,3.239863023829e-01  
  1.203716526931e-06  ,3.494791029411e-01  ,3.754691631469e-01  
  1.203969986370e-06  ,3.731931212486e-01  ,3.981766562665e-01  
  1.204053607496e-06  ,3.810117129387e-01  ,4.056637797559e-01  
  1.204197054455e-06  ,3.944178776145e-01  ,4.185020139321e-01  
  1.204366275767e-06  ,4.102225242776e-01  ,4.336377687392e-01  
  1.204681575025e-06  ,4.396390439661e-01  ,4.618110036313e-01  
  1.205292708898e-06  ,4.965306887388e-01  ,5.163032242382e-01  
  1.206514976645e-06  ,6.097440068818e-01  ,6.247532553209e-01  
  1.208959512139e-06  ,8.333082659834e-01  ,8.388893853784e-01  
  1.213397077942e-06  ,1.225695866105e+00  ,1.214220565058e+00  
  1.221312574768e-06  ,1.861909688677e+00  ,1.818482294745e+00  
  1.235826305771e-06  ,2.707470645732e+00  ,2.579647970483e+00  
  1.246145359898e-06  ,2.978030109921e+00  ,2.558474129664e+00  
  1.254129402066e-06  ,2.974790967600e+00  ,2.218384294349e+00  
  1.256517313147e-06  ,2.937337104114e+00  ,2.165885603466e+00  
  1.260218016529e-06  ,2.846753126169e+00  ,2.108872249236e+00  
  1.264222703600e-06  ,2.705477975687e+00  ,2.059303872136e+00  
  1.269745073939e-06  ,2.441095252167e+00  ,1.987890615462e+00  
  1.280789814616e-06  ,1.702597310247e+00  ,1.547392031599e+00  
  1.292031250620e-06  ,7.432165328909e-01  ,6.652339628420e-01  
  1.294841609621e-06  ,4.840416779830e-01  ,4.199796092046e-01  
  1.295544199372e-06  ,4.185791553603e-01  ,3.578329880204e-01  
  1.296802416170e-06  ,3.008585747750e-01  ,2.458693502165e-01  
  1.297976255143e-06  ,1.906049900286e-01  ,1.408189422750e-01  
  1.298547714675e-06  ,1.368271851145e-01  ,8.952450737925e-02  
  1.298742337810e-06  ,1.185010315170e-01  ,7.203718846581e-02  
  1.298969068291e-06  ,9.714603871114e-02  ,5.165513926348e-02  
  1.299422529252e-06  ,5.442235036479e-02  ,1.086409240986e-02  
  1.299914640101e-06  ,8.044971336826e-03  ,-3.343516149169e-02  
  1.300381512107e-06  ,-3.595580813131e-02  ,-7.548170442433e-02  
  1.300742818700e-06  ,-7.000265900743e-02  ,-1.080272084643e-01  
  1.300986452686e-06  ,-9.295609446893e-02  ,-1.299734150398e-01  
  1.301050865283e-06  ,-9.902372936629e-02  ,-1.357754246926e-01  
  1.301150388742e-06  ,-1.083979838932e-01  ,-1.447398068622e-01  
  1.301300215261e-06  ,-1.225083268920e-01  ,-1.582343391257e-01  
  1.301495536888e-06  ,-1.408991793079e-01  ,-1.758245554759e-01  
  1.301869602600e-06  ,-1.761045977338e-01  ,-2.095032931252e-01  
  1.302482319722e-06  ,-2.337160607411e-01  ,-2.646319762939e-01  
  1.303072685102e-06  ,-2.891442050892e-01  ,-3.176872843447e-01  
  1.303632968763e-06  ,-3.416563540196e-01  ,-3.679632856568e-01  
  1.303911061684e-06  ,-3.676821014426e-01  ,-3.928844739482e-01  
  1.304001260275e-06  ,-3.761175419196e-01  ,-4.009623670583e-01  
  1.304161377909e-06  ,-3.910843818991e-01  ,-4.152953417243e-01  
  1.304318631725e-06  ,-4.057738997558e-01  ,-4.293633487637e-01  
  1.304633139359e-06  ,-4.351228669235e-01  ,-4.574722207043e-01  
  1.305226578103e-06  ,-4.903829017040e-01  ,-5.104023455443e-01  
  1.306413455592e-06  ,-6.003725006787e-01  ,-6.157663047337e-01  
  1.308787210571e-06  ,-8.176961360751e-01  ,-8.239366813597e-01  
  1.313031806337e-06  ,-1.194194208225e+00  ,-1.184130069468e+00  
  1.320701434003e-06  ,-1.816406286978e+00  ,-1.775590040929e+00  
  1.334641470300e-06  ,-2.657509715054e+00  ,-2.539829905010e+00  
  1.345009698259e-06  ,-2.963207871510e+00  ,-2.606890888486e+00  
  1.352369381772e-06  ,-2.991692687375e+00  ,-2.271637704823e+00  
  1.354491307126e-06  ,-2.970186300524e+00  ,-2.211992217561e+00  
  1.357867910253e-06  ,-2.908820437288e+00  ,-2.145567484440e+00  
  1.361671431648e-06  ,-2.800580309052e+00  ,-2.095119695361e+00  
  1.366667790996e-06  ,-2.598023226965e+00  ,-2.032075548879e+00  
  1.372830911266e-06  ,-2.260840232364e+00  ,-1.929078968670e+00  
  1.385157151805e-06  ,-1.348758070483e+00  ,-1.228956270978e+00  
  1.386719352292e-06  ,-1.215672046979e+00  ,-1.106760479637e+00  
  1.389843753265e-06  ,-9.410449289894e-01  ,-8.513236679225e-01  
  1.396092555212e-06  ,-3.673437846180e-01  ,-3.090775848911e-01  
  1.397059081780e-06  ,-2.767808426839e-01  ,-2.228868364832e-01  
  1.398319347488e-06  ,-1.583241819639e-01  ,-1.099874075718e-01  
  1.399716703879e-06  ,-2.669967791818e-02  ,1.565091739189e-02  
  1.400145997019e-06  ,1.375984667091e-02  ,5.430374276490e-02  
  1.400782928528e-06  ,7.378183538206e-02  ,1.116717864496e-01  
  1.401108844863e-06  ,1.044850311260e-01  ,1.410280314888e-01  
  1.401200649986e-06  ,1.131317642009e-01  ,1.492966307487e-01  
  1.401302396977e-06  ,1.227137769998e-01  ,1.584602094295e-01  
  1.401480163174e-06  ,1.394518234433e-01  ,1.744688024881e-01  
  1.401669710601e-06  ,1.572943588744e-01  ,1.915357438723e-01  
  1.402048805455e-06  ,1.929620644434e-01  ,2.256588746091e-01  
  1.402550602058e-06  ,2.401314177249e-01  ,2.707966496532e-01  
  1.403078941355e-06  ,2.897310923363e-01  ,3.182720725310e-01  
  1.403591355035e-06  ,3.377595787000e-01  ,3.642535238636e-01  
  1.403851706261e-06  ,3.621295225490e-01  ,3.875880683526e-01  
  1.403948214563e-06  ,3.711570282295e-01  ,3.962325212067e-01  
  1.404111824656e-06  ,3.864534795337e-01  ,4.108804950848e-01  
  1.404259462567e-06  ,4.002478863776e-01  ,4.240906860311e-01  
  1.404554738389e-06  ,4.278105722679e-01  ,4.504875746887e-01  
  1.405145290034e-06  ,4.828231357500e-01  ,5.031784906182e-01  
  1.406326393323e-06  ,5.923308307274e-01  ,6.080776969613e-01  
  1.408605525928e-06  ,8.012078693604e-01  ,8.081535534983e-01  
  1.412697384791e-06  ,1.165215117491e+00  ,1.156445283078e+00  
  1.420062283712e-06  ,1.768101390073e+00  ,1.729980128873e+00  
  1.433571676450e-06  ,2.609234928722e+00  ,2.499817922478e+00  
  1.443913082318e-06  ,2.945315777972e+00  ,2.646087868968e+00  
  1.451152066426e-06  ,2.998035289182e+00  ,2.313536934910e+00  
  1.453913251596e-06  ,2.977357754820e+00  ,2.225528878853e+00  
  1.457784573274e-06  ,2.910732171100e+00  ,2.149794555586e+00  
  1.461560527520e-06  ,2.804310593050e+00  ,2.097488136494e+00  
  1.465467611985e-06  ,2.652723872613e+00  ,2.047739080569e+00  
  1.472188780742e-06  ,2.300157989228e+00  ,1.945295853431e+00  
  1.485631118255e-06  ,1.308708874254e+00  ,1.192539328270e+00  
  1.495830963092e-06  ,3.918000544319e-01  ,3.319203239442e-01  
  1.497297423618e-06  ,2.544059108763e-01  ,2.012076246926e-01  
  1.498781393008e-06  ,1.148229502150e-01  ,6.816314831442e-02  
  1.499165656703e-06  ,7.862599913734e-02  ,3.362917779004e-02  
  1.499674903886e-06  ,3.063905420338e-02  ,-1.217546961856e-02  
  1.500316585140e-06  ,-2.983695461650e-02  ,-6.993286568241e-02  
  1.500757612946e-06  ,-7.139659652610e-02  ,-1.096431894317e-01  
  1.501018569531e-06  ,-9.598153457058e-02  ,-1.331407692025e-01  
  1.501088674838e-06  ,-1.025851834630e-01  ,-1.394531397153e-01  
  1.501188873505e-06  ,-1.120226387882e-01  ,-1.484748902732e-01  
  1.501338141231e-06  ,-1.260796959447e-01  ,-1.619139709865e-01  
  1.501540750457e-06  ,-1.451556117707e-01  ,-1.801535203208e-01  
  1.501888413174e-06  ,-1.778743645608e-01  ,-2.114434958175e-01  
  1.502506531967e-06  ,-2.359910078340e-01  ,-2.670387591387e-01  
  1.503087956650e-06  ,-2.905767805237e-01  ,-3.192731602096e-01  
  1.503648240311e-06  ,-3.430862598410e-01  ,-3.695335233142e-01  
  1.503918184159e-06  ,-3.683483089999e-01  ,-3.937174378613e-01  
  1.504006543389e-06  ,-3.766115297274e-01  ,-4.016284873091e-01  
  1.504162376938e-06  ,-3.911777345600e-01  ,-4.155744461435e-01  
  1.504321376985e-06  ,-4.060302552004e-01  ,-4.297952122585e-01  
  1.504639377078e-06  ,-4.357045331843e-01  ,-4.582091891179e-01  
  1.505205900600e-06  ,-4.884602014714e-01  ,-5.087295902204e-01  
  1.506338947644e-06  ,-5.934907090298e-01  ,-6.093232264801e-01  
  1.508605041733e-06  ,-8.011638925595e-01  ,-8.082184153116e-01  
  1.512763210764e-06  ,-1.170929493653e+00  ,-1.161979131585e+00  
  1.520167597761e-06  ,-1.776110258753e+00  ,-1.737588329655e+00  
  1.533752986422e-06  ,-2.617625538804e+00  ,-2.506883735376e+00  
  1.544104823103e-06  ,-2.948696974680e+00  ,-2.640115164073e+00  
  1.551328906050e-06  ,-2.997385934408e+00  ,-2.307101959658e+00  
  1.553923943272e-06  ,-2.977234017722e+00  ,-2.225555762630e+00  
  1.557873496046e-06  ,-2.908691587155e+00  ,-2.148420944305e+00  
  1.561553710332e-06  ,-2.804538780492e+00  ,-2.097602847116e+00  
  1.565561377635e-06  ,-2.648585126735e+00  ,-2.046559702402e+00  
  1.572251253953e-06  ,-2.296373593600e+00  ,-1.943027592626e+00  
  1.585631006589e-06  ,-1.308718344289e+00  ,-1.192531529173e+00  
  1.595777207246e-06  ,-3.968224697039e-01  ,-3.367006859948e-01  
  1.597245157888e-06  ,-2.593137506420e-01  ,-2.058875219425e-01  
  1.598764331272e-06  ,-1.164297861660e-01  ,-6.970199090471e-02  
  1.599184683716e-06  ,-7.683334743185e-02  ,-3.192441260999e-02  
  1.599753535544e-06  ,-2.322849557991e-02  ,1.924548032464e-02  
  1.600391584640e-06  ,3.690505200408e-02  ,7.668010601300e-02  
  1.600813427201e-06  ,7.665536376899e-02  ,1.146638215723e-01  
  1.601097806549e-06  ,1.034453193900e-01  ,1.402703322190e-01  
  1.601174477680e-06  ,1.106667990163e-01  ,1.471737328168e-01  
  1.601268483052e-06  ,1.195200709293e-01  ,1.556375770308e-01  
  1.601437261986e-06  ,1.354127269852e-01  ,1.708325840303e-01  
  1.601608322660e-06  ,1.515163508357e-01  ,1.862310968049e-01  
  1.601948022569e-06  ,1.834822187010e-01  ,2.168024337929e-01  
  1.602506629849e-06  ,2.360002044075e-01  ,2.670429853800e-01  
  1.603054899449e-06  ,2.874757055527e-01  ,3.163008526002e-01  
  1.603583052481e-06  ,3.369820450708e-01  ,3.636859049200e-01  
  1.603856907884e-06  ,3.626161743881e-01  ,3.882255396845e-01  
  1.603957607137e-06  ,3.720354403845e-01  ,3.972432266048e-01  
  1.604102823609e-06  ,3.856122034958e-01  ,4.102416905234e-01  
  1.604258843424e-06  ,4.001900550927e-01  ,4.241992583138e-01  
  1.604570883052e-06  ,4.293165649228e-01  ,4.520883243553e-01  
  1.605194962310e-06  ,4.874430197441e-01  ,5.077516459468e-01  
  1.606443120824e-06  ,6.031115625971e-01  ,6.185347647976e-01  
  1.608742742525e-06  ,8.136630082205e-01  ,8.201838881482e-01  
  1.613020120846e-06  ,1.193183813216e+00  ,1.183238046285e+00  
  1.620577989804e-06  ,1.807133238311e+00  ,1.766877650224e+00  
  1.634611903416e-06  ,2.656215587579e+00  ,2.538822178131e+00  
  1.645000993000e-06  ,2.963079660744e+00  ,2.607676116370e+00  
  1.652333854424e-06  ,2.991939834426e+00  ,2.273117048760e+00  
  1.654471798526e-06  ,2.970444312508e+00  ,2.212667591816e+00  
  1.657826794969e-06  ,2.909766106455e+00  ,2.146329687221e+00  
  1.661657883512e-06  ,2.801037827289e+00  ,2.095333569628e+00  
  1.666608049260e-06  ,2.600834084691e+00  ,2.032846900535e+00  
  1.672736896859e-06  ,2.266654625987e+00  ,1.931354985829e+00  
  1.684994592058e-06  ,1.362425613618e+00  ,1.241447770143e+00  
  1.697401298868e-06  ,2.446498272610e-01  ,1.919262285173e-01  
  1.698799400317e-06  ,1.131270266651e-01  ,6.658174809008e-02  
  1.700508377241e-06  ,-4.791138925195e-02  ,-8.717770140204e-02  
  1.701292271452e-06  ,-1.217602612324e-01  ,-1.577635759292e-01  
  1.701457930455e-06  ,-1.373586702517e-01  ,-1.726779254237e-01  
  1.701659026282e-06  ,-1.562887617712e-01  ,-1.907802161853e-01  
  1.701844988117e-06  ,-1.737886853494e-01  ,-2.075169456312e-01  
  1.702216911787e-06  ,-2.087701407945e-01  ,-2.409785173822e-01  
  1.702684808249e-06  ,-2.527372964318e-01  ,-2.830453694973e-01  
  1.703162111068e-06  ,-2.975320140513e-01  ,-3.259141272528e-01  
  1.703666142846e-06  ,-3.447624096323e-01  ,-3.711236017738e-01  
  1.703921418363e-06  ,-3.686508172619e-01  ,-3.939931384510e-01  
  1.704003956826e-06  ,-3.763696792875e-01  ,-4.013832016211e-01  
  1.704150593566e-06  ,-3.900766325187e-01  ,-4.145067651562e-01  
  1.704295740189e-06  ,-4.036361448448e-01  ,-4.274897373092e-01  
  1.704586033436e-06  ,-4.307297095610e-01  ,-4.534328972513e-01  
  1.705030693399e-06  ,-4.721603462033e-01  ,-4.931079000148e-01  
  1.705920013325e-06  ,-5.547371389867e-01  ,-5.721947336011e-01  
  1.707698653178e-06  ,-7.185276483705e-01  ,-7.290727708968e-01  
  1.711255932884e-06  ,-1.038875753359e+00  ,-1.035729503210e+00  
  1.717372114496e-06  ,-1.557206263235e+00  ,-1.530212625162e+00  
  1.728711898165e-06  ,-2.353725930701e+00  ,-2.274930416923e+00  
  1.741395766573e-06  ,-2.891064517784e+00  ,-2.685407529847e+00  
  1.749141390162e-06  ,-2.998908669249e+00  ,-2.408974616588e+00  
  1.757490510779e-06  ,-2.917318410639e+00  ,-2.133210256617e+00  
  1.761796201305e-06  ,-2.796343018755e+00  ,-2.074101898134e+00  
  1.766444618540e-06  ,-2.608476683825e+00  ,-2.024218485071e+00  
  1.772140587406e-06  ,-2.303071309816e+00  ,-1.942597327728e+00  
  1.783532525139e-06  ,-1.483712507542e+00  ,-1.351433548018e+00  
  1.795320833759e-06  ,-4.394144711546e-01  ,-3.772961582160e-01  
  1.796837213175e-06  ,-2.975953885336e-01  ,-2.424585840021e-01  
  1.799086170929e-06  ,-8.611453060102e-02  ,-4.087475166802e-02  
  1.800109694438e-06  ,1.033843675877e-02  ,5.122034870224e-02  
  1.800678266870e-06  ,6.392030907023e-02  ,1.024181798417e-01  
  1.801022157731e-06  ,9.631954068072e-02  ,1.333870810877e-01  
  1.801113683457e-06  ,1.049407799252e-01  ,1.416290215122e-01  
  1.801229842665e-06  ,1.158811043555e-01  ,1.520887939162e-01  
  1.801404023269e-06  ,1.322831713911e-01  ,1.677719945790e-01  
  1.801649333635e-06  ,1.553764846074e-01  ,1.898562980360e-01  
  1.802090408007e-06  ,1.968747274827e-01  ,2.295500165310e-01  
  1.802628619323e-06  ,2.474600499941e-01  ,2.779493878415e-01  
  1.803215631941e-06  ,3.025509454054e-01  ,3.306745712469e-01  
  1.803653027589e-06  ,3.435344860284e-01  ,3.699068065354e-01  
  1.803902901435e-06  ,3.669188021953e-01  ,3.922946984345e-01  
  1.803983623819e-06  ,3.744684026597e-01  ,3.995230006547e-01  
  1.804124556208e-06  ,3.876433717005e-01  ,4.121377086232e-01  
  1.804279062623e-06  ,4.020785578727e-01  ,4.259596557976e-01  
  1.804588075453e-06  ,4.309201703330e-01  ,4.535777925948e-01  
  1.805004842306e-06  ,4.697541474827e-01  ,4.907676230773e-01  
  1.805838376010e-06  ,5.471738723874e-01  ,5.649178321063e-01  
  1.807505443418e-06  ,7.008349363598e-01  ,7.120993913244e-01  
  1.810839578236e-06  ,1.001975367198e+00  ,1.000408628188e+00  
  1.816718086326e-06  ,1.504194963630e+00  ,1.479740807246e+00  
  1.827464803779e-06  ,2.279062175961e+00  ,2.206865652437e+00  
  1.841509148205e-06  ,2.893899646675e+00  ,2.687092950121e+00  
  1.849385902012e-06  ,2.999441718954e+00  ,2.403966384954e+00  
  1.857954069698e-06  ,2.906822993990e+00  ,2.125545108866e+00  
  1.862393870676e-06  ,2.775450958010e+00  ,2.066232466288e+00  
  1.867027386749e-06  ,2.580911218110e+00  ,2.016535190364e+00  
  1.873057886684e-06  ,2.246721576259e+00  ,1.921887103520e+00  
  1.885118886555e-06  ,1.351978478510e+00  ,1.231816061416e+00  
  1.886684998596e-06  ,1.218631354599e+00  ,1.109430838493e+00  
  1.889817222679e-06  ,9.434188485632e-01  ,8.535141898941e-01  
  1.896081670845e-06  ,3.683618711243e-01  ,3.100333641145e-01  
  1.897053971613e-06  ,2.772604068517e-01  ,2.233327530187e-01  
  1.898329324747e-06  ,1.573851501286e-01  ,1.090827566375e-01  
  1.899766541744e-06  ,2.200272502882e-02  ,-2.014488089935e-02  
  1.900210456649e-06  ,-1.983492734400e-02  ,-6.011582269535e-02  
  1.900724453578e-06  ,-6.827224672759e-02  ,-1.064110856388e-01  
  1.901010695571e-06  ,-9.523980831783e-02  ,-1.321938801054e-01  
  1.901088635629e-06  ,-1.025814902929e-01  ,-1.392139263838e-01  
  1.901196599199e-06  ,-1.127502571120e-01  ,-1.489378315250e-01  
  1.901359091705e-06  ,-1.280524596201e-01  ,-1.635719360082e-01  
  1.901578790700e-06  ,-1.487365165351e-01  ,-1.833553911334e-01  
  1.901951226598e-06  ,-1.837836250810e-01  ,-2.168826667920e-01  
  1.902502569562e-06  ,-2.356187153665e-01  ,-2.664829509659e-01  
  1.903059407329e-06  ,-2.878986052896e-01  ,-3.165227031127e-01  
  1.903589236742e-06  ,-3.375612028762e-01  ,-3.640681158605e-01  
  1.903861834859e-06  ,-3.630771219549e-01  ,-3.884998349970e-01  
  1.903960205806e-06  ,-3.722784673717e-01  ,-3.973107305846e-01  
  1.904107843718e-06  ,-3.860814079307e-01  ,-4.105284498743e-01  
  1.904263956664e-06  ,-4.006676544989e-01  ,-4.244968676919e-01  
  1.904576182557e-06  ,-4.298108847439e-01  ,-4.524073875582e-01  
  1.905200634344e-06  ,-4.879704849716e-01  ,-5.081126556496e-01  
  1.906449537916e-06  ,-6.037039992391e-01  ,-6.189759699430e-01  
  1.908789020224e-06  ,-8.178602328127e-01  ,-8.241032817906e-01  
  1.913065653486e-06  ,-1.197119919554e+00  ,-1.186930776765e+00  
  1.920696538134e-06  ,-1.816039031733e+00  ,-1.775244346394e+00  
  1.934785586042e-06  ,-2.663784741629e+00  ,-2.544954152117e+00  
  1.945174675627e-06  ,-2.965595742262e+00  ,-2.600556606643e+00  
  1.952590238495e-06  ,-2.990072706883e+00  ,-2.264806626292e+00  
  1.954596679850e-06  ,-2.968773403053e+00  ,-2.209687568527e+00  
  1.958077963633e-06  ,-2.903913421062e+00  ,-2.142302029484e+00  
  1.961728003068e-06  ,-2.798664420587e+00  ,-2.094371249377e+00  
  1.966937449021e-06  ,-2.585222040517e+00  ,-2.028587844042e+00  
  1.973228719277e-06  ,-2.236019812628e+00  ,-1.918934653499e+00  
  1.985811259789e-06  ,-1.293410702367e+00  ,-1.178188002303e+00  
  1.995589401765e-06  ,-4.143601815572e-01  ,-3.532982674741e-01  
  1.997001286788e-06  ,-2.822042010526e-01  ,-2.276225353867e-01  
  1.999074038310e-06  ,-8.725752549014e-02  ,-4.182332174154e-02  
  2.000295374734e-06  ,2.783801334320e-02  ,6.806137841546e-02  
  2.000922434224e-06  ,8.692520975351e-02  ,1.245195969769e-01  
  2.001474056585e-06  ,1.388769105564e-01  ,1.741828097626e-01  
  2.001587968977e-06  ,1.496004787726e-01  ,1.844363579983e-01  
  2.001701601973e-06  ,1.602958361796e-01  ,1.946637189927e-01  
  2.001928867964e-06  ,1.816802862524e-01  ,2.151147141298e-01  
  2.002259580610e-06  ,2.127816445794e-01  ,2.448635803503e-01  
  2.002698373241e-06  ,2.540111989314e-01  ,2.843088959094e-01  
  2.003144942416e-06  ,2.959218411301e-01  ,3.244148665763e-01  
  2.003705319209e-06  ,3.484299702037e-01  ,3.746732577667e-01  
  2.003928138135e-06  ,3.692793327091e-01  ,3.946323505760e-01  
  2.004012131790e-06  ,3.771340515930e-01  ,4.021520715424e-01  
  2.004146801034e-06  ,3.897222264665e-01  ,4.142038039013e-01  
  2.004308827879e-06  ,4.048583808516e-01  ,4.286956033482e-01  
  2.004632881569e-06  ,4.350988276817e-01  ,4.576507223200e-01  
  2.005095236661e-06  ,4.781666176478e-01  ,4.988919326164e-01  
  2.006019946845e-06  ,5.639904801275e-01  ,5.810857373022e-01  
  2.007869367214e-06  ,7.341383615505e-01  ,7.440457217214e-01  
  2.011568207951e-06  ,1.066435545452e+00  ,1.062101805633e+00  
  2.017941434594e-06  ,1.602817264114e+00  ,1.573465545088e+00  
  2.029766996117e-06  ,2.414078252409e+00  ,2.329327257401e+00  
  2.041586597176e-06  ,2.895815168339e+00  ,2.684389703385e+00  
  2.049199600430e-06  ,2.999051621250e+00  ,2.402248278232e+00  
  2.057226855965e-06  ,2.923011922759e+00  ,2.139515805449e+00  
  2.061847706052e-06  ,2.794581338895e+00  ,2.074166402237e+00  
  2.066233862849e-06  ,2.618230824304e+00  ,2.026910281777e+00  
  2.072122056695e-06  ,2.304190099313e+00  ,1.943124071736e+00  
  2.083898444386e-06  ,1.453641126348e+00  ,1.325994647362e+00  
  2.095569033833e-06  ,4.162613301956e-01  ,3.555066198856e-01  
  2.095898582326e-06  ,3.854807959832e-01  ,3.262644149163e-01  
  2.096557679312e-06  ,3.237990777784e-01  ,2.676023691025e-01  
  2.097328069346e-06  ,2.515279057181e-01  ,1.987953693538e-01  
  2.097733287798e-06  ,2.134520831112e-01  ,1.625151591192e-01  
  2.098109448986e-06  ,1.780754963406e-01  ,1.287900200280e-01  
  2.098302675137e-06  ,1.598933024463e-01  ,1.114506549026e-01  
  2.098560372094e-06  ,1.356354821145e-01  ,8.831129408337e-02  
  2.098998838762e-06  ,9.434166728753e-02  ,4.890634465026e-02  
  2.099549343536e-06  ,4.247195222734e-02  ,-6.159673243957e-04  
  2.100183760474e-06  ,-1.731892040746e-02  ,-5.773249264972e-02  
  2.100773567060e-06  ,-7.289980148153e-02  ,-1.108545817688e-01  
  2.100984954001e-06  ,-9.281491452133e-02  ,-1.298945179620e-01  
  2.101050216431e-06  ,-9.896260976700e-02  ,-1.357726379968e-01  
  2.101163232425e-06  ,-1.096076732288e-01  ,-1.459515552979e-01  
  2.101312197471e-06  ,-1.236366728775e-01  ,-1.593674328241e-01  
  2.101551314542e-06  ,-1.461500791772e-01  ,-1.808996793070e-01  
  2.101982982555e-06  ,-1.867708402207e-01  ,-2.197582748183e-01  
  2.102535349974e-06  ,-2.386985275642e-01  ,-2.694472172754e-01  
  2.103105319390e-06  ,-2.922054427430e-01  ,-3.206615584744e-01  
  2.103649025509e-06  ,-3.431597773857e-01  ,-3.694439262332e-01  
  2.103910820285e-06  ,-3.676595216517e-01  ,-3.929027486382e-01  
  2.103998120135e-06  ,-3.758239239696e-01  ,-4.007207017694e-01  
  2.104149087524e-06  ,-3.899358959810e-01  ,-4.142343266211e-01  
  2.104309088742e-06  ,-4.048827417290e-01  ,-4.285480514728e-01  
  2.104629091179e-06  ,-4.347453658965e-01  ,-4.571475226638e-01  
  2.105156592285e-06  ,-4.838744313062e-01  ,-5.042027552832e-01  
  2.106211594498e-06  ,-5.817204578364e-01  ,-5.979287366655e-01  
  2.108321598923e-06  ,-7.753888245010e-01  ,-7.834390301018e-01  
  2.112389615929e-06  ,-1.138431875411e+00  ,-1.130858905273e+00  
  2.119358889019e-06  ,-1.714117943630e+00  ,-1.678929307049e+00  
  2.132388464367e-06  ,-2.552412303796e+00  ,-2.451345590225e+00  
  2.142606190598e-06  ,-2.919429898466e+00  ,-2.674930182773e+00  
  2.149942032253e-06  ,-2.999995025336e+00  ,-2.361812528445e+00  
  2.154214940226e-06  ,-2.973737312087e+00  ,-2.214799673172e+00  
  2.157698459184e-06  ,-2.912686651180e+00  ,-2.144049242485e+00  
  2.161795533454e-06  ,-2.796365814022e+00  ,-2.092334389217e+00  
  2.166437245166e-06  ,-2.608819869263e+00  ,-2.035103108420e+00  
  2.171969301259e-06  ,-2.313382904316e+00  ,-1.948305143847e+00  
  2.183033413446e-06  ,-1.524412806603e+00  ,-1.387953141208e+00  
  2.194441742456e-06  ,-5.211953187702e-01  ,-4.549691865053e-01  
  2.196986115729e-06  ,-2.836276672857e-01  ,-2.292665638654e-01  
  2.197622209048e-06  ,-2.238931551543e-01  ,-1.723780523001e-01  
  2.198193854844e-06  ,-1.701338418025e-01  ,-1.211365593733e-01  
  2.198298966238e-06  ,-1.602423600217e-01  ,-1.117043297273e-01  
  2.198457011679e-06  ,-1.453662780769e-01  ,-9.751672785889e-02  
  2.198651704663e-06  ,-1.270358459143e-01  ,-8.003116731336e-02  
  2.199041090632e-06  ,-9.036140992273e-02  ,-4.503588902539e-02  
  2.199543632293e-06  ,-4.301016952495e-02  ,1.682803253495e-04  
  2.200125615770e-06  ,1.183897667677e-02  ,5.255735615411e-02  
  2.200679193908e-06  ,6.400766052801e-02  ,1.024106055973e-01  
  2.200923246989e-06  ,8.700177887946e-02  ,1.243910913877e-01  
  2.200990604894e-06  ,9.334724221016e-02  ,1.304575348126e-01  
  2.201111700112e-06  ,1.047539682992e-01  ,1.413634345387e-01  
  2.201245670864e-06  ,1.173717493294e-01  ,1.534283053064e-01  
  2.201513612369e-06  ,1.426008505093e-01  ,1.775551830657e-01  
  2.201970519224e-06  ,1.855984632619e-01  ,2.186838403298e-01  
  2.202547846088e-06  ,2.398725062228e-01  ,2.706144209601e-01  
  2.203145941446e-06  ,2.960155381289e-01  ,3.243492126759e-01  
  2.203710602323e-06  ,3.489245174227e-01  ,3.750009639228e-01  
  2.203960010508e-06  ,3.722602032000e-01  ,3.973443745996e-01  
  2.204043829540e-06  ,3.800976068786e-01  ,4.048489158028e-01  
  2.204186368460e-06  ,3.934194661850e-01  ,4.176054171774e-01  
  2.204355496639e-06  ,4.092161345232e-01  ,4.327323717089e-01  
  2.204681878636e-06  ,4.396673496941e-01  ,4.618944527567e-01  
  2.205286679516e-06  ,4.959702612796e-01  ,5.158191234578e-01  
  2.206496281276e-06  ,6.080186824150e-01  ,6.231467810586e-01  
  2.208915484795e-06  ,8.293212820279e-01  ,8.351076180163e-01  
  2.213336659322e-06  ,1.220496288925e+00  ,1.209278748057e+00  
  2.221186591038e-06  ,1.852584991154e+00  ,1.809710872669e+00  
  2.235613895306e-06  ,2.698787945175e+00  ,2.572886654473e+00  
  2.245949340710e-06  ,2.975741928080e+00  ,2.567248277466e+00  
  2.253793311963e-06  ,2.978722818789e+00  ,2.228051461479e+00  
  2.256042269716e-06  ,2.946112659394e+00  ,2.176065528935e+00  
  2.259746325860e-06  ,2.860466914333e+00  ,2.115982428877e+00  
  2.263633293757e-06  ,2.729016165104e+00  ,2.066788334554e+00  
  2.268822623143e-06  ,2.490599708741e+00  ,2.001791231578e+00  
  2.279201281914e-06  ,1.823694963595e+00  ,1.647877115459e+00  
  2.290898693452e-06  ,8.461378683489e-01  ,7.618817039578e-01  
  2.293823046336e-06  ,5.785172588011e-01  ,5.093906226936e-01  
  2.294342817465e-06  ,5.303744659417e-01  ,4.638055941734e-01  
  2.295382359723e-06  ,4.336775079064e-01  ,3.720703424754e-01  
  2.296657340327e-06  ,3.144595479281e-01  ,2.587229454095e-01  
  2.297917047242e-06  ,1.961735961212e-01  ,1.460493824795e-01  
  2.298514304409e-06  ,1.399726757612e-01  ,9.245300134490e-02  
  2.298717332730e-06  ,1.208558287124e-01  ,7.421376879709e-02  
  2.298941921169e-06  ,9.970321722080e-02  ,5.402754735714e-02  
  2.299391098047e-06  ,5.738415721464e-02  ,1.362796807380e-02  
  2.299886095995e-06  ,1.073517664126e-02  ,-3.092544966048e-02  
  2.300350639695e-06  ,-3.304634438021e-02  ,-7.275791310009e-02  
  2.300717673922e-06  ,-6.763344315897e-02  ,-1.058165166638e-01  
  2.300945242593e-06  ,-8.907392285359e-02  ,-1.263141166615e-01  
  2.301005219767e-06  ,-9.472398465443e-02  ,-1.317162695340e-01  
  2.301108829403e-06  ,-1.044835749436e-01  ,-1.410481774157e-01  
  2.301244592952e-06  ,-1.172702361603e-01  ,-1.532755208745e-01  
  2.301461730810e-06  ,-1.377164686506e-01  ,-1.728297062413e-01  
  2.301848555641e-06  ,-1.741243508547e-01  ,-2.076558593126e-01  
  2.302476173924e-06  ,-2.331385890167e-01  ,-2.641229565845e-01  
  2.303080416011e-06  ,-2.898694254200e-01  ,-3.184221360185e-01  
  2.303650478559e-06  ,-3.432958248400e-01  ,-3.695710295650e-01  
  2.303928618046e-06  ,-3.693242191960e-01  ,-3.944936688277e-01  
  2.304016732803e-06  ,-3.775642428142e-01  ,-4.023840891926e-01  
  2.304174033185e-06  ,-3.922669045634e-01  ,-4.164634672354e-01  
  2.304334174102e-06  ,-4.072252246104e-01  ,-4.307882969680e-01  
  2.304654455936e-06  ,-4.371105649443e-01  ,-4.594097359497e-01  
  2.305236532545e-06  ,-4.913084429426e-01  ,-5.113203889466e-01  
  2.306400685763e-06  ,-5.991932710420e-01  ,-6.146637001821e-01  
  2.308728992200e-06  ,-8.124155701608e-01  ,-8.189000546109e-01  
  2.313022761798e-06  ,-1.193412179198e+00  ,-1.183396869647e+00  
  2.320598512148e-06  ,-1.808676751008e+00  ,-1.768301979911e+00  
  2.334529607749e-06  ,-2.652601484709e+00  ,-2.535834138961e+00  
  2.344903796172e-06  ,-2.961633100050e+00  ,-2.611242624170e+00  
  2.352215795970e-06  ,-2.992734338500e+00  ,-2.276777374469e+00  
  2.354411482072e-06  ,-2.971234972671e+00  ,-2.213960791541e+00  
  2.357713951921e-06  ,-2.912336593993e+00  ,-2.148101185667e+00  
  2.361623271560e-06  ,-2.802204362698e+00  ,-2.095778737458e+00  
  2.366472854471e-06  ,-2.607161179921e+00  ,-2.034578654568e+00  
  2.372542097425e-06  ,-2.278639159700e+00  ,-1.935945137864e+00  
  2.384680583334e-06  ,-1.388725614689e+00  ,-1.265452000206e+00  
  2.396938278532e-06  ,-2.881157003744e-01  ,-2.333483068179e-01  
  2.398198357975e-06  ,-1.697101130488e-01  ,-1.205541054324e-01  
  2.399657367921e-06  ,-3.229168912214e-02  ,1.056543625309e-02  
  2.400020211196e-06  ,1.904860177923e-03  ,4.322173383821e-02  
  2.400646525627e-06  ,6.092941524936e-02  ,9.961311082650e-02  
  2.400951440638e-06  ,8.965781558457e-02  ,1.270701489254e-01  
  2.401031243341e-06  ,9.717539390011e-02  ,1.342560772669e-01  
  2.401171081426e-06  ,1.103469268473e-01  ,1.468475524412e-01  
  2.401306891540e-06  ,1.231370238029e-01  ,1.590756078430e-01  
  2.401578511769e-06  ,1.487102602210e-01  ,1.835285351366e-01  
  2.402109086240e-06  ,1.986312807313e-01  ,2.312751078060e-01  
  2.402725435520e-06  ,2.565525074351e-01  ,2.866920278822e-01  
  2.403311703080e-06  ,3.115578819198e-01  ,3.393350061692e-01  
  2.403676315868e-06  ,3.457148245364e-01  ,3.720315433685e-01  
  2.403912313009e-06  ,3.677991466556e-01  ,3.931739791776e-01  
  2.403987063287e-06  ,3.747900273826e-01  ,3.998670519057e-01  
  2.404117704561e-06  ,3.870030237594e-01  ,4.115601684900e-01  
  2.404276681324e-06  ,4.018561495072e-01  ,4.257816644753e-01  
  2.404594634851e-06  ,4.315319590537e-01  ,4.541974303143e-01  
  2.405011634534e-06  ,4.703863926734e-01  ,4.914054496108e-01  
  2.405845633900e-06  ,5.478464241010e-01  ,5.655914129541e-01  
  2.407513632631e-06  ,7.015853721201e-01  ,7.128428926723e-01  
  2.410849630093e-06  ,1.002868280972e+00  ,1.001280835451e+00  
  2.416787742829e-06  ,1.509871478947e+00  ,1.485151133167e+00  
  2.427498697495e-06  ,2.281138169820e+00  ,2.208766996977e+00  
  2.441413401818e-06  ,2.891507900261e+00  ,2.686784088214e+00  
  2.449300586438e-06  ,2.999275828165e+00  ,2.407240200767e+00  
  2.457885145402e-06  ,2.908422577788e+00  ,2.126179363976e+00  
  2.462280987954e-06  ,2.779472051092e+00  ,2.067409532842e+00  
  2.466943561291e-06  ,2.584929725397e+00  ,2.017551609467e+00  
  2.472884654259e-06  ,2.257507592597e+00  ,1.926052938033e+00  
  2.484766840195e-06  ,1.381514470984e+00  ,1.258775692840e+00  
  2.497103511548e-06  ,2.726110270513e-01  ,2.185525997496e-01  
  2.498119211948e-06  ,1.771569729940e-01  ,1.276237017019e-01  
  2.499657570576e-06  ,3.227259036947e-02  ,-1.060563526391e-02  
  2.500260695076e-06  ,-2.456965735803e-02  ,-6.489241163796e-02  
  2.500791642075e-06  ,-7.460281667400e-02  ,-1.126996954063e-01  
  2.501125241822e-06  ,-1.060294565486e-01  ,-1.427383622318e-01  
  2.501216336811e-06  ,-1.146091472044e-01  ,-1.509403961899e-01  
  2.501313136151e-06  ,-1.237250661701e-01  ,-1.596556420022e-01  
  2.501499377383e-06  ,-1.412607369669e-01  ,-1.764222285181e-01  
  2.501669390319e-06  ,-1.572642145346e-01  ,-1.917256672653e-01  
  2.502009416191e-06  ,-1.892572542284e-01  ,-2.223242805861e-01  
  2.502520060359e-06  ,-2.372620563443e-01  ,-2.682484857942e-01  
  2.503043370513e-06  ,-2.863941104052e-01  ,-3.152640115807e-01  
  2.503548985539e-06  ,-3.337914389916e-01  ,-3.606301120088e-01  
  2.503818882821e-06  ,-3.590584147053e-01  ,-3.848180098685e-01  
  2.504007964587e-06  ,-3.767444144829e-01  ,-4.017500693821e-01  
  2.504090817371e-06  ,-3.844900014926e-01  ,-4.091657988381e-01  
  2.504222459817e-06  ,-3.967913668606e-01  ,-4.209436874444e-01  
  2.504474336008e-06  ,-4.203089149041e-01  ,-4.434617266079e-01  
  2.504770822549e-06  ,-4.479578751397e-01  ,-4.699375202035e-01  
  2.505363795632e-06  ,-5.031368092365e-01  ,-5.227802997322e-01  
  2.506549741799e-06  ,-6.129517909189e-01  ,-6.279579632684e-01  
  2.508921634132e-06  ,-8.298782429852e-01  ,-8.357087444847e-01  
  2.513482134515e-06  ,-1.233008276784e+00  ,-1.221297891414e+00  
  2.521406572038e-06  ,-1.868847914520e+00  ,-1.825066418879e+00  
  2.536046962911e-06  ,-2.716362765392e+00  ,-2.586547065306e+00  
  2.546395819360e-06  ,-2.980789438629e+00  ,-2.547571119451e+00  
  2.554509501630e-06  ,-2.969944662709e+00  ,-2.208092039694e+00  
  2.557025935227e-06  ,-2.927216098341e+00  ,-2.155623993718e+00  
  2.560773577267e-06  ,-2.829799448071e+00  ,-2.100813715376e+00  
  2.564837123925e-06  ,-2.679953624595e+00  ,-2.051503682155e+00  
  2.571276660735e-06  ,-2.354394359756e+00  ,-1.962246014769e+00  
  2.584155734355e-06  ,-1.432381682151e+00  ,-1.305581511829e+00  
  2.596563931281e-06  ,-3.232132795998e-01  ,-2.667974600234e-01  
  2.598039332503e-06  ,-1.846717295229e-01  ,-1.348440016452e-01  
  2.599581975216e-06  ,-3.939677525114e-02  ,3.761391259995e-03  
  2.599951663712e-06  ,-4.555586064082e-03  ,3.703163763626e-02  
  2.600525079021e-06  ,4.948528753423e-02  ,8.865863177566e-02  
  2.600817560876e-06  ,7.704482563396e-02  ,1.149964411485e-01  
  2.601055746624e-06  ,9.948353306305e-02  ,1.364448072156e-01  
  2.601112859981e-06  ,1.048632166575e-01  ,1.415876160786e-01  
  2.601227086695e-06  ,1.156215537381e-01  ,1.518728893152e-01  
  2.601402966963e-06  ,1.321837136468e-01  ,1.677084123474e-01  
  2.601596123265e-06  ,1.503680412487e-01  ,1.850971298769e-01  
  2.601982435869e-06  ,1.867194161667e-01  ,2.198645847615e-01  
  2.602512730943e-06  ,2.365734326617e-01  ,2.675594169055e-01  
  2.603060162352e-06  ,2.879694360408e-01  ,3.167434111782e-01  
  2.603581982391e-06  ,3.368818295841e-01  ,3.635618304678e-01  
  2.603851227747e-06  ,3.620847534395e-01  ,3.876895276236e-01  
  2.603951833868e-06  ,3.714955167031e-01  ,3.966993793682e-01  
  2.604096444981e-06  ,3.850160111230e-01  ,4.096444014592e-01  
  2.604251673171e-06  ,3.995203042026e-01  ,4.235319907308e-01  
  2.604562129552e-06  ,4.285000420225e-01  ,4.512813863081e-01  
  2.605183042312e-06  ,4.863344808330e-01  ,5.066666794868e-01  
  2.606424867833e-06  ,6.014262820382e-01  ,6.169003125383e-01  
  2.608696922386e-06  ,8.095055881565e-01  ,8.161871120037e-01  
  2.612950458849e-06  ,1.187157102563e+00  ,1.177470453542e+00  
  2.620439782465e-06  ,1.796718949945e+00  ,1.757042149721e+00  
  2.634375348413e-06  ,2.645779272229e+00  ,2.530270568359e+00  
  2.644761457765e-06  ,2.959464880089e+00  ,2.617053773793e+00  
  2.652006402338e-06  ,2.994042236537e+00  ,2.283954626261e+00  
  2.654294103110e-06  ,2.972743053476e+00  ,2.216896284023e+00  
  2.657608493889e-06  ,2.914705770389e+00  ,2.149751651161e+00  
  2.661560281837e-06  ,2.804318818873e+00  ,2.096577571469e+00  
  2.666357710684e-06  ,2.612512810166e+00  ,2.036045290822e+00  
  2.672309234465e-06  ,2.292853434446e+00  ,1.941180117586e+00  
  2.684212282026e-06  ,1.427696648829e+00  ,1.300884480786e+00  
  2.696258380735e-06  ,3.518277894563e-01  ,2.940115318327e-01  
  2.698571786011e-06  ,1.345608371129e-01  ,8.711282324444e-02  
  2.699150137329e-06  ,8.008815375707e-02  ,3.513889096382e-02  
  2.699807092274e-06  ,1.818101358894e-02  ,-2.396520667067e-02  
  2.700494873995e-06  ,-4.663889633378e-02  ,-8.588893073859e-02  
  2.700851663673e-06  ,-8.025783364444e-02  ,-1.180196919677e-01  
  2.701206451008e-06  ,-1.136781068768e-01  ,-1.499692486941e-01  
  2.701300770702e-06  ,-1.225606322671e-01  ,-1.584622434512e-01  
  2.701394578168e-06  ,-1.313938515970e-01  ,-1.669086439114e-01  
  2.701535999501e-06  ,-1.447083675625e-01  ,-1.796411104394e-01  
  2.701693136903e-06  ,-1.594991561253e-01  ,-1.937866975196e-01  
  2.702007411705e-06  ,-1.890687118426e-01  ,-2.220705604243e-01  
  2.702526251512e-06  ,-2.378437265727e-01  ,-2.687361662849e-01  
  2.703046488302e-06  ,-2.866866116392e-01  ,-3.154792866093e-01  
  2.703553314047e-06  ,-3.341968551512e-01  ,-3.609573296526e-01  
  2.703821581515e-06  ,-3.593109309831e-01  ,-3.850007881599e-01  
  2.704005447874e-06  ,-3.765090964900e-01  ,-4.014670698227e-01  
  2.704089837341e-06  ,-3.843983973217e-01  ,-4.090209559104e-01  
  2.704221293522e-06  ,-3.966824115582e-01  ,-4.207830981372e-01  
  2.704483134864e-06  ,-4.211299923365e-01  ,-4.441933538663e-01  
  2.704788096441e-06  ,-4.495675832917e-01  ,-4.714262904453e-01  
  2.705398019595e-06  ,-5.063163638091e-01  ,-5.257762575285e-01  
  2.706617865903e-06  ,-6.192354847225e-01  ,-6.339336091014e-01  
  2.709057558520e-06  ,-8.421813122713e-01  ,-8.474554593502e-01  
  2.713705975754e-06  ,-1.252209956327e+00  ,-1.239611881034e+00  
  2.721839029534e-06  ,-1.900558026857e+00  ,-1.854894936915e+00  
  2.736814696534e-06  ,-2.746281297201e+00  ,-2.608966102087e+00  
  2.746929604752e-06  ,-2.986054219947e+00  ,-2.522210558670e+00  
  2.755728740437e-06  ,-2.951545208839e+00  ,-2.174829722548e+00  
  2.758577469928e-06  ,-2.891737052757e+00  ,-2.125305732303e+00  
  2.762606743915e-06  ,-2.767773080682e+00  ,-2.074976261620e+00  
  2.766592059476e-06  ,-2.601584852692e+00  ,-2.028594646714e+00  
  2.774007622344e-06  ,-2.186414048432e+00  ,-1.896980406519e+00  
  2.788838748081e-06  ,-1.030499822834e+00  ,-9.357934520629e-01  
  2.790655758424e-06  ,-8.680795387038e-01  ,-7.834720283650e-01  
  2.794289779110e-06  ,-5.352937359625e-01  ,-4.690839858988e-01  
  2.795198284281e-06  ,-4.508366343315e-01  ,-3.888806101477e-01  
  2.796733103884e-06  ,-3.073574525103e-01  ,-2.523777621581e-01  
  2.798017956508e-06  ,-1.866825071538e-01  ,-1.373509798623e-01  
  2.798653211636e-06  ,-1.268939443025e-01  ,-8.029818510550e-02  
  2.798879476456e-06  ,-1.055850460228e-01  ,-5.995514900421e-02  
  2.799151329515e-06  ,-7.997583286077e-02  ,-3.550069606803e-02  
  2.799584301380e-06  ,-3.917755822224e-02  ,3.470721057899e-03  
  2.800048286287e-06  ,4.550873600291e-03  ,4.525734877346e-02  
  2.800565915374e-06  ,5.333345770597e-02  ,9.189200736415e-02  
  2.800818164093e-06  ,7.710165879106e-02  ,1.146201591211e-01  
  2.800972623942e-06  ,9.165338319965e-02  ,1.285370944737e-01  
  2.801035418367e-06  ,9.756867350724e-02  ,1.341947542607e-01  
  2.801142951200e-06  ,1.076974668465e-01  ,1.438829477725e-01  
  2.801349146018e-06  ,1.271159487705e-01  ,1.624585979003e-01  
  2.801624444971e-06  ,1.530338841848e-01  ,1.872552803928e-01  
  2.802175042877e-06  ,2.048334760235e-01  ,2.368256325563e-01  
  2.802737654844e-06  ,2.576999138706e-01  ,2.874312381837e-01  
  2.803314236650e-06  ,3.117953730990e-01  ,3.392259070114e-01  
  2.803718011552e-06  ,3.496180721637e-01  ,3.754464798881e-01  
  2.803957035491e-06  ,3.719819798625e-01  ,3.968652335570e-01  
  2.804028665839e-06  ,3.786799358679e-01  ,4.032803960603e-01  
  2.804158096394e-06  ,3.907777435018e-01  ,4.148677349384e-01  
  2.804308039328e-06  ,4.047847414323e-01  ,4.282841807245e-01  
  2.804596842458e-06  ,4.317378563094e-01  ,4.541022336340e-01  
  2.804985110840e-06  ,4.679173501294e-01  ,4.887604555439e-01  
  2.805761647603e-06  ,5.400621082771e-01  ,5.578772747010e-01  
  2.807314721128e-06  ,6.833446810974e-01  ,6.951516897441e-01  
  2.810420868179e-06  ,9.646933559233e-01  ,9.645894242225e-01  
  2.816125032684e-06  ,1.455576290278e+00  ,1.433390411550e+00  
  2.826211628696e-06  ,2.200511106327e+00  ,2.134598596725e+00  
  2.841813144466e-06  ,2.901319835264e+00  ,2.689008100796e+00  
  2.849804637214e-06  ,2.999943496764e+00  ,2.392229975349e+00  
  2.858728942653e-06  ,2.887903780461e+00  ,2.113282200832e+00  
  2.863755849382e-06  ,2.724198672023e+00  ,2.048539510507e+00  
  2.868523475906e-06  ,2.506206660746e+00  ,2.002020821349e+00  
  2.877663848182e-06  ,1.936575947230e+00  ,1.739906146403e+00  
  2.891381857177e-06  ,8.023537289346e-01  ,7.204966279609e-01  
  2.893151742598e-06  ,6.404653620774e-01  ,5.677980321056e-01  
  2.896691513440e-06  ,3.112563696899e-01  ,2.555212985098e-01  
  2.898638350150e-06  ,1.282933390220e-01  ,8.118493847199e-02  
  2.899704341969e-06  ,2.786471232039e-02  ,-1.467300563917e-02  
  2.900162832072e-06  ,-1.534649430225e-02  ,-5.594809421420e-02  
  2.900804233929e-06  ,-7.578919806170e-02  ,-1.137098884027e-01  
  2.901133503025e-06  ,-1.068075666389e-01  ,-1.433634383465e-01  
  2.901226809906e-06  ,-1.155954863599e-01  ,-1.517659438725e-01  
  2.901325751288e-06  ,-1.249129934974e-01  ,-1.606754053411e-01  
  2.901505193865e-06  ,-1.418083170645e-01  ,-1.768323475526e-01  
  2.901682890212e-06  ,-1.585347859230e-01  ,-1.928296820174e-01  
  2.902038282907e-06  ,-1.919723807104e-01  ,-2.248149820756e-01  
  2.902534677839e-06  ,-2.386353810691e-01  ,-2.694622213095e-01  
  2.903054448968e-06  ,-2.874334440940e-01  ,-3.161643991575e-01  
  2.903557642555e-06  ,-3.346022651312e-01  ,-3.613173346118e-01  
  2.903820648050e-06  ,-3.592235871521e-01  ,-3.848898506763e-01  
  2.904000346741e-06  ,-3.760321225242e-01  ,-4.009835913936e-01  
  2.904085318284e-06  ,-3.839759931819e-01  ,-4.085899593187e-01  
  2.904215866426e-06  ,-3.961754052488e-01  ,-4.202714449235e-01  
  2.904476962710e-06  ,-4.205540326137e-01  ,-4.436163540903e-01  
  2.904790445888e-06  ,-4.497865118511e-01  ,-4.716113231476e-01  
  2.905417412246e-06  ,-5.081177656071e-01  ,-5.274785380939e-01  
  2.906671344960e-06  ,-6.241663493510e-01  ,-6.386363619941e-01  
  2.909179210389e-06  ,-8.531795018548e-01  ,-8.579699569758e-01  
  2.913917779649e-06  ,-1.270322039034e+00  ,-1.256865391970e+00  
  2.922202825272e-06  ,-1.926962050368e+00  ,-1.879689846241e+00  
  2.937482475961e-06  ,-2.771006136895e+00  ,-2.626508104059e+00  
  2.947178661549e-06  ,-2.988223478280e+00  ,-2.508415258073e+00  
  2.956851005280e-06  ,-2.930781460592e+00  ,-2.144932504415e+00  
  2.960558414185e-06  ,-2.836468000944e+00  ,-2.090485866478e+00  
  2.965247064555e-06  ,-2.662367862644e+00  ,-2.046384806311e+00  
  2.970730691874e-06  ,-2.385936630329e+00  ,-1.973447678585e+00  
  2.981463998282e-06  ,-1.649903362780e+00  ,-1.499275601392e+00  
  2.992557912791e-06  ,-6.950275925818e-01  ,-6.195417049641e-01  
  2.995258375728e-06  ,-4.452366653745e-01  ,-3.829315555329e-01  
  2.995633186499e-06  ,-4.102727284527e-01  ,-3.497265534747e-01  
  2.996382808039e-06  ,-3.401790576951e-01  ,-2.830955119722e-01  
  2.997181417147e-06  ,-2.652981657352e-01  ,-2.118293144565e-01  
  2.997646473074e-06  ,-2.216126371918e-01  ,-1.702154712391e-01  
  2.998087407747e-06  ,-1.801491283961e-01  ,-1.306947847746e-01  
  2.998219236458e-06  ,-1.677454771458e-01  ,-1.188681511818e-01  
  2.998384685913e-06  ,-1.521744327522e-01  ,-1.040188415064e-01  
  2.998700683663e-06  ,-1.224236759481e-01  ,-7.563921526116e-02  
  2.999295705656e-06  ,-6.637276223926e-02  ,-2.214506485603e-02  
  2.999854033539e-06  ,-1.375696662539e-02  ,2.809969792979e-02  
  3.000408170471e-06  ,3.846810634666e-02  ,7.799626838550e-02  
  3.000808965141e-06  ,7.623496111453e-02  ,1.140934543460e-01  
  3.001138979295e-06  ,1.073233641226e-01  ,1.438156445652e-01  
  3.001225277973e-06  ,1.154512122105e-01  ,1.515874505301e-01  
  3.001313148258e-06  ,1.237262062751e-01  ,1.595004312261e-01  
  3.001464627875e-06  ,1.379892221915e-01  ,1.731405688483e-01  
  3.001624675659e-06  ,1.530555977631e-01  ,1.875504468083e-01  
  3.001944771228e-06  ,1.831763598072e-01  ,2.163630541832e-01  
  3.002517441479e-06  ,2.370160051309e-01  ,2.678777171822e-01  
  3.003065711079e-06  ,2.884899719988e-01  ,3.171429081944e-01  
  3.003599545179e-06  ,3.385265625669e-01  ,3.650434453302e-01  
  3.003869442461e-06  ,3.637888407395e-01  ,3.892309015224e-01  
  3.003965368686e-06  ,3.727612913907e-01  ,3.978221221825e-01  
  3.004131516634e-06  ,3.882938675761e-01  ,4.126953390330e-01  
  3.004281529417e-06  ,4.023089489596e-01  ,4.261160940037e-01  
  3.004581554985e-06  ,4.303119943725e-01  ,4.529332456738e-01  
  3.005181606119e-06  ,4.862009128342e-01  ,5.064607818830e-01  
  3.006381708389e-06  ,5.974406277609e-01  ,6.130140535562e-01  
  3.008756580954e-06  ,8.149182857515e-01  ,8.213164134360e-01  
  3.012920710450e-06  ,1.184581727100e+00  ,1.174972648131e+00  
  3.020512852078e-06  ,1.802229171036e+00  ,1.762225732855e+00  
  3.034335169202e-06  ,2.643992115611e+00  ,2.528766613369e+00  
  3.044698926812e-06  ,2.958493643529e+00  ,2.619064556942e+00  
  3.051937910920e-06  ,2.994441924057e+00  ,2.285965166311e+00  
  3.054255414015e-06  ,2.973231272748e+00  ,2.217633213443e+00  
  3.057585451012e-06  ,2.915219183988e+00  ,2.149985082680e+00  
  3.061540219193e-06  ,2.804989981683e+00  ,2.096793149415e+00  
  3.066342118388e-06  ,2.613234879311e+00  ,2.036239222866e+00  
  3.072267565137e-06  ,2.295384065699e+00  ,1.942089519487e+00  
  3.084118458634e-06  ,1.435467543122e+00  ,1.307926685487e+00  
  3.096122834092e-06  ,3.645113760215e-01  ,3.060817123001e-01  
  3.098507764941e-06  ,1.405883318970e-01  ,9.287160595966e-02  
  3.099103997653e-06  ,8.443508028335e-02  ,3.929701099955e-02  
  3.099781721091e-06  ,2.057214128530e-02  ,-2.167290589876e-02  
  3.100488874322e-06  ,-4.607350797109e-02  ,-8.534067322069e-02  
  3.100855163490e-06  ,-8.058756509137e-02  ,-1.183272550728e-01  
  3.101219915977e-06  ,-1.149462286565e-01  ,-1.511743777617e-01  
  3.101287227316e-06  ,-1.212852527887e-01  ,-1.572354672511e-01  
  3.101397717098e-06  ,-1.316894042208e-01  ,-1.671840631702e-01  
  3.101525541121e-06  ,-1.437238280469e-01  ,-1.786924755979e-01  
  3.101668103324e-06  ,-1.571430847925e-01  ,-1.915263297905e-01  
  3.101953227730e-06  ,-1.839718728034e-01  ,-2.171881995807e-01  
  3.102523476543e-06  ,-2.375830142624e-01  ,-2.684803946088e-01  
  3.103118219139e-06  ,-2.934154105834e-01  ,-3.219138550401e-01  
  3.103655685397e-06  ,-3.437833296082e-01  ,-3.701293702498e-01  
  3.103914872469e-06  ,-3.680385492125e-01  ,-3.933515396510e-01  
  3.104001112940e-06  ,-3.761037654613e-01  ,-4.010736934657e-01  
  3.104149752023e-06  ,-3.899979921367e-01  ,-4.143774044952e-01  
  3.104311452905e-06  ,-4.051035190941e-01  ,-4.288415962279e-01  
  3.104634854669e-06  ,-4.352828209496e-01  ,-4.577414796038e-01  
  3.105150714243e-06  ,-4.833276841375e-01  ,-5.037539113707e-01  
  3.106182433391e-06  ,-5.790240087207e-01  ,-5.954127028145e-01  
  3.108245871687e-06  ,-7.684920240047e-01  ,-7.768877508376e-01  
  3.112296752358e-06  ,-1.130329511096e+00  ,-1.123151174525e+00  
  3.119155011797e-06  ,-1.698313339141e+00  ,-1.663987342498e+00  
  3.132051966811e-06  ,-2.535604748890e+00  ,-2.436795574321e+00  
  3.142327807570e-06  ,-2.913278569768e+00  ,-2.678379976176e+00  
  3.149696431780e-06  ,-2.999863573003e+00  ,-2.372886896525e+00  
  3.154468528653e-06  ,-2.970487449209e+00  ,-2.207435592105e+00  
  3.157870836282e-06  ,-2.908752952361e+00  ,-2.140341988261e+00  
  3.162048376823e-06  ,-2.787647806833e+00  ,-2.088887252992e+00  
  3.166583545232e-06  ,-2.601984353980e+00  ,-2.033086208386e+00  
  3.172191597247e-06  ,-2.299987566360e+00  ,-1.943552487332e+00  
  3.183407701278e-06  ,-1.493925927776e+00  ,-1.360586906429e+00  
  3.194921828533e-06  ,-4.765787538386e-01  ,-4.126141167087e-01  
  3.196427777136e-06  ,-3.359678178347e-01  ,-2.790252186370e-01  
  3.198635011638e-06  ,-1.286076978172e-01  ,-8.146581658826e-02  
  3.199607871199e-06  ,-3.695633404692e-02  ,6.007666792115e-03  
  3.200117677176e-06  ,1.109078731963e-02  ,5.189811102753e-02  
  3.200768764788e-06  ,7.244733085426e-02  ,1.105300544628e-01  
  3.201094448293e-06  ,1.031289988555e-01  ,1.398603366391e-01  
  3.201186078792e-06  ,1.117594265779e-01  ,1.481118683722e-01  
  3.201290608110e-06  ,1.216036239373e-01  ,1.575245314442e-01  
  3.201464369619e-06  ,1.379649079174e-01  ,1.731700874054e-01  
  3.201666699449e-06  ,1.570109541188e-01  ,1.913852242162e-01  
  3.202071359107e-06  ,1.950832459147e-01  ,2.278034814023e-01  
  3.202581723878e-06  ,2.430550534348e-01  ,2.737032571508e-01  
  3.203180005500e-06  ,2.992101625485e-01  ,3.274478778707e-01  
  3.203719986329e-06  ,3.498029215845e-01  ,3.758804998778e-01  
  3.203947531717e-06  ,3.710931658855e-01  ,3.962645789083e-01  
  3.204031176126e-06  ,3.789146312799e-01  ,4.037535221797e-01  
  3.204166776692e-06  ,3.915888576335e-01  ,4.158893258605e-01  
  3.204339327483e-06  ,4.077064184596e-01  ,4.313228793722e-01  
  3.204671576811e-06  ,4.387068862275e-01  ,4.610097229685e-01  
  3.205255888594e-06  ,4.931079866288e-01  ,5.131108241897e-01  
  3.206424512161e-06  ,6.013934412208e-01  ,6.168302821591e-01  
  3.208761759294e-06  ,8.153879709830e-01  ,8.217896060632e-01  
  3.213101722492e-06  ,1.200236195908e+00  ,1.189944804175e+00  
  3.220723666443e-06  ,1.818073474448e+00  ,1.777183854478e+00  
  3.234800793422e-06  ,2.664443712213e+00  ,2.545495271243e+00  
  3.245128788246e-06  ,2.964939566262e+00  ,2.602157414200e+00  
  3.252548076404e-06  ,2.990393084515e+00  ,2.265831549190e+00  
  3.254578359617e-06  ,2.969021388064e+00  ,2.209896086074e+00  
  3.258039899362e-06  ,2.904812020881e+00  ,2.142802495803e+00  
  3.261717133416e-06  ,2.799033226310e+00  ,2.094486008492e+00  
  3.266890816582e-06  ,2.587449066243e+00  ,2.029192294029e+00  
  3.273163460387e-06  ,2.240115557959e+00  ,1.920659046711e+00  
  3.285708747996e-06  ,1.302121429207e+00  ,1.186193692263e+00  
  3.295457087649e-06  ,4.267073560167e-01  ,3.650479412878e-01  
  3.296864688588e-06  ,2.950185535842e-01  ,2.398401000150e-01  
  3.298852503492e-06  ,1.081255748659e-01  ,6.175275279606e-02  
  3.299784571124e-06  ,2.030353820442e-02  ,-2.206345329608e-02  
  3.300306949956e-06  ,-2.892890348245e-02  ,-6.908361233300e-02  
  3.300705509452e-06  ,-6.648725536521e-02  ,-1.049687620970e-01  
  3.300956594018e-06  ,-9.014329210894e-02  ,-1.275768584462e-01  
  3.301022880903e-06  ,-9.638766287063e-02  ,-1.335453349356e-01  
  3.301129994640e-06  ,-1.064771180963e-01  ,-1.431896393993e-01  
  3.301277562702e-06  ,-1.203751235171e-01  ,-1.564757085291e-01  
  3.301500055665e-06  ,-1.413245926212e-01  ,-1.765054068484e-01  
  3.301905879477e-06  ,-1.795176019052e-01  ,-2.130293433796e-01  
  3.302482461283e-06  ,-2.337293620024e-01  ,-2.648877888831e-01  
  3.303066028008e-06  ,-2.885197034160e-01  ,-3.173161827548e-01  
  3.303612714360e-06  ,-3.397597721675e-01  ,-3.663599314760e-01  
  3.303890341619e-06  ,-3.657439258690e-01  ,-3.912343780326e-01  
  3.303983671783e-06  ,-3.744728877219e-01  ,-3.995910943467e-01  
  3.304148236481e-06  ,-3.898563673972e-01  ,-4.143191750338e-01  
  3.304301113082e-06  ,-4.041379180099e-01  ,-4.279929466822e-01  
  3.304606866283e-06  ,-4.326727239324e-01  ,-4.553151981741e-01  
  3.305218372686e-06  ,-4.896199446428e-01  ,-5.098485058738e-01  
  3.306441385491e-06  ,-6.029513495126e-01  ,-6.183909373577e-01  
  3.308887411101e-06  ,-8.267781837156e-01  ,-8.327491844469e-01  
  3.313132751925e-06  ,-1.202915832140e+00  ,-1.192559596480e+00  
  3.320929039462e-06  ,-1.833432139833e+00  ,-1.791701066716e+00  
  3.335035968764e-06  ,-2.674556882625e+00  ,-2.553655109219e+00  
  3.345404196722e-06  ,-2.968785290845e+00  ,-2.590695540677e+00  
  3.352929283125e-06  ,-2.987305745942e+00  ,-2.253871957335e+00  
  3.354728970869e-06  ,-2.966953509975e+00  ,-2.206361354673e+00  
  3.358328346355e-06  ,-2.897899091268e+00  ,-2.141748945478e+00  
  3.361994404538e-06  ,-2.789523548697e+00  ,-2.092083698354e+00  
  3.366001326783e-06  ,-2.628859796325e+00  ,-2.041016171679e+00  
  3.373799104435e-06  ,-2.199823429247e+00  ,-1.904029339704e+00  
  3.389317173703e-06  ,-9.880381070225e-01  ,-8.948306990927e-01  
  3.391217071755e-06  ,-8.173078103941e-01  ,-7.347624536395e-01  
  3.395016867859e-06  ,-4.677331435787e-01  ,-4.043901253354e-01  
  3.395966816885e-06  ,-3.791022699341e-01  ,-3.202026701425e-01  
  3.397553790553e-06  ,-2.303229413743e-01  ,-1.785924599183e-01  
  3.398247532738e-06  ,-1.650827218362e-01  ,-1.164003747115e-01  
  3.398597011534e-06  ,-1.321857382302e-01  ,-8.502082174251e-02  
  3.398929912789e-06  ,-1.008343480611e-01  ,-5.510426848137e-02  
  3.399508077843e-06  ,-4.636072557099e-02  ,-3.099261506509e-03  
  3.400074508233e-06  ,7.022229109508e-03  ,4.789220984989e-02  
  3.400628458900e-06  ,5.922700787525e-02  ,9.778205265659e-02  
  3.400907995371e-06  ,8.556494241843e-02  ,1.229603042330e-01  
  3.400979509303e-06  ,9.230200811253e-02  ,1.294015605197e-01  
  3.401105493965e-06  ,1.041694073943e-01  ,1.407486912416e-01  
  3.401236763882e-06  ,1.165329241106e-01  ,1.525712485545e-01  
  3.401499303715e-06  ,1.412538016583e-01  ,1.762136122449e-01  
  3.402006781386e-06  ,1.890094237228e-01  ,2.218969115090e-01  
  3.402596587973e-06  ,2.444513294606e-01  ,2.749495054485e-01  
  3.403204648482e-06  ,3.015210384131e-01  ,3.295757325078e-01  
  3.403666677611e-06  ,3.448124761168e-01  ,3.710227260942e-01  
  3.403927960159e-06  ,3.692626864472e-01  ,3.944341851729e-01  
  3.404008344939e-06  ,3.767799780081e-01  ,4.016324925856e-01  
  3.404151489219e-06  ,3.901603290485e-01  ,4.144454963188e-01  
  3.404309162131e-06  ,4.048895951231e-01  ,4.285508181125e-01  
  3.404624507954e-06  ,4.343179623616e-01  ,4.567342971839e-01  
  3.405120716622e-06  ,4.805371937909e-01  ,5.010022286936e-01  
  3.406113133958e-06  ,5.726141310090e-01  ,5.892012956442e-01  
  3.408097968629e-06  ,7.550093575436e-01  ,7.639159118461e-01  
  3.412047521403e-06  ,1.108536696352e+00  ,1.102276370187e+00  
  3.418706105283e-06  ,1.663269342550e+00  ,1.630752937571e+00  
  3.431223080685e-06  ,2.492998415818e+00  ,2.399491950313e+00  
  3.441928074887e-06  ,2.904056252207e+00  ,2.681987340511e+00  
  3.449389086297e-06  ,2.999447493481e+00  ,2.388640498369e+00  
  3.455240772298e-06  ,2.959430438912e+00  ,2.186830232615e+00  
  3.458617002895e-06  ,2.890742915960e+00  ,2.126295300099e+00  
  3.463085116079e-06  ,2.750068116593e+00  ,2.075356943069e+00  
  3.467361004284e-06  ,2.564740835144e+00  ,2.022424929819e+00  
  3.474241615465e-06  ,2.171254715222e+00  ,1.889035274341e+00  
  3.487940252950e-06  ,1.109607305811e+00  ,1.008162135829e+00  
  3.489720941713e-06  ,9.520284170217e-01  ,8.612678241113e-01  
  3.493282319238e-06  ,6.284371690084e-01  ,5.567481718070e-01  
  3.494172663620e-06  ,5.461508315839e-01  ,4.788496859346e-01  
  3.495953352382e-06  ,3.803610625626e-01  ,3.214728350066e-01  
  3.496184506645e-06  ,3.587412592490e-01  ,3.009161753478e-01  
  3.496646815171e-06  ,3.154460387328e-01  ,2.597237098915e-01  
  3.497255248209e-06  ,2.583663065807e-01  ,2.053737206673e-01  
  3.497585821157e-06  ,2.273129219297e-01  ,1.757865059012e-01  
  3.497929572320e-06  ,1.949956467168e-01  ,1.449818088332e-01  
  3.498016033979e-06  ,1.868633497650e-01  ,1.372280826602e-01  
  3.498188957298e-06  ,1.705946797635e-01  ,1.217143346084e-01  
  3.498474919895e-06  ,1.436804282031e-01  ,9.604215037016e-02  
  3.498783420498e-06  ,1.146320036378e-01  ,6.832509489287e-02  
  3.499400421703e-06  ,5.650558160870e-02  ,1.283588290140e-02  
  3.500000286574e-06  ,-2.700891983408e-05  ,-4.116330957700e-02  
  3.500560756499e-06  ,-5.284732132055e-02  ,-9.164157867562e-02  
  3.500868139515e-06  ,-8.181007851853e-02  ,-1.193295617145e-01  
  3.501022599364e-06  ,-9.636114215773e-02  ,-1.332425191841e-01  
  3.501086895546e-06  ,-1.024175870743e-01  ,-1.390338170703e-01  
  3.501201541355e-06  ,-1.132157139340e-01  ,-1.493598466835e-01  
  3.501420239178e-06  ,-1.338099811179e-01  ,-1.690559291931e-01  
  3.501701591728e-06  ,-1.602948720325e-01  ,-1.943898044043e-01  
  3.502264296828e-06  ,-2.132250158125e-01  ,-2.450323701895e-01  
  3.502808468608e-06  ,-2.643486418826e-01  ,-2.939608407096e-01  
  3.503355900018e-06  ,-3.157005195381e-01  ,-3.431197734800e-01  
  3.503738580463e-06  ,-3.515433639247e-01  ,-3.774382028723e-01  
  3.503980538068e-06  ,-3.741798502409e-01  ,-3.991142181886e-01  
  3.504051574698e-06  ,-3.808216769112e-01  ,-4.054745309672e-01  
  3.504178467399e-06  ,-3.926812275354e-01  ,-4.168317384121e-01  
  3.504334603628e-06  ,-4.072653317522e-01  ,-4.307986354733e-01  
  3.504588994389e-06  ,-4.310058797074e-01  ,-4.535356499738e-01  
  3.504983828595e-06  ,-4.677979800316e-01  ,-4.887750341368e-01  
  3.505773497006e-06  ,-5.411606057563e-01  ,-5.590482048255e-01  
  3.507352833828e-06  ,-6.868418012237e-01  ,-6.986026449374e-01  
  3.510511507472e-06  ,-9.727782714342e-01  ,-9.724014745306e-01  
  3.516249944648e-06  ,-1.465859172830e+00  ,-1.443223788448e+00  
  3.526470651111e-06  ,-2.217030743884e+00  ,-2.149857588880e+00  
  3.541711558780e-06  ,-2.898869655346e+00  ,-2.688615252488e+00  
  3.549682189902e-06  ,-2.999850471912e+00  ,-2.396010693091e+00  
  3.558530499419e-06  ,-2.892912423419e+00  ,-2.116210576481e+00  
  3.563406159362e-06  ,-2.737837487640e+00  ,-2.052940240708e+00  
  3.568041910609e-06  ,-2.530865075413e+00  ,-2.008643374696e+00  
  3.576401462039e-06  ,-2.025896797397e+00  ,-1.804855099962e+00  
  3.592202653369e-06  ,-7.275550862933e-01  ,-6.497383162533e-01  
  3.594823767623e-06  ,-4.857011381823e-01  ,-4.210275961915e-01  
  3.595479046186e-06  ,-4.246587527050e-01  ,-3.631602597382e-01  
  3.596789603313e-06  ,-3.020600457813e-01  ,-2.466368583541e-01  
  3.597991754493e-06  ,-1.891471395400e-01  ,-1.391052385912e-01  
  3.598577370128e-06  ,-1.340350740891e-01  ,-8.656026379881e-02  
  3.598779793089e-06  ,-1.149736284011e-01  ,-6.837841571063e-02  
  3.599018630764e-06  ,-9.247721953502e-02  ,-4.691488091756e-02  
  3.599496306112e-06  ,-4.747004940740e-02  ,-3.957945884599e-03  
  3.600037031999e-06  ,3.490182878883e-03  ,4.470532809035e-02  
  3.600541715702e-06  ,5.105303760243e-02  ,9.014577290893e-02  
  3.600804860895e-06  ,7.584826937441e-02  ,1.138421288047e-01  
  3.600985188229e-06  ,9.283697938444e-02  ,1.300807429834e-01  
  3.601043861551e-06  ,9.836400046893e-02  ,1.353642057066e-01  
  3.601154037012e-06  ,1.087415999919e-01  ,1.452851137534e-01  
  3.601336017443e-06  ,1.258797102050e-01  ,1.616707415363e-01  
  3.601573597832e-06  ,1.482477001177e-01  ,1.830597307000e-01  
  3.602048758609e-06  ,1.929576584982e-01  ,2.258227034385e-01  
  3.602621149464e-06  ,2.467584247383e-01  ,2.772964954673e-01  
  3.603245601250e-06  ,3.053609510669e-01  ,3.333812412371e-01  
  3.603712007595e-06  ,3.490560620342e-01  ,3.752089126678e-01  
  3.603971893160e-06  ,3.733714353728e-01  ,3.984881921741e-01  
  3.604046294192e-06  ,3.803280217565e-01  ,4.051487178374e-01  
  3.604183245176e-06  ,3.931276439162e-01  ,4.174040139839e-01  
  3.604332210222e-06  ,4.070418456718e-01  ,4.307270561711e-01  
  3.604626508156e-06  ,4.345044900422e-01  ,4.570245168562e-01  
  3.605064416030e-06  ,4.752987529732e-01  ,4.960913526053e-01  
  3.605940231780e-06  ,5.566097102870e-01  ,5.739677626493e-01  
  3.607691863278e-06  ,7.179063248275e-01  ,7.284599413644e-01  
  3.611195126275e-06  ,1.033497561463e+00  ,1.030571344360e+00  
  3.617390284041e-06  ,1.558669686918e+00  ,1.531529031644e+00  
  3.628618309001e-06  ,2.348246715176e+00  ,2.269916116806e+00  
  3.641360291937e-06  ,2.890169932418e+00  ,2.685327651214e+00  
  3.649125287035e-06  ,2.998867352420e+00  ,2.409911589450e+00  
  3.657507190207e-06  ,2.916951489942e+00  ,2.132684930342e+00  
  3.661816606024e-06  ,2.795645966623e+00  ,2.073680272729e+00  
  3.666473218897e-06  ,2.607144187982e+00  ,2.023789633099e+00  
  3.672174403170e-06  ,2.301027675582e+00  ,1.941878026429e+00  
  3.683576771716e-06  ,1.480086649550e+00  ,1.348162867387e+00  
  3.695379981497e-06  ,4.338992947958e-01  ,3.720545068299e-01  
  3.696896174649e-06  ,2.920653021087e-01  ,2.371908652529e-01  
  3.699150347808e-06  ,8.006832365653e-02  ,3.510063170975e-02  
  3.700210379163e-06  ,-1.982762461601e-02  ,-6.028919023436e-02  
  3.700807077536e-06  ,-7.605711588826e-02  ,-1.140216897206e-01  
  3.701170200208e-06  ,-1.102639302209e-01  ,-1.467216433758e-01  
  3.701271737652e-06  ,-1.198265655858e-01  ,-1.558645292071e-01  
  3.701373635983e-06  ,-1.294219628545e-01  ,-1.650393849610e-01  
  3.701540598838e-06  ,-1.451413387216e-01  ,-1.800711904108e-01  
  3.701718248619e-06  ,-1.618624824097e-01  ,-1.960627585643e-01  
  3.702073548181e-06  ,-1.952891241141e-01  ,-2.280362526290e-01  
  3.702561374946e-06  ,-2.411434668782e-01  ,-2.719079042654e-01  
  3.703143079026e-06  ,-2.957470767122e-01  ,-3.241646914128e-01  
  3.703669928206e-06  ,-3.451168053556e-01  ,-3.714239437735e-01  
  3.703918405069e-06  ,-3.683689717056e-01  ,-3.936853613968e-01  
  3.704000908608e-06  ,-3.760846595380e-01  ,-4.010727006348e-01  
  3.704137324082e-06  ,-3.888365962050e-01  ,-4.132823894673e-01  
  3.704296207713e-06  ,-4.036798072467e-01  ,-4.274950564669e-01  
  3.704613974975e-06  ,-4.333356869774e-01  ,-4.558930117532e-01  
  3.705048576655e-06  ,-4.738247229870e-01  ,-4.946680710014e-01  
  3.705917780014e-06  ,-5.545302827732e-01  ,-5.719656303990e-01  
  3.707656186732e-06  ,-7.146411343294e-01  ,-7.253241834230e-01  
  3.711133000167e-06  ,-1.027998768327e+00  ,-1.025305664717e+00  
  3.717267808231e-06  ,-1.548795355474e+00  ,-1.522136690702e+00  
  3.728400465759e-06  ,-2.335414458034e+00  ,-2.258262865173e+00  
  3.741249737056e-06  ,-2.887358982455e+00  ,-2.685235650340e+00  
  3.749053475173e-06  ,-2.998673757251e+00  ,-2.413871236971e+00  
  3.757542666705e-06  ,-2.916168400517e+00  ,-2.131185902791e+00  
  3.761866983684e-06  ,-2.793920080436e+00  ,-2.072428339630e+00  
  3.766537752660e-06  ,-2.604129817243e+00  ,-2.022706556776e+00  
  3.772240427049e-06  ,-2.297030081409e+00  ,-1.940419743869e+00  
  3.783645775827e-06  ,-1.474426289738e+00  ,-1.343048472578e+00  
  3.795466867002e-06  ,-4.257950245394e-01  ,-3.643509113158e-01  
  3.796981011244e-06  ,-2.841065952272e-01  ,-2.296310333256e-01  
  3.799206127139e-06  ,-7.481299808046e-02  ,-3.009592784864e-02  
  3.800396171125e-06  ,3.733728486983e-02  ,7.701041170160e-02  
  3.801044185372e-06  ,9.839450345131e-02  ,1.353668826053e-01  
  3.801379927160e-06  ,1.300143377855e-01  ,1.655990921513e-01  
  3.801463280531e-06  ,1.378623722518e-01  ,1.731037743091e-01  
  3.801562955329e-06  ,1.472458850406e-01  ,1.820773005530e-01  
  3.801725540968e-06  ,1.625487647530e-01  ,1.967128053765e-01  
  3.802031759830e-06  ,1.913588512218e-01  ,2.242704692494e-01  
  3.802541472675e-06  ,2.392737446159e-01  ,2.701132784406e-01  
  3.803118706407e-06  ,2.934611142944e-01  ,3.219716740511e-01  
  3.803643599810e-06  ,3.426517687212e-01  ,3.690594492564e-01  
  3.803879783215e-06  ,3.647562225361e-01  ,3.902219939093e-01  
  3.803965173854e-06  ,3.727430711366e-01  ,3.978689240003e-01  
  3.804109575419e-06  ,3.862432591669e-01  ,4.107950220671e-01  
  3.804262079490e-06  ,4.004923193121e-01  ,4.244387580508e-01  
  3.804567087634e-06  ,4.289625338191e-01  ,4.517012541799e-01  
  3.805040199501e-06  ,4.730450882715e-01  ,4.939177132604e-01  
  3.805986423237e-06  ,5.608869777922e-01  ,5.780510942117e-01  
  3.807878870709e-06  ,7.350067794121e-01  ,7.448274384345e-01  
  3.811617572052e-06  ,1.070782840451e+00  ,1.066225955404e+00  
  3.817940134747e-06  ,1.602713705516e+00  ,1.573423804142e+00  
  3.829813379986e-06  ,2.416671056279e+00  ,2.331686424314e+00  
  3.841565925820e-06  ,2.895305586757e+00  ,2.684395868048e+00  
  3.849177438958e-06  ,2.998998379718e+00  ,2.403049458386e+00  
  3.857204694493e-06  ,2.923481358972e+00  ,2.139793254029e+00  
  3.861816603882e-06  ,2.795646039858e+00  ,2.074510387479e+00  
  3.866202015622e-06  ,2.619694797315e+00  ,2.027291382229e+00  
  3.872067112667e-06  ,2.307502746581e+00  ,1.944237469315e+00  
  3.883797306759e-06  ,1.461972033862e+00  ,1.333520315837e+00  
  3.895426172955e-06  ,4.295911720303e-01  ,3.681744616632e-01  
  3.896995824022e-06  ,2.827167674520e-01  ,2.284532430503e-01  
  3.899390440626e-06  ,5.744610629911e-02  ,1.361858959856e-02  
  3.900706771953e-06  ,-6.660621399209e-02  ,-1.048965771673e-01  
  3.901362888707e-06  ,-1.284099915814e-01  ,-1.639869854362e-01  
  3.901515346212e-06  ,-1.427640764590e-01  ,-1.777146596049e-01  
  3.901667803718e-06  ,-1.571148863053e-01  ,-1.914405662441e-01  
  3.901890925324e-06  ,-1.781107119831e-01  ,-2.115244457666e-01  
  3.902329298859e-06  ,-2.193353705580e-01  ,-2.509660842995e-01  
  3.902792957803e-06  ,-2.628924379661e-01  ,-2.926492729222e-01  
  3.903260202339e-06  ,-3.067298918474e-01  ,-3.346098495586e-01  
  3.903614477446e-06  ,-3.399248695657e-01  ,-3.663889846753e-01  
  3.903819764225e-06  ,-3.591408877793e-01  ,-3.847872629793e-01  
  3.903901511064e-06  ,-3.667887462114e-01  ,-3.921100154620e-01  
  3.904033153510e-06  ,-3.790995021062e-01  ,-4.038978484717e-01  
  3.904167962452e-06  ,-3.916996564673e-01  ,-4.159632729621e-01  
  3.904437580338e-06  ,-4.168786622091e-01  ,-4.400750968622e-01  
  3.904976816108e-06  ,-4.671451418795e-01  ,-4.882158639789e-01  
  3.906055287650e-06  ,-5.672615349654e-01  ,-5.841115637846e-01  
  3.907982007792e-06  ,-7.444270911029e-01  ,-7.538124668204e-01  
  3.911681593588e-06  ,-1.076417118539e+00  ,-1.071587166585e+00  
  3.918112934759e-06  ,-1.616457148666e+00  ,-1.586376222771e+00  
  3.930159033468e-06  ,-2.435830704064e+00  ,-2.348787231962e+00  
  3.941609085729e-06  ,-2.896368159659e+00  ,-2.683969108922e+00  
  3.949187816313e-06  ,-2.999023491636e+00  ,-2.401279959643e+00  
  3.957119704416e-06  ,-2.925268524205e+00  ,-2.141733688080e+00  
  3.961590052774e-06  ,-2.803320828042e+00  ,-2.077999629136e+00  
  3.966026128462e-06  ,-2.627732812325e+00  ,-2.029875966329e+00  
  3.971751154592e-06  ,-2.326418525592e+00  ,-1.951293417588e+00  
  3.983201206854e-06  ,-1.510771338344e+00  ,-1.375874508079e+00  
  3.994993985822e-06  ,-4.698632310935e-01  ,-4.062327965974e-01  
  3.996524148813e-06  ,-3.269406114886e-01  ,-2.704143389401e-01  
  3.998774969211e-06  ,-1.154279329046e-01  ,-6.887298951230e-02  
  3.999764592579e-06  ,-2.218642452189e-02  ,2.012904757268e-02  
  4.000291628024e-06  ,2.748490918787e-02  ,6.757663127863e-02  
  4.000702853506e-06  ,6.623699962902e-02  ,1.046086118934e-01  
  4.000957989326e-06  ,9.027473727490e-02  ,1.275853238079e-01  
  4.001025533495e-06  ,9.663753446203e-02  ,1.336679915759e-01  
  4.001133531990e-06  ,1.068102947130e-01  ,1.433935060495e-01  
  4.001282497035e-06  ,1.208397975022e-01  ,1.568074309788e-01  
  4.001507714117e-06  ,1.420455792615e-01  ,1.770853743972e-01  
  4.001915447140e-06  ,1.804177089072e-01  ,2.137861566045e-01  
  4.002485975349e-06  ,2.340595468371e-01  ,2.651065765262e-01  
  4.003066003049e-06  ,2.885173619475e-01  ,3.172233289730e-01  
  4.003610174829e-06  ,3.395219658949e-01  ,3.660473052768e-01  
  4.003886311973e-06  ,3.653669706766e-01  ,3.907912070566e-01  
  4.003979979740e-06  ,3.741276399310e-01  ,3.991791565385e-01  
  4.004144707421e-06  ,3.895265792832e-01  ,4.139235558942e-01  
  4.004297048511e-06  ,4.037583297704e-01  ,4.275510190382e-01  
  4.004601730691e-06  ,4.321937605479e-01  ,4.547807724165e-01  
  4.005211095052e-06  ,4.889432276293e-01  ,5.091296831929e-01  
  4.006429823773e-06  ,6.018838786370e-01  ,6.173066880501e-01  
  4.008867281215e-06  ,8.249542914152e-01  ,8.309550192665e-01  
  4.013093250530e-06  ,1.199504376855e+00  ,1.189269193309e+00  
  4.020861225860e-06  ,1.828369159786e+00  ,1.786910364870e+00  
  4.034908550518e-06  ,2.669095642902e+00  ,2.549247042734e+00  
  4.045273798244e-06  ,2.966992129173e+00  ,2.596108239964e+00  
  4.052742260234e-06  ,2.988873983208e+00  ,2.259683487895e+00  
  4.054660784738e-06  ,2.967897930617e+00  ,2.207963078802e+00  
  4.058497833746e-06  ,2.893726122227e+00  ,2.139069684901e+00  
  4.062059956329e-06  ,2.787244330645e+00  ,2.089630459569e+00  
  4.066019939916e-06  ,2.628014168152e+00  ,2.040585798569e+00  
  4.073939907091e-06  ,2.190778999737e+00  ,1.901524174056e+00  
  4.089779841440e-06  ,9.467625566774e-01  ,8.561349865963e-01  
  4.091745304601e-06  ,7.692958614507e-01  ,6.894877615564e-01  
  4.095676230924e-06  ,4.062536288907e-01  ,3.459465527512e-01  
  4.096658962505e-06  ,3.143075030956e-01  ,2.585250923302e-01  
  4.098067122238e-06  ,1.820575057424e-01  ,1.325509811565e-01  
  4.098694740521e-06  ,1.229833351567e-01  ,7.620736648625e-02  
  4.098941494437e-06  ,9.974341353875e-02  ,5.403077789881e-02  
  4.099237189354e-06  ,7.188632851939e-02  ,2.744071205264e-02  
  4.099659730406e-06  ,3.206904287551e-02  ,-1.057907380830e-02  
  4.100091305288e-06  ,-8.605308817228e-03  ,-4.943255560568e-02  
  4.100658573868e-06  ,-6.206469657770e-02  ,-1.005204942668e-01  
  4.100902394118e-06  ,-8.503725016910e-02  ,-1.224809983497e-01  
  4.100971719442e-06  ,-9.156817579312e-02  ,-1.287249281598e-01  
  4.101100917166e-06  ,-1.037383133386e-01  ,-1.403610925613e-01  
  4.101228485076e-06  ,-1.157532499979e-01  ,-1.518499012629e-01  
  4.101483620895e-06  ,-1.397773529097e-01  ,-1.748249881869e-01  
  4.101976290537e-06  ,-1.861413517015e-01  ,-2.191751153065e-01  
  4.102563303156e-06  ,-2.413246079308e-01  ,-2.719778585107e-01  
  4.103166148258e-06  ,-2.979106319394e-01  ,-3.261388654138e-01  
  4.103743381990e-06  ,-3.519927754500e-01  ,-3.779158088159e-01  
  4.104004105745e-06  ,-3.763836036282e-01  ,-4.012704530025e-01  
  4.104086248396e-06  ,-3.840629330010e-01  ,-4.086239343156e-01  
  4.104224945610e-06  ,-3.970235878700e-01  ,-4.210350451819e-01  
  4.104397147154e-06  ,-4.131045607117e-01  ,-4.364348297578e-01  
  4.104656101396e-06  ,-4.372639904013e-01  ,-4.595721284729e-01  
  4.105174009880e-06  ,-4.854944350433e-01  ,-5.057659058304e-01  
  4.106209826848e-06  ,-5.815570218494e-01  ,-5.977818234309e-01  
  4.108281460783e-06  ,-7.717338179500e-01  ,-7.799452381293e-01  
  4.112342772266e-06  ,-1.134345963631e+00  ,-1.126956799895e+00  
  4.119311300298e-06  ,-1.710435123613e+00  ,-1.675444474631e+00  
  4.132235077402e-06  ,-2.544786116379e+00  ,-2.444741298413e+00  
  4.142507937929e-06  ,-2.917284318467e+00  ,-2.676239487961e+00  
  4.149858680746e-06  ,-2.999970433973e+00  ,-2.365593101454e+00  
  4.154308912536e-06  ,-2.972555010418e+00  ,-2.212119999233e+00  
  4.157764491817e-06  ,-2.911189853157e+00  ,-2.142675807828e+00  
  4.161891368410e-06  ,-2.793082171305e+00  ,-2.091036964863e+00  
  4.166495082160e-06  ,-2.606124155055e+00  ,-2.034312765362e+00  
  4.172058430692e-06  ,-2.308025565461e+00  ,-1.946422749446e+00  
  4.183185127756e-06  ,-1.512080380681e+00  ,-1.376898205822e+00  
  4.194636670133e-06  ,-5.030935335730e-01  ,-4.377855928560e-01  
  4.197169867536e-06  ,-2.663824087304e-01  ,-2.128540441181e-01  
  4.197803166887e-06  ,-2.068823166706e-01  ,-1.561726940820e-01  
  4.198257512605e-06  ,-1.641435586188e-01  ,-1.154288243043e-01  
  4.198450249812e-06  ,-1.460028171991e-01  ,-9.812795084246e-02  
  4.198655303759e-06  ,-1.266969425447e-01  ,-7.971169406315e-02  
  4.199065411655e-06  ,-8.807022134681e-02  ,-4.285247918775e-02  
  4.199582388816e-06  ,-3.935779769438e-02  ,3.653179646523e-03  
  4.200146584032e-06  ,1.381517072208e-02  ,5.444317752910e-02  
  4.200722234515e-06  ,6.806315903126e-02  ,1.062852845967e-01  
  4.200952760136e-06  ,8.978211969757e-02  ,1.270475705916e-01  
  4.201019535964e-06  ,9.607257210223e-02  ,1.330616011214e-01  
  4.201135602040e-06  ,1.070052684756e-01  ,1.435145682210e-01  
  4.201277465751e-06  ,1.203659934888e-01  ,1.562901780473e-01  
  4.201535395538e-06  ,1.446515116534e-01  ,1.795152843800e-01  
  4.201971347636e-06  ,1.856763895785e-01  ,2.187575122211e-01  
  4.202531538164e-06  ,2.383404101946e-01  ,2.691477009457e-01  
  4.203107840573e-06  ,2.924419279270e-01  ,3.209281897538e-01  
  4.203655830776e-06  ,3.437969410333e-01  ,3.700916465406e-01  
  4.203918137779e-06  ,3.683439708743e-01  ,3.935946281347e-01  
  4.204004832270e-06  ,3.764515358336e-01  ,4.013577948077e-01  
  4.204155077884e-06  ,3.904956777631e-01  ,4.148058470792e-01  
  4.204316219972e-06  ,4.055486850453e-01  ,4.292205875298e-01  
  4.204638504149e-06  ,4.356231337415e-01  ,4.580216767858e-01  
  4.205166750314e-06  ,4.848192432330e-01  ,5.051391970461e-01  
  4.206223242642e-06  ,5.827973941051e-01  ,5.989882230421e-01  
  4.208336227300e-06  ,7.767205882695e-01  ,7.847365138201e-01  
  4.212433301570e-06  ,1.142240108929e+00  ,1.134513360419e+00  
  4.219424181344e-06  ,1.719164583065e+00  ,1.683811300354e+00  
  4.232519321801e-06  ,2.558871510896e+00  ,2.456975920287e+00  
  4.242777281167e-06  ,2.923099665286e+00  ,2.672566025969e+00  
  4.250089280965e-06  ,2.999988199281e+00  ,2.355629772426e+00  
  4.254128240706e-06  ,2.974805125381e+00  ,2.217545719352e+00  
  4.257687383058e-06  ,2.912936492407e+00  ,2.144593304652e+00  
  4.261716657044e-06  ,2.799049382061e+00  ,2.088435429095e+00  
  4.266067051055e-06  ,2.625869809384e+00  ,2.038555116150e+00  
  4.273626410129e-06  ,2.210857622537e+00  ,1.908870145645e+00  
  4.288745128276e-06  ,1.038781928858e+00  ,9.422782626230e-01  
  4.290564001264e-06  ,8.763538749757e-01  ,7.903302514682e-01  
  4.294201747240e-06  ,5.434553426621e-01  ,4.762201730135e-01  
  4.295111183735e-06  ,4.589507448198e-01  ,3.960749667438e-01  
  4.296706725569e-06  ,3.098303622069e-01  ,2.543278142364e-01  
  4.298032556387e-06  ,1.853091481613e-01  ,1.357023915139e-01  
  4.298687741818e-06  ,1.236423898987e-01  ,7.688357365130e-02  
  4.298924111487e-06  ,1.013807972314e-01  ,5.563945890887e-02  
  4.299211051973e-06  ,7.434898688678e-02  ,2.983607614051e-02  
  4.299632522004e-06  ,3.463321587733e-02  ,-8.088099744910e-03  
  4.300072152825e-06  ,-6.800237731739e-03  ,-4.766813773966e-02  
  4.300616138341e-06  ,-5.806604440759e-02  ,-9.666116275120e-02  
  4.300864289241e-06  ,-8.144733311922e-02  ,-1.190128289695e-01  
  4.300939924275e-06  ,-8.857290297944e-02  ,-1.258254290604e-01  
  4.301056781976e-06  ,-9.958105890493e-02  ,-1.363508125424e-01  
  4.301182463957e-06  ,-1.114189721303e-01  ,-1.476705260799e-01  
  4.301433827920e-06  ,-1.350894030010e-01  ,-1.703076985755e-01  
  4.301936555846e-06  ,-1.824035168137e-01  ,-2.155673447555e-01  
  4.302547410322e-06  ,-2.398315677325e-01  ,-2.705194073246e-01  
  4.303173724754e-06  ,-2.986211618596e-01  ,-3.267915097884e-01  
  4.303701784654e-06  ,-3.480990984828e-01  ,-3.741619719452e-01  
  4.303988306044e-06  ,-3.749062365443e-01  ,-3.998308847628e-01  
  4.304069482448e-06  ,-3.824957287448e-01  ,-4.070985329080e-01  
  4.304215839790e-06  ,-3.961729168671e-01  ,-4.201961488383e-01  
  4.304377191426e-06  ,-4.112416133471e-01  ,-4.346269133500e-01  
  4.304669580149e-06  ,-4.385207273459e-01  ,-4.607526463716e-01  
  4.305237128125e-06  ,-4.913638171620e-01  ,-5.113659748727e-01  
  4.306372224079e-06  ,-5.965646307515e-01  ,-6.121385731886e-01  
  4.308642415987e-06  ,-8.045578498751e-01  ,-8.113652808206e-01  
  4.312916069018e-06  ,-1.184179816112e+00  ,-1.174569262844e+00  
  4.320374100195e-06  ,-1.791757731340e+00  ,-1.752325337006e+00  
  4.334174065577e-06  ,-2.636784004287e+00  ,-2.522818869242e+00  
  4.344488649355e-06  ,-2.955143865452e+00  ,-2.626825041884e+00  
  4.351713477360e-06  ,-2.995654468814e+00  ,-2.293495350197e+00  
  4.354123740183e-06  ,-2.974859952495e+00  ,-2.220719906233e+00  
  4.357584162341e-06  ,-2.915247851498e+00  ,-2.149631096412e+00  
  4.361480070936e-06  ,-2.806995463642e+00  ,-2.093572549910e+00  
  4.365975006210e-06  ,-2.630054053000e+00  ,-2.040396897944e+00  
  4.373684867011e-06  ,-2.207129826609e+00  ,-1.907328455353e+00  
  4.389104588615e-06  ,-1.006933799848e+00  ,-9.125164155428e-01  
  4.390964812325e-06  ,-8.401574858352e-01  ,-7.562888668030e-01  
  4.394685259746e-06  ,-4.985783383513e-01  ,-4.336871581569e-01  
  4.395615371602e-06  ,-4.119359034925e-01  ,-3.514413702483e-01  
  4.397132496076e-06  ,-2.698904888883e-01  ,-2.163149232099e-01  
  4.397980372148e-06  ,-1.902177538443e-01  ,-1.403943038040e-01  
  4.398617210524e-06  ,-1.302838506967e-01  ,-8.323079274496e-02  
  4.398867410334e-06  ,-1.067215390902e-01  ,-6.074657168035e-02  
  4.399152860703e-06  ,-7.983157304015e-02  ,-3.507973831244e-02  
  4.399591513636e-06  ,-3.849787615324e-02  ,4.388028711121e-03  
  4.400062483462e-06  ,5.888923733144e-03  ,4.678888961080e-02  
  4.400588028790e-06  ,5.541725568489e-02  ,9.412130742553e-02  
  4.400837949203e-06  ,7.896573051810e-02  ,1.166325893256e-01  
  4.400921174517e-06  ,8.680653495387e-02  ,1.241289689662e-01  
  4.401026472175e-06  ,9.672595701672e-02  ,1.336133026611e-01  
  4.401153015630e-06  ,1.086454002593e-01  ,1.450108614457e-01  
  4.401406102540e-06  ,1.324789471594e-01  ,1.678038247074e-01  
  4.401912276359e-06  ,1.801194098584e-01  ,2.133754062399e-01  
  4.402525831671e-06  ,2.378042820955e-01  ,2.685730535800e-01  
  4.403149165871e-06  ,2.963179485085e-01  ,3.245809249442e-01  
  4.403735712828e-06  ,3.512749562319e-01  ,3.771973655964e-01  
  4.404016692849e-06  ,3.775605072033e-01  ,4.023672398773e-01  
  4.404099825030e-06  ,3.853319366852e-01  ,4.098092243867e-01  
  4.404240152059e-06  ,3.984441106582e-01  ,4.223659499809e-01  
  4.404411236016e-06  ,4.144197147855e-01  ,4.376654477037e-01  
  4.404657105176e-06  ,4.373575838720e-01  ,4.596336870918e-01  
  4.405148843495e-06  ,4.831536727509e-01  ,5.034972870940e-01  
  4.406132320134e-06  ,5.743890367455e-01  ,5.908916033344e-01  
  4.408099273412e-06  ,7.551283716943e-01  ,7.640218512922e-01  
  4.412033179967e-06  ,1.107280597105e+00  ,1.101069970618e+00  
  4.418755838839e-06  ,1.667168226783e+00  ,1.634446585750e+00  
  4.431226620642e-06  ,2.493183991553e+00  ,2.399647296444e+00  
  4.441970357863e-06  ,2.905053457231e+00  ,2.681741474367e+00  
  4.449428389041e-06  ,2.999516295167e+00  ,2.386893932213e+00  
  4.455192903249e-06  ,2.960166539421e+00  ,2.188241896648e+00  
  4.458576584427e-06  ,2.891759269424e+00  ,2.127154991159e+00  
  4.463014150230e-06  ,2.752733957563e+00  ,2.076283572600e+00  
  4.467315370409e-06  ,2.566969373822e+00  ,2.023068860242e+00  
  4.474095398752e-06  ,2.180741224263e+00  ,1.893743435106e+00  
  4.487655455438e-06  ,1.134500595883e+00  ,1.031313983847e+00  
  4.489406155614e-06  ,9.801157894829e-01  ,8.875597843736e-01  
  4.492907555966e-06  ,6.629297686243e-01  ,5.893739978261e-01  
  4.496439503698e-06  ,3.348695450056e-01  ,2.781735319839e-01  
  4.497041044949e-06  ,2.784734791131e-01  ,2.244903664258e-01  
  4.498244127451e-06  ,1.654031754328e-01  ,1.167352654162e-01  
  4.498885156779e-06  ,1.050500182215e-01  ,5.915451170655e-02  
  4.499344112543e-06  ,6.181156226128e-02  ,1.787818919867e-02  
  4.499827468960e-06  ,1.626058785058e-02  ,-2.562542850405e-02  
  4.500361116795e-06  ,-3.403372603271e-02  ,-7.368083228402e-02  
  4.500720747007e-06  ,-6.792300067750e-02  ,-1.060733129053e-01  
  4.500950783683e-06  ,-8.959592667745e-02  ,-1.267936278136e-01  
  4.501011110103e-06  ,-9.527885730701e-02  ,-1.322273388697e-01  
  4.501113357680e-06  ,-1.049100949852e-01  ,-1.414367357843e-01  
  4.501249843003e-06  ,-1.177646620858e-01  ,-1.537292967664e-01  
  4.501462324249e-06  ,-1.377723399478e-01  ,-1.728644646725e-01  
  4.501843002351e-06  ,-1.736018452680e-01  ,-2.071379486931e-01  
  4.502480958315e-06  ,-2.335881408717e-01  ,-2.645361298499e-01  
  4.503087249311e-06  ,-2.905104287262e-01  ,-3.190195803828e-01  
  4.503661782207e-06  ,-3.443541487830e-01  ,-3.705689567931e-01  
  4.503937639954e-06  ,-3.701680311877e-01  ,-3.952866324953e-01  
  4.504024753539e-06  ,-3.783141567102e-01  ,-4.030872679745e-01  
  4.504180167994e-06  ,-3.928401253183e-01  ,-4.169976637014e-01  
  4.504341962008e-06  ,-4.079524115780e-01  ,-4.314701663615e-01  
  4.504665550036e-06  ,-4.381449744684e-01  ,-4.603862847766e-01  
  4.505303040339e-06  ,-4.974909485045e-01  ,-5.172288786713e-01  
  4.506578020943e-06  ,-6.155605711246e-01  ,-6.303303847842e-01  
  4.509127982153e-06  ,-8.485496165373e-01  ,-8.534880302731e-01  
  4.513607271207e-06  ,-1.243750401758e+00  ,-1.231463355752e+00  
  4.521764166845e-06  ,-1.895093635743e+00  ,-1.849719049538e+00  
  4.536583371652e-06  ,-2.737433959995e+00  ,-2.602405400331e+00  
  4.546835370554e-06  ,-2.985185773509e+00  ,-2.526972319266e+00  
  4.555419929517e-06  ,-2.956616083885e+00  ,-2.183338684888e+00  
  4.558201976312e-06  ,-2.900957003324e+00  ,-2.132586716875e+00  
  4.562080003513e-06  ,-2.786544934732e+00  ,-2.082242968886e+00  
  4.566157706274e-06  ,-2.621727274080e+00  ,-2.034416213155e+00  
  4.573027886642e-06  ,-2.248594249898e+00  ,-1.924357178780e+00  
  4.586768247379e-06  ,-1.211457668871e+00  ,-1.102803509112e+00  
  4.588443696691e-06  ,-1.065386767955e+00  ,-9.673432897037e-01  
  4.591794595314e-06  ,-7.648047368979e-01  ,-6.856630099379e-01  
  4.595259860350e-06  ,-4.450982921853e-01  ,-3.830584265392e-01  
  4.596126176609e-06  ,-3.641986832625e-01  ,-3.061637227931e-01  
  4.597583696438e-06  ,-2.275125958325e-01  ,-1.760206008006e-01  
  4.598217275186e-06  ,-1.679300331922e-01  ,-1.192132228037e-01  
  4.598386310233e-06  ,-1.520215411051e-01  ,-1.040385988175e-01  
  4.598614460981e-06  ,-1.305427441123e-01  ,-8.354599465625e-02  
  4.599060424795e-06  ,-8.854001816211e-02  ,-4.345744005563e-02  
  4.599606831750e-06  ,-3.705429236635e-02  ,5.706414611515e-03  
  4.600182016572e-06  ,1.715456427330e-02  ,5.749700913616e-02  
  4.600788307568e-06  ,7.428864353789e-02  ,1.121088442089e-01  
  4.600993454648e-06  ,9.361569476544e-02  ,1.305883068990e-01  
  4.601059718249e-06  ,9.985764326799e-02  ,1.365570887379e-01  
  4.601172117243e-06  ,1.104444841756e-01  ,1.466812410678e-01  
  4.601324155653e-06  ,1.247627387046e-01  ,1.603749483962e-01  
  4.601566392655e-06  ,1.475694540122e-01  ,1.821896488190e-01  
  4.602002018789e-06  ,1.885614491255e-01  ,2.214067573407e-01  
  4.602551685372e-06  ,2.402331899599e-01  ,2.708547755871e-01  
  4.603119978407e-06  ,2.935804223212e-01  ,3.219200166311e-01  
  4.603666012833e-06  ,3.447502374097e-01  ,3.709119934515e-01  
  4.603921521181e-06  ,3.686604341860e-01  ,3.938077606335e-01  
  4.604007261066e-06  ,3.766786340094e-01  ,4.014861784172e-01  
  4.604154386749e-06  ,3.904310939526e-01  ,4.146563056392e-01  
  4.604316949105e-06  ,4.056167732562e-01  ,4.291995787982e-01  
  4.604642073816e-06  ,4.359559983336e-01  ,4.582571259852e-01  
  4.605159144109e-06  ,4.841117845221e-01  ,5.043825861665e-01  
  4.606193284696e-06  ,5.800274565989e-01  ,5.962637144759e-01  
  4.608261565870e-06  ,7.699217183454e-01  ,7.781667838207e-01  
  4.612337033456e-06  ,1.133845230129e+00  ,1.126448945679e+00  
  4.619219134754e-06  ,1.703291705109e+00  ,1.668663308817e+00  
  4.632180164760e-06  ,2.542041562474e+00  ,2.442363783057e+00  
  4.642458985751e-06  ,2.916204956414e+00  ,2.676920396233e+00  
  4.649817924207e-06  ,2.999950921166e+00  ,2.367552892024e+00  
  4.654356817907e-06  ,2.971942323869e+00  ,2.210799085347e+00  
  4.657797123497e-06  ,2.910445547206e+00  ,2.142011914384e+00  
  4.661938901251e-06  ,2.791444134197e+00  ,2.085235356137e+00  
  4.666168595856e-06  ,2.621228237910e+00  ,2.037028683485e+00  
  4.673975314206e-06  ,2.188497878965e+00  ,1.898547061186e+00  
  4.689588750904e-06  ,9.638348850595e-01  ,8.734473819604e-01  
  4.691451396054e-06  ,7.960366834830e-01  ,7.156653673911e-01  
  4.695176686352e-06  ,4.528489707739e-01  ,3.908148518145e-01  
  4.696108008927e-06  ,3.658982231578e-01  ,3.081170708170e-01  
  4.697670395678e-06  ,2.193640826770e-01  ,1.685228021719e-01  
  4.698347839719e-06  ,1.556425315557e-01  ,1.077386338890e-01  
  4.698568702867e-06  ,1.348511234524e-01  ,8.789595246332e-02  
  4.698787447257e-06  ,1.142527667446e-01  ,6.823292646941e-02  
  4.699224936036e-06  ,7.304083958325e-02  ,2.887957358473e-02  
  4.699752157746e-06  ,2.335834612694e-02  ,-1.858361975173e-02  
  4.700236631749e-06  ,-2.230181152806e-02  ,-6.222280653096e-02  
  4.700661920203e-06  ,-6.238001339076e-02  ,-1.005406923314e-01  
  4.700899081497e-06  ,-8.472516796127e-02  ,-1.219094926223e-01  
  4.700960630277e-06  ,-9.052352805426e-02  ,-1.274550617045e-01  
  4.701080375077e-06  ,-1.018034034510e-01  ,-1.382438212904e-01  
  4.701197838137e-06  ,-1.128669417242e-01  ,-1.488264808351e-01  
  4.701432764256e-06  ,-1.349892566877e-01  ,-1.699896080109e-01  
  4.701852790738e-06  ,-1.745228248370e-01  ,-2.078164650993e-01  
  4.702570561046e-06  ,-2.420064249152e-01  ,-2.724064634084e-01  
  4.703271008754e-06  ,-3.077430173652e-01  ,-3.353446286428e-01  
  4.703776623780e-06  ,-3.551039080317e-01  ,-3.806996273085e-01  
  4.704065985704e-06  ,-3.821688557267e-01  ,-4.066214470365e-01  
  4.704148477601e-06  ,-3.898788996531e-01  ,-4.140062108642e-01  
  4.704275463434e-06  ,-4.017424001837e-01  ,-4.253695002879e-01  
  4.704436535673e-06  ,-4.167811598987e-01  ,-4.397746610945e-01  
  4.704653696815e-06  ,-4.370397828592e-01  ,-4.591805609635e-01  
  4.705088019097e-06  ,-4.774950622721e-01  ,-4.979353777680e-01  
  4.705956663663e-06  ,-5.581314155664e-01  ,-5.751888613537e-01  
  4.707693952793e-06  ,-7.180975336270e-01  ,-7.284450495919e-01  
  4.711168531055e-06  ,-1.031144094395e+00  ,-1.028177714807e+00  
  4.717374864692e-06  ,-1.557427803934e+00  ,-1.530258274359e+00  
  4.728611830348e-06  ,-2.347866668042e+00  ,-2.269527685673e+00  
  4.741286758060e-06  ,-2.888304152879e+00  ,-2.685103166266e+00  
  4.749075595016e-06  ,-2.998735015983e+00  ,-2.412116674489e+00  
  4.757494751090e-06  ,-2.917225206509e+00  ,-2.132464012440e+00  
  4.761819068069e-06  ,-2.795561782262e+00  ,-2.073350734333e+00  
  4.766473445768e-06  ,-2.607133609644e+00  ,-2.023648256690e+00  
  4.772167179460e-06  ,-2.301464454140e+00  ,-1.941987976770e+00  
  4.783554646844e-06  ,-1.481900066210e+00  ,-1.349794532910e+00  
  4.795345935697e-06  ,-4.370740483335e-01  ,-3.750716102331e-01  
  4.796861197526e-06  ,-2.953459819062e-01  ,-2.403157861786e-01  
  4.799111272866e-06  ,-8.374967708427e-02  ,-3.861622087687e-02  
  4.800146344775e-06  ,1.379262154081e-02  ,5.452164600736e-02  
  4.800724323565e-06  ,6.825999649761e-02  ,1.065672724816e-01  
  4.801081718603e-06  ,1.019299547694e-01  ,1.387520360680e-01  
  4.801178285113e-06  ,1.110253960861e-01  ,1.474476915098e-01  
  4.801286469871e-06  ,1.212139236408e-01  ,1.571890912665e-01  
  4.801474550465e-06  ,1.389234077646e-01  ,1.741231184141e-01  
  4.801680722000e-06  ,1.583307219106e-01  ,1.926830652283e-01  
  4.802093065070e-06  ,1.971246092925e-01  ,2.297903525799e-01  
  4.802605013089e-06  ,2.452427289396e-01  ,2.758287994180e-01  
  4.803184761392e-06  ,2.996561565065e-01  ,3.279048649359e-01  
  4.803671284305e-06  ,3.452437658146e-01  ,3.715442660529e-01  
  4.803935873048e-06  ,3.700027762685e-01  ,3.952484585931e-01  
  4.804016688565e-06  ,3.775601066478e-01  ,4.024842304163e-01  
  4.804161858471e-06  ,3.911292872999e-01  ,4.154765123121e-01  
  4.804317994701e-06  ,4.057144132411e-01  ,4.294421710246e-01  
  4.804630267160e-06  ,4.348550292487e-01  ,4.573468925866e-01  
  4.805140352534e-06  ,4.823638478244e-01  ,5.028450837725e-01  
  4.806160523282e-06  ,5.769977200472e-01  ,5.934846469890e-01  
  4.808200864779e-06  ,7.643909907580e-01  ,7.729706498239e-01  
  4.812204806792e-06  ,1.122297764375e+00  ,1.115480814543e+00  
  4.819013147341e-06  ,1.687274831603e+00  ,1.653537918195e+00  
  4.831759600626e-06  ,2.520771368613e+00  ,2.423870379295e+00  
  4.842120378004e-06  ,2.908550174007e+00  ,2.680319723292e+00  
  4.849521039711e-06  ,2.999660388941e+00  ,2.381087936040e+00  
  4.854739426361e-06  ,2.966807490873e+00  ,2.199811513838e+00  
  4.858107461320e-06  ,2.903214200361e+00  ,2.135606472013e+00  
  4.862322999822e-06  ,2.777979591169e+00  ,2.085147191879e+00  
  4.866801543819e-06  ,2.591696970603e+00  ,2.030104550502e+00  
  4.872579469072e-06  ,2.276346567148e+00  ,1.934834670445e+00  
  4.884135319578e-06  ,1.434071957826e+00  ,1.306544447223e+00  
  4.895938529359e-06  ,3.817467841573e-01  ,3.224782116940e-01  
  4.897437213646e-06  ,2.412760582976e-01  ,1.888081642472e-01  
  4.897811884718e-06  ,2.060626286966e-01  ,1.552610380808e-01  
  4.898177801358e-06  ,1.716443905708e-01  ,1.224565572915e-01  
  4.898409328150e-06  ,1.498549011039e-01  ,1.016812003155e-01  
  4.898700599285e-06  ,1.224316217470e-01  ,7.552623375125e-02  
  4.899283141555e-06  ,6.755660575443e-02  ,2.316349057894e-02  
  4.899833739461e-06  ,1.566961535250e-02  ,-2.637692285857e-02  
  4.900381822797e-06  ,-3.598508779345e-02  ,-7.572059426642e-02  
  4.900779963197e-06  ,-7.350244372612e-02  ,-1.115738135692e-01  
  4.901043434354e-06  ,-9.832375967600e-02  ,-1.353002749871e-01  
  4.901114051888e-06  ,-1.049754824897e-01  ,-1.416593786533e-01  
  4.901211281965e-06  ,-1.141330854893e-01  ,-1.504146558389e-01  
  4.901371469447e-06  ,-1.292179614748e-01  ,-1.648381107713e-01  
  4.901556057582e-06  ,-1.465965677272e-01  ,-1.814566797873e-01  
  4.901891194010e-06  ,-1.781359904189e-01  ,-2.116218600086e-01  
  4.902561466867e-06  ,-2.411521022443e-01  ,-2.719103431235e-01  
  4.903184614802e-06  ,-2.996424097982e-01  ,-3.278876773319e-01  
  4.903698052937e-06  ,-3.477497657525e-01  ,-3.739394420492e-01  
  4.903980616206e-06  ,-3.741871570616e-01  ,-3.992508490555e-01  
  4.904060372343e-06  ,-3.816441132927e-01  ,-4.063906250181e-01  
  4.904206892667e-06  ,-3.953370398848e-01  ,-4.195015811895e-01  
  4.904367475962e-06  ,-4.103345772238e-01  ,-4.338623418737e-01  
  4.904662192991e-06  ,-4.378319705102e-01  ,-4.601938306760e-01  
  4.905213349691e-06  ,-4.891528798793e-01  ,-5.093433451589e-01  
  4.906315663090e-06  ,-5.913394046664e-01  ,-6.072179768096e-01  
  4.908520289889e-06  ,-7.934634898659e-01  ,-8.008086418634e-01  
  4.912725397577e-06  ,-1.167647527937e+00  ,-1.158819427415e+00  
  4.920003869763e-06  ,-1.763650805721e+00  ,-1.725799935297e+00  
  4.933522203198e-06  ,-2.606930707118e+00  ,-2.497898042627e+00  
  4.943801024189e-06  ,-2.943290233664e+00  ,-2.649356209508e+00  
  4.951042988529e-06  ,-2.998389683614e+00  ,-2.317420152237e+00  
  4.953893208137e-06  ,-2.977588816997e+00  ,-2.225783341285e+00  
  4.957713865867e-06  ,-2.912338540286e+00  ,-2.150872688885e+00  
  4.961541974178e-06  ,-2.804931316037e+00  ,-2.097701536722e+00  
  4.965396159520e-06  ,-2.655862279207e+00  ,-2.048633460216e+00  
  4.972200029721e-06  ,-2.299477221360e+00  ,-1.945087407780e+00  
  4.985807770124e-06  ,-1.293707450536e+00  ,-1.178778374560e+00  
  4.996108942857e-06  ,-3.658108592856e-01  ,-3.071634997995e-01  
  4.998493128648e-06  ,-1.419662395711e-01  ,-9.404177443465e-02  
  4.999089175096e-06  ,-8.583151079986e-02  ,-4.051251002338e-02  
  4.999767550459e-06  ,-2.190765838173e-02  ,2.050375737778e-02  
  5.000477497658e-06  ,4.500140618145e-02  ,8.441476206075e-02  
  5.000886115437e-06  ,8.350362611732e-02  ,1.212089423693e-01  
  5.001257294049e-06  ,1.184663621486e-01  ,1.546303617064e-01  
  5.001319983700e-06  ,1.243698805339e-01  ,1.602744857681e-01  
  5.001432382694e-06  ,1.349533316492e-01  ,1.703935311354e-01  
  5.001564746914e-06  ,1.474145342280e-01  ,1.823089290196e-01  
  5.001689800253e-06  ,1.591851282202e-01  ,1.935649318895e-01  
  5.001939906931e-06  ,1.827187637891e-01  ,2.160724386339e-01  
  5.002440120285e-06  ,2.297507409943e-01  ,2.610639223078e-01  
  5.002945642179e-06  ,2.772241633408e-01  ,3.064901283710e-01  
  5.003429371124e-06  ,3.225857131703e-01  ,3.499055655904e-01  
  5.003729489824e-06  ,3.506924796802e-01  ,3.768108568344e-01  
  5.004055173328e-06  ,3.811580936860e-01  ,4.059774487223e-01  
  5.004137478961e-06  ,3.888510700672e-01  ,4.133429013900e-01  
  5.004250937333e-06  ,3.994515707280e-01  ,4.234923993768e-01  
  5.004407841904e-06  ,4.141028917601e-01  ,4.375209282043e-01  
  5.004563931568e-06  ,4.286681359757e-01  ,4.514676406671e-01  
  5.004842257319e-06  ,4.546138313335e-01  ,4.763128619218e-01  
  5.005398908822e-06  ,5.063989690490e-01  ,5.259058668058e-01  
  5.006512211828e-06  ,6.094888656535e-01  ,6.246426965620e-01  
  5.008738817839e-06  ,8.133069737126e-01  ,8.198458739288e-01  
  5.013192029862e-06  ,1.208031769527e+00  ,1.197424355063e+00  
  5.020916791825e-06  ,1.832518343336e+00  ,1.790825544490e+00  
  5.035138460068e-06  ,2.678918639075e+00  ,2.557163393922e+00  
  5.045530529885e-06  ,2.970475032492e+00  ,2.585665571867e+00  
  5.053101809887e-06  ,2.985767615571e+00  ,2.248839413647e+00  
  5.054988296894e-06  ,2.963237367433e+00  ,2.200271480976e+00  
  5.058761270909e-06  ,2.887077188543e+00  ,2.135101701948e+00  
  5.062444837956e-06  ,2.773623967652e+00  ,2.084848207399e+00  
  5.066276671557e-06  ,2.616258838181e+00  ,2.037226220141e+00  
  5.073940338759e-06  ,2.190751205630e+00  ,1.901218078908e+00  
  5.089267673163e-06  ,9.924419452336e-01  ,9.003132697520e-01  
  5.091142239241e-06  ,8.240915641596e-01  ,7.421542459903e-01  
  5.094891371397e-06  ,4.794126004521e-01  ,4.160808952693e-01  
  5.095828654436e-06  ,3.920157754690e-01  ,3.329843172979e-01  
  5.097382286755e-06  ,2.464356646839e-01  ,1.943584490490e-01  
  5.098152863054e-06  ,1.739908672528e-01  ,1.252723734237e-01  
  5.098548907978e-06  ,1.367148358396e-01  ,8.970029391183e-02  
  5.098973823903e-06  ,9.669806676916e-02  ,5.149605205314e-02  
  5.099584212719e-06  ,3.918591369832e-02  ,-3.438386796755e-03  
  5.100216487614e-06  ,-2.040331967628e-02  ,-6.038741320877e-02  
  5.100839914946e-06  ,-7.915093304658e-02  ,-1.165593720267e-01  
  5.101011301583e-06  ,-9.529689475827e-02  ,-1.320017600726e-01  
  5.101077926071e-06  ,-1.015727227216e-01  ,-1.380045918343e-01  
  5.101187822135e-06  ,-1.119236185392e-01  ,-1.479057936693e-01  
  5.101349406602e-06  ,-1.271404861775e-01  ,-1.624628161665e-01  
  5.101606917294e-06  ,-1.513840671220e-01  ,-1.856580850466e-01  
  5.102079563500e-06  ,-1.958548486479e-01  ,-2.282147691887e-01  
  5.102645435097e-06  ,-2.490394638618e-01  ,-2.791238571691e-01  
  5.103244927438e-06  ,-3.052977755567e-01  ,-3.329890114661e-01  
  5.103646979393e-06  ,-3.429682005682e-01  ,-3.690636827777e-01  
  5.103887400316e-06  ,-3.654687808673e-01  ,-3.906133090162e-01  
  5.103967040038e-06  ,-3.729175913285e-01  ,-3.977476306286e-01  
  5.104103781475e-06  ,-3.857017311192e-01  ,-4.099923833949e-01  
  5.104258334456e-06  ,-4.001425146694e-01  ,-4.238243979661e-01  
  5.104567440419e-06  ,-4.289954413419e-01  ,-4.514625039879e-01  
  5.104994731216e-06  ,-4.688129310926e-01  ,-4.896062887170e-01  
  5.105849312810e-06  ,-5.481873191256e-01  ,-5.656510431642e-01  
  5.107558475999e-06  ,-7.056938640590e-01  ,-7.165537284644e-01  
  5.110976802377e-06  ,-1.014156420418e+00  ,-1.011918469110e+00  
  5.116892563371e-06  ,-1.518399980890e+00  ,-1.493160848979e+00  
  5.127837466268e-06  ,-2.301745293443e+00  ,-2.227559457445e+00  
  5.141485439805e-06  ,-2.893309848637e+00  ,-2.686581452231e+00  
  5.149336861638e-06  ,-2.999348996084e+00  ,-2.404547896554e+00  
  5.157814132242e-06  ,-2.910056376868e+00  ,-2.128088891441e+00  
  5.162159310846e-06  ,-2.783767268536e+00  ,-2.069509568330e+00  
  5.166830824880e-06  ,-2.590305922263e+00  ,-2.019277886445e+00  
  5.172719018726e-06  ,-2.267758076961e+00  ,-1.930000480452e+00  
  5.184495406417e-06  ,-1.404172041221e+00  ,-1.279412254848e+00  
  5.196700947551e-06  ,-3.103720105247e-01  ,-2.545206188118e-01  
  5.198055276839e-06  ,-1.831718380134e-01  ,-1.333778980522e-01  
  5.199524903862e-06  ,-4.477509363510e-02  ,-1.345644835116e-03  
  5.199880249990e-06  ,-1.128614591503e-02  ,3.063044347484e-02  
  5.200410824461e-06  ,3.871821830652e-02  ,7.839586537106e-02  
  5.200759558199e-06  ,7.157988028433e-02  ,1.097976744594e-01  
  5.201082261471e-06  ,1.019810893108e-01  ,1.388559016187e-01  
  5.201170085190e-06  ,1.102530973213e-01  ,1.467637086553e-01  
  5.201258095173e-06  ,1.185418073470e-01  ,1.546879885687e-01  
  5.201399050845e-06  ,1.318149856365e-01  ,1.673786155753e-01  
  5.201547503663e-06  ,1.457913377217e-01  ,1.807428904781e-01  
  5.201775281882e-06  ,1.672296486036e-01  ,2.012448979311e-01  
  5.202230838319e-06  ,2.100794834639e-01  ,2.422320785022e-01  
  5.202772588661e-06  ,2.609800230610e-01  ,2.909337869584e-01  
  5.203272336354e-06  ,3.078674804117e-01  ,3.358072061341e-01  
  5.203653759515e-06  ,3.436030146039e-01  ,3.700142210909e-01  
  5.203872154659e-06  ,3.640425716617e-01  ,3.895817256135e-01  
  5.203949396225e-06  ,3.712675413844e-01  ,3.964987939006e-01  
  5.204078873346e-06  ,3.833735600901e-01  ,4.080892933046e-01  
  5.204221319133e-06  ,3.966848041774e-01  ,4.208342375041e-01  
  5.204506210709e-06  ,4.232831936867e-01  ,4.463026368546e-01  
  5.204969916219e-06  ,4.665027639784e-01  ,4.876900464768e-01  
  5.205897327239e-06  ,5.526357567253e-01  ,5.701823786419e-01  
  5.207752149278e-06  ,7.234217712091e-01  ,7.337601943111e-01  
  5.211288939888e-06  ,1.041793553684e+00  ,1.038519688545e+00  
  5.217421512777e-06  ,1.561183745950e+00  ,1.533990487497e+00  
  5.228807490045e-06  ,2.359301390639e+00  ,2.279981022923e+00  
  5.241388540441e-06  ,2.890882583231e+00  ,2.685285581106e+00  
  5.249125223333e-06  ,2.998867187450e+00  ,2.409272093803e+00  
  5.257457952673e-06  ,2.918032328843e+00  ,2.133764685570e+00  
  5.261771093780e-06  ,2.797199148078e+00  ,2.074421437015e+00  
  5.266409080202e-06  ,2.610129487231e+00  ,2.024659225730e+00  
  5.272095363313e-06  ,2.305800336275e+00  ,1.943526143298e+00  
  5.283467929536e-06  ,1.489000749979e+00  ,1.356199287264e+00  
  5.295233886415e-06  ,4.475190363374e-01  ,3.849976778392e-01  
  5.296749893302e-06  ,3.057833710546e-01  ,2.502571845675e-01  
  5.298992145533e-06  ,9.497217518176e-02  ,4.933309192480e-02  
  5.299990337068e-06  ,9.107098524953e-04  ,-4.046969239957e-02  
  5.300534601981e-06  ,-5.038268099146e-02  ,-8.947572699417e-02  
  5.300861263374e-06  ,-8.116225661955e-02  ,-1.188931847244e-01  
  5.301010554383e-06  ,-9.522650831998e-02  ,-1.323374432312e-01  
  5.301079018233e-06  ,-1.016755974882e-01  ,-1.385027269432e-01  
  5.301198227523e-06  ,-1.129036144967e-01  ,-1.492373575771e-01  
  5.301436646102e-06  ,-1.353547404562e-01  ,-1.707046189796e-01  
  5.301751340000e-06  ,-1.649766407958e-01  ,-1.990336783316e-01  
  5.302380727796e-06  ,-2.241691732946e-01  ,-2.556592511479e-01  
  5.302996983943e-06  ,-2.820419436007e-01  ,-3.110409467924e-01  
  5.303560434101e-06  ,-3.348637193167e-01  ,-3.616024249412e-01  
  5.303873311920e-06  ,-3.641508347279e-01  ,-3.896410898823e-01  
  5.304056083975e-06  ,-3.812432244672e-01  ,-4.060062392405e-01  
  5.304195363266e-06  ,-3.942598698237e-01  ,-4.184696812310e-01  
  5.304371662630e-06  ,-4.107254493689e-01  ,-4.342361972241e-01  
  5.304696088849e-06  ,-4.409921258461e-01  ,-4.632197907311e-01  
  5.305344941286e-06  ,-5.013849099866e-01  ,-5.210585519250e-01  
  5.306642646162e-06  ,-6.215204870138e-01  ,-6.361278750015e-01  
  5.309125552146e-06  ,-8.483299436418e-01  ,-8.533469982316e-01  
  5.313795576064e-06  ,-1.259878800924e+00  ,-1.246909855600e+00  
  5.321930119960e-06  ,-1.907192735191e+00  ,-1.861119049863e+00  
  5.337105462519e-06  ,-2.757196252590e+00  ,-2.616872412124e+00  
  5.347034106223e-06  ,-2.986986684424e+00  ,-2.516738133277e+00  
  5.356158087222e-06  ,-2.944033557077e+00  ,-2.163230723164e+00  
  5.359286958544e-06  ,-2.873218721506e+00  ,-2.112327955273e+00  
  5.364149207441e-06  ,-2.708463848800e+00  ,-2.061505514551e+00  
  5.368538344471e-06  ,-2.505436162035e+00  ,-2.006748496788e+00  
  5.377161646454e-06  ,-1.972482256799e+00  ,-1.763961139393e+00  
  5.388337517349e-06  ,-1.074735696668e+00  ,-9.757280822615e-01  
  5.390751877991e-06  ,-8.594040811126e-01  ,-7.744170572679e-01  
  5.395580599276e-06  ,-4.151818292446e-01  ,-3.545020383852e-01  
  5.396721283166e-06  ,-3.084656453956e-01  ,-2.530246005928e-01  
  5.398243623046e-06  ,-1.654506420892e-01  ,-1.167599810157e-01  
  5.398934105603e-06  ,-1.004394070340e-01  ,-5.473548139767e-02  
  5.399237111403e-06  ,-7.189367318515e-02  ,-2.748664375254e-02  
  5.399607125862e-06  ,-3.702657510809e-02  ,5.807497536812e-03  
  5.400121495320e-06  ,1.145063629372e-02  ,5.211662560946e-02  
  5.400619287236e-06  ,5.836276486525e-02  ,9.694977253213e-02  
  5.400861198274e-06  ,8.115612338668e-02  ,1.187393140269e-01  
  5.400932397885e-06  ,8.786386416924e-02  ,1.251523876182e-01  
  5.401052398799e-06  ,9.916818094846e-02  ,1.359608566497e-01  
  5.401177312439e-06  ,1.109337865354e-01  ,1.472113486392e-01  
  5.401427139720e-06  ,1.344596914262e-01  ,1.697101331783e-01  
  5.401926794281e-06  ,1.814852045817e-01  ,2.146933262596e-01  
  5.402535786113e-06  ,2.387395022925e-01  ,2.694786304514e-01  
  5.403161541751e-06  ,2.974786216337e-01  ,3.257019402280e-01  
  5.403747623047e-06  ,3.523897216555e-01  ,3.782741172272e-01  
  5.404014027869e-06  ,3.773113345553e-01  ,4.021377426264e-01  
  5.404096007539e-06  ,3.849751240669e-01  ,4.094765723830e-01  
  5.404236125020e-06  ,3.980679303869e-01  ,4.220146175417e-01  
  5.404408047168e-06  ,4.141220521929e-01  ,4.373891519654e-01  
  5.404659876792e-06  ,4.376160100492e-01  ,4.598897673839e-01  
  5.405163536040e-06  ,4.845202846442e-01  ,5.048144738045e-01  
  5.406170854537e-06  ,5.779532083014e-01  ,5.943133350684e-01  
  5.408185491530e-06  ,7.629898285101e-01  ,7.715576987546e-01  
  5.412214020459e-06  ,1.123103031707e+00  ,1.116201406202e+00  
  5.419043967692e-06  ,1.689675827752e+00  ,1.655782959695e+00  
  5.431782970397e-06  ,2.521964885037e+00  ,2.424893720365e+00  
  5.442188451258e-06  ,2.910115542428e+00  ,2.679782630636e+00  
  5.449586877791e-06  ,2.999747336799e+00  ,2.378270316198e+00  
  5.454683819978e-06  ,2.967580401172e+00  ,2.201569822795e+00  
  5.458068246214e-06  ,2.904143219210e+00  ,2.136540059634e+00  
  5.462269628612e-06  ,2.779874757087e+00  ,2.085901622125e+00  
  5.466768289177e-06  ,2.593274131122e+00  ,2.030575452086e+00  
  5.472488099901e-06  ,2.281946130960e+00  ,1.936932830276e+00  
  5.483927721350e-06  ,1.451226782005e+00  ,1.322065877717e+00  
  5.495640034048e-06  ,4.096334161648e-01  ,3.489990523127e-01  
  5.495954169152e-06  ,3.802847049105e-01  ,3.211208621627e-01  
  5.496582439361e-06  ,3.214790328094e-01  ,2.652073434857e-01  
  5.497337648837e-06  ,2.506282275113e-01  ,1.977686037489e-01  
  5.497732389910e-06  ,2.135364925139e-01  ,1.624346279069e-01  
  5.498097794322e-06  ,1.791719737470e-01  ,1.296824434850e-01  
  5.498296072898e-06  ,1.605146609359e-01  ,1.118942794784e-01  
  5.498550091131e-06  ,1.366034421278e-01  ,8.909082871910e-02  
  5.499058127595e-06  ,8.875642964299e-02  ,4.344077394641e-02  
  5.499658551259e-06  ,3.218016853943e-02  ,-1.056925333962e-02  
  5.500247519655e-06  ,-2.332794280899e-02  ,-6.358941760929e-02  
  5.500751458300e-06  ,-7.081669783893e-02  ,-1.089710004004e-01  
  5.501026570989e-06  ,-9.673526511007e-02  ,-1.337470548827e-01  
  5.501101251418e-06  ,-1.037697969701e-01  ,-1.404723621806e-01  
  5.501204022864e-06  ,-1.134494236993e-01  ,-1.497270801833e-01  
  5.501354687573e-06  ,-1.276377570930e-01  ,-1.632937899067e-01  
  5.501567401649e-06  ,-1.476644343465e-01  ,-1.824454083537e-01  
  5.501907660352e-06  ,-1.796851443696e-01  ,-2.130724406884e-01  
  5.502513020026e-06  ,-2.366005931916e-01  ,-2.675259465260e-01  
  5.503085690277e-06  ,-2.903641834419e-01  ,-3.189796525322e-01  
  5.503639175283e-06  ,-3.422374924844e-01  ,-3.686363537267e-01  
  5.503907070221e-06  ,-3.673087481558e-01  ,-3.926399869955e-01  
  5.503996418981e-06  ,-3.756648565250e-01  ,-4.006407359287e-01  
  5.504152927740e-06  ,-3.902947545841e-01  ,-4.146490082339e-01  
  5.504311089596e-06  ,-4.050695916235e-01  ,-4.287967142419e-01  
  5.504627413308e-06  ,-4.345888989636e-01  ,-4.570648533462e-01  
  5.505201946205e-06  ,-4.880924779899e-01  ,-5.083058971830e-01  
  5.506351011997e-06  ,-5.946052327316e-01  ,-6.103272562932e-01  
  5.508649143582e-06  ,-8.051686653326e-01  ,-8.120063639220e-01  
  5.512820723658e-06  ,-1.175918110470e+00  ,-1.166713250697e+00  
  5.520290675765e-06  ,-1.785445387475e+00  ,-1.746387795329e+00  
  5.533917787677e-06  ,-2.625178489943e+00  ,-2.513177737249e+00  
  5.544272604590e-06  ,-2.951567897755e+00  ,-2.634425054170e+00  
  5.551495942479e-06  ,-2.996687614628e+00  ,-2.301090284578e+00  
  5.553995239740e-06  ,-2.976400300653e+00  ,-2.223854979061e+00  
  5.557581204182e-06  ,-2.915313640039e+00  ,-2.149332556043e+00  
  5.561420488363e-06  ,-2.808972202554e+00  ,-2.094086048815e+00  
  5.565989184385e-06  ,-2.629410962857e+00  ,-2.040189865253e+00  
  5.573533642298e-06  ,-2.216758117279e+00  ,-1.911558448803e+00  
  5.588622558122e-06  ,-1.049611542010e+00  ,-9.524011491998e-01  
  5.590439568466e-06  ,-8.875631380683e-01  ,-8.008561278575e-01  
  5.594073589152e-06  ,-5.553296822098e-01  ,-4.875239415943e-01  
  5.594982094323e-06  ,-4.709701142669e-01  ,-4.075360705756e-01  
  5.596799104666e-06  ,-3.011691015960e-01  ,-2.461258113310e-01  
  5.598130150890e-06  ,-1.761277906779e-01  ,-1.269842486429e-01  
  5.598815324908e-06  ,-1.116272226413e-01  ,-6.545168454689e-02  
  5.599078609800e-06  ,-8.682685409818e-02  ,-4.178016579644e-02  
  5.599402663490e-06  ,-5.629433554424e-02  ,-1.262872569339e-02  
  5.599846159300e-06  ,-1.449908795897e-02  ,2.729052151413e-02  
  5.600256686291e-06  ,2.419185075942e-02  ,6.425868700257e-02  
  5.600608726224e-06  ,5.736759813754e-02  ,9.596719481479e-02  
  5.600816294743e-06  ,7.692553470269e-02  ,1.146641873393e-01  
  5.600884141592e-06  ,8.331766752094e-02  ,1.207755567004e-01  
  5.600985632470e-06  ,9.287882803801e-02  ,1.299173178341e-01  
  5.601098171161e-06  ,1.034796628924e-01  ,1.400539142577e-01  
  5.601323248545e-06  ,1.246773196843e-01  ,1.603256247652e-01  
  5.601773403311e-06  ,1.670528724791e-01  ,2.008590382472e-01  
  5.602438460762e-06  ,2.295947935986e-01  ,2.607018597867e-01  
  5.603101096774e-06  ,2.918093602403e-01  ,3.202514558162e-01  
  5.603702917421e-06  ,3.482051379657e-01  ,3.742455112120e-01  
  5.603983198950e-06  ,3.744286728059e-01  ,3.993561490109e-01  
  5.604067425435e-06  ,3.823034413271e-01  ,4.068971395792e-01  
  5.604220441734e-06  ,3.966028372215e-01  ,4.205909110887e-01  
  5.604386193870e-06  ,4.120820476445e-01  ,4.354151658622e-01  
  5.604702564148e-06  ,4.415957697550e-01  ,4.636817733843e-01  
  5.605335304705e-06  ,5.004894347296e-01  ,5.200921555762e-01  
  5.606600785820e-06  ,6.176603015568e-01  ,6.323340900705e-01  
  5.609131748049e-06  ,8.488900441862e-01  ,8.538080373022e-01  
  5.613685542909e-06  ,1.250459728112e+00  ,1.237866207905e+00  
  5.621855849592e-06  ,1.901784314381e+00  ,1.856008446037e+00  
  5.636801714269e-06  ,2.745788609897e+00  ,2.608570362596e+00  
  5.647038812010e-06  ,2.987027916630e+00  ,2.517739421991e+00  
  5.655831987230e-06  ,2.949787839773e+00  ,2.172898035447e+00  
  5.658711264102e-06  ,2.888354538463e+00  ,2.123320865417e+00  
  5.662805358140e-06  ,2.760497862111e+00  ,2.072490744087e+00  
  5.666743735043e-06  ,2.594436838144e+00  ,2.026594090296e+00  
  5.674535552232e-06  ,2.152045741851e+00  ,1.879722337194e+00  
  5.689369658200e-06  ,9.833661900765e-01  ,8.903639817932e-01  
  5.691325435607e-06  ,8.074763605077e-01  ,7.254455365945e-01  
  5.695236990420e-06  ,4.472297618902e-01  ,3.849325516764e-01  
  5.696214879123e-06  ,3.558990978471e-01  ,2.981150271931e-01  
  5.697796078591e-06  ,2.075487773132e-01  ,1.568754668071e-01  
  5.698483580915e-06  ,1.428650776645e-01  ,9.520116239937e-02  
  5.698738344206e-06  ,1.188771251757e-01  ,7.231593413493e-02  
  5.699014853878e-06  ,9.283301279957e-02  ,4.746141630777e-02  
  5.699567873223e-06  ,4.072573828917e-02  ,-2.287347514993e-03  
  5.700084105326e-06  ,-7.926730991227e-03  ,-4.876120042828e-02  
  5.700649790658e-06  ,-6.123707334694e-02  ,-9.970780755926e-02  
  5.700903063832e-06  ,-8.510034385045e-02  ,-1.225203282074e-01  
  5.700972412439e-06  ,-9.163345878002e-02  ,-1.287665177343e-01  
  5.701103985036e-06  ,-1.040272798429e-01  ,-1.406168733081e-01  
  5.701230598340e-06  ,-1.159522718733e-01  ,-1.520199877277e-01  
  5.701483824948e-06  ,-1.397965635414e-01  ,-1.748236954305e-01  
  5.701990278164e-06  ,-1.874570963841e-01  ,-2.204152640286e-01  
  5.702592005679e-06  ,-2.440208920704e-01  ,-2.745407716280e-01  
  5.703204443404e-06  ,-3.015018082028e-01  ,-3.295602548552e-01  
  5.703669313068e-06  ,-3.450592147469e-01  ,-3.712617079890e-01  
  5.703932365129e-06  ,-3.696746845618e-01  ,-3.948313281440e-01  
  5.704012586927e-06  ,-3.771766069398e-01  ,-4.020148969029e-01  
  5.704155917471e-06  ,-3.905741336588e-01  ,-4.148443095984e-01  
  5.704314056044e-06  ,-4.053466107819e-01  ,-4.289909710284e-01  
  5.704630333191e-06  ,-4.348611867757e-01  ,-4.572569351698e-01  
  5.705133154249e-06  ,-4.816942400598e-01  ,-5.021126822984e-01  
  5.706138796365e-06  ,-5.749881032805e-01  ,-5.914772845384e-01  
  5.708150080597e-06  ,-7.597616972955e-01  ,-7.684690001430e-01  
  5.712139121449e-06  ,-1.116554195965e+00  ,-1.109942212458e+00  
  5.718873701250e-06  ,-1.676391834103e+00  ,-1.643188433559e+00  
  5.731524787104e-06  ,-2.508703912135e+00  ,-2.413292826117e+00  
  5.742034576094e-06  ,-2.906558179680e+00  ,-2.681110786726e+00  
  5.749465785181e-06  ,-2.999577513659e+00  ,-2.384292342669e+00  
  5.754946432268e-06  ,-2.963850606851e+00  ,-2.194450291191e+00  
  5.758317074930e-06  ,-2.898173694033e+00  ,-2.131773538307e+00  
  5.762628725922e-06  ,-2.766973180095e+00  ,-2.081200553773e+00  
  5.767029038822e-06  ,-2.580831839457e+00  ,-2.027008783205e+00  
  5.773238352692e-06  ,-2.235414408658e+00  ,-1.920303708991e+00  
  5.785656980431e-06  ,-1.306515144269e+00  ,-1.190197841304e+00  
  5.795354656136e-06  ,-4.362609193410e-01  ,-3.741161650422e-01  
  5.795657708501e-06  ,-4.079831768715e-01  ,-3.472505109220e-01  
  5.796263813233e-06  ,-3.513193166181e-01  ,-2.934090332083e-01  
  5.796937438851e-06  ,-2.881944724852e-01  ,-2.333751533601e-01  
  5.797626245027e-06  ,-2.235138320539e-01  ,-1.717983938296e-01  
  5.797975677257e-06  ,-1.906593443992e-01  ,-1.404964174987e-01  
  5.798085817793e-06  ,-1.802987073765e-01  ,-1.306223292116e-01  
  5.798272920499e-06  ,-1.626935549456e-01  ,-1.138408319245e-01  
  5.798543516273e-06  ,-1.372224622377e-01  ,-8.955470364089e-02  
  5.798986825818e-06  ,-9.547329383950e-02  ,-4.973124989699e-02  
  5.799547761405e-06  ,-4.262104954613e-02  ,7.107205797788e-04  
  5.800188325072e-06  ,1.774911630311e-02  ,5.836189496844e-02  
  5.800783719594e-06  ,7.385636896339e-02  ,1.119714975629e-01  
  5.800992289284e-06  ,9.350591522747e-02  ,1.307524246050e-01  
  5.801057737978e-06  ,9.967111033207e-02  ,1.366457009637e-01  
  5.801170113688e-06  ,1.102557814240e-01  ,1.467641985539e-01  
  5.801320336020e-06  ,1.244030572942e-01  ,1.602896836180e-01  
  5.801558056107e-06  ,1.467846989755e-01  ,1.816905265485e-01  
  5.801987861475e-06  ,1.872297733662e-01  ,2.203717555625e-01  
  5.802537993720e-06  ,2.389469039093e-01  ,2.698480788743e-01  
  5.803106100490e-06  ,2.922787095787e-01  ,3.208841546923e-01  
  5.803648595890e-06  ,3.431195524744e-01  ,3.695484467787e-01  
  5.803909738740e-06  ,3.675583566100e-01  ,3.929446292325e-01  
  5.803997096797e-06  ,3.757282363126e-01  ,4.007664274199e-01  
  5.804147971055e-06  ,3.898315636115e-01  ,4.142693969783e-01  
  5.804307832574e-06  ,4.047654335467e-01  ,4.285682314180e-01  
  5.804627555614e-06  ,4.346021695185e-01  ,4.571381429334e-01  
  5.805154032266e-06  ,4.836363126608e-01  ,5.040950569395e-01  
  5.806206985569e-06  ,5.812943149780e-01  ,5.976276404658e-01  
  5.808312892174e-06  ,7.745960865337e-01  ,7.827653834007e-01  
  5.812372713542e-06  ,1.136957858179e+00  ,1.129507253629e+00  
  5.819329320645e-06  ,1.711830141518e+00  ,1.676795566617e+00  
  5.832332073903e-06  ,2.549615528081e+00  ,2.448943650056e+00  
  5.842548310017e-06  ,2.918169303967e+00  ,2.675719878126e+00  
  5.849886386847e-06  ,2.999980890568e+00  ,2.364210842350e+00  
  5.854253172135e-06  ,2.973259428489e+00  ,2.213612572832e+00  
  5.857715084409e-06  ,2.912310978449e+00  ,2.143607201557e+00  
  5.861832275247e-06  ,2.795109905450e+00  ,2.091825519139e+00  
  5.866447164869e-06  ,2.608358135275e+00  ,2.034955679224e+00  
  5.871987416601e-06  ,2.312295505407e+00  ,1.947924094192e+00  
  5.883067920065e-06  ,1.521610893865e+00  ,1.385444228518e+00  
  5.894483699655e-06  ,5.173006283371e-01  ,4.512743723279e-01  
  5.897026582813e-06  ,2.798305896305e-01  ,2.256650177109e-01  
  5.897662303602e-06  ,2.201246941340e-01  ,1.687998889253e-01  
  5.898211411392e-06  ,1.684818133167e-01  ,1.195729148722e-01  
  5.898317512317e-06  ,1.584969014757e-01  ,1.100511816356e-01  
  5.898473695112e-06  ,1.437957286462e-01  ,9.602981957155e-02  
  5.898683452239e-06  ,1.240463285338e-01  ,7.718981798872e-02  
  5.899102966493e-06  ,8.453222631411e-02  ,3.948233030810e-02  
  5.899621620035e-06  ,3.566063172090e-02  ,-7.177253943795e-03  
  5.900158900028e-06  ,-1.497591262625e-02  ,-5.554581719236e-02  
  5.900754573947e-06  ,-7.111025844420e-02  ,-1.091918063093e-01  
  5.900975367246e-06  ,-9.191181245792e-02  ,-1.290775794712e-01  
  5.901041537715e-06  ,-9.814510157365e-02  ,-1.350370779154e-01  
  5.901156218449e-06  ,-1.089470602105e-01  ,-1.453652399711e-01  
  5.901302296394e-06  ,-1.227043052229e-01  ,-1.585202612084e-01  
  5.901548398385e-06  ,-1.458755635541e-01  ,-1.806801219205e-01  
  5.901979554171e-06  ,-1.864483482931e-01  ,-2.194902958439e-01  
  5.902533504838e-06  ,-2.385251784991e-01  ,-2.693189600184e-01  
  5.903104591841e-06  ,-2.921371988096e-01  ,-3.206311096543e-01  
  5.903648856753e-06  ,-3.431439769287e-01  ,-3.694612570134e-01  
  5.903911117190e-06  ,-3.676872933966e-01  ,-3.929607034986e-01  
  5.903998440323e-06  ,-3.758538632915e-01  ,-4.007803770878e-01  
  5.904149547411e-06  ,-3.899788715856e-01  ,-4.143058820598e-01  
  5.904309618479e-06  ,-4.049322113589e-01  ,-4.286252015810e-01  
  5.904629760614e-06  ,-4.348077925289e-01  ,-4.572358769636e-01  
  5.905158658704e-06  ,-4.840666356751e-01  ,-5.044135444488e-01  
  5.906216454884e-06  ,-5.821698372721e-01  ,-5.983825518672e-01  
  5.908332047245e-06  ,-7.763400538241e-01  ,-7.843680308352e-01  
  5.912406024715e-06  ,-1.139862539797e+00  ,-1.132237459100e+00  
  5.919390944025e-06  ,-1.716596473593e+00  ,-1.681280402609e+00  
  5.932445851346e-06  ,-2.555250279098e+00  ,-2.453797189833e+00  
  5.942665067693e-06  ,-2.920702292527e+00  ,-2.674103633612e+00  
  5.949994948884e-06  ,-2.999999962228e+00  ,-2.359528800512e+00  
  5.954178449890e-06  ,-2.974189425435e+00  ,-2.215916241471e+00  
  5.957684320590e-06  ,-2.913005509441e+00  ,-2.144428309479e+00  
  5.961761278292e-06  ,-2.797533368502e+00  ,-2.092805817363e+00  
  5.966430557152e-06  ,-2.609131034304e+00  ,-2.035206417371e+00  
  5.971955907723e-06  ,-2.314186388444e+00  ,-1.948586234835e+00  
  5.983006608864e-06  ,-1.526588083278e+00  ,-1.389899890459e+00  
  5.994410467526e-06  ,-5.240978353938e-01  ,-4.577085620241e-01  
  5.996956330916e-06  ,-2.864221215138e-01  ,-2.319165165147e-01  
  5.997592796763e-06  ,-2.266573710566e-01  ,-1.750021235176e-01  
  5.998177201679e-06  ,-1.717008163343e-01  ,-1.226212914938e-01  
  5.998287121026e-06  ,-1.613571401741e-01  ,-1.127580807808e-01  
  5.998444467975e-06  ,-1.465470943494e-01  ,-9.863373375325e-02  
  5.998647240182e-06  ,-1.274562346755e-01  ,-8.042307041627e-02  
  5.999052784597e-06  ,-8.925977361761e-02  ,-4.397551698259e-02  
  5.999563708162e-06  ,-4.111824950115e-02  ,1.983579560189e-03  
  6.000139079249e-06  ,1.310786865566e-02  ,5.377823400711e-02  
  6.000690515345e-06  ,6.507443382618e-02  ,1.034385881279e-01  
  6.000940482324e-06  ,8.862547486761e-02  ,1.259515727533e-01  
  6.001010087045e-06  ,9.518248496728e-02  ,1.322203123854e-01  
  6.001129878411e-06  ,1.064661706658e-01  ,1.430086637510e-01  
  6.001272021519e-06  ,1.198532980764e-01  ,1.558093013452e-01  
  6.001549369382e-06  ,1.459669695369e-01  ,1.807824867833e-01  
  6.001999663847e-06  ,1.883399393782e-01  ,2.213142608166e-01  
  6.002563393401e-06  ,2.413330857715e-01  ,2.720196234517e-01  
  6.003143421100e-06  ,2.957791594396e-01  ,3.241301621049e-01  
  6.003701748984e-06  ,3.480957594037e-01  ,3.742144810466e-01  
  6.003949527355e-06  ,3.712798051078e-01  ,3.964125347335e-01  
  6.004033579217e-06  ,3.791393024300e-01  ,4.039381755787e-01  
  6.004176094854e-06  ,3.924595432405e-01  ,4.166930355170e-01  
  6.004343965748e-06  ,4.081395046566e-01  ,4.317081242369e-01  
  6.004679707536e-06  ,4.394649368101e-01  ,4.617072414345e-01  
  6.005275288323e-06  ,4.949114082248e-01  ,5.148113744527e-01  
  6.006466449896e-06  ,6.052652238449e-01  ,6.205152833134e-01  
  6.008848773042e-06  ,8.232770451239e-01  ,8.293251686661e-01  
  6.013238655129e-06  ,1.212052785191e+00  ,1.201218904104e+00  
  6.020990239182e-06  ,1.837994182971e+00  ,1.795962750602e+00  
  6.035274492303e-06  ,2.684664905927e+00  ,2.561735461081e+00  
  6.045612917939e-06  ,2.971551790295e+00  ,2.581909161007e+00  
  6.053263174096e-06  ,2.984249617295e+00  ,2.243690335728e+00  
  6.055250243941e-06  ,2.959283996635e+00  ,2.193902821224e+00  
  6.057688446442e-06  ,2.912912521240e+00  ,2.149009275683e+00  
  6.060503648320e-06  ,2.838144680106e+00  ,2.108553398485e+00  
  6.065374837914e-06  ,2.656796196293e+00  ,2.047085977014e+00  
  6.072158591548e-06  ,2.301983564326e+00  ,1.944971770926e+00  
  6.085726098815e-06  ,1.300648026382e+00  ,1.185171034061e+00  
  6.096033232013e-06  ,3.728921500280e-01  ,3.139287659602e-01  
  6.098458395997e-06  ,1.452359623104e-01  ,9.719134539147e-02  
  6.099064686993e-06  ,8.813848968160e-02  ,4.274386888733e-02  
  6.099755076418e-06  ,2.308327602931e-02  ,-1.935334061328e-02  
  6.100476478884e-06  ,-4.490539979662e-02  ,-8.429721487943e-02  
  6.100888682256e-06  ,-8.374544902466e-02  ,-1.214153130352e-01  
  6.101264890010e-06  ,-1.191817027436e-01  ,-1.552904096931e-01  
  6.101328848587e-06  ,-1.252046533498e-01  ,-1.610489020575e-01  
  6.101439501351e-06  ,-1.356235667286e-01  ,-1.710109422966e-01  
  6.101576778298e-06  ,-1.485470850806e-01  ,-1.833688008079e-01  
  6.101702576695e-06  ,-1.603875702767e-01  ,-1.946920150424e-01  
  6.101954173489e-06  ,-1.840608405590e-01  ,-2.173338140534e-01  
  6.102457367076e-06  ,-2.313714051335e-01  ,-2.625932631401e-01  
  6.102961212588e-06  ,-2.786853276415e-01  ,-3.078682121082e-01  
  6.103446338518e-06  ,-3.241755346077e-01  ,-3.514079897248e-01  
  6.103736305801e-06  ,-3.513304581306e-01  ,-3.774027530129e-01  
  6.104049369885e-06  ,-3.806155582857e-01  ,-4.054397013279e-01  
  6.104123898974e-06  ,-3.875819480271e-01  ,-4.121096037095e-01  
  6.104245599551e-06  ,-3.989529704525e-01  ,-4.229970082543e-01  
  6.104403644992e-06  ,-4.137111249390e-01  ,-4.371280632432e-01  
  6.104568279540e-06  ,-4.290737137771e-01  ,-4.518385189874e-01  
  6.104865743970e-06  ,-4.568017086523e-01  ,-4.783909849662e-01  
  6.105460672831e-06  ,-5.121356020190e-01  ,-5.313837842715e-01  
  6.106650530552e-06  ,-6.222474324146e-01  ,-6.368483504447e-01  
  6.109030245995e-06  ,-8.397103702119e-01  ,-8.451156957128e-01  
  6.113789676880e-06  ,-1.259374199160e+00  ,-1.246442284801e+00  
  6.121894418454e-06  ,-1.904594220367e+00  ,-1.858681552864e+00  
  6.137007176137e-06  ,-2.753532412076e+00  ,-2.614238120958e+00  
  6.146987973904e-06  ,-2.986579015199e+00  ,-2.519044333787e+00  
  6.155997215962e-06  ,-2.946910907785e+00  ,-2.167461625927e+00  
  6.159021779155e-06  ,-2.880307715262e+00  ,-2.117070020738e+00  
  6.163271590328e-06  ,-2.742998073585e+00  ,-2.065942658399e+00  
  6.167244239902e-06  ,-2.570432522523e+00  ,-2.019743989072e+00  
  6.175189539051e-06  ,-2.108651313692e+00  ,-1.855201276443e+00  
  6.188742145156e-06  ,-1.039045684121e+00  ,-9.423565183415e-01  
  6.190745978808e-06  ,-8.599367498535e-01  ,-7.748111311288e-01  
  6.194753646111e-06  ,-4.922215620212e-01  ,-4.276222502084e-01  
  6.195755562937e-06  ,-3.988443813878e-01  ,-3.389703341978e-01  
  6.197410709416e-06  ,-2.437658473534e-01  ,-1.914058812222e-01  
  6.198229341960e-06  ,-1.667945376370e-01  ,-1.180379020912e-01  
  6.198710835731e-06  ,-1.214676568842e-01  ,-7.479917446226e-02  
  6.199162154650e-06  ,-7.895594593514e-02  ,-3.422532088797e-02  
  6.199721693253e-06  ,-2.622945875527e-02  ,1.612307636343e-02  
  6.200266330695e-06  ,2.510078374872e-02  ,6.516273299943e-02  
  6.200700699544e-06  ,6.603404274810e-02  ,1.042853266819e-01  
  6.200946708402e-06  ,8.921201105626e-02  ,1.264437969039e-01  
  6.201011272339e-06  ,9.529414001156e-02  ,1.322590532178e-01  
  6.201120446628e-06  ,1.055778013436e-01  ,1.420920920774e-01  
  6.201252042508e-06  ,1.179718004423e-01  ,1.539439851833e-01  
  6.201500565937e-06  ,1.413726311792e-01  ,1.763241280719e-01  
  6.201887530467e-06  ,1.777913176268e-01  ,2.111613412760e-01  
  6.202485253295e-06  ,2.339917021892e-01  ,2.649365951349e-01  
  6.203074128559e-06  ,2.892796140452e-01  ,3.178546067219e-01  
  6.203629289946e-06  ,3.413118871771e-01  ,3.676684538738e-01  
  6.203905054560e-06  ,3.671202050782e-01  ,3.923801450287e-01  
  6.203994752565e-06  ,3.755090362711e-01  ,4.004129917469e-01  
  6.204155778239e-06  ,3.905611229662e-01  ,4.148268774638e-01  
  6.204311611788e-06  ,4.051183563654e-01  ,4.287675116203e-01  
  6.204623278888e-06  ,4.342033456046e-01  ,4.566222343380e-01  
  6.205215600045e-06  ,4.893621313188e-01  ,5.094529377295e-01  
  6.206400242360e-06  ,5.991523232966e-01  ,6.146212462745e-01  
  6.208769526990e-06  ,8.160924752565e-01  ,8.224145693254e-01  
  6.213010397466e-06  ,1.192342951026e+00  ,1.182369364227e+00  
  6.220632341417e-06  ,1.811219453592e+00  ,1.770698448748e+00  
  6.234566417249e-06  ,2.654220206702e+00  ,2.537152179143e+00  
  6.244881001027e-06  ,2.961289846471e+00  ,2.611880956843e+00  
  6.252210882219e-06  ,2.992766514501e+00  ,2.276642965775e+00  
  6.254409548553e-06  ,2.971260141799e+00  ,2.213805951431e+00  
  6.257712018402e-06  ,2.912380319379e+00  ,2.148037268814e+00  
  6.261620592983e-06  ,2.802294501348e+00  ,2.095783535017e+00  
  6.266474646242e-06  ,2.607077632570e+00  ,2.034553671945e+00  
  6.272547614487e-06  ,2.278300908821e+00  ,1.935818679053e+00  
  6.284693550976e-06  ,1.387642159265e+00  ,1.264465237586e+00  
  6.296957206639e-06  ,2.863399635190e-01  ,2.316560684605e-01  
  6.298192885431e-06  ,1.702250597692e-01  ,1.210437503889e-01  
  6.299646679969e-06  ,3.329894457774e-02  ,-9.604561111743e-03  
  6.300015576841e-06  ,-1.468082647184e-03  ,-4.280540821191e-02  
  6.300645150902e-06  ,-6.079987711377e-02  ,-9.949012968444e-02  
  6.300951462897e-06  ,-8.965991247111e-02  ,-1.270729444213e-01  
  6.301031486789e-06  ,-9.719832626344e-02  ,-1.342787851075e-01  
  6.301172302762e-06  ,-1.104619571179e-01  ,-1.469583010590e-01  
  6.301307740347e-06  ,-1.232169545537e-01  ,-1.591528006372e-01  
  6.301578615518e-06  ,-1.487200263430e-01  ,-1.835386298042e-01  
  6.302114871057e-06  ,-1.991752872531e-01  ,-2.317962313907e-01  
  6.302736156346e-06  ,-2.575592054926e-01  ,-2.876560567720e-01  
  6.303320281865e-06  ,-3.123620300350e-01  ,-3.401053881814e-01  
  6.303684056463e-06  ,-3.464394879024e-01  ,-3.727259264627e-01  
  6.303922521608e-06  ,-3.687540073623e-01  ,-3.940887986042e-01  
  6.303997632774e-06  ,-3.757783530758e-01  ,-4.008139305090e-01  
  6.304127296159e-06  ,-3.878994396997e-01  ,-4.124190811548e-01  
  6.304288740927e-06  ,-4.029824682663e-01  ,-4.268607429491e-01  
  6.304597474361e-06  ,-4.317967916708e-01  ,-4.544516436541e-01  
  6.305010795319e-06  ,-4.703082766878e-01  ,-4.913312364107e-01  
  6.305837437237e-06  ,-5.470868789789e-01  ,-5.648644962056e-01  
  6.307490721071e-06  ,-6.994857063949e-01  ,-7.108323997320e-01  
  6.310797288740e-06  ,-9.982176673580e-01  ,-9.968317639037e-01  
  6.316711559618e-06  ,-1.503662713249e+00  ,-1.479304228639e+00  
  6.327345028246e-06  ,-2.271705226615e+00  ,-2.200157149492e+00  
  6.341389372671e-06  ,-2.890903544130e+00  ,-2.686913253343e+00  
  6.349295928800e-06  ,-2.999266151422e+00  ,-2.408039445334e+00  
  6.357923701132e-06  ,-2.907529462741e+00  ,-2.125291078526e+00  
  6.362351581180e-06  ,-2.776961480254e+00  ,-2.066297431357e+00  
  6.367002978647e-06  ,-2.582083166063e+00  ,-2.016663110390e+00  
  6.372980579460e-06  ,-2.251543217377e+00  ,-1.923718029012e+00  
  6.384935781086e-06  ,-1.367361531887e+00  ,-1.245862554728e+00  
  6.395989462459e-06  ,-3.769849886671e-01  ,-3.176921562979e-01  
  6.397133126581e-06  ,-2.698313060632e-01  ,-2.157878039974e-01  
  6.398759029532e-06  ,-1.169290853234e-01  ,-7.008595126536e-02  
  6.399541806156e-06  ,-4.318226115265e-02  ,2.792504734092e-04  
  6.400517645949e-06  ,4.878483099630e-02  ,8.810659802768e-02  
  6.401016182924e-06  ,9.575671701830e-02  ,1.329925514768e-01  
  6.401210573228e-06  ,1.140663369793e-01  ,1.504937560086e-01  
  6.401274624938e-06  ,1.200984682557e-01  ,1.562601030217e-01  
  6.401402728358e-06  ,1.321612475051e-01  ,1.677921777658e-01  
  6.401616210775e-06  ,1.522588348019e-01  ,1.870078676771e-01  
  6.401831206592e-06  ,1.724919721924e-01  ,2.063559614458e-01  
  6.402261198224e-06  ,2.129337168855e-01  ,2.450366098194e-01  
  6.402777989121e-06  ,2.614870710837e-01  ,2.914883437455e-01  
  6.403256130131e-06  ,3.063481040955e-01  ,3.344183107518e-01  
  6.403627495008e-06  ,3.411438161202e-01  ,3.677225223662e-01  
  6.403839557158e-06  ,3.609928428390e-01  ,3.867229050235e-01  
  6.403920209693e-06  ,3.685377658381e-01  ,3.939456256195e-01  
  6.404052294517e-06  ,3.808889693618e-01  ,4.057698101186e-01  
  6.404189943993e-06  ,3.937535395549e-01  ,4.180860010039e-01  
  6.404465242947e-06  ,4.194603495990e-01  ,4.426985669666e-01  
  6.405015840853e-06  ,4.707779212537e-01  ,4.918371563067e-01  
  6.406117036665e-06  ,5.729751858184e-01  ,5.897097484491e-01  
  6.408214002574e-06  ,7.655882660343e-01  ,7.741797526308e-01  
  6.411926999414e-06  ,1.097973764100e+00  ,1.092268034259e+00  
  6.418755456531e-06  ,1.667138271095e+00  ,1.634478121860e+00  
  6.431048914516e-06  ,2.483830044063e+00  ,2.391415879292e+00  
  6.441812023247e-06  ,2.901292953423e+00  ,2.682462564522e+00  
  6.449289425934e-06  ,2.999252533600e+00  ,2.393143507226e+00  
  6.455460741842e-06  ,2.955961867295e+00  ,2.180747764835e+00  
  6.458833247149e-06  ,2.885226153912e+00  ,2.122111696190e+00  
  6.463423549855e-06  ,2.737167007502e+00  ,2.070995625000e+00  
  6.467777669156e-06  ,2.544149713432e+00  ,2.016676998188e+00  
  6.475295304978e-06  ,2.101549255966e+00  ,1.850582605771e+00  
  6.487715422833e-06  ,1.129266508510e+00  ,1.026346205075e+00  
  6.489641770447e-06  ,9.591014915380e-01  ,8.678345804846e-01  
  6.493494465673e-06  ,6.088726375315e-01  ,5.382042444103e-01  
  6.494457639480e-06  ,5.197197785948e-01  ,4.537689465479e-01  
  6.496383987093e-06  ,3.400686509267e-01  ,2.831339615794e-01  
  6.498046025360e-06  ,1.840421348301e-01  ,1.345191821294e-01  
  6.498855158413e-06  ,1.078755166297e-01  ,6.186076374051e-02  
  6.499175905908e-06  ,7.766036208632e-02  ,3.301928285302e-02  
  6.499567899579e-06  ,4.072325448303e-02  ,-2.251141748027e-03  
  6.500066809082e-06  ,-6.296603050114e-03  ,-4.716780968210e-02  
  6.500551376218e-06  ,-5.196338556542e-02  ,-9.081004723550e-02  
  6.500809818232e-06  ,-7.631533709997e-02  ,-1.140892102565e-01  
  6.500968771713e-06  ,-9.129048792200e-02  ,-1.284068641328e-01  
  6.501030611532e-06  ,-9.711587850970e-02  ,-1.339769248262e-01  
  6.501139331801e-06  ,-1.073565657186e-01  ,-1.437693423476e-01  
  6.501339310041e-06  ,-1.261897562649e-01  ,-1.617800376679e-01  
  6.501609905815e-06  ,-1.516653690913e-01  ,-1.861468298956e-01  
  6.502151097363e-06  ,-2.025818733563e-01  ,-2.348592799666e-01  
  6.502779088175e-06  ,-2.615902600794e-01  ,-2.913312727494e-01  
  6.503346170491e-06  ,-3.147886100236e-01  ,-3.422568234233e-01  
  6.503753763815e-06  ,-3.529644623149e-01  ,-3.788086838673e-01  
  6.504005267477e-06  ,-3.764922288804e-01  ,-4.013380746713e-01  
  6.504075826803e-06  ,-3.830887826277e-01  ,-4.076550155578e-01  
  6.504204838263e-06  ,-3.951451045660e-01  ,-4.192006274163e-01  
  6.504359065281e-06  ,-4.095493248166e-01  ,-4.329952113072e-01  
  6.504598228918e-06  ,-4.318671664373e-01  ,-4.543695406631e-01  
  6.505010804819e-06  ,-4.703091609233e-01  ,-4.911889822348e-01  
  6.505835956620e-06  ,-5.469496735282e-01  ,-5.646017713880e-01  
  6.507486260222e-06  ,-6.990768622125e-01  ,-7.103295958299e-01  
  6.510786867427e-06  ,-9.972913942699e-01  ,-9.958639606529e-01  
  6.516696667956e-06  ,-1.502448067775e+00  ,-1.478041479011e+00  
  6.527322686004e-06  ,-2.270329340711e+00  ,-2.198841855695e+00  
  6.541447496699e-06  ,-2.892362591463e+00  ,-2.687070126017e+00  
  6.549358523177e-06  ,-2.999390830367e+00  ,-2.405613567062e+00  
  6.557962453650e-06  ,-2.906627490709e+00  ,-2.125084803861e+00  
  6.562414175557e-06  ,-2.774723954839e+00  ,-2.065734151305e+00  
  6.567049181746e-06  ,-2.579863455072e+00  ,-2.016137767203e+00  
  6.573079681681e-06  ,-2.245359829261e+00  ,-1.921312630561e+00  
  6.585140681552e-06  ,-1.350144448165e+00  ,-1.230135864573e+00  
  6.586708097445e-06  ,-1.216641721929e+00  ,-1.107596202147e+00  
  6.589842929231e-06  ,-9.411186722597e-01  ,-8.513624086436e-01  
  6.596112592803e-06  ,-3.654694245218e-01  ,-3.072849089664e-01  
  6.597074462758e-06  ,-2.753373701000e-01  ,-2.215036611414e-01  
  6.598306975054e-06  ,-1.594886194306e-01  ,-1.110913336662e-01  
  6.599605797516e-06  ,-3.715175914309e-02  ,5.673073634160e-03  
  6.599989316152e-06  ,-1.006928895319e-03  ,4.019948763602e-02  
  6.600694047945e-06  ,6.540729476234e-02  ,1.036702881047e-01  
  6.601028253051e-06  ,9.689371311844e-02  ,1.337732959885e-01  
  6.601119930116e-06  ,1.055291514225e-01  ,1.420305658004e-01  
  6.601242724998e-06  ,1.170943200269e-01  ,1.530900845788e-01  
  6.601400421193e-06  ,1.319440130445e-01  ,1.672918589927e-01  
  6.601686802885e-06  ,1.589030301516e-01  ,1.930782949962e-01  
  6.602158797165e-06  ,2.033059002744e-01  ,2.355595758577e-01  
  6.602721874794e-06  ,2.562181447272e-01  ,2.861962503479e-01  
  6.603267443558e-06  ,3.074087762121e-01  ,3.351981197436e-01  
  6.603619669756e-06  ,3.404110771315e-01  ,3.667950225601e-01  
  6.603837529389e-06  ,3.608031180712e-01  ,3.863206235282e-01  
  6.603917669697e-06  ,3.683001888670e-01  ,3.934994933780e-01  
  6.604049102595e-06  ,3.805905703921e-01  ,4.052686123281e-01  
  6.604197252734e-06  ,3.944364027117e-01  ,4.185277522385e-01  
  6.604493553011e-06  ,4.221021344929e-01  ,4.450227951384e-01  
  6.605038376717e-06  ,4.728754432366e-01  ,4.936523370737e-01  
  6.606128024129e-06  ,5.739916331179e-01  ,5.905109789889e-01  
  6.608288692502e-06  ,7.723924341032e-01  ,7.805573268003e-01  
  6.612035589484e-06  ,1.107491651198e+00  ,1.101270051245e+00  
  6.618980275659e-06  ,1.684712287510e+00  ,1.651073518855e+00  
  6.631410824327e-06  ,2.502797928038e+00  ,2.408085274103e+00  
  6.641923593549e-06  ,2.903950263621e+00  ,2.681571439575e+00  
  6.649372684030e-06  ,2.999417427962e+00  ,2.388206411525e+00  
  6.655089514522e-06  ,2.961733540639e+00  ,2.190254124441e+00  
  6.658451589016e-06  ,2.894872862781e+00  ,2.129021386351e+00  
  6.662856372265e-06  ,2.758611860912e+00  ,2.078232294696e+00  
  6.667188139824e-06  ,2.573154828053e+00  ,2.024802754522e+00  
  6.673726769356e-06  ,2.204453132701e+00  ,1.904985911983e+00  
  6.686804028420e-06  ,1.208371808196e+00  ,1.099781457082e+00  
  6.688473331003e-06  ,1.062775391644e+00  ,9.647820070411e-01  
  6.691811936168e-06  ,7.632242879275e-01  ,6.841000955931e-01  
  6.695274593500e-06  ,4.437250457804e-01  ,3.817109091022e-01  
  6.696140257834e-06  ,3.628813392794e-01  ,3.048724140070e-01  
  6.697597405134e-06  ,2.262242813942e-01  ,1.747612338728e-01  
  6.698230145691e-06  ,1.667189048541e-01  ,1.180290340223e-01  
  6.698416130809e-06  ,1.492145625044e-01  ,1.013324450302e-01  
  6.698622605024e-06  ,1.297759088683e-01  ,8.278666019818e-02  
  6.699035553453e-06  ,9.088303853711e-02  ,4.566795897316e-02  
  6.699559981195e-06  ,4.146947455792e-02  ,-1.513891386892e-03  
  6.700149880914e-06  ,-1.412589115196e-02  ,-5.462560147997e-02  
  6.700722923694e-06  ,-6.812809585822e-02  ,-1.062403357999e-01  
  6.700953426031e-06  ,-8.984485075147e-02  ,-1.270033403918e-01  
  6.701017501025e-06  ,-9.588088171456e-02  ,-1.327748929216e-01  
  6.701135825558e-06  ,-1.070263210877e-01  ,-1.434326573725e-01  
  6.701275314396e-06  ,-1.201633960324e-01  ,-1.559960190931e-01  
  6.701525886735e-06  ,-1.437563639691e-01  ,-1.785615503045e-01  
  6.701958625769e-06  ,-1.844796658065e-01  ,-2.175196835726e-01  
  6.702520120149e-06  ,-2.372676738520e-01  ,-2.680337913477e-01  
  6.703097353881e-06  ,-2.914582717020e-01  ,-3.199046081304e-01  
  6.703644040233e-06  ,-3.426930058832e-01  ,-3.689573781379e-01  
  6.703910538187e-06  ,-3.676331349777e-01  ,-3.928388162357e-01  
  6.703998431755e-06  ,-3.758530621234e-01  ,-4.007102482965e-01  
  6.704151424771e-06  ,-3.901543065978e-01  ,-4.144056576830e-01  
  6.704310820630e-06  ,-4.050444743038e-01  ,-4.286656566055e-01  
  6.704629612347e-06  ,-4.347939662794e-01  ,-4.571578439992e-01  
  6.705168382457e-06  ,-4.849710464350e-01  ,-5.052185998493e-01  
  6.706245922675e-06  ,-5.848940662616e-01  ,-6.009373791210e-01  
  6.708401003113e-06  ,-7.826157867939e-01  ,-7.903341492837e-01  
  6.712503292790e-06  ,-1.148337005985e+00  ,-1.140306487198e+00  
  6.719589539995e-06  ,-1.731913243202e+00  ,-1.695756112929e+00  
  6.732786008349e-06  ,-2.571901337885e+00  ,-2.468104862620e+00  
  6.743021615973e-06  ,-2.928194024645e+00  ,-2.668114488639e+00  
  6.750320204725e-06  ,-2.999848210121e+00  ,-2.345823004794e+00  
  6.754012339940e-06  ,-2.976198116241e+00  ,-2.221161358147e+00  
  6.757824056974e-06  ,-2.909828909128e+00  ,-2.148608176531e+00  
  6.761705809465e-06  ,-2.799417099198e+00  ,-2.095422915901e+00  
  6.765399062267e-06  ,-2.655735042569e+00  ,-2.048597400087e+00  
  6.772463702789e-06  ,-2.283438130516e+00  ,-1.939477257445e+00  
  6.786592983833e-06  ,-1.226550719221e+00  ,-1.116898234162e+00  
  6.797224962344e-06  ,-2.612099595660e-01  ,-2.074733544216e-01  
  6.798504040768e-06  ,-1.409389403183e-01  ,-9.288581203688e-02  
  6.800354392460e-06  ,3.340001239367e-02  ,7.348167571745e-02  
  6.801207949599e-06  ,1.138192442030e-01  ,1.503193085097e-01  
  6.802092612913e-06  ,1.970820865647e-01  ,2.299286279476e-01  
  6.802307259483e-06  ,2.172637148791e-01  ,2.492318702771e-01  
  6.802634200273e-06  ,2.479842458886e-01  ,2.786200148796e-01  
  6.803119512467e-06  ,2.935367191935e-01  ,3.222061167117e-01  
  6.803570179461e-06  ,3.357764423613e-01  ,3.626311961264e-01  
  6.803798493190e-06  ,3.571504771281e-01  ,3.830898583559e-01  
  6.803961288376e-06  ,3.723797082864e-01  ,3.976679407333e-01  
  6.804048448527e-06  ,3.805294239455e-01  ,4.054695444332e-01  
  6.804172477411e-06  ,3.921215346731e-01  ,4.165668956047e-01  
  6.804420535179e-06  ,4.152877200002e-01  ,4.387456322294e-01  
  6.804777790518e-06  ,4.486072176115e-01  ,4.706476578358e-01  
  6.805492301198e-06  ,5.150724953362e-01  ,5.342932151644e-01  
  6.806921322556e-06  ,6.471911394917e-01  ,6.608230824980e-01  
  6.809779365273e-06  ,9.072522855252e-01  ,9.098366619495e-01  
  6.814742197009e-06  ,1.340277960545e+00  ,1.323667694887e+00  
  6.823893000098e-06  ,2.046278442440e+00  ,1.991466904293e+00  
  6.840382625075e-06  ,2.864106787632e+00  ,2.677591720073e+00  
  6.849134077044e-06  ,2.998890000643e+00  ,2.412611820996e+00  
  6.858322133036e-06  ,2.898050509666e+00  ,2.115146585030e+00  
  6.862892319174e-06  ,2.757278641596e+00  ,2.057591632117e+00  
  6.867553402396e-06  ,2.555287129314e+00  ,2.008758684695e+00  
  6.873951215954e-06  ,2.190050715124e+00  ,1.897420207627e+00  
  6.886746843072e-06  ,1.213302906878e+00  ,1.104289197172e+00  
  6.888450977119e-06  ,1.064745301934e+00  ,9.665753854762e-01  
  6.891859245213e-06  ,7.589113813146e-01  ,6.800092854975e-01  
  6.895507049473e-06  ,4.220459165288e-01  ,3.610941226015e-01  
  6.896419000538e-06  ,3.367897764851e-01  ,2.800296091051e-01  
  6.897847090574e-06  ,2.027522661348e-01  ,1.523688865668e-01  
  6.898469865980e-06  ,1.441562000639e-01  ,9.648857885089e-02  
  6.898690868827e-06  ,1.233479260861e-01  ,7.663522373198e-02  
  6.898928402649e-06  ,1.009765948301e-01  ,5.528523861288e-02  
  6.899403470295e-06  ,5.621830935882e-02  ,1.255486721129e-02  
  6.899911879288e-06  ,8.305170833085e-03  ,-3.320895699095e-02  
  6.900390485959e-06  ,-3.680151154890e-02  ,-7.631073346997e-02  
  6.900759522529e-06  ,-7.157651945549e-02  ,-1.095514180932e-01  
  6.901019547792e-06  ,-9.607368627326e-02  ,-1.329732367329e-01  
  6.901088395813e-06  ,-1.025589014218e-01  ,-1.391744926955e-01  
  6.901185847079e-06  ,-1.117376032917e-01  ,-1.479518042186e-01  
  6.901345545618e-06  ,-1.267769230076e-01  ,-1.623346960021e-01  
  6.901530669263e-06  ,-1.442065871628e-01  ,-1.790054793733e-01  
  6.901885503164e-06  ,-1.776005842921e-01  ,-2.109508865945e-01  
  6.902495146921e-06  ,-2.349213025060e-01  ,-2.658002569594e-01  
  6.903075174620e-06  ,-2.893777434495e-01  ,-3.179243294698e-01  
  6.903631453594e-06  ,-3.415144814272e-01  ,-3.678397721168e-01  
  6.903906054055e-06  ,-3.672136971214e-01  ,-3.924477322205e-01  
  6.903996427270e-06  ,-3.756656315744e-01  ,-4.005412392737e-01  
  6.904155939544e-06  ,-3.905761962227e-01  ,-4.148200086758e-01  
  6.904312774265e-06  ,-4.052269134027e-01  ,-4.288505553539e-01  
  6.904626443708e-06  ,-4.344984800503e-01  ,-4.568847248766e-01  
  6.905219137395e-06  ,-4.896910502729e-01  ,-5.097491439611e-01  
  6.906404524768e-06  ,-5.995477940040e-01  ,-6.149835781751e-01  
  6.908775299514e-06  ,-8.166159925363e-01  ,-8.229031047771e-01  
  6.913025110686e-06  ,-1.193615283289e+00  ,-1.183576516563e+00  
  6.920657485450e-06  ,-1.813108024388e+00  ,-1.772476046893e+00  
  6.934613913024e-06  ,-2.656303619695e+00  ,-2.538851558405e+00  
  6.944929986918e-06  ,-2.962025610154e+00  ,-2.609956577600e+00  
  6.952279984677e-06  ,-2.992307470464e+00  ,-2.274378299771e+00  
  6.954446613515e-06  ,-2.970775748161e+00  ,-2.212928059691e+00  
  6.957781493390e-06  ,-2.910802440804e+00  ,-2.146905968889e+00  
  6.961643874371e-06  ,-2.801510379949e+00  ,-2.095472039471e+00  
  6.966560512507e-06  ,-2.603064151403e+00  ,-2.033453622259e+00  
  6.972674458945e-06  ,-2.270505223589e+00  ,-1.932848072801e+00  
  6.984902351821e-06  ,-1.370165121308e+00  ,-1.248519803461e+00  
  6.997262865031e-06  ,-2.576510978369e-01  ,-2.043177827916e-01  
  6.998670465970e-06  ,-1.252691984462e-01  ,-7.817462544980e-02  
  7.000440723920e-06  ,4.153592376578e-02  ,8.107735568119e-02  
  7.001352674985e-06  ,1.274482466346e-01  ,1.631943407497e-01  
  7.001540569315e-06  ,1.451385595090e-01  ,1.801097731950e-01  
  7.001749278704e-06  ,1.647826618316e-01  ,1.988960880779e-01  
  7.001983739162e-06  ,1.868420103183e-01  ,2.199951011197e-01  
  7.002452660078e-06  ,2.309290998731e-01  ,2.621715871207e-01  
  7.002943373943e-06  ,2.770113011193e-01  ,3.062680760588e-01  
  7.003409221495e-06  ,3.206976015653e-01  ,3.480811725327e-01  
  7.003718327457e-06  ,3.496476425813e-01  ,3.757942994862e-01  
  7.003989714855e-06  ,3.750379726626e-01  ,4.001023673525e-01  
  7.004060798051e-06  ,3.816839092669e-01  ,4.064653796635e-01  
  7.004182032967e-06  ,3.930143807703e-01  ,4.173138284297e-01  
  7.004346015589e-06  ,4.083309005511e-01  ,4.319793749676e-01  
  7.004554212751e-06  ,4.277615382574e-01  ,4.505851451871e-01  
  7.004888650687e-06  ,4.589353231502e-01  ,4.804375363558e-01  
  7.005557526560e-06  ,5.211274726856e-01  ,5.399993657491e-01  
  7.006895278307e-06  ,6.447941092732e-01  ,6.584475886004e-01  
  7.009570781799e-06  ,8.884949109014e-01  ,8.918266680087e-01  
  7.014684115263e-06  ,1.335378327388e+00  ,1.319005082872e+00  
  7.023545835825e-06  ,2.022230596798e+00  ,1.969001635014e+00  
  7.039999698015e-06  ,2.853160753694e+00  ,2.673764314336e+00  
  7.048757110449e-06  ,2.997713343660e+00  ,2.430341517426e+00  
  7.058322165819e-06  ,2.898049711046e+00  ,2.110960296929e+00  
  7.062913958641e-06  ,2.756474369142e+00  ,2.054787512224e+00  
  7.067656998249e-06  ,2.550158137644e+00  ,2.006398687104e+00  
  7.073951993795e-06  ,2.190000612454e+00  ,1.897129964786e+00  
  7.086541984888e-06  ,1.230935596195e+00  ,1.120555541474e+00  
  7.096472118707e-06  ,3.318146874769e-01  ,2.746699038674e-01  
  7.098469991894e-06  ,1.441443465799e-01  ,9.596752741948e-02  
  7.098969460191e-06  ,9.710912231960e-02  ,5.112813772994e-02  
  7.099576589378e-06  ,3.990433422940e-02  ,-3.454399443090e-03  
  7.100162577542e-06  ,-1.532250568418e-02  ,-5.618470500101e-02  
  7.100765236380e-06  ,-7.211488270359e-02  ,-1.104388688892e-01  
  7.101075785892e-06  ,-1.013711309925e-01  ,-1.383978954458e-01  
  7.101162329042e-06  ,-1.095225881970e-01  ,-1.461890867250e-01  
  7.101266672095e-06  ,-1.193495275893e-01  ,-1.555823757669e-01  
  7.101434822386e-06  ,-1.351830340981e-01  ,-1.707186695477e-01  
  7.101641366450e-06  ,-1.546265980094e-01  ,-1.893085064131e-01  
  7.102042673348e-06  ,-1.923853201210e-01  ,-2.254166610385e-01  
  7.102559091715e-06  ,-2.409289731696e-01  ,-2.718514214805e-01  
  7.103100376395e-06  ,-2.917417880875e-01  ,-3.204707223201e-01  
  7.103624897270e-06  ,-3.409005720476e-01  ,-3.675189478457e-01  
  7.103881523205e-06  ,-3.649189955339e-01  ,-3.905098135944e-01  
  7.103971500607e-06  ,-3.733347257994e-01  ,-3.985660061935e-01  
  7.104125005851e-06  ,-3.876853942047e-01  ,-4.123041566567e-01  
  7.104279698530e-06  ,-4.021379498928e-01  ,-4.261405341439e-01  
  7.104589083889e-06  ,-4.310142273829e-01  ,-4.537876059564e-01  
  7.105126550147e-06  ,-4.810798835249e-01  ,-5.017272187339e-01  
  7.106201482663e-06  ,-5.807854988434e-01  ,-5.972121500481e-01  
  7.108351347694e-06  ,-7.780969727928e-01  ,-7.861759399398e-01  
  7.112333683023e-06  ,-1.133552874762e+00  ,-1.126292175613e+00  
  7.119346914539e-06  ,-1.713191616925e+00  ,-1.678108671728e+00  
  7.132270691643e-06  ,-2.546562080910e+00  ,-2.446305826134e+00  
  7.142479477176e-06  ,-2.916657617756e+00  ,-2.676515167641e+00  
  7.149822769413e-06  ,-2.999953498471e+00  ,-2.366847622505e+00  
  7.154294607887e-06  ,-2.972736654652e+00  ,-2.212261216276e+00  
  7.157733423362e-06  ,-2.911895659892e+00  ,-2.143089447228e+00  
  7.161872220883e-06  ,-2.793740257781e+00  ,-2.091263940710e+00  
  7.166460288415e-06  ,-2.607746882263e+00  ,-2.034762662580e+00  
  7.172010225901e-06  ,-2.310925279895e+00  ,-1.947442471542e+00  
  7.183110100875e-06  ,-1.518183413718e+00  ,-1.382373389524e+00  
  7.194534821162e-06  ,-5.125540441298e-01  ,-4.467713620604e-01  
  7.197073233971e-06  ,-2.754526915509e-01  ,-2.215051375454e-01  
  7.197707837174e-06  ,-2.158446002501e-01  ,-1.647277673344e-01  
  7.198218574474e-06  ,-1.678077700321e-01  ,-1.189361630062e-01  
  7.198329134105e-06  ,-1.574030929441e-01  ,-1.090139602446e-01  
  7.198487715056e-06  ,-1.424758849208e-01  ,-9.477670497780e-02  
  7.198737775167e-06  ,-1.189307136116e-01  ,-7.231467610299e-02  
  7.199237895390e-06  ,-7.181980531699e-02  ,-2.735282002159e-02  
  7.199750588467e-06  ,-2.350624263313e-02  ,1.878033075954e-02  
  7.200267938158e-06  ,2.525227820992e-02  ,6.536028045887e-02  
  7.200678930810e-06  ,6.398286970791e-02  ,1.023748494001e-01  
  7.200913903495e-06  ,8.612154199198e-02  ,1.235379492751e-01  
  7.200974276481e-06  ,9.180905848345e-02  ,1.289754298772e-01  
  7.201088153949e-06  ,1.025361195539e-01  ,1.392315518511e-01  
  7.201209668262e-06  ,1.139811075575e-01  ,1.501749944775e-01  
  7.201452696888e-06  ,1.368659336003e-01  ,1.720596870159e-01  
  7.201870395062e-06  ,1.761791567046e-01  ,2.096628587371e-01  
  7.202470911859e-06  ,2.326441476504e-01  ,2.636879958491e-01  
  7.203074408887e-06  ,2.893059112186e-01  ,3.179181647096e-01  
  7.203635530738e-06  ,3.418962424233e-01  ,3.682640811925e-01  
  7.203914415283e-06  ,3.679957858628e-01  ,3.932536290917e-01  
  7.204004206421e-06  ,3.763930171396e-01  ,4.012942103183e-01  
  7.204164044658e-06  ,3.913335709431e-01  ,4.156007473682e-01  
  7.204321810702e-06  ,4.060707559006e-01  ,4.297131843047e-01  
  7.204637342790e-06  ,4.355148380185e-01  ,4.579107951518e-01  
  7.205227056244e-06  ,4.904273592603e-01  ,5.105039028691e-01  
  7.206406483153e-06  ,5.997286428537e-01  ,6.152010655546e-01  
  7.208765336970e-06  ,8.157124603415e-01  ,8.220767513837e-01  
  7.212976405123e-06  ,1.189402474386e+00  ,1.179578050275e+00  
  7.220643052557e-06  ,1.812024106682e+00  ,1.771469566704e+00  
  7.234495172003e-06  ,2.651083938615e+00  ,2.534580325327e+00  
  7.244854459265e-06  ,2.960888262025e+00  ,2.612939181256e+00  
  7.252153793076e-06  ,2.993135115171e+00  ,2.278628322912e+00  
  7.254377791384e-06  ,2.971671964456e+00  ,2.214633800843e+00  
  7.257665360073e-06  ,2.913432211140e+00  ,2.148822701838e+00  
  7.261602991918e-06  ,2.802886313383e+00  ,2.096023791352e+00  
  7.266419047216e-06  ,2.609666273351e+00  ,2.035264217136e+00  
  7.272459232906e-06  ,2.283711339748e+00  ,1.937842948296e+00  
  7.284539604286e-06  ,1.400489599343e+00  ,1.276180386237e+00  
  7.296733224491e-06  ,3.073461454488e-01  ,2.516625043868e-01  
  7.298079916934e-06  ,1.808538419208e-01  ,1.311881811596e-01  
  7.299545818666e-06  ,4.280412981383e-02  ,-5.197615476796e-04  
  7.299899255583e-06  ,9.494921753133e-03  ,-3.232553259266e-02  
  7.300436442444e-06  ,-4.113244244970e-02  ,-8.068799105798e-02  
  7.300737445900e-06  ,-6.949642142341e-02  ,-1.077924729325e-01  
  7.301021313021e-06  ,-9.623996968783e-02  ,-1.333543276207e-01  
  7.301093071425e-06  ,-1.029993087704e-01  ,-1.398158547169e-01  
  7.301187228138e-06  ,-1.118676745450e-01  ,-1.482940009613e-01  
  7.301356379600e-06  ,-1.277970822891e-01  ,-1.635239311209e-01  
  7.301530350657e-06  ,-1.441765940109e-01  ,-1.791860634715e-01  
  7.301877966808e-06  ,-1.768915403046e-01  ,-2.104735766534e-01  
  7.302500369685e-06  ,-2.354120217293e-01  ,-2.664572017840e-01  
  7.303083098220e-06  ,-2.901210338285e-01  ,-3.188113705526e-01  
  7.303644871997e-06  ,-3.427708845580e-01  ,-3.692077569055e-01  
  7.303917889209e-06  ,-3.683207209483e-01  ,-3.936679604624e-01  
  7.304006632609e-06  ,-3.766198720550e-01  ,-4.016136617615e-01  
  7.304163630312e-06  ,-3.912948534428e-01  ,-4.156642080464e-01  
  7.304322164698e-06  ,-4.061038121394e-01  ,-4.298437033254e-01  
  7.304639233468e-06  ,-4.356911417688e-01  ,-4.581752655305e-01  
  7.305211158661e-06  ,-4.889491425076e-01  ,-5.091781611984e-01  
  7.306355009047e-06  ,-5.949744676333e-01  ,-6.107272171097e-01  
  7.308642709820e-06  ,-8.045845284051e-01  ,-8.114807262759e-01  
  7.312813544838e-06  ,-1.175295635359e+00  ,-1.166142305001e+00  
  7.320276046364e-06  ,-1.784337182693e+00  ,-1.745355404738e+00  
  7.333935940830e-06  ,-2.626006162175e+00  ,-2.513882215478e+00  
  7.344295228092e-06  ,-2.951948737902e+00  ,-2.633744305808e+00  
  7.351514095632e-06  ,-2.996606750996e+00  ,-2.300520111353e+00  
  7.354005942313e-06  ,-2.976273859227e+00  ,-2.223635110057e+00  
  7.357582593529e-06  ,-2.915282744536e+00  ,-2.149354538899e+00  
  7.361424857942e-06  ,-2.808827569717e+00  ,-2.094055674221e+00  
  7.365987593500e-06  ,-2.629483147818e+00  ,-2.040213627521e+00  
  7.373540992109e-06  ,-2.216291318885e+00  ,-1.911357072527e+00  
  7.388647789327e-06  ,-1.047383520704e+00  ,-9.503211147541e-01  
  7.390467034845e-06  ,-8.850900484498e-01  ,-7.985322922880e-01  
  7.394105525879e-06  ,-5.523714562896e-01  ,-4.847187910616e-01  
  7.395015148638e-06  ,-4.678931942206e-01  ,-4.046134967758e-01  
  7.396834394155e-06  ,-2.978597633179e-01  ,-2.429736999145e-01  
  7.398163205205e-06  ,-1.730177740208e-01  ,-1.240170313946e-01  
  7.398852197645e-06  ,-1.081543814711e-01  ,-6.213603522094e-02  
  7.399124376668e-06  ,-8.251514713678e-02  ,-3.766283427338e-02  
  7.399460258154e-06  ,-5.086703287752e-02  ,-7.444784803556e-03  
  7.399916699348e-06  ,-7.850892529095e-03  ,3.364289488636e-02  
  7.400338355644e-06  ,3.188866759927e-02  ,7.161537149491e-02  
  7.400675634114e-06  ,6.367223379338e-02  ,1.019949981013e-01  
  7.400882830104e-06  ,8.319411025443e-02  ,1.206584179528e-01  
  7.400939838687e-06  ,8.856483996465e-02  ,1.257934674733e-01  
  7.401045345893e-06  ,9.850382107359e-02  ,1.352968532745e-01  
  7.401167116320e-06  ,1.099734764515e-01  ,1.462646997268e-01  
  7.401410657173e-06  ,1.329077911004e-01  ,1.681983240257e-01  
  7.401825281983e-06  ,1.719345117583e-01  ,2.055300581035e-01  
  7.402464169269e-06  ,2.320105820336e-01  ,2.630145884036e-01  
  7.403087503469e-06  ,2.905342699606e-01  ,3.190314886301e-01  
  7.403668089962e-06  ,3.449447045301e-01  ,3.711242351031e-01  
  7.403947160771e-06  ,3.710584735442e-01  ,3.961294613317e-01  
  7.404033634072e-06  ,3.791444309289e-01  ,4.038726028673e-01  
  7.404189048527e-06  ,3.936698737504e-01  ,4.177827086835e-01  
  7.404351424618e-06  ,4.088359393140e-01  ,4.323069313576e-01  
  7.404676176799e-06  ,4.391357597095e-01  ,4.613261931083e-01  
  7.405320931418e-06  ,4.991537177811e-01  ,5.188132196372e-01  
  7.406610440655e-06  ,6.185507250180e-01  ,6.331875523170e-01  
  7.409189459128e-06  ,8.541054934750e-01  ,8.588024363598e-01  
  7.413723882480e-06  ,1.253743379033e+00  ,1.241001000548e+00  
  7.421968694968e-06  ,1.909997699624e+00  ,1.863731436427e+00  
  7.436962243361e-06  ,2.751848697927e+00  ,2.612966155516e+00  
  7.447160598082e-06  ,2.988072298782e+00  ,2.511885029534e+00  
  7.456134077353e-06  ,2.944467774490e+00  ,2.165151292829e+00  
  7.459203716559e-06  ,2.875465511627e+00  ,2.114529972692e+00  
  7.463554110570e-06  ,2.732107238930e+00  ,2.062474832616e+00  
  7.467636283679e-06  ,2.551185870512e+00  ,2.014557688590e+00  
  7.475800629897e-06  ,2.067298404712e+00  ,1.829639229445e+00  
  7.488596257014e-06  ,1.051933338229e+00  ,9.543781024365e-01  
  7.490704026265e-06  ,8.637240157584e-01  ,7.783662515381e-01  
  7.494919564767e-06  ,4.767893981785e-01  ,4.129705920193e-01  
  7.495973449392e-06  ,3.784821737695e-01  ,3.196062919064e-01  
  7.496236920549e-06  ,3.538363272479e-01  ,2.961726631655e-01  
  7.496763862861e-06  ,3.044735988258e-01  ,2.492064905155e-01  
  7.497474648250e-06  ,2.377591928441e-01  ,1.856745420195e-01  
  7.497829156188e-06  ,2.044386452153e-01  ,1.539207963016e-01  
  7.498057213804e-06  ,1.829896236518e-01  ,1.334728550915e-01  
  7.498296191176e-06  ,1.605035294666e-01  ,1.120302059400e-01  
  7.498550814768e-06  ,1.365353115920e-01  ,8.916767864000e-02  
  7.499060061952e-06  ,8.857420043291e-02  ,4.339983516368e-02  
  7.499661510071e-06  ,3.190132300000e-02  ,-1.071216517216e-02  
  7.500249081483e-06  ,-2.347513714792e-02  ,-6.361525497011e-02  
  7.500746407738e-06  ,-7.034082530374e-02  ,-1.084080376498e-01  
  7.501019052422e-06  ,-9.602702264101e-02  ,-1.329653080734e-01  
  7.501092883019e-06  ,-1.029815623374e-01  ,-1.396150139235e-01  
  7.501196213258e-06  ,-1.127139088061e-01  ,-1.489213445506e-01  
  7.501345597399e-06  ,-1.267817989427e-01  ,-1.623745983176e-01  
  7.501560895896e-06  ,-1.470520216218e-01  ,-1.817615306210e-01  
  7.501907301327e-06  ,-1.796513678119e-01  ,-2.129458255981e-01  
  7.502507631859e-06  ,-2.360943488394e-01  ,-2.669534971254e-01  
  7.503080395242e-06  ,-2.898674771929e-01  ,-3.184217135399e-01  
  7.503631831339e-06  ,-3.415498515427e-01  ,-3.679004173612e-01  
  7.503901635488e-06  ,-3.668003849824e-01  ,-3.920779063634e-01  
  7.503991880646e-06  ,-3.752404914549e-01  ,-4.001598071846e-01  
  7.504150089068e-06  ,-3.900294883550e-01  ,-4.143216756015e-01  
  7.504307063488e-06  ,-4.046936115455e-01  ,-4.283645896637e-01  
  7.504621012328e-06  ,-4.339919755656e-01  ,-4.564235167866e-01  
  7.505206907360e-06  ,-4.885538199279e-01  ,-5.086822070138e-01  
  7.506378697423e-06  ,-5.971625323872e-01  ,-6.127182755428e-01  
  7.508722277550e-06  ,-8.118063579032e-01  ,-8.183125262994e-01  
  7.512937816052e-06  ,-1.186062718138e+00  ,-1.176371216572e+00  
  7.520492704777e-06  ,-1.800710798638e+00  ,-1.760781433026e+00  
  7.534319492249e-06  ,-2.643293667814e+00  ,-2.528187105564e+00  
  7.544629605679e-06  ,-2.957403597216e+00  ,-2.621516339804e+00  
  7.551867844729e-06  ,-2.994836455501e+00  ,-2.288134943033e+00  
  7.554214405088e-06  ,-2.973743970656e+00  ,-2.218483811308e+00  
  7.557569401531e-06  ,-2.915575876622e+00  ,-2.150110167391e+00  
  7.561517464189e-06  ,-2.805749864322e+00  ,-2.097043958808e+00  
  7.566333519487e-06  ,-2.613632820635e+00  ,-2.036344694898e+00  
  7.572226183681e-06  ,-2.297893321230e+00  ,-1.942981537896e+00  
  7.584011512069e-06  ,-1.444310146500e+00  ,-1.315929973930e+00  
  7.595968203811e-06  ,-3.789726027924e-01  ,-3.198402813814e-01  
  7.596275586827e-06  ,-3.502172925338e-01  ,-2.925278883246e-01  
  7.596890352858e-06  ,-2.926113816129e-01  ,-2.377289028962e-01  
  7.597667075885e-06  ,-2.196761269786e-01  ,-1.682753012653e-01  
  7.598035646794e-06  ,-1.850184394153e-01  ,-1.352465831378e-01  
  7.598157393938e-06  ,-1.735645584915e-01  ,-1.243276830761e-01  
  7.598334578058e-06  ,-1.568907168704e-01  ,-1.084297354119e-01  
  7.598603823414e-06  ,-1.315443541978e-01  ,-8.425647260483e-02  
  7.599142314127e-06  ,-8.082520803850e-02  ,-3.586281766365e-02  
  7.599700455746e-06  ,-2.823096418706e-02  ,1.434866883076e-02  
  7.600271077087e-06  ,2.554810475119e-02  ,6.571850990879e-02  
  7.600717646262e-06  ,6.763083690011e-02  ,1.059335534067e-01  
  7.600970407208e-06  ,9.144455824350e-02  ,1.286966477069e-01  
  7.601037369302e-06  ,9.775244730066e-02  ,1.347269579852e-01  
  7.601143621566e-06  ,1.077606066024e-01  ,1.442953105895e-01  
  7.601280758815e-06  ,1.206761068566e-01  ,1.566443104074e-01  
  7.601513775723e-06  ,1.426162288531e-01  ,1.776247623853e-01  
  7.601887981134e-06  ,1.778337173172e-01  ,2.113084920986e-01  
  7.602490733104e-06  ,2.345065851840e-01  ,2.655290244935e-01  
  7.603076628136e-06  ,2.895140949263e-01  ,3.181725766546e-01  
  7.603632441448e-06  ,3.416069790608e-01  ,3.680390944599e-01  
  7.603907088475e-06  ,3.673104556038e-01  ,3.926478944141e-01  
  7.603997333633e-06  ,3.757503817519e-01  ,4.007288642069e-01  
  7.604156729491e-06  ,3.906500132628e-01  ,4.149953604906e-01  
  7.604313797044e-06  ,4.053224243628e-01  ,4.290449439193e-01  
  7.604627932148e-06  ,4.346372826002e-01  ,4.571172080094e-01  
  7.605219880776e-06  ,4.897601725382e-01  ,5.099089111048e-01  
  7.606403778033e-06  ,5.994788355368e-01  ,6.150004198165e-01  
  7.608771572547e-06  ,8.162779924045e-01  ,8.226452838613e-01  
  7.613022128778e-06  ,1.193357442012e+00  ,1.183375410954e+00  
  7.620648543077e-06  ,1.812436491436e+00  ,1.771868228347e+00  
  7.634600500302e-06  ,2.655715866653e+00  ,2.538387596606e+00  
  7.644916574197e-06  ,2.961824849635e+00  ,2.610517561178e+00  
  7.652253905969e-06  ,2.992482366886e+00  ,2.275240399962e+00  
  7.654431710677e-06  ,2.970970994219e+00  ,2.213286987229e+00  
  7.657753552036e-06  ,2.911438697209e+00  ,2.147363630913e+00  
  7.661633069353e-06  ,2.801874481332e+00  ,2.095616905215e+00  
  7.666525120573e-06  ,2.604720704690e+00  ,2.033907678113e+00  
  7.672621185618e-06  ,2.273783727345e+00  ,1.934104216398e+00  
  7.684813315706e-06  ,1.377624871551e+00  ,1.255328902713e+00  
  7.697132105665e-06  ,2.699271349820e-01  ,2.160103691883e-01  
  7.698133649962e-06  ,1.757985786730e-01  ,1.263417844811e-01  
  7.699684674578e-06  ,2.971823483366e-02  ,-1.303556218103e-02  
  7.700327100890e-06  ,-3.082798998750e-02  ,-7.086370315670e-02  
  7.700816045241e-06  ,-7.690202748663e-02  ,-1.148905495184e-01  
  7.701214371907e-06  ,-1.144240942987e-01  ,-1.507576739661e-01  
  7.701300100150e-06  ,-1.224974869389e-01  ,-1.584763155850e-01  
  7.701393802842e-06  ,-1.313208489186e-01  ,-1.669125043564e-01  
  7.701510159956e-06  ,-1.422758352301e-01  ,-1.773875369718e-01  
  7.701645830372e-06  ,-1.550467520392e-01  ,-1.895999733523e-01  
  7.701917171204e-06  ,-1.805799037727e-01  ,-2.140197691962e-01  
  7.702459852869e-06  ,-2.316049871074e-01  ,-2.628319539647e-01  
  7.702988471562e-06  ,-2.812432138387e-01  ,-3.103311425593e-01  
  7.703496042365e-06  ,-3.288321849899e-01  ,-3.558801905810e-01  
  7.703784379834e-06  ,-3.558297493763e-01  ,-3.817246467304e-01  
  7.704073182965e-06  ,-3.828416453188e-01  ,-4.075854428619e-01  
  7.704138829565e-06  ,-3.889772873313e-01  ,-4.134599557184e-01  
  7.704270122765e-06  ,-4.012435819777e-01  ,-4.252045578785e-01  
  7.704478366492e-06  ,-4.206850291425e-01  ,-4.438200555343e-01  
  7.704683513572e-06  ,-4.398197744820e-01  ,-4.621428840604e-01  
  7.705093807733e-06  ,-4.780336655323e-01  ,-4.987378707653e-01  
  7.705914396053e-06  ,-5.542168446895e-01  ,-5.717012057032e-01  
  7.707555572694e-06  ,-7.054279092917e-01  ,-7.165304574246e-01  
  7.710837925976e-06  ,-1.001828586239e+00  ,-1.000291719580e+00  
  7.716898973292e-06  ,-1.518920977253e+00  ,-1.493822081545e+00  
  7.727659101790e-06  ,-2.290927827393e+00  ,-2.217751885126e+00  
  7.741199786967e-06  ,-2.886077534386e+00  ,-2.685853492988e+00  
  7.749098892516e-06  ,-2.998797970312e+00  ,-2.414950358086e+00  
  7.757765407866e-06  ,-2.911169000453e+00  ,-2.126737410158e+00  
  7.762083019322e-06  ,-2.786439625088e+00  ,-2.069182022722e+00  
  7.766802217072e-06  ,-2.591665011159e+00  ,-2.019148380391e+00  
  7.772581632441e-06  ,-2.276213757484e+00  ,-1.932958190907e+00  
  7.784140463179e-06  ,-1.433646140287e+00  ,-1.306156796366e+00  
  7.796158249682e-06  ,-3.611980405581e-01  ,-3.029250505468e-01  
  7.798494006699e-06  ,-1.418835778786e-01  ,-9.409812685325e-02  
  7.801052908605e-06  ,9.921620275864e-02  ,1.361549880596e-01  
  7.802014219766e-06  ,1.897090766212e-01  ,2.226948259868e-01  
  7.802319926402e-06  ,2.184543917380e-01  ,2.501950869583e-01  
  7.802657484269e-06  ,2.501711341008e-01  ,2.805435792982e-01  
  7.803190945839e-06  ,3.002361063323e-01  ,3.284588244447e-01  
  7.803677468752e-06  ,3.458227572008e-01  ,3.720973811787e-01  
  7.803888762562e-06  ,3.655962128909e-01  ,3.910283097718e-01  
  7.803971801611e-06  ,3.733628741645e-01  ,3.984644096896e-01  
  7.804102489451e-06  ,3.855809710235e-01  ,4.101628851525e-01  
  7.804266285809e-06  ,4.008852035462e-01  ,4.248168997321e-01  
  7.804593878524e-06  ,4.314614180915e-01  ,4.540960596566e-01  
  7.805019166978e-06  ,4.710875147192e-01  ,4.920445919438e-01  
  7.805869743885e-06  ,5.500803690774e-01  ,5.677017984648e-01  
  7.807570897700e-06  ,7.068316770280e-01  ,7.178431951355e-01  
  7.810973205330e-06  ,1.013837358858e+00  ,1.011757567288e+00  
  7.816934414865e-06  ,1.521800544948e+00  ,1.496483100631e+00  
  7.827876337530e-06  ,2.304093181723e+00  ,2.229746580798e+00  
  7.841452785494e-06  ,2.892494873803e+00  ,2.686473576780e+00  
  7.849289306166e-06  ,2.999252281616e+00  ,2.406248512783e+00  
  7.857779987814e-06  ,2.910836781659e+00  ,2.128356640955e+00  
  7.862101324560e-06  ,2.785799884084e+00  ,2.070105974511e+00  
  7.866787739756e-06  ,2.592351996335e+00  ,2.019796718727e+00  
  7.872631230118e-06  ,2.273166063827e+00  ,1.931986375170e+00  
  7.884318210842e-06  ,1.418908222209e+00  ,1.292805634882e+00  
  7.896428384544e-06  ,3.359109309812e-01  ,2.788520035660e-01  
  7.898609169485e-06  ,1.310409816297e-01  ,8.373305962149e-02  
  7.901085742475e-06  ,-1.023089760211e-01  ,-1.391290083037e-01  
  7.902021907927e-06  ,-1.904322129688e-01  ,-2.233980841329e-01  
  7.902319092961e-06  ,-2.183760502713e-01  ,-2.501312676248e-01  
  7.902647011640e-06  ,-2.491875363686e-01  ,-2.796131424258e-01  
  7.903121893020e-06  ,-2.937600036900e-01  ,-3.222705553929e-01  
  7.903584993171e-06  ,-3.371637926010e-01  ,-3.638178833187e-01  
  7.903812468709e-06  ,-3.584582370250e-01  ,-3.842042356438e-01  
  7.903907801216e-06  ,-3.673771243854e-01  ,-3.927432593340e-01  
  7.904060794232e-06  ,-3.816835523130e-01  ,-4.064409224214e-01  
  7.904202844208e-06  ,-3.949588059189e-01  ,-4.191518711359e-01  
  7.904486944159e-06  ,-4.214854520396e-01  ,-4.445524791239e-01  
  7.905055144062e-06  ,-4.744359075151e-01  ,-4.952605937964e-01  
  7.906191543868e-06  ,-5.798664823101e-01  ,-5.962408185002e-01  
  7.908243433764e-06  ,-7.682699195304e-01  ,-7.766929095857e-01  
  7.912154243520e-06  ,-1.117876901712e+00  ,-1.111260096489e+00  
  7.918971524766e-06  ,-1.684029800158e+00  ,-1.650551544423e+00  
  7.931716487935e-06  ,-2.518565997437e+00  ,-2.421995807137e+00  
  7.942136869958e-06  ,-2.908930633532e+00  ,-2.680366159473e+00  
  7.949533806374e-06  ,-2.999678251965e+00  ,-2.380779995752e+00  
  7.954754428199e-06  ,-2.966597419401e+00  ,-2.199539435265e+00  
  7.958126188448e-06  ,-2.902768993841e+00  ,-2.135330473641e+00  
  7.962337256601e-06  ,-2.777472023198e+00  ,-2.084967367122e+00  
  7.966816545656e-06  ,-2.590984555824e+00  ,-2.029904710475e+00  
  7.972613097360e-06  ,-2.274280931618e+00  ,-1.934052839024e+00  
  7.984206200769e-06  ,-1.428200703775e+00  ,-1.301224256470e+00  
  7.996042193105e-06  ,-3.720541217530e-01  ,-3.132572027218e-01  
  7.998427869013e-06  ,-1.481096220484e-01  ,-1.000383313119e-01  
  8.000998319319e-06  ,9.407395476475e-02  ,1.312374452004e-01  
  8.001310219249e-06  ,1.234503879789e-01  ,1.593202310946e-01  
  8.001830642303e-06  ,1.724388772237e-01  ,2.061702701528e-01  
  8.002244335791e-06  ,2.113484484327e-01  ,2.433918970060e-01  
  8.002667249372e-06  ,2.510882560513e-01  ,2.814165149378e-01  
  8.003223714611e-06  ,3.033088254513e-01  ,3.313952919515e-01  
  8.003628653666e-06  ,3.412523085399e-01  ,3.677173572066e-01  
  8.003861903405e-06  ,3.630835347122e-01  ,3.886181572750e-01  
  8.003943871433e-06  ,3.707508392099e-01  ,3.959590787020e-01  
  8.004082638497e-06  ,3.837255050799e-01  ,4.083818790740e-01  
  8.004230509238e-06  ,3.975433292297e-01  ,4.216125542395e-01  
  8.004526250722e-06  ,4.251529418495e-01  ,4.480506435805e-01  
  8.005050026538e-06  ,4.739596556004e-01  ,4.947910848431e-01  
  8.006097578170e-06  ,5.711749183629e-01  ,5.879026170054e-01  
  8.008192681434e-06  ,7.636451592312e-01  ,7.722524028928e-01  
  8.011947028996e-06  ,1.099730315367e+00  ,1.093901442557e+00  
  8.018756859662e-06  ,1.667248212035e+00  ,1.634555543718e+00  
  8.031059258344e-06  ,2.484376638606e+00  ,2.391885511513e+00  
  8.041823857190e-06  ,2.901576497137e+00  ,2.682404190603e+00  
  8.049302749993e-06  ,2.999280301341e+00  ,2.392556689193e+00  
  8.055440538289e-06  ,2.956286335219e+00  ,2.181335901389e+00  
  8.058814533712e-06  ,2.885708832530e+00  ,2.122496964816e+00  
  8.063392915489e-06  ,2.738347549142e+00  ,2.071393380821e+00  
  8.067739584209e-06  ,2.546049985233e+00  ,2.017207733629e+00  
  8.075200595619e-06  ,2.107909966416e+00  ,1.854362345251e+00  
  8.087717571022e-06  ,1.129078935365e+00  ,1.026167524666e+00  
  8.089627154829e-06  ,9.604065873943e-01  ,8.690603936647e-01  
  8.093446322443e-06  ,6.133148976816e-01  ,5.424114325578e-01  
  8.096692540409e-06  ,3.111601022987e-01  ,2.555820028500e-01  
  8.098919146420e-06  ,1.018484752539e-01  ,5.605292128058e-02  
  8.100156501593e-06  ,-1.474986822426e-02  ,-5.529611772113e-02  
  8.101015832933e-06  ,-9.572374794259e-02  ,-1.326933993843e-01  
  8.101535604062e-06  ,-1.446711416318e-01  ,-1.795018893665e-01  
  8.101649912266e-06  ,-1.554309460484e-01  ,-1.897935672332e-01  
  8.101764022564e-06  ,-1.661701224647e-01  ,-2.000662442706e-01  
  8.101992243161e-06  ,-1.876419307773e-01  ,-2.206074373554e-01  
  8.102367752423e-06  ,-2.229496734995e-01  ,-2.543906577863e-01  
  8.102838163456e-06  ,-2.671363136382e-01  ,-2.966787083271e-01  
  8.103265826782e-06  ,-3.072572003625e-01  ,-3.350835605406e-01  
  8.103606038919e-06  ,-3.391346670502e-01  ,-3.656023385519e-01  
  8.103803642286e-06  ,-3.576323120694e-01  ,-3.833132871600e-01  
  8.103886471787e-06  ,-3.653819207526e-01  ,-3.907336528132e-01  
  8.104016810382e-06  ,-3.775714963387e-01  ,-4.024057466078e-01  
  8.104150292190e-06  ,-3.900484696140e-01  ,-4.143535112096e-01  
  8.104417255806e-06  ,-4.149816198278e-01  ,-4.382304674348e-01  
  8.104951183038e-06  ,-4.647585992975e-01  ,-4.859035081292e-01  
  8.106019037502e-06  ,-5.639063044293e-01  ,-5.808733930629e-01  
  8.107870134251e-06  ,-7.342084549150e-01  ,-7.440044269870e-01  
  8.111529486911e-06  ,-1.063023745953e+00  ,-1.058763091382e+00  
  8.117792444961e-06  ,-1.590929922720e+00  ,-1.562135848079e+00  
  8.129632907646e-06  ,-2.406554055109e+00  ,-2.322560594968e+00  
  8.141528504627e-06  ,-2.894379989398e+00  ,-2.684587386852e+00  
  8.149169820087e-06  ,-2.998979740074e+00  ,-2.404236070317e+00  
  8.157256680267e-06  ,-2.922377932000e+00  ,-2.138592437240e+00  
  8.161964702146e-06  ,-2.790552398683e+00  ,-2.072232878785e+00  
  8.166318821447e-06  ,-2.614312577196e+00  ,-2.025568172142e+00  
  8.172278540866e-06  ,-2.294717877104e+00  ,-1.939812886614e+00  
  8.184197979705e-06  ,-1.428882037233e+00  ,-1.303544987490e+00  
  8.195981817977e-06  ,-3.776997421436e-01  ,-3.188353204408e-01  
  8.196287804009e-06  ,-3.490736972797e-01  ,-2.916320660913e-01  
  8.196899776073e-06  ,-2.917274863616e-01  ,-2.370617833286e-01  
  8.197630864294e-06  ,-2.230796840568e-01  ,-1.716758400067e-01  
  8.197983369889e-06  ,-1.899357910617e-01  ,-1.400844208784e-01  
  8.198098621057e-06  ,-1.790941948330e-01  ,-1.297476494815e-01  
  8.198284093948e-06  ,-1.616420218373e-01  ,-1.131050878006e-01  
  8.198554270627e-06  ,-1.362099412782e-01  ,-8.884637596244e-02  
  8.199037906440e-06  ,-9.066137632255e-02  ,-4.538121210300e-02  
  8.199621100636e-06  ,-3.570958042262e-02  ,7.085816731796e-03  
  8.200221151771e-06  ,2.084289569048e-02  ,6.111088378052e-02  
  8.200718291761e-06  ,6.769165833622e-02  ,1.058864684069e-01  
  8.200994149508e-06  ,9.368115184013e-02  ,1.307331768220e-01  
  8.201068585465e-06  ,1.006928916478e-01  ,1.374374438553e-01  
  8.201177294092e-06  ,1.109320585487e-01  ,1.472282396936e-01  
  8.201329216087e-06  ,1.252392592118e-01  ,1.609101510785e-01  
  8.201560556615e-06  ,1.470200835877e-01  ,1.817416911071e-01  
  8.201941281283e-06  ,1.828480528380e-01  ,2.160147151326e-01  
  8.202500167960e-06  ,2.353930682658e-01  ,2.662928231565e-01  
  8.203064176911e-06  ,2.883460498666e-01  ,3.169756035501e-01  
  8.203598942334e-06  ,3.384701085859e-01  ,3.649618272313e-01  
  8.203871633584e-06  ,3.639938243724e-01  ,3.894005517563e-01  
  8.203967664583e-06  ,3.729759966917e-01  ,3.980014117082e-01  
  8.204117700649e-06  ,3.870026581827e-01  ,4.114331145593e-01  
  8.204274046427e-06  ,4.016100528846e-01  ,4.254215302576e-01  
  8.204586737981e-06  ,4.307954233300e-01  ,4.533719088081e-01  
  8.205212121090e-06  ,4.890386362039e-01  ,5.091562961680e-01  
  8.206462887308e-06  ,6.049363587131e-01  ,6.201750626968e-01  
  8.208855268737e-06  ,8.238657292817e-01  ,8.298698698757e-01  
  8.213137117406e-06  ,1.203292734221e+00  ,1.192838817121e+00  
  8.220869329950e-06  ,1.828974650148e+00  ,1.787454169108e+00  
  8.235044804594e-06  ,2.674934004811e+00  ,2.553952059954e+00  
  8.245432404062e-06  ,2.969166627934e+00  ,2.589762660724e+00  
  8.252964941045e-06  ,2.986995037552e+00  ,2.253000268355e+00  
  8.254766118905e-06  ,2.966433257026e+00  ,2.205618103556e+00  
  8.258368474623e-06  ,2.896918507414e+00  ,2.141174840957e+00  
  8.262044218561e-06  ,2.787792607255e+00  ,2.091458154208e+00  
  8.266038474819e-06  ,2.627171201215e+00  ,2.040544312845e+00  
  8.273904797813e-06  ,2.193038255646e+00  ,1.900859261926e+00  
  8.289187428733e-06  ,9.995758240343e-01  ,9.056016363128e-01  
  8.291091424605e-06  ,8.286954432733e-01  ,7.454722897330e-01  
  8.294899416348e-06  ,4.786641104845e-01  ,4.147673110645e-01  
  8.295851414284e-06  ,3.898890028723e-01  ,3.304664406195e-01  
  8.297434290132e-06  ,2.415506994909e-01  ,1.893013711949e-01  
  8.298214831581e-06  ,1.681599758660e-01  ,1.193453668605e-01  
  8.298604683211e-06  ,1.314633981295e-01  ,8.434159964508e-02  
  8.298976979410e-06  ,9.640082128415e-02  ,5.088234103369e-02  
  8.299527577316e-06  ,4.452315438488e-02  ,1.353468570627e-03  
  8.300163391238e-06  ,-1.539919376992e-02  ,-5.588757961534e-02  
  8.300739321118e-06  ,-6.967310900725e-02  ,-1.077594307141e-01  
  8.300966098165e-06  ,-9.103862835509e-02  ,-1.281856599540e-01  
  8.301032734295e-06  ,-9.731583918739e-02  ,-1.341875451920e-01  
  8.301146879518e-06  ,-1.080674626846e-01  ,-1.444682467501e-01  
  8.301292887615e-06  ,-1.218182853538e-01  ,-1.576179619821e-01  
  8.301537685754e-06  ,-1.448671079309e-01  ,-1.796620848680e-01  
  8.301967863651e-06  ,-1.853486601642e-01  ,-2.183872373123e-01  
  8.302524515154e-06  ,-2.376805934660e-01  ,-2.684627449105e-01  
  8.303097744198e-06  ,-2.914948841984e-01  ,-3.199711874021e-01  
  8.303642009111e-06  ,-3.425028295539e-01  ,-3.688048597164e-01  
  8.303907389479e-06  ,-3.673386110556e-01  ,-3.925854610815e-01  
  8.303995446028e-06  ,-3.755738794968e-01  ,-4.004712860296e-01  
  8.304148439044e-06  ,-3.898752965816e-01  ,-4.141663524830e-01  
  8.304307299392e-06  ,-4.047156417384e-01  ,-4.283781207444e-01  
  8.304625020089e-06  ,-4.343657213221e-01  ,-4.567740942710e-01  
  8.305161461892e-06  ,-4.843273661138e-01  ,-5.046268984226e-01  
  8.306234345498e-06  ,-5.838238426679e-01  ,-5.999345893464e-01  
  8.308380112709e-06  ,-7.807149196193e-01  ,-7.885314958263e-01  
  8.312466011109e-06  ,-1.145090108234e+00  ,-1.137215160196e+00  
  8.319512025179e-06  ,-1.725942880089e+00  ,-1.690113911554e+00  
  8.332666770281e-06  ,-2.566097839232e+00  ,-2.463130612571e+00  
  8.342896417441e-06  ,-2.925605180673e+00  ,-2.670419786697e+00  
  8.350205437006e-06  ,-2.999937519161e+00  ,-2.350613484912e+00  
  8.354061112465e-06  ,-2.975616735335e+00  ,-2.219596966581e+00  
  8.358050898375e-06  ,-2.904552789074e+00  ,-2.144857739788e+00  
  8.361779913964e-06  ,-2.796898591190e+00  ,-2.092466081260e+00  
  8.365454540314e-06  ,-2.653299019081e+00  ,-2.046403151863e+00  
  8.372803793015e-06  ,-2.262519407743e+00  ,-1.931333462569e+00  
  8.387502298417e-06  ,-1.147850162712e+00  ,-1.043974523073e+00  
  8.389251694741e-06  ,-9.938629609809e-01  ,-9.006281988227e-01  
  8.392750487389e-06  ,-6.773590515489e-01  ,-6.031380223912e-01  
  8.396157637896e-06  ,-3.612552805035e-01  ,-3.033594484570e-01  
  8.396867026301e-06  ,-2.947992964791e-01  ,-2.401128320543e-01  
  8.398048874648e-06  ,-1.837741007997e-01  ,-1.343171849659e-01  
  8.398593232693e-06  ,-1.325415388164e-01  ,-8.544723303086e-02  
  8.398799846606e-06  ,-1.130849947513e-01  ,-6.688032392763e-02  
  8.399042223306e-06  ,-9.025470624561e-02  ,-4.508879082697e-02  
  8.399526976706e-06  ,-4.457975429525e-02  ,-1.476258989417e-03  
  8.400039390387e-06  ,3.712455564379e-03  ,4.465668079582e-02  
  8.400552176597e-06  ,5.203880813902e-02  ,9.084229270948e-02  
  8.400811969029e-06  ,7.651797910717e-02  ,1.142441660598e-01  
  8.400979048299e-06  ,9.225858000398e-02  ,1.292943989642e-01  
  8.401039817097e-06  ,9.798302376381e-02  ,1.347682145417e-01  
  8.401148735272e-06  ,1.082422496201e-01  ,1.445788468101e-01  
  8.401341542328e-06  ,1.263999578501e-01  ,1.619443668587e-01  
  8.401596724713e-06  ,1.504246551203e-01  ,1.849242496823e-01  
  8.402107089484e-06  ,1.984435035051e-01  ,2.308654534212e-01  
  8.402703135932e-06  ,2.544584571938e-01  ,2.844729762398e-01  
  8.403285398805e-06  ,3.090920616761e-01  ,3.367728888722e-01  
  8.403649871895e-06  ,3.432390236740e-01  ,3.694673412523e-01  
  8.403879186796e-06  ,3.647004283387e-01  ,3.900179251079e-01  
  8.403956754325e-06  ,3.719556850443e-01  ,3.969655997928e-01  
  8.404087558581e-06  ,3.841853985868e-01  ,4.086772050427e-01  
  8.404243066167e-06  ,3.987163240867e-01  ,4.225930927889e-01  
  8.404554081341e-06  ,4.277492797361e-01  ,4.503988861770e-01  
  8.404975877335e-06  ,4.670577436342e-01  ,4.880489105490e-01  
  8.405819469323e-06  ,5.454217525157e-01  ,5.631144287657e-01  
  8.407506653300e-06  ,7.009458092911e-01  ,7.120994025688e-01  
  8.410881021252e-06  ,1.005656136022e+00  ,1.003852122807e+00  
  8.416717806092e-06  ,1.504172111883e+00  ,1.479668762340e+00  
  8.427521147957e-06  ,2.282511839311e+00  ,2.209998754608e+00  
  8.441538670292e-06  ,2.894631828622e+00  ,2.687089980830e+00  
  8.449412443867e-06  ,2.999488933515e+00  ,2.402743617010e+00  
  8.457968690624e-06  ,2.906481921469e+00  ,2.125496393041e+00  
  8.462416687241e-06  ,2.774633947143e+00  ,2.066063305250e+00  
  8.467042752733e-06  ,2.580172646380e+00  ,2.016381740601e+00  
  8.473096349468e-06  ,2.244317718926e+00  ,1.920951258350e+00  
  8.485203542938e-06  ,1.344851173701e+00  ,1.225300008821e+00  
  8.486775615444e-06  ,1.210822350580e+00  ,1.102222283630e+00  
  8.489919760456e-06  ,9.342402987561e-01  ,8.449172507389e-01  
  8.496208050480e-06  ,3.565381292436e-01  ,2.987869721680e-01  
  8.497136858484e-06  ,2.694810062580e-01  ,2.159230618751e-01  
  8.498272699496e-06  ,1.627143533179e-01  ,1.141652386429e-01  
  8.498895102372e-06  ,1.041132378304e-01  ,5.825483795817e-02  
  8.499468890211e-06  ,5.005359582183e-02  ,6.645180301361e-03  
  8.500061770162e-06  ,-5.821696922378e-03  ,-4.672703154579e-02  
  8.500654277584e-06  ,-6.165986743061e-02  ,-1.000907885869e-01  
  8.500926456606e-06  ,-8.730415047663e-02  ,-1.246069280209e-01  
  8.500999274390e-06  ,-9.416392380454e-02  ,-1.311657499854e-01  
  8.501130916836e-06  ,-1.065639781779e-01  ,-1.430226497567e-01  
  8.501263187924e-06  ,-1.190214114675e-01  ,-1.549355008149e-01  
  8.501527730102e-06  ,-1.439298973740e-01  ,-1.787582452627e-01  
  8.502040702576e-06  ,-1.921999612140e-01  ,-2.249354501492e-01  
  8.502644479001e-06  ,-2.489496648655e-01  ,-2.792416757193e-01  
  8.503279547865e-06  ,-3.085435529212e-01  ,-3.362865610518e-01  
  8.503663718427e-06  ,-3.445354263953e-01  ,-3.707460066946e-01  
  8.503905629465e-06  ,-3.671739813408e-01  ,-3.924230220424e-01  
  8.503983092220e-06  ,-3.744186924328e-01  ,-3.993603703778e-01  
  8.504116853425e-06  ,-3.869234762310e-01  ,-4.113350066074e-01  
  8.504275667207e-06  ,-4.017614323809e-01  ,-4.255444867523e-01  
  8.504593294771e-06  ,-4.314069725680e-01  ,-4.539361288038e-01  
  8.504980073037e-06  ,-4.674483534098e-01  ,-4.884557901876e-01  
  8.505753629567e-06  ,-5.393187548249e-01  ,-5.572982593046e-01  
  8.507300742628e-06  ,-6.820618052569e-01  ,-6.940361447763e-01  
  8.510394968750e-06  ,-9.623817183941e-01  ,-9.624609341423e-01  
  8.516027607681e-06  ,-1.447540595679e+00  ,-1.425790467867e+00  
  8.526130594971e-06  ,-2.195313054503e+00  ,-2.129830679144e+00  
  8.541973509552e-06  ,-2.905127581643e+00  ,-2.689090348006e+00  
  8.549935199978e-06  ,-2.999993783568e+00  ,-2.387463471543e+00  
  8.558892287971e-06  ,-2.883696769297e+00  ,-2.111214880420e+00  
  8.564011581900e-06  ,-2.714016210536e+00  ,-2.045592653749e+00  
  8.568881281378e-06  ,-2.487513582928e+00  ,-1.997033763161e+00  
  8.578620680334e-06  ,-1.866838008444e+00  ,-1.682721774545e+00  
  8.592265673639e-06  ,-7.217914571896e-01  ,-6.445286478683e-01  
  8.595314078690e-06  ,-4.400442451597e-01  ,-3.778733126141e-01  
  8.596076179953e-06  ,-3.688754540376e-01  ,-3.103115113616e-01  
  8.597354513319e-06  ,-2.490443087699e-01  ,-1.962886151652e-01  
  8.597989768447e-06  ,-1.893339471324e-01  ,-1.393925006581e-01  
  8.598369841190e-06  ,-1.535716972572e-01  ,-1.052945667626e-01  
  8.598756619455e-06  ,-1.171560567532e-01  ,-7.055867587803e-02  
  8.599135621177e-06  ,-8.145577291827e-02  ,-3.649106938798e-02  
  8.599643750774e-06  ,-3.357499762655e-02  ,9.220735200599e-03  
  8.600167060928e-06  ,1.574504927715e-02  ,5.632948707499e-02  
  8.600768415915e-06  ,7.241445989108e-02  ,1.104842216314e-01  
  8.600982946070e-06  ,9.262576184413e-02  ,1.298048431000e-01  
  8.601048336556e-06  ,9.878553200919e-02  ,1.356937720856e-01  
  8.601162842667e-06  ,1.095709638721e-01  ,1.460056446038e-01  
  8.601310061483e-06  ,1.234355314727e-01  ,1.592626784767e-01  
  8.601553229807e-06  ,1.463303740427e-01  ,1.811571902246e-01  
  8.601984990953e-06  ,1.869597596303e-01  ,2.200197804896e-01  
  8.602537265239e-06  ,2.388784643027e-01  ,2.696950575216e-01  
  8.603107141523e-06  ,2.923763576546e-01  ,3.208959327361e-01  
  8.603651127039e-06  ,3.433565410817e-01  ,3.696987885830e-01  
  8.603912037058e-06  ,3.677733350803e-01  ,3.930762518097e-01  
  8.603999092435e-06  ,3.759148390729e-01  ,4.008716474818e-01  
  8.604149477748e-06  ,3.899723617177e-01  ,4.143320581726e-01  
  8.604309828212e-06  ,4.049517974054e-01  ,4.286758719658e-01  
  8.604630529141e-06  ,4.348794595955e-01  ,4.573354657681e-01  
  8.605155515676e-06  ,4.837742915694e-01  ,5.041629997238e-01  
  8.606205488747e-06  ,5.811559158155e-01  ,5.974380724540e-01  
  8.608305434888e-06  ,7.739170643898e-01  ,7.820697684893e-01  
  8.612370471662e-06  ,1.136762325060e+00  ,1.129290426685e+00  
  8.619316647952e-06  ,1.710849161403e+00  ,1.675850588600e+00  
  8.632319401210e-06  ,2.548985904029e+00  ,2.448392490077e+00  
  8.642599712318e-06  ,2.919289286184e+00  ,2.675134060809e+00  
  8.649936299032e-06  ,2.999993992650e+00  ,2.362314053827e+00  
  8.654249440139e-06  ,2.973306265871e+00  ,2.213965376040e+00  
  8.657733331626e-06  ,2.911897739808e+00  ,2.143445647658e+00  
  8.661833386129e-06  ,2.795071875269e+00  ,2.091839863641e+00  
  8.666470627492e-06  ,2.607265008746e+00  ,2.034659743809e+00  
  8.672018329805e-06  ,2.310438167529e+00  ,1.947274178439e+00  
  8.683113734430e-06  ,1.517888037646e+00  ,1.382106022283e+00  
  8.694547395414e-06  ,5.113863335353e-01  ,4.456626030680e-01  
  8.697084318107e-06  ,2.744124324855e-01  ,2.205133445557e-01  
  8.697718548780e-06  ,2.148376592783e-01  ,1.637669671102e-01  
  8.698217272019e-06  ,1.679303311603e-01  ,1.190518944835e-01  
  8.698328052839e-06  ,1.575048593626e-01  ,1.091098918118e-01  
  8.698489264777e-06  ,1.423299918198e-01  ,9.463644565744e-02  
  8.698746402940e-06  ,1.181182000964e-01  ,7.153837086701e-02  
  8.699260679265e-06  ,6.967307285679e-02  ,2.530246930736e-02  
  8.699776352575e-06  ,2.107809979360e-02  ,-2.110041095484e-02  
  8.700294261059e-06  ,-2.773305639739e-02  ,-6.773164621546e-02  
  8.700694124406e-06  ,-6.541449938337e-02  ,-1.037441059551e-01  
  8.700926256558e-06  ,-8.728530437242e-02  ,-1.246513347034e-01  
  8.700986606261e-06  ,-9.297056162818e-02  ,-1.300866982508e-01  
  8.701095978456e-06  ,-1.032731279626e-01  ,-1.399370218722e-01  
  8.701221869985e-06  ,-1.151302541137e-01  ,-1.512746088524e-01  
  8.701473653043e-06  ,-1.388389183734e-01  ,-1.739473639384e-01  
  8.701865832979e-06  ,-1.757499307152e-01  ,-2.092529635464e-01  
  8.702480505878e-06  ,-2.335456291657e-01  ,-2.645513270836e-01  
  8.703081022674e-06  ,-2.899263345287e-01  ,-3.185126601550e-01  
  8.703645590419e-06  ,-3.428381507552e-01  ,-3.691664667688e-01  
  8.703921727562e-06  ,-3.686797377119e-01  ,-3.939090827574e-01  
  8.704010366188e-06  ,-3.769689671121e-01  ,-4.018462601725e-01  
  8.704167876119e-06  ,-3.916915893690e-01  ,-4.159441246848e-01  
  8.704327388393e-06  ,-4.065915967164e-01  ,-4.302124902028e-01  
  8.704646412941e-06  ,-4.363606061040e-01  ,-4.587213051507e-01  
  8.705225788714e-06  ,-4.903095040602e-01  ,-5.103914977228e-01  
  8.706384540262e-06  ,-5.977021770420e-01  ,-6.132602869898e-01  
  8.708702043356e-06  ,-8.099703149585e-01  ,-8.165742836304e-01  
  8.712928012671e-06  ,-1.185213990153e+00  ,-1.175574404705e+00  
  8.720469490351e-06  ,-1.798960382345e+00  ,-1.759137078293e+00  
  8.734305218520e-06  ,-2.642657179522e+00  ,-2.527671062779e+00  
  8.744673446478e-06  ,-2.958094606374e+00  ,-2.620115971485e+00  
  8.751901999773e-06  ,-2.994645946530e+00  ,-2.287257868879e+00  
  8.754234404029e-06  ,-2.973494558341e+00  ,-2.218188712734e+00  
  8.757569656434e-06  ,-2.915570217308e+00  ,-2.150239585171e+00  
  8.761528149905e-06  ,-2.805393203124e+00  ,-2.096948255551e+00  
  8.766324833693e-06  ,-2.614034589543e+00  ,-2.036458881213e+00  
  8.772228673758e-06  ,-2.297742439702e+00  ,-1.942934516874e+00  
  8.784036353888e-06  ,-1.442257614267e+00  ,-1.314075910472e+00  
  8.796006456675e-06  ,-3.753959640992e-01  ,-3.164379320821e-01  
  8.798448384466e-06  ,-1.461784133431e-01  ,-9.821163909350e-02  
  8.799058866413e-06  ,-8.868682812544e-02  ,-4.336296483686e-02  
  8.799754657509e-06  ,-2.312275609189e-02  ,1.922944512916e-02  
  8.800476805033e-06  ,4.493613518508e-02  ,8.424686964943e-02  
  8.800889660330e-06  ,8.383759445574e-02  ,1.214273717891e-01  
  8.801220931770e-06  ,1.150418945823e-01  ,1.512596119232e-01  
  8.801293214044e-06  ,1.218490251410e-01  ,1.577683583977e-01  
  8.801402539672e-06  ,1.321434815351e-01  ,1.676121832652e-01  
  8.801533367211e-06  ,1.444605683511e-01  ,1.793910508075e-01  
  8.801676581340e-06  ,1.579410164232e-01  ,1.922836003714e-01  
  8.801963009598e-06  ,1.848920482409e-01  ,2.180627397537e-01  
  8.802535866113e-06  ,2.387470182591e-01  ,2.695889033130e-01  
  8.803120922955e-06  ,2.936690163953e-01  ,3.221514659704e-01  
  8.803671427729e-06  ,3.452571933658e-01  ,3.715355717108e-01  
  8.803909287514e-06  ,3.675161499385e-01  ,3.928466624390e-01  
  8.803994165925e-06  ,3.754541815141e-01  ,4.004470706041e-01  
  8.804135889938e-06  ,3.887025711044e-01  ,4.131324255315e-01  
  8.804294005228e-06  ,4.034741148210e-01  ,4.272768301563e-01  
  8.804610235808e-06  ,4.329869715763e-01  ,4.555385233404e-01  
  8.805067282362e-06  ,4.755654844183e-01  ,4.963156105413e-01  
  8.805981375469e-06  ,5.604196184821e-01  ,5.775887711871e-01  
  8.807809561683e-06  ,7.286719059787e-01  ,7.387476127831e-01  
  8.811465934111e-06  ,1.057420555830e+00  ,1.053437359632e+00  
  8.817742303206e-06  ,1.586921442305e+00  ,1.558350957311e+00  
  8.829411402537e-06  ,2.394031111562e+00  ,2.311300456357e+00  
  8.841529026819e-06  ,2.894392933134e+00  ,2.684776218122e+00  
  8.849188223673e-06  ,2.999024470896e+00  ,2.404186593133e+00  
  8.857318297220e-06  ,2.921059983390e+00  ,2.137422802178e+00  
  8.862107530428e-06  ,2.785582789051e+00  ,2.070192915235e+00  
  8.866435572697e-06  ,2.608897692988e+00  ,2.023929256219e+00  
  8.872492149664e-06  ,2.281698338917e+00  ,1.935192771634e+00  
  8.884605303599e-06  ,1.395010729880e+00  ,1.271188162409e+00  
  8.896861508680e-06  ,2.953167986963e-01  ,2.401942563995e-01  
  8.898487784160e-06  ,1.424693793582e-01  ,9.460583376384e-02  
  8.900861166609e-06  ,-8.115314012616e-02  ,-1.189211247198e-01  
  8.901729345513e-06  ,-1.629068068595e-01  ,-1.970850158619e-01  
  8.902012188179e-06  ,-1.895179868829e-01  ,-2.225382248005e-01  
  8.902267091168e-06  ,-2.134877093090e-01  ,-2.454687450748e-01  
  8.902667559875e-06  ,-2.511174175742e-01  ,-2.814734531411e-01  
  8.903093407122e-06  ,-2.910880558346e-01  ,-3.197258855227e-01  
  8.903584679781e-06  ,-3.371344433993e-01  ,-3.638017020141e-01  
  8.903822353302e-06  ,-3.593831464855e-01  ,-3.851012822181e-01  
  8.903984217165e-06  ,-3.745238867407e-01  ,-3.995971286536e-01  
  8.904131296283e-06  ,-3.882732746696e-01  ,-4.127615426629e-01  
  8.904296838870e-06  ,-4.037387513512e-01  ,-4.275697319197e-01  
  8.904627924046e-06  ,-4.346365270141e-01  ,-4.571563780544e-01  
  8.905290094396e-06  ,-4.962876745500e-01  ,-5.161981767150e-01  
  8.906614435097e-06  ,-6.189190984550e-01  ,-6.336552740481e-01  
  8.908984837314e-06  ,-8.356009160201e-01  ,-8.411745019344e-01  
  8.913573649904e-06  ,-1.240866125487e+00  ,-1.228769060582e+00  
  8.921484676382e-06  ,-1.874600640827e+00  ,-1.830607113812e+00  
  8.936379877111e-06  ,-2.729531487645e+00  ,-2.598913829430e+00  
  8.946603563806e-06  ,-2.982938161136e+00  ,-2.553490813805e+00  
  8.955310312292e-06  ,-2.958349172740e+00  ,-2.191227570770e+00  
  8.957989168545e-06  ,-2.906003187876e+00  ,-2.139123817436e+00  
  8.961815041682e-06  ,-2.795699447293e+00  ,-2.086732456964e+00  
  8.965803337475e-06  ,-2.637799115519e+00  ,-2.039140919963e+00  
  8.972229463240e-06  ,-2.297694599585e+00  ,-1.942861150098e+00  
  8.985081714770e-06  ,-1.355104989523e+00  ,-1.234956607114e+00  
  8.986649130663e-06  ,-1.221719587437e+00  ,-1.112485225047e+00  
  8.989783962449e-06  ,-9.463940011760e-01  ,-8.564105547558e-01  
  8.996053626021e-06  ,-3.709848893838e-01  ,-3.125644750541e-01  
  8.997038033983e-06  ,-2.787560295060e-01  ,-2.247953707122e-01  
  8.998448615154e-06  ,-1.461566972761e-01  ,-9.840355668505e-02  
  8.999351532390e-06  ,-6.111240493839e-02  ,-1.723383766886e-02  
  8.999773142120e-06  ,-2.138067048942e-02  ,2.071256108670e-02  
  9.000298966845e-06  ,2.817654708993e-02  ,6.806311518394e-02  
  9.000650028890e-06  ,6.125952153370e-02  ,9.968430631109e-02  
  9.000867492711e-06  ,8.174914137517e-02  ,1.192728098922e-01  
  9.000927108997e-06  ,8.736561086393e-02  ,1.246428107965e-01  
  9.001039147103e-06  ,9.791991203585e-02  ,1.347345718430e-01  
  9.001158402959e-06  ,1.091528093841e-01  ,1.454760546658e-01  
  9.001396914670e-06  ,1.316138500629e-01  ,1.669570730798e-01  
  9.001813495258e-06  ,1.708254531923e-01  ,2.044656820163e-01  
  9.002428913215e-06  ,2.286975873005e-01  ,2.598410465936e-01  
  9.003057462821e-06  ,2.877161849973e-01  ,3.163311673875e-01  
  9.003627432236e-06  ,3.411379384533e-01  ,3.674769524525e-01  
  9.003921124810e-06  ,3.686233602219e-01  ,3.937954603491e-01  
  9.004012056818e-06  ,3.771270417511e-01  ,4.019385997763e-01  
  9.004176831065e-06  ,3.925283330457e-01  ,4.166874543907e-01  
  9.004333665786e-06  ,4.071777603370e-01  ,4.307169127909e-01  
  9.004647335229e-06  ,4.364466051613e-01  ,4.587487372186e-01  
  9.005267689196e-06  ,4.942050063445e-01  ,5.140714116354e-01  
  9.006508397130e-06  ,6.091368324822e-01  ,6.241689531151e-01  
  9.008989812998e-06  ,8.360512950843e-01  ,8.415192065542e-01  
  9.013349892763e-06  ,1.221635524863e+00  ,1.210344689034e+00  
  9.021316053538e-06  ,1.862166756968e+00  ,1.818728265600e+00  
  9.035726966528e-06  ,2.703424940395e+00  ,2.576486274446e+00  
  9.046104135184e-06  ,2.977558258508e+00  ,2.560366439967e+00  
  9.054027082590e-06  ,2.976023116869e+00  ,2.221445769750e+00  
  9.056372897891e-06  ,2.940074213490e+00  ,2.169036192240e+00  
  9.060075836448e-06  ,2.850952780167e+00  ,2.111043964040e+00  
  9.064046250848e-06  ,2.712622303730e+00  ,2.061556890331e+00  
  9.069467293290e-06  ,2.456220329959e+00  ,1.992184718553e+00  
  9.080309378175e-06  ,1.739683355443e+00  ,1.577314601616e+00  
  9.091883110074e-06  ,7.567351158154e-01  ,6.777550289696e-01  
  9.094776543049e-06  ,4.900926941865e-01  ,4.255880553230e-01  
  9.095499901293e-06  ,4.227129059329e-01  ,3.616506363669e-01  
  9.096798723755e-06  ,3.012048202245e-01  ,2.461051417257e-01  
  9.097984669922e-06  ,1.898135114740e-01  ,1.399837588428e-01  
  9.098564325092e-06  ,1.352633006965e-01  ,8.795806734604e-02  
  9.098763465142e-06  ,1.165113554533e-01  ,7.006612717651e-02  
  9.098997133976e-06  ,9.450225997993e-02  ,4.906155660632e-02  
  9.099464471644e-06  ,5.046997748289e-02  ,7.024042669280e-03  
  9.099962077295e-06  ,3.574129860536e-03  ,-3.776795573683e-02  
  9.100439752644e-06  ,-4.144439188461e-02  ,-8.078509743649e-02  
  9.100742898142e-06  ,-7.001014418197e-02  ,-1.080895261549e-01  
  9.101064018166e-06  ,-1.002626753568e-01  ,-1.370130083469e-01  
  9.101145660231e-06  ,-1.079526220469e-01  ,-1.443661793388e-01  
  9.101287058281e-06  ,-1.212693346328e-01  ,-1.571006761968e-01  
  9.101424102398e-06  ,-1.341737175991e-01  ,-1.694420241818e-01  
  9.101586338790e-06  ,-1.494470282160e-01  ,-1.840503617992e-01  
  9.101837795885e-06  ,-1.731119673832e-01  ,-2.066878885660e-01  
  9.102340710076e-06  ,-2.204079599652e-01  ,-2.519404625364e-01  
  9.102886092575e-06  ,-2.716352778452e-01  ,-3.009679802173e-01  
  9.103382021846e-06  ,-3.181486675754e-01  ,-3.454943287373e-01  
  9.103753852384e-06  ,-3.529727517475e-01  ,-3.788363809897e-01  
  9.104039163055e-06  ,-3.796613412693e-01  ,-4.043919957409e-01  
  9.104116404621e-06  ,-3.868815306632e-01  ,-4.113060523503e-01  
  9.104236778064e-06  ,-3.981289339667e-01  ,-4.220768739211e-01  
  9.104405440582e-06  ,-4.138787377562e-01  ,-4.371599066688e-01  
  9.104603463044e-06  ,-4.323553271520e-01  ,-4.548550973496e-01  
  9.104999507969e-06  ,-4.692575931836e-01  ,-4.901990276668e-01  
  9.105791597819e-06  ,-5.428384945690e-01  ,-5.606794510557e-01  
  9.107375777518e-06  ,-6.889465788291e-01  ,-7.006393583721e-01  
  9.110544136917e-06  ,-9.756868511298e-01  ,-9.752003092886e-01  
  9.116328767693e-06  ,-1.472336361091e+00  ,-1.449398643346e+00  
  9.126600138104e-06  ,-2.225234047809e+00  ,-2.157418578171e+00  
  9.141638389980e-06  ,-2.897086578965e+00  ,-2.688353947305e+00  
  9.149604550755e-06  ,-2.999768491511e+00  ,-2.398564121089e+00  
  9.158414117252e-06  ,-2.895797576916e+00  ,-2.117884929498e+00  
  9.163206330692e-06  ,-2.745483067945e+00  ,-2.055416364614e+00  
  9.167766831076e-06  ,-2.544690856969e+00  ,-2.006338892132e+00  
  9.174790493404e-06  ,-2.135236493590e+00  ,-1.869946068111e+00  
  9.188837818062e-06  ,-1.030582141194e+00  ,-9.344867054696e-01  
  9.190785027301e-06  ,-8.564103046945e-01  ,-7.714896155293e-01  
  9.194679445779e-06  ,-4.991186633190e-01  ,-4.342100059771e-01  
  9.195653050398e-06  ,-4.084181097357e-01  ,-3.480674422745e-01  
  9.195896451553e-06  ,-3.856799510021e-01  ,-3.264702185982e-01  
  9.196383253863e-06  ,-3.401373107365e-01  ,-2.831668614344e-01  
  9.196956669172e-06  ,-2.863903872169e-01  ,-2.320148355829e-01  
  9.197537255665e-06  ,-2.318766870872e-01  ,-1.800896212717e-01  
  9.197835325455e-06  ,-2.038585533099e-01  ,-1.533870469804e-01  
  9.197956467239e-06  ,-1.924661511268e-01  ,-1.425267477538e-01  
  9.198138494236e-06  ,-1.753427991051e-01  ,-1.262001381296e-01  
  9.198412908433e-06  ,-1.495178876382e-01  ,-1.015701735140e-01  
  9.198961736826e-06  ,-9.783664800341e-02  ,-5.225740145548e-02  
  9.199606491445e-06  ,-3.708636293431e-02  ,5.744708057415e-03  
  9.200274063466e-06  ,2.582955401880e-02  ,6.585088533434e-02  
  9.200785359560e-06  ,7.401088516581e-02  ,1.119031138952e-01  
  9.201073929859e-06  ,1.011963037470e-01  ,1.378950450819e-01  
  9.201152917655e-06  ,1.086361723763e-01  ,1.450092112337e-01  
  9.201250997564e-06  ,1.178733929088e-01  ,1.538425825161e-01  
  9.201411743840e-06  ,1.330101064350e-01  ,1.683187798579e-01  
  9.201602152741e-06  ,1.509355889528e-01  ,1.854640063744e-01  
  9.201915216824e-06  ,1.803960414123e-01  ,2.136465036473e-01  
  9.202541344991e-06  ,2.392617489860e-01  ,2.699737864591e-01  
  9.203160395106e-06  ,2.973710853674e-01  ,3.255945198348e-01  
  9.203733065357e-06  ,3.510271531903e-01  ,3.769651367416e-01  
  9.204003428301e-06  ,3.763202604353e-01  ,4.011844639798e-01  
  9.204085338121e-06  ,3.839778474126e-01  ,4.085173534274e-01  
  9.204225502169e-06  ,3.970755808216e-01  ,4.210601170881e-01  
  9.204396749107e-06  ,4.130674029841e-01  ,4.363749906346e-01  
  9.204651791794e-06  ,4.368621535556e-01  ,4.591636955671e-01  
  9.205161877168e-06  ,4.843659915636e-01  ,5.046627484467e-01  
  9.206182047917e-06  ,5.789883616777e-01  ,5.953012483650e-01  
  9.208222389413e-06  ,7.663525083830e-01  ,7.747750923328e-01  
  9.212250173284e-06  ,1.126261850716e+00  ,1.119218237068e+00  
  9.219132274581e-06  ,1.696546415217e+00  ,1.662288226251e+00  
  9.231920451118e-06  ,2.528958613611e+00  ,2.430989565530e+00  
  9.242230564548e-06  ,2.911077288894e+00  ,2.679268531893e+00  
  9.249619305326e-06  ,2.999785444609e+00  ,2.376393900521e+00  
  9.254580646945e-06  ,2.968990480226e+00  ,2.204242234329e+00  
  9.257966935826e-06  ,2.906522889247e+00  ,2.138399338852e+00  
  9.262163102819e-06  ,2.783634025163e+00  ,2.087324091533e+00  
  9.266673684312e-06  ,2.597745449470e+00  ,2.031856443543e+00  
  9.272323459579e-06  ,2.291988625319e+00  ,1.940645439987e+00  
  9.283623010112e-06  ,1.476294512884e+00  ,1.344705168551e+00  
  9.295210153056e-06  ,4.497307006202e-01  ,3.871119096189e-01  
  9.296718709363e-06  ,3.087069339104e-01  ,2.530656187971e-01  
  9.298937864793e-06  ,1.000853096026e-01  ,5.423347871807e-02  
  9.299923204077e-06  ,7.237838167226e-03  ,-3.440723927712e-02  
  9.300458435161e-06  ,-4.320500237033e-02  ,-8.259879747762e-02  
  9.300831895513e-06  ,-7.839537994777e-02  ,-1.162312036956e-01  
  9.301083352609e-06  ,-1.020838671045e-01  ,-1.388762826514e-01  
  9.301139325095e-06  ,-1.073559341423e-01  ,-1.439166867873e-01  
  9.301251270069e-06  ,-1.178990560618e-01  ,-1.539971285376e-01  
  9.301428174792e-06  ,-1.345571465512e-01  ,-1.699257843497e-01  
  9.301609945675e-06  ,-1.516691210604e-01  ,-1.862904161630e-01  
  9.301973487442e-06  ,-1.858776745557e-01  ,-2.190106477973e-01  
  9.302506017691e-06  ,-2.359426885962e-01  ,-2.669101118021e-01  
  9.303048885619e-06  ,-2.869115186383e-01  ,-3.156879209376e-01  
  9.303567725426e-06  ,-3.355466072850e-01  ,-3.622431565899e-01  
  9.303840742638e-06  ,-3.611037596525e-01  ,-3.867111022537e-01  
  9.304013339994e-06  ,-3.772470185858e-01  ,-4.021675316960e-01  
  9.304156414425e-06  ,-3.906205717628e-01  ,-4.149727306177e-01  
  9.304327381967e-06  ,-4.065909966564e-01  ,-4.302651412221e-01  
  9.304669317050e-06  ,-4.384961972082e-01  ,-4.608179259364e-01  
  9.305353187216e-06  ,-5.021511231113e-01  ,-5.217815234750e-01  
  9.306720927550e-06  ,-6.287363790530e-01  ,-6.430302156118e-01  
  9.309188187314e-06  ,-8.539905876428e-01  ,-8.587590098668e-01  
  9.313947618199e-06  ,-1.272869135076e+00  ,-1.259304765370e+00  
  9.322162628366e-06  ,-1.924056895472e+00  ,-1.876962862856e+00  
  9.337621092988e-06  ,-2.775985999551e+00  ,-2.629973998920e+00  
  9.347262144281e-06  ,-2.988909672863e+00  ,-2.504721602453e+00  
  9.357110321714e-06  ,-2.925464544996e+00  ,-2.138784016260e+00  
  9.361062109662e-06  ,-2.820654065384e+00  ,-2.082522053039e+00  
  9.365662098123e-06  ,-2.644113797565e+00  ,-2.033454739446e+00  
  9.371144980384e-06  ,-2.362065667633e+00  ,-1.961411385427e+00  
  9.382110744907e-06  ,-1.598658033587e+00  ,-1.454190643686e+00  
  9.393535465194e-06  ,-6.050884414481e-01  ,-5.344722584196e-01  
  9.396166637732e-06  ,-3.604132238092e-01  ,-3.023600466970e-01  
  9.396824430866e-06  ,-2.987941267682e-01  ,-2.437476534887e-01  
  9.397947978420e-06  ,-1.932645484453e-01  ,-1.432230478810e-01  
  9.398449029965e-06  ,-1.461176486656e-01  ,-9.826493264417e-02  
  9.398623443400e-06  ,-1.296969676579e-01  ,-8.260049897809e-02  
  9.398803747451e-06  ,-1.127176092494e-01  ,-6.639998456155e-02  
  9.399164355552e-06  ,-7.874858751977e-02  ,-3.397993800799e-02  
  9.399629597744e-06  ,-3.490880235465e-02  ,7.878169273965e-03  
  9.400112115970e-06  ,1.056665936969e-02  ,5.131717175803e-02  
  9.400680315873e-06  ,6.411337906022e-02  ,1.024889418126e-01  
  9.400920317700e-06  ,8.672581565601e-02  ,1.241053095816e-01  
  9.400987116812e-06  ,9.301865680556e-02  ,1.301216344229e-01  
  9.401111238828e-06  ,1.047105197989e-01  ,1.413005089042e-01  
  9.401243160671e-06  ,1.171353499107e-01  ,1.531812599687e-01  
  9.401507004356e-06  ,1.419787608586e-01  ,1.769399782070e-01  
  9.401988498127e-06  ,1.872896594064e-01  ,2.202828167099e-01  
  9.402577466523e-06  ,2.426551240685e-01  ,2.732598417208e-01  
  9.403187296545e-06  ,2.998938931996e-01  ,3.280456475001e-01  
  9.403680897510e-06  ,3.461437537139e-01  ,3.723236537259e-01  
  9.403953169664e-06  ,3.716204431860e-01  ,3.967174385839e-01  
  9.404033368180e-06  ,3.791195720649e-01  ,4.038982066723e-01  
  9.404179166729e-06  ,3.927465706847e-01  ,4.169471373180e-01  
  9.404337980511e-06  ,4.075806467880e-01  ,4.311525511605e-01  
  9.404655608075e-06  ,4.372179924103e-01  ,4.595356228321e-01  
  9.405192143010e-06  ,4.871808359723e-01  ,5.073883770990e-01  
  9.406265212880e-06  ,5.866771296702e-01  ,6.026931197577e-01  
  9.408411352621e-06  ,7.835573881965e-01  ,7.912746694636e-01  
  9.412562071072e-06  ,1.153452862245e+00  ,1.145223080803e+00  
  9.419678865658e-06  ,1.738780564516e+00  ,1.702267912992e+00  
  9.432960270630e-06  ,2.580318012992e+00  ,2.475314838419e+00  
  9.443204818951e-06  ,2.931900625526e+00  ,2.664436349967e+00  
  9.450485526310e-06  ,2.999651013906e+00  ,2.339089110837e+00  
  9.453957869397e-06  ,2.976839159399e+00  ,2.222985987898e+00  
  9.457673473941e-06  ,2.913249737077e+00  ,2.151199317474e+00  
  9.461635692703e-06  ,2.801786110865e+00  ,2.096367779807e+00  
  9.465305476176e-06  ,2.659826091700e+00  ,2.049764689539e+00  
  9.472402154194e-06  ,2.287196157307e+00  ,1.940838075688e+00  
  9.486595510231e-06  ,1.226333418124e+00  ,1.116708127670e+00  
  9.497260271298e-06  ,2.578946473778e-01  ,2.043145751320e-01  
  9.498538418399e-06  ,1.377024208537e-01  ,8.979828013848e-02  
  9.498765195446e-06  ,1.163484009842e-01  ,6.944212989590e-02  
  9.499218749540e-06  ,7.362372891816e-02  ,2.869404246240e-02  
  9.499755657004e-06  ,2.302855865797e-02  ,-1.959125117566e-02  
  9.500248140382e-06  ,-2.338644312961e-02  ,-6.391152348428e-02  
  9.500667142408e-06  ,-6.287208736916e-02  ,-1.016306133529e-01  
  9.500902813585e-06  ,-8.507676817315e-02  ,-1.228477103584e-01  
  9.500963500893e-06  ,-9.079395363306e-02  ,-1.283112642838e-01  
  9.501081685727e-06  ,-1.019268580972e-01  ,-1.389510294537e-01  
  9.501198985806e-06  ,-1.129750303092e-01  ,-1.495107728208e-01  
  9.501433585962e-06  ,-1.350666221599e-01  ,-1.706284909847e-01  
  9.501834613463e-06  ,-1.728125300486e-01  ,-2.067185597415e-01  
  9.502497622004e-06  ,-2.351538565511e-01  ,-2.663455139431e-01  
  9.503123005113e-06  ,-2.938643120420e-01  ,-3.225198648476e-01  
  9.503715233138e-06  ,-3.493579957109e-01  ,-3.756312503540e-01  
  9.503987458726e-06  ,-3.748270046685e-01  ,-4.000110812516e-01  
  9.504070649115e-06  ,-3.826047869582e-01  ,-4.074567110770e-01  
  9.504218729405e-06  ,-3.964428698473e-01  ,-4.207043424884e-01  
  9.504385226598e-06  ,-4.119917483776e-01  ,-4.355905065160e-01  
  9.504685065901e-06  ,-4.399644966424e-01  ,-4.623728149600e-01  
  9.505284744507e-06  ,-4.957903995912e-01  ,-5.158287054179e-01  
  9.506484101718e-06  ,-6.068945645754e-01  ,-6.222306582608e-01  
  9.508882816141e-06  ,-8.263618810391e-01  ,-8.324007269617e-01  
  9.513286109274e-06  ,-1.216142613798e+00  ,-1.205206319491e+00  
  9.521089847391e-06  ,-1.845404794444e+00  ,-1.802993066612e+00  
  9.535433705157e-06  ,-2.691328083903e+00  ,-2.567043191240e+00  
  9.545773620909e-06  ,-2.973594780565e+00  ,-2.574977988064e+00  
  9.553498382872e-06  ,-2.981899587204e+00  ,-2.236674627214e+00  
  9.555608387297e-06  ,-2.953554548104e+00  ,-2.185681615909e+00  
  9.558141957229e-06  ,-2.902393337909e+00  ,-2.141174996674e+00  
  9.560989569133e-06  ,-2.822975163824e+00  ,-2.101763916527e+00  
  9.565876404947e-06  ,-2.634511944800e+00  ,-2.040728127186e+00  
  9.572943280643e-06  ,-2.253864791761e+00  ,-1.926903170549e+00  
  9.587077032035e-06  ,-1.184777200755e+00  ,-1.078159889625e+00  
  9.588796439772e-06  ,-1.034243749139e+00  ,-9.383409633265e-01  
  9.592235255247e-06  ,-7.245737791127e-01  ,-6.477306147609e-01  
  9.595594349509e-06  ,-4.138983320292e-01  ,-3.534193022576e-01  
  9.596434123075e-06  ,-3.353734828536e-01  ,-2.787423735467e-01  
  9.597839861369e-06  ,-2.034320396209e-01  ,-1.530669296254e-01  
  9.598446431762e-06  ,-1.463622324842e-01  ,-9.863934899119e-02  
  9.598662265768e-06  ,-1.260413710613e-01  ,-7.925034357974e-02  
  9.598886248847e-06  ,-1.049471562179e-01  ,-5.911867492508e-02  
  9.599334215006e-06  ,-6.274418217445e-02  ,-1.882770376709e-02  
  9.599843182793e-06  ,-1.477961379074e-02  ,2.698484300132e-02  
  9.600311265519e-06  ,2.933561649034e-02  ,6.913875839150e-02  
  9.600687612971e-06  ,6.480095564219e-02  ,1.030389467812e-01  
  9.600909337593e-06  ,8.569139232855e-02  ,1.230119425572e-01  
  9.600966910791e-06  ,9.111518120211e-02  ,1.281980544286e-01  
  9.601076608948e-06  ,1.014486578910e-01  ,1.380792859538e-01  
  9.601199706510e-06  ,1.130429068483e-01  ,1.491669998467e-01  
  9.601445901632e-06  ,1.362261595850e-01  ,1.713401344363e-01  
  9.601848279551e-06  ,1.740983737887e-01  ,2.075696136810e-01  
  9.602471148089e-06  ,2.326663447470e-01  ,2.636136535853e-01  
  9.603080791846e-06  ,2.899046812965e-01  ,3.184021404526e-01  
  9.603651040658e-06  ,3.433484534378e-01  ,3.695707963527e-01  
  9.603929692373e-06  ,3.694247017286e-01  ,3.945407033047e-01  
  9.604017713997e-06  ,3.776559827712e-01  ,4.024231981862e-01  
  9.604175037663e-06  ,3.923607614078e-01  ,4.165053875290e-01  
  9.604335294995e-06  ,4.073298882663e-01  ,4.308413485007e-01  
  9.604655809659e-06  ,4.372367884672e-01  ,4.594849514646e-01  
  9.605237793136e-06  ,4.914256464514e-01  ,5.113895576645e-01  
  9.606401760090e-06  ,5.992924834766e-01  ,6.147202587191e-01  
  9.608729693998e-06  ,8.124792413916e-01  ,8.189300085766e-01  
  9.613026443828e-06  ,1.193730554712e+00  ,1.183679397190e+00  
  9.620603684295e-06  ,1.809065636393e+00  ,1.768656053100e+00  
  9.634539250243e-06  ,2.653025862755e+00  ,2.536173327882e+00  
  9.644913438667e-06  ,2.961777841434e+00  ,2.610849611242e+00  
  9.652232889045e-06  ,2.992621854862e+00  ,2.276213636547e+00  
  9.654420752037e-06  ,2.971114150785e+00  ,2.213740586146e+00  
  9.657731417526e-06  ,2.911941132736e+00  ,2.147815997974e+00  
  9.661629561294e-06  ,2.801992624504e+00  ,2.095695056350e+00  
  9.666494790424e-06  ,2.606137774162e+00  ,2.034297780732e+00  
  9.672574464191e-06  ,2.276653777479e+00  ,1.935194844451e+00  
  9.684733811725e-06  ,1.384276879374e+00  ,1.261396198244e+00  
  9.697015348781e-06  ,2.808847386826e-01  ,2.264562825628e-01  
  9.698137033690e-06  ,1.754802168762e-01  ,1.260496698838e-01  
  9.699698116589e-06  ,2.845141464115e-02  ,-1.423649659532e-02  
  9.700246479321e-06  ,-2.322989660181e-02  ,-6.359637107903e-02  
  9.700833305676e-06  ,-7.852823912901e-02  ,-1.164367463609e-01  
  9.701200153638e-06  ,-1.130850177281e-01  ,-1.494696376232e-01  
  9.701289048377e-06  ,-1.214567432813e-01  ,-1.574734876798e-01  
  9.701383915223e-06  ,-1.303898497019e-01  ,-1.660146022497e-01  
  9.701515301555e-06  ,-1.427598724105e-01  ,-1.778427389381e-01  
  9.701661775313e-06  ,-1.565474994659e-01  ,-1.910276090299e-01  
  9.701954722829e-06  ,-1.841125171267e-01  ,-2.173912866934e-01  
  9.702540617861e-06  ,-2.391934368236e-01  ,-2.700854618376e-01  
  9.703133218415e-06  ,-2.948222487968e-01  ,-3.233202074865e-01  
  9.703690708108e-06  ,-3.470621890647e-01  ,-3.733246579657e-01  
  9.703924702905e-06  ,-3.689580299435e-01  ,-3.942866776886e-01  
  9.704008463729e-06  ,-3.767910850659e-01  ,-4.017860702541e-01  
  9.704147766303e-06  ,-3.898124298657e-01  ,-4.142531953669e-01  
  9.704308000352e-06  ,-4.047811016346e-01  ,-4.285854158638e-01  
  9.704628468450e-06  ,-4.346872945355e-01  ,-4.572219603482e-01  
  9.705092034262e-06  ,-4.778686547001e-01  ,-4.985739275047e-01  
  9.706019165885e-06  ,-5.639181885409e-01  ,-5.809875209231e-01  
  9.707873429131e-06  ,-7.345095426039e-01  ,-7.443782790768e-01  
  9.711581955623e-06  ,-1.067646504934e+00  ,-1.063245289138e+00  
  9.717954437207e-06  ,-1.603853033141e+00  ,-1.574441447939e+00  
  9.729797880124e-06  ,-2.415805202789e+00  ,-2.330874404330e+00  
  9.741596619558e-06  ,-2.896061796275e+00  ,-2.684356989095e+00  
  9.749205152463e-06  ,-2.999064731940e+00  ,-2.401899748858e+00  
  9.757220487069e-06  ,-2.923146977228e+00  ,-2.139705771750e+00  
  9.761825690936e-06  ,-2.795335244410e+00  ,-2.074528691107e+00  
  9.766217063140e-06  ,-2.619003410407e+00  ,-2.027170284601e+00  
  9.772091845941e-06  ,-2.306012395447e+00  ,-1.943752228807e+00  
  9.783841411542e-06  ,-1.458340844978e+00  ,-1.330245751165e+00  
  9.795489649247e-06  ,-4.236694766256e-01  ,-3.625491253236e-01  
  9.797054271173e-06  ,-2.772322948192e-01  ,-2.232310850723e-01  
  9.799204508733e-06  ,-7.496548170270e-02  ,-3.034924117796e-02  
  9.801084290218e-06  ,1.021721834512e-01  ,1.389000804758e-01  
  9.801708462607e-06  ,1.609415083283e-01  ,1.951017549819e-01  
  9.801919127773e-06  ,1.807639713483e-01  ,2.140636312278e-01  
  9.802111376036e-06  ,1.988466148756e-01  ,2.313632732559e-01  
  9.802495872561e-06  ,2.349894823954e-01  ,2.659465734127e-01  
  9.802930427674e-06  ,2.757963339259e-01  ,3.050006965988e-01  
  9.803352270234e-06  ,3.153603179718e-01  ,3.428725571610e-01  
  9.803672552068e-06  ,3.453624555333e-01  ,3.715957860388e-01  
  9.803876488429e-06  ,3.644479980783e-01  ,3.898694634587e-01  
  9.803948933683e-06  ,3.712242829648e-01  ,3.963577894639e-01  
  9.804067421198e-06  ,3.823030452058e-01  ,4.069660751151e-01  
  9.804219156928e-06  ,3.964828095952e-01  ,4.205442195497e-01  
  9.804522628389e-06  ,4.248149879701e-01  ,4.476760245920e-01  
  9.804918580182e-06  ,4.617227062518e-01  ,4.830229773343e-01  
  9.805710483767e-06  ,5.353181139241e-01  ,5.535137453419e-01  
  9.807294290937e-06  ,6.814696574323e-01  ,6.935103524597e-01  
  9.810461905278e-06  ,9.683547886036e-01  ,9.682092548444e-01  
  9.815996941604e-06  ,1.445008422810e+00  ,1.423398537969e+00  
  9.826174434699e-06  ,2.198127000149e+00  ,2.132444354284e+00  
  9.842047151603e-06  ,2.906851456376e+00  ,2.688963792452e+00  
  9.849985000171e-06  ,2.999999666908e+00  ,2.385413688933e+00  
  9.858936127700e-06  ,2.882554732937e+00  ,2.110817550004e+00  
  9.864036795177e-06  ,2.713002799595e+00  ,2.045505316567e+00  
  9.868924376048e-06  ,2.485240903680e+00  ,1.990754461330e+00  
  9.877736922778e-06  ,1.931310888655e+00  ,1.734301517673e+00  
  9.890022930182e-06  ,9.249953966579e-01  ,8.358251385366e-01  
  9.893093686976e-06  ,6.458097625368e-01  ,5.730449403071e-01  
  9.897466432728e-06  ,2.385310441394e-01  ,1.863581392350e-01  
  9.899686333217e-06  ,2.956191942711e-02  ,-1.300989284469e-02  
  9.901541714050e-06  ,-1.452463218248e-01  ,-1.801016585417e-01  
  9.902435690589e-06  ,-2.293344758421e-01  ,-2.605461920101e-01  
  9.902691943996e-06  ,-2.534074275504e-01  ,-2.835831344885e-01  
  9.903023448266e-06  ,-2.845250023439e-01  ,-3.133658058353e-01  
  9.903528597631e-06  ,-3.318817864188e-01  ,-3.586991570071e-01  
  9.903780566953e-06  ,-3.554729279544e-01  ,-3.812855379144e-01  
  9.904030254535e-06  ,-3.788284688875e-01  ,-4.036482177324e-01  
  9.904148858465e-06  ,-3.899144908244e-01  ,-4.142635759306e-01  
  9.904315122828e-06  ,-4.054462305390e-01  ,-4.291365164473e-01  
  9.904611935332e-06  ,-4.331454702360e-01  ,-4.556624856311e-01  
  9.905205560341e-06  ,-4.884285607449e-01  ,-5.086092086766e-01  
  9.906392810360e-06  ,-5.984659689900e-01  ,-6.140088985400e-01  
  9.908593711868e-06  ,-8.001348087427e-01  ,-8.071693934644e-01  
  9.912897167221e-06  ,-1.182542811416e+00  ,-1.173053946196e+00  
  9.920290378347e-06  ,-1.785422861264e+00  ,-1.746501779173e+00  
  9.934070972219e-06  ,-2.632135940621e+00  ,-2.519063010176e+00  
  9.944409397855e-06  ,-2.953847897501e+00  ,-2.629974879976e+00  
  9.951612619176e-06  ,-2.996150877324e+00  ,-2.297106599891e+00  
  9.954060507432e-06  ,-2.975623990288e+00  ,-2.222321541333e+00  
  9.957583141938e-06  ,-2.915270547796e+00  ,-2.149504166575e+00  
  9.961444777861e-06  ,-2.808167550865e+00  ,-2.093914313709e+00  
  9.965976966038e-06  ,-2.629965190658e+00  ,-2.040363518126e+00  
  9.973591459408e-06  ,-2.213082869278e+00  ,-1.909964803436e+00  
  9.988820446148e-06  ,-1.032119612362e+00  ,-9.360647626434e-01  
  9.990654034033e-06  ,-8.682351048499e-01  ,-7.827207589647e-01  
  9.994321209803e-06  ,-5.323787398471e-01  ,-4.657760151441e-01  
  9.995238003746e-06  ,-4.471353251753e-01  ,-3.849097408599e-01  
  9.996758853510e-06  ,-3.049432774694e-01  ,-2.497175374186e-01  
  9.998027687386e-06  ,-1.857671622371e-01  ,-1.361732218549e-01  
  9.998657261446e-06  ,-1.265125993048e-01  ,-7.965331247118e-02  
  9.998882827774e-06  ,-1.052693868699e-01  ,-5.938084807240e-02  
  9.999154028907e-06  ,-7.972151130025e-02  ,-3.499409439208e-02  
  9.999585696921e-06  ,-3.904604282699e-02  ,3.846192264034e-03  
  1.000004791231e-05  ,4.515627553070e-03  ,4.545957454160e-02  
  1.000056544827e-05  ,5.328944106178e-02  ,9.207137489730e-02  
  1.000081751072e-05  ,7.704010050239e-02  ,1.147760959442e-01  
  1.000097215684e-05  ,9.160938014396e-02  ,1.287058590409e-01  
  1.000103502111e-05  ,9.753125284142e-02  ,1.343682304463e-01  
  1.000114261215e-05  ,1.076655329158e-01  ,1.440589952087e-01  
  1.000134903980e-05  ,1.271059470098e-01  ,1.626506124128e-01  
  1.000162280207e-05  ,1.528792459299e-01  ,1.873024719282e-01  
  1.000217032661e-05  ,2.043900136596e-01  ,2.365841820082e-01  
  1.000273247292e-05  ,2.572133306803e-01  ,2.871368963736e-01  
  1.000330914786e-05  ,3.113183590115e-01  ,3.389299371970e-01  
  1.000366458712e-05  ,3.446167567613e-01  ,3.708112990612e-01  
  1.000389359934e-05  ,3.660486665239e-01  ,3.913332137561e-01  
  1.000396951377e-05  ,3.731489257167e-01  ,3.981323202174e-01  
  1.000409805957e-05  ,3.851669235054e-01  ,4.096409341354e-01  
  1.000425582561e-05  ,3.999081732538e-01  ,4.237579467174e-01  
  1.000457135770e-05  ,4.293608390111e-01  ,4.519651490744e-01  
  1.000495860163e-05  ,4.654493310682e-01  ,4.865302740802e-01  
  1.000573308948e-05  ,5.374143238482e-01  ,5.554640712870e-01  
  1.000728206519e-05  ,6.803474791464e-01  ,6.923856534632e-01  
  1.001038001660e-05  ,9.610468831955e-01  ,9.611774863881e-01  
  1.001596273664e-05  ,1.442182453317e+00  ,1.420684561639e+00  
  1.002603741172e-05  ,2.189318065052e+00  ,2.124292991130e+00  
  1.004205616001e-05  ,2.907061264779e+00  ,2.689120740607e+00  
  1.005001338008e-05  ,2.999999734962e+00  ,2.384831749371e+00  
  1.005900027040e-05  ,2.880873946946e+00  ,2.109774372704e+00  
  1.006415085677e-05  ,2.708397001210e+00  ,2.043996061548e+00  
  1.006908314112e-05  ,2.476828853826e+00  ,1.988463738558e+00  
  1.007813112620e-05  ,1.902733495973e+00  ,1.712233806826e+00  
  1.009022341851e-05  ,9.070022019841e-01  ,8.189887393455e-01  
  1.009324649158e-05  ,6.317385291489e-01  ,5.597507792680e-01  
  1.009378451664e-05  ,5.820800139658e-01  ,5.127933110101e-01  
  1.009486056674e-05  ,4.822783354442e-01  ,4.182154030058e-01  
  1.009622122902e-05  ,3.553048533274e-01  ,2.975903032192e-01  
  1.009763236899e-05  ,2.229382626083e-01  ,1.715661617647e-01  
  1.009829491187e-05  ,1.606239288983e-01  ,1.121573409612e-01  
  1.009846264306e-05  ,1.448361540332e-01  ,9.709827833254e-02  
  1.009861666053e-05  ,1.303356373520e-01  ,8.326448722432e-02  
  1.009892469547e-05  ,1.013257892863e-01  ,5.558158762129e-02  
  1.009954076536e-05  ,4.328034401462e-02  ,1.649323073783e-04  
  1.010010915152e-05  ,-1.028726857289e-02  ,-5.100520077004e-02  
  1.010069784052e-05  ,-6.576465142030e-02  ,-1.040255984416e-01  
  1.010095111370e-05  ,-8.962701589779e-02  ,-1.268385770608e-01  
  1.010102235987e-05  ,-9.633858243655e-02  ,-1.332557468061e-01  
  1.010114089395e-05  ,-1.075037008247e-01  ,-1.439318333092e-01  
  1.010128361914e-05  ,-1.209454674083e-01  ,-1.567860081597e-01  
  1.010155612412e-05  ,-1.466028317633e-01  ,-1.813251690059e-01  
  1.010198998075e-05  ,-1.874291201778e-01  ,-2.203807652022e-01  
  1.010254570093e-05  ,-2.396709762489e-01  ,-2.703708672651e-01  
  1.010311818491e-05  ,-2.934122003121e-01  ,-3.218100465588e-01  
  1.010366608198e-05  ,-3.447567115311e-01  ,-3.709665053410e-01  
  1.010392326671e-05  ,-3.688236991924e-01  ,-3.940111887906e-01  
  1.010400902988e-05  ,-3.768440209523e-01  ,-4.016912419456e-01  
  1.010415662123e-05  ,-3.906398962859e-01  ,-4.149022746713e-01  
  1.010431920686e-05  ,-4.058276070646e-01  ,-4.294467728393e-01  
  1.010464437814e-05  ,-4.361708693325e-01  ,-4.585067848329e-01  
  1.010521313684e-05  ,-4.891330873346e-01  ,-5.092339367268e-01  
  1.010635065423e-05  ,-5.945721828330e-01  ,-6.102344967635e-01  
  1.010862568901e-05  ,-8.030390097666e-01  ,-8.099150969579e-01  
  1.011284122752e-05  ,-1.177695669297e+00  ,-1.168377447534e+00  
  1.012026573108e-05  ,-1.783555553987e+00  ,-1.744582947087e+00  
  1.013395393775e-05  ,-2.626825868219e+00  ,-2.514550472765e+00  
  1.014426107095e-05  ,-2.951373168639e+00  ,-2.634779485668e+00  
  1.015149036930e-05  ,-2.996712244915e+00  ,-2.301196174122e+00  
  1.015399078415e-05  ,-2.976452840270e+00  ,-2.223905265546e+00  
  1.015758196400e-05  ,-2.915296744296e+00  ,-2.149281186069e+00  
  1.016141603278e-05  ,-2.809119627734e+00  ,-2.094129004461e+00  
  1.016599143432e-05  ,-2.629308862875e+00  ,-2.040160779738e+00  
  1.017352993177e-05  ,-2.216993734064e+00  ,-1.911658636329e+00  
  1.018860692666e-05  ,-1.050991534592e+00  ,-9.536891980951e-01  
  1.019042263316e-05  ,-8.890876744774e-01  ,-8.022885143178e-01  
  1.019405404614e-05  ,-5.571396311917e-01  ,-4.892401558569e-01  
  1.019496189938e-05  ,-4.728497465457e-01  ,-4.093213478235e-01  
  1.019677760588e-05  ,-3.031850099379e-01  ,-2.480458917450e-01  
  1.019810995595e-05  ,-1.780278002030e-01  ,-1.287969845302e-01  
  1.019879345359e-05  ,-1.136870919259e-01  ,-6.741830249883e-02  
  1.019905110398e-05  ,-8.941809789835e-02  ,-4.425453968317e-02  
  1.019936901094e-05  ,-5.946542312319e-02  ,-1.565754631012e-02  
  1.019980370575e-05  ,-1.850017977859e-02  ,2.346761752357e-02  
  1.020021199757e-05  ,1.998015241013e-02  ,6.023322133320e-02  
  1.020058797249e-05  ,5.541195058403e-02  ,9.409715491062e-02  
  1.020080571571e-05  ,7.592880795325e-02  ,1.137106439983e-01  
  1.020093102516e-05  ,8.773454350032e-02  ,1.249979933498e-01  
  1.020099364496e-05  ,9.363362286530e-02  ,1.306384256305e-01  
  1.020109099146e-05  ,1.028033916352e-01  ,1.394066370469e-01  
  1.020128568444e-05  ,1.211399589335e-01  ,1.569419810003e-01  
  1.020158761922e-05  ,1.495675558389e-01  ,1.841318798691e-01  
  1.020219148878e-05  ,2.063798209747e-01  ,2.384856184651e-01  
  1.020277617309e-05  ,2.613165650332e-01  ,2.910619354985e-01  
  1.020336914617e-05  ,3.169419810001e-01  ,3.443115278554e-01  
  1.020377347987e-05  ,3.548096826515e-01  ,3.805689081054e-01  
  1.020403648536e-05  ,3.794110024802e-01  ,4.041266626719e-01  
  1.020411031596e-05  ,3.863124725466e-01  ,4.107357071404e-01  
  1.020423567198e-05  ,3.980256097062e-01  ,4.219528552391e-01  
  1.020439653467e-05  ,4.130473852524e-01  ,4.363390878577e-01  
  1.020461448744e-05  ,4.333834786459e-01  ,4.558157086282e-01  
  1.020505039297e-05  ,4.739937569572e-01  ,4.947123841499e-01  
  1.020592220403e-05  ,5.549400460583e-01  ,5.722506466708e-01  
  1.020766582615e-05  ,7.155234425802e-01  ,7.260788639249e-01  
  1.021115307040e-05  ,1.029775617638e+00  ,1.026939898015e+00  
  1.021729905434e-05  ,1.551316685583e+00  ,1.524492592447e+00  
  1.022846747465e-05  ,2.339373354996e+00  ,2.261838849618e+00  
  1.024126012154e-05  ,2.887624499184e+00  ,2.685187126241e+00  
  1.024906236954e-05  ,2.998698563389e+00  ,2.413250986091e+00  
  1.025752771921e-05  ,2.916498785236e+00  ,2.131605339532e+00  
  1.026185203619e-05  ,2.794432896410e+00  ,2.072727391610e+00  
  1.026651758976e-05  ,2.605072776215e+00  ,2.023005924181e+00  
  1.027221802897e-05  ,2.298387341879e+00  ,1.940902809123e+00  
  1.028361890740e-05  ,1.476631113249e+00  ,1.345039565419e+00  
  1.029543105788e-05  ,4.291355182145e-01  ,3.675263057674e-01  
  1.029694520212e-05  ,2.874661766810e-01  ,2.328327784897e-01  
  1.029920235552e-05  ,7.516835415891e-02  ,3.043752099502e-02  
  1.030032161899e-05  ,-3.031135949542e-02  ,-7.029440826270e-02  
  1.030095175184e-05  ,-8.968713252077e-02  ,-1.270403255482e-01  
  1.030169029064e-05  ,-1.592312810601e-01  ,-1.935373628090e-01  
  1.030185008231e-05  ,-1.742679933937e-01  ,-2.079194672342e-01  
  1.030200961787e-05  ,-1.892762240551e-01  ,-2.222757594384e-01  
  1.030232868898e-05  ,-2.192780448307e-01  ,-2.509783467050e-01  
  1.030273665484e-05  ,-2.576060136082e-01  ,-2.876537454390e-01  
  1.030314634364e-05  ,-2.960532587940e-01  ,-3.244505627245e-01  
  1.030359775569e-05  ,-3.383589838081e-01  ,-3.649477697255e-01  
  1.030383056305e-05  ,-3.601513130691e-01  ,-3.858112027104e-01  
  1.030398662943e-05  ,-3.747494576723e-01  ,-3.997880278742e-01  
  1.030407097233e-05  ,-3.826350005277e-01  ,-4.073382396845e-01  
  1.030419225381e-05  ,-3.939693506416e-01  ,-4.181909404359e-01  
  1.030443481678e-05  ,-4.166207282005e-01  ,-4.398808886913e-01  
  1.030477139676e-05  ,-4.480113860805e-01  ,-4.699414435113e-01  
  1.030544455671e-05  ,-5.106389241639e-01  ,-5.299216040757e-01  
  1.030679087663e-05  ,-6.351809921771e-01  ,-6.492119905656e-01  
  1.030948351645e-05  ,-8.806359971501e-01  ,-8.842771166205e-01  
  1.031431149268e-05  ,-1.303839745088e+00  ,-1.288861325905e+00  
  1.032303463244e-05  ,-1.986382807001e+00  ,-1.935433254958e+00  
  1.033888946795e-05  ,-2.819096527866e+00  ,-2.660611856800e+00  
  1.034801344895e-05  ,-2.994159507156e+00  ,-2.482956296152e+00  
  1.035903583789e-05  ,-2.879936899398e+00  ,-2.084864215214e+00  
  1.036516394043e-05  ,-2.665969534422e+00  ,-2.016317700230e+00  
  1.037068258548e-05  ,-2.388682367615e+00  ,-1.958457491288e+00  
  1.038057993674e-05  ,-1.718846497302e+00  ,-1.560180357504e+00  
  1.039251725698e-05  ,-6.987544955681e-01  ,-6.230686220854e-01  
  1.039414017969e-05  ,-5.491609238966e-01  ,-4.815545976908e-01  
  1.039738602513e-05  ,-2.460845201651e-01  ,-1.935263420667e-01  
  1.039775967175e-05  ,-2.109716835883e-01  ,-1.600695025863e-01  
  1.039821364494e-05  ,-1.682716385394e-01  ,-1.193644047501e-01  
  1.039849932814e-05  ,-1.413826034538e-01  ,-9.372029852781e-02  
  1.039877481335e-05  ,-1.154426111890e-01  ,-6.897344894801e-02  
  1.039932578379e-05  ,-6.353862960504e-02  ,-1.943477783032e-02  
  1.039990618402e-05  ,-8.841935229184e-03  ,3.279871822158e-02  
  1.040043294007e-05  ,4.080238185464e-02  ,8.023079889985e-02  
  1.040077631870e-05  ,7.315906050401e-02  ,1.111566702077e-01  
  1.040112477304e-05  ,1.059853025483e-01  ,1.425395769354e-01  
  1.040121253855e-05  ,1.142514301941e-01  ,1.504434795030e-01  
  1.040129804561e-05  ,1.223040119481e-01  ,1.581436554179e-01  
  1.040144817480e-05  ,1.364401796719e-01  ,1.716622577617e-01  
  1.040160577787e-05  ,1.512768154071e-01  ,1.858521621507e-01  
  1.040189732840e-05  ,1.787131195128e-01  ,2.120962150770e-01  
  1.040248042946e-05  ,2.335384490743e-01  ,2.645524308211e-01  
  1.040304099252e-05  ,2.861710126903e-01  ,3.149255063470e-01  
  1.040357333650e-05  ,3.360721154890e-01  ,3.626956421652e-01  
  1.040385711049e-05  ,3.626351298413e-01  ,3.881282197262e-01  
  1.040402637837e-05  ,3.784660705154e-01  ,4.032865807115e-01  
  1.040417192081e-05  ,3.920695258748e-01  ,4.163127163575e-01  
  1.040434461129e-05  ,4.081997801959e-01  ,4.317591114937e-01  
  1.040468999227e-05  ,4.404237707149e-01  ,4.626189973519e-01  
  1.040538075422e-05  ,5.047124089593e-01  ,5.241929211955e-01  
  1.040676227813e-05  ,6.325464980977e-01  ,6.466435143168e-01  
  1.040930590635e-05  ,8.646204629989e-01  ,8.689080762148e-01  
  1.041411376601e-05  ,1.287031426530e+00  ,1.272799673306e+00  
  1.042250609999e-05  ,1.948781274701e+00  ,1.900164514662e+00  
  1.043819702273e-05  ,2.796111670234e+00  ,2.643207221162e+00  
  1.044761753684e-05  ,2.991600747505e+00  ,2.486952453750e+00  
  1.045852965718e-05  ,2.892933441844e+00  ,2.092327496590e+00  
  1.046424425250e-05  ,2.704599789801e+00  ,2.028384688038e+00  
  1.046974278098e-05  ,2.441220865877e+00  ,1.973685462769e+00  
  1.047820366030e-05  ,1.897443288752e+00  ,1.707465346474e+00  
  1.049073851710e-05  ,8.606104651355e-01  ,7.753692089778e-01  
  1.049386366313e-05  ,5.747605970915e-01  ,5.057669348547e-01  
  1.049464494964e-05  ,5.023242422896e-01  ,4.371557651707e-01  
  1.049620752265e-05  ,3.565875231562e-01  ,2.987564057846e-01  
  1.049765777817e-05  ,2.205500545188e-01  ,1.692456424798e-01  
  1.049835440745e-05  ,1.550243675732e-01  ,1.067756981802e-01  
  1.049856111450e-05  ,1.355655837216e-01  ,8.821438071498e-02  
  1.049876544667e-05  ,1.163247414665e-01  ,6.985669223189e-02  
  1.049917411102e-05  ,7.782946980660e-02  ,3.311645003829e-02  
  1.049967739774e-05  ,3.040402663790e-02  ,-1.216757874785e-02  
  1.050017053304e-05  ,-1.607228335642e-02  ,-5.656569349029e-02  
  1.050079703373e-05  ,-7.511081036337e-02  ,-1.129907928209e-01  
  1.050100597595e-05  ,-9.479521806967e-02  ,-1.318098697028e-01  
  1.050107230940e-05  ,-1.010436662692e-01  ,-1.377842293565e-01  
  1.050118616359e-05  ,-1.117674129486e-01  ,-1.480382288454e-01  
  1.050133829513e-05  ,-1.260941879578e-01  ,-1.617386808434e-01  
  1.050157741220e-05  ,-1.486067558754e-01  ,-1.832698575235e-01  
  1.050200260752e-05  ,-1.886168263990e-01  ,-2.215437113928e-01  
  1.050254603425e-05  ,-2.397022905262e-01  ,-2.704258628636e-01  
  1.050310873935e-05  ,-2.925262317280e-01  ,-3.209854403530e-01  
  1.050364881331e-05  ,-3.431399090929e-01  ,-3.694406299656e-01  
  1.050390734845e-05  ,-3.673347736563e-01  ,-3.926070275530e-01  
  1.050399452025e-05  ,-3.754873129647e-01  ,-4.004134533653e-01  
  1.050414448646e-05  ,-3.895059309199e-01  ,-4.138373969923e-01  
  1.050430427814e-05  ,-4.044334961611e-01  ,-4.281323591129e-01  
  1.050462386148e-05  ,-4.342576750856e-01  ,-4.566944341802e-01  
  1.050514288755e-05  ,-4.825996570984e-01  ,-5.029948953424e-01  
  1.050618093969e-05  ,-5.788858770355e-01  ,-5.952250774332e-01  
  1.050825704397e-05  ,-7.695098058600e-01  ,-7.778176941163e-01  
  1.051228631796e-05  ,-1.129418505339e+00  ,-1.122249474074e+00  
  1.051916245879e-05  ,-1.698891861644e+00  ,-1.664517726972e+00  
  1.053203855218e-05  ,-2.534928822035e+00  ,-2.436196367292e+00  
  1.054231141271e-05  ,-2.912909345875e+00  ,-2.678506966234e+00  
  1.054968450727e-05  ,-2.999852644560e+00  ,-2.373383566280e+00  
  1.055448119105e-05  ,-2.970320230426e+00  ,-2.207051180443e+00  
  1.055788051845e-05  ,-2.908529470935e+00  ,-2.140130792233e+00  
  1.056206178428e-05  ,-2.787180603746e+00  ,-2.088703066746e+00  
  1.056659322740e-05  ,-2.601530037354e+00  ,-2.032953408570e+00  
  1.057220723988e-05  ,-2.299040724530e+00  ,-1.943211790980e+00  
  1.058343526484e-05  ,-1.491672574667e+00  ,-1.358559787348e+00  
  1.059495982291e-05  ,-4.730430026522e-01  ,-4.092563633682e-01  
  1.059646633030e-05  ,-3.323568788748e-01  ,-2.755872909883e-01  
  1.059867505492e-05  ,-1.248370757994e-01  ,-7.786623071275e-02  
  1.059964791448e-05  ,-3.318260145824e-02  ,9.613563850493e-03  
  1.060016051443e-05  ,1.512806443028e-02  ,5.575732462158e-02  
  1.060081765564e-05  ,7.705375380027e-02  ,1.149351850910e-01  
  1.060115516694e-05  ,1.088480230613e-01  ,1.453302159927e-01  
  1.060125102331e-05  ,1.178758180143e-01  ,1.539620307048e-01  
  1.060134778773e-05  ,1.269880480502e-01  ,1.626751593803e-01  
  1.060152741657e-05  ,1.439003819113e-01  ,1.788482718378e-01  
  1.060169619551e-05  ,1.597870142260e-01  ,1.940422451504e-01  
  1.060203375337e-05  ,1.915463551856e-01  ,2.244216708097e-01  
  1.060252949638e-05  ,2.381485842575e-01  ,2.690098224198e-01  
  1.060304433150e-05  ,2.864842673400e-01  ,3.152685182658e-01  
  1.060354370666e-05  ,3.332970012178e-01  ,3.600796528090e-01  
  1.060380987865e-05  ,3.582158777503e-01  ,3.839365836842e-01  
  1.060400354718e-05  ,3.763313764193e-01  ,4.012814335821e-01  
  1.060408539880e-05  ,3.839835189234e-01  ,4.086083662215e-01  
  1.060421683170e-05  ,3.962655827899e-01  ,4.203688300594e-01  
  1.060446195580e-05  ,4.191535840650e-01  ,4.422859763021e-01  
  1.060475411169e-05  ,4.464005088092e-01  ,4.683789415656e-01  
  1.060533842347e-05  ,5.007792498237e-01  ,5.204594201188e-01  
  1.060650704704e-05  ,6.090122393478e-01  ,6.241291326335e-01  
  1.060884429417e-05  ,8.228711194607e-01  ,8.289558893957e-01  
  1.061334593497e-05  ,1.221294829707e+00  ,1.210083110623e+00  
  1.062114967309e-05  ,1.849847000824e+00  ,1.807153408613e+00  
  1.063558889828e-05  ,2.697758231030e+00  ,2.572100564128e+00  
  1.064597351752e-05  ,2.976030252793e+00  ,2.566505415141e+00  
  1.065379215680e-05  ,2.978735760440e+00  ,2.228387408229e+00  
  1.065603440903e-05  ,2.946252357724e+00  ,2.176433977050e+00  
  1.065973772011e-05  ,2.860711289675e+00  ,2.116198000013e+00  
  1.066361798249e-05  ,2.729615188695e+00  ,2.067010135283e+00  
  1.066879837118e-05  ,2.491873181937e+00  ,2.002149383089e+00  
  1.067915914856e-05  ,1.826846378737e+00  ,1.650472770036e+00  
  1.069086699091e-05  ,8.490040369774e-01  ,7.645734396834e-01  
  1.069379395149e-05  ,5.812076725376e-01  ,5.119375602176e-01  
  1.069431428142e-05  ,5.330213482968e-01  ,4.663144562760e-01  
  1.069535494126e-05  ,4.362343326365e-01  ,3.744988035173e-01  
  1.069662917681e-05  ,3.170991515750e-01  ,2.612352320203e-01  
  1.069789056010e-05  ,1.986645391167e-01  ,1.484242300756e-01  
  1.069848725848e-05  ,1.425188680868e-01  ,9.488222100371e-02  
  1.069869012382e-05  ,1.234180823569e-01  ,7.665885517676e-02  
  1.069890539903e-05  ,1.031433800240e-01  ,5.731108788162e-02  
  1.069933594945e-05  ,6.258074990922e-02  ,1.859005122610e-02  
  1.069983411390e-05  ,1.563432586138e-02  ,-2.624522036946e-02  
  1.070029265057e-05  ,-2.758127778124e-02  ,-6.753503196454e-02  
  1.070066694911e-05  ,-6.285387364942e-02  ,-1.012474010717e-01  
  1.070088529769e-05  ,-8.342658503701e-02  ,-1.209145892352e-01  
  1.070094447160e-05  ,-8.900129025778e-02  ,-1.262444609081e-01  
  1.070105605568e-05  ,-9.951264519786e-02  ,-1.362947870678e-01  
  1.070117477603e-05  ,-1.106948986189e-01  ,-1.469874502404e-01  
  1.070141221672e-05  ,-1.330546303927e-01  ,-1.683708047342e-01  
  1.070180774942e-05  ,-1.702847962743e-01  ,-2.039825471961e-01  
  1.070243313253e-05  ,-2.290940887558e-01  ,-2.602522725768e-01  
  1.070305804997e-05  ,-2.877712676670e-01  ,-3.164135275318e-01  
  1.070362950950e-05  ,-3.413324457850e-01  ,-3.676910265753e-01  
  1.070392278298e-05  ,-3.687784546213e-01  ,-3.939709424204e-01  
  1.070401345888e-05  ,-3.772581341316e-01  ,-4.020908397523e-01  
  1.070417779075e-05  ,-3.926180031341e-01  ,-4.167995661377e-01  
  1.070433490486e-05  ,-4.072934597527e-01  ,-4.308535208605e-01  
  1.070464913310e-05  ,-4.366142471244e-01  ,-4.589342588024e-01  
  1.070526566865e-05  ,-4.940171746268e-01  ,-5.139148933720e-01  
  1.070649873973e-05  ,-6.082455762031e-01  ,-6.233357960642e-01  
  1.070896488191e-05  ,-8.337944275807e-01  ,-8.393742145447e-01  
  1.071329143406e-05  ,-1.216601361581e+00  ,-1.205547576734e+00  
  1.072124418379e-05  ,-1.856851334037e+00  ,-1.813728455435e+00  
  1.073556419970e-05  ,-2.696739176719e+00  ,-2.571253128537e+00  
  1.074594732882e-05  ,-2.975717857567e+00  ,-2.567254048732e+00  
  1.075376894833e-05  ,-2.978994940255e+00  ,-2.228815005008e+00  
  1.075600710274e-05  ,-2.946736242448e+00  ,-2.176876276123e+00  
  1.075971153142e-05  ,-2.861453677456e+00  ,-2.116533622121e+00  
  1.076358881356e-05  ,-2.730754618499e+00  ,-2.067361724539e+00  
  1.076875504614e-05  ,-2.494144583097e+00  ,-2.001628359741e+00  
  1.077908751132e-05  ,-1.832197221502e+00  ,-1.654884277651e+00  
  1.079061951996e-05  ,-8.713482605868e-01  ,-7.855839601752e-01  
  1.079350252213e-05  ,-6.081291182386e-01  ,-5.374404656262e-01  
  1.079401568086e-05  ,-5.606921663852e-01  ,-4.925546488303e-01  
  1.079504199834e-05  ,-4.653934699421e-01  ,-4.022025844740e-01  
  1.079631642015e-05  ,-3.463948684361e-01  ,-2.891250387649e-01  
  1.079768527807e-05  ,-2.179651808418e-01  ,-1.668348006848e-01  
  1.079832127826e-05  ,-1.581424643448e-01  ,-1.097979832155e-01  
  1.079849110493e-05  ,-1.421567564763e-01  ,-9.454948264452e-02  
  1.079865052407e-05  ,-1.271470141119e-01  ,-8.022924923658e-02  
  1.079896936236e-05  ,-9.711833826078e-02  ,-5.157266073684e-02  
  1.079949276564e-05  ,-4.780368871211e-02  ,-4.490988422488e-03  
  1.080008927775e-05  ,8.414218836255e-03  ,4.920962360776e-02  
  1.080063158689e-05  ,5.952175591808e-02  ,9.805237733802e-02  
  1.080088765403e-05  ,8.364857866309e-02  ,1.211172326689e-01  
  1.080095787575e-05  ,9.026403794874e-02  ,1.274422625696e-01  
  1.080109263813e-05  ,1.029584954775e-01  ,1.395803018756e-01  
  1.080121557271e-05  ,1.145371846724e-01  ,1.506524709222e-01  
  1.080146144187e-05  ,1.376892651313e-01  ,1.727944927173e-01  
  1.080195318019e-05  ,1.839674003166e-01  ,2.170640216166e-01  
  1.080254727086e-05  ,2.398184654797e-01  ,2.705075957903e-01  
  1.080315440004e-05  ,2.968088413723e-01  ,3.250575145777e-01  
  1.080373182004e-05  ,3.509105906885e-01  ,3.768549406215e-01  
  1.080400297461e-05  ,3.762778385140e-01  ,4.011453304133e-01  
  1.080408479130e-05  ,3.839267341012e-01  ,4.084699177584e-01  
  1.080422551414e-05  ,3.970766988074e-01  ,4.210627352197e-01  
  1.080439550379e-05  ,4.129511520896e-01  ,4.362652482816e-01  
  1.080465226942e-05  ,4.369066891154e-01  ,4.592080004076e-01  
  1.080516580069e-05  ,4.847309195999e-01  ,5.050140541849e-01  
  1.080619286323e-05  ,5.799884834454e-01  ,5.962612454996e-01  
  1.080824698830e-05  ,7.685937500287e-01  ,7.769238491956e-01  
  1.081228669310e-05  ,1.129451259856e+00  ,1.122269361770e+00  
  1.081920455718e-05  ,1.702160540592e+00  ,1.667606579821e+00  
  1.083204637790e-05  ,2.535323193425e+00  ,2.436529162304e+00  
  1.084231327796e-05  ,2.912951391646e+00  ,2.678421414632e+00  
  1.084968786263e-05  ,2.999855762215e+00  ,2.373133575356e+00  
  1.085447262549e-05  ,2.970433398048e+00  ,2.207250104574e+00  
  1.085787381554e-05  ,2.908684214616e+00  ,2.140246407018e+00  
  1.086205359125e-05  ,2.787466160996e+00  ,2.088808878179e+00  
  1.086658801460e-05  ,2.601774667529e+00  ,2.033023775320e+00  
  1.087219979191e-05  ,2.299491616357e+00  ,1.943374391922e+00  
  1.088342334652e-05  ,1.492647048566e+00  ,1.359436788280e+00  
  1.089494343424e-05  ,4.745682128726e-01  ,4.107048493698e-01  
  1.089644975537e-05  ,3.339093683937e-01  ,2.770654624007e-01  
  1.089865773493e-05  ,1.264680141348e-01  ,7.942323300065e-02  
  1.089963059449e-05  ,3.481486741372e-02  ,-8.053855381290e-03  
  1.090014189059e-05  ,-1.337282833391e-02  ,-5.407947156113e-02  
  1.090079642409e-05  ,-7.505337079151e-02  ,-1.130221817740e-01  
  1.090112769553e-05  ,-1.062605683775e-01  ,-1.428554761560e-01  
  1.090122149136e-05  ,-1.150945954317e-01  ,-1.513018621483e-01  
  1.090132170166e-05  ,-1.245316554648e-01  ,-1.603254308232e-01  
  1.090149935145e-05  ,-1.412582951400e-01  ,-1.763206934780e-01  
  1.090168286856e-05  ,-1.585327480018e-01  ,-1.928417759675e-01  
  1.090204990279e-05  ,-1.930652711643e-01  ,-2.258739534074e-01  
  1.090254573892e-05  ,-2.396745460258e-01  ,-2.704692904232e-01  
  1.090306802462e-05  ,-2.887070071901e-01  ,-3.173953151704e-01  
  1.090357457097e-05  ,-3.361877287724e-01  ,-3.628464181320e-01  
  1.090383329238e-05  ,-3.604066850419e-01  ,-3.860334987593e-01  
  1.090400060448e-05  ,-3.760562226837e-01  ,-4.010173527361e-01  
  1.090414712481e-05  ,-3.897524828721e-01  ,-4.141316624842e-01  
  1.090431527510e-05  ,-4.054604500930e-01  ,-4.291728946645e-01  
  1.090465157568e-05  ,-4.368420024515e-01  ,-4.592244676252e-01  
  1.090532417684e-05  ,-4.994553258119e-01  ,-5.191908957418e-01  
  1.090666937917e-05  ,-6.239851311837e-01  ,-6.384716444099e-01  
  1.090909603327e-05  ,-8.456610396325e-01  ,-8.507778930297e-01  
  1.091377350777e-05  ,-1.257990911193e+00  ,-1.245098724282e+00  
  1.092185142725e-05  ,-1.901461949651e+00  ,-1.855724852874e+00  
  1.093704763144e-05  ,-2.755043653244e+00  ,-2.615346035134e+00  
  1.094701799839e-05  ,-2.986845053096e+00  ,-2.517865329227e+00  
  1.095606002301e-05  ,-2.945796490952e+00  ,-2.165997662521e+00  
  1.095911997646e-05  ,-2.877705904653e+00  ,-2.115406832283e+00  
  1.096342045158e-05  ,-2.737286519564e+00  ,-2.063988886308e+00  
  1.096745121568e-05  ,-2.560319839102e+00  ,-2.016971823443e+00  
  1.097551274389e-05  ,-2.086875693184e+00  ,-1.842005243532e+00  
  1.098863172620e-05  ,-1.048802038346e+00  ,-9.514567539386e-01  
  1.099068510621e-05  ,-8.654315328963e-01  ,-7.799616858585e-01  
  1.099479186624e-05  ,-4.886678621410e-01  ,-4.242409280943e-01  
  1.099581855625e-05  ,-3.929593273348e-01  ,-3.333679087414e-01  
  1.099603201538e-05  ,-3.730059255128e-01  ,-3.144034059024e-01  
  1.099645893365e-05  ,-3.330496971617e-01  ,-2.764020426707e-01  
  1.099698177814e-05  ,-2.840346415974e-01  ,-2.297514777667e-01  
  1.099750713721e-05  ,-2.347066891122e-01  ,-1.827683354696e-01  
  1.099777535811e-05  ,-2.094969137186e-01  ,-1.587442118172e-01  
  1.099789871178e-05  ,-1.978979412593e-01  ,-1.476880074470e-01  
  1.099807317178e-05  ,-1.814883970760e-01  ,-1.320434664726e-01  
  1.099834297593e-05  ,-1.561003133929e-01  ,-1.078325302522e-01  
  1.099888258423e-05  ,-1.052923259157e-01  ,-5.935794154564e-02  
  1.099952799078e-05  ,-4.448419092465e-02  ,-1.306249234700e-03  
  1.100018597018e-05  ,1.752717644774e-02  ,5.793064514254e-02  
  1.100081256400e-05  ,7.657403596349e-02  ,1.143658542438e-01  
  1.100104474272e-05  ,9.844700417329e-02  ,1.352782012343e-01  
  1.100111019142e-05  ,1.046118636416e-01  ,1.411729385188e-01  
  1.100122930757e-05  ,1.158307107988e-01  ,1.519009048914e-01  
  1.100138686407e-05  ,1.306675087629e-01  ,1.660898502923e-01  
  1.100160302404e-05  ,1.510176028782e-01  ,1.855537294711e-01  
  1.100199254971e-05  ,1.876707653682e-01  ,2.206172768966e-01  
  1.100252256538e-05  ,2.374974091247e-01  ,2.682954483898e-01  
  1.100307064872e-05  ,2.889531733935e-01  ,3.175457445933e-01  
  1.100359442453e-05  ,3.380470312900e-01  ,3.645459404545e-01  
  1.100385873388e-05  ,3.627870082158e-01  ,3.882342795053e-01  
  1.100395542845e-05  ,3.718316879131e-01  ,3.968949983615e-01  
  1.100410406753e-05  ,3.857284674723e-01  ,4.102023372562e-01  
  1.100425913274e-05  ,4.002170787085e-01  ,4.240770103935e-01  
  1.100456926316e-05  ,4.291654641533e-01  ,4.518004452762e-01  
  1.100518952399e-05  ,4.869372741144e-01  ,5.071333669125e-01  
  1.100643004566e-05  ,6.019043658332e-01  ,6.172609333631e-01  
  1.100876133233e-05  ,8.153492452776e-01  ,8.217054791052e-01  
  1.101300369292e-05  ,1.191763088040e+00  ,1.181817396357e+00  
  1.102059434443e-05  ,1.808363352460e+00  ,1.768003914366e+00  
  1.103458802491e-05  ,2.655168764664e+00  ,2.537940390695e+00  
  1.104497115403e-05  ,2.962638511684e+00  ,2.608720024602e+00  
  1.105230550557e-05  ,2.992134370476e+00  ,2.273949384512e+00  
  1.105445835083e-05  ,2.970621516009e+00  ,2.212925144556e+00  
  1.105780179888e-05  ,2.910338654524e+00  ,2.146705973793e+00  
  1.106165151387e-05  ,2.801252753622e+00  ,2.095411270393e+00  
  1.106657932788e-05  ,2.602182169732e+00  ,2.033214945489e+00  
  1.107269699961e-05  ,2.269116129344e+00  ,1.932310187238e+00  
  1.108493234306e-05  ,1.367649935923e+00  ,1.246221353754e+00  
  1.109730775743e-05  ,2.534354666139e-01  ,2.002999791512e-01  
  1.109871088802e-05  ,1.214627323556e-01  ,7.454027591286e-02  
  1.110036454439e-05  ,-3.435674807819e-02  ,-7.422044085704e-02  
  1.110118317693e-05  ,-1.114861219574e-01  ,-1.479353019608e-01  
  1.110187524274e-05  ,-1.766352486153e-01  ,-2.102348008267e-01  
  1.110206297408e-05  ,-1.942946419850e-01  ,-2.271264007632e-01  
  1.110231601443e-05  ,-2.180866740318e-01  ,-2.498869594557e-01  
  1.110269170995e-05  ,-2.533854484976e-01  ,-2.836612152665e-01  
  1.110308547314e-05  ,-2.903438147553e-01  ,-3.190302055752e-01  
  1.110358373072e-05  ,-3.370455626505e-01  ,-3.637323351653e-01  
  1.110382117141e-05  ,-3.592725574228e-01  ,-3.850107082176e-01  
  1.110398629490e-05  ,-3.747181757990e-01  ,-3.997981671869e-01  
  1.110413148809e-05  ,-3.882911998976e-01  ,-4.127934827146e-01  
  1.110429668143e-05  ,-4.037240479551e-01  ,-4.275701597962e-01  
  1.110462706811e-05  ,-4.345567082780e-01  ,-4.570939273633e-01  
  1.110528784148e-05  ,-4.960782665734e-01  ,-5.160106266609e-01  
  1.110660938821e-05  ,-6.184536657125e-01  ,-6.332207579772e-01  
  1.110896228157e-05  ,-8.335590037901e-01  ,-8.392282517494e-01  
  1.111355183921e-05  ,-1.238994307738e+00  ,-1.226987755202e+00  
  1.112142859302e-05  ,-1.870470996623e+00  ,-1.826720895207e+00  
  1.113629399143e-05  ,-2.726162721870e+00  ,-2.594131707875e+00  
  1.114668755136e-05  ,-2.983770791043e+00  ,-2.535164487835e+00  
  1.115490405164e-05  ,-2.964466182677e+00  ,-2.198039698591e+00  
  1.115752591095e-05  ,-2.916538709541e+00  ,-2.146112884626e+00  
  1.116135848961e-05  ,-2.811018652751e+00  ,-2.092634496703e+00  
  1.116541533075e-05  ,-2.655021534307e+00  ,-2.044124841231e+00  
  1.117200462423e-05  ,-2.311261899705e+00  ,-1.947873040481e+00  
  1.118518321119e-05  ,-1.346563793702e+00  ,-1.227248677816e+00  
  1.118676981233e-05  ,-1.211322735214e+00  ,-1.102963435948e+00  
  1.118994301460e-05  ,-9.321573788562e-01  ,-8.431168266843e-01  
  1.119628941916e-05  ,-3.489225068942e-01  ,-2.915896109348e-01  
  1.119719531662e-05  ,-2.639932779825e-01  ,-2.107428498667e-01  
  1.119864650346e-05  ,-1.275256064298e-01  ,-8.063434472139e-02  
  1.119898424759e-05  ,-9.571616260116e-02  ,-5.027747301701e-02  
  1.119945177152e-05  ,-5.166676214820e-02  ,-8.221087267581e-03  
  1.119997554734e-05  ,-2.304608707906e-03  ,3.892998616538e-02  
  1.120046691313e-05  ,4.400394772377e-02  ,8.318355697590e-02  
  1.120076624021e-05  ,7.220946370362e-02  ,1.101458843337e-01  
  1.120106603294e-05  ,1.004524573067e-01  ,1.371499872315e-01  
  1.120114159813e-05  ,1.075700249152e-01  ,1.439562401417e-01  
  1.120123516112e-05  ,1.163819814352e-01  ,1.523832585999e-01  
  1.120140224039e-05  ,1.321153023816e-01  ,1.674305976619e-01  
  1.120155732888e-05  ,1.467162418512e-01  ,1.813963848257e-01  
  1.120180073004e-05  ,1.696242979204e-01  ,2.033106272467e-01  
  1.120228753235e-05  ,2.154093167047e-01  ,2.471186461417e-01  
  1.120278578993e-05  ,2.622194736059e-01  ,2.919191337939e-01  
  1.120328889038e-05  ,3.094193817285e-01  ,3.371028454314e-01  
  1.120365755442e-05  ,3.439583200200e-01  ,3.701721343645e-01  
  1.120387255024e-05  ,3.640795785856e-01  ,3.894391646362e-01  
  1.120394863929e-05  ,3.711967504844e-01  ,3.962544956500e-01  
  1.120407562513e-05  ,3.830699305344e-01  ,4.076244785075e-01  
  1.120421965416e-05  ,3.965292615941e-01  ,4.205138878949e-01  
  1.120450771223e-05  ,4.234232928963e-01  ,4.462705958598e-01  
  1.120495395545e-05  ,4.650167362256e-01  ,4.861084472535e-01  
  1.120584644187e-05  ,5.479212927027e-01  ,5.655222611976e-01  
  1.120763141472e-05  ,7.123734203931e-01  ,7.230577165516e-01  
  1.121110152263e-05  ,1.025211189583e+00  ,1.022570669414e+00  
  1.121710073012e-05  ,1.535288119538e+00  ,1.509255547027e+00  
  1.122816633243e-05  ,2.321500676725e+00  ,2.246010648354e+00  
  1.124157290715e-05  ,2.895477824224e+00  ,2.688707937380e+00  
  1.124944668073e-05  ,2.999546756419e+00  ,2.403414652925e+00  
  1.125783901471e-05  ,2.909485554050e+00  ,2.128646286901e+00  
  1.126216035146e-05  ,2.783730707118e+00  ,2.069859778929e+00  
  1.126679610271e-05  ,2.591955218632e+00  ,2.019790033144e+00  
  1.127264108318e-05  ,2.272559952140e+00  ,1.931916446234e+00  
  1.128433104414e-05  ,1.417842433286e+00  ,1.291832730688e+00  
  1.129646356959e-05  ,3.326154676519e-01  ,2.757117961581e-01  
  1.129861827749e-05  ,1.301833859705e-01  ,8.284584884277e-02  
  1.129915695447e-05  ,7.944588046145e-02  ,3.443910294644e-02  
  1.129962131191e-05  ,3.568967005447e-02  ,-7.327678799002e-03  
  1.130010252628e-05  ,-9.662857629001e-03  ,-5.063802381281e-02  
  1.130065638382e-05  ,-6.185833310570e-02  ,-1.005062964497e-01  
  1.130093601342e-05  ,-8.820447346802e-02  ,-1.256863420173e-01  
  1.130100905239e-05  ,-9.508502027917e-02  ,-1.322632401767e-01  
  1.130114020589e-05  ,-1.074388942178e-01  ,-1.440728209858e-01  
  1.130127154566e-05  ,-1.198084851890e-01  ,-1.558985571162e-01  
  1.130153422519e-05  ,-1.445413372901e-01  ,-1.795472486150e-01  
  1.130203369349e-05  ,-1.915407227646e-01  ,-2.244977153461e-01  
  1.130262638718e-05  ,-2.472503913727e-01  ,-2.777960847152e-01  
  1.130326750964e-05  ,-3.074149710718e-01  ,-3.353747070039e-01  
  1.130366304233e-05  ,-3.444721276064e-01  ,-3.708470138530e-01  
  1.130390788704e-05  ,-3.673851519808e-01  ,-3.927827106615e-01  
  1.130398575725e-05  ,-3.746679000281e-01  ,-3.997552007905e-01  
  1.130412107842e-05  ,-3.873183431137e-01  ,-4.118671293715e-01  
  1.130427868148e-05  ,-4.020429599844e-01  ,-4.259655683194e-01  
  1.130459388760e-05  ,-4.314622650013e-01  ,-4.541356798705e-01  
  1.130498341327e-05  ,-4.677593155047e-01  ,-4.888944798659e-01  
  1.130576246461e-05  ,-5.401378508170e-01  ,-5.582130755220e-01  
  1.130732056727e-05  ,-6.838811715368e-01  ,-6.958907560453e-01  
  1.131043677261e-05  ,-9.661125794422e-01  ,-9.661156494949e-01  
  1.131609176328e-05  ,-1.452833731792e+00  ,-1.430883231683e+00  
  1.132625137498e-05  ,-2.203055491380e+00  ,-2.137006488020e+00  
  1.134191249540e-05  ,-2.903687532312e+00  ,-2.688975212021e+00  
  1.134985928466e-05  ,-2.999970686129e+00  ,-2.389884103666e+00  
  1.135877911975e-05  ,-2.886619540528e+00  ,-2.112799840936e+00  
  1.136382539799e-05  ,-2.721446846127e+00  ,-2.047870267489e+00  
  1.136862133672e-05  ,-2.501125412815e+00  ,-2.000700696741e+00  
  1.137793903282e-05  ,-1.916695844801e+00  ,-1.724602296002e+00  
  1.139136348893e-05  ,-8.040216973419e-01  ,-7.221126962632e-01  
  1.139312070837e-05  ,-6.433225324107e-01  ,-5.705459201592e-01  
  1.139663514724e-05  ,-3.165395984542e-01  ,-2.605767305155e-01  
  1.139882077505e-05  ,-1.111139125341e-01  ,-6.481266036603e-02  
  1.140005962034e-05  ,5.619081674400e-03  ,4.664579698889e-02  
  1.140089678621e-05  ,8.450892794320e-02  ,1.220373140662e-01  
  1.140135187698e-05  ,1.273731044127e-01  ,1.630206698228e-01  
  1.140145560303e-05  ,1.371395456033e-01  ,1.723603266649e-01  
  1.140155935237e-05  ,1.469067222824e-01  ,1.817013256968e-01  
  1.140168156517e-05  ,1.584100782766e-01  ,1.927035419783e-01  
  1.140192412814e-05  ,1.812343860383e-01  ,2.145359820617e-01  
  1.140240925407e-05  ,2.268501043170e-01  ,2.581786496611e-01  
  1.140291626608e-05  ,2.744672595952e-01  ,3.037481149837e-01  
  1.140339291697e-05  ,3.191696996205e-01  ,3.465378413317e-01  
  1.140372819310e-05  ,3.505711036482e-01  ,3.766004815808e-01  
  1.140404763674e-05  ,3.804535326498e-01  ,4.052121126204e-01  
  1.140413133936e-05  ,3.882773001228e-01  ,4.127036374532e-01  
  1.140424889555e-05  ,3.992608496623e-01  ,4.232210727795e-01  
  1.140440645204e-05  ,4.139731541371e-01  ,4.373095612336e-01  
  1.140456892127e-05  ,4.291335733106e-01  ,4.518277692020e-01  
  1.140485786410e-05  ,4.560676939578e-01  ,4.776222920221e-01  
  1.140543574975e-05  ,5.098209807921e-01  ,5.291055315442e-01  
  1.140659152107e-05  ,6.168058004616e-01  ,6.315824438881e-01  
  1.140890306370e-05  ,8.281961776315e-01  ,8.340490947435e-01  
  1.141352614896e-05  ,1.236788795435e+00  ,1.224852992668e+00  
  1.142146846788e-05  ,1.873407740490e+00  ,1.829329625506e+00  
  1.143618932502e-05  ,2.722030475145e+00  ,2.590863935435e+00  
  1.144654414193e-05  ,2.982336524359e+00  ,2.540972707884e+00  
  1.145476809280e-05  ,2.966405499905e+00  ,2.201168997453e+00  
  1.145736387508e-05  ,2.920078058228e+00  ,2.148973232630e+00  
  1.146118006246e-05  ,2.816848628348e+00  ,2.095035813191e+00  
  1.146524509923e-05  ,2.662453227483e+00  ,2.046278525488e+00  
  1.147188058631e-05  ,2.318697317945e+00  ,1.950509649160e+00  
  1.148515156047e-05  ,1.349228759589e+00  ,1.229731856980e+00  
  1.148674244569e-05  ,1.213681931422e+00  ,1.105177279941e+00  
  1.148992421614e-05  ,9.338412332685e-01  ,8.447139701919e-01  
  1.149628775702e-05  ,3.490780954522e-01  ,2.917430502660e-01  
  1.149719672786e-05  ,2.638607881083e-01  ,2.106215286748e-01  
  1.149865089492e-05  ,1.271120934690e-01  ,8.024373569927e-02  
  1.149898798713e-05  ,9.536389807354e-02  ,4.994501465997e-02  
  1.149945513853e-05  ,5.134947565970e-02  ,7.921644504789e-03  
  1.149998049760e-05  ,1.838057910583e-03  ,-3.937242826263e-02  
  1.150047223592e-05  ,-4.450555408024e-02  ,-8.365989675493e-02  
  1.150076942095e-05  ,-7.250915473889e-02  ,-1.104294145798e-01  
  1.150106646629e-05  ,-1.004932761434e-01  ,-1.371861498073e-01  
  1.150114080911e-05  ,-1.074957096514e-01  ,-1.438823313993e-01  
  1.150123579237e-05  ,-1.164414305806e-01  ,-1.524373055011e-01  
  1.150140522323e-05  ,-1.323961551057e-01  ,-1.676964741451e-01  
  1.150156345494e-05  ,-1.472929152153e-01  ,-1.819453105234e-01  
  1.150181169897e-05  ,-1.706564314095e-01  ,-2.042954544657e-01  
  1.150230818703e-05  ,-2.173509048308e-01  ,-2.489742090416e-01  
  1.150280700340e-05  ,-2.642110866009e-01  ,-2.938231823912e-01  
  1.150330861374e-05  ,-3.112682917373e-01  ,-3.388708138640e-01  
  1.150367327310e-05  ,-3.454299591144e-01  ,-3.715791903755e-01  
  1.150388922352e-05  ,-3.656393333255e-01  ,-3.909307514959e-01  
  1.150396374097e-05  ,-3.726090708449e-01  ,-3.976049516330e-01  
  1.150408877102e-05  ,-3.842987274260e-01  ,-4.087992656052e-01  
  1.150423608297e-05  ,-3.980640023846e-01  ,-4.219817528749e-01  
  1.150453070687e-05  ,-4.255686806936e-01  ,-4.483234814917e-01  
  1.150493271226e-05  ,-4.630387079403e-01  ,-4.842120191139e-01  
  1.150573672304e-05  ,-5.377512352755e-01  ,-5.557783229169e-01  
  1.150734474459e-05  ,-6.860996366481e-01  ,-6.978886488614e-01  
  1.151056078771e-05  ,-9.771707030741e-01  ,-9.766032397202e-01  
  1.151617629030e-05  ,-1.459798591575e+00  ,-1.437503497762e+00  
  1.152649534443e-05  ,-2.218597958714e+00  ,-2.151333286145e+00  
  1.154180479744e-05  ,-2.901119624448e+00  ,-2.688714160596e+00  
  1.154975307682e-05  ,-2.999909736422e+00  ,-2.393211746616e+00  
  1.155860287645e-05  ,-2.891098666081e+00  ,-2.115411627860e+00  
  1.156351802447e-05  ,-2.733510324704e+00  ,-2.051735398263e+00  
  1.156819549897e-05  ,-2.523063271686e+00  ,-2.006599275982e+00  
  1.157682327130e-05  ,-1.996399019067e+00  ,-1.784182097342e+00  
  1.159168419936e-05  ,-7.748609046738e-01  ,-6.944567216868e-01  
  1.159442824820e-05  ,-5.224477355125e-01  ,-4.559926140892e-01  
  1.159486103380e-05  ,-4.822348887162e-01  ,-4.178949454158e-01  
  1.159572660500e-05  ,-4.015492100922e-01  ,-3.413216780514e-01  
  1.159680451775e-05  ,-3.006615037905e-01  ,-2.453962634182e-01  
  1.159790515476e-05  ,-1.972920230331e-01  ,-1.469492756828e-01  
  1.159847959453e-05  ,-1.432403583647e-01  ,-9.541652236847e-02  
  1.159865652253e-05  ,-1.265821780696e-01  ,-7.952756754676e-02  
  1.159885398620e-05  ,-1.079859232185e-01  ,-6.178620211846e-02  
  1.159924891354e-05  ,-7.078166234550e-02  ,-2.628083367172e-02  
  1.159973664717e-05  ,-2.482013596685e-02  ,1.760169059114e-02  
  1.160019434565e-05  ,1.831653247612e-02  ,5.880536070335e-02  
  1.160067304546e-05  ,6.342831330333e-02  ,1.019130578897e-01  
  1.160092473538e-05  ,8.714199753360e-02  ,1.245798402861e-01  
  1.160098995125e-05  ,9.328566707629e-02  ,1.304529789405e-01  
  1.160111160526e-05  ,1.047450338572e-01  ,1.414084937953e-01  
  1.160123505206e-05  ,1.163717107107e-01  ,1.525249389081e-01  
  1.160148194568e-05  ,1.396196387487e-01  ,1.747554922831e-01  
  1.160193712959e-05  ,1.824574905825e-01  ,2.157280761665e-01  
  1.160251510838e-05  ,2.367968020734e-01  ,2.677172914536e-01  
  1.160310808146e-05  ,2.924645228190e-01  ,3.209935577438e-01  
  1.160366622308e-05  ,3.447699213544e-01  ,3.710643053109e-01  
  1.160393253477e-05  ,3.696905509388e-01  ,3.949239072431e-01  
  1.160401850748e-05  ,3.777301721030e-01  ,4.026216756657e-01  
  1.160416872982e-05  ,3.917713595229e-01  ,4.160663099292e-01  
  1.160433154828e-05  ,4.069800363500e-01  ,4.306294990561e-01  
  1.160465718522e-05  ,4.373650475373e-01  ,4.597268059668e-01  
  1.160525090336e-05  ,4.926445241701e-01  ,5.126689131493e-01  
  1.160643833965e-05  ,6.026701403917e-01  ,6.180549466441e-01  
  1.160881321221e-05  ,8.200536736734e-01  ,8.262587775992e-01  
  1.161314125448e-05  ,1.203649895480e+00  ,1.193206168718e+00  
  1.162083919435e-05  ,1.826722495051e+00  ,1.785343082056e+00  
  1.163496996551e-05  ,2.671733279372e+00  ,2.551380850712e+00  
  1.164529796034e-05  ,2.967328151013e+00  ,2.595127000124e+00  
  1.165279622465e-05  ,2.988432065478e+00  ,2.257930085555e+00  
  1.165468345672e-05  ,2.967585420626e+00  ,2.207380171064e+00  
  1.165845792085e-05  ,2.894716212013e+00  ,2.139686908602e+00  
  1.166204835564e-05  ,2.787648544756e+00  ,2.089799402114e+00  
  1.166598822265e-05  ,2.629454601272e+00  ,2.041001223572e+00  
  1.167386795669e-05  ,2.195406085500e+00  ,1.903691116990e+00  
  1.168962742477e-05  ,9.603824846977e-01  ,8.689108660177e-01  
  1.169157537907e-05  ,7.847644217556e-01  ,7.040858181440e-01  
  1.169547128766e-05  ,4.253826006775e-01  ,3.641420349640e-01  
  1.169644526481e-05  ,3.343299604867e-01  ,2.775969008770e-01  
  1.169786869824e-05  ,2.007204016778e-01  ,1.503604148606e-01  
  1.169849668905e-05  ,1.416310548563e-01  ,9.401418299180e-02  
  1.169871853008e-05  ,1.207430721979e-01  ,7.408609384951e-02  
  1.169896472521e-05  ,9.755514908309e-02  ,5.195810741692e-02  
  1.169945711545e-05  ,5.116318268354e-02  ,7.670021477110e-03  
  1.169996990166e-05  ,2.836701074335e-03  ,-3.848715955097e-02  
  1.170046061553e-05  ,-4.341047559773e-02  ,-8.267772856024e-02  
  1.170076152585e-05  ,-7.176527416337e-02  ,-1.097802836117e-01  
  1.170106364689e-05  ,-1.002277033605e-01  ,-1.369918690992e-01  
  1.170114095831e-05  ,-1.075097621890e-01  ,-1.439548497148e-01  
  1.170123258881e-05  ,-1.161397287704e-01  ,-1.522071620789e-01  
  1.170139757260e-05  ,-1.316757990413e-01  ,-1.670646547573e-01  
  1.170154982056e-05  ,-1.460094417991e-01  ,-1.807736741246e-01  
  1.170178940329e-05  ,-1.685584743864e-01  ,-2.023427476059e-01  
  1.170226856876e-05  ,-2.136266155794e-01  ,-2.454614525374e-01  
  1.170276738513e-05  ,-2.604914574735e-01  ,-2.903109337418e-01  
  1.170327327955e-05  ,-3.079559051655e-01  ,-3.357447967193e-01  
  1.170364720557e-05  ,-3.429893769829e-01  ,-3.692855038726e-01  
  1.170386331897e-05  ,-3.632159673842e-01  ,-3.886522725220e-01  
  1.170394075844e-05  ,-3.704596939284e-01  ,-3.955884009336e-01  
  1.170406990960e-05  ,-3.825356581967e-01  ,-4.071519397514e-01  
  1.170421170346e-05  ,-3.957864878525e-01  ,-4.198409946181e-01  
  1.170449529118e-05  ,-4.222643232502e-01  ,-4.451977658172e-01  
  1.170497790254e-05  ,-4.672462866317e-01  ,-4.882791062065e-01  
  1.170594312526e-05  ,-5.568776771470e-01  ,-5.741333892184e-01  
  1.170787357069e-05  ,-7.345224783443e-01  ,-7.442988284616e-01  
  1.171142451740e-05  ,-1.053766744466e+00  ,-1.049903288989e+00  
  1.171777017690e-05  ,-1.589150234578e+00  ,-1.560444348883e+00  
  1.172930218555e-05  ,-2.387813743249e+00  ,-2.305676023655e+00  
  1.174138851739e-05  ,-2.890882002650e+00  ,-2.684606525942e+00  
  1.174908198692e-05  ,-2.998752448035e+00  ,-2.408934541216e+00  
  1.175729997731e-05  ,-2.921452978495e+00  ,-2.136805917646e+00  
  1.176158108092e-05  ,-2.803621843427e+00  ,-2.077188248310e+00  
  1.176620416619e-05  ,-2.619596021428e+00  ,-2.027411311722e+00  
  1.177180476762e-05  ,-2.323224916988e+00  ,-1.949370479551e+00  
  1.178300597049e-05  ,-1.526639876244e+00  ,-1.391626340186e+00  
  1.179433383323e-05  ,-5.312078514653e-01  ,-4.646537184991e-01  
  1.179702237524e-05  ,-2.802254129554e-01  ,-2.261469864110e-01  
  1.179769451074e-05  ,-2.170973130976e-01  ,-1.660157728470e-01  
  1.179827770494e-05  ,-1.622432941294e-01  ,-1.137166793842e-01  
  1.179840205978e-05  ,-1.505390695111e-01  ,-1.025525825523e-01  
  1.179852015148e-05  ,-1.394221996284e-01  ,-9.194731850713e-02  
  1.179875633489e-05  ,-1.171828559663e-01  ,-7.072753654586e-02  
  1.179922870170e-05  ,-7.268603888860e-02  ,-2.825524710814e-02  
  1.179972872879e-05  ,-2.556639975264e-02  ,1.674207950401e-02  
  1.180023527514e-05  ,2.217395746384e-02  ,6.235283099990e-02  
  1.180068175118e-05  ,6.424862267271e-02  ,1.025665733935e-01  
  1.180092720124e-05  ,8.737430129882e-02  ,1.246752738337e-01  
  1.180099084550e-05  ,9.336990791952e-02  ,1.304078571139e-01  
  1.180110642263e-05  ,1.042568794953e-01  ,1.408178845970e-01  
  1.180123126642e-05  ,1.160151902564e-01  ,1.520620148015e-01  
  1.180148095401e-05  ,1.395262770442e-01  ,1.745477988983e-01  
  1.180190135302e-05  ,1.790917557061e-01  ,2.123958705639e-01  
  1.180248417468e-05  ,2.338903550302e-01  ,2.648310152739e-01  
  1.180307649584e-05  ,2.895016846699e-01  ,3.180595132371e-01  
  1.180362923579e-05  ,3.413068161967e-01  ,3.676567020180e-01  
  1.180390346372e-05  ,3.669713984860e-01  ,3.922311171939e-01  
  1.180399313844e-05  ,3.753581048294e-01  ,4.002620391050e-01  
  1.180415379159e-05  ,3.903754782770e-01  ,4.146428755070e-01  
  1.180430971827e-05  ,4.049415303888e-01  ,4.285921362148e-01  
  1.180462157163e-05  ,4.340441343264e-01  ,4.564640794124e-01  
  1.180521258894e-05  ,4.890821401645e-01  ,5.091797159971e-01  
  1.180639462355e-05  ,5.986334224813e-01  ,6.141202429365e-01  
  1.180875869277e-05  ,8.151098344780e-01  ,8.214712935589e-01  
  1.181298987750e-05  ,1.190568052162e+00  ,1.180673209985e+00  
  1.182059692029e-05  ,1.808557051766e+00  ,1.768186895258e+00  
  1.183449970368e-05  ,2.651283822006e+00  ,2.534750903970e+00  
  1.184481279734e-05  ,2.960253753495e+00  ,2.614535725970e+00  
  1.185211660150e-05  ,2.993370066452e+00  ,2.279757979395e+00  
  1.185435773614e-05  ,2.971930514301e+00  ,2.215033771267e+00  
  1.185765536312e-05  ,2.913656773952e+00  ,2.148913484970e+00  
  1.186159224990e-05  ,2.803247077985e+00  ,2.096140140687e+00  
  1.186641277555e-05  ,2.609957776920e+00  ,2.035342128321e+00  
  1.187243507985e-05  ,2.285186849536e+00  ,1.938383832633e+00  
  1.188447968844e-05  ,1.405480966628e+00  ,1.280716480964e+00  
  1.189664499644e-05  ,3.156164995745e-01  ,2.595383395582e-01  
  1.189803434345e-05  ,1.851410422722e-01  ,1.352800659125e-01  
  1.189951849911e-05  ,4.537865913562e-02  ,1.942319566303e-03  
  1.189987789649e-05  ,1.150795634196e-02  ,-3.039899652242e-02  
  1.190041312758e-05  ,-3.893526352254e-02  ,-7.858485507619e-02  
  1.190076330486e-05  ,-7.193289403717e-02  ,-1.101174263365e-01  
  1.190108442489e-05  ,-1.021848683655e-01  ,-1.390337365857e-01  
  1.190117131728e-05  ,-1.103691408415e-01  ,-1.468578539789e-01  
  1.190125895474e-05  ,-1.186227560498e-01  ,-1.547487606242e-01  
  1.190139988713e-05  ,-1.318937271103e-01  ,-1.674375577869e-01  
  1.190154857277e-05  ,-1.458919799950e-01  ,-1.808230649927e-01  
  1.190177695635e-05  ,-1.673872182054e-01  ,-2.013799532288e-01  
  1.190223372351e-05  ,-2.103507378901e-01  ,-2.424767353315e-01  
  1.190277659144e-05  ,-2.613558437162e-01  ,-2.912794698622e-01  
  1.190327578034e-05  ,-3.081903527818e-01  ,-3.361030492106e-01  
  1.190365622561e-05  ,-3.438339080932e-01  ,-3.702226024172e-01  
  1.190387427151e-05  ,-3.642406048856e-01  ,-3.897589630331e-01  
  1.190395121039e-05  ,-3.714372078717e-01  ,-3.966489811888e-01  
  1.190408019857e-05  ,-3.834974352753e-01  ,-4.081958156180e-01  
  1.190422313330e-05  ,-3.968542836712e-01  ,-4.209846155545e-01  
  1.190450900277e-05  ,-4.235437049065e-01  ,-4.465405627495e-01  
  1.190496423324e-05  ,-4.659736638611e-01  ,-4.871723704264e-01  
  1.190587469419e-05  ,-5.505390076538e-01  ,-5.681638974097e-01  
  1.190769561609e-05  ,-7.182497374040e-01  ,-7.287981697577e-01  
  1.191119366368e-05  ,-1.033368152033e+00  ,-1.030454544948e+00  
  1.191728376826e-05  ,-1.550083398605e+00  ,-1.523373596924e+00  
  1.192848199090e-05  ,-2.340229611703e+00  ,-2.262645084239e+00  
  1.194136702498e-05  ,-2.890339999681e+00  ,-2.685534217751e+00  
  1.194914543112e-05  ,-2.998918916940e+00  ,-2.409699130832e+00  
  1.195755564650e-05  ,-2.915880986215e+00  ,-2.131822629791e+00  
  1.196185612162e-05  ,-2.794292795302e+00  ,-2.073145410454e+00  
  1.196652689060e-05  ,-2.604637933451e+00  ,-2.023105777625e+00  
  1.197224148592e-05  ,-2.296965888870e+00  ,-1.940472244618e+00  
  1.198367067655e-05  ,-1.472381997628e+00  ,-1.341225242306e+00  
  1.199550964912e-05  ,-4.218033408124e-01  ,-3.605623673054e-01  
  1.199582122309e-05  ,-3.927101475390e-01  ,-3.329547012849e-01  
  1.199644437102e-05  ,-3.344136733695e-01  ,-2.775358862970e-01  
  1.199712796179e-05  ,-2.703160994542e-01  ,-2.165387521245e-01  
  1.199759399561e-05  ,-2.265447053581e-01  ,-1.748499987848e-01  
  1.199790552301e-05  ,-1.972573918836e-01  ,-1.469416643681e-01  
  1.199801781723e-05  ,-1.866956084767e-01  ,-1.368744627116e-01  
  1.199819344138e-05  ,-1.701727468241e-01  ,-1.211225175278e-01  
  1.199850305957e-05  ,-1.410313135846e-01  ,-9.333267055316e-02  
  1.199899917511e-05  ,-9.430998298961e-02  ,-4.875781922120e-02  
  1.199960127515e-05  ,-3.757794872744e-02  ,5.399289750262e-03  
  1.200023662341e-05  ,2.230102596295e-02  ,6.259410915038e-02  
  1.200080584777e-05  ,7.594125047431e-02  ,1.138563144700e-01  
  1.200111015742e-05  ,1.046086618007e-01  ,1.412620495010e-01  
  1.200119479136e-05  ,1.125799927015e-01  ,1.488836205582e-01  
  1.200129147429e-05  ,1.216851920162e-01  ,1.575898619901e-01  
  1.200145692374e-05  ,1.372638892090e-01  ,1.724872893078e-01  
  1.200163964923e-05  ,1.544649688149e-01  ,1.889380419942e-01  
  1.200200510021e-05  ,1.888512910469e-01  ,2.218300663959e-01  
  1.200252002846e-05  ,2.372590594634e-01  ,2.681460550828e-01  
  1.200305283811e-05  ,2.872823219943e-01  ,3.160205863976e-01  
  1.200356450673e-05  ,3.352451539728e-01  ,3.619336054916e-01  
  1.200383207570e-05  ,3.602928459024e-01  ,3.859143868128e-01  
  1.200400658227e-05  ,3.766151653449e-01  ,4.015426202082e-01  
  1.200409355616e-05  ,3.847459959143e-01  ,4.093280159272e-01  
  1.200422477951e-05  ,3.970080708728e-01  ,4.210695242487e-01  
  1.200448722621e-05  ,4.215117710443e-01  ,4.445342447380e-01  
  1.200481118677e-05  ,4.517191027798e-01  ,4.734628793572e-01  
  1.200545910788e-05  ,5.119902735852e-01  ,5.311883330087e-01  
  1.200675495011e-05  ,6.318713585785e-01  ,6.460174052595e-01  
  1.200934663457e-05  ,8.682954227063e-01  ,8.724430118737e-01  
  1.201420068783e-05  ,1.294426619148e+00  ,1.279867880447e+00  
  1.202273309273e-05  ,1.964996714709e+00  ,1.915382392112e+00  
  1.203843891663e-05  ,2.804291981804e+00  ,2.651468986896e+00  
  1.204773724122e-05  ,2.992423220820e+00  ,2.496286597692e+00  
  1.205910384697e-05  ,2.878135147751e+00  ,2.079616189571e+00  
  1.206515893383e-05  ,2.666185884506e+00  ,2.014406858245e+00  
  1.207096293611e-05  ,2.372604430021e+00  ,1.953654722123e+00  
  1.208073362751e-05  ,1.706954719444e+00  ,1.549874666835e+00  
  1.209275290412e-05  ,6.771371594302e-01  ,6.026396272668e-01  
  1.209558002693e-05  ,4.152352522839e-01  ,3.544902550930e-01  
  1.209628680763e-05  ,3.491669654106e-01  ,2.917141358451e-01  
  1.209749044893e-05  ,2.362746688598e-01  ,1.842446956092e-01  
  1.209801534233e-05  ,1.869284093117e-01  ,1.372116214739e-01  
  1.209831900006e-05  ,1.583568808195e-01  ,1.099659796314e-01  
  1.209866833916e-05  ,1.254694709124e-01  ,7.859338458760e-02  
  1.209903411610e-05  ,9.101844394438e-02  ,4.571669131840e-02  
  1.209955304904e-05  ,4.212275182321e-02  ,-9.657201228768e-04  
  1.210014108611e-05  ,-1.329700896573e-02  ,-5.390432464518e-02  
  1.210070397747e-05  ,-6.634290512533e-02  ,-1.046000982356e-01  
  1.210094011431e-05  ,-8.859080567529e-02  ,-1.258689390156e-01  
  1.210100715790e-05  ,-9.490655774055e-02  ,-1.319074242562e-01  
  1.210112441141e-05  ,-1.059512407541e-01  ,-1.424679302877e-01  
  1.210126369070e-05  ,-1.190687595256e-01  ,-1.550115230350e-01  
  1.210153042148e-05  ,-1.441832615922e-01  ,-1.790304687532e-01  
  1.210196949351e-05  ,-1.855019772526e-01  ,-2.185555628513e-01  
  1.210253285054e-05  ,-2.384637072867e-01  ,-2.692328434621e-01  
  1.210311176065e-05  ,-2.928096246303e-01  ,-3.212494353151e-01  
  1.210366226542e-05  ,-3.443993898298e-01  ,-3.706395889163e-01  
  1.210392364110e-05  ,-3.688587170742e-01  ,-3.940594806778e-01  
  1.210400978844e-05  ,-3.769149473665e-01  ,-4.017737747038e-01  
  1.210415900960e-05  ,-3.908630778986e-01  ,-4.151303663369e-01  
  1.210432112958e-05  ,-4.060071522857e-01  ,-4.296328172809e-01  
  1.210464536953e-05  ,-4.362633128786e-01  ,-4.586089088019e-01  
  1.210517277751e-05  ,-4.853798173184e-01  ,-5.056516915711e-01  
  1.210622759346e-05  ,-5.831996311567e-01  ,-5.993517002951e-01  
  1.210833722535e-05  ,-7.768114446840e-01  ,-7.848059303048e-01  
  1.211245143596e-05  ,-1.143820316788e+00  ,-1.136011872851e+00  
  1.211944380585e-05  ,-1.720680006925e+00  ,-1.685239168983e+00  
  1.213257023874e-05  ,-2.561373122615e+00  ,-2.459128608006e+00  
  1.214283117834e-05  ,-2.924238233051e+00  ,-2.671705913792e+00  
  1.215013796273e-05  ,-2.999971821758e+00  ,-2.353590095077e+00  
  1.215410241667e-05  ,-2.975118915396e+00  ,-2.218371300787e+00  
  1.215772973183e-05  ,-2.911979338928e+00  ,-2.143929765436e+00  
  1.216170387152e-05  ,-2.799482758398e+00  ,-2.088616306619e+00  
  1.216611610535e-05  ,-2.623630891137e+00  ,-2.037968132505e+00  
  1.217363374117e-05  ,-2.210390530372e+00  ,-1.908615684776e+00  
  1.218866901282e-05  ,-1.045508887708e+00  ,-9.485547445950e-01  
  1.219048229787e-05  ,-8.837154712029e-01  ,-7.972517843374e-01  
  1.219410886798e-05  ,-5.520618532503e-01  ,-4.844342502840e-01  
  1.219501551050e-05  ,-4.678595065348e-01  ,-4.045895197943e-01  
  1.219682879556e-05  ,-2.983848070313e-01  ,-2.434800033066e-01  
  1.219821087826e-05  ,-1.685319808378e-01  ,-1.197443515966e-01  
  1.219891877655e-05  ,-1.018833150260e-01  ,-5.615583765016e-02  
  1.219920869726e-05  ,-7.457084465556e-02  ,-3.008334566275e-02  
  1.219956734959e-05  ,-4.077508527717e-02  ,2.188463873081e-03  
  1.220010490898e-05  ,9.887420214132e-03  ,5.058626313703e-02  
  1.220059338767e-05  ,5.592223094448e-02  ,9.458225988329e-02  
  1.220083250474e-05  ,7.845277839776e-02  ,1.161210743423e-01  
  1.220090967645e-05  ,8.572331625831e-02  ,1.230723924785e-01  
  1.220101937461e-05  ,9.605737286673e-02  ,1.329533854967e-01  
  1.220114147100e-05  ,1.075580513211e-01  ,1.439507469071e-01  
  1.220138566378e-05  ,1.305544914978e-01  ,1.659435120148e-01  
  1.220187404934e-05  ,1.765229686244e-01  ,2.099160054107e-01  
  1.220249030549e-05  ,2.344664065516e-01  ,2.653612516469e-01  
  1.220312490869e-05  ,2.940428566054e-01  ,3.223868451629e-01  
  1.220370800975e-05  ,3.486818306918e-01  ,3.746993254057e-01  
  1.220397613752e-05  ,3.737683436585e-01  ,3.987212409463e-01  
  1.220405979357e-05  ,3.815900085932e-01  ,4.062113790404e-01  
  1.220420722194e-05  ,3.953678021107e-01  ,4.194056296961e-01  
  1.220437469702e-05  ,4.110087389800e-01  ,4.343847517002e-01  
  1.220468482744e-05  ,4.399422648239e-01  ,4.620956441164e-01  
  1.220530359815e-05  ,4.975427934060e-01  ,5.172672933833e-01  
  1.220654113959e-05  ,6.121581323486e-01  ,6.270611360017e-01  
  1.220901622247e-05  ,8.384414325063e-01  ,8.438011216449e-01  
  1.221348359059e-05  ,1.233133380824e+00  ,1.221320722788e+00  
  1.222148253392e-05  ,1.874442989602e+00  ,1.830282875913e+00  
  1.223612441491e-05  ,2.719453024993e+00  ,2.588869055823e+00  
  1.224641813706e-05  ,2.981026361870e+00  ,2.546146856076e+00  
  1.225461526584e-05  ,2.968520815856e+00  ,2.204831970544e+00  
  1.225717267762e-05  ,2.924157054896e+00  ,2.152460087862e+00  
  1.226095980774e-05  ,2.823923206133e+00  ,2.098050460980e+00  
  1.226502633463e-05  ,2.671891862276e+00  ,2.049049060251e+00  
  1.227170578014e-05  ,2.329116224711e+00  ,1.954114292491e+00  
  1.228506467115e-05  ,1.356537907352e+00  ,1.236474890852e+00  
  1.228665779154e-05  ,1.220974026596e+00  ,1.111986833401e+00  
  1.228984403234e-05  ,9.410199546494e-01  ,8.514855822279e-01  
  1.229621651392e-05  ,3.557461094420e-01  ,2.981040324094e-01  
  1.229715528708e-05  ,2.677511287472e-01  ,2.143432820715e-01  
  1.229867818575e-05  ,1.245422572761e-01  ,7.780445833046e-02  
  1.229938496645e-05  ,5.796193963251e-02  ,1.424744375815e-02  
  1.230025202777e-05  ,-2.375280941458e-02  ,-6.381608580880e-02  
  1.230077487226e-05  ,-7.302277748759e-02  ,-1.109117007925e-01  
  1.230109552662e-05  ,-1.032305691096e-01  ,-1.397953823406e-01  
  1.230118316408e-05  ,-1.114849114985e-01  ,-1.476890176315e-01  
  1.230128517883e-05  ,-1.210923446925e-01  ,-1.568771993785e-01  
  1.230146599510e-05  ,-1.381179438936e-01  ,-1.731613387813e-01  
  1.230165540283e-05  ,-1.559477223613e-01  ,-1.902166290433e-01  
  1.230203421829e-05  ,-1.915900830834e-01  ,-2.243165716942e-01  
  1.230254085777e-05  ,-2.392159756956e-01  ,-2.698926225420e-01  
  1.230307180477e-05  ,-2.890616218447e-01  ,-3.176049455073e-01  
  1.230358468411e-05  ,-3.371348489680e-01  ,-3.636305832583e-01  
  1.230384480251e-05  ,-3.614836082589e-01  ,-3.869454989113e-01  
  1.230394375553e-05  ,-3.707399993372e-01  ,-3.958093724366e-01  
  1.230408922812e-05  ,-3.843414524748e-01  ,-4.088345336472e-01  
  1.230424312917e-05  ,-3.987222093937e-01  ,-4.226065612828e-01  
  1.230455093128e-05  ,-4.274554249185e-01  ,-4.501251645238e-01  
  1.230516653550e-05  ,-4.847992640167e-01  ,-5.050504997559e-01  
  1.230639774395e-05  ,-5.989215955055e-01  ,-6.143731046219e-01  
  1.230864968193e-05  ,-8.052175420373e-01  ,-8.119787977003e-01  
  1.231286000503e-05  ,-1.179323135845e+00  ,-1.169916664425e+00  
  1.232028078330e-05  ,-1.784696056078e+00  ,-1.745650511020e+00  
  1.233408223880e-05  ,-2.632645250041e+00  ,-2.519396251656e+00  
  1.234446089757e-05  ,-2.954692135503e+00  ,-2.628143023839e+00  
  1.235167752994e-05  ,-2.995834846190e+00  ,-2.295078373908e+00  
  1.235410418404e-05  ,-2.975097502347e+00  ,-2.221411779315e+00  
  1.235758621288e-05  ,-2.915202233373e+00  ,-2.149634336480e+00  
  1.236147467089e-05  ,-2.807175023293e+00  ,-2.093625431834e+00  
  1.236597631169e-05  ,-2.629994861109e+00  ,-2.040379359989e+00  
  1.237365338994e-05  ,-2.209138045621e+00  ,-1.908222336677e+00  
  1.238900754643e-05  ,-1.015544545331e+00  ,-9.205704097588e-01  
  1.239085864318e-05  ,-8.497585992845e-01  ,-7.653197253595e-01  
  1.239456083668e-05  ,-5.101380191877e-01  ,-4.446065238109e-01  
  1.239548638505e-05  ,-4.239740340282e-01  ,-3.628333549429e-01  
  1.239698730452e-05  ,-2.835161284315e-01  ,-2.292545476977e-01  
  1.239819727881e-05  ,-1.698116594575e-01  ,-1.209053292349e-01  
  1.239886317445e-05  ,-1.071205084859e-01  ,-6.109925089259e-02  
  1.239915602883e-05  ,-7.953308948834e-02  ,-3.476773359628e-02  
  1.239950667178e-05  ,-4.649322813606e-02  ,-3.221773015305e-03  
  1.239997652402e-05  ,-2.212559001514e-03  ,3.907307819635e-02  
  1.240041689990e-05  ,3.929076628466e-02  ,7.873081331123e-02  
  1.240075082561e-05  ,7.075708443725e-02  ,1.088073083219e-01  
  1.240106067663e-05  ,9.994791812210e-02  ,1.367155601420e-01  
  1.240114597413e-05  ,1.079821874740e-01  ,1.443979074375e-01  
  1.240123162089e-05  ,1.160485724565e-01  ,1.521114209896e-01  
  1.240137646483e-05  ,1.296883265601e-01  ,1.651555105425e-01  
  1.240152768833e-05  ,1.439259651955e-01  ,1.787727035044e-01  
  1.240177630489e-05  ,1.673259151448e-01  ,2.011557637715e-01  
  1.240227353802e-05  ,2.140937655744e-01  ,2.459011438074e-01  
  1.240278055003e-05  ,2.617275111910e-01  ,2.914872081991e-01  
  1.240329314997e-05  ,3.098186948414e-01  ,3.375218073133e-01  
  1.240366628436e-05  ,3.447756586872e-01  ,3.709898390304e-01  
  1.240388416728e-05  ,3.651663416672e-01  ,3.905140387353e-01  
  1.240395952291e-05  ,3.722146036759e-01  ,3.972631069713e-01  
  1.240408639233e-05  ,3.840763870106e-01  ,4.086217165650e-01  
  1.240423160880e-05  ,3.976460467269e-01  ,4.216162671094e-01  
  1.240452204175e-05  ,4.247602555120e-01  ,4.475828469175e-01  
  1.240494095064e-05  ,4.638058377108e-01  ,4.849788642382e-01  
  1.240577876843e-05  ,5.416492685114e-01  ,5.595415724626e-01  
  1.240745440401e-05  ,6.961567887750e-01  ,7.075468255686e-01  
  1.241080567516e-05  ,9.989629962154e-01  ,9.974737992531e-01  
  1.241654485739e-05  ,1.490046850096e+00  ,1.466303670113e+00  
  1.242721855916e-05  ,2.263902230643e+00  ,2.192987805287e+00  
  1.244156837739e-05  ,2.895366085578e+00  ,2.687560008609e+00  
  1.244946897305e-05  ,2.999582540783e+00  ,2.401682643516e+00  
  1.245811015643e-05  ,2.903150190524e+00  ,2.123014622340e+00  
  1.246265426553e-05  ,2.766042165029e+00  ,2.062817685908e+00  
  1.246723711766e-05  ,2.570778578263e+00  ,2.013668921984e+00  
  1.247344270624e-05  ,2.222523828193e+00  ,1.911962998164e+00  
  1.248585388340e-05  ,1.289784896149e+00  ,1.174807177417e+00  
  1.249557987131e-05  ,4.152497783204e-01  ,3.541289907087e-01  
  1.249698281563e-05  ,2.839372992421e-01  ,2.292607044604e-01  
  1.249892816223e-05  ,1.009992411259e-01  ,5.492698108058e-02  
  1.249999881066e-05  ,1.120926463421e-04  ,-4.137049235454e-02  
  1.250059169061e-05  ,-5.576231489641e-02  ,-9.474446417987e-02  
  1.250094219386e-05  ,-8.878671299791e-02  ,-1.263034742526e-01  
  1.250102822478e-05  ,-9.689105053467e-02  ,-1.340494995944e-01  
  1.250117993723e-05  ,-1.111809978804e-01  ,-1.477088814176e-01  
  1.250131774969e-05  ,-1.241595107527e-01  ,-1.601160184916e-01  
  1.250159337461e-05  ,-1.501093113056e-01  ,-1.849270154653e-01  
  1.250214462444e-05  ,-2.019732028925e-01  ,-2.345284423887e-01  
  1.250278015896e-05  ,-2.616907949439e-01  ,-2.916610599828e-01  
  1.250335487812e-05  ,-3.156047429272e-01  ,-3.432570069216e-01  
  1.250371665038e-05  ,-3.494906583109e-01  ,-3.756925006507e-01  
  1.250397504583e-05  ,-3.736662551638e-01  ,-3.988359821348e-01  
  1.250404778212e-05  ,-3.804671237096e-01  ,-4.053468690140e-01  
  1.250417907532e-05  ,-3.927380297051e-01  ,-4.170949446658e-01  
  1.250434559580e-05  ,-4.082917040968e-01  ,-4.319866022908e-01  
  1.250459165122e-05  ,-4.312536808876e-01  ,-4.539725344716e-01  
  1.250501666028e-05  ,-4.708541931682e-01  ,-4.918929344032e-01  
  1.250586667839e-05  ,-5.497963487851e-01  ,-5.674947032434e-01  
  1.250756671462e-05  ,-7.064485237392e-01  ,-7.175299473803e-01  
  1.251096678707e-05  ,-1.013268021185e+00  ,-1.011250474241e+00  
  1.251696226928e-05  ,-1.524062345001e+00  ,-1.498655404587e+00  
  1.252784905765e-05  ,-2.302445791253e+00  ,-2.228657228305e+00  
  1.254156855676e-05  ,-2.895370511395e+00  ,-2.689069953042e+00  
  1.254946915242e-05  ,-2.999582822752e+00  ,-2.403684182780e+00  
  1.255794493291e-05  ,-2.907035822800e+00  ,-2.126566342352e+00  
  1.256233705017e-05  ,-2.777479376383e+00  ,-2.067286457720e+00  
  1.256694746945e-05  ,-2.584742770589e+00  ,-2.017643951611e+00  
  1.257289377782e-05  ,-2.256941195053e+00  ,-1.925833352505e+00  
  1.258478639457e-05  ,-1.379878296883e+00  ,-1.257284644872e+00  
  1.259713051650e-05  ,-2.700763021676e-01  ,-2.161373595727e-01  
  1.259812665913e-05  ,-1.764563127130e-01  ,-1.269543075124e-01  
  1.259967321340e-05  ,-3.079837079687e-02  ,1.201436360671e-02  
  1.260030958611e-05  ,2.917734359662e-02  ,6.929539884557e-02  
  1.260080383900e-05  ,7.575198890985e-02  ,1.137990681992e-01  
  1.260116472650e-05  ,1.097483922716e-01  ,1.462945995452e-01  
  1.260126133958e-05  ,1.188473455982e-01  ,1.549932935446e-01  
  1.260135283038e-05  ,1.274628786845e-01  ,1.632303831923e-01  
  1.260150535773e-05  ,1.418237438244e-01  ,1.769616029675e-01  
  1.260166864186e-05  ,1.571937710328e-01  ,1.916593099055e-01  
  1.260199521012e-05  ,1.879210119242e-01  ,2.210471175912e-01  
  1.260252466701e-05  ,2.376948602040e-01  ,2.686635025710e-01  
  1.260306343712e-05  ,2.882766484594e-01  ,3.170665507887e-01  
  1.260357855163e-05  ,3.365605312830e-01  ,3.632816406948e-01  
  1.260384425796e-05  ,3.614326600470e-01  ,3.870917694995e-01  
  1.260401012651e-05  ,3.769465572271e-01  ,4.019443746429e-01  
  1.260415618118e-05  ,3.905987756294e-01  ,4.150153212151e-01  
  1.260432635709e-05  ,4.064952955902e-01  ,4.302357451175e-01  
  1.260466670893e-05  ,4.382530259565e-01  ,4.606449487482e-01  
  1.260534741260e-05  ,5.016145481301e-01  ,5.213231221475e-01  
  1.260670881994e-05  ,6.276205601629e-01  ,6.420092904331e-01  
  1.260918613799e-05  ,8.538054320674e-01  ,8.586188452711e-01  
  1.261391278632e-05  ,1.269895686131e+00  ,1.256490084897e+00  
  1.262212332613e-05  ,1.921213434823e+00  ,1.874304613799e+00  
  1.263751920588e-05  ,2.772330792654e+00  ,2.627474348211e+00  
  1.264719154961e-05  ,2.988330754753e+00  ,2.508087648977e+00  
  1.265687730439e-05  ,2.930251091916e+00  ,2.144400746803e+00  
  1.266060482986e-05  ,2.835040392332e+00  ,2.089784654406e+00  
  1.266528379447e-05  ,2.660770612717e+00  ,2.045876767778e+00  
  1.267082777150e-05  ,2.380379091691e+00  ,1.971812149810e+00  
  1.268164452441e-05  ,1.635666896681e+00  ,1.486807513123e+00  
  1.269278761275e-05  ,6.739499637888e-01  ,5.996319203814e-01  
  1.269546386130e-05  ,4.260754357549e-01  ,3.648088161432e-01  
  1.269845117159e-05  ,1.459160446937e-01  ,9.808251566606e-02  
  1.269983884222e-05  ,1.518869763596e-02  ,-2.671372500552e-02  
  1.270058092005e-05  ,-5.474738579304e-02  ,-9.353742874761e-02  
  1.270100048087e-05  ,-9.427757594382e-02  ,-1.313263570083e-01  
  1.270113114543e-05  ,-1.065855089737e-01  ,-1.430944504008e-01  
  1.270126700211e-05  ,-1.193806060603e-01  ,-1.553294676896e-01  
  1.270142996028e-05  ,-1.347252549925e-01  ,-1.700039036984e-01  
  1.270175587661e-05  ,-1.654035577231e-01  ,-1.993469174049e-01  
  1.270239746473e-05  ,-2.257421514953e-01  ,-2.570758710361e-01  
  1.270302294097e-05  ,-2.844774067341e-01  ,-3.132895127068e-01  
  1.270359328292e-05  ,-3.379401216380e-01  ,-3.644701687685e-01  
  1.270390201635e-05  ,-3.668360112613e-01  ,-3.921371565316e-01  
  1.270400036402e-05  ,-3.760337379091e-01  ,-4.009442965980e-01  
  1.270414970159e-05  ,-3.899932794476e-01  ,-4.143115416847e-01  
  1.270431014519e-05  ,-4.049813982196e-01  ,-4.286643548977e-01  
  1.270463103238e-05  ,-4.349263878383e-01  ,-4.573418585470e-01  
  1.270527280677e-05  ,-4.946807301389e-01  ,-5.145729622724e-01  
  1.270655635554e-05  ,-6.135619587303e-01  ,-6.284482018884e-01  
  1.270906869132e-05  ,-8.431883096744e-01  ,-8.483800119044e-01  
  1.271348986584e-05  ,-1.233672512144e+00  ,-1.221857832282e+00  
  1.272154096324e-05  ,-1.878739418011e+00  ,-1.834341178204e+00  
  1.273622456748e-05  ,-2.723425141807e+00  ,-2.591901593402e+00  
  1.274656895358e-05  ,-2.982589002156e+00  ,-2.539602796297e+00  
  1.275483313758e-05  ,-2.965484451093e+00  ,-2.199251700491e+00  
  1.275745089907e-05  ,-2.918186594510e+00  ,-2.147168952395e+00  
  1.276128645796e-05  ,-2.813382875379e+00  ,-2.093492010489e+00  
  1.276535149473e-05  ,-2.657817294328e+00  ,-2.044897268296e+00  
  1.277197059054e-05  ,-2.313305538446e+00  ,-1.948615602698e+00  
  1.278520878214e-05  ,-1.344409767031e+00  ,-1.225295175933e+00  
  1.278679910857e-05  ,-1.208796201051e+00  ,-1.100641541138e+00  
  1.278997976143e-05  ,-9.288648795443e-01  ,-8.400375819655e-01  
  1.279634106714e-05  ,-3.440873778440e-01  ,-2.869904344062e-01  
  1.279722740683e-05  ,-2.609804461098e-01  ,-2.078734757695e-01  
  1.279863873306e-05  ,-1.282572833027e-01  ,-8.133306093525e-02  
  1.279896441657e-05  ,-9.758422235868e-02  ,-5.206107318242e-02  
  1.279935636367e-05  ,-6.065716108111e-02  ,-1.680681551620e-02  
  1.279984931271e-05  ,-1.420188931164e-02  ,2.756307530668e-02  
  1.280030142326e-05  ,2.840804796899e-02  ,6.827722741732e-02  
  1.280067115832e-05  ,6.325049429439e-02  ,1.015806277351e-01  
  1.280088792365e-05  ,8.367397966778e-02  ,1.211063193126e-01  
  1.280094656204e-05  ,8.919822330054e-02  ,1.263882492255e-01  
  1.280105695869e-05  ,9.959770504622e-02  ,1.363321676124e-01  
  1.280117651723e-05  ,1.108588910019e-01  ,1.471009013935e-01  
  1.280141563430e-05  ,1.333764121268e-01  ,1.686363313682e-01  
  1.280180134154e-05  ,1.696818388119e-01  ,2.033652605082e-01  
  1.280241797022e-05  ,2.276692221165e-01  ,2.588508590326e-01  
  1.280304158382e-05  ,2.862264869190e-01  ,3.148993599075e-01  
  1.280360754855e-05  ,3.392760336671e-01  ,3.656887018631e-01  
  1.280390794664e-05  ,3.673907273033e-01  ,3.926097488880e-01  
  1.280403842494e-05  ,3.795923343529e-01  ,4.042941076761e-01  
  1.280418112684e-05  ,3.929297158486e-01  ,4.170666001277e-01  
  1.280435826439e-05  ,4.094745491813e-01  ,4.329113822600e-01  
  1.280471253950e-05  ,4.425256614562e-01  ,4.645660886652e-01  
  1.280542108971e-05  ,5.084593477575e-01  ,5.277207394457e-01  
  1.280683819014e-05  ,6.395383875836e-01  ,6.532883123395e-01  
  1.280955876965e-05  ,8.874135194703e-01  ,8.906899846021e-01  
  1.281441133279e-05  ,1.312307862823e+00  ,1.296889777715e+00  
  1.282318662662e-05  ,1.997095233065e+00  ,1.945434507005e+00  
  1.283928286094e-05  ,2.831561160360e+00  ,2.663720744849e+00  
  1.284829806346e-05  ,2.995712794881e+00  ,2.452767514414e+00  
  1.285837720889e-05  ,2.896704464584e+00  ,2.104325948413e+00  
  1.286320816535e-05  ,2.745413364341e+00  ,2.047491287974e+00  
  1.286802720088e-05  ,2.531609194110e+00  ,1.999920124469e+00  
  1.287466641325e-05  ,2.143434749475e+00  ,1.873708613421e+00  
  1.288794483799e-05  ,1.109205809372e+00  ,1.007740714071e+00  
  1.288979239571e-05  ,9.456397368722e-01  ,8.552351766468e-01  
  1.289348751116e-05  ,6.095144288022e-01  ,5.388126674269e-01  
  1.289662606824e-05  ,3.173904845170e-01  ,2.615150704956e-01  
  1.289882026422e-05  ,1.111620241198e-01  ,6.494323390418e-02  
  1.290003638524e-05  ,-3.429227510994e-03  ,-4.447792301677e-02  
  1.290055392120e-05  ,-5.220320800012e-02  ,-9.108636324811e-02  
  1.290088561173e-05  ,-8.345617134588e-02  ,-1.209618044736e-01  
  1.290101336591e-05  ,-9.549135423700e-02  ,-1.324684177946e-01  
  1.290113907117e-05  ,-1.073320175906e-01  ,-1.437900623286e-01  
  1.290129425279e-05  ,-1.219468442313e-01  ,-1.577656142796e-01  
  1.290160461604e-05  ,-1.511674551927e-01  ,-1.857123963913e-01  
  1.290220168694e-05  ,-2.073386880643e-01  ,-2.394500201233e-01  
  1.290278050392e-05  ,-2.617231828901e-01  ,-2.914950627436e-01  
  1.290336667835e-05  ,-3.167106952620e-01  ,-3.441314432198e-01  
  1.290372463218e-05  ,-3.502377927544e-01  ,-3.762309559119e-01  
  1.290398852244e-05  ,-3.749264711963e-01  ,-3.998708904163e-01  
  1.290406088620e-05  ,-3.816921496627e-01  ,-4.063495048893e-01  
  1.290419194657e-05  ,-3.939406444029e-01  ,-4.180786521210e-01  
  1.290435900256e-05  ,-4.095434685094e-01  ,-4.330205216564e-01  
  1.290459309049e-05  ,-4.313879192067e-01  ,-4.539406915522e-01  
  1.290502443254e-05  ,-4.715776187263e-01  ,-4.924327154134e-01  
  1.290588711664e-05  ,-5.516898705058e-01  ,-5.691688310407e-01  
  1.290761248484e-05  ,-7.106402247616e-01  ,-7.214280221234e-01  
  1.291106322124e-05  ,-1.021817954700e+00  ,-1.019356951010e+00  
  1.291709595635e-05  ,-1.534901566047e+00  ,-1.508916285885e+00  
  1.292815708831e-05  ,-2.320948746312e+00  ,-2.245100017520e+00  
  1.294142210200e-05  ,-2.891726311920e+00  ,-2.686049350449e+00  
  1.294923627093e-05  ,-2.999136526900e+00  ,-2.407280870799e+00  
  1.295768224910e-05  ,-2.913052178197e+00  ,-2.129957848444e+00  
  1.296194770649e-05  ,-2.791140012053e+00  ,-2.072161242287e+00  
  1.296665572837e-05  ,-2.598591513210e+00  ,-2.021580296554e+00  
  1.297240832165e-05  ,-2.286819971101e+00  ,-1.936933492647e+00  
  1.298391350820e-05  ,-1.452399032098e+00  ,-1.323167844079e+00  
  1.299585082844e-05  ,-3.899437494367e-01  ,-3.302676255200e-01  
  1.299737037435e-05  ,-2.475545709727e-01  ,-1.947980751728e-01  
  1.299775026083e-05  ,-2.118564368845e-01  ,-1.607914550802e-01  
  1.299829871669e-05  ,-1.602658457771e-01  ,-1.116170417804e-01  
  1.299858705416e-05  ,-1.331232808026e-01  ,-8.573271589570e-02  
  1.299886747539e-05  ,-1.067154118819e-01  ,-6.054084043951e-02  
  1.299942831784e-05  ,-5.387687759491e-02  ,-1.011225378726e-02  
  1.299997994020e-05  ,-1.890591288740e-03  ,3.953060190974e-02  
  1.300050678938e-05  ,4.776175614637e-02  ,8.696772132945e-02  
  1.300081077307e-05  ,7.640529934887e-02  ,1.143427672023e-01  
  1.300111033298e-05  ,1.046251973403e-01  ,1.413191657110e-01  
  1.300116486191e-05  ,1.097611462247e-01  ,1.462294384632e-01  
  1.300127391979e-05  ,1.200320625962e-01  ,1.560496193865e-01  
  1.300144928783e-05  ,1.365449710481e-01  ,1.718394239515e-01  
  1.300161173377e-05  ,1.518374290883e-01  ,1.864638854044e-01  
  1.300193662565e-05  ,1.824100833834e-01  ,2.157056430586e-01  
  1.300258640941e-05  ,2.434951999247e-01  ,2.741483120096e-01  
  1.300317481901e-05  ,2.987237808184e-01  ,3.270046490986e-01  
  1.300368676703e-05  ,3.466932425354e-01  ,3.729245579768e-01  
  1.300396383550e-05  ,3.726179110284e-01  ,3.977451364831e-01  
  1.300404409222e-05  ,3.801221643151e-01  ,4.049302102201e-01  
  1.300419121790e-05  ,3.938725637400e-01  ,4.180962233020e-01  
  1.300434996184e-05  ,4.086993611404e-01  ,4.322935221179e-01  
  1.300466744970e-05  ,4.383220931606e-01  ,4.606603733998e-01  
  1.300521888580e-05  ,4.896676558497e-01  ,5.098338469906e-01  
  1.300632175799e-05  ,5.919025547945e-01  ,6.077553818510e-01  
  1.300852750238e-05  ,7.941190235161e-01  ,8.014351760939e-01  
  1.301275049146e-05  ,1.169825715785e+00  ,1.160900531984e+00  
  1.302003715928e-05  ,1.766187877722e+00  ,1.728197743539e+00  
  1.303359721597e-05  ,2.610421967922e+00  ,2.500839396289e+00  
  1.304388199743e-05  ,2.944757549899e+00  ,2.646998647410e+00  
  1.305111949142e-05  ,2.998144812648e+00  ,2.314603380214e+00  
  1.305389595028e-05  ,2.977557275159e+00  ,2.225857479656e+00  
  1.305774566527e-05  ,2.911617881876e+00  ,2.150390844769e+00  
  1.306153950091e-05  ,2.805013989987e+00  ,2.097747996740e+00  
  1.306543019410e-05  ,2.654369046544e+00  ,2.048206976687e+00  
  1.307218265529e-05  ,2.300528569462e+00  ,1.945437748936e+00  
  1.308568757768e-05  ,1.303918653044e+00  ,1.188150823871e+00  
  1.309592765566e-05  ,3.827632532822e-01  ,3.233054804923e-01  
  1.309738405790e-05  ,2.462693021845e-01  ,1.934421092448e-01  
  1.309774815846e-05  ,2.120540852089e-01  ,1.608510271729e-01  
  1.309823328439e-05  ,1.664235459869e-01  ,1.173670092627e-01  
  1.309847063195e-05  ,1.440840927966e-01  ,9.606945135037e-02  
  1.309871943477e-05  ,1.206578765199e-01  ,7.372937248386e-02  
  1.309921704042e-05  ,7.378476074435e-02  ,2.901002955759e-02  
  1.309973336566e-05  ,2.512940076160e-02  ,-1.743475399307e-02  
  1.310025648955e-05  ,-2.417330887476e-02  ,-6.452105007336e-02  
  1.310068317499e-05  ,-6.438278238008e-02  ,-1.029390370879e-01  
  1.310092373561e-05  ,-8.704781069627e-02  ,-1.246001431243e-01  
  1.310098575005e-05  ,-9.288990432921e-02  ,-1.301841207306e-01  
  1.310109952274e-05  ,-1.036069705884e-01  ,-1.404283662276e-01  
  1.310122257374e-05  ,-1.151965324674e-01  ,-1.515075863623e-01  
  1.310146867573e-05  ,-1.383703185340e-01  ,-1.736638539298e-01  
  1.310188083253e-05  ,-1.771611579897e-01  ,-2.107597384211e-01  
  1.310247669272e-05  ,-2.331873362256e-01  ,-2.643546033319e-01  
  1.310307497434e-05  ,-2.893589554317e-01  ,-3.181059181748e-01  
  1.310363274343e-05  ,-3.416352549993e-01  ,-3.681427542659e-01  
  1.310391051039e-05  ,-3.676305346385e-01  ,-3.930284869884e-01  
  1.310400072062e-05  ,-3.760670819000e-01  ,-4.011054527886e-01  
  1.310416095467e-05  ,-3.910448328704e-01  ,-4.154454088496e-01  
  1.310431774282e-05  ,-4.056908925414e-01  ,-4.294684776895e-01  
  1.310463131914e-05  ,-4.349531282470e-01  ,-4.574878551024e-01  
  1.310522336090e-05  ,-4.900837628537e-01  ,-5.102826244760e-01  
  1.310640744442e-05  ,-5.998174108735e-01  ,-6.153811537986e-01  
  1.310877561146e-05  ,-8.166442825835e-01  ,-8.230438165294e-01  
  1.311300828630e-05  ,-1.192160365879e+00  ,-1.182263268629e+00  
  1.312065854245e-05  ,-1.813187391333e+00  ,-1.772594108663e+00  
  1.313455983573e-05  ,-2.653931040682e+00  ,-2.536930245979e+00  
  1.314492508346e-05  ,-2.961952276554e+00  ,-2.610273056011e+00  
  1.315224304372e-05  ,-2.992554621821e+00  ,-2.275751134707e+00  
  1.315442494625e-05  ,-2.971059401926e+00  ,-2.213555496520e+00  
  1.315774119967e-05  ,-2.911719259523e+00  ,-2.147616753056e+00  
  1.316162965769e-05  ,-2.801989378707e+00  ,-2.095679320879e+00  
  1.316650829786e-05  ,-2.605506978877e+00  ,-2.034124099843e+00  
  1.317259467715e-05  ,-2.275412717376e+00  ,-1.934723939754e+00  
  1.318476743573e-05  ,-1.381464648517e+00  ,-1.258831496001e+00  
  1.319706536406e-05  ,-2.761912713893e-01  ,-2.219822343386e-01  
  1.319852456027e-05  ,-1.390071287885e-01  ,-9.129026934449e-02  
  1.320066697472e-05  ,6.285628693531e-02  ,1.014425458049e-01  
  1.320121328855e-05  ,1.143220641608e-01  ,1.506348711665e-01  
  1.320140909912e-05  ,1.327610917897e-01  ,1.682649900863e-01  
  1.320162493312e-05  ,1.530798315784e-01  ,1.876950976258e-01  
  1.320182188457e-05  ,1.716148379555e-01  ,2.054218229771e-01  
  1.320221578745e-05  ,2.086644310891e-01  ,2.408621428801e-01  
  1.320270231036e-05  ,2.543809292798e-01  ,2.846037644624e-01  
  1.320318799508e-05  ,2.999593990585e-01  ,3.282237999642e-01  
  1.320364536760e-05  ,3.428172881374e-01  ,3.692485901994e-01  
  1.320388606792e-05  ,3.653441404265e-01  ,3.908147716420e-01  
  1.320396916518e-05  ,3.731163266177e-01  ,3.982559171080e-01  
  1.320411249572e-05  ,3.865161988325e-01  ,4.110855185331e-01  
  1.320425484838e-05  ,3.998168926499e-01  ,4.238207193583e-01  
  1.320453955369e-05  ,4.263940254079e-01  ,4.492694486025e-01  
  1.320505122231e-05  ,4.740709387312e-01  ,4.949265903263e-01  
  1.320607455955e-05  ,5.690449989877e-01  ,5.858888722830e-01  
  1.320812123404e-05  ,7.571312929428e-01  ,7.660361501303e-01  
  1.321186887608e-05  ,1.092874014344e+00  ,1.087362767889e+00  
  1.321857886897e-05  ,1.653276136242e+00  ,1.621322143076e+00  
  1.323077099906e-05  ,2.469046266060e+00  ,2.378334809960e+00  
  1.324174719439e-05  ,2.899732526214e+00  ,2.682965618520e+00  
  1.324925439940e-05  ,2.999177030689e+00  ,2.395754675771e+00  
  1.325575950132e-05  ,2.951024873022e+00  ,2.173371716767e+00  
  1.325914802538e-05  ,2.876957697874e+00  ,2.116598966750e+00  
  1.326386871324e-05  ,2.719726427601e+00  ,2.065343146297e+00  
  1.326837407933e-05  ,2.513918109407e+00  ,2.008284437326e+00  
  1.327676939355e-05  ,2.000186412790e+00  ,1.783963402340e+00  
  1.328812258826e-05  ,1.093623162544e+00  ,9.932625677757e-01  
  1.329041438685e-05  ,8.898299252241e-01  ,8.029574557902e-01  
  1.329499798404e-05  ,4.694910550202e-01  ,4.060827507871e-01  
  1.329614388333e-05  ,3.625421506441e-01  ,3.044814773943e-01  
  1.329777779566e-05  ,2.092677402134e-01  ,1.585441414868e-01  
  1.329850450666e-05  ,1.408950793004e-01  ,9.334562764062e-02  
  1.329877622002e-05  ,1.153101337808e-01  ,6.893434622856e-02  
  1.329907373102e-05  ,8.728647462373e-02  ,4.218798954037e-02  
  1.329955149950e-05  ,4.226877756332e-02  ,-7.945895131818e-04  
  1.330007713796e-05  ,-7.270074523022e-03  ,-4.811602442290e-02  
  1.330060622232e-05  ,-5.713165340667e-02  ,-9.576714592678e-02  
  1.330085702749e-05  ,-8.076317899970e-02  ,-1.183579574272e-01  
  1.330093297684e-05  ,-8.791840612844e-02  ,-1.251988990526e-01  
  1.330104782056e-05  ,-9.873692658295e-02  ,-1.355429380596e-01  
  1.330117308344e-05  ,-1.105354846552e-01  ,-1.468249825397e-01  
  1.330142360922e-05  ,-1.341272827978e-01  ,-1.693868703013e-01  
  1.330192466076e-05  ,-1.812844928992e-01  ,-2.144962852890e-01  
  1.330253244187e-05  ,-2.384253134297e-01  ,-2.691732616765e-01  
  1.330315065380e-05  ,-2.964574963080e-01  ,-3.247200354960e-01  
  1.330373431366e-05  ,-3.511439941044e-01  ,-3.770771987390e-01  
  1.330401231344e-05  ,-3.771510362964e-01  ,-4.019802316262e-01  
  1.330409465400e-05  ,-3.848486105103e-01  ,-4.093514435298e-01  
  1.330423546997e-05  ,-3.980067395917e-01  ,-4.219520963202e-01  
  1.330440571574e-05  ,-4.139044229130e-01  ,-4.371768750898e-01  
  1.330465447200e-05  ,-4.371120629050e-01  ,-4.594033527236e-01  
  1.330515198452e-05  ,-4.834458406151e-01  ,-5.037817489614e-01  
  1.330614700956e-05  ,-5.757478087429e-01  ,-5.921974591355e-01  
  1.330813705964e-05  ,-7.585744439337e-01  ,-7.673260616125e-01  
  1.331211715979e-05  ,-1.114632792789e+00  ,-1.108101906454e+00  
  1.331888154192e-05  ,-1.677004610308e+00  ,-1.643768562949e+00  
  1.333147600336e-05  ,-2.506179685010e+00  ,-2.411073636481e+00  
  1.334206476850e-05  ,-2.907261541601e+00  ,-2.680963350905e+00  
  1.334949597759e-05  ,-2.999623918797e+00  ,-2.383164025722e+00  
  1.335495129270e-05  ,-2.963779673529e+00  ,-2.194527825448e+00  
  1.335833199365e-05  ,-2.897810155433e+00  ,-2.131640220145e+00  
  1.336263917429e-05  ,-2.766592512986e+00  ,-2.081090241707e+00  
  1.336704544766e-05  ,-2.580043051997e+00  ,-2.026795758806e+00  
  1.337327711327e-05  ,-2.232976463714e+00  ,-1.919287003854e+00  
  1.338574044449e-05  ,-1.299429523634e+00  ,-1.183692923575e+00  
  1.339547239286e-05  ,-4.252794901720e-01  ,-3.636686561851e-01  
  1.339687682731e-05  ,-2.938800301587e-01  ,-2.387362574850e-01  
  1.339886240704e-05  ,-1.071927890031e-01  ,-6.084599776272e-02  
  1.339980062140e-05  ,-1.879086768842e-02  ,2.352338232500e-02  
  1.340032914696e-05  ,3.102081721415e-02  ,7.109684146362e-02  
  1.340072272388e-05  ,6.810926856868e-02  ,1.065330799817e-01  
  1.340098214378e-05  ,9.255018401692e-02  ,1.298913439181e-01  
  1.340105082882e-05  ,9.902029484266e-02  ,1.360756255167e-01  
  1.340115520680e-05  ,1.088517773623e-01  ,1.454733950272e-01  
  1.340131129646e-05  ,1.235518269656e-01  ,1.595263026288e-01  
  1.340151940049e-05  ,1.431457492779e-01  ,1.782600653843e-01  
  1.340191316368e-05  ,1.802028866335e-01  ,2.136976198442e-01  
  1.340248443694e-05  ,2.339149972507e-01  ,2.650776146326e-01  
  1.340306045996e-05  ,2.879973550359e-01  ,3.168279066576e-01  
  1.340360248969e-05  ,3.388023027096e-01  ,3.654545058016e-01  
  1.340388072231e-05  ,3.648440737400e-01  ,3.903837651506e-01  
  1.340397614795e-05  ,3.737693190793e-01  ,3.989282845148e-01  
  1.340412678938e-05  ,3.878520777802e-01  ,4.124108646529e-01  
  1.340428374052e-05  ,4.025154568905e-01  ,4.264499972683e-01  
  1.340459764279e-05  ,4.318125004994e-01  ,4.545017307656e-01  
  1.340522544734e-05  ,4.902777626898e-01  ,5.104882965750e-01  
  1.340648105643e-05  ,6.066134846926e-01  ,6.219074106739e-01  
  1.340895390413e-05  ,8.328005102958e-01  ,8.385228368099e-01  
  1.341321340106e-05  ,1.209875168075e+00  ,1.199189943739e+00  
  1.342113932870e-05  ,1.849079371278e+00  ,1.806442803554e+00  
  1.343533417485e-05  ,2.687170544391e+00  ,2.563712328728e+00  
  1.344570538304e-05  ,2.972736539679e+00  ,2.577703791047e+00  
  1.345338842176e-05  ,2.983018510493e+00  ,2.239862847256e+00  
  1.345544478200e-05  ,2.956218280263e+00  ,2.189359000000e+00  
  1.345793662868e-05  ,2.907229050600e+00  ,2.144665953622e+00  
  1.346077157460e-05  ,2.829862113445e+00  ,2.104784145949e+00  
  1.346565692030e-05  ,2.644344305036e+00  ,2.043516870949e+00  
  1.347248537741e-05  ,2.282112690570e+00  ,1.937713993889e+00  
  1.348614229165e-05  ,1.265190814095e+00  ,1.154018412587e+00  
  1.349644346438e-05  ,3.344985897323e-01  ,2.778720674543e-01  
  1.349860227011e-05  ,1.316906089146e-01  ,8.458666154144e-02  
  1.350088252030e-05  ,-8.316492309695e-02  ,-1.206426959280e-01  
  1.350141132526e-05  ,-1.329706947052e-01  ,-1.682646327091e-01  
  1.350153770573e-05  ,-1.448689885097e-01  ,-1.796448609111e-01  
  1.350167225856e-05  ,-1.575341675283e-01  ,-1.917597317401e-01  
  1.350194136422e-05  ,-1.828558546766e-01  ,-2.159843034816e-01  
  1.350247957553e-05  ,-2.334582122449e-01  ,-2.644054412240e-01  
  1.350301471348e-05  ,-2.837054687328e-01  ,-3.124997821372e-01  
  1.350352079417e-05  ,-3.311508320655e-01  ,-3.579222826985e-01  
  1.350380223985e-05  ,-3.575010781626e-01  ,-3.831527436961e-01  
  1.350403842326e-05  ,-3.795921776271e-01  ,-4.043068314621e-01  
  1.350411412814e-05  ,-3.866687682206e-01  ,-4.110835747975e-01  
  1.350424935618e-05  ,-3.993038769857e-01  ,-4.231836701765e-01  
  1.350445971867e-05  ,-4.189448065990e-01  ,-4.419937890683e-01  
  1.350469608834e-05  ,-4.409920780938e-01  ,-4.631095954910e-01  
  1.350516882768e-05  ,-4.850124553551e-01  ,-5.052731793266e-01  
  1.350611430635e-05  ,-5.727225948279e-01  ,-5.892917238217e-01  
  1.350800526371e-05  ,-7.465501584626e-01  ,-7.558036681586e-01  
  1.351178717842e-05  ,-1.085699692124e+00  ,-1.080434523154e+00  
  1.351840552916e-05  ,-1.639619460887e+00  ,-1.608416848902e+00  
  1.353056040635e-05  ,-2.457718330036e+00  ,-2.368312103597e+00  
  1.354171839585e-05  ,-2.899035488005e+00  ,-2.683354603100e+00  
  1.354924795260e-05  ,-2.999162738296e+00  ,-2.396985800314e+00  
  1.355598178735e-05  ,-2.947182910237e+00  ,-2.168073264164e+00  
  1.355938372245e-05  ,-2.870582264729e+00  ,-2.112583100405e+00  
  1.356419083705e-05  ,-2.706774366180e+00  ,-2.061259883364e+00  
  1.356880945196e-05  ,-2.491291508325e+00  ,-2.001977068884e+00  
  1.357784849634e-05  ,-1.923252336246e+00  ,-1.726902344823e+00  
  1.358877849808e-05  ,-1.035830885727e+00  ,-9.395197875954e-01  
  1.359151025345e-05  ,-7.906869942544e-01  ,-7.098245694197e-01  
  1.359622274568e-05  ,-3.551629172486e-01  ,-2.974474778268e-01  
  1.359713218217e-05  ,-2.699199535054e-01  ,-2.163229156328e-01  
  1.359845819926e-05  ,-1.452544830532e-01  ,-9.749780996068e-02  
  1.359934807798e-05  ,-6.143790797611e-02  ,-1.750414209635e-02  
  1.359978579959e-05  ,-2.018776111708e-02  ,2.189051595987e-02  
  1.360035744538e-05  ,3.368772552237e-02  ,7.336597345291e-02  
  1.360071437476e-05  ,6.732258297326e-02  ,1.055146484394e-01  
  1.360094971997e-05  ,8.949571903220e-02  ,1.267127910260e-01  
  1.360101139681e-05  ,9.530586523015e-02  ,1.322680481723e-01  
  1.360111539062e-05  ,1.051015774235e-01  ,1.416345741293e-01  
  1.360125662569e-05  ,1.184034194650e-01  ,1.543546931256e-01  
  1.360147141195e-05  ,1.386279267683e-01  ,1.736970371858e-01  
  1.360186596676e-05  ,1.757625179485e-01  ,2.092187501231e-01  
  1.360247272342e-05  ,2.328143688278e-01  ,2.638085540741e-01  
  1.360306970119e-05  ,2.888642860933e-01  ,3.174559903368e-01  
  1.360362998485e-05  ,3.413769552286e-01  ,3.677299565896e-01  
  1.360391054578e-05  ,3.676338449521e-01  ,3.928712974109e-01  
  1.360400114018e-05  ,3.761063126245e-01  ,4.009842812213e-01  
  1.360416239868e-05  ,3.911797666082e-01  ,4.154187163757e-01  
  1.360431921012e-05  ,4.058279114541e-01  ,4.294464955261e-01  
  1.360463283300e-05  ,4.350942986070e-01  ,4.574751107650e-01  
  1.360523651629e-05  ,4.913069319451e-01  ,5.113155253535e-01  
  1.360644388288e-05  ,6.031819180402e-01  ,6.184814319223e-01  
  1.360885861605e-05  ,8.241690721851e-01  ,8.301494124110e-01  
  1.361315685600e-05  ,1.204996620066e+00  ,1.194458087350e+00  
  1.362090993017e-05  ,1.832006276220e+00  ,1.790307323497e+00  
  1.363506305307e-05  ,2.675712215766e+00  ,2.554564160731e+00  
  1.364538806766e-05  ,2.968566193179e+00  ,2.591269621918e+00  
  1.365293699592e-05  ,2.987238857560e+00  ,2.253493696708e+00  
  1.365473463475e-05  ,2.966874449147e+00  ,2.206125227679e+00  
  1.365832991242e-05  ,2.897860908875e+00  ,2.141689169344e+00  
  1.366200118601e-05  ,2.789288307223e+00  ,2.091984091187e+00  
  1.366600438296e-05  ,2.628721010165e+00  ,2.040974455365e+00  
  1.367382749259e-05  ,2.198003380545e+00  ,1.903191645318e+00  
  1.368928297698e-05  ,9.910806898195e-01  ,8.976707323521e-01  
  1.369118436515e-05  ,8.202733035316e-01  ,7.375514337606e-01  
  1.369498714149e-05  ,4.705003228356e-01  ,4.070171693374e-01  
  1.369593783557e-05  ,3.818116405652e-01  ,3.227791404222e-01  
  1.369752536803e-05  ,2.329937023701e-01  ,1.811381248362e-01  
  1.369822125226e-05  ,1.675557892560e-01  ,1.187596728574e-01  
  1.369856300108e-05  ,1.353879591264e-01  ,8.807668745552e-02  
  1.369887974389e-05  ,1.055598570206e-01  ,5.961498850695e-02  
  1.369951322950e-05  ,4.587525067698e-02  ,2.636554935611e-03  
  1.370015397943e-05  ,-1.451216295501e-02  ,-5.504757901660e-02  
  1.370075430996e-05  ,-7.108538558325e-02  ,-1.091166236594e-01  
  1.370098797880e-05  ,-9.309985793944e-02  ,-1.301633908011e-01  
  1.370105724591e-05  ,-9.962475995554e-02  ,-1.364021570848e-01  
  1.370117054131e-05  ,-1.102960561161e-01  ,-1.466061419836e-01  
  1.370132192779e-05  ,-1.245529488827e-01  ,-1.602399445314e-01  
  1.370155983414e-05  ,-1.469520738424e-01  ,-1.816628873747e-01  
  1.370197725292e-05  ,-1.862318792350e-01  ,-2.192385239526e-01  
  1.370252468433e-05  ,-2.376964876866e-01  ,-2.684838966651e-01  
  1.370308943834e-05  ,-2.907157693800e-01  ,-3.192309801108e-01  
  1.370362690460e-05  ,-3.410885319891e-01  ,-3.674560492033e-01  
  1.370389265749e-05  ,-3.659605626781e-01  ,-3.912711102857e-01  
  1.370398175014e-05  ,-3.742931928084e-01  ,-3.992500874879e-01  
  1.370413865471e-05  ,-3.889609466641e-01  ,-4.132958356876e-01  
  1.370429383633e-05  ,-4.034583414214e-01  ,-4.271790629386e-01  
  1.370460419958e-05  ,-4.324240192791e-01  ,-4.549193258337e-01  
  1.370515246918e-05  ,-4.834909217057e-01  ,-5.038303603253e-01  
  1.370624900838e-05  ,-5.851793035365e-01  ,-6.012368955745e-01  
  1.370844208678e-05  ,-7.863531024922e-01  ,-7.939345570870e-01  
  1.371250116309e-05  ,-1.148151570561e+00  ,-1.140143058143e+00  
  1.371964701494e-05  ,-1.736333461846e+00  ,-1.699946490392e+00  
  1.373282709201e-05  ,-2.573892587078e+00  ,-2.469808623831e+00  
  1.374306269964e-05  ,-2.929033679399e+00  ,-2.667260999527e+00  
  1.375035756310e-05  ,-2.999810725622e+00  ,-2.344201596836e+00  
  1.375399493655e-05  ,-2.976403877698e+00  ,-2.221670325514e+00  
  1.375774704894e-05  ,-2.911586458379e+00  ,-2.149877918831e+00  
  1.376168021043e-05  ,-2.800283580048e+00  ,-2.095758250843e+00  
  1.376534701367e-05  ,-2.658013145233e+00  ,-2.049246091832e+00  
  1.377245859285e-05  ,-2.283750457439e+00  ,-1.939604168681e+00  
  1.378668175121e-05  ,-1.218911018307e+00  ,-1.109851153466e+00  
  1.378836837640e-05  ,-1.072019832821e+00  ,-9.736446662868e-01  
  1.379174162676e-05  ,-7.696308940606e-01  ,-6.902814968681e-01  
  1.379524153700e-05  ,-4.468060407945e-01  ,-3.847201153844e-01  
  1.379611651456e-05  ,-3.651025582258e-01  ,-3.070583363223e-01  
  1.379758781796e-05  ,-2.271252683255e-01  ,-1.756798027860e-01  
  1.379822735717e-05  ,-1.669813098432e-01  ,-1.183343269366e-01  
  1.379840291148e-05  ,-1.504589002678e-01  ,-1.025732596461e-01  
  1.379862186541e-05  ,-1.298455501658e-01  ,-8.290537497093e-02  
  1.379905977329e-05  ,-8.860139445747e-02  ,-4.353929518190e-02  
  1.379959900906e-05  ,-3.779150621421e-02  ,4.980581151279e-03  
  1.380017279690e-05  ,1.628564393026e-02  ,5.664650362473e-02  
  1.380077070599e-05  ,7.263023135996e-02  ,1.105046071842e-01  
  1.380098372275e-05  ,9.269892694910e-02  ,1.296934944422e-01  
  1.380104919472e-05  ,9.886636846366e-02  ,1.355911361007e-01  
  1.380116308383e-05  ,1.095936780609e-01  ,1.458498032036e-01  
  1.380131146680e-05  ,1.235678674057e-01  ,1.592146807832e-01  
  1.380155305188e-05  ,1.463136245702e-01  ,1.809714068554e-01  
  1.380198541838e-05  ,1.869999656842e-01  ,2.198966253445e-01  
  1.380253750641e-05  ,2.389011214831e-01  ,2.695648233243e-01  
  1.380310728956e-05  ,2.923902430836e-01  ,3.207665642032e-01  
  1.380365136820e-05  ,3.433791210693e-01  ,3.695859248623e-01  
  1.380391218509e-05  ,3.677871816901e-01  ,3.929587369065e-01  
  1.380399919390e-05  ,3.759243267919e-01  ,4.007511672289e-01  
  1.380414950937e-05  ,3.899753163964e-01  ,4.142073759439e-01  
  1.380430985983e-05  ,4.049547500951e-01  ,4.285533326104e-01  
  1.380463056076e-05  ,4.348824080828e-01  ,4.572170755209e-01  
  1.380515480224e-05  ,4.837079313640e-01  ,5.039846442784e-01  
  1.380620328519e-05  ,5.809521682432e-01  ,5.971396876538e-01  
  1.380830025110e-05  ,7.734450302681e-01  ,7.815334635542e-01  
  1.381236379776e-05  ,1.136180204567e+00  ,1.128675337241e+00  
  1.381930252347e-05  ,1.709755479998e+00  ,1.674780257430e+00  
  1.383229633603e-05  ,2.547838907686e+00  ,2.447380970728e+00  
  1.384257664714e-05  ,2.918787670457e+00  ,2.675415563703e+00  
  1.384992217455e-05  ,2.999991033270e+00  ,2.362953231211e+00  
  1.385426735315e-05  ,2.973081080859e+00  ,2.213463395963e+00  
  1.385774640176e-05  ,2.911601156640e+00  ,2.143183315521e+00  
  1.386185167167e-05  ,2.794445394589e+00  ,2.091593988890e+00  
  1.386648295257e-05  ,2.606690214356e+00  ,2.034492702154e+00  
  1.387203736040e-05  ,2.309293680678e+00  ,1.946871571127e+00  
  1.388314617607e-05  ,1.515249941074e+00  ,1.379740620040e+00  
  1.389458877775e-05  ,5.075427910598e-01  ,4.420076547184e-01  
  1.389712309274e-05  ,2.707731265284e-01  ,2.170384849204e-01  
  1.389775667149e-05  ,2.112537500129e-01  ,1.603421765499e-01  
  1.389820114519e-05  ,1.694478441771e-01  ,1.204899442106e-01  
  1.389830780491e-05  ,1.594105179916e-01  ,1.109183823011e-01  
  1.389848729405e-05  ,1.425155188639e-01  ,9.480467306605e-02  
  1.389874578263e-05  ,1.181766173375e-01  ,7.158557457621e-02  
  1.389926275979e-05  ,6.947704044665e-02  ,2.510716646205e-02  
  1.389977964382e-05  ,2.076791457794e-02  ,-2.140449125557e-02  
  1.390029839050e-05  ,-2.812222986924e-02  ,-6.811101202786e-02  
  1.390069732252e-05  ,-6.571584264165e-02  ,-1.040393976657e-01  
  1.390092954781e-05  ,-8.759536534453e-02  ,-1.249548764314e-01  
  1.390099006049e-05  ,-9.329595811291e-02  ,-1.304048803252e-01  
  1.390109867598e-05  ,-1.035272130507e-01  ,-1.401869830559e-01  
  1.390122566182e-05  ,-1.154873619029e-01  ,-1.516230337743e-01  
  1.390147330049e-05  ,-1.388057267082e-01  ,-1.739224335281e-01  
  1.390186347808e-05  ,-1.755283677263e-01  ,-2.090476196258e-01  
  1.390248075869e-05  ,-2.335693833956e-01  ,-2.645803591253e-01  
  1.390308164801e-05  ,-2.899849951822e-01  ,-3.185748309495e-01  
  1.390364724021e-05  ,-3.429926208042e-01  ,-3.693201316004e-01  
  1.390392337735e-05  ,-3.688340477657e-01  ,-3.940624916924e-01  
  1.390401184136e-05  ,-3.771068960663e-01  ,-4.019839509981e-01  
  1.390416911846e-05  ,-3.918076743631e-01  ,-4.160608399349e-01  
  1.390432884028e-05  ,-4.067271706898e-01  ,-4.303478093866e-01  
  1.390464828392e-05  ,-4.365350657900e-01  ,-4.588937502770e-01  
  1.390522616958e-05  ,-4.903449169876e-01  ,-5.104305635475e-01  
  1.390638194089e-05  ,-5.974621018674e-01  ,-6.130350612823e-01  
  1.390869348352e-05  ,-8.091935005061e-01  ,-8.158344503934e-01  
  1.391292392319e-05  ,-1.184859909720e+00  ,-1.175260112854e+00  
  1.392044900959e-05  ,-1.797415295593e+00  ,-1.757691711706e+00  
  1.393428324764e-05  ,-2.641676424702e+00  ,-2.526872565793e+00  
  1.394464849537e-05  ,-2.957702020332e+00  ,-2.621081795392e+00  
  1.395186736291e-05  ,-2.994839118317e+00  ,-2.288439189916e+00  
  1.395421355074e-05  ,-2.973754599331e+00  ,-2.218693882221e+00  
  1.395756966477e-05  ,-2.915570032245e+00  ,-2.150189357772e+00  
  1.396151847249e-05  ,-2.805716223540e+00  ,-2.097056660997e+00  
  1.396633005743e-05  ,-2.613792984173e+00  ,-2.036390716105e+00  
  1.397221676116e-05  ,-2.298464133546e+00  ,-1.943185131563e+00  
  1.398399016862e-05  ,-1.446072926328e+00  ,-1.317524924903e+00  
  1.399593791967e-05  ,-3.818037789280e-01  ,-3.225335367798e-01  
  1.399745876943e-05  ,-2.392509991175e-01  ,-1.868912792967e-01  
  1.399783898187e-05  ,-2.035147391476e-01  ,-1.528440816205e-01  
  1.399817975280e-05  ,-1.714607720050e-01  ,-1.222917923307e-01  
  1.399841714693e-05  ,-1.491189139543e-01  ,-1.009892124110e-01  
  1.399870650885e-05  ,-1.218751200114e-01  ,-7.500472132883e-02  
  1.399928523270e-05  ,-6.735956980002e-02  ,-2.298383119952e-02  
  1.399983331604e-05  ,-1.570952174952e-02  ,2.633119381168e-02  
  1.400037897793e-05  ,3.571698477660e-02  ,7.545753015590e-02  
  1.400077623358e-05  ,7.315104024819e-02  ,1.112315326624e-01  
  1.400103677107e-05  ,9.769609489684e-02  ,1.346941255774e-01  
  1.400110658533e-05  ,1.042722045376e-01  ,1.409809879038e-01  
  1.400120425779e-05  ,1.134715491235e-01  ,1.497762345421e-01  
  1.400136267576e-05  ,1.283899401980e-01  ,1.640405960878e-01  
  1.400154938265e-05  ,1.459682188500e-01  ,1.808502125822e-01  
  1.400189061924e-05  ,1.780819155780e-01  ,2.115649140919e-01  
  1.400257309243e-05  ,2.422442236863e-01  ,2.729507957275e-01  
  1.400319111809e-05  ,3.002522588276e-01  ,3.284673223769e-01  
  1.400368844434e-05  ,3.468502658241e-01  ,3.730745717450e-01  
  1.400396500058e-05  ,3.727268671173e-01  ,3.978491580744e-01  
  1.400404466359e-05  ,3.801755802444e-01  ,4.049810599301e-01  
  1.400419055527e-05  ,3.938106522727e-01  ,4.180366538072e-01  
  1.400435060305e-05  ,4.087592307733e-01  ,4.323505706174e-01  
  1.400466133883e-05  ,4.377523293899e-01  ,4.601144769402e-01  
  1.400520280977e-05  ,4.881727828242e-01  ,5.084018938068e-01  
  1.400628575166e-05  ,5.885753667738e-01  ,6.045682319711e-01  
  1.400845163544e-05  ,7.872215418925e-01  ,7.948297644482e-01  
  1.401262843093e-05  ,1.159223864287e+00  ,1.150769825774e+00  
  1.401980483016e-05  ,1.748441382864e+00  ,1.711422601824e+00  
  1.403318309268e-05  ,2.590967373648e+00  ,2.484394730070e+00  
  1.404344105204e-05  ,2.936536766820e+00  ,2.659026242453e+00  
  1.405070238789e-05  ,2.999269656086e+00  ,2.330464743079e+00  
  1.405391358813e-05  ,2.977353865165e+00  ,2.224608120630e+00  
  1.405764707407e-05  ,2.913842753936e+00  ,2.151780243571e+00  
  1.406158321580e-05  ,2.803550236366e+00  ,2.097095105226e+00  
  1.406530738851e-05  ,2.659742725494e+00  ,2.049741123711e+00  
  1.407230646392e-05  ,2.293021815153e+00  ,1.942881589135e+00  
  1.408630461475e-05  ,1.251302864063e+00  ,1.139757678325e+00  
  1.409684420606e-05  ,2.969395684666e-01  ,2.415595050180e-01  
  1.409791150173e-05  ,1.966951268664e-01  ,1.461035212436e-01  
  1.409913563212e-05  ,8.145474194182e-02  ,3.621512439540e-02  
  1.409944953439e-05  ,5.187757527992e-02  ,7.991386209771e-03  
  1.409983417062e-05  ,1.562898043035e-02  ,-2.661103434917e-02  
  1.410034490792e-05  ,-3.250616925062e-02  ,-7.257996795365e-02  
  1.410068553915e-05  ,-6.460554793735e-02  ,-1.032463965499e-01  
  1.410090141972e-05  ,-8.494545234678e-02  ,-1.226827919968e-01  
  1.410095765996e-05  ,-9.024370966752e-02  ,-1.277462444777e-01  
  1.410106434296e-05  ,-1.002932698113e-01  ,-1.373510438282e-01  
  1.410118818558e-05  ,-1.119578489109e-01  ,-1.485003679901e-01  
  1.410143093481e-05  ,-1.348170101134e-01  ,-1.703527404090e-01  
  1.410182725913e-05  ,-1.721205472598e-01  ,-2.060213005328e-01  
  1.410247555278e-05  ,-2.330802244203e-01  ,-2.643286593820e-01  
  1.410309516169e-05  ,-2.912526389967e-01  ,-3.199896196583e-01  
  1.410367751769e-05  ,-3.458273390321e-01  ,-3.722225878143e-01  
  1.410395346857e-05  ,-3.716483976073e-01  ,-3.969399124745e-01  
  1.410403928995e-05  ,-3.796732044647e-01  ,-4.046221817592e-01  
  1.410419326085e-05  ,-3.940634396776e-01  ,-4.183987195431e-01  
  1.410435605604e-05  ,-4.092683637751e-01  ,-4.329559244998e-01  
  1.410468164641e-05  ,-4.396456992873e-01  ,-4.620412291877e-01  
  1.410532304827e-05  ,-4.993504440960e-01  ,-5.192131311472e-01  
  1.410660585198e-05  ,-6.181275387493e-01  ,-6.329675469114e-01  
  1.410917145941e-05  ,-8.524791285496e-01  ,-8.573886766229e-01  
  1.411373568508e-05  ,-1.254753865147e+00  ,-1.242060939783e+00  
  1.412191344235e-05  ,-1.905979162582e+00  ,-1.860003620718e+00  
  1.413695765469e-05  ,-2.751676443230e+00  ,-2.612894767143e+00  
  1.414696676466e-05  ,-2.986389485031e+00  ,-2.519997470236e+00  
  1.415592087242e-05  ,-2.948250060226e+00  ,-2.169422159889e+00  
  1.415889626179e-05  ,-2.883593475819e+00  ,-2.119309629569e+00  
  1.416308050785e-05  ,-2.750241640488e+00  ,-2.068497649498e+00  
  1.416699131760e-05  ,-2.582642531792e+00  ,-2.023126969569e+00  
  1.417481293711e-05  ,-2.133750118242e+00  ,-1.869652281089e+00  
  1.418897351060e-05  ,-1.018562380861e+00  ,-9.232484854577e-01  
  1.419093636606e-05  ,-8.427308668377e-01  ,-7.586185228335e-01  
  1.419486207697e-05  ,-4.821378501008e-01  ,-4.180856920790e-01  
  1.419584350470e-05  ,-3.906281290887e-01  ,-3.311604324631e-01  
  1.419747834835e-05  ,-2.374115621239e-01  ,-1.853436119870e-01  
  1.419820012334e-05  ,-1.695439971664e-01  ,-1.206528391465e-01  
  1.419856650564e-05  ,-1.350579971849e-01  ,-8.775937157404e-02  
  1.419891654323e-05  ,-1.020936780122e-01  ,-5.630461088209e-02  
  1.419950029622e-05  ,-4.709403693370e-02  ,-3.798083270811e-03  
  1.420008498054e-05  ,8.009217335511e-03  ,4.883663398350e-02  
  1.420064442601e-05  ,6.073157139231e-02  ,9.922159684977e-02  
  1.420092396248e-05  ,8.706918370187e-02  ,1.243998146410e-01  
  1.420099733905e-05  ,9.398161248923e-02  ,1.310088079207e-01  
  1.420112926090e-05  ,1.064080080364e-01  ,1.428905907066e-01  
  1.420126313852e-05  ,1.190167586653e-01  ,1.549478496804e-01  
  1.420153089376e-05  ,1.442277208845e-01  ,1.790593528611e-01  
  1.420204526322e-05  ,1.926289064072e-01  ,2.253610918724e-01  
  1.420265034349e-05  ,2.495004696112e-01  ,2.797829848855e-01  
  1.420328140767e-05  ,3.087179053447e-01  ,3.364665736839e-01  
  1.420366385528e-05  ,3.445482395963e-01  ,3.707707836683e-01  
  1.420390502127e-05  ,3.671170907024e-01  ,3.923807003994e-01  
  1.420398237925e-05  ,3.743520215208e-01  ,3.993085711585e-01  
  1.420411581449e-05  ,3.868263763447e-01  ,4.112538770770e-01  
  1.420427462827e-05  ,4.016643967039e-01  ,4.254631951364e-01  
  1.420459225583e-05  ,4.313100725545e-01  ,4.538545353226e-01  
  1.420497703176e-05  ,4.671652182728e-01  ,4.881953210971e-01  
  1.420574658360e-05  ,5.386654937107e-01  ,5.566823096450e-01  
  1.420728568729e-05  ,6.806799552262e-01  ,6.927207360779e-01  
  1.421036389466e-05  ,9.596073790325e-01  ,9.598117375361e-01  
  1.421597716208e-05  ,1.443374467749e+00  ,1.421827207393e+00  
  1.422603395577e-05  ,2.189095363571e+00  ,2.124089523009e+00  
  1.424202588196e-05  ,2.906355156408e+00  ,2.689163793824e+00  
  1.424998906251e-05  ,2.999999822897e+00  ,2.385755678856e+00  
  1.425897446271e-05  ,2.881551614877e+00  ,2.110058986360e+00  
  1.426414665576e-05  ,2.708567254881e+00  ,2.043936591959e+00  
  1.426906999942e-05  ,2.477527499387e+00  ,1.994328549707e+00  
  1.427891668673e-05  ,1.844919224375e+00  ,1.664949320554e+00  
  1.429234263297e-05  ,7.147491722281e-01  ,6.378987520713e-01  
  1.429406390335e-05  ,5.562267454615e-01  ,4.880221965368e-01  
  1.429449422095e-05  ,5.163238449463e-01  ,4.502188362989e-01  
  1.429535485614e-05  ,4.362422700062e-01  ,3.742593561864e-01  
  1.429644599367e-05  ,3.342616955203e-01  ,2.773558652832e-01  
  1.429755370874e-05  ,2.303306296570e-01  ,1.784257762167e-01  
  1.429807646010e-05  ,1.811790474713e-01  ,1.315868746396e-01  
  1.429825257320e-05  ,1.646083876269e-01  ,1.157889119566e-01  
  1.429846731290e-05  ,1.443965438703e-01  ,9.651500387790e-02  
  1.429873860716e-05  ,1.188523613420e-01  ,7.214937416111e-02  
  1.429928119570e-05  ,6.773995199683e-02  ,2.337339565162e-02  
  1.429980888307e-05  ,1.801223833953e-02  ,-2.410710859194e-02  
  1.430033610478e-05  ,-3.167654029018e-02  ,-7.157350108887e-02  
  1.430072986796e-05  ,-6.878240719955e-02  ,-1.070336220728e-01  
  1.430096730865e-05  ,-9.115266141302e-02  ,-1.284169809183e-01  
  1.430103026606e-05  ,-9.708333540065e-02  ,-1.340866480332e-01  
  1.430113321213e-05  ,-1.067801674667e-01  ,-1.433572860970e-01  
  1.430127195591e-05  ,-1.198471192580e-01  ,-1.558509974247e-01  
  1.430148720784e-05  ,-1.401150462300e-01  ,-1.752321473019e-01  
  1.430186402095e-05  ,-1.755794441466e-01  ,-2.091514625093e-01  
  1.430248418865e-05  ,-2.338916676479e-01  ,-2.649398947162e-01  
  1.430307986257e-05  ,-2.898175090867e-01  ,-3.184622439145e-01  
  1.430364461658e-05  ,-3.427469698735e-01  ,-3.691297128565e-01  
  1.430392084686e-05  ,-3.685973622444e-01  ,-3.938792714518e-01  
  1.430400962518e-05  ,-3.768996823133e-01  ,-4.018285175332e-01  
  1.430416734466e-05  ,-3.916419292275e-01  ,-4.159443606826e-01  
  1.430432662410e-05  ,-4.065202286084e-01  ,-4.301911347895e-01  
  1.430464518299e-05  ,-4.362459184134e-01  ,-4.586569054950e-01  
  1.430522567635e-05  ,-4.902990563882e-01  ,-5.104242653892e-01  
  1.430638666307e-05  ,-5.978982348321e-01  ,-6.134861143845e-01  
  1.430870863651e-05  ,-8.105686116045e-01  ,-8.171776180906e-01  
  1.431293162560e-05  ,-1.185526792434e+00  ,-1.175894144535e+00  
  1.432048502421e-05  ,-1.800131773507e+00  ,-1.760255111098e+00  
  1.433432522272e-05  ,-2.643549049260e+00  ,-2.528412136901e+00  
  1.434469345068e-05  ,-2.958408044002e+00  ,-2.619360407122e+00  
  1.435192647433e-05  ,-2.994507312562e+00  ,-2.286418364199e+00  
  1.435424844777e-05  ,-2.973318713467e+00  ,-2.217843423980e+00  
  1.435757922982e-05  ,-2.915357535110e+00  ,-2.150098628447e+00  
  1.436153548812e-05  ,-2.805148089573e+00  ,-2.096858021134e+00  
  1.436633440708e-05  ,-2.613591753108e+00  ,-2.036337650766e+00  
  1.437225091314e-05  ,-2.296394263072e+00  ,-1.942452296578e+00  
  1.438408392524e-05  ,-1.438324624803e+00  ,-1.310514825084e+00  
  1.439607339954e-05  ,-3.691355122872e-01  ,-3.104816476001e-01  
  1.439848291730e-05  ,-1.429275508107e-01  ,-9.510630304981e-02  
  1.439908529674e-05  ,-8.619688670283e-02  ,-4.098195237269e-02  
  1.439977065703e-05  ,-2.161487912335e-02  ,2.067382825791e-02  
  1.440048432951e-05  ,4.564521999423e-02  ,8.492843635039e-02  
  1.440089490307e-05  ,8.433151700605e-02  ,1.219032807035e-01  
  1.440116987606e-05  ,1.102334007380e-01  ,1.466657098150e-01  
  1.440123057501e-05  ,1.159500747500e-01  ,1.521315543818e-01  
  1.440135197291e-05  ,1.273821370932e-01  ,1.630627090945e-01  
  1.440152640963e-05  ,1.438055886581e-01  ,1.787681302886e-01  
  1.440168780783e-05  ,1.589976108206e-01  ,1.932975602642e-01  
  1.440201060423e-05  ,1.893690013495e-01  ,2.223487260781e-01  
  1.440252394924e-05  ,2.376274245555e-01  ,2.685206211958e-01  
  1.440304390663e-05  ,2.864444073212e-01  ,3.152393925700e-01  
  1.440354896286e-05  ,3.337893149375e-01  ,3.605595548292e-01  
  1.440381774256e-05  ,3.589517195480e-01  ,3.846494718804e-01  
  1.440400563689e-05  ,3.765267695849e-01  ,4.014767420467e-01  
  1.440408908339e-05  ,3.843279246250e-01  ,4.089462957225e-01  
  1.440422074912e-05  ,3.966315530961e-01  ,4.207273200020e-01  
  1.440447588494e-05  ,4.204534576965e-01  ,4.435386183839e-01  
  1.440477567767e-05  ,4.484103246413e-01  ,4.703113531251e-01  
  1.440537526315e-05  ,5.042022560545e-01  ,5.237451643569e-01  
  1.440657443409e-05  ,6.152297074497e-01  ,6.300911403002e-01  
  1.440897277599e-05  ,8.345090882110e-01  ,8.401049779485e-01  
  1.441356605893e-05  ,1.240214725382e+00  ,1.228155502211e+00  
  1.442156947260e-05  ,1.880833473706e+00  ,1.836336880860e+00  
  1.443633652335e-05  ,2.727833468957e+00  ,2.595264677644e+00  
  1.444666302805e-05  ,2.983529820544e+00  ,2.535406026342e+00  
  1.445500320797e-05  ,2.963017709647e+00  ,2.194724584453e+00  
  1.445766753560e-05  ,2.913383304036e+00  ,2.142973059675e+00  
  1.446153885727e-05  ,2.805035502080e+00  ,2.089943117933e+00  
  1.446559867864e-05  ,2.646932296210e+00  ,2.041706298614e+00  
  1.447215518957e-05  ,2.302189156265e+00  ,1.944609932094e+00  
  1.448526821142e-05  ,1.339400259089e+00  ,1.220646429871e+00  
  1.448685239112e-05  ,1.204198443159e+00  ,1.096366616510e+00  
  1.449002075052e-05  ,9.251908145748e-01  ,8.365798863316e-01  
  1.449635746931e-05  ,3.425516654784e-01  ,2.855250361709e-01  
  1.449723319193e-05  ,2.604372763498e-01  ,2.073515994824e-01  
  1.449862924447e-05  ,1.291507388449e-01  ,8.218342436221e-02  
  1.449895306533e-05  ,9.865347906644e-02  ,5.307946813444e-02  
  1.449932885399e-05  ,6.324933487066e-02  ,1.927977216361e-02  
  1.449981304859e-05  ,1.761965364079e-02  ,-2.430030333597e-02  
  1.450026026969e-05  ,-2.452956742904e-02  ,-6.457290866437e-02  
  1.450063531329e-05  ,-5.987289204661e-02  ,-9.835403685658e-02  
  1.450085268398e-05  ,-8.035396117818e-02  ,-1.179342621212e-01  
  1.450091603720e-05  ,-8.632255602644e-02  ,-1.236409162686e-01  
  1.450103429189e-05  ,-9.746256125521e-02  ,-1.342927159483e-01  
  1.450114551508e-05  ,-1.079389511582e-01  ,-1.443107849154e-01  
  1.450136796148e-05  ,-1.288876495000e-01  ,-1.643452865889e-01  
  1.450181285428e-05  ,-1.707651399725e-01  ,-2.044038582060e-01  
  1.450252475725e-05  ,-2.377033388692e-01  ,-2.684561493771e-01  
  1.450318040834e-05  ,-2.992479403270e-01  ,-3.273672913449e-01  
  1.450371200727e-05  ,-3.490560315206e-01  ,-3.750556258381e-01  
  1.450400565328e-05  ,-3.765283022104e-01  ,-4.013623886863e-01  
  1.450408922784e-05  ,-3.843414263588e-01  ,-4.088444588893e-01  
  1.450423309389e-05  ,-3.977847774518e-01  ,-4.217186069551e-01  
  1.450439924184e-05  ,-4.133000984861e-01  ,-4.365776083749e-01  
  1.450467356290e-05  ,-4.388920578532e-01  ,-4.610883047264e-01  
  1.450522220503e-05  ,-4.899762883067e-01  ,-5.100182791729e-01  
  1.450631948929e-05  ,-5.916929362493e-01  ,-6.074555054661e-01  
  1.450851405780e-05  ,-7.928970309842e-01  ,-8.001854025786e-01  
  1.451273853700e-05  ,-1.168788140998e+00  ,-1.159855237503e+00  
  1.452001551907e-05  ,-1.764538846267e+00  ,-1.726608546120e+00  
  1.453355471413e-05  ,-2.608445616881e+00  ,-2.499159024931e+00  
  1.454383651536e-05  ,-2.943935714327e+00  ,-2.648310901207e+00  
  1.455108145993e-05  ,-2.998268708916e+00  ,-2.316010516019e+00  
  1.455389628928e-05  ,-2.977553374213e+00  ,-2.225783550686e+00  
  1.455773333829e-05  ,-2.911897588830e+00  ,-2.150575880015e+00  
  1.456154356520e-05  ,-2.804878123858e+00  ,-2.097688996620e+00  
  1.456541712205e-05  ,-2.654942928257e+00  ,-2.048370743992e+00  
  1.457219268005e-05  ,-2.299922042705e+00  ,-1.945233198036e+00  
  1.458574379604e-05  ,-1.299144809277e+00  ,-1.183769456536e+00  
  1.459601218622e-05  ,-3.748602056287e-01  ,-3.157808802384e-01  
  1.459844368320e-05  ,-1.466209696801e-01  ,-9.849366905618e-02  
  1.459905155744e-05  ,-8.937537918721e-02  ,-4.390678852460e-02  
  1.459974511336e-05  ,-2.402224299964e-02  ,1.847298063311e-02  
  1.460046744715e-05  ,4.405427253773e-02  ,8.349915590697e-02  
  1.460087988335e-05  ,8.291649195105e-02  ,1.206376138858e-01  
  1.460125958357e-05  ,1.186819754148e-01  ,1.548267649234e-01  
  1.460133485771e-05  ,1.257705044593e-01  ,1.616039555805e-01  
  1.460143567338e-05  ,1.352631570646e-01  ,1.706802331905e-01  
  1.460157225184e-05  ,1.481209980258e-01  ,1.829750868988e-01  
  1.460169583834e-05  ,1.597534002534e-01  ,1.940991187133e-01  
  1.460194301135e-05  ,1.830108048115e-01  ,2.163427560992e-01  
  1.460243735738e-05  ,2.294911069199e-01  ,2.608069842832e-01  
  1.460293961964e-05  ,2.766589763110e-01  ,3.059411682270e-01  
  1.460342018209e-05  ,3.217246750400e-01  ,3.490737115510e-01  
  1.460372542306e-05  ,3.503118215396e-01  ,3.764390239475e-01  
  1.460400901079e-05  ,3.768422358172e-01  ,4.018382352883e-01  
  1.460407448277e-05  ,3.829631467005e-01  ,4.076985003196e-01  
  1.460420207396e-05  ,3.948868432908e-01  ,4.191147982729e-01  
  1.460435925793e-05  ,4.095673111026e-01  ,4.331711553712e-01  
  1.460455129664e-05  ,4.274895077223e-01  ,4.503322612908e-01  
  1.460487735267e-05  ,4.578830148945e-01  ,4.794369419043e-01  
  1.460552946474e-05  ,5.185227146228e-01  ,5.375109419836e-01  
  1.460683368887e-05  ,6.391238985058e-01  ,6.530214169201e-01  
  1.460944213714e-05  ,8.769071555071e-01  ,8.807358757586e-01  
  1.461447872962e-05  ,1.318016952010e+00  ,1.302408653282e+00  
  1.462315418567e-05  ,1.994812635527e+00  ,1.943331891575e+00  
  1.463928320255e-05  ,2.831571796553e+00  ,2.663776473713e+00  
  1.464828797426e-05  ,2.995661826782e+00  ,2.453327816053e+00  
  1.465838351097e-05  ,2.896549889912e+00  ,2.104060525927e+00  
  1.466321446742e-05  ,2.745173862220e+00  ,2.047319582914e+00  
  1.466804467883e-05  ,2.530724979639e+00  ,1.999661468252e+00  
  1.467469208683e-05  ,2.141741106092e+00  ,1.872801498866e+00  
  1.468798690285e-05  ,1.105521259392e+00  ,1.004312760503e+00  
  1.468984060730e-05  ,9.413264593642e-01  ,8.511928565190e-01  
  1.469354801621e-05  ,6.039298000228e-01  ,5.335246087951e-01  
  1.469670445468e-05  ,3.100432433241e-01  ,2.545193570718e-01  
  1.469888486709e-05  ,1.050773039140e-01  ,5.913398805459e-02  
  1.470009633150e-05  ,-9.079015724950e-03  ,-4.987802911632e-02  
  1.470061656829e-05  ,-5.810655817854e-02  ,-9.673100341079e-02  
  1.470095361393e-05  ,-8.986255143027e-02  ,-1.270887077634e-01  
  1.470106739826e-05  ,-1.005810633330e-01  ,-1.373368958757e-01  
  1.470117904055e-05  ,-1.110965460403e-01  ,-1.473917509659e-01  
  1.470135978698e-05  ,-1.281179283565e-01  ,-1.636691393404e-01  
  1.470172127984e-05  ,-1.621477515058e-01  ,-1.962173040203e-01  
  1.470223052702e-05  ,-2.100502166549e-01  ,-2.420462371684e-01  
  1.470276752762e-05  ,-2.605048363368e-01  ,-2.903305202617e-01  
  1.470331253759e-05  ,-3.116361073875e-01  ,-3.392747221434e-01  
  1.470365628875e-05  ,-3.438398200276e-01  ,-3.701064412692e-01  
  1.470387726832e-05  ,-3.645209564308e-01  ,-3.899084448692e-01  
  1.470395310126e-05  ,-3.716140457611e-01  ,-3.967003372367e-01  
  1.470407962143e-05  ,-3.834434872546e-01  ,-4.080278119315e-01  
  1.470423477977e-05  ,-3.979422643996e-01  ,-4.219119225233e-01  
  1.470454509645e-05  ,-4.269111089196e-01  ,-4.496543967142e-01  
  1.470495743952e-05  ,-4.653411312606e-01  ,-4.864605851332e-01  
  1.470578212566e-05  ,-5.419604771683e-01  ,-5.598502701446e-01  
  1.470743149794e-05  ,-6.940566922643e-01  ,-7.055443653960e-01  
  1.471073024250e-05  ,-9.922565597138e-01  ,-9.910637261048e-01  
  1.471646271921e-05  ,-1.483322935595e+00  ,-1.459855368131e+00  
  1.472704105354e-05  ,-2.252890088025e+00  ,-2.182857525073e+00  
  1.474149070955e-05  ,-2.893441083861e+00  ,-2.687622310818e+00  
  1.474942855812e-05  ,-2.999516581275e+00  ,-2.404121902863e+00  
  1.475811742521e-05  ,-2.902977450320e+00  ,-2.122441124047e+00  
  1.476268910147e-05  ,-2.764769393229e+00  ,-2.062016972936e+00  
  1.476726822830e-05  ,-2.569266026834e+00  ,-2.013078253992e+00  
  1.477347977735e-05  ,-2.220175558600e+00  ,-1.910912259388e+00  
  1.478590287543e-05  ,-1.285614498649e+00  ,-1.170968256403e+00  
  1.479564227439e-05  ,-4.094242454134e-01  ,-3.485844468040e-01  
  1.479704708136e-05  ,-2.779070118228e-01  ,-2.235105725995e-01  
  1.479894437171e-05  ,-9.947238631966e-02  ,-5.346193368543e-02  
  1.480055332459e-05  ,5.214698778548e-02  ,9.130169184810e-02  
  1.480116054691e-05  ,1.093547379791e-01  ,1.459733408332e-01  
  1.480133577525e-05  ,1.258569043930e-01  ,1.617487962091e-01  
  1.480150092203e-05  ,1.414061546891e-01  ,1.766151327529e-01  
  1.480168441586e-05  ,1.586783735835e-01  ,1.931307178673e-01  
  1.480205140352e-05  ,1.932064185245e-01  ,2.261521615387e-01  
  1.480255329325e-05  ,2.403842422984e-01  ,2.712832563306e-01  
  1.480308936253e-05  ,2.907086581153e-01  ,3.194377991557e-01  
  1.480360177621e-05  ,3.387354883305e-01  ,3.654047868241e-01  
  1.480385979913e-05  ,3.628866683571e-01  ,3.885237048426e-01  
  1.480395366480e-05  ,3.716667493478e-01  ,3.969290392225e-01  
  1.480411308394e-05  ,3.865711754595e-01  ,4.111979338267e-01  
  1.480426260778e-05  ,4.005416640073e-01  ,4.245733722675e-01  
  1.480456165546e-05  ,4.284558182018e-01  ,4.513003413636e-01  
  1.480515975082e-05  ,4.841682160910e-01  ,5.046493268260e-01  
  1.480635594153e-05  ,5.950606064686e-01  ,6.108527113589e-01  
  1.480872410858e-05  ,8.119724883913e-01  ,8.185882813130e-01  
  1.481279883111e-05  ,1.174019621700e+00  ,1.164943613755e+00  
  1.482038501227e-05  ,1.792582488624e+00  ,1.753154851042e+00  
  1.483395400965e-05  ,2.626829141280e+00  ,2.514551894575e+00  
  1.484429243529e-05  ,2.951901805000e+00  ,2.633525823080e+00  
  1.485151577318e-05  ,2.996599229141e+00  ,2.300167730420e+00  
  1.485400612974e-05  ,2.976271641925e+00  ,2.223447369397e+00  
  1.485758017325e-05  ,2.915336561625e+00  ,2.149324144430e+00  
  1.486142392778e-05  ,2.808858362345e+00  ,2.094049567670e+00  
  1.486598964357e-05  ,2.629390126373e+00  ,2.040184170525e+00  
  1.487355347300e-05  ,2.215498366941e+00  ,1.911009367256e+00  
  1.488868113184e-05  ,1.044438227707e+00  ,9.475705356262e-01  
  1.489050335759e-05  ,8.818185145536e-01  ,7.954576980469e-01  
  1.489414780909e-05  ,5.484540045323e-01  ,4.810037501367e-01  
  1.489505892196e-05  ,4.638176999299e-01  ,4.007421708587e-01  
  1.489688114771e-05  ,2.934747972678e-01  ,2.387968450460e-01  
  1.489825410345e-05  ,1.644643814609e-01  ,1.158576083231e-01  
  1.489896954545e-05  ,9.710109072073e-02  ,5.158448922572e-02  
  1.489927553149e-05  ,6.827365410037e-02  ,2.406439363557e-02  
  1.489965215833e-05  ,3.278265212391e-02  ,-9.828402191181e-03  
  1.490014520051e-05  ,-1.368477781432e-02  ,-5.422087898735e-02  
  1.490067381920e-05  ,-6.350122052439e-02  ,-1.018330076806e-01  
  1.490090734833e-05  ,-8.550398546911e-02  ,-1.228683485856e-01  
  1.490097335582e-05  ,-9.172232902682e-02  ,-1.288139281826e-01  
  1.490109577817e-05  ,-1.032542631171e-01  ,-1.398407571616e-01  
  1.490122830538e-05  ,-1.157363264049e-01  ,-1.517771523831e-01  
  1.490149335978e-05  ,-1.406942179815e-01  ,-1.756471531118e-01  
  1.490198696075e-05  ,-1.871450471066e-01  ,-2.200837754952e-01  
  1.490258440418e-05  ,-2.433068344424e-01  ,-2.738268516331e-01  
  1.490320187104e-05  ,-3.012605955164e-01  ,-3.293010766191e-01  
  1.490367516918e-05  ,-3.456074712346e-01  ,-3.717599953076e-01  
  1.490394185340e-05  ,-3.705621010307e-01  ,-3.956552840276e-01  
  1.490402181908e-05  ,-3.780397968225e-01  ,-4.028159255399e-01  
  1.490416573170e-05  ,-3.914912120116e-01  ,-4.156974213753e-01  
  1.490432445235e-05  ,-4.063174328501e-01  ,-4.298960678974e-01  
  1.490464189365e-05  ,-4.359391984824e-01  ,-4.582656884576e-01  
  1.490515644937e-05  ,-4.838611385673e-01  ,-5.041659151370e-01  
  1.490618556082e-05  ,-5.793132168594e-01  ,-5.956006725445e-01  
  1.490824378371e-05  ,-7.683018011378e-01  ,-7.766327327679e-01  
  1.491229242921e-05  ,-1.129952080291e+00  ,-1.122739747159e+00  
  1.491916558981e-05  ,-1.699135067788e+00  ,-1.664735572283e+00  
  1.493204615354e-05  ,-2.535311889320e+00  ,-2.436522231238e+00  
  1.494225344896e-05  ,-2.911597766395e+00  ,-2.678967899680e+00  
  1.494963399410e-05  ,-2.999801681881e+00  ,-2.375393143660e+00  
  1.495450294852e-05  ,-2.970031805173e+00  ,-2.206216888210e+00  
  1.495788588464e-05  ,-2.908405494020e+00  ,-2.139854518702e+00  
  1.496208056151e-05  ,-2.786525451635e+00  ,-2.088419895451e+00  
  1.496659561336e-05  ,-2.601418044154e+00  ,-2.032905298548e+00  
  1.497221186101e-05  ,-2.298760903316e+00  ,-1.943108774467e+00  
  1.498344435632e-05  ,-1.490929090450e+00  ,-1.357890984916e+00  
  1.499496891439e-05  ,-4.721968508931e-01  ,-4.084529824770e-01  
  1.499647542178e-05  ,-3.315052882270e-01  ,-2.747765612784e-01  
  1.499868414640e-05  ,-1.239809612959e-01  ,-7.704898597413e-02  
  1.499965700596e-05  ,-3.232580093099e-02  ,1.043222656181e-02  
  1.500017016470e-05  ,1.603756880977e-02  ,5.662669053024e-02  
  1.500075866744e-05  ,7.149595167736e-02  ,1.096231158039e-01  
  1.500106646955e-05  ,1.004935831840e-01  ,1.373430503774e-01  
  1.500115216286e-05  ,1.085650816859e-01  ,1.450599962616e-01  
  1.500125715784e-05  ,1.184535350547e-01  ,1.545147227190e-01  
  1.500142765972e-05  ,1.345086513774e-01  ,1.698670915868e-01  
  1.500163387782e-05  ,1.539217455657e-01  ,1.884327878293e-01  
  1.500203388087e-05  ,1.915583470767e-01  ,2.244334127842e-01  
  1.500255141683e-05  ,2.402079612859e-01  ,2.709807392009e-01  
  1.500309307403e-05  ,2.910568111861e-01  ,3.196454196021e-01  
  1.500361684985e-05  ,3.401470225119e-01  ,3.666377897961e-01  
  1.500387589722e-05  ,3.643926910774e-01  ,3.898507636825e-01  
  1.500396708535e-05  ,3.729218284662e-01  ,3.980170986917e-01  
  1.500412294218e-05  ,3.874925278513e-01  ,4.119685522295e-01  
  1.500427612146e-05  ,4.018038589890e-01  ,4.256722902455e-01  
  1.500458248002e-05  ,4.303982752730e-01  ,4.530544502150e-01  
  1.500515030739e-05  ,4.832898404626e-01  ,5.037087747397e-01  
  1.500628596214e-05  ,5.885948184063e-01  ,6.045721940506e-01  
  1.500855727164e-05  ,7.968242810729e-01  ,8.040140647496e-01  
  1.501261336771e-05  ,1.157914329289e+00  ,1.149508885584e+00  
  1.501992685763e-05  ,1.757774142849e+00  ,1.720243058083e+00  
  1.503325743643e-05  ,2.594492272201e+00  ,2.487367997903e+00  
  1.504351688591e-05  ,2.937990746344e+00  ,2.656935058089e+00  
  1.505077598659e-05  ,2.999108589126e+00  ,2.327412347868e+00  
  1.505389889745e-05  ,2.977523350289e+00  ,2.225047532017e+00  
  1.505764653949e-05  ,2.913854741413e+00  ,2.151800834487e+00  
  1.506156554488e-05  ,2.804142567925e+00  ,2.097329688213e+00  
  1.506531616715e-05  ,2.659359905816e+00  ,2.049628912871e+00  
  1.507228096990e-05  ,2.294570406623e+00  ,1.943418981599e+00  
  1.508621057538e-05  ,1.259352620501e+00  ,1.147177294699e+00  
  1.509670993356e-05  ,3.095296317125e-01  ,2.535585685642e-01  
  1.509799944279e-05  ,1.884239704146e-01  ,1.382352185825e-01  
  1.509932676373e-05  ,6.344629334531e-02  ,1.904114014171e-02  
  1.509966231925e-05  ,3.182506391895e-02  ,-1.113980257969e-02  
  1.510012094905e-05  ,-1.139915219178e-02  ,-5.241173684256e-02  
  1.510072602933e-05  ,-6.842071923593e-02  ,-1.068841227723e-01  
  1.510101776613e-05  ,-9.590585412560e-02  ,-1.331502688174e-01  
  1.510109845359e-05  ,-1.035062648438e-01  ,-1.404146407433e-01  
  1.510121176062e-05  ,-1.141781648229e-01  ,-1.506154499633e-01  
  1.510136435782e-05  ,-1.285483253550e-01  ,-1.643526140619e-01  
  1.510161623401e-05  ,-1.522610219681e-01  ,-1.870240404041e-01  
  1.510198019487e-05  ,-1.865086163924e-01  ,-2.197745435613e-01  
  1.510252008257e-05  ,-2.372641432221e-01  ,-2.683249313435e-01  
  1.510306779338e-05  ,-2.886853137881e-01  ,-3.175266509656e-01  
  1.510359212799e-05  ,-3.378319643523e-01  ,-3.645636776431e-01  
  1.510385913817e-05  ,-3.628248317194e-01  ,-3.884875695193e-01  
  1.510395696196e-05  ,-3.719751034961e-01  ,-3.972470510197e-01  
  1.510410385482e-05  ,-3.857085860401e-01  ,-4.103945534528e-01  
  1.510425880361e-05  ,-4.001863362429e-01  ,-4.242552420299e-01  
  1.510456870120e-05  ,-4.291130453461e-01  ,-4.519509750543e-01  
  1.510518849637e-05  ,-4.868417071347e-01  ,-5.072295318522e-01  
  1.510642808672e-05  ,-6.017234927492e-01  ,-6.172523372758e-01  
  1.510873851176e-05  ,-8.132792067090e-01  ,-8.198536369317e-01  
  1.511298161741e-05  ,-1.189853446612e+00  ,-1.180081399551e+00  
  1.512053352590e-05  ,-1.803786473533e+00  ,-1.763733405324e+00  
  1.513449740406e-05  ,-2.651182396892e+00  ,-2.534709903776e+00  
  1.514488053318e-05  ,-2.961282785593e+00  ,-2.612371020051e+00  
  1.515216645594e-05  ,-2.993054187240e+00  ,-2.278549444124e+00  
  1.515438300367e-05  ,-2.971604575119e+00  ,-2.214732127197e+00  
  1.515766349431e-05  ,-2.913474143855e+00  ,-2.148968719812e+00  
  1.516160336133e-05  ,-2.802873901305e+00  ,-2.096054903172e+00  
  1.516640824075e-05  ,-2.610168488613e+00  ,-2.035405758188e+00  
  1.517244172092e-05  ,-2.284781277544e+00  ,-1.938240337607e+00  
  1.518450868126e-05  ,-1.403066303149e+00  ,-1.278524227770e+00  
  1.519668889042e-05  ,-3.115022486018e-01  ,-2.556206130886e-01  
  1.519805905219e-05  ,-1.828166823386e-01  ,-1.330620361813e-01  
  1.519953482594e-05  ,-4.384006182487e-02  ,-4.714549311877e-04  
  1.519989128966e-05  ,-1.024568870869e-02  ,3.160639646020e-02  
  1.520042763833e-05  ,4.030275028600e-02  ,7.989323986460e-02  
  1.520073199454e-05  ,6.898277998999e-02  ,1.072996507181e-01  
  1.520098093707e-05  ,9.243650790692e-02  ,1.297167079222e-01  
  1.520104508191e-05  ,9.847895463809e-02  ,1.354927525897e-01  
  1.520114358091e-05  ,1.077567776933e-01  ,1.443620634239e-01  
  1.520129911178e-05  ,1.224044132597e-01  ,1.583660356167e-01  
  1.520148900846e-05  ,1.402845651614e-01  ,1.754625451770e-01  
  1.520186880180e-05  ,1.760292544189e-01  ,2.096471226613e-01  
  1.520247723484e-05  ,2.332382754860e-01  ,2.643757528492e-01  
  1.520306778648e-05  ,2.886846672670e-01  ,3.174351631061e-01  
  1.520362630063e-05  ,3.410319788948e-01  ,3.675416983694e-01  
  1.520390718752e-05  ,3.673197202503e-01  ,3.927082487140e-01  
  1.520399753745e-05  ,3.757694400509e-01  ,4.007980927677e-01  
  1.520416079830e-05  ,3.910302211660e-01  ,4.154095082102e-01  
  1.520431549098e-05  ,4.054806096666e-01  ,4.292456766335e-01  
  1.520462487634e-05  ,4.343523159962e-01  ,4.568919628101e-01  
  1.520523088794e-05  ,4.907836262108e-01  ,5.109338365275e-01  
  1.520644291114e-05  ,6.030922035035e-01  ,6.185010023812e-01  
  1.520886695753e-05  ,8.249249612006e-01  ,8.309564620734e-01  
  1.521314657103e-05  ,1.204108852998e+00  ,1.193666612767e+00  
  1.522091007601e-05  ,1.832017161136e+00  ,1.790349936441e+00  
  1.523504084717e-05  ,2.674765123486e+00  ,2.553819650110e+00  
  1.524536288153e-05  ,2.968222539735e+00  ,2.592305220794e+00  
  1.525289243828e-05  ,2.987622858650e+00  ,2.254839285730e+00  
  1.525471876185e-05  ,2.967095777989e+00  ,2.206478273512e+00  
  1.525837140899e-05  ,2.896846621924e+00  ,2.141027752963e+00  
  1.526201623302e-05  ,2.788765891760e+00  ,2.090244913337e+00  
  1.526591884713e-05  ,2.632596174442e+00  ,2.041907133344e+00  
  1.527372407537e-05  ,2.204625337961e+00  ,1.907927000085e+00  
  1.528933453183e-05  ,9.864932666488e-01  ,8.933885421908e-01  
  1.529124933105e-05  ,8.143820297532e-01  ,7.320094046877e-01  
  1.529507892947e-05  ,4.619546178583e-01  ,3.989032073714e-01  
  1.529603632908e-05  ,3.726025202237e-01  ,3.140210468884e-01  
  1.529763727259e-05  ,2.224773844473e-01  ,1.711141777273e-01  
  1.529833334308e-05  ,1.570069516260e-01  ,1.086962745480e-01  
  1.529855816435e-05  ,1.358433442424e-01  ,8.850843195820e-02  
  1.529877933018e-05  ,1.150172249423e-01  ,6.863751464490e-02  
  1.529922166183e-05  ,7.334933419748e-02  ,2.886686470995e-02  
  1.529975354015e-05  ,2.322806110622e-02  ,-1.899544441214e-02  
  1.530024136692e-05  ,-2.274807820126e-02  ,-6.291972947868e-02  
  1.530066102087e-05  ,-6.229527168180e-02  ,-1.007163341911e-01  
  1.530089664548e-05  ,-8.449567039169e-02  ,-1.219393857943e-01  
  1.530099613402e-05  ,-9.386809598452e-02  ,-1.309003005791e-01  
  1.530112197898e-05  ,-1.057221324963e-01  ,-1.422347768481e-01  
  1.530125497184e-05  ,-1.182476697599e-01  ,-1.542123971045e-01  
  1.530152095757e-05  ,-1.432923331199e-01  ,-1.781647180177e-01  
  1.530201297529e-05  ,-1.895920217668e-01  ,-2.224555550996e-01  
  1.530260641403e-05  ,-2.453743224600e-01  ,-2.758340315644e-01  
  1.530326765306e-05  ,-3.074284172773e-01  ,-3.352319284940e-01  
  1.530373322121e-05  ,-3.510417414463e-01  ,-3.769880301477e-01  
  1.530399916038e-05  ,-3.759211917977e-01  ,-4.008110057892e-01  
  1.530407346828e-05  ,-3.828683153482e-01  ,-4.074634724309e-01  
  1.530420785812e-05  ,-3.954272382153e-01  ,-4.194900822695e-01  
  1.530435961714e-05  ,-4.096008489445e-01  ,-4.330634757206e-01  
  1.530462089968e-05  ,-4.339814708435e-01  ,-4.564128619481e-01  
  1.530506257942e-05  ,-4.751278415846e-01  ,-4.958218879195e-01  
  1.530594593888e-05  ,-5.571382436290e-01  ,-5.743774280219e-01  
  1.530771265780e-05  ,-7.198090664310e-01  ,-7.302012917916e-01  
  1.531124609565e-05  ,-1.038005931220e+00  ,-1.034825348909e+00  
  1.531745764469e-05  ,-1.564090658661e+00  ,-1.536643152164e+00  
  1.532876166558e-05  ,-2.356631300078e+00  ,-2.277498864151e+00  
  1.534137996887e-05  ,-2.890666581066e+00  ,-2.685208329227e+00  
  1.534913304304e-05  ,-2.998887348318e+00  ,-2.409034581408e+00  
  1.535747173285e-05  ,-2.917730536491e+00  ,-2.133538894219e+00  
  1.536178263878e-05  ,-2.796805696808e+00  ,-2.074283868972e+00  
  1.536642733072e-05  ,-2.609281105161e+00  ,-2.024438227301e+00  
  1.537212031936e-05  ,-2.304294950715e+00  ,-1.943017146549e+00  
  1.538350629663e-05  ,-1.485860492810e+00  ,-1.353370522775e+00  
  1.539528715467e-05  ,-4.425541704065e-01  ,-3.802798534822e-01  
  1.539680353408e-05  ,-3.007537449292e-01  ,-2.454668341956e-01  
  1.539904988413e-05  ,-8.953301455588e-02  ,-4.413919959966e-02  
  1.540006092792e-05  ,5.742317673771e-03  ,4.682789035000e-02  
  1.540061841761e-05  ,5.828082037055e-02  ,9.702660943417e-02  
  1.540095234332e-05  ,8.974285354743e-02  ,1.270982591515e-01  
  1.540106497515e-05  ,1.003528182161e-01  ,1.372410141237e-01  
  1.540118061049e-05  ,1.112444068752e-01  ,1.476538494176e-01  
  1.540135148489e-05  ,1.273361844161e-01  ,1.630398438690e-01  
  1.540169323371e-05  ,1.595082674404e-01  ,1.938062282957e-01  
  1.540215945379e-05  ,2.033676437844e-01  ,2.357599299081e-01  
  1.540272774683e-05  ,2.567695445706e-01  ,2.868565695222e-01  
  1.540327620269e-05  ,3.082299481533e-01  ,3.361089077926e-01  
  1.540368230590e-05  ,3.462756047297e-01  ,3.725294625324e-01  
  1.540391448462e-05  ,3.680022713673e-01  ,3.933305136141e-01  
  1.540398958414e-05  ,3.750257500699e-01  ,4.000551149894e-01  
  1.540412010900e-05  ,3.872277425039e-01  ,4.117382440653e-01  
  1.540426653619e-05  ,4.009085902251e-01  ,4.248378887455e-01  
  1.540455939058e-05  ,4.282445450962e-01  ,4.510141403179e-01  
  1.540492903251e-05  ,4.626960525743e-01  ,4.840067237280e-01  
  1.540566831637e-05  ,5.314072436563e-01  ,5.498150884071e-01  
  1.540714688409e-05  ,6.679328114900e-01  ,6.805841677432e-01  
  1.541010401953e-05  ,9.363698031596e-01  ,9.376273590139e-01  
  1.541551239598e-05  ,1.404821834172e+00  ,1.385142639025e+00  
  1.542517281878e-05  ,2.132806226474e+00  ,2.071984058669e+00  
  1.544285453666e-05  ,2.924729069227e+00  ,2.671727955000e+00  
  1.545071042884e-05  ,2.999252839093e+00  ,2.341340200218e+00  
  1.545732207406e-05  ,2.920978843063e+00  ,2.145981570420e+00  
  1.546179391253e-05  ,2.796421134552e+00  ,2.080344733282e+00  
  1.546641103733e-05  ,2.610038550515e+00  ,2.032540695488e+00  
  1.547295115698e-05  ,2.253374806059e+00  ,1.926084568980e+00  
  1.548603139627e-05  ,1.274659844236e+00  ,1.161048645806e+00  
  1.549597792137e-05  ,3.780640636768e-01  ,3.187809190290e-01  
  1.549738198328e-05  ,2.464641695203e-01  ,1.935639158910e-01  
  1.549877896715e-05  ,1.150514145074e-01  ,6.831517527672e-02  
  1.549914944727e-05  ,8.015316750755e-02  ,3.502368486400e-02  
  1.549957571361e-05  ,3.998686621194e-02  ,-3.310154751180e-03  
  1.550013106126e-05  ,-1.235219781408e-02  ,-5.328576843891e-02  
  1.550064580325e-05  ,-6.086134653247e-02  ,-9.962698621904e-02  
  1.550091993805e-05  ,-8.669004909288e-02  ,-1.243094726696e-01  
  1.550098971739e-05  ,-9.326363740897e-02  ,-1.305921866640e-01  
  1.550112229116e-05  ,-1.057515364241e-01  ,-1.425284346365e-01  
  1.550124741435e-05  ,-1.175359426922e-01  ,-1.537933494845e-01  
  1.550149766072e-05  ,-1.410991247965e-01  ,-1.763208537822e-01  
  1.550196262352e-05  ,-1.848557302383e-01  ,-2.181644067530e-01  
  1.550254004351e-05  ,-2.391394782229e-01  ,-2.700916183265e-01  
  1.550313273720e-05  ,-2.947771149170e-01  ,-3.233306959341e-01  
  1.550369534917e-05  ,-3.474966580450e-01  ,-3.737905538439e-01  
  1.550395160257e-05  ,-3.714738855332e-01  ,-3.967437245056e-01  
  1.550403573593e-05  ,-3.793409369199e-01  ,-4.042752205085e-01  
  1.550418083598e-05  ,-3.929025398181e-01  ,-4.172588642487e-01  
  1.550434686752e-05  ,-4.084104454402e-01  ,-4.321065808639e-01  
  1.550467893058e-05  ,-4.393925002527e-01  ,-4.617717900811e-01  
  1.550527292812e-05  ,-4.946920106726e-01  ,-5.147266348837e-01  
  1.550646092319e-05  ,-6.047550467878e-01  ,-6.201368749717e-01  
  1.550883691335e-05  ,-8.222021504389e-01  ,-8.283821712313e-01  
  1.551321561956e-05  ,-1.210066496543e+00  ,-1.199378672464e+00  
  1.552094783211e-05  ,-1.834833731800e+00  ,-1.793014126840e+00  
  1.553519334221e-05  ,-2.681242861389e+00  ,-2.559024152567e+00  
  1.554552878761e-05  ,-2.970452047255e+00  ,-2.585508923227e+00  
  1.555312837982e-05  ,-2.985522940738e+00  ,-2.247753384580e+00  
  1.555503684604e-05  ,-2.962519793424e+00  ,-2.198918587665e+00  
  1.555885377848e-05  ,-2.884695438821e+00  ,-2.133632127361e+00  
  1.556253809059e-05  ,-2.770262797786e+00  ,-2.083654283068e+00  
  1.556635725820e-05  ,-2.612533773198e+00  ,-2.036157449555e+00  
  1.557399559343e-05  ,-2.187190160271e+00  ,-1.899463756862e+00  
  1.558927226388e-05  ,-9.920336303718e-01  ,-8.999119862536e-01  
  1.559114981019e-05  ,-8.234054447843e-01  ,-7.414944798308e-01  
  1.559490490282e-05  ,-4.781536403226e-01  ,-4.148776602130e-01  
  1.559584367597e-05  ,-3.906121246660e-01  ,-3.316425286890e-01  
  1.559740196490e-05  ,-2.445872639337e-01  ,-1.925911610007e-01  
  1.559817282060e-05  ,-1.721130450381e-01  ,-1.234759821874e-01  
  1.559854581529e-05  ,-1.370060114799e-01  ,-8.997372071398e-02  
  1.559894479388e-05  ,-9.943261974151e-02  ,-5.410302124216e-02  
  1.559957278469e-05  ,-4.026288538371e-02  ,2.413302605081e-03  
  1.560020235875e-05  ,1.907173464170e-02  ,5.911809439192e-02  
  1.560082578608e-05  ,7.781977497402e-02  ,1.152896035673e-01  
  1.560101384339e-05  ,9.553633371052e-02  ,1.322340069680e-01  
  1.560108251679e-05  ,1.020051389407e-01  ,1.384214078216e-01  
  1.560119185406e-05  ,1.123033533783e-01  ,1.482722001208e-01  
  1.560135315913e-05  ,1.274938353046e-01  ,1.628039523711e-01  
  1.560160117033e-05  ,1.508431165940e-01  ,1.851434914905e-01  
  1.560204378139e-05  ,1.924895354589e-01  ,2.249967654262e-01  
  1.560259456556e-05  ,2.442613548174e-01  ,2.745522772278e-01  
  1.560322376709e-05  ,3.033137462344e-01  ,3.310914437035e-01  
  1.560373217608e-05  ,3.509439167332e-01  ,3.767042818763e-01  
  1.560400696281e-05  ,3.766507464832e-01  ,4.013253199126e-01  
  1.560408442556e-05  ,3.838925482324e-01  ,4.082615772472e-01  
  1.560422135327e-05  ,3.966879928881e-01  ,4.205174981151e-01  
  1.560437395047e-05  ,4.109390418148e-01  ,4.341681282919e-01  
  1.560464282330e-05  ,4.360258853949e-01  ,4.581991506137e-01  
  1.560512403767e-05  ,4.808461512545e-01  ,5.011361057181e-01  
  1.560608646642e-05  ,5.701467820914e-01  ,5.866916543262e-01  
  1.560801132392e-05  ,7.471033386079e-01  ,7.562238973722e-01  
  1.561186103891e-05  ,1.092186100465e+00  ,1.086560136876e+00  
  1.561845852803e-05  ,1.643800186030e+00  ,1.612249793455e+00  
  1.563067151975e-05  ,2.463708638515e+00  ,2.373564054991e+00  
  1.564178927611e-05  ,2.900746801211e+00  ,2.683008469212e+00  
  1.564931436251e-05  ,2.999304073588e+00  ,2.393799047367e+00  
  1.565579860281e-05  ,2.950359473721e+00  ,2.172953525142e+00  
  1.565920202802e-05  ,2.875510883532e+00  ,2.115997037167e+00  
  1.566392495107e-05  ,2.717485229997e+00  ,2.064679465393e+00  
  1.566846607994e-05  ,2.509175825885e+00  ,2.006984790787e+00  
  1.567698656391e-05  ,1.984885301100e+00  ,1.772989388945e+00  
  1.568825482200e-05  ,1.082008616905e+00  ,9.824689830862e-01  
  1.569062149893e-05  ,8.711697861457e-01  ,7.854480623186e-01  
  1.569535485278e-05  ,4.362425826358e-01  ,3.745065844334e-01  
  1.569653819125e-05  ,3.256249940598e-01  ,2.693454935778e-01  
  1.569808716695e-05  ,1.801717816842e-01  ,1.307923664373e-01  
  1.569878556575e-05  ,1.144299655130e-01  ,6.808162831038e-02  
  1.569907045733e-05  ,8.759488173654e-02  ,4.247000105910e-02  
  1.569941406879e-05  ,5.521959680919e-02  ,1.156083556301e-02  
  1.569987754147e-05  ,1.154141595629e-02  ,-3.015541806777e-02  
  1.570030036192e-05  ,-2.830802395350e-02  ,-6.822979207391e-02  
  1.570064946819e-05  ,-6.120668755458e-02  ,-9.967302214428e-02  
  1.570085638478e-05  ,-8.070262735329e-02  ,-1.183104585834e-01  
  1.570091640852e-05  ,-8.635753745835e-02  ,-1.237168863901e-01  
  1.570102677025e-05  ,-9.675403482386e-02  ,-1.336571631981e-01  
  1.570114191664e-05  ,-1.076000246877e-01  ,-1.440280345035e-01  
  1.570137220943e-05  ,-1.292876384111e-01  ,-1.647680663537e-01  
  1.570182124661e-05  ,-1.715548104490e-01  ,-2.051973967018e-01  
  1.570247140290e-05  ,-2.326902876728e-01  ,-2.636935715695e-01  
  1.570311615752e-05  ,-2.932220382235e-01  ,-3.216310801325e-01  
  1.570370987566e-05  ,-3.488564956286e-01  ,-3.748947847643e-01  
  1.570398633876e-05  ,-3.747222776311e-01  ,-3.996621570659e-01  
  1.570406980855e-05  ,-3.825262123404e-01  ,-4.071351057311e-01  
  1.570421916941e-05  ,-3.964839754667e-01  ,-4.205013343453e-01  
  1.570438606241e-05  ,-4.120697756279e-01  ,-4.354272488573e-01  
  1.570468557575e-05  ,-4.400120295021e-01  ,-4.621880127199e-01  
  1.570528460243e-05  ,-4.957771936205e-01  ,-5.156001332793e-01  
  1.570648265579e-05  ,-6.067611063739e-01  ,-6.219124493497e-01  
  1.570887876251e-05  ,-8.259946086055e-01  ,-8.318992704603e-01  
  1.571328801611e-05  ,-1.216306897794e+00  ,-1.205263158680e+00  
  1.572109026411e-05  ,-1.845435759526e+00  ,-1.802966602033e+00  
  1.573544306257e-05  ,-2.691717605536e+00  ,-2.567319532666e+00  
  1.574578446844e-05  ,-2.973729953334e+00  ,-2.574482168047e+00  
  1.575353009203e-05  ,-2.981570315667e+00  ,-2.235749165914e+00  
  1.575565686026e-05  ,-2.952750351145e+00  ,-2.184599103387e+00  
  1.575820384124e-05  ,-2.900912207960e+00  ,-2.140133297435e+00  
  1.576105629602e-05  ,-2.820840626132e+00  ,-2.100845030296e+00  
  1.576594313183e-05  ,-2.631497897614e+00  ,-2.039876920761e+00  
  1.577308674851e-05  ,-2.244918069182e+00  ,-1.923304544963e+00  
  1.578737398186e-05  ,-1.159014123609e+00  ,-1.054262139358e+00  
  1.579822351733e-05  ,-1.673426442710e-01  ,-1.178517986546e-01  
  1.580414970914e-05  ,3.899939843948e-01  ,4.150320433368e-01  
  1.580647689798e-05  ,6.062296508474e-01  ,6.220492070746e-01  
  1.580717920834e-05  ,6.709024878252e-01  ,6.839580439487e-01  
  1.580839439803e-05  ,7.820148114180e-01  ,7.903185548580e-01  
  1.581082477742e-05  ,1.000660418602e+00  ,9.995269124536e-01  
  1.581568553621e-05  ,1.419219366201e+00  ,1.399102146609e+00  
  1.582540705377e-05  ,2.148273538115e+00  ,2.086454592747e+00  
  1.584106817418e-05  ,2.882667040100e+00  ,2.687760019934e+00  
  1.584925934249e-05  ,2.999187906061e+00  ,2.417851190070e+00  
  1.585846676999e-05  ,2.894497090370e+00  ,2.112991810461e+00  
  1.586350783283e-05  ,2.733905956371e+00  ,2.048638924526e+00  
  1.586814879948e-05  ,2.525441681860e+00  ,1.999789334990e+00  
  1.587552859956e-05  ,2.085801877378e+00  ,1.841183197153e+00  
  1.589028819972e-05  ,9.011805663029e-01  ,8.132798434988e-01  
  1.589248351330e-05  ,7.018469002470e-01  ,6.257864127713e-01  
  1.589687414044e-05  ,2.941320422766e-01  ,2.392334152245e-01  
  1.589741738090e-05  ,2.431391487196e-01  ,1.906861167344e-01  
  1.589827866802e-05  ,1.621526586743e-01  ,1.135020237428e-01  
  1.589844586370e-05  ,1.464157071174e-01  ,9.849419635706e-02  
  1.589860167397e-05  ,1.317467395628e-01  ,8.450222528062e-02  
  1.589891329450e-05  ,1.023996859544e-01  ,5.650241226626e-02  
  1.589950226290e-05  ,4.690870503556e-02  ,3.533774023635e-03  
  1.590011069594e-05  ,-1.043282513064e-02  ,-5.123288044195e-02  
  1.590068467004e-05  ,-6.452365520202e-02  ,-1.029213911335e-01  
  1.590093910737e-05  ,-8.849594459887e-02  ,-1.258365453351e-01  
  1.590104523157e-05  ,-9.849305249201e-02  ,-1.353940823440e-01  
  1.590114211240e-05  ,-1.076184631366e-01  ,-1.441188896219e-01  
  1.590131566437e-05  ,-1.239631416860e-01  ,-1.597475250749e-01  
  1.590166276829e-05  ,-1.566409576826e-01  ,-1.909992589777e-01  
  1.590205629864e-05  ,-1.936668131025e-01  ,-2.264175151305e-01  
  1.590258845636e-05  ,-2.436874837724e-01  ,-2.742790481179e-01  
  1.590320527130e-05  ,-3.015794407095e-01  ,-3.296878341109e-01  
  1.590377039784e-05  ,-3.545212456002e-01  ,-3.803713132240e-01  
  1.590396492784e-05  ,-3.727200649990e-01  ,-3.977961945786e-01  
  1.590404684931e-05  ,-3.803799179016e-01  ,-4.051306229229e-01  
  1.590417360231e-05  ,-3.922266440294e-01  ,-4.164744063986e-01  
  1.590434810888e-05  ,-4.085263513185e-01  ,-4.320827997926e-01  
  1.590466201115e-05  ,-4.378150159192e-01  ,-4.601310540850e-01  
  1.590523291189e-05  ,-4.909718081468e-01  ,-5.110414701083e-01  
  1.590637471336e-05  ,-5.967945531618e-01  ,-6.124038901727e-01  
  1.590865831632e-05  ,-8.060014233960e-01  ,-8.127833434403e-01  
  1.591292675394e-05  ,-1.185105007506e+00  ,-1.175476786655e+00  
  1.592040266651e-05  ,-1.793916387017e+00  ,-1.754376720087e+00  
  1.593421902317e-05  ,-2.638802302958e+00  ,-2.524494215802e+00  
  1.594453360695e-05  ,-2.955870896080e+00  ,-2.625189660635e+00  
  1.595175545472e-05  ,-2.995438998728e+00  ,-2.292053689708e+00  
  1.595414783615e-05  ,-2.974565712943e+00  ,-2.220139986507e+00  
  1.595758180875e-05  ,-2.915300196683e+00  ,-2.149739338179e+00  
  1.596148963827e-05  ,-2.806677136651e+00  ,-2.093503789358e+00  
  1.596596967239e-05  ,-2.630295848192e+00  ,-2.038132315682e+00  
  1.597318630475e-05  ,-2.238682881763e+00  ,-1.920687420017e+00  
  1.598761956948e-05  ,-1.137630877059e+00  ,-1.034398789042e+00  
  1.598937958289e-05  ,-9.824824414492e-01  ,-8.899118756329e-01  
  1.599289960969e-05  ,-6.636601529837e-01  ,-5.901452979166e-01  
  1.599646806527e-05  ,-3.321943687246e-01  ,-2.756762516540e-01  
  1.599706103835e-05  ,-2.765972263630e-01  ,-2.227469570730e-01  
  1.599783086959e-05  ,-2.042775361001e-01  ,-1.538377457062e-01  
  1.599841089729e-05  ,-1.497071976857e-01  ,-1.017977951567e-01  
  1.599856696367e-05  ,-1.350148731486e-01  ,-8.778095393179e-02  
  1.599872428733e-05  ,-1.202009018622e-01  ,-7.364561683414e-02  
  1.599903893467e-05  ,-9.056451245229e-02  ,-4.535980217574e-02  
  1.599951865892e-05  ,-4.536359865174e-02  ,-2.201464108367e-03  
  1.600007046755e-05  ,6.641404727085e-03  ,4.747730155114e-02  
  1.600059377770e-05  ,5.595898476061e-02  ,9.461032403424e-02  
  1.600084882039e-05  ,7.998995629277e-02  ,1.175838031696e-01  
  1.600092805266e-05  ,8.745451121120e-02  ,1.247207525121e-01  
  1.600103868214e-05  ,9.787611366606e-02  ,1.346856461392e-01  
  1.600116410801e-05  ,1.096901398381e-01  ,1.459828724997e-01  
  1.600141495974e-05  ,1.333128994680e-01  ,1.685751422613e-01  
  1.600191666321e-05  ,1.805321136457e-01  ,2.137453082094e-01  
  1.600253068419e-05  ,2.382601791521e-01  ,2.689859858255e-01  
  1.600316016512e-05  ,2.973495160571e-01  ,3.255465632780e-01  
  1.600374838845e-05  ,3.524613601152e-01  ,3.783127612754e-01  
  1.600401744755e-05  ,3.776310700842e-01  ,4.024147602113e-01  
  1.600409931080e-05  ,3.852838730704e-01  ,4.097433121198e-01  
  1.600423980081e-05  ,3.984112995379e-01  ,4.223149212656e-01  
  1.600441153669e-05  ,4.144477812686e-01  ,4.376730539161e-01  
  1.600465992042e-05  ,4.376200783269e-01  ,4.598662894309e-01  
  1.600515668789e-05  ,4.838833234464e-01  ,5.041782726812e-01  
  1.600615022281e-05  ,5.760450179977e-01  ,5.924616533056e-01  
  1.600813729265e-05  ,7.585956915727e-01  ,7.673292358829e-01  
  1.601211143234e-05  ,1.114131616931e+00  ,1.107610322790e+00  
  1.601888326505e-05  ,1.677139265724e+00  ,1.643888594626e+00  
  1.603147027591e-05  ,2.505882942316e+00  ,2.410807971056e+00  
  1.604206053117e-05  ,2.907162986555e+00  ,2.680981604151e+00  
  1.604949397543e-05  ,2.999620925068e+00  ,2.383257459942e+00  
  1.605495748618e-05  ,2.963689185520e+00  ,2.194361995162e+00  
  1.605833818713e-05  ,2.897659045973e+00  ,2.131524910495e+00  
  1.606264909306e-05  ,2.766230864950e+00  ,2.080962820808e+00  
  1.606705238619e-05  ,2.579709303851e+00  ,2.026700407196e+00  
  1.607329895297e-05  ,2.231601341553e+00  ,1.918710410221e+00  
  1.608579208651e-05  ,1.295040934421e+00  ,1.179662520139e+00  
  1.609554489651e-05  ,4.185140939127e-01  ,3.572316836515e-01  
  1.609695231119e-05  ,2.867992390394e-01  ,2.319862561731e-01  
  1.609895279208e-05  ,9.867921834142e-02  ,5.271410413974e-02  
  1.609997799197e-05  ,2.074207945745e-03  ,-3.949604426542e-02  
  1.610056025484e-05  ,-5.280004860279e-02  ,-9.191355560175e-02  
  1.610089799897e-05  ,-8.462318324027e-02  ,-1.223237436667e-01  
  1.610103394879e-05  ,-9.743024198011e-02  ,-1.345644230647e-01  
  1.610115308823e-05  ,-1.086522378403e-01  ,-1.452911692893e-01  
  1.610130789732e-05  ,-1.232317365610e-01  ,-1.592286463465e-01  
  1.610161751551e-05  ,-1.523816447043e-01  ,-1.870995139977e-01  
  1.610215302599e-05  ,-2.027632271201e-01  ,-2.352838777589e-01  
  1.610278027175e-05  ,-2.617013839897e-01  ,-2.916710151629e-01  
  1.610334949610e-05  ,-3.151003097192e-01  ,-3.427739132003e-01  
  1.610375764822e-05  ,-3.533280136948e-01  ,-3.793656264908e-01  
  1.610401064200e-05  ,-3.769947556546e-01  ,-4.020223067831e-01  
  1.610408151565e-05  ,-3.836205480709e-01  ,-4.083656631622e-01  
  1.610421006145e-05  ,-3.956330837709e-01  ,-4.198665097921e-01  
  1.610436496367e-05  ,-4.101000235764e-01  ,-4.337178096808e-01  
  1.610460091425e-05  ,-4.321176150788e-01  ,-4.547996079900e-01  
  1.610501814676e-05  ,-4.709925541433e-01  ,-4.920253080630e-01  
  1.610585261179e-05  ,-5.484930025884e-01  ,-5.662463924352e-01  
  1.610752154184e-05  ,-7.023101052136e-01  ,-7.135665408462e-01  
  1.611085940195e-05  ,-1.003736226088e+00  ,-1.002131810443e+00  
  1.611681241585e-05  ,-1.511880423661e+00  ,-1.487073226021e+00  
  1.612754423214e-05  ,-2.283923099968e+00  ,-2.211320505759e+00  
  1.614140678240e-05  ,-2.891341579869e+00  ,-2.686713253024e+00  
  1.614928800655e-05  ,-2.999249544592e+00  ,-2.407564053196e+00  
  1.615786809517e-05  ,-2.908816173221e+00  ,-2.126423579995e+00  
  1.616225201679e-05  ,-2.780498423098e+00  ,-2.067777197803e+00  
  1.616692055059e-05  ,-2.586029700179e+00  ,-2.017860541221e+00  
  1.617284301711e-05  ,-2.260090102785e+00  ,-1.927040878004e+00  
  1.618468795014e-05  ,-1.388110141075e+00  ,-1.264786367758e+00  
  1.619698289824e-05  ,-2.839295485386e-01  ,-2.293377733621e-01  
  1.620638702107e-05  ,5.979312986549e-01  ,6.142747074933e-01  
  1.621092069937e-05  ,1.009178557410e+00  ,1.008015996531e+00  
  1.621219940526e-05  ,1.121825631039e+00  ,1.115681769648e+00  
  1.621434405489e-05  ,1.306602980359e+00  ,1.292048003583e+00  
  1.621863335413e-05  ,1.657558672741e+00  ,1.625768318603e+00  
  1.622721195263e-05  ,2.263493632579e+00  ,2.192684699398e+00  
  1.624197602315e-05  ,2.905186678300e+00  ,2.685059042661e+00  
  1.624977827115e-05  ,2.999927216377e+00  ,2.384058443634e+00  
  1.625830173535e-05  ,2.898546824420e+00  ,2.122060417025e+00  
  1.626290246887e-05  ,2.756901567351e+00  ,2.061397921347e+00  
  1.626741156024e-05  ,2.562265770852e+00  ,2.012170651168e+00  
  1.627408728046e-05  ,2.181266590824e+00  ,1.893701220116e+00  
  1.628743872089e-05  ,1.153383958800e+00  ,1.048830979553e+00  
  1.628920711619e-05  ,9.978261585518e-01  ,9.041491704922e-01  
  1.629274390680e-05  ,6.779632269837e-01  ,6.036063904534e-01  
  1.629623264117e-05  ,3.542368310147e-01  ,2.966176273596e-01  
  1.629692293746e-05  ,2.895548454406e-01  ,2.350586199273e-01  
  1.629809398247e-05  ,1.795305901892e-01  ,1.302178892486e-01  
  1.629866218237e-05  ,1.260492243762e-01  ,7.920290030493e-02  
  1.629888788839e-05  ,1.047927270068e-01  ,5.891791115831e-02  
  1.629915559707e-05  ,7.957376770554e-02  ,3.484535711438e-02  
  1.629958591466e-05  ,3.902552274589e-02  ,-3.873023652257e-03  
  1.630004547579e-05  ,-4.285990627277e-03  ,-4.524695619699e-02  
  1.630056189416e-05  ,-5.295452630574e-02  ,-9.175757339950e-02  
  1.630081432914e-05  ,-7.674034176571e-02  ,-1.144956334038e-01  
  1.630097330590e-05  ,-9.171762648334e-02  ,-1.288153530491e-01  
  1.630103533199e-05  ,-9.756053667579e-02  ,-1.344021756326e-01  
  1.630114326063e-05  ,-1.077266113164e-01  ,-1.441232619260e-01  
  1.630134426333e-05  ,-1.266561777407e-01  ,-1.622261565562e-01  
  1.630161127351e-05  ,-1.517941062231e-01  ,-1.862699694244e-01  
  1.630214529387e-05  ,-2.020361524321e-01  ,-2.343369806169e-01  
  1.630276331953e-05  ,-2.601097292040e-01  ,-2.899139602811e-01  
  1.630333077438e-05  ,-3.133455341222e-01  ,-3.408751663344e-01  
  1.630368896104e-05  ,-3.468986368268e-01  ,-3.730004676753e-01  
  1.630392859034e-05  ,-3.693216277518e-01  ,-3.944714650773e-01  
  1.630400317764e-05  ,-3.762968223686e-01  ,-4.011508432126e-01  
  1.630413228223e-05  ,-3.883654160296e-01  ,-4.127079578984e-01  
  1.630429551979e-05  ,-4.036155617332e-01  ,-4.273123870169e-01  
  1.630459014369e-05  ,-4.311130745557e-01  ,-4.536471638363e-01  
  1.630499764388e-05  ,-4.690840687244e-01  ,-4.900153881747e-01  
  1.630581264427e-05  ,-5.447892136701e-01  ,-5.625319945096e-01  
  1.630744264504e-05  ,-6.950787360389e-01  ,-7.064995415817e-01  
  1.631070264658e-05  ,-9.898017146058e-01  ,-9.886969630918e-01  
  1.631655284246e-05  ,-1.490699987284e+00  ,-1.466865281260e+00  
  1.632705071052e-05  ,-2.253490995408e+00  ,-2.183396568043e+00  
  1.634150930723e-05  ,-2.893903597307e+00  ,-2.687553700605e+00  
  1.634944417556e-05  ,-2.999542643094e+00  ,-2.403235070238e+00  
  1.635812559208e-05  ,-2.902783187099e+00  ,-2.122427550966e+00  
  1.636270024856e-05  ,-2.764361421675e+00  ,-2.061966167230e+00  
  1.636727565011e-05  ,-2.568904827615e+00  ,-2.013021290305e+00  
  1.637350210031e-05  ,-2.218760057501e+00  ,-1.910321323925e+00  
  1.638595500072e-05  ,-1.281174042866e+00  ,-1.166885208379e+00  
  1.639571675142e-05  ,-4.024695122085e-01  ,-3.419661251474e-01  
  1.639814042529e-05  ,-1.751611126591e-01  ,-1.256560737959e-01  
  1.639874634375e-05  ,-1.181237738750e-01  ,-7.128997288725e-02  
  1.639949326446e-05  ,-4.775668233658e-02  ,-4.147987219866e-03  
  1.640021112790e-05  ,1.989818985017e-02  ,6.045589934810e-02  
  1.640077662697e-05  ,7.318810541707e-02  ,1.113719493987e-01  
  1.640109430110e-05  ,1.031151342025e-01  ,1.399757574070e-01  
  1.640118210153e-05  ,1.113848380160e-01  ,1.478809954360e-01  
  1.640128374375e-05  ,1.209572021690e-01  ,1.570321090711e-01  
  1.640145929806e-05  ,1.374874282736e-01  ,1.728364416907e-01  
  1.640165129020e-05  ,1.555606391126e-01  ,1.901181777740e-01  
  1.640203527450e-05  ,1.916894254962e-01  ,2.246712784622e-01  
  1.640254396289e-05  ,2.395076936114e-01  ,2.704163423419e-01  
  1.640307714507e-05  ,2.895625870542e-01  ,3.183143329627e-01  
  1.640359216645e-05  ,3.378355664059e-01  ,3.645181409728e-01  
  1.640385289020e-05  ,3.622402904545e-01  ,3.878803868308e-01  
  1.640394972447e-05  ,3.712982398783e-01  ,3.965519643493e-01  
  1.640409680359e-05  ,3.850495294020e-01  ,4.097172232616e-01  
  1.640425051838e-05  ,3.994124366604e-01  ,4.234686889355e-01  
  1.640455794796e-05  ,4.281099734489e-01  ,4.509463979003e-01  
  1.640517280712e-05  ,4.853825717921e-01  ,5.057908485756e-01  
  1.640640252545e-05  ,5.993631629472e-01  ,6.149552359529e-01  
  1.640868948117e-05  ,8.088302618506e-01  ,8.155645541169e-01  
  1.641289384380e-05  ,1.182254940550e+00  ,1.172802328682e+00  
  1.642037422672e-05  ,1.791767295206e+00  ,1.752375669200e+00  
  1.643420995488e-05  ,2.638395620483e+00  ,2.524179539644e+00  
  1.644458712354e-05  ,2.956728650989e+00  ,2.623517642446e+00  
  1.645179481521e-05  ,2.995232228661e+00  ,2.291018942808e+00  
  1.645417117789e-05  ,2.974279058064e+00  ,2.219780487331e+00  
  1.645757832840e-05  ,2.915377572438e+00  ,2.149952702290e+00  
  1.646150105908e-05  ,2.806296808466e+00  ,2.093428052410e+00  
  1.646595874145e-05  ,2.630791143143e+00  ,2.038296200189e+00  
  1.647319251015e-05  ,2.238293512991e+00  ,1.920542047988e+00  
  1.648766004756e-05  ,1.134099927688e+00  ,1.031119465602e+00  
  1.648942322746e-05  ,9.785949563578e-01  ,8.862728884863e-01  
  1.649294958725e-05  ,6.590657646219e-01  ,5.857994281069e-01  
  1.649655492320e-05  ,3.240573163027e-01  ,2.679290527177e-01  
  1.649710431039e-05  ,2.725360493768e-01  ,2.188756446671e-01  
  1.649780438557e-05  ,2.067677318648e-01  ,1.562084246760e-01  
  1.649850921049e-05  ,1.404522413354e-01  ,9.296550114718e-02  
  1.649871517248e-05  ,1.210592618534e-01  ,7.446168474681e-02  
  1.649891449879e-05  ,1.022862500568e-01  ,5.654549981792e-02  
  1.649931315142e-05  ,6.472892997948e-02  ,2.069133827400e-02  
  1.649980339963e-05  ,1.852903089604e-02  ,-2.343244453228e-02  
  1.650024838555e-05  ,-2.340954922009e-02  ,-6.350303094791e-02  
  1.650062892396e-05  ,-5.927082981584e-02  ,-9.777868217975e-02  
  1.650084848325e-05  ,-7.995819300384e-02  ,-1.175558941713e-01  
  1.650091334987e-05  ,-8.606938558587e-02  ,-1.233988288694e-01  
  1.650103458479e-05  ,-9.749015194581e-02  ,-1.343189945212e-01  
  1.650114423638e-05  ,-1.078185139127e-01  ,-1.441954359642e-01  
  1.650136353956e-05  ,-1.284712769552e-01  ,-1.639467433232e-01  
  1.650180214593e-05  ,-1.697575287392e-01  ,-2.034392852747e-01  
  1.650256014937e-05  ,-2.410283328377e-01  ,-2.716372693610e-01  
  1.650329645300e-05  ,-3.101283317708e-01  ,-3.377820927159e-01  
  1.650381231257e-05  ,-3.584436269535e-01  ,-3.840427258610e-01  
  1.650411718102e-05  ,-3.869540932290e-01  ,-4.113444288900e-01  
  1.650420499310e-05  ,-3.951595700347e-01  ,-4.192024552144e-01  
  1.650432504058e-05  ,-4.063723606942e-01  ,-4.299407544667e-01  
  1.650448967512e-05  ,-4.217402848301e-01  ,-4.446588873814e-01  
  1.650466900128e-05  ,-4.384667566654e-01  ,-4.606787691688e-01  
  1.650502765361e-05  ,-4.718774211210e-01  ,-4.926798366048e-01  
  1.650574495826e-05  ,-5.385147975109e-01  ,-5.565112440929e-01  
  1.650717956755e-05  ,-6.709354851962e-01  ,-6.833632803771e-01  
  1.651004878614e-05  ,-9.314228362706e-01  ,-9.328178242188e-01  
  1.651565981838e-05  ,-1.417083437391e+00  ,-1.396779939072e+00  
  1.652525765631e-05  ,-2.138421713125e+00  ,-2.077162785940e+00  
  1.654318971369e-05  ,-2.931598684824e+00  ,-2.665959897835e+00  
  1.655095768902e-05  ,-2.998642289237e+00  ,-2.331936254139e+00  
  1.655695689652e-05  ,-2.928633788007e+00  ,-2.155347489178e+00  
  1.656119702194e-05  ,-2.816298293633e+00  ,-2.090223426817e+00  
  1.656585586998e-05  ,-2.635437178165e+00  ,-2.040371338939e+00  
  1.657209871146e-05  ,-2.305598453144e+00  ,-1.945744283449e+00  
  1.658458439443e-05  ,-1.396755056214e+00  ,-1.272935413198e+00  
  1.659662900302e-05  ,-3.171154386451e-01  ,-2.609957378707e-01  
  1.659803362373e-05  ,-1.852087455129e-01  ,-1.353759313483e-01  
  1.659951796565e-05  ,-4.542893094428e-02  ,-2.016094245264e-03  
  1.659987782869e-05  ,-1.151434631959e-02  ,3.036827018597e-02  
  1.660041678507e-05  ,3.927994454607e-02  ,7.889118781671e-02  
  1.660076803337e-05  ,7.237841677657e-02  ,1.105212193030e-01  
  1.660108552124e-05  ,1.022881371780e-01  ,1.391112988853e-01  
  1.660117070233e-05  ,1.103112221695e-01  ,1.467815442474e-01  
  1.660125979498e-05  ,1.187018847600e-01  ,1.548037043888e-01  
  1.660140189152e-05  ,1.320824537286e-01  ,1.675976618538e-01  
  1.660155118253e-05  ,1.461376518315e-01  ,1.810380101891e-01  
  1.660178242992e-05  ,1.679022838347e-01  ,2.018531401052e-01  
  1.660224492471e-05  ,2.114038150637e-01  ,2.434657872968e-01  
  1.660279300805e-05  ,2.628971552152e-01  ,2.927371798083e-01  
  1.660329042744e-05  ,3.095634727916e-01  ,3.374010790050e-01  
  1.660366775278e-05  ,3.449131363128e-01  ,3.712401759899e-01  
  1.660388593837e-05  ,3.653320217868e-01  ,3.907886712620e-01  
  1.660396156177e-05  ,3.724052753831e-01  ,3.975607506810e-01  
  1.660408878043e-05  ,3.842996066515e-01  ,4.089490026909e-01  
  1.660423395034e-05  ,3.978647825631e-01  ,4.219375514631e-01  
  1.660452429015e-05  ,4.249700262848e-01  ,4.478922263127e-01  
  1.660494375784e-05  ,4.640672265818e-01  ,4.853331064136e-01  
  1.660578269321e-05  ,5.420130871366e-01  ,5.599854998906e-01  
  1.660746056396e-05  ,6.967214902883e-01  ,7.081687508309e-01  
  1.661081630546e-05  ,9.999076466222e-01  ,9.984373983705e-01  
  1.661656368333e-05  ,1.491586564626e+00  ,1.467806080306e+00  
  1.662725079614e-05  ,2.265894613907e+00  ,2.194834954742e+00  
  1.664155740101e-05  ,2.895095080992e+00  ,2.687509107360e+00  
  1.664944905597e-05  ,2.999550639267e+00  ,2.402325317954e+00  
  1.665807980854e-05  ,2.903869762101e+00  ,2.123466451788e+00  
  1.666260231096e-05  ,2.767934231050e+00  ,2.063473092057e+00  
  1.666719559390e-05  ,2.572793572873e+00  ,2.014227725707e+00  
  1.667336392957e-05  ,2.227503923268e+00  ,1.914060337572e+00  
  1.668570060093e-05  ,1.302813131464e+00  ,1.188195146177e+00  
  1.669590342600e-05  ,3.850280707439e-01  ,3.258685271330e-01  
  1.669826376993e-05  ,1.635547000050e-01  ,1.149313333505e-01  
  1.669885385591e-05  ,1.079981949925e-01  ,6.194371459203e-02  
  1.669957833174e-05  ,3.974013467769e-02  ,-3.220627135591e-03  
  1.670027440223e-05  ,-2.586148102366e-02  ,-6.589324134542e-02  
  1.670072497610e-05  ,-6.832148017731e-02  ,-1.064763946479e-01  
  1.670100013535e-05  ,-9.424502746897e-02  ,-1.312606447645e-01  
  1.670107359342e-05  ,-1.011646130400e-01  ,-1.378769253891e-01  
  1.670117940331e-05  ,-1.111307109803e-01  ,-1.474067666293e-01  
  1.670133572580e-05  ,-1.258522476419e-01  ,-1.614851265875e-01  
  1.670155228158e-05  ,-1.462411121528e-01  ,-1.809855981874e-01  
  1.670192667326e-05  ,-1.814738191019e-01  ,-2.146893271348e-01  
  1.670250111302e-05  ,-2.354818633231e-01  ,-2.663676776972e-01  
  1.670307881241e-05  ,-2.897189966811e-01  ,-3.182802366026e-01  
  1.670362168034e-05  ,-3.405993458321e-01  ,-3.669912750685e-01  
  1.670389181045e-05  ,-3.658813273164e-01  ,-3.911989188414e-01  
  1.670398335946e-05  ,-3.744436825490e-01  ,-3.993978971426e-01  
  1.670414357023e-05  ,-3.894203085642e-01  ,-4.137394752343e-01  
  1.670429803008e-05  ,-4.038499984608e-01  ,-4.275579216922e-01  
  1.670460694978e-05  ,-4.326805106987e-01  ,-4.551688323248e-01  
  1.670520737344e-05  ,-4.885971605210e-01  ,-5.087252825727e-01  
  1.670640822077e-05  ,-5.998891025973e-01  ,-6.153320684844e-01  
  1.670880991542e-05  ,-8.197547880565e-01  ,-8.259265926823e-01  
  1.671302470887e-05  ,-1.193580539190e+00  ,-1.183555695909e+00  
  1.672070625746e-05  ,-1.816768068466e+00  ,-1.775938188629e+00  
  1.673464927399e-05  ,-2.657850896260e+00  ,-2.540111804755e+00  
  1.674495938742e-05  ,-2.962463834549e+00  ,-2.608691504717e+00  
  1.675232205117e-05  ,-2.992021119309e+00  ,-2.272915355276e+00  
  1.675446819091e-05  ,-2.970491902997e+00  ,-2.212357954159e+00  
  1.675782355988e-05  ,-2.909840308881e+00  ,-2.146197876691e+00  
  1.676165613854e-05  ,-2.801096717829e+00  ,-2.095297611695e+00  
  1.676661524498e-05  ,-2.600496009864e+00  ,-2.032750064396e+00  
  1.677275601351e-05  ,-2.265473941683e+00  ,-1.930898804033e+00  
  1.678503755057e-05  ,-1.358817228738e+00  ,-1.238152073365e+00  
  1.678659211421e-05  ,-1.226625515565e+00  ,-1.116874851785e+00  
  1.678970124149e-05  ,-9.537889652818e-01  ,-8.632611007415e-01  
  1.679591949606e-05  ,-3.835259795329e-01  ,-3.244697197271e-01  
  1.679694301957e-05  ,-2.876709303742e-01  ,-2.332612501532e-01  
  1.679838340306e-05  ,-1.522951827708e-01  ,-1.042355263947e-01  
  1.679911803031e-05  ,-8.311304934483e-02  ,-3.821679291581e-02  
  1.679947612384e-05  ,-4.937193595707e-02  ,-6.000775679015e-03  
  1.679990700023e-05  ,-8.765009471160e-03  ,3.278512247646e-02  
  1.680038849400e-05  ,3.661378786629e-02  ,7.614600922482e-02  
  1.680074491115e-05  ,7.019981383351e-02  ,1.082494106855e-01  
  1.680099050091e-05  ,9.333744686844e-02  ,1.303706554414e-01  
  1.680105530932e-05  ,9.944234093205e-02  ,1.362080205664e-01  
  1.680115418085e-05  ,1.087551479459e-01  ,1.451132304877e-01  
  1.680130542764e-05  ,1.229991706782e-01  ,1.587349944815e-01  
  1.680149809500e-05  ,1.411400090116e-01  ,1.760853123889e-01  
  1.680186973927e-05  ,1.761174565153e-01  ,2.095444931971e-01  
  1.680248357398e-05  ,2.338339123851e-01  ,2.647713684102e-01  
  1.680307328743e-05  ,2.892007092881e-01  ,3.177659649903e-01  
  1.680363375736e-05  ,3.417301939124e-01  ,3.680568238121e-01  
  1.680391161745e-05  ,3.677340862804e-01  ,3.929562738084e-01  
  1.680400172291e-05  ,3.761608001220e-01  ,4.010255539436e-01  
  1.680416167756e-05  ,3.911123825184e-01  ,4.153434701285e-01  
  1.680431897794e-05  ,4.058062302621e-01  ,4.294151941211e-01  
  1.680463357871e-05  ,4.351638369193e-01  ,4.575315105729e-01  
  1.680522515481e-05  ,4.902505631832e-01  ,5.102941636935e-01  
  1.680640830701e-05  ,5.998970664117e-01  ,6.153268476588e-01  
  1.680877461141e-05  ,8.165535886150e-01  ,8.228544261187e-01  
  1.681301399177e-05  ,1.192653793225e+00  ,1.182665701256e+00  
  1.682066573804e-05  ,1.813727630625e+00  ,1.773065851074e+00  
  1.683457895225e-05  ,2.654770631372e+00  ,2.537595967831e+00  
  1.684494569009e-05  ,2.962259985606e+00  ,2.609438378821e+00  
  1.685228004163e-05  ,2.992307086329e+00  ,2.274548164018e+00  
  1.685444555288e-05  ,2.970789665370e+00  ,2.213073727498e+00  
  1.685777968770e-05  ,2.910843626321e+00  ,2.146993352949e+00  
  1.686164430385e-05  ,2.801495900923e+00  ,2.095485361396e+00  
  1.686655647164e-05  ,2.603253450906e+00  ,2.033506446609e+00  
  1.687266669279e-05  ,2.270983558440e+00  ,1.933031330894e+00  
  1.688488713508e-05  ,1.371440792949e+00  ,1.249684114461e+00  
  1.689724168783e-05  ,2.596395706221e-01  ,2.062126404369e-01  
  1.689865152394e-05  ,1.270528633876e-01  ,7.987739089114e-02  
  1.690047468101e-05  ,-4.473597329978e-02  ,-8.413403492135e-02  
  1.690130681773e-05  ,-1.231300734914e-01  ,-1.590643938110e-01  
  1.690152493348e-05  ,-1.436666249274e-01  ,-1.787010965126e-01  
  1.690172814807e-05  ,-1.627941164476e-01  ,-1.969931637737e-01  
  1.690196535593e-05  ,-1.851127635262e-01  ,-2.183399536699e-01  
  1.690243977164e-05  ,-2.297179788811e-01  ,-2.610118375896e-01  
  1.690293709790e-05  ,-2.764223196291e-01  ,-3.057035120755e-01  
  1.690340695014e-05  ,-3.204847571386e-01  ,-3.478765815843e-01  
  1.690371885007e-05  ,-3.496965618493e-01  ,-3.758403067058e-01  
  1.690396122677e-05  ,-3.723739468708e-01  ,-3.975509841097e-01  
  1.690403016792e-05  ,-3.788203711521e-01  ,-4.037229244107e-01  
  1.690415335862e-05  ,-3.903350185620e-01  ,-4.147476225428e-01  
  1.690431480338e-05  ,-4.054163998896e-01  ,-4.291879114086e-01  
  1.690455140588e-05  ,-4.274996986727e-01  ,-4.503336551679e-01  
  1.690489445855e-05  ,-4.594762512007e-01  ,-4.809548437802e-01  
  1.690558056390e-05  ,-5.232655446571e-01  ,-5.420464596885e-01  
  1.690695277458e-05  ,-6.500853061340e-01  ,-6.635149939380e-01  
  1.690969719594e-05  ,-8.998676148800e-01  ,-9.027079537793e-01  
  1.691489844625e-05  ,-1.353436567118e+00  ,-1.336181242076e+00  
  1.692391811913e-05  ,-2.048009012485e+00  ,-1.993056811372e+00  
  1.694071470802e-05  ,-2.873263896727e+00  ,-2.680290805752e+00  
  1.694924115246e-05  ,-2.999147529225e+00  ,-2.407167125876e+00  
  1.695829360788e-05  ,-2.898744249609e+00  ,-2.116900642502e+00  
  1.696291296785e-05  ,-2.756511221499e+00  ,-2.058059707046e+00  
  1.696754052346e-05  ,-2.555922870023e+00  ,-2.009179423741e+00  
  1.697403891986e-05  ,-2.184393253911e+00  ,-1.894857377527e+00  
  1.698703571265e-05  ,-1.188353909150e+00  ,-1.081220428958e+00  
  1.698876648252e-05  ,-1.036893606879e+00  ,-9.406372750096e-01  
  1.699222802227e-05  ,-7.252352707281e-01  ,-6.482588922087e-01  
  1.699592872565e-05  ,-3.826632324429e-01  ,-3.236632427640e-01  
  1.699849023526e-05  ,-1.422386287200e-01  ,-9.463256035755e-02  
  1.699994272595e-05  ,-5.397949221916e-03  ,3.602100841245e-02  
  1.700055376669e-05  ,5.218864832118e-02  ,9.104994394190e-02  
  1.700093681967e-05  ,8.828042748369e-02  ,1.255526270773e-01  
  1.700106326999e-05  ,1.001922006098e-01  ,1.369419878547e-01  
  1.700119072148e-05  ,1.121966848463e-01  ,1.484210012414e-01  
  1.700135100210e-05  ,1.272907228066e-01  ,1.628557282890e-01  
  1.700167156333e-05  ,1.574687337958e-01  ,1.917200851138e-01  
  1.700219664299e-05  ,2.068644410946e-01  ,2.389777576942e-01  
  1.700274556452e-05  ,2.584426198862e-01  ,2.883378187303e-01  
  1.700330594131e-05  ,3.110177794407e-01  ,3.386650162860e-01  
  1.700365583920e-05  ,3.437977301668e-01  ,3.700490714082e-01  
  1.700387944975e-05  ,3.647250278137e-01  ,3.900872000819e-01  
  1.700395557373e-05  ,3.718452752437e-01  ,3.969052428205e-01  
  1.700408321149e-05  ,3.837790650550e-01  ,4.083328806122e-01  
  1.700423813700e-05  ,3.982558777752e-01  ,4.221962479113e-01  
  1.700454798802e-05  ,4.271808577780e-01  ,4.498972717420e-01  
  1.700495926007e-05  ,4.655106365073e-01  ,4.866081465392e-01  
  1.700578180417e-05  ,5.419306757154e-01  ,5.598081779649e-01  
  1.700742689237e-05  ,6.936343958230e-01  ,7.051284295746e-01  
  1.701071706876e-05  ,9.910847585976e-01  ,9.899341490202e-01  
  1.701644731029e-05  ,1.482060444370e+00  ,1.458649120965e+00  
  1.702700627312e-05  ,2.250724150845e+00  ,2.180865794186e+00  
  1.704149616226e-05  ,2.893576791908e+00  ,2.687674866191e+00  
  1.704943848118e-05  ,2.999533224150e+00  ,2.403859541276e+00  
  1.705813777908e-05  ,2.902492942251e+00  ,2.122103282010e+00  
  1.706272510156e-05  ,2.763450608484e+00  ,2.061539211030e+00  
  1.706729677781e-05  ,2.567875834351e+00  ,2.012681650315e+00  
  1.707353291377e-05  ,2.216804380770e+00  ,1.909461843973e+00  
  1.708600518569e-05  ,1.276895632800e+00  ,1.162947195266e+00  
  1.709578481778e-05  ,3.961114849006e-01  ,3.359142720534e-01  
  1.709817682668e-05  ,1.717361010236e-01  ,1.223816347705e-01  
  1.709877482891e-05  ,1.154411464257e-01  ,6.872181740146e-02  
  1.709951103940e-05  ,4.608163831825e-02  ,2.540502983670e-03  
  1.710021800637e-05  ,-2.054645556514e-02  ,-6.108375717261e-02  
  1.710076525151e-05  ,-7.211630863949e-02  ,-1.103557558097e-01  
  1.710107477657e-05  ,-1.012760590193e-01  ,-1.382255978511e-01  
  1.710115989945e-05  ,-1.092937572745e-01  ,-1.458897429636e-01  
  1.710126276403e-05  ,-1.189814920850e-01  ,-1.551509147515e-01  
  1.710143510528e-05  ,-1.352096686959e-01  ,-1.706660664090e-01  
  1.710163350027e-05  ,-1.538862084055e-01  ,-1.885242894987e-01  
  1.710203029025e-05  ,-1.912206283793e-01  ,-2.242298644881e-01  
  1.710254680175e-05  ,-2.397743946396e-01  ,-2.706781223886e-01  
  1.710308706198e-05  ,-2.904928557436e-01  ,-3.192108633844e-01  
  1.710360850948e-05  ,-3.393660188220e-01  ,-3.659890457043e-01  
  1.710386960577e-05  ,-3.638041185164e-01  ,-3.893832220896e-01  
  1.710396247027e-05  ,-3.724902375502e-01  ,-3.976988157512e-01  
  1.710412126077e-05  ,-3.873353856361e-01  ,-4.119113090390e-01  
  1.710427260069e-05  ,-4.014750212901e-01  ,-4.254490166414e-01  
  1.710457528052e-05  ,-4.297267470593e-01  ,-4.524998495721e-01  
  1.710518064020e-05  ,-4.861110802002e-01  ,-5.064934544285e-01  
  1.710639135955e-05  ,-5.983319807214e-01  ,-6.139713585219e-01  
  1.710879230914e-05  ,-8.181584605295e-01  ,-8.244997902980e-01  
  1.711294377265e-05  ,-1.186578355979e+00  ,-1.176954797521e+00  
  1.712059849916e-05  ,-1.808675774106e+00  ,-1.768351115025e+00  
  1.713442528663e-05  ,-2.647994629645e+00  ,-2.532071732176e+00  
  1.714477861343e-05  ,-2.959729347023e+00  ,-2.615916677614e+00  
  1.715204367457e-05  ,-2.993818906772e+00  ,-2.282283532703e+00  
  1.715431498406e-05  ,-2.972477731106e+00  ,-2.216122155902e+00  
  1.715762490449e-05  ,-2.914339197844e+00  ,-2.149387359849e+00  
  1.716156924186e-05  ,-2.804018716177e+00  ,-2.096431292459e+00  
  1.716638082681e-05  ,-2.611441163822e+00  ,-2.035748507636e+00  
  1.717236140785e-05  ,-2.289679338886e+00  ,-1.940028224414e+00  
  1.718432256994e-05  ,-1.418546230280e+00  ,-1.292583064903e+00  
  1.719641635237e-05  ,-3.370377816350e-01  ,-2.799337259550e-01  
  1.719863140998e-05  ,-1.289468331299e-01  ,-8.174636117994e-02  
  1.719918517438e-05  ,-7.678711828629e-02  ,-3.197719224935e-02  
  1.719981698362e-05  ,-1.724879261191e-02  ,2.486581758333e-02  
  1.720047524241e-05  ,4.478887823064e-02  ,8.413053920353e-02  
  1.720082588536e-05  ,7.782912865094e-02  ,1.157072591528e-01  
  1.720117578325e-05  ,1.107897626784e-01  ,1.472163116680e-01  
  1.720125694802e-05  ,1.184337747499e-01  ,1.545248273934e-01  
  1.720135520255e-05  ,1.276862483648e-01  ,1.633717668800e-01  
  1.720149571584e-05  ,1.409160266783e-01  ,1.760227204995e-01  
  1.720165068792e-05  ,1.555039513033e-01  ,1.899737672802e-01  
  1.720196063207e-05  ,1.846683970677e-01  ,2.178690786973e-01  
  1.720258052038e-05  ,2.429419987901e-01  ,2.736220469968e-01  
  1.720314564691e-05  ,2.959879147102e-01  ,3.243889272534e-01  
  1.720371431248e-05  ,3.492718158713e-01  ,3.753958923472e-01  
  1.720396283591e-05  ,3.725244313613e-01  ,3.976582392002e-01  
  1.720404650360e-05  ,3.803475987346e-01  ,4.051486446507e-01  
  1.720418869327e-05  ,3.936366814457e-01  ,4.178729151631e-01  
  1.720435747221e-05  ,4.094005863101e-01  ,4.329675102343e-01  
  1.720468129307e-05  ,4.396127569412e-01  ,4.618988246819e-01  
  1.720528302058e-05  ,4.956301569324e-01  ,5.155467908165e-01  
  1.720648647561e-05  ,6.071136712573e-01  ,6.223275255364e-01  
  1.720889338567e-05  ,8.273194535265e-01  ,8.332291176417e-01  
  1.721330189421e-05  ,1.217502437922e+00  ,1.206446292384e+00  
  1.722111904338e-05  ,1.847573484187e+00  ,1.805004672225e+00  
  1.723549419358e-05  ,2.693841929186e+00  ,2.569010038669e+00  
  1.724583708956e-05  ,2.974380771833e+00  ,2.572216544220e+00  
  1.725360506490e-05  ,2.980780021253e+00  ,2.233559390772e+00  
  1.725576722338e-05  ,2.950893817708e+00  ,2.182137433788e+00  
  1.725834065392e-05  ,2.897598830223e+00  ,2.137835194585e+00  
  1.726120130434e-05  ,2.816159203162e+00  ,2.098850061346e+00  
  1.726608366981e-05  ,2.625112000579e+00  ,2.038079837718e+00  
  1.727339492455e-05  ,2.225546112456e+00  ,1.915194987597e+00  
  1.728801743403e-05  ,1.102845759688e+00  ,1.002020250009e+00  
  1.728980967119e-05  ,9.440944254729e-01  ,8.539296027912e-01  
  1.729339414551e-05  ,6.181277696259e-01  ,5.470446244733e-01  
  1.729429026410e-05  ,5.352487605413e-01  ,4.685595821058e-01  
  1.729608250126e-05  ,3.682841985702e-01  ,3.100230045054e-01  
  1.729784232840e-05  ,2.032000623897e-01  ,1.528243576698e-01  
  1.729876946002e-05  ,1.159467758197e-01  ,6.959915152518e-02  
  1.729911782123e-05  ,8.313274728593e-02  ,3.827795861430e-02  
  1.729953016430e-05  ,4.427936384580e-02  ,1.177887029211e-03  
  1.730005133241e-05  ,-4.837963609309e-03  ,-4.574314466280e-02  
  1.730053617894e-05  ,-5.053128513399e-02  ,-8.941176683253e-02  
  1.730080258377e-05  ,-7.563372331547e-02  ,-1.134089691426e-01  
  1.730098286453e-05  ,-9.261808080206e-02  ,-1.296481912424e-01  
  1.730104201516e-05  ,-9.819007537626e-02  ,-1.349761835063e-01  
  1.730115306373e-05  ,-1.086499308704e-01  ,-1.449785840947e-01  
  1.730133704651e-05  ,-1.259766118045e-01  ,-1.615491519160e-01  
  1.730157821249e-05  ,-1.486820883686e-01  ,-1.832668064623e-01  
  1.730206054445e-05  ,-1.940661345295e-01  ,-2.266859511295e-01  
  1.730263759192e-05  ,-2.483028054396e-01  ,-2.785896440203e-01  
  1.730325049530e-05  ,-3.058198054885e-01  ,-3.336479300393e-01  
  1.730370139513e-05  ,-3.480626345057e-01  ,-3.740936428133e-01  
  1.730395466830e-05  ,-3.717605982022e-01  ,-3.967861531153e-01  
  1.730402947679e-05  ,-3.787557545699e-01  ,-4.034848530491e-01  
  1.730416524034e-05  ,-3.914452978444e-01  ,-4.156369804668e-01  
  1.730431341376e-05  ,-4.052866317217e-01  ,-4.288926358559e-01  
  1.730460976060e-05  ,-4.329426532273e-01  ,-4.553799126167e-01  
  1.730502871606e-05  ,-4.719763082167e-01  ,-4.927668668953e-01  
  1.730586662698e-05  ,-5.497915856636e-01  ,-5.673065427491e-01  
  1.730754244882e-05  ,-7.042256350746e-01  ,-7.152463303485e-01  
  1.731089409250e-05  ,-1.006816708252e+00  ,-1.004966338000e+00  
  1.731686126250e-05  ,-1.515854972104e+00  ,-1.490844495020e+00  
  1.732767354507e-05  ,-2.291806465769e+00  ,-2.218525483280e+00  
  1.734137963313e-05  ,-2.890658116159e+00  ,-2.686500266868e+00  
  1.734925936717e-05  ,-2.999187960178e+00  ,-2.408282251508e+00  
  1.735782306451e-05  ,-2.909851668417e+00  ,-2.127115801405e+00  
  1.736217420358e-05  ,-2.783243736576e+00  ,-2.068790706939e+00  
  1.736685689348e-05  ,-2.589065642940e+00  ,-2.018721188702e+00  
  1.737272869605e-05  ,-2.267160874375e+00  ,-1.929711083062e+00  
  1.738447230119e-05  ,-1.406096026646e+00  ,-1.281153518449e+00  
  1.739665996093e-05  ,-3.142139215281e-01  ,-2.581790380961e-01  
  1.739803217161e-05  ,-1.853453431726e-01  ,-1.354517327087e-01  
  1.739950924921e-05  ,-4.625033960783e-02  ,-2.755732201351e-03  
  1.739986729618e-05  ,-1.250700434686e-02  ,2.946286833895e-02  
  1.740039619427e-05  ,3.733946591425e-02  ,7.707698706016e-02  
  1.740074246000e-05  ,6.996886163559e-02  ,1.082565061319e-01  
  1.740102385912e-05  ,9.647980978954e-02  ,1.335956965160e-01  
  1.740109618796e-05  ,1.032928612660e-01  ,1.401084785602e-01  
  1.740119178822e-05  ,1.122971520308e-01  ,1.487164565262e-01  
  1.740135774990e-05  ,1.279261128102e-01  ,1.636589317274e-01  
  1.740153546953e-05  ,1.446584772745e-01  ,1.796582555644e-01  
  1.740188001232e-05  ,1.770839893269e-01  ,2.106685822087e-01  
  1.740256909789e-05  ,2.418689750338e-01  ,2.726455500193e-01  
  1.740319299088e-05  ,3.004278789849e-01  ,3.286856339909e-01  
  1.740369134159e-05  ,3.471214927364e-01  ,3.733817716062e-01  
  1.740396915512e-05  ,3.731153860104e-01  ,3.982672713472e-01  
  1.740404855037e-05  ,3.805389446253e-01  ,4.053747035793e-01  
  1.740419441877e-05  ,3.941716246155e-01  ,4.184273095609e-01  
  1.740435448983e-05  ,4.091221319849e-01  ,4.327423229906e-01  
  1.740465921858e-05  ,4.375546384772e-01  ,4.599679971312e-01  
  1.740519770929e-05  ,4.876984746234e-01  ,5.079881058885e-01  
  1.740627469072e-05  ,5.875531215222e-01  ,6.036253133216e-01  
  1.740842865357e-05  ,7.851312485341e-01  ,7.928573374166e-01  
  1.741258905777e-05  ,1.155800374040e+00  ,1.147518447691e+00  
  1.741973192939e-05  ,1.742853603438e+00  ,1.706150542816e+00  
  1.743304909715e-05  ,2.584578494428e+00  ,2.478965156328e+00  
  1.744329811582e-05  ,2.933750911557e+00  ,2.662401151766e+00  
  1.745056690225e-05  ,2.999524231279e+00  ,2.335805616917e+00  
  1.745393530974e-05  ,2.977102102771e+00  ,2.223747444648e+00  
  1.745765165934e-05  ,2.913739899367e+00  ,2.151612418760e+00  
  1.746161015281e-05  ,2.802645641439e+00  ,2.096715377689e+00  
  1.746529707262e-05  ,2.660192322716e+00  ,2.049869283794e+00  
  1.747236171314e-05  ,2.289660747863e+00  ,1.941709461706e+00  
  1.748649099419e-05  ,1.235316605486e+00  ,1.125007574185e+00  
  1.749711105177e-05  ,2.719033105231e-01  ,2.176832147624e-01  
  1.749842216769e-05  ,1.486463015432e-01  ,1.002702861896e-01  
  1.750037906268e-05  ,-3.572497174686e-02  ,-7.567261118921e-02  
  1.750096197748e-05  ,-9.065044120804e-02  ,-1.281472255072e-01  
  1.750187933022e-05  ,-1.770198149089e-01  ,-2.107162388290e-01  
  1.750208899421e-05  ,-1.967417675556e-01  ,-2.295779764723e-01  
  1.750232587611e-05  ,-2.190136460121e-01  ,-2.508813656313e-01  
  1.750269714785e-05  ,-2.538961234006e-01  ,-2.842526825721e-01  
  1.750308532310e-05  ,-2.903297405702e-01  ,-3.191147884945e-01  
  1.750358330128e-05  ,-3.370053457728e-01  ,-3.637861595726e-01  
  1.750382018318e-05  ,-3.591800894103e-01  ,-3.850119223905e-01  
  1.750398623800e-05  ,-3.747128547448e-01  ,-3.998810532677e-01  
  1.750413112850e-05  ,-3.882575949816e-01  ,-4.128477871230e-01  
  1.750429625200e-05  ,-4.036839429959e-01  ,-4.276165660293e-01  
  1.750462649898e-05  ,-4.345036345760e-01  ,-4.571246816876e-01  
  1.750528699295e-05  ,-4.959993954645e-01  ,-5.160106412939e-01  
  1.750660798089e-05  ,-6.183238772033e-01  ,-6.331614714976e-01  
  1.750895454125e-05  ,-8.328581970248e-01  ,-8.386076211439e-01  
  1.751354335384e-05  ,-1.238265926325e+00  ,-1.226324074994e+00  
  1.752140669660e-05  ,-1.868857098201e+00  ,-1.825076076673e+00  
  1.753626613455e-05  ,-2.725065804318e+00  ,-2.593222731331e+00  
  1.754662840204e-05  ,-2.983186563569e+00  ,-2.537615944633e+00  
  1.755488215522e-05  ,-2.964782167847e+00  ,-2.198408732408e+00  
  1.755750550465e-05  ,-2.916988605813e+00  ,-2.146381875411e+00  
  1.756134255366e-05  ,-2.811542943029e+00  ,-2.092807784662e+00  
  1.756540312009e-05  ,-2.655557138383e+00  ,-2.044263872577e+00  
  1.757199986415e-05  ,-2.311547889835e+00  ,-1.947979415380e+00  
  1.758519335227e-05  ,-1.345709641027e+00  ,-1.226470600174e+00  
  1.758678088473e-05  ,-1.210367961922e+00  ,-1.102083202795e+00  
  1.758995594965e-05  ,-9.309985457992e-01  ,-8.420315640061e-01  
  1.759630607949e-05  ,-3.473629160036e-01  ,-2.901056096759e-01  
  1.759720555083e-05  ,-2.630324545330e-01  ,-2.098272709241e-01  
  1.759864314036e-05  ,-1.278422838189e-01  ,-8.093624624720e-02  
  1.759896724062e-05  ,-9.731820242791e-02  ,-5.180638826305e-02  
  1.759940971197e-05  ,-5.563014734799e-02  ,-1.200570401092e-02  
  1.759991597892e-05  ,-7.918790708567e-03  ,3.356638766242e-02  
  1.760039020838e-05  ,3.677535215500e-02  ,7.627477076187e-02  
  1.760075593875e-05  ,7.123885223937e-02  ,1.092181572340e-01  
  1.760101214559e-05  ,9.537640075503e-02  ,1.322963920713e-01  
  1.760107991095e-05  ,1.017596859227e-01  ,1.384002348390e-01  
  1.760117768818e-05  ,1.109691751692e-01  ,1.472070619722e-01  
  1.760133515155e-05  ,1.257981731493e-01  ,1.613889217742e-01  
  1.760152204470e-05  ,1.433946759511e-01  ,1.782194056249e-01  
  1.760188209401e-05  ,1.772798417180e-01  ,2.106349807013e-01  
  1.760249192403e-05  ,2.346184839664e-01  ,2.655020740259e-01  
  1.760307428004e-05  ,2.892938241347e-01  ,3.178362061616e-01  
  1.760363121094e-05  ,3.414917602921e-01  ,3.678107426181e-01  
  1.760390678929e-05  ,3.672824699964e-01  ,3.925065531680e-01  
  1.760399723235e-05  ,3.757409113824e-01  ,4.006063696343e-01  
  1.760415707059e-05  ,3.906818871498e-01  ,4.149143984034e-01  
  1.760431395188e-05  ,4.053368831691e-01  ,4.289491745984e-01  
  1.760462771445e-05  ,4.346169816393e-01  ,4.569917700321e-01  
  1.760522329524e-05  ,4.900776578424e-01  ,5.101134507659e-01  
  1.760641445681e-05  ,6.004649540846e-01  ,6.158569414234e-01  
  1.760879677996e-05  ,8.185638443463e-01  ,8.247644373800e-01  
  1.761305851206e-05  ,1.196502734722e+00  ,1.186332377737e+00  
  1.762072068914e-05  ,1.817850261348e+00  ,1.776948996831e+00  
  1.763472778067e-05  ,2.661274355672e+00  ,2.542898777087e+00  
  1.764504534468e-05  ,2.963730558866e+00  ,2.605356489760e+00  
  1.765244153604e-05  ,2.991179273732e+00  ,2.269128455941e+00  
  1.765452844366e-05  ,2.969692066172e+00  ,2.210991412320e+00  
  1.765794006452e-05  ,2.907149127531e+00  ,2.144352031735e+00  
  1.766169143185e-05  ,2.799903978462e+00  ,2.094827843399e+00  
  1.766676229700e-05  ,2.593558019812e+00  ,2.030855688895e+00  
  1.767297384604e-05  ,2.251962551262e+00  ,1.925531917482e+00  
  1.768539694413e-05  ,1.328532927504e+00  ,1.210431140410e+00  
  1.769657430514e-05  ,3.222412398777e-01  ,2.655563084760e-01  
  1.769792360529e-05  ,1.955568334111e-01  ,1.449554807383e-01  
  1.769932356938e-05  ,6.374728545113e-02  ,1.926361804051e-02  
  1.769967505052e-05  ,3.062523473506e-02  ,-1.234699854815e-02  
  1.770014546156e-05  ,-1.370938091650e-02  ,-5.467637339491e-02  
  1.770065303236e-05  ,-6.154253250098e-02  ,-1.003665704114e-01  
  1.770091478057e-05  ,-8.620417007996e-02  ,-1.239310334965e-01  
  1.770098190564e-05  ,-9.252775061119e-02  ,-1.299740782578e-01  
  1.770111408360e-05  ,-1.049784694039e-01  ,-1.418733705901e-01  
  1.770123643610e-05  ,-1.165020549806e-01  ,-1.528876628828e-01  
  1.770148114111e-05  ,-1.395438919767e-01  ,-1.749141450817e-01  
  1.770195211094e-05  ,-1.838668152991e-01  ,-2.172945726135e-01  
  1.770254024114e-05  ,-2.391580448227e-01  ,-2.701803688726e-01  
  1.770313964035e-05  ,-2.954245660971e-01  ,-3.240166233968e-01  
  1.770370877158e-05  ,-3.487531439998e-01  ,-3.750555178844e-01  
  1.770396362800e-05  ,-3.725985061696e-01  ,-3.978808232361e-01  
  1.770404729569e-05  ,-3.804216489185e-01  ,-4.053697567190e-01  
  1.770419137129e-05  ,-3.938868951573e-01  ,-4.182602529190e-01  
  1.770435889294e-05  ,-4.095332341021e-01  ,-4.332394872018e-01  
  1.770468420392e-05  ,-4.398841346468e-01  ,-4.622984213538e-01  
  1.770528611770e-05  ,-4.959180395121e-01  ,-5.159531251536e-01  
  1.770648994526e-05  ,-6.074339076070e-01  ,-6.227487729696e-01  
  1.770889760038e-05  ,-8.277012690804e-01  ,-8.336837728905e-01  
  1.771331057926e-05  ,-1.218250500548e+00  ,-1.207219052108e+00  
  1.772113219877e-05  ,-1.848550164612e+00  ,-1.805956125184e+00  
  1.773551777979e-05  ,-2.694819515551e+00  ,-2.569797288292e+00  
  1.774585769554e-05  ,-2.974633412057e+00  ,-2.571326632358e+00  
  1.775363163134e-05  ,-2.980496014268e+00  ,-2.232770976172e+00  
  1.775580608328e-05  ,-2.950231669313e+00  ,-2.181264806613e+00  
  1.775838882705e-05  ,-2.896419410942e+00  ,-2.137024659782e+00  
  1.776125171264e-05  ,-2.814518135982e+00  ,-2.098155381271e+00  
  1.776613258799e-05  ,-2.622877197676e+00  ,-2.037452124885e+00  
  1.777350344738e-05  ,-2.218674605074e+00  ,-1.912208231312e+00  
  1.778824516615e-05  ,-1.082857358735e+00  ,-9.833946906361e-01  
  1.779005677482e-05  ,-9.219605024175e-01  ,-8.331546968550e-01  
  1.779367999216e-05  ,-5.917408482915e-01  ,-5.220406436171e-01  
  1.779416251039e-05  ,-5.470917324972e-01  ,-4.797559770356e-01  
  1.779512754684e-05  ,-4.574266514385e-01  ,-3.947082207455e-01  
  1.779634031510e-05  ,-3.441577883747e-01  ,-2.870569254719e-01  
  1.779767061626e-05  ,-2.193433487924e-01  ,-1.682003263851e-01  
  1.779828594109e-05  ,-1.614681857320e-01  ,-1.130185268564e-01  
  1.779842838687e-05  ,-1.480608742067e-01  ,-1.002294676250e-01  
  1.779858685141e-05  ,-1.331423706097e-01  ,-8.599644123669e-02  
  1.779890378048e-05  ,-1.032958340204e-01  ,-5.751401082113e-02  
  1.779953763863e-05  ,-4.357500042427e-02  ,-4.949960573116e-04  
  1.780012195041e-05  ,1.149352727891e-02  ,5.211208404019e-02  
  1.780072060456e-05  ,6.790957892184e-02  ,1.060331555729e-01  
  1.780096894173e-05  ,9.130650384552e-02  ,1.284025964935e-01  
  1.780104026939e-05  ,9.802562898586e-02  ,1.348273842921e-01  
  1.780115590473e-05  ,1.089175126750e-01  ,1.452428183333e-01  
  1.780130333310e-05  ,1.228019302344e-01  ,1.585210703582e-01  
  1.780155758416e-05  ,1.467402722128e-01  ,1.814173254407e-01  
  1.780198040461e-05  ,1.865283451037e-01  ,2.194812957116e-01  
  1.780253118878e-05  ,2.383075854447e-01  ,2.690304207057e-01  
  1.780309901615e-05  ,2.916141955604e-01  ,3.200551431593e-01  
  1.780364011457e-05  ,3.423254399764e-01  ,3.686066187545e-01  
  1.780390353916e-05  ,3.669784548773e-01  ,3.922130519117e-01  
  1.780399175869e-05  ,3.752290875764e-01  ,4.001138595008e-01  
  1.780414444903e-05  ,3.895024322339e-01  ,4.137825039383e-01  
  1.780430305326e-05  ,4.043191079082e-01  ,4.279720725819e-01  
  1.780462026173e-05  ,4.339219772692e-01  ,4.563237366768e-01  
  1.780515418896e-05  ,4.836508876459e-01  ,5.039550593694e-01  
  1.780622204342e-05  ,5.826865233269e-01  ,5.988238877690e-01  
  1.780835775235e-05  ,7.786799253827e-01  ,7.865656128911e-01  
  1.781242353418e-05  ,1.141388837531e+00  ,1.133666176116e+00  
  1.781943751076e-05  ,1.720193965079e+00  ,1.684667685788e+00  
  1.783252818087e-05  ,2.559307238350e+00  ,2.457285331052e+00  
  1.784275186756e-05  ,2.922559899979e+00  ,2.672790297279e+00  
  1.785007578829e-05  ,2.999991496553e+00  ,2.356083564416e+00  
  1.785413039425e-05  ,2.974778869041e+00  ,2.217420501247e+00  
  1.785767649809e-05  ,2.913181678201e+00  ,2.144756421974e+00  
  1.786171769300e-05  ,2.799014247634e+00  ,2.093404727405e+00  
  1.786643540064e-05  ,2.608905699000e+00  ,2.035164877337e+00  
  1.787195404568e-05  ,2.314298060591e+00  ,1.948625087970e+00  
  1.788299133578e-05  ,1.527827058449e+00  ,1.391005791614e+00  
  1.789439668456e-05  ,5.253768239662e-01  ,4.589212767835e-01  
  1.789694180289e-05  ,2.877850711267e-01  ,2.332143181987e-01  
  1.789757808247e-05  ,2.280401723902e-01  ,1.763200222778e-01  
  1.789816742340e-05  ,1.726208789070e-01  ,1.234989285789e-01  
  1.789827913554e-05  ,1.621086599741e-01  ,1.134751034226e-01  
  1.789843725083e-05  ,1.472264783854e-01  ,9.928207769544e-02  
  1.789864481935e-05  ,1.276841864625e-01  ,8.064088851044e-02  
  1.789905525321e-05  ,8.902721532240e-02  ,4.375389402780e-02  
  1.789956962267e-05  ,4.056087230979e-02  ,-2.515508322605e-03  
  1.790014396930e-05  ,-1.356874035219e-02  ,-5.421825710295e-02  
  1.790069941008e-05  ,-6.591254314725e-02  ,-1.042394045785e-01  
  1.790094732815e-05  ,-8.927039514040e-02  ,-1.265678542964e-01  
  1.790101699108e-05  ,-9.583284501036e-02  ,-1.328418279092e-01  
  1.790113550188e-05  ,-1.069958342742e-01  ,-1.435148321816e-01  
  1.790127976374e-05  ,-1.205823994170e-01  ,-1.565062342952e-01  
  1.790154868314e-05  ,-1.459023690377e-01  ,-1.807204458984e-01  
  1.790199469352e-05  ,-1.878724186797e-01  ,-2.208667492897e-01  
  1.790255581537e-05  ,-2.406211809355e-01  ,-2.713381189886e-01  
  1.790313342163e-05  ,-2.948413086084e-01  ,-3.232322044092e-01  
  1.790368793109e-05  ,-3.468022173266e-01  ,-3.729757919702e-01  
  1.790393994698e-05  ,-3.703838007265e-01  ,-3.955543938039e-01  
  1.790402449943e-05  ,-3.782903984586e-01  ,-4.031251139241e-01  
  1.790416892428e-05  ,-3.917895300073e-01  ,-4.160512430924e-01  
  1.790433476954e-05  ,-4.072808241184e-01  ,-4.308856339752e-01  
  1.790466646008e-05  ,-4.382298240494e-01  ,-4.605241813782e-01  
  1.790525170318e-05  ,-4.927188819293e-01  ,-5.127111787034e-01  
  1.790642218940e-05  ,-6.011789679430e-01  ,-6.166009137171e-01  
  1.790876316182e-05  ,-8.155151789679e-01  ,-8.218923667507e-01  
  1.791309492938e-05  ,-1.199649404729e+00  ,-1.189371225016e+00  
  1.792071985356e-05  ,-1.817787613450e+00  ,-1.776906892444e+00  
  1.793478505961e-05  ,-2.663761919321e+00  ,-2.544936790371e+00  
  1.794511156432e-05  ,-2.964691678660e+00  ,-2.602829463526e+00  
  1.795252638213e-05  ,-2.990555888808e+00  ,-2.266508153405e+00  
  1.795456895880e-05  ,-2.969148256906e+00  ,-2.210105372160e+00  
  1.795802006773e-05  ,-2.905278549007e+00  ,-2.143110382446e+00  
  1.796171294801e-05  ,-2.799175149640e+00  ,-2.094542856983e+00  
  1.796686502449e-05  ,-2.588678434627e+00  ,-2.029526713343e+00  
  1.797312500231e-05  ,-2.242524836224e+00  ,-1.921662907115e+00  
  1.798564495794e-05  ,-1.307535045795e+00  ,-1.191165784326e+00  
  1.798724105857e-05  ,-1.170559022877e+00  ,-1.064997379360e+00  
  1.799043325983e-05  ,-8.881310785690e-01  ,-8.016715726617e-01  
  1.799505261980e-05  ,-4.644045143483e-01  ,-4.013681185081e-01  
  1.799620745979e-05  ,-3.565934059662e-01  ,-2.989119179838e-01  
  1.799785720460e-05  ,-2.018012111279e-01  ,-1.514999848675e-01  
  1.799858968980e-05  ,-1.328751215383e-01  ,-8.576110836087e-02  
  1.799887411572e-05  ,-1.060899692840e-01  ,-6.019981721976e-02  
  1.799919779688e-05  ,-7.559785997896e-02  ,-3.109162952590e-02  
  1.799964790508e-05  ,-3.318348792789e-02  ,9.413013750469e-03  
  1.800011151746e-05  ,1.051025106320e-02  ,5.115665960090e-02  
  1.800068251133e-05  ,6.432024824972e-02  ,1.025871591750e-01  
  1.800092055738e-05  ,8.674839513442e-02  ,1.240301594588e-01  
  1.800098751947e-05  ,9.305658811308e-02  ,1.300619285588e-01  
  1.800111145522e-05  ,1.047309019145e-01  ,1.412254233728e-01  
  1.800124426182e-05  ,1.172390515776e-01  ,1.531873200250e-01  
  1.800150987502e-05  ,1.422490106576e-01  ,1.771082003780e-01  
  1.800199406962e-05  ,1.878137335290e-01  ,2.206988785637e-01  
  1.800258415561e-05  ,2.432834844414e-01  ,2.737814278760e-01  
  1.800319566201e-05  ,3.006783601344e-01  ,3.287221329179e-01  
  1.800367557253e-05  ,3.456452334928e-01  ,3.717757240773e-01  
  1.800394346747e-05  ,3.707130585969e-01  ,3.957800023481e-01  
  1.800402361942e-05  ,3.782081216572e-01  ,4.029574511729e-01  
  1.800416818397e-05  ,3.917203550445e-01  ,4.158975030719e-01  
  1.800432662522e-05  ,4.065203329700e-01  ,4.300713555783e-01  
  1.800464350773e-05  ,4.360897062475e-01  ,4.583914488389e-01  
  1.800516253380e-05  ,4.844270653465e-01  ,5.046905887502e-01  
  1.800620058594e-05  ,5.807025832576e-01  ,5.969159941261e-01  
  1.800827669022e-05  ,7.712993257698e-01  ,7.794909562578e-01  
  1.801234321711e-05  ,1.134384776659e+00  ,1.126968127290e+00  
  1.801926406143e-05  ,1.706775597017e+00  ,1.671964671695e+00  
  1.803221913097e-05  ,2.543989887883e+00  ,2.444050383595e+00  
  1.804243089674e-05  ,2.915582498464e+00  ,2.677118145355e+00  
  1.804978983519e-05  ,2.999934610289e+00  ,2.368465869280e+00  
  1.805434288500e-05  ,2.972121213331e+00  ,2.210956388311e+00  
  1.805777126966e-05  ,2.911035507059e+00  ,2.142354460307e+00  
  1.806192124305e-05  ,2.792053383296e+00  ,2.085429349406e+00  
  1.806614423213e-05  ,2.622344327976e+00  ,2.037333037623e+00  
  1.807393902955e-05  ,2.190835501186e+00  ,1.899671297514e+00  
  1.808952862439e-05  ,9.691995266717e-01  ,8.784847173386e-01  
  1.809138456402e-05  ,8.021079055800e-01  ,7.213951935056e-01  
  1.809509644327e-05  ,4.603235980193e-01  ,3.979212822085e-01  
  1.809602441309e-05  ,3.737168542543e-01  ,3.155522109267e-01  
  1.809757934926e-05  ,2.279211259646e-01  ,1.766881664692e-01  
  1.809825697956e-05  ,1.641937214087e-01  ,1.159068991449e-01  
  1.809859383894e-05  ,1.324844573880e-01  ,8.564562739784e-02  
  1.809891481926e-05  ,1.022560642049e-01  ,5.678739656417e-02  
  1.809955677991e-05  ,4.177115920548e-02  ,-9.829287583619e-04  
  1.810015422335e-05  ,-1.453515098405e-02  ,-5.479144337098e-02  
  1.810076507782e-05  ,-7.209994331560e-02  ,-1.098286754954e-01  
  1.810099418318e-05  ,-9.368432336518e-02  ,-1.304715185262e-01  
  1.810106293806e-05  ,-1.001609350150e-01  ,-1.366662311739e-01  
  1.810117622181e-05  ,-1.108310677597e-01  ,-1.468725456721e-01  
  1.810132751517e-05  ,-1.250790907607e-01  ,-1.605023727586e-01  
  1.810156472303e-05  ,-1.474122855200e-01  ,-1.818691180693e-01  
  1.810198055856e-05  ,-1.865428262496e-01  ,-2.193134003250e-01  
  1.810252631358e-05  ,-2.378495583689e-01  ,-2.684216535863e-01  
  1.810308967061e-05  ,-2.907375574544e-01  ,-3.190563375563e-01  
  1.810362611241e-05  ,-3.410143545378e-01  ,-3.672011789349e-01  
  1.810389191188e-05  ,-3.658908146655e-01  ,-3.910259303067e-01  
  1.810398198241e-05  ,-3.743149128600e-01  ,-3.990942954964e-01  
  1.810413802551e-05  ,-3.889021462828e-01  ,-4.130660066901e-01  
  1.810429374264e-05  ,-4.034495914677e-01  ,-4.270001600585e-01  
  1.810460517691e-05  ,-4.325151683460e-01  ,-4.548419035045e-01  
  1.810515940697e-05  ,-4.841362343278e-01  ,-5.042934790591e-01  
  1.810626786710e-05  ,-5.869224522335e-01  ,-6.027691446942e-01  
  1.810848478736e-05  ,-7.902361180559e-01  ,-7.975438536731e-01  
  1.811257068576e-05  ,-1.154202324472e+00  ,-1.145851568965e+00  
  1.811977763237e-05  ,-1.746357767474e+00  ,-1.709385488521e+00  
  1.813305605711e-05  ,-2.584911472563e+00  ,-2.479197494922e+00  
  1.814330507578e-05  ,-2.933887933143e+00  ,-2.662085010624e+00  
  1.815058801831e-05  ,-2.999488129198e+00  ,-2.334899810800e+00  
  1.815393556418e-05  ,-2.977099145523e+00  ,-2.223757590284e+00  
  1.815766085447e-05  ,-2.913533456515e+00  ,-2.151465498388e+00  
  1.816161189736e-05  ,-2.802586986890e+00  ,-2.096694894698e+00  
  1.816530850293e-05  ,-2.659694138992e+00  ,-2.049725591591e+00  
  1.817235898735e-05  ,-2.289826732503e+00  ,-1.941763601461e+00  
  1.818645995618e-05  ,-1.237981771113e+00  ,-1.127465677775e+00  
  1.819706213237e-05  ,-2.764945559921e-01  ,-2.220558637945e-01  
  1.819794297726e-05  ,-1.937349147768e-01  ,-1.432359766513e-01  
  1.819925167175e-05  ,-7.052177975191e-02  ,-2.574207827931e-02  
  1.819959877567e-05  ,-3.781350090051e-02  ,5.472018358407e-03  
  1.820010504262e-05  ,9.900015872528e-03  ,5.102581034757e-02  
  1.820068199696e-05  ,6.427178120501e-02  ,1.029623472909e-01  
  1.820093764500e-05  ,8.835818004700e-02  ,1.259781469283e-01  
  1.820100826254e-05  ,9.501061560407e-02  ,1.323357235901e-01  
  1.820113280365e-05  ,1.067416937030e-01  ,1.435476910021e-01  
  1.820127005731e-05  ,1.196683236033e-01  ,1.559035323687e-01  
  1.820154456464e-05  ,1.455146681608e-01  ,1.806123287576e-01  
  1.820201600013e-05  ,1.898765357392e-01  ,2.230325906075e-01  
  1.820259491024e-05  ,2.442937325057e-01  ,2.750851070812e-01  
  1.820325596301e-05  ,3.063324351946e-01  ,3.344475184126e-01  
  1.820373186884e-05  ,3.509151585327e-01  ,3.771180448496e-01  
  1.820400008974e-05  ,3.760080920060e-01  ,4.011381647034e-01  
  1.820407501464e-05  ,3.830128648860e-01  ,4.078438547137e-01  
  1.820421033581e-05  ,3.956587164479e-01  ,4.199501853597e-01  
  1.820436158260e-05  ,4.097843540073e-01  ,4.334737761882e-01  
  1.820462696297e-05  ,4.345469029878e-01  ,4.571823592420e-01  
  1.820507320618e-05  ,4.761167232524e-01  ,4.969864460301e-01  
  1.820596569260e-05  ,5.589674941239e-01  ,5.763277428224e-01  
  1.820775066545e-05  ,7.232860496490e-01  ,7.336971899730e-01  
  1.821132061114e-05  ,1.044592221451e+00  ,1.041244109725e+00  
  1.821757984390e-05  ,1.573906967507e+00  ,1.546038787243e+00  
  1.822899115314e-05  ,2.369953905765e+00  ,2.289593570476e+00  
  1.824140233030e-05  ,2.891229645675e+00  ,2.685032945913e+00  
  1.824911517134e-05  ,2.998841005419e+00  ,2.408816033659e+00  
  1.825739872684e-05  ,2.919323175543e+00  ,2.134963512737e+00  
  1.826164779296e-05  ,2.801378253881e+00  ,2.076252404105e+00  
  1.826631260147e-05  ,2.614600071552e+00  ,2.026045896764e+00  
  1.827192884912e-05  ,2.315808395566e+00  ,1.946916006176e+00  
  1.828316134443e-05  ,1.514015937144e+00  ,1.380280534534e+00  
  1.829453540077e-05  ,5.125002204068e-01  ,4.469027615516e-01  
  1.829720419874e-05  ,2.631593954130e-01  ,2.098855833591e-01  
  1.829787139823e-05  ,2.004665024115e-01  ,1.501546560717e-01  
  1.829833733892e-05  ,1.566308674970e-01  ,1.083553332445e-01  
  1.829862772530e-05  ,1.292937846731e-01  ,8.227620785677e-02  
  1.829889897300e-05  ,1.037486591640e-01  ,5.789923509598e-02  
  1.829944146840e-05  ,5.263766238641e-02  ,9.105327691804e-03  
  1.829998815475e-05  ,1.116388805419e-03  ,-4.010571744427e-02  
  1.830050680829e-05  ,-4.776353775741e-02  ,-8.681524454128e-02  
  1.830080585597e-05  ,-7.594202264991e-02  ,-1.137513176125e-01  
  1.830110052643e-05  ,-1.037015093194e-01  ,-1.402926733721e-01  
  1.830115524163e-05  ,-1.088550579916e-01  ,-1.452206833721e-01  
  1.830126467203e-05  ,-1.191611752027e-01  ,-1.550763218608e-01  
  1.830144104125e-05  ,-1.357685499039e-01  ,-1.709593070128e-01  
  1.830160746859e-05  ,-1.514359593691e-01  ,-1.859449903761e-01  
  1.830194032328e-05  ,-1.827579307789e-01  ,-2.159086667850e-01  
  1.830251830207e-05  ,-2.370968600835e-01  ,-2.679046231013e-01  
  1.830307458104e-05  ,-2.893220608198e-01  ,-3.178921357488e-01  
  1.830361344428e-05  ,-3.398281231944e-01  ,-3.662451897069e-01  
  1.830388166519e-05  ,-3.649322774796e-01  ,-3.902827054231e-01  
  1.830397468103e-05  ,-3.736321413820e-01  ,-3.986134054786e-01  
  1.830413631206e-05  ,-3.887420197745e-01  ,-4.130826766259e-01  
  1.830428928179e-05  ,-4.030329816012e-01  ,-4.267683571666e-01  
  1.830459522126e-05  ,-4.315866518024e-01  ,-4.541142924439e-01  
  1.830520710019e-05  ,-4.885717511438e-01  ,-5.086944531123e-01  
  1.830643085805e-05  ,-6.019793749581e-01  ,-6.173286839513e-01  
  1.830887837378e-05  ,-8.259593872814e-01  ,-8.318636748291e-01  
  1.831309763757e-05  ,-1.199883345798e+00  ,-1.189595487332e+00  
  1.832088051406e-05  ,-1.829810067210e+00  ,-1.788250376176e+00  
  1.833493528930e-05  ,-2.670245235568e+00  ,-2.550163392909e+00  
  1.834530053703e-05  ,-2.967363884118e+00  ,-2.594968330362e+00  
  1.835278688041e-05  ,-2.988509200904e+00  ,-2.258270892919e+00  
  1.835467858282e-05  ,-2.967652729255e+00  ,-2.207534553155e+00  
  1.835846198765e-05  ,-2.894615537974e+00  ,-2.139634529251e+00  
  1.836204869715e-05  ,-2.787636650275e+00  ,-2.089793594932e+00  
  1.836599154440e-05  ,-2.629303867102e+00  ,-2.040958167659e+00  
  1.837387723891e-05  ,-2.194809781814e+00  ,-1.903414312337e+00  
  1.838964862791e-05  ,-9.584890869233e-01  ,-8.671352955093e-01  
  1.839159881739e-05  ,-7.826321185768e-01  ,-7.020658008537e-01  
  1.839549919633e-05  ,-4.227786843062e-01  ,-3.616578785720e-01  
  1.839647429106e-05  ,-3.316112031178e-01  ,-2.750004758438e-01  
  1.839788077442e-05  ,-1.995847844064e-01  ,-1.492691123863e-01  
  1.839850280476e-05  ,-1.410553022897e-01  ,-9.345656060988e-02  
  1.839872208466e-05  ,-1.204083317260e-01  ,-7.375844405224e-02  
  1.839896678967e-05  ,-9.736068074662e-02  ,-5.176440903460e-02  
  1.839945619968e-05  ,-5.124947934827e-02  ,-7.744631799565e-03  
  1.839996721638e-05  ,-3.089782850167e-03  ,3.825287470129e-02  
  1.840045616073e-05  ,4.299066457155e-02  ,8.228372570284e-02  
  1.840075823521e-05  ,7.145522682621e-02  ,1.094909541189e-01  
  1.840106491973e-05  ,1.003475985228e-01  ,1.371134083801e-01  
  1.840114409379e-05  ,1.078050842286e-01  ,1.442441001440e-01  
  1.840123404791e-05  ,1.162771427878e-01  ,1.523453823647e-01  
  1.840139884544e-05  ,1.317956455375e-01  ,1.671860067811e-01  
  1.840154864868e-05  ,1.458991252024e-01  ,1.806748203678e-01  
  1.840178282974e-05  ,1.679399066038e-01  ,2.017575683533e-01  
  1.840225119186e-05  ,2.119930074753e-01  ,2.439046363721e-01  
  1.840280206916e-05  ,2.637478492850e-01  ,2.934338023948e-01  
  1.840330079240e-05  ,3.105351169459e-01  ,3.382198455728e-01  
  1.840367672076e-05  ,3.457527305003e-01  ,3.719370546710e-01  
  1.840389609379e-05  ,3.662820055731e-01  ,3.915937602926e-01  
  1.840397090228e-05  ,3.732787729884e-01  ,3.982934541081e-01  
  1.840409721290e-05  ,3.850877874471e-01  ,4.096014207794e-01  
  1.840424468783e-05  ,3.988678060678e-01  ,4.227972872682e-01  
  1.840453963769e-05  ,4.264018623441e-01  ,4.491657131813e-01  
  1.840493400624e-05  ,4.631592008578e-01  ,4.843697726940e-01  
  1.840572274332e-05  ,5.364549666021e-01  ,5.545754029059e-01  
  1.840730021750e-05  ,6.820136092724e-01  ,6.940073598658e-01  
  1.841045516586e-05  ,9.677535907489e-01  ,9.676149294514e-01  
  1.841602671003e-05  ,1.447466493173e+00  ,1.425726340223e+00  
  1.842619526242e-05  ,2.199462411071e+00  ,2.133667616045e+00  
  1.844199645375e-05  ,2.905666346788e+00  ,2.688997073275e+00  
  1.844994473314e-05  ,2.999995478104e+00  ,2.386883879460e+00  
  1.845888691997e-05  ,2.883836231340e+00  ,2.111426446168e+00  
  1.846398833250e-05  ,2.714949177156e+00  ,2.045991108448e+00  
  1.846885058140e-05  ,2.489129823787e+00  ,1.997498162300e+00  
  1.847854974722e-05  ,1.872066580948e+00  ,1.686913476516e+00  
  1.849224540447e-05  ,7.236455188593e-01  ,6.462525420109e-01  
  1.849530386781e-05  ,4.409961663478e-01  ,3.787694019380e-01  
  1.849606848364e-05  ,3.695952992123e-01  ,3.109825558825e-01  
  1.849734998351e-05  ,2.494697574801e-01  ,1.966805631415e-01  
  1.849798747381e-05  ,1.895497801547e-01  ,1.395847857468e-01  
  1.849837546279e-05  ,1.530425659338e-01  ,1.047769212014e-01  
  1.849876470906e-05  ,1.163942070182e-01  ,6.981918218454e-02  
  1.849914645819e-05  ,8.043478071973e-02  ,3.550430746543e-02  
  1.849965076936e-05  ,3.291355203580e-02  ,-9.864179868900e-03  
  1.850017054049e-05  ,-1.607298555137e-02  ,-5.665415039365e-02  
  1.850077552763e-05  ,-7.308452650136e-02  ,-1.111355734295e-01  
  1.850098742680e-05  ,-9.304785869367e-02  ,-1.302190691517e-01  
  1.850105250297e-05  ,-9.917799322878e-02  ,-1.360796337364e-01  
  1.850116698579e-05  ,-1.099611830432e-01  ,-1.463893055658e-01  
  1.850131480997e-05  ,-1.238826855548e-01  ,-1.597007088764e-01  
  1.850155658131e-05  ,-1.466458690617e-01  ,-1.814691935381e-01  
  1.850198796993e-05  ,-1.872399748510e-01  ,-2.202978045598e-01  
  1.850253903349e-05  ,-2.390445889407e-01  ,-2.698636082636e-01  
  1.850310797846e-05  ,-2.924548611371e-01  ,-3.209802867047e-01  
  1.850365159144e-05  ,-3.434000224769e-01  ,-3.697492952261e-01  
  1.850391198923e-05  ,-3.677688618292e-01  ,-3.930806928691e-01  
  1.850399897476e-05  ,-3.759038361027e-01  ,-4.008697856774e-01  
  1.850414915053e-05  ,-3.899417835933e-01  ,-4.143113655271e-01  
  1.850430954756e-05  ,-4.049255884562e-01  ,-4.286592710822e-01  
  1.850463034162e-05  ,-4.348619727533e-01  ,-4.573270381995e-01  
  1.850515402430e-05  ,-4.836355720033e-01  ,-5.040381788855e-01  
  1.850620138967e-05  ,-5.807769003098e-01  ,-5.970825451386e-01  
  1.850829612041e-05  ,-7.730688757857e-01  ,-7.812640788856e-01  
  1.851235743189e-05  ,-1.135624905384e+00  ,-1.128208549330e+00  
  1.851929019713e-05  ,-1.708800757206e+00  ,-1.673915312260e+00  
  1.853227357888e-05  ,-2.546705918349e+00  ,-2.446422572356e+00  
  1.854255388999e-05  ,-2.918291251805e+00  ,-2.675749802177e+00  
  1.854989494705e-05  ,-2.999983661691e+00  ,-2.364114899257e+00  
  1.855428110385e-05  ,-2.972907581613e+00  ,-2.213006309634e+00  
  1.855774860406e-05  ,-2.911551134482e+00  ,-2.143068884205e+00  
  1.856186355972e-05  ,-2.794037603478e+00  ,-2.091424795759e+00  
  1.856648142958e-05  ,-2.606761262027e+00  ,-2.034504816405e+00  
  1.857203658247e-05  ,-2.309340481249e+00  ,-1.946887323866e+00  
  1.858314688826e-05  ,-1.515192010006e+00  ,-1.379689178079e+00  
  1.859458799982e-05  ,-5.076150525470e-01  ,-4.420763912165e-01  
  1.859712268734e-05  ,-2.708111790469e-01  ,-2.170748532925e-01  
  1.859775635922e-05  ,-2.112831079247e-01  ,-1.603702763147e-01  
  1.859820157798e-05  ,-1.694071201919e-01  ,-1.204512273620e-01  
  1.859830841232e-05  ,-1.593533519243e-01  ,-1.108639790819e-01  
  1.859848750565e-05  ,-1.424955988730e-01  ,-9.478578351098e-02  
  1.859874655302e-05  ,-1.181040661054e-01  ,-7.151645909899e-02  
  1.859926464777e-05  ,-6.929915039323e-02  ,-2.493744522284e-02  
  1.859978171806e-05  ,-2.057242654615e-02  ,2.159111121871e-02  
  1.860030055787e-05  ,2.832649100956e-02  ,6.830610535647e-02  
  1.860069879140e-05  ,6.585424822060e-02  ,1.041716087046e-01  
  1.860093097012e-05  ,8.772935821555e-02  ,1.250828941393e-01  
  1.860099152937e-05  ,9.343432992070e-02  ,1.305370908026e-01  
  1.860109980726e-05  ,1.036337698794e-01  ,1.402887853286e-01  
  1.860122728204e-05  ,1.156399508828e-01  ,1.517688632611e-01  
  1.860147291837e-05  ,1.387697511538e-01  ,1.738879498198e-01  
  1.860186239747e-05  ,1.754266966735e-01  ,2.089502855813e-01  
  1.860248070253e-05  ,2.335641066267e-01  ,2.645752408994e-01  
  1.860308177812e-05  ,2.899971999422e-01  ,3.185864495865e-01  
  1.860364774285e-05  ,3.430396823455e-01  ,3.693651293684e-01  
  1.860392392655e-05  ,3.688854159982e-01  ,3.941116191085e-01  
  1.860401233235e-05  ,3.771528039962e-01  ,4.020278518671e-01  
  1.860416956288e-05  ,3.918492018346e-01  ,4.161005491532e-01  
  1.860432935455e-05  ,4.067751925233e-01  ,4.303937404719e-01  
  1.860464893790e-05  ,4.365960453486e-01  ,4.589520964347e-01  
  1.860522663729e-05  ,4.903884047843e-01  ,5.104721654442e-01  
  1.860638203608e-05  ,5.974708927842e-01  ,6.130434358212e-01  
  1.860869283365e-05  ,8.091345210565e-01  ,8.157779315369e-01  
  1.861292550848e-05  ,1.184997172087e+00  ,1.175391256866e+00  
  1.862044910477e-05  ,1.797422477868e+00  ,1.757698434760e+00  
  1.863428483294e-05  ,2.641747232694e+00  ,2.526931122959e+00  
  1.864465157078e-05  ,2.957750507738e+00  ,2.620973599709e+00  
  1.865187043832e-05  ,2.994822110007e+00  ,2.288343197857e+00  
  1.865421550857e-05  ,2.973730239480e+00  ,2.218651984548e+00  
  1.865756975995e-05  ,2.915567918998e+00  ,2.150194620415e+00  
  1.866151931272e-05  ,2.805688187662e+00  ,2.097047997006e+00  
  1.866632940756e-05  ,2.613823045722e+00  ,2.036399248035e+00  
  1.867221760140e-05  ,2.298413240363e+00  ,1.943167673787e+00  
  1.868399398910e-05  ,1.445757436922e+00  ,1.317239846414e+00  
  1.869594472037e-05  ,3.811680309671e-01  ,3.219287271320e-01  
  1.869746482508e-05  ,2.386820814858e-01  ,1.863488685585e-01  
  1.869784485126e-05  ,2.029628338832e-01  ,1.523176356240e-01  
  1.869818189690e-05  ,1.712590261273e-01  ,1.220989701255e-01  
  1.869842203842e-05  ,1.486584697604e-01  ,1.005496476529e-01  
  1.869871009649e-05  ,1.215372711909e-01  ,7.468197497927e-02  
  1.869928621264e-05  ,6.726723610500e-02  ,2.289526982882e-02  
  1.869983261959e-05  ,1.577515905154e-02  ,-2.626890433241e-02  
  1.870037669824e-05  ,-3.550214406337e-02  ,-7.525262176690e-02  
  1.870077339509e-05  ,-7.288359859813e-02  ,-1.109762652805e-01  
  1.870103174397e-05  ,-9.722255262629e-02  ,-1.342417671030e-01  
  1.870110096452e-05  ,-1.037427740339e-01  ,-1.404751724587e-01  
  1.870119895130e-05  ,-1.129717805517e-01  ,-1.492987396762e-01  
  1.870135599557e-05  ,-1.277609210808e-01  ,-1.634394519578e-01  
  1.870154435556e-05  ,-1.454949858449e-01  ,-1.803979686222e-01  
  1.870188978310e-05  ,-1.780032500114e-01  ,-2.114899783633e-01  
  1.870250501480e-05  ,-2.358484606609e-01  ,-2.668310304399e-01  
  1.870308392491e-05  ,-2.901985820969e-01  ,-3.188445602652e-01  
  1.870364225279e-05  ,-3.425256457318e-01  ,-3.689343944146e-01  
  1.870391317453e-05  ,-3.678797303351e-01  ,-3.932082792503e-01  
  1.870400220897e-05  ,-3.762062483586e-01  ,-4.011805277663e-01  
  1.870415906697e-05  ,-3.908684387574e-01  ,-4.152194273679e-01  
  1.870431753151e-05  ,-4.056711593142e-01  ,-4.293935433902e-01  
  1.870463446058e-05  ,-4.352460719332e-01  ,-4.577143674942e-01  
  1.870520871408e-05  ,-4.887218252975e-01  ,-5.089277834537e-01  
  1.870635722108e-05  ,-5.951788040372e-01  ,-6.108938888497e-01  
  1.870865423508e-05  ,-8.056309111171e-01  ,-8.124631338619e-01  
  1.871281091399e-05  ,-1.175067499841e+00  ,-1.165910624387e+00  
  1.872031364865e-05  ,-1.787184865897e+00  ,-1.748037705487e+00  
  1.873391989894e-05  ,-2.625274794385e+00  ,-2.513257734742e+00  
  1.874427024550e-05  ,-2.951528099450e+00  ,-2.634443835932e+00  
  1.875149358339e-05  ,-2.996698051674e+00  ,-2.301109146465e+00  
  1.875399362571e-05  ,-2.976419339774e+00  ,-2.223853761005e+00  
  1.875758033521e-05  ,-2.915332960884e+00  ,-2.149326781105e+00  
  1.876141887433e-05  ,-2.809025613425e+00  ,-2.094099902399e+00  
  1.876598906047e-05  ,-2.629416585507e+00  ,-2.040190588125e+00  
  1.877353202827e-05  ,-2.216860611013e+00  ,-1.911603079798e+00  
  1.878861796386e-05  ,-1.050017163590e+00  ,-9.527798559123e-01  
  1.879043460168e-05  ,-8.880102803683e-01  ,-8.012762780533e-01  
  1.879406787730e-05  ,-5.558586987529e-01  ,-4.880255676511e-01  
  1.879497619621e-05  ,-4.715190973184e-01  ,-4.080574985396e-01  
  1.879679283402e-05  ,-3.017571041927e-01  ,-2.466858619050e-01  
  1.879812425278e-05  ,-1.766827128179e-01  ,-1.275136768205e-01  
  1.879880886800e-05  ,-1.122353479706e-01  ,-6.603227232208e-02  
  1.879907061621e-05  ,-8.757991368912e-02  ,-4.249925921390e-02  
  1.879939276069e-05  ,-5.722748533443e-02  ,-1.352000904449e-02  
  1.879983341597e-05  ,-1.570010360865e-02  ,2.614299410868e-02  
  1.880024291850e-05  ,2.289430726287e-02  ,6.301852410409e-02  
  1.880059863716e-05  ,5.641689726183e-02  ,9.505824084352e-02  
  1.880080841757e-05  ,7.618337040936e-02  ,1.139544679228e-01  
  1.880087957061e-05  ,8.288702833661e-02  ,1.203636518101e-01  
  1.880097733620e-05  ,9.209729486797e-02  ,1.291698725516e-01  
  1.880109078293e-05  ,1.027837503383e-01  ,1.393882863977e-01  
  1.880131767640e-05  ,1.241526087744e-01  ,1.598236319458e-01  
  1.880177146332e-05  ,1.668703159709e-01  ,2.006842673582e-01  
  1.880242925645e-05  ,2.287298426627e-01  ,2.598739920963e-01  
  1.880308481441e-05  ,2.902820228186e-01  ,3.187892419734e-01  
  1.880368235098e-05  ,3.462798246500e-01  ,3.724019067929e-01  
  1.880397064188e-05  ,3.732544217807e-01  ,3.982316003658e-01  
  1.880405597431e-05  ,3.812329727489e-01  ,4.058719482801e-01  
  1.880421215711e-05  ,3.958288693436e-01  ,4.198496257782e-01  
  1.880437576720e-05  ,4.111086500336e-01  ,4.344828551903e-01  
  1.880470298739e-05  ,4.416352245893e-01  ,4.637194862253e-01  
  1.880535742776e-05  ,5.025451420629e-01  ,5.220612194497e-01  
  1.880666630851e-05  ,6.237020543363e-01  ,6.381217646087e-01  
  1.880928407000e-05  ,8.626495582416e-01  ,8.669829845693e-01  
  1.881390492009e-05  ,1.269223969118e+00  ,1.255776772840e+00  
  1.882229427384e-05  ,1.933559866114e+00  ,1.885866545189e+00  
  1.883756498383e-05  ,2.773976595981e+00  ,2.628513336653e+00  
  1.884738037871e-05  ,2.989846333536e+00  ,2.499561704378e+00  
  1.885719577359e-05  ,2.923669926377e+00  ,2.137525247687e+00  
  1.886125783013e-05  ,2.814318497852e+00  ,2.079919987727e+00  
  1.886580417441e-05  ,2.637761542103e+00  ,2.031563910282e+00  
  1.887134964155e-05  ,2.350125351306e+00  ,1.957706975925e+00  
  1.888244057582e-05  ,1.572268253573e+00  ,1.430800161444e+00  
  1.889392639087e-05  ,5.689570493927e-01  ,5.002491222573e-01  
  1.889652627097e-05  ,3.267417933306e-01  ,2.703224796300e-01  
  1.889699984850e-05  ,2.823391551305e-01  ,2.280676699560e-01  
  1.889794700356e-05  ,1.933562360689e-01  ,1.432985239475e-01  
  1.889838686721e-05  ,1.519691146308e-01  ,1.038353749262e-01  
  1.889854311986e-05  ,1.372597845838e-01  ,8.980491918632e-02  
  1.889868547251e-05  ,1.238560850186e-01  ,7.701769485344e-02  
  1.889897017782e-05  ,9.704152264340e-02  ,5.143051320730e-02  
  1.889953958844e-05  ,4.339125381131e-02  ,2.133396457031e-04  
  1.890007342254e-05  ,-6.919905582847e-03  ,-4.784136866741e-02  
  1.890063761776e-05  ,-6.009003930412e-02  ,-9.865093568793e-02  
  1.890089568724e-05  ,-8.440539439902e-02  ,-1.218943531395e-01  
  1.890096667731e-05  ,-9.109318614185e-02  ,-1.282880973460e-01  
  1.890110267369e-05  ,-1.039037623759e-01  ,-1.405363393255e-01  
  1.890122623691e-05  ,-1.155415228273e-01  ,-1.516642658032e-01  
  1.890147336335e-05  ,-1.388116451851e-01  ,-1.739177724226e-01  
  1.890196761625e-05  ,-1.853253872563e-01  ,-2.184100615300e-01  
  1.890255611898e-05  ,-2.406497034120e-01  ,-2.713466492814e-01  
  1.890316036107e-05  ,-2.973678929914e-01  ,-3.256331395675e-01  
  1.890373684974e-05  ,-3.513813703624e-01  ,-3.773434662119e-01  
  1.890400022776e-05  ,-3.760209976919e-01  ,-4.009359730694e-01  
  1.890408241698e-05  ,-3.837047992569e-01  ,-4.082936283727e-01  
  1.890422218522e-05  ,-3.967657137359e-01  ,-4.208005684780e-01  
  1.890439359514e-05  ,-4.127729774520e-01  ,-4.361295520315e-01  
  1.890465632124e-05  ,-4.372844884361e-01  ,-4.596037267322e-01  
  1.890518177343e-05  ,-4.862164731566e-01  ,-5.064688843638e-01  
  1.890623267782e-05  ,-5.836696724168e-01  ,-5.998159235858e-01  
  1.890833448661e-05  ,-7.765621250232e-01  ,-7.845780876129e-01  
  1.891242038501e-05  ,-1.141114349973e+00  ,-1.133432376914e+00  
  1.891946490896e-05  ,-1.722308881050e+00  ,-1.686686491918e+00  
  1.893250342501e-05  ,-2.558089140555e+00  ,-2.456237768885e+00  
  1.894278373612e-05  ,-2.923236466717e+00  ,-2.672328812318e+00  
  1.895010318650e-05  ,-2.999984237092e+00  ,-2.355040972846e+00  
  1.895413395060e-05  ,-2.974735479681e+00  ,-2.217444584433e+00  
  1.895770240618e-05  ,-2.912597534710e+00  ,-2.144368109855e+00  
  1.896172795487e-05  ,-2.798666056588e+00  ,-2.088303968843e+00  
  1.896608654452e-05  ,-2.624980842142e+00  ,-2.038310793526e+00  
  1.897365931464e-05  ,-2.208760218068e+00  ,-1.907920862469e+00  
  1.898880485488e-05  ,-1.033499229114e+00  ,-9.373407170354e-01  
  1.899062968833e-05  ,-8.704311841695e-01  ,-7.847557922240e-01  
  1.899427935524e-05  ,-5.362603686515e-01  ,-4.693913128863e-01  
  1.899519177196e-05  ,-4.514434263497e-01  ,-3.889387253448e-01  
  1.899673050312e-05  ,-3.076012779676e-01  ,-2.521989196068e-01  
  1.899801889477e-05  ,-1.865942494370e-01  ,-1.369217262860e-01  
  1.899865573315e-05  ,-1.266565099330e-01  ,-7.975403460005e-02  
  1.899888204453e-05  ,-1.053431602192e-01  ,-5.941579936315e-02  
  1.899915515488e-05  ,-7.961542864401e-02  ,-3.485866627689e-02  
  1.899958696259e-05  ,-3.892676655504e-02  ,3.992312954471e-03  
  1.900004959708e-05  ,4.674412499622e-03  ,4.564154542876e-02  
  1.900056806435e-05  ,5.353596219765e-02  ,9.233525437011e-02  
  1.900081984741e-05  ,7.726025535844e-02  ,1.150138889086e-01  
  1.900097193239e-05  ,9.158823621571e-02  ,1.287124147954e-01  
  1.900103529725e-05  ,9.755726439820e-02  ,1.344196539084e-01  
  1.900114267874e-05  ,1.076718047962e-01  ,1.440911735819e-01  
  1.900135259885e-05  ,1.274410775028e-01  ,1.629966071243e-01  
  1.900163031924e-05  ,1.535867977437e-01  ,1.880038703638e-01  
  1.900218576002e-05  ,2.058411746485e-01  ,2.379956494552e-01  
  1.900274613682e-05  ,2.584963571146e-01  ,2.883862551094e-01  
  1.900331964526e-05  ,3.123023574289e-01  ,3.398918325325e-01  
  1.900367303561e-05  ,3.454077253306e-01  ,3.715876378135e-01  
  1.900390381734e-05  ,3.670044763793e-01  ,3.922669258005e-01  
  1.900397907985e-05  ,3.740434892130e-01  ,3.990072344560e-01  
  1.900410715999e-05  ,3.860175036248e-01  ,4.104734762761e-01  
  1.900426655585e-05  ,4.009104256694e-01  ,4.247354307234e-01  
  1.900458534756e-05  ,4.306657372437e-01  ,4.532318976048e-01  
  1.900495340624e-05  ,4.649656007966e-01  ,4.860831892377e-01  
  1.900568952361e-05  ,5.333742536626e-01  ,5.516088751197e-01  
  1.900716175833e-05  ,6.692994160254e-01  ,6.818150126822e-01  
  1.901010622779e-05  ,9.365675268971e-01  ,9.377569190062e-01  
  1.901555781761e-05  ,1.408602923430e+00  ,1.388707253345e+00  
  1.902523761192e-05  ,2.137096322528e+00  ,2.075943325846e+00  
  1.904298489490e-05  ,2.927439402664e+00  ,2.669540323002e+00  
  1.905080800453e-05  ,2.999033514654e+00  ,2.337471125381e+00  
  1.905713652769e-05  ,2.924916420721e+00  ,2.150567349045e+00  
  1.906149288216e-05  ,2.806569147529e+00  ,2.085213481544e+00  
  1.906613310376e-05  ,2.622853602132e+00  ,2.036461614142e+00  
  1.907247056761e-05  ,2.283018449355e+00  ,1.937518154590e+00  
  1.908514549533e-05  ,1.349739287867e+00  ,1.229967383390e+00  
  1.909738828936e-05  ,2.458718399031e-01  ,1.931065303800e-01  
  1.909880613485e-05  ,1.124927607644e-01  ,6.599369033514e-02  
  1.910048828968e-05  ,-4.601841365470e-02  ,-8.535431817383e-02  
  1.910126985559e-05  ,-1.196493266500e-01  ,-1.557317518854e-01  
  1.910145458342e-05  ,-1.370435498318e-01  ,-1.723632542844e-01  
  1.910163572566e-05  ,-1.540956704785e-01  ,-1.886697594028e-01  
  1.910181123340e-05  ,-1.706126236817e-01  ,-2.044662855848e-01  
  1.910216224888e-05  ,-2.036304676081e-01  ,-2.360490969894e-01  
  1.910262339325e-05  ,-2.469691796768e-01  ,-2.775138354412e-01  
  1.910313236104e-05  ,-2.947418341002e-01  ,-3.232319993591e-01  
  1.910366032781e-05  ,-3.442179804704e-01  ,-3.705911871673e-01  
  1.910390493968e-05  ,-3.671094593972e-01  ,-3.925064329783e-01  
  1.910398893334e-05  ,-3.749648939150e-01  ,-4.000272837794e-01  
  1.910412662938e-05  ,-3.878371245752e-01  ,-4.123516931611e-01  
  1.910428311485e-05  ,-4.024570226924e-01  ,-4.263500200513e-01  
  1.910459608581e-05  ,-4.316672856614e-01  ,-4.543202506433e-01  
  1.910498994212e-05  ,-4.683671096894e-01  ,-4.894651054746e-01  
  1.910577765476e-05  ,-5.415460316891e-01  ,-5.595509580189e-01  
  1.910735308002e-05  ,-6.868643882417e-01  ,-6.987382598600e-01  
  1.911050393056e-05  ,-9.721027210258e-01  ,-9.718396818767e-01  
  1.911620287966e-05  ,-1.461987375669e+00  ,-1.439590652809e+00  
  1.912645934891e-05  ,-2.216312979909e+00  ,-2.149227367909e+00  
  1.914180754494e-05  ,-2.901185547578e+00  ,-2.688712807050e+00  
  1.914975135397e-05  ,-2.999908472445e+00  ,-2.393309873260e+00  
  1.915860860418e-05  ,-2.890954491750e+00  ,-2.115274527620e+00  
  1.916353120278e-05  ,-2.732998337913e+00  ,-2.051535904387e+00  
  1.916821463775e-05  ,-2.522086962827e+00  ,-2.006330957804e+00  
  1.917686923217e-05  ,-1.993163630649e+00  ,-1.781864081638e+00  
  1.919167055558e-05  ,-7.761030969426e-01  ,-6.956313081878e-01  
  1.919442987810e-05  ,-5.222964670004e-01  ,-4.558527149219e-01  
  1.919486122015e-05  ,-4.822175533098e-01  ,-4.178816683983e-01  
  1.919572390426e-05  ,-4.018014571779e-01  ,-3.415641125208e-01  
  1.919679771918e-05  ,-3.012990202542e-01  ,-2.460054187348e-01  
  1.919790487546e-05  ,-1.973182897847e-01  ,-1.469764815600e-01  
  1.919848182980e-05  ,-1.430299293015e-01  ,-9.521786706686e-02  
  1.919865973569e-05  ,-1.262796142947e-01  ,-7.924094249630e-02  
  1.919885866619e-05  ,-1.075451293084e-01  ,-6.136757928443e-02  
  1.919925652720e-05  ,-7.006428998246e-02  ,-2.559794659852e-02  
  1.919974677540e-05  ,-2.386560456924e-02  ,1.851148826514e-02  
  1.920020354256e-05  ,1.918330328612e-02  ,5.963177060237e-02  
  1.920066054254e-05  ,6.225020011377e-02  ,1.007854492574e-01  
  1.920090538725e-05  ,8.531923239945e-02  ,1.228358094354e-01  
  1.920096869390e-05  ,9.128315771303e-02  ,1.285370428677e-01  
  1.920109290905e-05  ,1.029840142088e-01  ,1.397232862019e-01  
  1.920121111717e-05  ,1.141175649346e-01  ,1.503681013172e-01  
  1.920144753340e-05  ,1.363797915005e-01  ,1.716557056522e-01  
  1.920188790928e-05  ,1.778269573811e-01  ,2.112971756088e-01  
  1.920252577211e-05  ,2.377986865444e-01  ,2.686746822928e-01  
  1.920315078269e-05  ,2.964695849214e-01  ,3.248259132236e-01  
  1.920374077554e-05  ,3.517488192800e-01  ,3.777447186542e-01  
  1.920402236092e-05  ,3.780904572331e-01  ,4.029655544495e-01  
  1.920410595877e-05  ,3.859052321639e-01  ,4.104482529104e-01  
  1.920424570372e-05  ,3.989627008984e-01  ,4.229512825204e-01  
  1.920441781213e-05  ,4.150335481604e-01  ,4.383404147654e-01  
  1.920465986287e-05  ,4.376147118522e-01  ,4.599648599073e-01  
  1.920514396434e-05  ,4.826998206495e-01  ,5.031432974561e-01  
  1.920611216729e-05  ,5.725246995799e-01  ,5.891788227122e-01  
  1.920804857319e-05  ,7.505028826713e-01  ,7.596520929572e-01  
  1.921192138498e-05  ,1.097481312490e+00  ,1.091743150524e+00  
  1.921858816450e-05  ,1.654007108447e+00  ,1.621997855256e+00  
  1.923089503353e-05  ,2.475667631763e+00  ,2.384196796791e+00  
  1.924185185736e-05  ,2.902245789753e+00  ,2.682602150504e+00  
  1.924934118097e-05  ,2.999357448758e+00  ,2.391774558638e+00  
  1.925554825967e-05  ,2.954542585596e+00  ,2.179098267851e+00  
  1.925893864637e-05  ,2.882488954846e+00  ,2.120580625286e+00  
  1.926355353599e-05  ,2.732129607021e+00  ,2.063490619205e+00  
  1.926776907449e-05  ,2.544578867771e+00  ,2.015032116258e+00  
  1.927620015150e-05  ,2.039849666629e+00  ,1.811718848452e+00  
  1.928960374599e-05  ,9.624964485659e-01  ,8.708086726959e-01  
  1.929184339052e-05  ,7.603569543692e-01  ,6.810556540645e-01  
  1.929632267957e-05  ,3.458088711498e-01  ,2.885118655453e-01  
  1.929716534024e-05  ,2.668074084674e-01  ,2.132929947814e-01  
  1.929837792223e-05  ,1.528110708480e-01  ,1.046524800820e-01  
  1.929897191977e-05  ,9.687743389237e-02  ,5.129028253339e-02  
  1.929956964260e-05  ,4.055899409388e-02  ,-2.475036774979e-03  
  1.930018226659e-05  ,-1.717812711304e-02  ,-5.762713139265e-02  
  1.930081305137e-05  ,-7.661995369644e-02  ,-1.144375652899e-01  
  1.930101649878e-05  ,-9.578647076920e-02  ,-1.327614718159e-01  
  1.930108354237e-05  ,-1.021017409236e-01  ,-1.387996988432e-01  
  1.930119594136e-05  ,-1.126883009631e-01  ,-1.489224796648e-01  
  1.930135172834e-05  ,-1.273591081444e-01  ,-1.629518781256e-01  
  1.930158893620e-05  ,-1.496915241081e-01  ,-1.843107006658e-01  
  1.930201203605e-05  ,-1.895036774637e-01  ,-2.223950830651e-01  
  1.930255173748e-05  ,-2.402380852085e-01  ,-2.709410683967e-01  
  1.930311174174e-05  ,-2.928078513076e-01  ,-3.212570476259e-01  
  1.930365060499e-05  ,-3.433076620366e-01  ,-3.696029087469e-01  
  1.930390727749e-05  ,-3.673281355285e-01  ,-3.926021742466e-01  
  1.930399426302e-05  ,-3.754632601243e-01  ,-4.003918716356e-01  
  1.930414343761e-05  ,-3.894079151422e-01  ,-4.137448989441e-01  
  1.930430362509e-05  ,-4.043725100443e-01  ,-4.280752259662e-01  
  1.930462400006e-05  ,-4.342705984608e-01  ,-4.567079047864e-01  
  1.930514013903e-05  ,-4.823439871933e-01  ,-5.027508414724e-01  
  1.930617241697e-05  ,-5.780977049845e-01  ,-5.944704498425e-01  
  1.930823697285e-05  ,-7.676812831309e-01  ,-7.760661290307e-01  
  1.931225954132e-05  ,-1.127080137028e+00  ,-1.120013199762e+00  
  1.931910662489e-05  ,-1.694552121663e+00  ,-1.660499097225e+00  
  1.933194248514e-05  ,-2.530075114789e+00  ,-2.432021847180e+00  
  1.934222130613e-05  ,-2.910866290176e+00  ,-2.679440202125e+00  
  1.934960259633e-05  ,-2.999766197519e+00  ,-2.377078169244e+00  
  1.935457436876e-05  ,-2.969075278359e+00  ,-2.204304234879e+00  
  1.935795208947e-05  ,-2.906869140913e+00  ,-2.138591307978e+00  
  1.936215272681e-05  ,-2.783998526165e+00  ,-2.087447252485e+00  
  1.936665511267e-05  ,-2.598620509505e+00  ,-2.032098062695e+00  
  1.937229520218e-05  ,-2.293706071895e+00  ,-1.941271661233e+00  
  1.938357538120e-05  ,-1.480200640818e+00  ,-1.348226452921e+00  
  1.939514315264e-05  ,-4.559729823830e-01  ,-3.930425758077e-01  
  1.939665096389e-05  ,-3.150571963139e-01  ,-2.591136504706e-01  
  1.939886639403e-05  ,-1.068172629672e-01  ,-6.066162742574e-02  
  1.939984502779e-05  ,-1.460572903944e-02  ,2.736588091105e-02  
  1.940037150444e-05  ,3.501267377916e-02  ,7.476664623654e-02  
  1.940075655976e-05  ,7.129736414898e-02  ,1.094428571630e-01  
  1.940107092769e-05  ,1.009135169493e-01  ,1.377537249542e-01  
  1.940115307035e-05  ,1.086505536658e-01  ,1.451508237176e-01  
  1.940124961357e-05  ,1.177430553607e-01  ,1.538443837114e-01  
  1.940143480707e-05  ,1.351815916684e-01  ,1.705194168132e-01  
  1.940160826590e-05  ,1.515110077746e-01  ,1.861357642251e-01  
  1.940195518355e-05  ,1.841558575972e-01  ,2.173602696690e-01  
  1.940250317376e-05  ,2.356754835129e-01  ,2.666513371801e-01  
  1.940304864939e-05  ,2.868893565379e-01  ,3.156638093507e-01  
  1.940357242521e-05  ,3.359867680585e-01  ,3.626618054723e-01  
  1.940384721193e-05  ,3.617090356204e-01  ,3.872879610276e-01  
  1.940401708517e-05  ,3.775971884365e-01  ,4.025002128638e-01  
  1.940416169628e-05  ,3.911141317407e-01  ,4.154427671188e-01  
  1.940433308292e-05  ,4.071233345723e-01  ,4.307723811314e-01  
  1.940467585619e-05  ,4.391058685917e-01  ,4.613993606677e-01  
  1.940536140274e-05  ,5.029144772417e-01  ,5.225103995066e-01  
  1.940673249583e-05  ,6.298024092511e-01  ,6.440493782475e-01  
  1.940922881286e-05  ,8.576603489597e-01  ,8.622711206830e-01  
  1.941399792950e-05  ,1.277161304214e+00  ,1.263400263514e+00  
  1.942227403443e-05  ,1.932101009912e+00  ,1.884517967536e+00  
  1.943780104439e-05  ,2.782372267967e+00  ,2.634271816426e+00  
  1.944737057011e-05  ,2.989770198163e+00  ,2.499274169398e+00  
  1.945858518403e-05  ,2.891543416295e+00  ,2.087778483004e+00  
  1.946455682437e-05  ,2.691722310108e+00  ,2.022339432533e+00  
  1.947029526155e-05  ,2.410590065099e+00  ,1.964700350099e+00  
  1.947928066175e-05  ,1.817748977251e+00  ,1.643293973599e+00  
  1.949154133718e-05  ,7.878606279939e-01  ,7.070110001847e-01  
  1.949321604143e-05  ,6.345437471039e-01  ,5.623184263128e-01  
  1.949656544994e-05  ,3.230709818998e-01  ,2.668352830969e-01  
  1.949866241585e-05  ,1.260272385897e-01  ,7.907651609678e-02  
  1.949986642968e-05  ,1.258866957069e-02  ,-2.921764562465e-02  
  1.950036263834e-05  ,-3.417711931348e-02  ,-7.389775262627e-02  
  1.950076143067e-05  ,-7.175630611989e-02  ,-1.098144427160e-01  
  1.950118490304e-05  ,-1.116486917673e-01  ,-1.479537246775e-01  
  1.950127354167e-05  ,-1.199964544433e-01  ,-1.559360593504e-01  
  1.950136360056e-05  ,-1.284770209506e-01  ,-1.640458777372e-01  
  1.950148341521e-05  ,-1.397579888345e-01  ,-1.748344248096e-01  
  1.950162353269e-05  ,-1.529480159796e-01  ,-1.874497629490e-01  
  1.950190376766e-05  ,-1.793189237830e-01  ,-2.126750065161e-01  
  1.950246423758e-05  ,-2.320170010559e-01  ,-2.630960021188e-01  
  1.950300226263e-05  ,-2.825372410054e-01  ,-3.114469768425e-01  
  1.950352026425e-05  ,-3.311011932053e-01  ,-3.579363458735e-01  
  1.950380832232e-05  ,-3.580702457978e-01  ,-3.837572935899e-01  
  1.950404515765e-05  ,-3.802217694742e-01  ,-4.049676635622e-01  
  1.950412086254e-05  ,-3.872981671262e-01  ,-4.117437284944e-01  
  1.950425706846e-05  ,-4.000242634102e-01  ,-4.239300845851e-01  
  1.950446724468e-05  ,-4.196471549357e-01  ,-4.427216118106e-01  
  1.950470049442e-05  ,-4.414028267383e-01  ,-4.635567106845e-01  
  1.950516699390e-05  ,-4.848418990246e-01  ,-5.051607466535e-01  
  1.950609999286e-05  ,-5.713983327508e-01  ,-5.880690454478e-01  
  1.950796599077e-05  ,-7.429646417710e-01  ,-7.524069148513e-01  
  1.951169798659e-05  ,-1.077859101306e+00  ,-1.072962316008e+00  
  1.951827982949e-05  ,-1.629685702971e+00  ,-1.599007294710e+00  
  1.953030804680e-05  ,-2.444002073214e+00  ,-2.356107474248e+00  
  1.954163888977e-05  ,-2.897098810564e+00  ,-2.683731831355e+00  
  1.954919675873e-05  ,-2.999044875502e+00  ,-2.400106144200e+00  
  1.955707649277e-05  ,-2.926169179307e+00  ,-2.142747245786e+00  
  1.956147308038e-05  ,-2.807227894877e+00  ,-2.079833208461e+00  
  1.956593299793e-05  ,-2.631956390321e+00  ,-2.031248366976e+00  
  1.957165653394e-05  ,-2.332038758923e+00  ,-1.953228016065e+00  
  1.958310360597e-05  ,-1.518711343006e+00  ,-1.383016729434e+00  
  1.959488744424e-05  ,-4.797779658045e-01  ,-4.156488876627e-01  
  1.959642077373e-05  ,-3.366237130317e-01  ,-2.796332867254e-01  
  1.959867308424e-05  ,-1.250226467593e-01  ,-7.803298679099e-02  
  1.959966419773e-05  ,-3.164803147689e-02  ,1.108753126347e-02  
  1.960018741475e-05  ,1.766332204437e-02  ,5.818726792462e-02  
  1.960073857145e-05  ,6.960247349407e-02  ,1.078199607583e-01  
  1.960103440607e-05  ,9.747331680319e-02  ,1.344619000270e-01  
  1.960111580366e-05  ,1.051404817718e-01  ,1.417920037543e-01  
  1.960122288247e-05  ,1.152256084468e-01  ,1.514344212642e-01  
  1.960138779642e-05  ,1.307552969580e-01  ,1.662838099113e-01  
  1.960160456175e-05  ,1.511623444090e-01  ,1.857994076317e-01  
  1.960195636885e-05  ,1.842673581473e-01  ,2.174640437918e-01  
  1.960250864314e-05  ,2.361893636930e-01  ,2.671402023911e-01  
  1.960305886851e-05  ,2.878480573564e-01  ,3.165785904109e-01  
  1.960358646275e-05  ,3.373014194311e-01  ,3.639175790544e-01  
  1.960385812955e-05  ,3.627304689030e-01  ,3.882631348793e-01  
  1.960395738525e-05  ,3.720146893925e-01  ,3.971523268868e-01  
  1.960410364946e-05  ,3.856893922611e-01  ,4.102457067707e-01  
  1.960425936659e-05  ,4.002389220192e-01  ,4.241773560723e-01  
  1.960457080086e-05  ,4.293088985005e-01  ,4.520146072646e-01  
  1.960519366940e-05  ,4.873227848160e-01  ,5.075744668710e-01  
  1.960643940648e-05  ,6.027686366572e-01  ,6.181519471556e-01  
  1.960875132164e-05  ,8.144412335438e-01  ,8.208860488568e-01  
  1.961301826914e-05  ,1.193023689596e+00  ,1.183055971031e+00  
  1.962059103926e-05  ,1.808114792393e+00  ,1.767788058439e+00  
  1.963461601218e-05  ,2.656395563155e+00  ,2.538957399886e+00  
  1.964500361165e-05  ,2.963118251389e+00  ,2.607518941229e+00  
  1.965234243353e-05  ,2.991880494923e+00  ,2.272807381471e+00  
  1.965447702488e-05  ,2.970375300570e+00  ,2.212523494600e+00  
  1.965783686420e-05  ,2.909534958738e+00  ,2.146156838650e+00  
  1.966166199227e-05  ,2.800899128689e+00  ,2.095275746178e+00  
  1.966662184378e-05  ,2.600185863685e+00  ,2.032669159091e+00  
  1.967275814196e-05  ,2.265342433949e+00  ,1.930844220549e+00  
  1.968503073832e-05  ,1.359389602575e+00  ,1.238673249946e+00  
  1.969620362898e-05  ,3.569518890034e-01  ,2.986349119974e-01  
  1.969849132975e-05  ,1.421355913641e-01  ,9.410609880591e-02  
  1.970094592353e-05  ,-8.913807129502e-02  ,-1.266797046813e-01  
  1.970124362079e-05  ,-1.171786821157e-01  ,-1.534769770328e-01  
  1.970183901531e-05  ,-1.732267040668e-01  ,-2.070654395327e-01  
  1.970225876240e-05  ,-2.127047239256e-01  ,-2.448242474492e-01  
  1.970269508702e-05  ,-2.537025910016e-01  ,-2.840464276692e-01  
  1.970324642999e-05  ,-3.054386519570e-01  ,-3.335541570789e-01  
  1.970362277744e-05  ,-3.407020761250e-01  ,-3.673056979018e-01  
  1.970384636471e-05  ,-3.616297690070e-01  ,-3.873384841626e-01  
  1.970392748290e-05  ,-3.692180481058e-01  ,-3.946026712423e-01  
  1.970406250139e-05  ,-3.818431403685e-01  ,-4.066890009782e-01  
  1.970420860262e-05  ,-3.954967933109e-01  ,-4.197606000244e-01  
  1.970450080508e-05  ,-4.227788157026e-01  ,-4.458813432247e-01  
  1.970505661839e-05  ,-4.745731107620e-01  ,-4.954765236874e-01  
  1.970616824502e-05  ,-5.777118721052e-01  ,-5.942507450688e-01  
  1.970835536295e-05  ,-7.784624455683e-01  ,-7.865116856780e-01  
  1.971215366894e-05  ,-1.117826648688e+00  ,-1.111249268250e+00  
  1.971919223243e-05  ,-1.701203908082e+00  ,-1.666747631367e+00  
  1.973180010492e-05  ,-2.522839097548e+00  ,-2.425661928242e+00  
  1.974207594568e-05  ,-2.907521261568e+00  ,-2.680361285474e+00  
  1.974947884256e-05  ,-2.999597913777e+00  ,-2.382320783971e+00  
  1.975472330624e-05  ,-2.967032487248e+00  ,-2.199825981365e+00  
  1.975808016533e-05  ,-2.903861317679e+00  ,-2.135865537108e+00  
  1.976230538958e-05  ,-2.778605779243e+00  ,-2.085332117324e+00  
  1.976677797312e-05  ,-2.592815145142e+00  ,-2.030413192535e+00  
  1.977252535099e-05  ,-2.279665463938e+00  ,-1.937606829448e+00  
  1.978402010673e-05  ,-1.443600119838e+00  ,-1.315180078003e+00  
  1.979595146650e-05  ,-3.805373676796e-01  ,-3.213186661251e-01  
  1.979745592499e-05  ,-2.395182269431e-01  ,-1.871245042413e-01  
  1.979783203961e-05  ,-2.041675200610e-01  ,-1.534461475192e-01  
  1.979817313650e-05  ,-1.720833207574e-01  ,-1.228663657501e-01  
  1.979841104285e-05  ,-1.496934955295e-01  ,-1.015189156748e-01  
  1.979870073074e-05  ,-1.224192426105e-01  ,-7.550636910685e-02  
  1.979928010651e-05  ,-6.784257874165e-02  ,-2.342898747072e-02  
  1.979982940057e-05  ,-1.607854057669e-02  ,2.599334610451e-02  
  1.980037645945e-05  ,3.547964010857e-02  ,7.524413696619e-02  
  1.980077441359e-05  ,7.297956106299e-02  ,1.110802218084e-01  
  1.980103341439e-05  ,9.737990319269e-02  ,1.344039458827e-01  
  1.980110283285e-05  ,1.039187541378e-01  ,1.406550436332e-01  
  1.980120074978e-05  ,1.131411626139e-01  ,1.494721393646e-01  
  1.980135807344e-05  ,1.279565781335e-01  ,1.636377185995e-01  
  1.980154610747e-05  ,1.456599050434e-01  ,1.805665437433e-01  
  1.980189004490e-05  ,1.780278801130e-01  ,2.115238361481e-01  
  1.980250620791e-05  ,2.359605611252e-01  ,2.669476661398e-01  
  1.980308493176e-05  ,2.902930305832e-01  ,3.189435386618e-01  
  1.980364363217e-05  ,3.426547989478e-01  ,3.690659199737e-01  
  1.980391408825e-05  ,3.679651963925e-01  ,3.932976723157e-01  
  1.980400295971e-05  ,3.762764452081e-01  ,4.012552024513e-01  
  1.980415949175e-05  ,3.909081316896e-01  ,4.152647229534e-01  
  1.980431814255e-05  ,4.057282195230e-01  ,4.294552983870e-01  
  1.980463544415e-05  ,4.353377902023e-01  ,4.578089843558e-01  
  1.980520764874e-05  ,4.886227603905e-01  ,5.088391286134e-01  
  1.980635205792e-05  ,5.947018526029e-01  ,6.104422767699e-01  
  1.980864087628e-05  ,8.044180507218e-01  ,8.113053736587e-01  
  1.981279681014e-05  ,1.173844338261e+00  ,1.164743935333e+00  
  1.982027719305e-05  ,1.784424060316e+00  ,1.745430687393e+00  
  1.983386407183e-05  ,2.622724377353e+00  ,2.511130678294e+00  
  1.984421441840e-05  ,2.950581553150e+00  ,2.636351016486e+00  
  1.985143924640e-05  ,2.996933892923e+00  ,2.303044255589e+00  
  1.985396126793e-05  ,2.976799418277e+00  ,2.224655363337e+00  
  1.985796670006e-05  ,2.906528392762e+00  ,2.146934057202e+00  
  1.986158321188e-05  ,2.803550367576e+00  ,2.097225876104e+00  
  1.986565048383e-05  ,2.644630747135e+00  ,2.045438143664e+00  
  1.987238357352e-05  ,2.288328974271e+00  ,1.941115534275e+00  
  1.988584975289e-05  ,1.290136361990e+00  ,1.175441351485e+00  
  1.989608983086e-05  ,3.675986151701e-01  ,3.088563880986e-01  
  1.989846433090e-05  ,1.446772645341e-01  ,9.661119896471e-02  
  1.989905795591e-05  ,8.877260389046e-02  ,4.330409845874e-02  
  1.989973838018e-05  ,2.465680963831e-02  ,-1.789220755260e-02  
  1.990044292571e-05  ,-4.174341724702e-02  ,-8.131413890720e-02  
  1.990084996024e-05  ,-8.009734597613e-02  ,-1.179649189012e-01  
  1.990123156966e-05  ,-1.160437484440e-01  ,-1.523252825379e-01  
  1.990131791491e-05  ,-1.241750687144e-01  ,-1.600991230486e-01  
  1.990140972003e-05  ,-1.328195540883e-01  ,-1.683640848217e-01  
  1.990152296885e-05  ,-1.434816755556e-01  ,-1.785588220788e-01  
  1.990165074631e-05  ,-1.555094474039e-01  ,-1.900602793074e-01  
  1.990190630123e-05  ,-1.795572796110e-01  ,-2.130586983827e-01  
  1.990241741106e-05  ,-2.276166739012e-01  ,-2.590316461426e-01  
  1.990293485388e-05  ,-2.762117245750e-01  ,-3.055301311375e-01  
  1.990342594027e-05  ,-3.222642358423e-01  ,-3.496062286313e-01  
  1.990373062245e-05  ,-3.507984952685e-01  ,-3.769204234584e-01  
  1.990402203329e-05  ,-3.780598241577e-01  ,-4.030189639833e-01  
  1.990408684170e-05  ,-3.841183899397e-01  ,-4.088194532497e-01  
  1.990421566689e-05  ,-3.961567641356e-01  ,-4.203453810273e-01  
  1.990437208252e-05  ,-4.107646501001e-01  ,-4.343320408319e-01  
  1.990455699661e-05  ,-4.280212286586e-01  ,-4.508555419328e-01  
  1.990489353003e-05  ,-4.593897717459e-01  ,-4.808934726089e-01  
  1.990556659685e-05  ,-5.219693098808e-01  ,-5.408245393422e-01  
  1.990691273050e-05  ,-6.464004016833e-01  ,-6.600018468544e-01  
  1.990960499780e-05  ,-8.915745049699e-01  ,-8.947857627459e-01  
  1.991474589841e-05  ,-1.340590050622e+00  ,-1.323943658526e+00  
  1.992365977304e-05  ,-2.030149612307e+00  ,-1.976384760802e+00  
  1.994018814103e-05  ,-2.858599129293e+00  ,-2.675812288291e+00  
  1.994888147847e-05  ,-2.998148025471e+00  ,-2.424241684688e+00  
  1.995830646293e-05  ,-2.898431899319e+00  ,-2.112720880626e+00  
  1.996293178336e-05  ,-2.755810922110e+00  ,-2.055421200599e+00  
  1.996762713926e-05  ,-2.551639218302e+00  ,-2.007082025618e+00  
  1.997400185601e-05  ,-2.186786133998e+00  ,-1.895726837484e+00  
  1.998675128953e-05  ,-1.212919628359e+00  ,-1.103925639148e+00  
  1.999668291347e-05  ,-3.120625123443e-01  ,-2.558631001129e-01  
  2.000000000000e-05  ,1.178632034237e-14  ,4.159383050704e-02  
