  Time                 , V(Vsin:+)            , V(D1:2)              
  0.000000000000e+00  ,0.000000000000e+00  ,1.176793038016e-15  
  2.500000000000e-10  ,5.497730622098e-03  ,5.486431196004e-03  
  4.737968146801e-10  ,1.041895140546e-02  ,1.039481042255e-02  
  9.213904440403e-10  ,2.025960465303e-02  ,2.019938503367e-02  
  1.816577702761e-09  ,3.992694874470e-02  ,3.974947292977e-02  
  3.606952220201e-09  ,7.915137808381e-02  ,7.857603578022e-02  
  7.187701255083e-09  ,1.567259469780e-01  ,1.548195579203e-01  
  1.246792772412e-08  ,2.672266488408e-01  ,2.624236803296e-01  
  1.747248271108e-08  ,3.652328947670e-01  ,3.570500619816e-01  
  2.303955653310e-08  ,4.635704649287e-01  ,4.513656005697e-01  
  2.822739580274e-08  ,5.425330427833e-01  ,5.265053363175e-01  
  3.085409799218e-08  ,5.771468522765e-01  ,5.592545435475e-01  
  3.212591210008e-08  ,5.925085985452e-01  ,5.737366945183e-01  
  3.389691510797e-08  ,6.123193472320e-01  ,5.923565040554e-01  
  3.682313063741e-08  ,6.408735977922e-01  ,6.190482602761e-01  
  4.267556169629e-08  ,6.815498735530e-01  ,6.564766643190e-01  
  4.919034937024e-08  ,6.997735670157e-01  ,6.720033560947e-01  
  5.687189796567e-08  ,6.837507332691e-01  ,6.542837646969e-01  
  7.059735754132e-08  ,5.584911424112e-01  ,5.303842102824e-01  
  8.177769878507e-08  ,3.791972073790e-01  ,3.560875321999e-01  
  8.706835606694e-08  ,2.766232886414e-01  ,2.569138555417e-01  
  8.847726085782e-08  ,2.479001054757e-01  ,2.291957879329e-01  
  8.998972871900e-08  ,2.165267068435e-01  ,1.989387079163e-01  
  9.234150448442e-08  ,1.667989087757e-01  ,1.510157892419e-01  
  9.704505601525e-08  ,6.488931748747e-02  ,5.293042465976e-02  
  1.008001486361e-07  ,-1.759433445648e-02  ,-2.634276173795e-02  
  1.052541057169e-07  ,-1.150198557786e-01  ,-1.198228063769e-01  
  1.083166668713e-07  ,-1.808192807947e-01  ,-1.828645930532e-01  
  1.115703354180e-07  ,-2.488786896700e-01  ,-2.479723056141e-01  
  1.180776725113e-07  ,-3.765198414415e-01  ,-3.697764598996e-01  
  1.228967080414e-07  ,-4.612119875282e-01  ,-4.503010826541e-01  
  1.282045016587e-07  ,-5.422147590408e-01  ,-5.269674979965e-01  
  1.309463153183e-07  ,-5.782919901122e-01  ,-5.609374190547e-01  
  1.322216684520e-07  ,-5.936272138402e-01  ,-5.753296846410e-01  
  1.340241501629e-07  ,-6.136703539303e-01  ,-5.940839855831e-01  
  1.369559536278e-07  ,-6.420429335594e-01  ,-6.204921829414e-01  
  1.428195605576e-07  ,-6.822651542572e-01  ,-6.573329360737e-01  
  1.494706938565e-07  ,-6.999032231122e-01  ,-6.721587460513e-01  
  1.571611831486e-07  ,-6.823597472860e-01  ,-6.529209489707e-01  
  1.718283961117e-07  ,-5.417569097306e-01  ,-5.140535492851e-01  
  1.842783162892e-07  ,-3.318513192462e-01  ,-3.102494070620e-01  
  1.900927493870e-07  ,-2.143711433214e-01  ,-1.968094858881e-01  
  1.913977185786e-07  ,-1.868797430997e-01  ,-1.703156239288e-01  
  1.926915118992e-07  ,-1.593136210711e-01  ,-1.437635459075e-01  
  1.952790985405e-07  ,-1.034378616467e-01  ,-8.997802514995e-02  
  1.991958687603e-07  ,-1.768188867530e-02  ,-7.518168211271e-03  
  2.030060956776e-07  ,6.600927414343e-02  ,7.284364552339e-02  
  2.048160279691e-07  ,1.055063725303e-01  ,1.107253645276e-01  
  2.067472184598e-07  ,1.472704322449e-01  ,1.507513272795e-01  
  2.106095994413e-07  ,2.290211157543e-01  ,2.289994268389e-01  
  2.170454109609e-07  ,3.571881988409e-01  ,3.513682077861e-01  
  2.218741322458e-07  ,4.440605474591e-01  ,4.340263397986e-01  
  2.271163607538e-07  ,5.267664719110e-01  ,5.123862129587e-01  
  2.298160786331e-07  ,5.639250748978e-01  ,5.474267358407e-01  
  2.324494863451e-07  ,5.962669445031e-01  ,5.778038413107e-01  
  2.346004689634e-07  ,6.196667149888e-01  ,5.996828165844e-01  
  2.370070064962e-07  ,6.424894153191e-01  ,6.209073987602e-01  
  2.418200815618e-07  ,6.770134177033e-01  ,6.526061143144e-01  
  2.489063287675e-07  ,6.995868586709e-01  ,6.720384597457e-01  
  2.569931889474e-07  ,6.831743918384e-01  ,6.537561251453e-01  
  2.702045584619e-07  ,5.636560828035e-01  ,5.354421781602e-01  
  2.812343979776e-07  ,3.891843989255e-01  ,3.657615741255e-01  
  2.864438439310e-07  ,2.891851272971e-01  ,2.690483309403e-01  
  2.880470226109e-07  ,2.567254416490e-01  ,2.377164632873e-01  
  2.896360451877e-07  ,2.239096417597e-01  ,2.060625259202e-01  
  2.928140903413e-07  ,1.566875476781e-01  ,1.412791610016e-01  
  2.991701806486e-07  ,1.824661368672e-02  ,8.076723950174e-03  
  3.031830633581e-07  ,-6.988261478466e-02  ,-7.655775539547e-02  
  3.052371884286e-07  ,-1.146528655642e-01  ,-1.194940151989e-01  
  3.074623043239e-07  ,-1.626055736275e-01  ,-1.654367192065e-01  
  3.119125361145e-07  ,-2.558978551412e-01  ,-2.546872929086e-01  
  3.175585860908e-07  ,-3.668468958163e-01  ,-3.605760067205e-01  
  3.220401103199e-07  ,-4.468760865550e-01  ,-4.367024824073e-01  
  3.272227341831e-07  ,-5.283040923985e-01  ,-5.138393867278e-01  
  3.298863167465e-07  ,-5.648388094213e-01  ,-5.482871908670e-01  
  3.324619824588e-07  ,-5.964108548441e-01  ,-5.779385092843e-01  
  3.346844906509e-07  ,-6.205240062914e-01  ,-6.004817218998e-01  
  3.370958710611e-07  ,-6.432626356051e-01  ,-6.216231922054e-01  
  3.419186318815e-07  ,-6.775609977660e-01  ,-6.530955867662e-01  
  3.489631558359e-07  ,-6.996286731404e-01  ,-6.720572704614e-01  
  3.571006799638e-07  ,-6.826553330150e-01  ,-6.532240196196e-01  
  3.706994796693e-07  ,-5.571343703706e-01  ,-5.290658056549e-01  
  3.819260145128e-07  ,-3.764514854257e-01  ,-3.534255613392e-01  
  3.872181619108e-07  ,-2.735939804353e-01  ,-2.539850217939e-01  
  3.885868335664e-07  ,-2.456451764691e-01  ,-2.270162061989e-01  
  3.900778810084e-07  ,-2.146823825543e-01  ,-1.971568116216e-01  
  3.924330095351e-07  ,-1.648438844593e-01  ,-1.491295517705e-01  
  3.971432665884e-07  ,-6.273854829654e-02  ,-5.086018814383e-02  
  4.009259263575e-07  ,2.035931260714e-02  ,2.899954742670e-02  
  4.052904764712e-07  ,1.158087438876e-01  ,1.205799491425e-01  
  4.084662864506e-07  ,1.839959089517e-01  ,1.859066938732e-01  
  4.117788145840e-07  ,2.531584564280e-01  ,2.520638751723e-01  
  4.184038708508e-07  ,3.825473340038e-01  ,3.755300607698e-01  
  4.233562717736e-07  ,4.687661767416e-01  ,4.574811307118e-01  
  4.287504921257e-07  ,5.497285516397e-01  ,5.340654909122e-01  
  4.315310488045e-07  ,5.854397467275e-01  ,5.676608774862e-01  
  4.327406505644e-07  ,5.995961892680e-01  ,5.809316640184e-01  
  4.344922820628e-07  ,6.185565028800e-01  ,5.986547758081e-01  
  4.378983149827e-07  ,6.500170313900e-01  ,6.278791867843e-01  
  4.447103808224e-07  ,6.903568939208e-01  ,6.645136230494e-01  
  4.515492687523e-07  ,6.991710361795e-01  ,6.707998908662e-01  
  4.589670667946e-07  ,6.724072763985e-01  ,6.428307372566e-01  
  4.697078237832e-07  ,5.700646772870e-01  ,5.417211805537e-01  
  4.791506896317e-07  ,4.264116939687e-01  ,4.018557643549e-01  
  4.842476318181e-07  ,3.324453048420e-01  ,3.108595231603e-01  
  4.867275575697e-07  ,2.834918369620e-01  ,2.635649362990e-01  
  4.885058248937e-07  ,2.473125597683e-01  ,2.286465750039e-01  
  4.908643061817e-07  ,1.981575678210e-01  ,1.812471672290e-01  
  4.955812687576e-07  ,9.686117914643e-02  ,8.369013164886e-02  
  4.990308875740e-07  ,2.130860305193e-02  ,1.103370962507e-02  
  5.022715176046e-07  ,-4.991089399049e-02  ,-5.736857574585e-02  
  5.041345352829e-07  ,-9.066772719967e-02  ,-9.647309278146e-02  
  5.063935513198e-07  ,-1.396580264419e-01  ,-1.434399214644e-01  
  5.096960211694e-07  ,-2.099444650485e-01  ,-2.107406162631e-01  
  5.154471243322e-07  ,-3.265227788076e-01  ,-3.221346757737e-01  
  5.211632097661e-07  ,-4.318652862967e-01  ,-4.224292667669e-01  
  5.270588541925e-07  ,-5.259327676875e-01  ,-5.115705045563e-01  
  5.301903332174e-07  ,-5.687620184008e-01  ,-5.519544600860e-01  
  5.332692856491e-07  ,-6.055123148828e-01  ,-5.864408170396e-01  
  5.355644370019e-07  ,-6.292414275925e-01  ,-6.085885367971e-01  
  5.380879486501e-07  ,-6.515530416041e-01  ,-6.292791942578e-01  
  5.431349719465e-07  ,-6.837830802026e-01  ,-6.586827339585e-01  
  5.510117257535e-07  ,-6.996464451186e-01  ,-6.714215716498e-01  
  5.590836847723e-07  ,-6.716898233828e-01  ,-6.421217574957e-01  
  5.696918214262e-07  ,-5.702688309253e-01  ,-5.419315044881e-01  
  5.792315448225e-07  ,-4.250002029093e-01  ,-4.004929868978e-01  
  5.843426431119e-07  ,-3.306050896059e-01  ,-3.090839082316e-01  
  5.867510432899e-07  ,-2.830195327551e-01  ,-2.631116663562e-01  
  5.885775531232e-07  ,-2.458362746417e-01  ,-2.272245943037e-01  
  5.909505630434e-07  ,-1.963375459976e-01  ,-1.794947529583e-01  
  5.956965828836e-07  ,-9.434905379252e-02  ,-8.127404014271e-02  
  5.991689259708e-07  ,-1.827419610238e-02  ,-8.118310129049e-03  
  6.024963552654e-07  ,5.484146183063e-02  ,6.210044348188e-02  
  6.043888027370e-07  ,9.620930562719e-02  ,1.017876220457e-01  
  6.065029049814e-07  ,1.420136627079e-01  ,1.456964926267e-01  
  6.102699185312e-07  ,2.219493502775e-01  ,2.222244610789e-01  
  6.161633277833e-07  ,3.403706069300e-01  ,3.353429965994e-01  
  6.209398950040e-07  ,4.279897638850e-01  ,4.187661639548e-01  
  6.261865938604e-07  ,5.130782354260e-01  ,4.994535595954e-01  
  6.292890156209e-07  ,5.569811616720e-01  ,5.408928137677e-01  
  6.322647775114e-07  ,5.941290561275e-01  ,5.757976549904e-01  
  6.331666702926e-07  ,6.043769256552e-01  ,5.853917792884e-01  
  6.349704558551e-07  ,6.234093362993e-01  ,6.031661804445e-01  
  6.385780269802e-07  ,6.554153821679e-01  ,6.328472571004e-01  
  6.457931692302e-07  ,6.938955626371e-01  ,6.675727864415e-01  
  6.528652603328e-07  ,6.971659813792e-01  ,6.684860037289e-01  
  6.601563985050e-07  ,6.646687019877e-01  ,6.350683271236e-01  
  6.700179869831e-07  ,5.660793046068e-01  ,5.378259705725e-01  
  6.788856680095e-07  ,4.310188459826e-01  ,4.063322023263e-01  
  6.836868221462e-07  ,3.432463999893e-01  ,3.213158365648e-01  
  6.865321988761e-07  ,2.874145479636e-01  ,2.673631030848e-01  
  6.875829170048e-07  ,2.661928566520e-01  ,2.468757828809e-01  
  6.892950604260e-07  ,2.310013348375e-01  ,2.129222163137e-01  
  6.927193472683e-07  ,1.587174927651e-01  ,1.432494308965e-01  
  6.995679209530e-07  ,9.501622720189e-03  ,-3.087327780845e-04  
  7.035450408757e-07  ,-7.779845944735e-02  ,-8.413560264441e-02  
  7.059966544211e-07  ,-1.310946495451e-01  ,-1.352407935338e-01  
  7.082113395035e-07  ,-1.785806365674e-01  ,-1.807272158135e-01  
  7.126407096684e-07  ,-2.707345985822e-01  ,-2.688680532228e-01  
  7.178061971962e-07  ,-3.714733464609e-01  ,-3.649701058308e-01  
  7.222221563160e-07  ,-4.499502165111e-01  ,-4.396064624799e-01  
  7.273429403603e-07  ,-5.300345627015e-01  ,-5.154648978937e-01  
  7.299793283045e-07  ,-5.660445728203e-01  ,-5.494146446611e-01  
  7.325207213461e-07  ,-5.970860839526e-01  ,-5.785655496977e-01  
  7.348412046731e-07  ,-6.221114359857e-01  ,-6.019575327745e-01  
  7.372652510703e-07  ,-6.447225393894e-01  ,-6.229718245889e-01  
  7.421133438647e-07  ,-6.786237880498e-01  ,-6.540532307031e-01  
  7.491675535738e-07  ,-6.997606377693e-01  ,-6.721176165049e-01  
  7.573646823466e-07  ,-6.813474762507e-01  ,-6.518884791178e-01  
  7.717323819697e-07  ,-5.430915488411e-01  ,-5.153570060819e-01  
  7.842493573725e-07  ,-3.324119099986e-01  ,-3.107931954941e-01  
  7.900585750639e-07  ,-2.150864432849e-01  ,-1.975007357430e-01  
  7.913620541394e-07  ,-1.876354610252e-01  ,-1.710453677198e-01  
  7.926543573439e-07  ,-1.601091411753e-01  ,-1.445311395605e-01  
  7.952389637530e-07  ,-1.043106999717e-01  ,-9.081905120901e-02  
  7.990961293280e-07  ,-1.987448309341e-02  ,-9.629956405289e-03  
  8.028705934584e-07  ,6.304211401216e-02  ,6.998742461974e-02  
  8.049381295741e-07  ,1.081600690550e-01  ,1.132618602474e-01  
  8.068421254456e-07  ,1.493101751417e-01  ,1.526980253017e-01  
  8.106501171887e-07  ,2.298629233662e-01  ,2.297973697598e-01  
  8.170427153409e-07  ,3.571372160627e-01  ,3.513155994579e-01  
  8.218535552323e-07  ,4.437106502422e-01  ,4.336913170589e-01  
  8.270771572888e-07  ,5.261983040931e-01  ,5.118475754080e-01  
  8.297712872326e-07  ,5.633409450634e-01  ,5.468753420212e-01  
  8.324020872414e-07  ,5.957202419301e-01  ,5.772903318517e-01  
  8.345169345438e-07  ,6.188101152795e-01  ,5.988828167756e-01  
  8.369163940251e-07  ,6.416958301208e-01  ,6.201711917020e-01  
  8.417153129876e-07  ,6.764241703171e-01  ,6.520723767671e-01  
  8.487747381032e-07  ,6.994814722290e-01  ,6.719789374086e-01  
  8.568332860768e-07  ,6.839321234906e-01  ,6.545317158243e-01  
  8.696184823811e-07  ,5.712026254610e-01  ,5.428249976644e-01  
  8.804799387753e-07  ,4.028645390660e-01  ,3.790201354748e-01  
  8.856417010128e-07  ,3.051559718777e-01  ,2.844835091365e-01  
  8.872053916156e-07  ,2.738524529722e-01  ,2.542560828966e-01  
  8.891075248420e-07  ,2.348903938039e-01  ,2.166614062210e-01  
  8.922125543058e-07  ,1.695516123085e-01  ,1.536772283585e-01  
  8.984226132333e-07  ,3.467435101858e-02  ,2.388142858129e-02  
  9.022388006151e-07  ,-4.919321478858e-02  ,-5.668387758334e-02  
  9.046680624187e-07  ,-1.022884848086e-01  ,-1.076230187893e-01  
  9.077473873794e-07  ,-1.686967820238e-01  ,-1.712566352364e-01  
  9.112756098211e-07  ,-2.428102408785e-01  ,-2.421650855857e-01  
  9.173545385301e-07  ,-3.630177052025e-01  ,-3.569204684433e-01  
  9.219463313520e-07  ,-4.452867721781e-01  ,-4.351896456190e-01  
  9.271013880670e-07  ,-5.265495700797e-01  ,-5.121801739031e-01  
  9.297608728111e-07  ,-5.632049695137e-01  ,-5.467478540249e-01  
  9.323488319814e-07  ,-5.951044185255e-01  ,-5.767133169826e-01  
  9.344674045742e-07  ,-6.183001995984e-01  ,-5.984069424204e-01  
  9.368582958877e-07  ,-6.411842695565e-01  ,-6.196968501868e-01  
  9.416400785148e-07  ,-6.759965100114e-01  ,-6.516797608409e-01  
  9.486317033470e-07  ,-6.993533616717e-01  ,-6.718984822551e-01  
  9.566917414367e-07  ,-6.845884607938e-01  ,-6.552033086391e-01  
  9.691923255622e-07  ,-5.765685393950e-01  ,-5.480775749333e-01  
  9.798943395317e-07  ,-4.133272342531e-01  ,-3.891642734318e-01  
  9.856089348495e-07  ,-3.058043026219e-01  ,-2.851106496514e-01  
  9.872469449937e-07  ,-2.730112454454e-01  ,-2.534449006332e-01  
  9.893301273286e-07  ,-2.302732336018e-01  ,-2.122085453591e-01  
  9.919758284986e-07  ,-1.745977299467e-01  ,-1.585420020084e-01  
  9.972672308385e-07  ,-6.002293454812e-02  ,-4.825727341698e-02  
  1.001503630966e-06  ,3.305427575118e-02  ,4.118712202059e-02  
  1.005885317415e-06  ,1.286887440771e-01  ,1.329247591269e-01  
  1.009889259428e-06  ,2.139944719583e-01  ,2.146107584536e-01  
  1.013646587223e-06  ,2.909950052129e-01  ,2.882075158570e-01  
  1.018261476845e-06  ,3.799210813451e-01  ,3.730145863742e-01  
  1.023165448993e-06  ,4.656412544156e-01  ,4.545003601180e-01  
  1.027944251388e-06  ,5.385769766175e-01  ,5.235109624731e-01  
  1.030319869012e-06  ,5.704178831896e-01  ,5.535106264746e-01  
  1.031610309571e-06  ,5.863934754254e-01  ,5.685196735061e-01  
  1.033370881766e-06  ,6.066302273589e-01  ,5.874826753342e-01  
  1.036041542381e-06  ,6.337673741290e-01  ,6.127944870971e-01  
  1.041305377573e-06  ,6.740482104229e-01  ,6.499026126810e-01  
  1.047411873430e-06  ,6.976874052409e-01  ,6.706797950444e-01  
  1.055147066206e-06  ,6.908685276852e-01  ,6.616995840186e-01  
  1.064542248338e-06  ,6.282100065916e-01  ,5.988356017734e-01  
  1.073919549078e-06  ,5.114875144323e-01  ,4.845342566308e-01  
  1.083796038717e-06  ,3.411511580204e-01  ,3.192980841522e-01  
  1.088774516672e-06  ,2.417760424929e-01  ,2.232961708699e-01  
  1.089885770768e-06  ,2.186995825013e-01  ,2.010402751103e-01  
  1.090988084167e-06  ,1.955453986306e-01  ,1.787198659534e-01  
  1.093192710966e-06  ,1.485616234969e-01  ,1.334535850394e-01  
  1.097601964563e-06  ,5.268568351348e-02  ,4.119809182182e-02  
  1.101268395275e-06  ,-2.788608776219e-02  ,-3.622728621142e-02  
  1.104587256402e-06  ,-1.005302146081e-01  ,-1.059373248618e-01  
  1.107459082693e-06  ,-1.625366634082e-01  ,-1.653629868144e-01  
  1.110333144158e-06  ,-2.232675736174e-01  ,-2.234818236567e-01  
  1.116081267089e-06  ,-3.387925683934e-01  ,-3.338218870991e-01  
  1.120711057872e-06  ,-4.239965519204e-01  ,-4.149545816714e-01  
  1.125774472445e-06  ,-5.068701731674e-01  ,-4.935673476755e-01  
  1.128807603806e-06  ,-5.505052030713e-01  ,-5.347784886004e-01  
  1.132083624095e-06  ,-5.920128871937e-01  ,-5.738037178632e-01  
  1.133064865559e-06  ,-6.032442987346e-01  ,-5.843227040318e-01  
  1.134884856135e-06  ,-6.225509186246e-01  ,-6.023583653112e-01  
  1.138524837285e-06  ,-6.550036903335e-01  ,-6.324623328525e-01  
  1.145804799587e-06  ,-6.939292202706e-01  ,-6.675991811772e-01  
  1.152826226741e-06  ,-6.972426210004e-01  ,-6.685707991576e-01  
  1.160071916372e-06  ,-6.652491450079e-01  ,-6.356494313355e-01  
  1.169985658914e-06  ,-5.664972125036e-01  ,-5.382343796369e-01  
  1.178878671914e-06  ,-4.311400631492e-01  ,-4.064493792315e-01  
  1.183697707444e-06  ,-3.430377542094e-01  ,-3.211135268761e-01  
  1.186571768910e-06  ,-2.866208697972e-01  ,-2.665961200225e-01  
  1.187628820032e-06  ,-2.652589573648e-01  ,-2.459738465136e-01  
  1.189330532640e-06  ,-2.302648163994e-01  ,-2.122113531063e-01  
  1.192733957857e-06  ,-1.584045406274e-01  ,-1.429476663972e-01  
  1.199540808290e-06  ,-1.009780286708e-02  ,-2.641570557180e-04  
  1.203500791878e-06  ,7.683132687018e-02  ,8.320749185841e-02  
  1.205680459231e-06  ,1.242578272133e-01  ,1.286871336565e-01  
  1.207785993308e-06  ,1.695206235796e-01  ,1.720515553587e-01  
  1.211997061461e-06  ,2.576271019111e-01  ,2.563435459686e-01  
  1.217316776007e-06  ,3.623074068906e-01  ,3.562391890418e-01  
  1.221651523799e-06  ,4.402654272502e-01  ,4.304110602372e-01  
  1.226708977908e-06  ,5.208235259034e-01  ,5.067590543771e-01  
  1.229340895504e-06  ,5.576714722057e-01  ,5.415278200912e-01  
  1.232062220067e-06  ,5.917615851035e-01  ,5.735663011247e-01  
  1.233864515513e-06  ,6.119737582999e-01  ,5.924877640679e-01  
  1.236236035317e-06  ,6.355715903449e-01  ,6.144780549139e-01  
  1.240848689765e-06  ,6.712696498602e-01  ,6.473832044047e-01  
  1.247885763139e-06  ,6.984564688458e-01  ,6.712743425790e-01  
  1.255610525101e-06  ,6.891544858209e-01  ,6.599152925716e-01  
  1.265737354249e-06  ,6.161763151803e-01  ,5.869712371015e-01  
  1.275336682290e-06  ,4.897117165935e-01  ,4.633375604685e-01  
  1.284706532449e-06  ,3.235300407849e-01  ,3.022572778269e-01  
  1.289156019181e-06  ,2.338855083060e-01  ,2.156791562119e-01  
  1.290119379252e-06  ,2.138135844554e-01  ,1.963237396573e-01  
  1.291073239833e-06  ,1.937465826893e-01  ,1.769810489591e-01  
  1.292980960995e-06  ,1.531088478260e-01  ,1.378294298077e-01  
  1.296796403319e-06  ,7.033189575122e-02  ,5.816545961797e-02  
  1.300107441336e-06  ,-2.362753894709e-03  ,-1.170973984114e-02  
  1.304623238236e-06  ,-1.013132293985e-01  ,-1.066788121513e-01  
  1.307148240000e-06  ,-1.558800588393e-01  ,-1.589782955197e-01  
  1.309802881867e-06  ,-2.121850834716e-01  ,-2.128732323413e-01  
  1.315112165600e-06  ,-3.199891738182e-01  ,-3.158815496067e-01  
  1.319957278162e-06  ,-4.106892329372e-01  ,-4.022994946548e-01  
  1.325101159006e-06  ,-4.965452763162e-01  ,-4.837947567256e-01  
  1.328276223928e-06  ,-5.432109335097e-01  ,-5.279001476514e-01  
  1.330980784684e-06  ,-5.787187787088e-01  ,-5.613303257779e-01  
  1.332065775484e-06  ,-5.918033473576e-01  ,-5.736098267608e-01  
  1.333687394351e-06  ,-6.100733049582e-01  ,-5.907152617071e-01  
  1.336837499827e-06  ,-6.410006387074e-01  ,-6.195203099086e-01  
  1.343137710780e-06  ,-6.837959671006e-01  ,-6.587011044383e-01  
  1.349392473191e-06  ,-6.998725072466e-01  ,-6.721521051411e-01  
  1.356974184006e-06  ,-6.832653536785e-01  ,-6.538454177271e-01  
  1.371441721410e-06  ,-5.471016882641e-01  ,-5.192707670073e-01  
  1.383861839265e-06  ,-3.398868811241e-01  ,-3.180238662874e-01  
  1.389642744750e-06  ,-2.237700463437e-01  ,-2.058783676231e-01  
  1.390936724335e-06  ,-1.966296405200e-01  ,-1.797178055931e-01  
  1.392219528049e-06  ,-1.694028143541e-01  ,-1.534874276331e-01  
  1.394785135478e-06  ,-1.141685389240e-01  ,-1.003087891699e-01  
  1.399198859423e-06  ,-1.761614146721e-02  ,-7.460892964552e-03  
  1.402646243066e-06  ,5.812691505236e-02  ,6.527039961622e-02  
  1.404682859272e-06  ,1.026103806741e-01  ,1.079402773682e-01  
  1.406797706574e-06  ,1.483556879765e-01  ,1.517834209787e-01  
  1.411027401179e-06  ,2.376834153789e-01  ,2.372765023518e-01  
  1.417301535100e-06  ,3.620205868787e-01  ,3.559685055606e-01  
  1.422017752618e-06  ,4.464975321322e-01  ,4.363361881294e-01  
  1.427257000893e-06  ,5.287981597050e-01  ,5.143020515182e-01  
  1.429950385779e-06  ,5.656698913711e-01  ,5.490663339989e-01  
  1.432559206575e-06  ,5.975273860853e-01  ,5.789824415374e-01  
  1.434828653425e-06  ,6.219848535013e-01  ,6.018421807518e-01  
  1.437256425112e-06  ,6.446469180347e-01  ,6.229039062989e-01  
  1.442111968488e-06  ,6.786163698755e-01  ,6.540479017144e-01  
  1.449234723538e-06  ,6.997977057298e-01  ,6.721327199678e-01  
  1.457394599408e-06  ,6.811963101349e-01  ,6.517347547873e-01  
  1.471885978669e-06  ,5.409541213560e-01  ,5.132703441652e-01  
  1.484411894768e-06  ,3.292619401114e-01  ,3.077454856830e-01  
  1.490237503737e-06  ,2.113385717332e-01  ,1.938845445973e-01  
  1.491545825690e-06  ,1.837389019367e-01  ,1.672879124166e-01  
  1.492842785507e-06  ,1.560724563988e-01  ,1.406408059597e-01  
  1.495436705142e-06  ,1.000087067393e-01  ,8.667767358195e-02  
  1.499199248344e-06  ,1.760759137040e-02  ,7.446955095366e-03  
  1.502996064216e-06  ,-6.578965052933e-02  ,-7.263159192607e-02  
  1.504794820637e-06  ,-1.050453034089e-01  ,-1.102820453216e-01  
  1.506710737437e-06  ,-1.464860320153e-01  ,-1.499985561195e-01  
  1.510542571038e-06  ,-2.276277015805e-01  ,-2.276655008987e-01  
  1.517035752028e-06  ,-3.570055057454e-01  ,-3.511936950487e-01  
  1.521897255868e-06  ,-4.444535264619e-01  ,-4.343996926448e-01  
  1.527151405305e-06  ,-5.272736890778e-01  ,-5.128657933414e-01  
  1.529856338590e-06  ,-5.644491567952e-01  ,-5.479204677680e-01  
  1.532492354006e-06  ,-5.967602427271e-01  ,-5.782664272104e-01  
  1.534676491708e-06  ,-6.204425774734e-01  ,-6.004067108164e-01  
  1.537090107292e-06  ,-6.432126363996e-01  ,-6.215776919627e-01  
  1.541917338461e-06  ,-6.775538531169e-01  ,-6.530896659341e-01  
  1.549028917640e-06  ,-6.996742786426e-01  ,-6.720805754774e-01  
  1.557129188865e-06  ,-6.825163611998e-01  ,-6.530821935898e-01  
  1.570836767048e-06  ,-5.553013665928e-01  ,-5.272832917272e-01  
  1.582096084446e-06  ,-3.732929792795e-01  ,-3.503728456959e-01  
  1.587406113237e-06  ,-2.697847481641e-01  ,-2.503102133969e-01  
  1.588721699506e-06  ,-2.428657372230e-01  ,-2.243366774633e-01  
  1.590184807271e-06  ,-2.124430602710e-01  ,-1.949993777789e-01  
  1.592522054404e-06  ,-1.629401144730e-01  ,-1.472970039122e-01  
  1.597196548671e-06  ,-6.157144246903e-02  ,-4.973879740898e-02  
  1.600910663098e-06  ,2.002379567356e-02  ,2.867632461607e-02  
  1.605269252747e-06  ,1.153484158590e-01  ,1.201379189067e-01  
  1.608455121011e-06  ,1.837589908962e-01  ,1.856793427628e-01  
  1.611760571092e-06  ,2.527843756348e-01  ,2.517059103000e-01  
  1.618371471256e-06  ,3.819504409532e-01  ,3.749613870670e-01  
  1.623311206192e-06  ,4.680296961043e-01  ,4.567822729412e-01  
  1.628697975963e-06  ,5.490128319470e-01  ,5.333903631987e-01  
  1.631472199649e-06  ,5.847292783618e-01  ,5.669935407288e-01  
  1.632686271757e-06  ,5.989782098929e-01  ,5.803525811109e-01  
  1.634440324694e-06  ,6.180207766186e-01  ,5.981546228762e-01  
  1.637796438724e-06  ,6.491823160748e-01  ,6.271076651313e-01  
  1.644508666784e-06  ,6.896092711489e-01  ,6.638592391458e-01  
  1.651331163436e-06  ,6.993879776888e-01  ,6.710769338504e-01  
  1.658783234149e-06  ,6.735199141575e-01  ,6.439528676274e-01  
  1.669690884143e-06  ,5.702807840551e-01  ,5.419327559945e-01  
  1.679239548236e-06  ,4.248603378169e-01  ,4.003497611137e-01  
  1.684387154371e-06  ,3.297419642559e-01  ,3.082434343867e-01  
  1.685845978051e-06  ,3.011067604130e-01  ,2.805761396228e-01  
  1.687838635832e-06  ,2.609832510162e-01  ,2.418388053544e-01  
  1.690122983843e-06  ,2.137381023586e-01  ,1.962663992534e-01  
  1.694691679865e-06  ,1.161957208959e-01  ,1.023010446193e-01  
  1.698459438473e-06  ,3.386549282538e-02  ,2.310529642326e-02  
  1.701798788697e-06  ,-3.953637873356e-02  ,-4.740953698368e-02  
  1.703922576696e-06  ,-8.604380397383e-02  ,-9.203816296800e-02  
  1.706634588033e-06  ,-1.448480794712e-01  ,-1.484081859815e-01  
  1.709356657654e-06  ,-2.028132400525e-01  ,-2.039081241884e-01  
  1.714800796896e-06  ,-3.138839154345e-01  ,-3.100651171615e-01  
  1.720186821610e-06  ,-4.147663539348e-01  ,-4.061694294750e-01  
  1.726343236357e-06  ,-5.154153453246e-01  ,-5.016272965819e-01  
  1.729997746140e-06  ,-5.662827610813e-01  ,-5.496220995138e-01  
  1.733396328479e-06  ,-6.069092628327e-01  ,-5.877448167383e-01  
  1.734484485775e-06  ,-6.184762213437e-01  ,-5.985518263424e-01  
  1.736505828291e-06  ,-6.380350270816e-01  ,-6.167582685247e-01  
  1.740548513323e-06  ,-6.693680341271e-01  ,-6.456388314776e-01  
  1.748633883387e-06  ,-6.993554202284e-01  ,-6.718976805918e-01  
  1.756360135466e-06  ,-6.860730778496e-01  ,-6.567279710744e-01  
  1.767986021429e-06  ,-5.911942065976e-01  ,-5.624216842901e-01  
  1.778243980795e-06  ,-4.420496006854e-01  ,-4.170390128912e-01  
  1.783966771752e-06  ,-3.378677292683e-01  ,-3.161217466841e-01  
  1.789429537445e-06  ,-2.282076449389e-01  ,-2.102359396884e-01  
  1.790297995746e-06  ,-2.100699790753e-01  ,-1.927457844981e-01  
  1.791254464030e-06  ,-1.899138296222e-01  ,-1.733163595262e-01  
  1.793167400599e-06  ,-1.491055008328e-01  ,-1.339988246705e-01  
  1.796993273735e-06  ,-6.602307967644e-02  ,-5.403941682188e-02  
  1.800336349249e-06  ,7.396568658812e-03  ,1.653559946002e-02  
  1.804601061583e-06  ,1.008306498005e-01  ,1.062157064872e-01  
  1.807194608688e-06  ,1.568739894008e-01  ,1.599315501371e-01  
  1.809831741691e-06  ,2.127897972760e-01  ,2.134547940634e-01  
  1.815106007695e-06  ,3.198687256494e-01  ,3.157681767158e-01  
  1.819918337703e-06  ,4.099954528468e-01  ,4.016402105203e-01  
  1.825023475528e-06  ,4.953396587617e-01  ,4.826530641725e-01  
  1.828199658036e-06  ,5.421473850689e-01  ,5.268965314602e-01  
  1.830871808767e-06  ,5.773671575562e-01  ,5.600598457447e-01  
  1.831963691354e-06  ,5.906013224460e-01  ,5.724822275569e-01  
  1.833578232169e-06  ,6.088926174721e-01  ,5.896111770560e-01  
  1.836650851607e-06  ,6.393402819522e-01  ,6.179800031428e-01  
  1.842796090484e-06  ,6.821495241818e-01  ,6.572266021876e-01  
  1.848976347089e-06  ,6.996380606416e-01  ,6.720590476856e-01  
  1.856593820691e-06  ,6.850345948106e-01  ,6.556588059590e-01  
  1.869745585561e-06  ,5.695823519447e-01  ,5.412451326440e-01  
  1.880671116948e-06  ,3.994191302288e-01  ,3.756840112732e-01  
  1.885873112321e-06  ,3.005679640182e-01  ,2.800513326410e-01  
  1.887456174433e-06  ,2.687685600553e-01  ,2.493482058890e-01  
  1.889259959996e-06  ,2.317298514560e-01  ,2.136124331542e-01  
  1.892537097871e-06  ,1.626183604016e-01  ,1.469975212640e-01  
  1.899091373622e-06  ,1.997902413803e-02  ,9.755784577163e-03  
  1.902967165649e-06  ,-6.515692386114e-02  ,-7.200708703792e-02  
  1.905383016407e-06  ,-1.178152673694e-01  ,-1.225122521940e-01  
  1.907606269658e-06  ,-1.656832603457e-01  ,-1.683781031435e-01  
  1.912052776158e-06  ,-2.587659385267e-01  ,-2.574294820677e-01  
  1.917637731373e-06  ,-3.683281005143e-01  ,-3.619888683662e-01  
  1.922131176531e-06  ,-4.484157146359e-01  ,-4.381657272184e-01  
  1.927326466382e-06  ,-5.297978521715e-01  ,-5.152512949692e-01  
  1.929991911590e-06  ,-5.662073264051e-01  ,-5.495760170144e-01  
  1.932563106954e-06  ,-5.975720621843e-01  ,-5.790271602459e-01  
  1.934878002346e-06  ,-6.224819921794e-01  ,-6.023077218575e-01  
  1.937310616910e-06  ,-6.451104544237e-01  ,-6.233347135217e-01  
  1.942175846040e-06  ,-6.789595598054e-01  ,-6.543585934698e-01  
  1.949274014175e-06  ,-6.998179438955e-01  ,-6.721400907290e-01  
  1.957466672599e-06  ,-6.808296650997e-01  ,-6.513613723876e-01  
  1.972177098930e-06  ,-5.368684176931e-01  ,-5.092827612655e-01  
  1.985887657344e-06  ,-3.002790582587e-01  ,-2.797784786568e-01  
  1.993891071022e-06  ,-1.335191905135e-01  ,-1.188991612467e-01  
  1.996041681111e-06  ,-8.682380082384e-02  ,-7.396423556958e-02  
  1.998333107173e-06  ,-3.664013606887e-02  ,-2.571571471795e-02  
  2.001244049013e-06  ,2.735110240037e-02  ,3.574840413042e-02  
  2.003348465502e-06  ,7.350086681241e-02  ,8.003593439297e-02  
  2.005367945373e-06  ,1.174885528120e-01  ,1.222184535745e-01  
  2.007219973445e-06  ,1.574175519346e-01  ,1.604771303156e-01  
  2.010924029589e-06  ,2.355439628411e-01  ,2.352431334985e-01  
  2.016665446997e-06  ,3.499767712584e-01  ,3.444961655776e-01  
  2.021230417728e-06  ,4.330274962840e-01  ,4.235434867710e-01  
  2.026285636663e-06  ,5.145574044948e-01  ,5.008419220826e-01  
  2.029353040695e-06  ,5.578328614499e-01  ,5.416862045317e-01  
  2.032183888793e-06  ,5.931865170538e-01  ,5.749073554930e-01  
  2.033158983529e-06  ,6.042916223126e-01  ,5.853083936284e-01  
  2.035058509052e-06  ,6.242876540212e-01  ,6.039819580280e-01  
  2.038857560098e-06  ,6.575488791307e-01  ,6.348102244955e-01  
  2.046455662191e-06  ,6.956649986106e-01  ,6.690506349763e-01  
  2.053412269294e-06  ,6.959817361929e-01  ,6.671496466040e-01  
  2.060613255441e-06  ,6.614488066301e-01  ,6.318392052439e-01  
  2.070194702089e-06  ,5.637845842489e-01  ,5.355846367516e-01  
  2.078859727323e-06  ,4.314682002038e-01  ,4.067740355664e-01  
  2.083551357925e-06  ,3.458395673040e-01  ,3.238303053056e-01  
  2.086428027093e-06  ,2.895018523562e-01  ,2.693843527532e-01  
  2.087468873203e-06  ,2.685106829708e-01  ,2.491181720221e-01  
  2.089170585811e-06  ,2.335835567328e-01  ,2.154173588508e-01  
  2.092574011028e-06  ,1.618286972701e-01  ,1.462497507917e-01  
  2.099380861461e-06  ,1.361470907364e-02  ,3.645450904299e-03  
  2.103343080223e-06  ,-7.338309193791e-02  ,-7.989779682374e-02  
  2.105435575783e-06  ,-1.189544586756e-01  ,-1.236021131349e-01  
  2.107473682106e-06  ,-1.628489293868e-01  ,-1.656615112243e-01  
  2.111549894750e-06  ,-2.484584955380e-01  ,-2.475761701295e-01  
  2.117216061294e-06  ,-3.604105116134e-01  ,-3.544444201544e-01  
  2.121678959072e-06  ,-4.407343221670e-01  ,-4.308707768236e-01  
  2.126804213464e-06  ,-5.222205091615e-01  ,-5.080916503388e-01  
  2.129456992686e-06  ,-5.592108845896e-01  ,-5.429881557629e-01  
  2.132145162165e-06  ,-5.927339066585e-01  ,-5.744864724936e-01  
  2.134024943650e-06  ,-6.136787485865e-01  ,-5.940878897711e-01  
  2.136399816215e-06  ,-6.370725047109e-01  ,-6.158778602734e-01  
  2.141149561346e-06  ,-6.731157654348e-01  ,-6.490675060014e-01  
  2.148122559726e-06  ,-6.987827658081e-01  ,-6.715141715233e-01  
  2.155959080398e-06  ,-6.877691259504e-01  ,-6.584798220630e-01  
  2.166751991451e-06  ,-6.052774108170e-01  ,-5.762484819144e-01  
  2.176868389785e-06  ,-4.650853589663e-01  ,-4.394070370037e-01  
  2.183327298105e-06  ,-3.501149339926e-01  ,-3.279672691508e-01  
  2.187261204660e-06  ,-2.727224651430e-01  ,-2.531799737609e-01  
  2.188458699226e-06  ,-2.482818005259e-01  ,-2.295924489130e-01  
  2.189685623586e-06  ,-2.228763670405e-01  ,-2.050869463845e-01  
  2.192139472306e-06  ,-1.711104635799e-01  ,-1.551903200649e-01  
  2.197047169745e-06  ,-6.484303414938e-02  ,-5.289876611256e-02  
  2.200950528920e-06  ,2.090011618589e-02  ,2.950960164787e-02  
  2.205441738904e-06  ,1.190880192337e-01  ,1.237176882334e-01  
  2.208594079554e-06  ,1.867059149704e-01  ,1.884968076815e-01  
  2.211961369455e-06  ,2.568971242329e-01  ,2.556341084670e-01  
  2.218671362340e-06  ,3.874600904175e-01  ,3.802062764608e-01  
  2.223741482437e-06  ,4.750229581790e-01  ,4.634146455631e-01  
  2.229199777782e-06  ,5.557903081880e-01  ,5.397841746438e-01  
  2.232069368899e-06  ,5.918455484371e-01  ,5.736769715418e-01  
  2.233255501330e-06  ,6.053601636907e-01  ,5.863324645060e-01  
  2.235004525125e-06  ,6.237497384482e-01  ,6.035021990267e-01  
  2.238502572715e-06  ,6.548308179756e-01  ,6.323249040626e-01  
  2.245498667896e-06  ,6.930124321634e-01  ,6.668156235266e-01  
  2.252739142120e-06  ,6.974098261934e-01  ,6.687359447498e-01  
  2.260063807905e-06  ,6.653046086447e-01  ,6.356938146761e-01  
  2.270004372537e-06  ,5.662553709862e-01  ,5.379903790458e-01  
  2.278928677976e-06  ,4.302731807117e-01  ,4.056048599071e-01  
  2.283755164087e-06  ,3.419357802357e-01  ,3.200451415519e-01  
  2.286521937191e-06  ,2.876202998008e-01  ,2.675593573505e-01  
  2.287564832211e-06  ,2.665606407552e-01  ,2.472285730612e-01  
  2.289300817490e-06  ,2.308818189657e-01  ,2.128050798688e-01  
  2.292772788048e-06  ,1.575726536291e-01  ,1.421452201631e-01  
  2.299716729164e-06  ,6.229368814468e-03  ,-3.454030822043e-03  
  2.303734827280e-06  ,-8.194481616425e-02  ,-8.811477987550e-02  
  2.306200969458e-06  ,-1.355055439190e-01  ,-1.394693448340e-01  
  2.308546039701e-06  ,-1.856875229153e-01  ,-1.875316491526e-01  
  2.313236180186e-06  ,-2.827625286692e-01  ,-2.803492745079e-01  
  2.318434450269e-06  ,-3.831103306469e-01  ,-3.760464436586e-01  
  2.324162456632e-06  ,-4.817810410693e-01  ,-4.698036897396e-01  
  2.329490366817e-06  ,-5.596520394243e-01  ,-5.433813680248e-01  
  2.331864121795e-06  ,-5.894230542267e-01  ,-5.713670043645e-01  
  2.333004246891e-06  ,-6.025669549544e-01  ,-5.836846307170e-01  
  2.334711547434e-06  ,-6.207991524337e-01  ,-6.007219291912e-01  
  2.338126148522e-06  ,-6.518596594533e-01  ,-6.295620542705e-01  
  2.344955350697e-06  ,-6.912275569460e-01  ,-6.652618032088e-01  
  2.351976777852e-06  ,-6.986505899521e-01  ,-6.701601370102e-01  
  2.359368498862e-06  ,-6.698997223147e-01  ,-6.403133813472e-01  
  2.369772489607e-06  ,-5.692382216708e-01  ,-5.409214097029e-01  
  2.379011209548e-06  ,-4.288401291937e-01  ,-4.042199903506e-01  
  2.384006078780e-06  ,-3.371104216174e-01  ,-3.153791496006e-01  
  2.386670406401e-06  ,-2.846405172444e-01  ,-2.646815564309e-01  
  2.388389627874e-06  ,-2.497014175789e-01  ,-2.309579049703e-01  
  2.390702288091e-06  ,-2.015722093199e-01  ,-1.845439352623e-01  
  2.395327608526e-06  ,-1.023826628726e-01  ,-8.900717500462e-02  
  2.398975785315e-06  ,-2.251977091503e-02  ,-1.219992367577e-02  
  2.402227963746e-06  ,4.895548594979e-02  ,5.645059412935e-02  
  2.404117430985e-06  ,9.029473955892e-02  ,9.611465800636e-02  
  2.406447227538e-06  ,1.408144976154e-01  ,1.445428668262e-01  
  2.409685622394e-06  ,2.097263003611e-01  ,2.105226307157e-01  
  2.415417354047e-06  ,3.259435418810e-01  ,3.215742545754e-01  
  2.421119283378e-06  ,4.311046378755e-01  ,4.217019929686e-01  
  2.427013437688e-06  ,5.252731263489e-01  ,5.109447329828e-01  
  2.430153857410e-06  ,5.682940449214e-01  ,5.515123308340e-01  
  2.433244358242e-06  ,6.052370834009e-01  ,5.861820582542e-01  
  2.435500766575e-06  ,6.286267192884e-01  ,6.080153695701e-01  
  2.438019807875e-06  ,6.510037683879e-01  ,6.287711686023e-01  
  2.443057890475e-06  ,6.834183167905e-01  ,6.583620290512e-01  
  2.450949545443e-06  ,6.996885652344e-01  ,6.715036228613e-01  
  2.459005113184e-06  ,6.721742002025e-01  ,6.426288280160e-01  
  2.469653482974e-06  ,5.707573559000e-01  ,5.424204441766e-01  
  2.479221518576e-06  ,4.251753804627e-01  ,4.006679782916e-01  
  2.484349753201e-06  ,3.304672600066e-01  ,3.089535934721e-01  
  2.486771936953e-06  ,2.825992260061e-01  ,2.627081163722e-01  
  2.488590809941e-06  ,2.455632905866e-01  ,2.269631273002e-01  
  2.490963819861e-06  ,1.960576986696e-01  ,1.792265431972e-01  
  2.495709839702e-06  ,9.406017321162e-02  ,8.099706065356e-02  
  2.499185908079e-06  ,1.790086473260e-02  ,7.760238918208e-03  
  2.502530101180e-06  ,-5.558126127701e-02  ,-6.281000685434e-02  
  2.504428509116e-06  ,-9.707413272761e-02  ,-1.026166505308e-01  
  2.506521749735e-06  ,-1.424194374630e-01  ,-1.460849737458e-01  
  2.510362524033e-06  ,-2.238798301533e-01  ,-2.240707865549e-01  
  2.516293931246e-06  ,-3.428774601587e-01  ,-3.377335435196e-01  
  2.521047401667e-06  ,-4.298581326263e-01  ,-4.205419004722e-01  
  2.526287395000e-06  ,-5.145836196696e-01  ,-5.008771818918e-01  
  2.529397267342e-06  ,-5.584198729924e-01  ,-5.422481166096e-01  
  2.532285484910e-06  ,-5.943697282407e-01  ,-5.760236160721e-01  
  2.533256295562e-06  ,-6.053689334976e-01  ,-5.863229393649e-01  
  2.535184505820e-06  ,-6.255361430176e-01  ,-6.051506746652e-01  
  2.539040926337e-06  ,-6.589208637385e-01  ,-6.360764440408e-01  
  2.546753767371e-06  ,-6.963629386767e-01  ,-6.696282107874e-01  
  2.553764018655e-06  ,-6.951116172823e-01  ,-6.662059109258e-01  
  2.561078253627e-06  ,-6.580316188604e-01  ,-6.284266269422e-01  
  2.570509198546e-06  ,-5.596577806027e-01  ,-5.315503022214e-01  
  2.579065445304e-06  ,-4.278968266981e-01  ,-4.033105580398e-01  
  2.583672139287e-06  ,-3.435277725614e-01  ,-3.215952686711e-01  
  2.586170691490e-06  ,-2.946447840897e-01  ,-2.743529417348e-01  
  2.587912637234e-06  ,-2.594725077189e-01  ,-2.403959435129e-01  
  2.590201828122e-06  ,-2.120863762359e-01  ,-1.946879938757e-01  
  2.594780209899e-06  ,-1.142754062873e-01  ,-1.004582659617e-01  
  2.598499912262e-06  ,-3.297644281493e-02  ,-2.225373291893e-02  
  2.601816165686e-06  ,3.991790276296e-02  ,4.777448494417e-02  
  2.603918347001e-06  ,8.595149274669e-02  ,9.194854833265e-02  
  2.606602046132e-06  ,1.441478588452e-01  ,1.477363972579e-01  
  2.609314802527e-06  ,2.019321027822e-01  ,2.030643396934e-01  
  2.614740315318e-06  ,3.126945023080e-01  ,3.089296256971e-01  
  2.620106223464e-06  ,4.133372263527e-01  ,4.048101246299e-01  
  2.626305106521e-06  ,5.148475944342e-01  ,5.010904341350e-01  
  2.629973772407e-06  ,5.659726840792e-01  ,5.493304013498e-01  
  2.633400294423e-06  ,6.069527163894e-01  ,5.877855306098e-01  
  2.634460139513e-06  ,6.182252791854e-01  ,5.983176975022e-01  
  2.636503461242e-06  ,6.380136129801e-01  ,6.167384302254e-01  
  2.640590104699e-06  ,6.696350716339e-01  ,6.458825884971e-01  
  2.648763391614e-06  ,6.994718253639e-01  ,6.719685914165e-01  
  2.656443450093e-06  ,6.857070713407e-01  ,6.563514525565e-01  
  2.668301794171e-06  ,5.874468613706e-01  ,5.587463443226e-01  
  2.678632769227e-06  ,4.353873988360e-01  ,4.105725448424e-01  
  2.684307876468e-06  ,3.312788059048e-01  ,3.097482285734e-01  
  2.688080850482e-06  ,2.560332195072e-01  ,2.370671130556e-01  
  2.689396436751e-06  ,2.288956744111e-01  ,2.108867764697e-01  
  2.690767343581e-06  ,2.002017431118e-01  ,1.832208199396e-01  
  2.693509157240e-06  ,1.417539067180e-01  ,1.269103158932e-01  
  2.698992784560e-06  ,2.214612831061e-02  ,1.184719079359e-02  
  2.702449108899e-06  ,-5.380559349804e-02  ,-6.110423491529e-02  
  2.704612757504e-06  ,-1.010851674058e-01  ,-1.064625432676e-01  
  2.707070704043e-06  ,-1.542173080018e-01  ,-1.573832401889e-01  
  2.711018021643e-06  ,-2.374893928463e-01  ,-2.370767565153e-01  
  2.717634882271e-06  ,-3.682748189994e-01  ,-3.619207258347e-01  
  2.723774160683e-06  ,-4.755505460562e-01  ,-4.638836435455e-01  
  2.729727919638e-06  ,-5.627743203830e-01  ,-5.463137188314e-01  
  2.732068519533e-06  ,-5.918355741581e-01  ,-5.736242072833e-01  
  2.733241427183e-06  ,-6.052046962560e-01  ,-5.861483549068e-01  
  2.734960462391e-06  ,-6.233093514047e-01  ,-6.030582344084e-01  
  2.738398532808e-06  ,-6.540187593097e-01  ,-6.315511701379e-01  
  2.745274673641e-06  ,-6.923010110679e-01  ,-6.661897749244e-01  
  2.752492051065e-06  ,-6.978558269910e-01  ,-6.692345160767e-01  
  2.759865890682e-06  ,-6.666450084825e-01  ,-6.370341065108e-01  
  2.769924174488e-06  ,-5.672904144518e-01  ,-5.390016170234e-01  
  2.778939377010e-06  ,-4.300875691298e-01  ,-4.054235833716e-01  
  2.783815036952e-06  ,-3.407862796579e-01  ,-3.189318323327e-01  
  2.786584417760e-06  ,-2.863670712834e-01  ,-2.663476280018e-01  
  2.788298982620e-06  ,-2.515626559890e-01  ,-2.327529080937e-01  
  2.790568056941e-06  ,-2.043972703921e-01  ,-1.872665990710e-01  
  2.795106205583e-06  ,-1.071966924315e-01  ,-9.363996207000e-02  
  2.798862788320e-06  ,-2.500327125814e-02  ,-1.458647902912e-02  
  2.802107516170e-06  ,4.631284689935e-02  ,5.391465919792e-02  
  2.804010394454e-06  ,8.796004232680e-02  ,9.387591811023e-02  
  2.806462753057e-06  ,1.411489253619e-01  ,1.448636873504e-01  
  2.809495139360e-06  ,2.057260595472e-01  ,2.066952711684e-01  
  2.815559911966e-06  ,3.287146794381e-01  ,3.242193769026e-01  
  2.821201491594e-06  ,4.325275204210e-01  ,4.230547831292e-01  
  2.827172386885e-06  ,5.275770600629e-01  ,5.131219850073e-01  
  2.830293807626e-06  ,5.700854969465e-01  ,5.531982435441e-01  
  2.833358231425e-06  ,6.064913659893e-01  ,5.873556138169e-01  
  2.835748377681e-06  ,6.310031377098e-01  ,6.102268943821e-01  
  2.838294613600e-06  ,6.532006679051e-01  ,6.307992517164e-01  
  2.843387085438e-06  ,6.849481104219e-01  ,6.597220060846e-01  
  2.851256388664e-06  ,6.994547955093e-01  ,6.711598649350e-01  
  2.859370070934e-06  ,6.698896926257e-01  ,6.402942816650e-01  
  2.869860488415e-06  ,5.681097878695e-01  ,5.397976048696e-01  
  2.879307824612e-06  ,4.236660707302e-01  ,3.991865072510e-01  
  2.884360808372e-06  ,3.302529219473e-01  ,3.087355564844e-01  
  2.885774556041e-06  ,3.025239171736e-01  ,2.819435439861e-01  
  2.887819740415e-06  ,2.613687764155e-01  ,2.422097553482e-01  
  2.890102598310e-06  ,2.141649504257e-01  ,1.966770922628e-01  
  2.894668314099e-06  ,1.167024009576e-01  ,1.027882270444e-01  
  2.898450228810e-06  ,3.406778530898e-02  ,2.329936258761e-02  
  2.901794421911e-06  ,-3.944050103144e-02  ,-4.731776362986e-02  
  2.903927895665e-06  ,-8.615988599015e-02  ,-9.214974189496e-02  
  2.906650337815e-06  ,-1.451869212239e-01  ,-1.487330057717e-01  
  2.909369054675e-06  ,-2.030741558266e-01  ,-2.041578809112e-01  
  2.914806488395e-06  ,-3.139957845186e-01  ,-3.101718290107e-01  
  2.920193258166e-06  ,-4.148803693216e-01  ,-4.062778120081e-01  
  2.926342967391e-06  ,-5.154113430274e-01  ,-5.016234631219e-01  
  2.929995614529e-06  ,-5.662552037660e-01  ,-5.495961079665e-01  
  2.933391961694e-06  ,-6.068614064914e-01  ,-5.877000032239e-01  
  2.934479932725e-06  ,-6.184293195812e-01  ,-5.985080134555e-01  
  2.936500530183e-06  ,-6.379870915422e-01  ,-6.167137343216e-01  
  2.940541725099e-06  ,-6.693243418295e-01  ,-6.455989273123e-01  
  2.948624114931e-06  ,-6.993461705389e-01  ,-6.718918877673e-01  
  2.956348876894e-06  ,-6.861221770476e-01  ,-6.567785140583e-01  
  2.967949430883e-06  ,-5.916246802476e-01  ,-5.628439888961e-01  
  2.978201429784e-06  ,-4.427747605034e-01  ,-4.177429493945e-01  
  2.983932416379e-06  ,-3.385292140869e-01  ,-3.167616467979e-01  
  2.989417533815e-06  ,-2.284571803920e-01  ,-2.104768051556e-01  
  2.990344665438e-06  ,-2.090907389074e-01  ,-1.918018093389e-01  
  2.991271703929e-06  ,-1.895488963535e-01  ,-1.729647539882e-01  
  2.993125780910e-06  ,-1.499996329891e-01  ,-1.348601036804e-01  
  2.996833934873e-06  ,-6.951066166008e-02  ,-5.739393443294e-02  
  3.000120385975e-06  ,2.647419543424e-03  ,1.197304216708e-02  
  3.004520698875e-06  ,9.908149235921e-02  ,1.045389767460e-01  
  3.007017388433e-06  ,1.530734285650e-01  ,1.562912475289e-01  
  3.009557663888e-06  ,2.070399257201e-01  ,2.079547004107e-01  
  3.014638214797e-06  ,3.106840639068e-01  ,3.070042878822e-01  
  3.019964634866e-06  ,4.108202341532e-01  ,4.024122715273e-01  
  3.026127010077e-06  ,5.121859788005e-01  ,4.985708598415e-01  
  3.029807969421e-06  ,5.638194044733e-01  ,5.473017918657e-01  
  3.033287018031e-06  ,6.057078777574e-01  ,5.866194096941e-01  
  3.034206140280e-06  ,6.155857129849e-01  ,5.958521502310e-01  
  3.036044384778e-06  ,6.337939121916e-01  ,6.128174559589e-01  
  3.039720873773e-06  ,6.638171487138e-01  ,6.405596560504e-01  
  3.047073851764e-06  ,6.970443393211e-01  ,6.701834027795e-01  
  3.054943154991e-06  ,6.915762925269e-01  ,6.624739008895e-01  
  3.063536654651e-06  ,6.376501581002e-01  ,6.081830431978e-01  
  3.074055384338e-06  ,5.094435126459e-01  ,4.825471702064e-01  
  3.083791803062e-06  ,3.412324910589e-01  ,3.193744265853e-01  
  3.088884274900e-06  ,2.395094455247e-01  ,2.211119503518e-01  
  3.090016204357e-06  ,2.159729567512e-01  ,1.984131878766e-01  
  3.091139006853e-06  ,1.923563800239e-01  ,1.756480762167e-01  
  3.093384611845e-06  ,1.444349641989e-01  ,1.294812227513e-01  
  3.097875821829e-06  ,4.667845425255e-02  ,3.542345409251e-02  
  3.101663697004e-06  ,-3.656995242479e-02  ,-4.456416031115e-02  
  3.104413333774e-06  ,-9.674362305655e-02  ,-1.023040904037e-01  
  3.107314962387e-06  ,-1.594522583452e-01  ,-1.624064338645e-01  
  3.110207277775e-06  ,-2.206424576311e-01  ,-2.209688635644e-01  
  3.115991908550e-06  ,-3.370716307272e-01  ,-3.321799141407e-01  
  3.120678323746e-06  ,-4.234235445006e-01  ,-4.144098540579e-01  
  3.125771540642e-06  ,-5.068257038282e-01  ,-4.935257281334e-01  
  3.128819200635e-06  ,-5.506626898704e-01  ,-5.349274415578e-01  
  3.132110494614e-06  ,-5.923279917148e-01  ,-5.740995901669e-01  
  3.133094902575e-06  ,-6.035791173145e-01  ,-5.846364248159e-01  
  3.134916383266e-06  ,-6.228676054813e-01  ,-6.026538854382e-01  
  3.138559344649e-06  ,-6.552709881163e-01  ,-6.327088962719e-01  
  3.145845267415e-06  ,-6.940456100214e-01  ,-6.676982054755e-01  
  3.152892026544e-06  ,-6.971128219392e-01  ,-6.684257299173e-01  
  3.160132500768e-06  ,-6.648333688696e-01  ,-6.352329152886e-01  
  3.170010480523e-06  ,-5.661763933634e-01  ,-5.379206611754e-01  
  3.178878161550e-06  ,-4.311489051200e-01  ,-4.064582556250e-01  
  3.183683040977e-06  ,-3.433188668006e-01  ,-3.213858447467e-01  
  3.186555612326e-06  ,-2.869449849614e-01  ,-2.669095196404e-01  
  3.187610614538e-06  ,-2.656294151213e-01  ,-2.463318005642e-01  
  3.189312699676e-06  ,-2.306351224970e-01  ,-2.125688603970e-01  
  3.192716869950e-06  ,-1.587705524731e-01  ,-1.433004815001e-01  
  3.199525210500e-06  ,-1.044077927768e-02  ,-5.938353371577e-04  
  3.203485939145e-06  ,7.650666328916e-02  ,8.289592794897e-02  
  3.205657783389e-06  ,1.237670473650e-01  ,1.282166204077e-01  
  3.207751396537e-06  ,1.687823480806e-01  ,1.713445417860e-01  
  3.211938622832e-06  ,2.564317386963e-01  ,2.551960408354e-01  
  3.217380526900e-06  ,3.635062395624e-01  ,3.573786703264e-01  
  3.222942385316e-06  ,4.619671474114e-01  ,4.510183260078e-01  
  3.228295627475e-06  ,5.434799620638e-01  ,5.281456323645e-01  
  3.231008011341e-06  ,5.790554107125e-01  ,5.616393163009e-01  
  3.232283364475e-06  ,5.943450950024e-01  ,5.759867903664e-01  
  3.234064798295e-06  ,6.140998982000e-01  ,5.944727108975e-01  
  3.237086753786e-06  ,6.431835358952e-01  ,6.215398346420e-01  
  3.243130664766e-06  ,6.837628035971e-01  ,6.586685024842e-01  
  3.249763916671e-06  ,6.999807470874e-01  ,6.721370387713e-01  
  3.257424603641e-06  ,6.810440991802e-01  ,6.515772494075e-01  
  3.269913266838e-06  ,5.674309115437e-01  ,5.391453377635e-01  
  3.280408154666e-06  ,4.041544846193e-01  ,3.802810551905e-01  
  3.285412709653e-06  ,3.096801259695e-01  ,2.888646605717e-01  
  3.286920520902e-06  ,2.796067403430e-01  ,2.598206574407e-01  
  3.288836437702e-06  ,2.404976743818e-01  ,2.220784332410e-01  
  3.291873294353e-06  ,1.767803974530e-01  ,1.606483043666e-01  
  3.297947007656e-06  ,4.511636515472e-02  ,3.391277552689e-02  
  3.301920402288e-06  ,-4.220623706951e-02  ,-4.998476021674e-02  
  3.304903987288e-06  ,-1.074181959440e-01  ,-1.125499334210e-01  
  3.308234769344e-06  ,-1.790787880057e-01  ,-1.812111808406e-01  
  3.311573747039e-06  ,-2.489488115898e-01  ,-2.480489836963e-01  
  3.318251702428e-06  ,-3.797405268327e-01  ,-3.728630511291e-01  
  3.323118421674e-06  ,-4.648685583548e-01  ,-4.537874138058e-01  
  3.328409824014e-06  ,-5.450591924280e-01  ,-5.296633759844e-01  
  3.331143814564e-06  ,-5.807281584096e-01  ,-5.632366417424e-01  
  3.332385081291e-06  ,-5.955237727836e-01  ,-5.771166215682e-01  
  3.334154221654e-06  ,-6.150413429808e-01  ,-5.953718373708e-01  
  3.337252173066e-06  ,-6.446104685469e-01  ,-6.228763880127e-01  
  3.343448075891e-06  ,-6.852234986614e-01  ,-6.599803328274e-01  
  3.350137952209e-06  ,-6.999934260798e-01  ,-6.720352823615e-01  
  3.357756915927e-06  ,-6.793178504858e-01  ,-6.498229269353e-01  
  3.369788113475e-06  ,-5.690381897594e-01  ,-5.407178545710e-01  
  3.380017760634e-06  ,-4.111336293448e-01  ,-3.870483800601e-01  
  3.384926948190e-06  ,-3.192239075899e-01  ,-2.980926328530e-01  
  3.386376086116e-06  ,-2.905414438609e-01  ,-2.703850346621e-01  
  3.388536381960e-06  ,-2.466837981112e-01  ,-2.280515562315e-01  
  3.391180593014e-06  ,-1.914768953397e-01  ,-1.748152589716e-01  
  3.396469015121e-06  ,-7.749125936891e-02  ,-6.506264640127e-02  
  3.400534796953e-06  ,1.176024596000e-02  ,2.073414477300e-02  
  3.405760634184e-06  ,1.259925697215e-01  ,1.303394597010e-01  
  3.407616946340e-06  ,1.659113719234e-01  ,1.685861178241e-01  
  3.409936312079e-06  ,2.149794422518e-01  ,2.155540982321e-01  
  3.414575043559e-06  ,3.094385712686e-01  ,3.058232786124e-01  
  3.419689867139e-06  ,4.059125951967e-01  ,3.977487150358e-01  
  3.425889495254e-06  ,5.086114316628e-01  ,4.951925539329e-01  
  3.429575670004e-06  ,5.607768197278e-01  ,5.444392540002e-01  
  3.433125499129e-06  ,6.039196204212e-01  ,5.849472795187e-01  
  3.434137474239e-06  ,6.148653961970e-01  ,5.951806665772e-01  
  3.436107780278e-06  ,6.343844911499e-01  ,6.133674609132e-01  
  3.440048392355e-06  ,6.660676488839e-01  ,6.426221947376e-01  
  3.447929616511e-06  ,6.985198140920e-01  ,6.713321018046e-01  
  3.455573912203e-06  ,6.892952135297e-01  ,6.600923925209e-01  
  3.465468283236e-06  ,6.189620093686e-01  ,5.897269980674e-01  
  3.474926050246e-06  ,4.961233353983e-01  ,4.695803336927e-01  
  3.484327192843e-06  ,3.309045373300e-01  ,3.093904031905e-01  
  3.488942827523e-06  ,2.382991195741e-01  ,2.199391561935e-01  
  3.489956479013e-06  ,2.172219274288e-01  ,1.996125819600e-01  
  3.490960817277e-06  ,1.961210852691e-01  ,1.792720358944e-01  
  3.492969493806e-06  ,1.533549083557e-01  ,1.380682019698e-01  
  3.496986846864e-06  ,6.616378254060e-02  ,5.415791867523e-02  
  3.500384684145e-06  ,-8.459440273532e-03  ,-1.756571154040e-02  
  3.504751469433e-06  ,-1.041026590156e-01  ,-1.093531602253e-01  
  3.507419894874e-06  ,-1.616983085770e-01  ,-1.645511524801e-01  
  3.510212745011e-06  ,-2.207565563031e-01  ,-2.210782299189e-01  
  3.515798445284e-06  ,-3.333366783607e-01  ,-3.286174183784e-01  
  3.520423765719e-06  ,-4.189522987735e-01  ,-4.101580222366e-01  
  3.525519962847e-06  ,-5.029938194069e-01  ,-4.898985131801e-01  
  3.528575818479e-06  ,-5.473422236740e-01  ,-5.317957676301e-01  
  3.531663711607e-06  ,-5.870340015847e-01  ,-5.691388907428e-01  
  3.532711635768e-06  ,-5.992666728377e-01  ,-5.806038029590e-01  
  3.534409809351e-06  ,-6.177053689083e-01  ,-5.978434560120e-01  
  3.537806156516e-06  ,-6.492622251014e-01  ,-6.271686209939e-01  
  3.544598850846e-06  ,-6.899469495293e-01  ,-6.641481043442e-01  
  3.551394525409e-06  ,-6.993283373654e-01  ,-6.709958287953e-01  
  3.558807853103e-06  ,-6.733722111587e-01  ,-6.438018389562e-01  
  3.569721463561e-06  ,-5.698905510372e-01  ,-5.415501691219e-01  
  3.579259696841e-06  ,-4.245081083470e-01  ,-4.000079870991e-01  
  3.584402087569e-06  ,-3.294522475416e-01  ,-3.079632722756e-01  
  3.585846010089e-06  ,-3.011061243837e-01  ,-2.805754277045e-01  
  3.587853941560e-06  ,-2.606708990494e-01  ,-2.415372944824e-01  
  3.590139034629e-06  ,-2.134019568988e-01  ,-1.959422344723e-01  
  3.594709220767e-06  ,-1.158153102115e-01  ,-1.019348477842e-01  
  3.598467293620e-06  ,-3.369295036488e-02  ,-2.293945424606e-02  
  3.601802918553e-06  ,3.962705371919e-02  ,4.749649599437e-02  
  3.603920001030e-06  ,8.598759138169e-02  ,9.198414959802e-02  
  3.606624561787e-06  ,1.446323557342e-01  ,1.482014237174e-01  
  3.609347748995e-06  ,2.026257236133e-01  ,2.037286305787e-01  
  3.614794123411e-06  ,3.137527321615e-01  ,3.099399266496e-01  
  3.620178658009e-06  ,4.146217217618e-01  ,4.060318972080e-01  
  3.626341033220e-06  ,5.153825608807e-01  ,5.015963206434e-01  
  3.629997405648e-06  ,5.662783594017e-01  ,5.496179930796e-01  
  3.633398968220e-06  ,6.069381866600e-01  ,5.877719005185e-01  
  3.634485449135e-06  ,6.184861434624e-01  ,5.985611111592e-01  
  3.636508281767e-06  ,6.380572193403e-01  ,6.167788896083e-01  
  3.640553947031e-06  ,6.694029861699e-01  ,6.456707477282e-01  
  3.648645277560e-06  ,6.993661260801e-01  ,6.719043621061e-01  
  3.656370039523e-06  ,6.860298148000e-01  ,6.566834436517e-01  
  3.668019767344e-06  ,5.907965064567e-01  ,5.620315472160e-01  
  3.678283687174e-06  ,4.413722069360e-01  ,4.163814560092e-01  
  3.683999772608e-06  ,3.372319539262e-01  ,3.155067210785e-01  
  3.689443166792e-06  ,2.279242742059e-01  ,2.099624400476e-01  
  3.690295140684e-06  ,2.101298703811e-01  ,1.928033544722e-01  
  3.691258500755e-06  ,1.898283854386e-01  ,1.732338573358e-01  
  3.693185220897e-06  ,1.487225823089e-01  ,1.336299081870e-01  
  3.697038661182e-06  ,6.502934037986e-02  ,5.308357114844e-02  
  3.700397382915e-06  ,-8.738679728184e-03  ,-1.782491818082e-02  
  3.704624097288e-06  ,-1.013319219863e-01  ,-1.066961777097e-01  
  3.707246329129e-06  ,-1.579822439789e-01  ,-1.609929951238e-01  
  3.709913264453e-06  ,-2.144970364630e-01  ,-2.150876996125e-01  
  3.715247135103e-06  ,-3.226261517078e-01  ,-3.183988143360e-01  
  3.720014016569e-06  ,-4.116990084636e-01  ,-4.032601184997e-01  
  3.725101273000e-06  ,-4.965470432859e-01  ,-4.837958273181e-01  
  3.728246535599e-06  ,-5.427989166654e-01  ,-5.275107271358e-01  
  3.730931724846e-06  ,-5.781111312814e-01  ,-5.607586093118e-01  
  3.732014294207e-06  ,-5.911979232791e-01  ,-5.730413767195e-01  
  3.733632746577e-06  ,-6.094831359970e-01  ,-5.901629314645e-01  
  3.736750069499e-06  ,-6.402256298414e-01  ,-6.188010640823e-01  
  3.742984715343e-06  ,-6.830683307313e-01  ,-6.580498981221e-01  
  3.749199244618e-06  ,-6.997785148474e-01  ,-6.721230264874e-01  
  3.756798836827e-06  ,-6.840931090777e-01  ,-6.546929016172e-01  
  3.770621153951e-06  ,-5.581755017499e-01  ,-5.300896265349e-01  
  3.781832787633e-06  ,-3.781783228949e-01  ,-3.551019590113e-01  
  3.787142071366e-06  ,-2.751334116322e-01  ,-2.554746135104e-01  
  3.788532908499e-06  ,-2.467552817132e-01  ,-2.280903594413e-01  
  3.790037739515e-06  ,-2.155224288487e-01  ,-1.979695444514e-01  
  3.792386907578e-06  ,-1.658290335954e-01  ,-1.500807833109e-01  
  3.797085243702e-06  ,-6.400929798933e-02  ,-5.208367776518e-02  
  3.800845551729e-06  ,1.859246694228e-02  ,2.730165494234e-02  
  3.805257785559e-06  ,1.150996790441e-01  ,1.198994910119e-01  
  3.808364305139e-06  ,1.818311431670e-01  ,1.838335456366e-01  
  3.811633247375e-06  ,2.501713115958e-01  ,2.492080831491e-01  
  3.818171131849e-06  ,3.782508523391e-01  ,3.714250668953e-01  
  3.823024440050e-06  ,4.633213275116e-01  ,4.523026843168e-01  
  3.828350860119e-06  ,5.442446521083e-01  ,5.288829326288e-01  
  3.831093046308e-06  ,5.801040591399e-01  ,5.626405407170e-01  
  3.832345116377e-06  ,5.950613905146e-01  ,5.766744644213e-01  
  3.834127295256e-06  ,6.147583735803e-01  ,5.951001641774e-01  
  3.837174210191e-06  ,6.439401151459e-01  ,6.222499342091e-01  
  3.843268040061e-06  ,6.844033452353e-01  ,6.592458851606e-01  
  3.849953446031e-06  ,6.999992513460e-01  ,6.720976158919e-01  
  3.857596251607e-06  ,6.801617032840e-01  ,6.506801821058e-01  
  3.869840535760e-06  ,5.683660273945e-01  ,5.400602557293e-01  
  3.880195352674e-06  ,4.079663888022e-01  ,3.839770728615e-01  
  3.885148498654e-06  ,3.148801813268e-01  ,2.938923791048e-01  
  3.886626321316e-06  ,2.855259558605e-01  ,2.655391019796e-01  
  3.888663310051e-06  ,2.440696180208e-01  ,2.255271541953e-01  
  3.891489687800e-06  ,1.849298648258e-01  ,1.685036244690e-01  
  3.897142443299e-06  ,6.275658048485e-02  ,5.087932280889e-02  
  3.901616516948e-06  ,-3.553378585551e-02  ,-4.357730063986e-02  
  3.906217250466e-06  ,-1.358567918347e-01  ,-1.398011989256e-01  
  3.910046103835e-06  ,-2.172759224809e-01  ,-2.177627054543e-01  
  3.914005342364e-06  ,-2.981518032568e-01  ,-2.950497506790e-01  
  3.920383039355e-06  ,-4.182344570342e-01  ,-4.094710043847e-01  
  3.926190021873e-06  ,-5.131295146407e-01  ,-4.994667719134e-01  
  3.929956290364e-06  ,-5.657463683815e-01  ,-5.491177039949e-01  
  3.933449495077e-06  ,-6.074910082187e-01  ,-5.882892751947e-01  
  3.934513437986e-06  ,-6.187741670301e-01  ,-5.988301458612e-01  
  3.936529192567e-06  ,-6.382462085023e-01  ,-6.169545194554e-01  
  3.940560701728e-06  ,-6.694464082015e-01  ,-6.457104937319e-01  
  3.948623720050e-06  ,-6.993457952438e-01  ,-6.718916354431e-01  
  3.956384244800e-06  ,-6.859676471532e-01  ,-6.566194493534e-01  
  3.968022051692e-06  ,-5.907695611074e-01  ,-5.620051647446e-01  
  3.978284481406e-06  ,-4.413586502718e-01  ,-4.163683557882e-01  
  3.983998331666e-06  ,-3.372597218567e-01  ,-3.155336287734e-01  
  3.989439490676e-06  ,-2.280007092641e-01  ,-2.100362013530e-01  
  3.990288298070e-06  ,-2.102734025788e-01  ,-1.929417813718e-01  
  3.991256314754e-06  ,-1.898746562560e-01  ,-1.732784918225e-01  
  3.993192348123e-06  ,-1.485694210547e-01  ,-1.334824192197e-01  
  3.997064414859e-06  ,-6.446541539746e-02  ,-5.253754449363e-02  
  4.000425744295e-06  ,9.362326898080e-03  ,1.842672506992e-02  
  4.004646498203e-06  ,1.018193298389e-01  ,1.071550758340e-01  
  4.007308590651e-06  ,1.593158170747e-01  ,1.622616287259e-01  
  4.010051521897e-06  ,2.173891837090e-01  ,2.178510396328e-01  
  4.015537384391e-06  ,3.282772103399e-01  ,3.237878332268e-01  
  4.020219329238e-06  ,4.153420115256e-01  ,4.067229949220e-01  
  4.025334152818e-06  ,5.001434844923e-01  ,4.871995611090e-01  
  4.028428378940e-06  ,5.453151275384e-01  ,5.298833404110e-01  
  4.031206700444e-06  ,5.814991724357e-01  ,5.639411157054e-01  
  4.032265055418e-06  ,5.941322877675e-01  ,5.757921604826e-01  
  4.033911447465e-06  ,6.124741499528e-01  ,5.929578924968e-01  
  4.037204231560e-06  ,6.441987074723e-01  ,6.224832881312e-01  
  4.043789799750e-06  ,6.867199108589e-01  ,6.613041110027e-01  
  4.050181652844e-06  ,6.999886014131e-01  ,6.720130296013e-01  
  4.057690347970e-06  ,6.796695845908e-01  ,6.501783733686e-01  
  4.069983805954e-06  ,5.665211481767e-01  ,5.382543446422e-01  
  4.080305840313e-06  ,4.059894981065e-01  ,3.820602607513e-01  
  4.085238869727e-06  ,3.131039707879e-01  ,2.921750336835e-01  
  4.086717437446e-06  ,2.836953078315e-01  ,2.637704236469e-01  
  4.088680292904e-06  ,2.437195480258e-01  ,2.251885734294e-01  
  4.091613959014e-06  ,1.822926890584e-01  ,1.659615409678e-01  
  4.097481291234e-06  ,5.533151644853e-02  ,4.373715169771e-02  
  4.102181117475e-06  ,-4.792775250950e-02  ,-5.547899799359e-02  
  4.105450432241e-06  ,-1.192764043639e-01  ,-1.239224764885e-01  
  4.109362732112e-06  ,-2.029410909032e-01  ,-2.040479256583e-01  
  4.112940873444e-06  ,-2.768097240905e-01  ,-2.746692919456e-01  
  4.118355955422e-06  ,-3.816644548181e-01  ,-3.746847119052e-01  
  4.124002750456e-06  ,-4.792270645344e-01  ,-4.673967562406e-01  
  4.129272546113e-06  ,-5.567617099138e-01  ,-5.406641270989e-01  
  4.131791959941e-06  ,-5.885655131161e-01  ,-5.705663979271e-01  
  4.132962073624e-06  ,-6.020944280918e-01  ,-5.832457848068e-01  
  4.134655590594e-06  ,-6.202296203158e-01  ,-6.001937182562e-01  
  4.138042624533e-06  ,-6.511880226151e-01  ,-6.289440752272e-01  
  4.144816692412e-06  ,-6.907397676873e-01  ,-6.648382945344e-01  
  4.151825453579e-06  ,-6.988492251901e-01  ,-6.703990386634e-01  
  4.159232820809e-06  ,-6.707591780981e-01  ,-6.411683405467e-01  
  4.169745590031e-06  ,-5.695822947981e-01  ,-5.412485149142e-01  
  4.179052855313e-06  ,-4.281159105818e-01  ,-4.035104221757e-01  
  4.184081997216e-06  ,-3.356462871627e-01  ,-3.139575832392e-01  
  4.186687092721e-06  ,-2.843052338787e-01  ,-2.643530544219e-01  
  4.188403333962e-06  ,-2.494198109258e-01  ,-2.306821049339e-01  
  4.190742071211e-06  ,-2.007342333129e-01  ,-1.837328376553e-01  
  4.195419545710e-06  ,-1.003821767181e-01  ,-8.707968691969e-02  
  4.199026744306e-06  ,-2.139967586492e-02  ,-1.112178623468e-02  
  4.202294196427e-06  ,5.040834526703e-02  ,5.784619512544e-02  
  4.204182918608e-06  ,9.172266389346e-02  ,9.748513336906e-02  
  4.206456463277e-06  ,1.410134442786e-01  ,1.447343096661e-01  
  4.209815930068e-06  ,2.124585103671e-01  ,2.131373191692e-01  
  4.215595345438e-06  ,3.294024383914e-01  ,3.248746236301e-01  
  4.221341233194e-06  ,4.349395815214e-01  ,4.253462429834e-01  
  4.227192174137e-06  ,5.278629523322e-01  ,5.133915378216e-01  
  4.230274479330e-06  ,5.698387375345e-01  ,5.529654513047e-01  
  4.233295689762e-06  ,6.058034461404e-01  ,5.867111511833e-01  
  4.235695149243e-06  ,6.304955009804e-01  ,6.097538591230e-01  
  4.238227974117e-06  ,6.526723923652e-01  ,6.303111588221e-01  
  4.243293623865e-06  ,6.845212274624e-01  ,6.593409760184e-01  
  4.251095871866e-06  ,6.995851945559e-01  ,6.713354356930e-01  
  4.259228925645e-06  ,6.707836722214e-01  ,6.412087500742e-01  
  4.269774477422e-06  ,5.692127793489e-01  ,5.408977722030e-01  
  4.279273967683e-06  ,4.242585285602e-01  ,3.997737874961e-01  
  4.284356753767e-06  ,3.303315374196e-01  ,3.088198238352e-01  
  4.285796019673e-06  ,3.020981951642e-01  ,2.815395902594e-01  
  4.287816244602e-06  ,2.614400917908e-01  ,2.422845991405e-01  
  4.290100220084e-06  ,2.142147418286e-01  ,1.967299823886e-01  
  4.294668171048e-06  ,1.167055027881e-01  ,1.027944067229e-01  
  4.298450085759e-06  ,3.407092743983e-02  ,2.330461357305e-02  
  4.301794651389e-06  ,-3.944553949597e-02  ,-4.732112865340e-02  
  4.303928125143e-06  ,-8.616489409697e-02  ,-9.215334818918e-02  
  4.306650939822e-06  ,-1.451998721316e-01  ,-1.487444762762e-01  
  4.309370029211e-06  ,-2.030946652389e-01  ,-2.041768361063e-01  
  4.314808207989e-06  ,-3.140295819741e-01  ,-3.102037035418e-01  
  4.320194977760e-06  ,-4.149108268638e-01  ,-4.063065374138e-01  
  4.326343941927e-06  ,-5.154258442509e-01  ,-5.016370339173e-01  
  4.329996216536e-06  ,-5.662629867254e-01  ,-5.496033281858e-01  
  4.333391818643e-06  ,-6.068598385764e-01  ,-5.876984588164e-01  
  4.334480534732e-06  ,-6.184355216856e-01  ,-5.985137305341e-01  
  4.336500759661e-06  ,-6.379891681488e-01  ,-6.167156026064e-01  
  4.340541209519e-06  ,-6.693210220619e-01  ,-6.455958545207e-01  
  4.348622109234e-06  ,-6.993442632078e-01  ,-6.718906683367e-01  
  4.356346871197e-06  ,-6.861309149820e-01  ,-6.567874981686e-01  
  4.367942954838e-06  ,-5.917007870021e-01  ,-5.629186515414e-01  
  4.378193463624e-06  ,-4.429104329516e-01  ,-4.178746546775e-01  
  4.383925940335e-06  ,-3.386538609216e-01  ,-3.168822292150e-01  
  4.389415528119e-06  ,-2.284988723055e-01  ,-2.105170526253e-01  
  4.390353556216e-06  ,-2.089041383928e-01  ,-1.916219295414e-01  
  4.391286555171e-06  ,-1.892344814493e-01  ,-1.726617495970e-01  
  4.393152553082e-06  ,-1.494245052166e-01  ,-1.343061852968e-01  
  4.396884548903e-06  ,-6.840301497837e-02  ,-5.632857183792e-02  
  4.400184038520e-06  ,4.047195885044e-03  ,1.331777085159e-02  
  4.404532942414e-06  ,9.934802365918e-02  ,1.047942040022e-01  
  4.407054591417e-06  ,1.538716591980e-01  ,1.570556334724e-01  
  4.409614610910e-06  ,2.082358933853e-01  ,2.090985491857e-01  
  4.414734649897e-06  ,3.125830298829e-01  ,3.088163049829e-01  
  4.420096087694e-06  ,4.131573159782e-01  ,4.046347358495e-01  
  4.426183212042e-06  ,5.130276413848e-01  ,4.993664521902e-01  
  4.429838839412e-06  ,5.642214730422e-01  ,5.476797305255e-01  
  4.433272439480e-06  ,6.055471108773e-01  ,5.864685952582e-01  
  4.434236172080e-06  ,6.158998507246e-01  ,5.961451223219e-01  
  4.436163637280e-06  ,6.349027578566e-01  ,6.138476927428e-01  
  4.440018567681e-06  ,6.658656273886e-01  ,6.424362110973e-01  
  4.447728428483e-06  ,6.982182929519e-01  ,6.711047456030e-01  
  4.455463621259e-06  ,6.897136229830e-01  ,6.605268844937e-01  
  4.465113613248e-06  ,6.225663076304e-01  ,5.932800746171e-01  
  4.474483463407e-06  ,5.029414153180e-01  ,4.762170245759e-01  
  4.484020206571e-06  ,3.368381033207e-01  ,3.151290834446e-01  
  4.488791558385e-06  ,2.414243050519e-01  ,2.229603021848e-01  
  4.489922370255e-06  ,2.179348637073e-01  ,2.003059840686e-01  
  4.490972715855e-06  ,1.958698879348e-01  ,1.790354095277e-01  
  4.493073407054e-06  ,1.511244365911e-01  ,1.359241656448e-01  
  4.497274789453e-06  ,5.985732246150e-02  ,4.809596770209e-02  
  4.500783640385e-06  ,-1.723141138979e-02  ,-2.598930072562e-02  
  4.504944789648e-06  ,-1.083047704254e-01  ,-1.133810227598e-01  
  4.507885906339e-06  ,-1.716515837274e-01  ,-1.740828405126e-01  
  4.510909724474e-06  ,-2.352476977513e-01  ,-2.349372043954e-01  
  4.516957360744e-06  ,-3.555215656452e-01  ,-3.497688549901e-01  
  4.521526056767e-06  ,-4.381169135891e-01  ,-4.283713859106e-01  
  4.526656526566e-06  ,-5.200521403547e-01  ,-5.060331439884e-01  
  4.529335382819e-06  ,-5.575981910744e-01  ,-5.414618480767e-01  
  4.532110724092e-06  ,-5.923306809328e-01  ,-5.741023525881e-01  
  4.533883217216e-06  ,-6.121733166181e-01  ,-5.926763119711e-01  
  4.536274481058e-06  ,-6.359254260584e-01  ,-6.148070191019e-01  
  4.540853607893e-06  ,-6.713003095764e-01  ,-6.474101587412e-01  
  4.547962951899e-06  ,-6.985670793755e-01  ,-6.713556482858e-01  
  4.555795002222e-06  ,-6.884315507709e-01  ,-6.591648515795e-01  
  4.566066372633e-06  ,-6.127101703242e-01  ,-5.835589639257e-01  
  4.575770008802e-06  ,-4.828573900505e-01  ,-4.566705762237e-01  
  4.585092175245e-06  ,-3.159859144848e-01  ,-2.949634392556e-01  
  4.589233207941e-06  ,-2.322849066576e-01  ,-2.141350868920e-01  
  4.590107999235e-06  ,-2.140518702090e-01  ,-1.965532673184e-01  
  4.590997598559e-06  ,-1.953444872164e-01  ,-1.785208971168e-01  
  4.592776797205e-06  ,-1.574867492012e-01  ,-1.420459913473e-01  
  4.596335194498e-06  ,-8.041534729928e-02  ,-6.786139213159e-02  
  4.599538571626e-06  ,-1.014698454094e-02  ,-3.028818420735e-04  
  4.603436715394e-06  ,7.543057024094e-02  ,8.186368663469e-02  
  4.605045482010e-06  ,1.104919008979e-01  ,1.154888951405e-01  
  4.606669522315e-06  ,1.455996096706e-01  ,1.491363568872e-01  
  4.609917602926e-06  ,2.145878528761e-01  ,2.151831389060e-01  
  4.615477226168e-06  ,3.271081762750e-01  ,3.226905795972e-01  
  4.620992145926e-06  ,4.288984488348e-01  ,4.196082403945e-01  
  4.626827440649e-06  ,5.225605135112e-01  ,5.083829835870e-01  
  4.629963390023e-06  ,5.658382983696e-01  ,5.492024169219e-01  
  4.633059478790e-06  ,6.031841963218e-01  ,5.842619527042e-01  
  4.635134838015e-06  ,6.250451590388e-01  ,6.046806592563e-01  
  4.637634507805e-06  ,6.478418657504e-01  ,6.258494518268e-01  
  4.642633847386e-06  ,6.813400612849e-01  ,6.564992625247e-01  
  4.650544873863e-06  ,6.998974468186e-01  ,6.718136448248e-01  
  4.658476761967e-06  ,6.753248603007e-01  ,6.457761358563e-01  
  4.669491700321e-06  ,5.728097323789e-01  ,5.443981965046e-01  
  4.679275802761e-06  ,4.242264290740e-01  ,3.997338115207e-01  
  4.684524736792e-06  ,3.270700110460e-01  ,3.056577436974e-01  
  4.685979835182e-06  ,2.984466875569e-01  ,2.780041406093e-01  
  4.687999687582e-06  ,2.576935748265e-01  ,2.386618954193e-01  
  4.690306014806e-06  ,2.099017523637e-01  ,1.925657760351e-01  
  4.694918669254e-06  ,1.112703025901e-01  ,9.755917977874e-02  
  4.698562375695e-06  ,3.160426267032e-02  ,2.093141079429e-02  
  4.701857767493e-06  ,-4.083125117224e-02  ,-4.865190654773e-02  
  4.703892521054e-06  ,-8.538781992118e-02  ,-9.140809953890e-02  
  4.706510282546e-06  ,-1.421725261003e-01  ,-1.458439609557e-01  
  4.709255076438e-06  ,-2.006741404614e-01  ,-2.018605651039e-01  
  4.714744664222e-06  ,-3.127800643077e-01  ,-3.090118114598e-01  
  4.720121748239e-06  ,-4.136127105454e-01  ,-4.050724783214e-01  
  4.726339257747e-06  ,-5.153561386140e-01  ,-5.015715926206e-01  
  4.730012021452e-06  ,-5.664672458383e-01  ,-5.497961096514e-01  
  4.733435935766e-06  ,-6.073428040654e-01  ,-5.881506673092e-01  
  4.734521671623e-06  ,-6.188588054721e-01  ,-5.989091365838e-01  
  4.736555307597e-06  ,-6.384818460339e-01  ,-6.171732512995e-01  
  4.740622579545e-06  ,-6.698427816318e-01  ,-6.460722100589e-01  
  4.748757123441e-06  ,-6.994664580071e-01  ,-6.719653105896e-01  
  4.756486355752e-06  ,-6.855167513348e-01  ,-6.561557118668e-01  
  4.768416225404e-06  ,-5.860745900315e-01  ,-5.574009838033e-01  
  4.778778492898e-06  ,-4.328735180123e-01  ,-4.081330396580e-01  
  4.784443914384e-06  ,-3.286403861118e-01  ,-3.071964157583e-01  
  4.787708013743e-06  ,-2.636464618043e-01  ,-2.444161341588e-01  
  4.788935869426e-06  ,-2.384429908786e-01  ,-2.200975725695e-01  
  4.790467150003e-06  ,-2.065185915706e-01  ,-1.893120630106e-01  
  4.793529711157e-06  ,-1.413112379871e-01  ,-1.264849853286e-01  
  4.799654833466e-06  ,-7.590459778533e-03  ,2.141469461243e-03  
  4.803380868822e-06  ,7.420947572051e-02  ,8.068772289153e-02  
  4.805313549429e-06  ,1.163091221204e-01  ,1.210629252551e-01  
  4.807184017688e-06  ,1.566469965179e-01  ,1.597175725728e-01  
  4.810924954206e-06  ,2.355631104226e-01  ,2.352437148627e-01  
  4.816935337573e-06  ,3.551042805830e-01  ,3.493736378850e-01  
  4.821557677776e-06  ,4.386590387273e-01  ,4.288880983218e-01  
  4.826678461820e-06  ,5.203749072122e-01  ,5.063393413349e-01  
  4.829356573015e-06  ,5.578797848242e-01  ,5.417279716362e-01  
  4.832121483475e-06  ,5.924567340215e-01  ,5.742212600759e-01  
  4.833915210754e-06  ,6.125142167391e-01  ,5.929954410865e-01  
  4.836302004248e-06  ,6.361781662177e-01  ,6.150436558847e-01  
  4.840928814799e-06  ,6.717671543542e-01  ,6.478377732296e-01  
  4.848073921591e-06  ,6.987188994995e-01  ,6.714674326473e-01  
  4.855782292277e-06  ,6.884821008820e-01  ,6.592177198579e-01  
  4.866289101034e-06  ,6.103265902620e-01  ,5.812134078391e-01  
  4.876147709280e-06  ,4.768099169989e-01  ,4.507952221668e-01  
  4.885504148394e-06  ,3.078754910729e-01  ,2.871251115414e-01  
  4.889129600912e-06  ,2.344330073987e-01  ,2.162146591075e-01  
  4.889939758420e-06  ,2.175714500382e-01  ,1.999541902819e-01  
  4.890941861510e-06  ,1.965212141594e-01  ,1.796620794657e-01  
  4.892946067691e-06  ,1.538575191387e-01  ,1.385561095792e-01  
  4.896954480052e-06  ,6.687234493047e-02  ,5.484207828350e-02  
  4.900343749166e-06  ,-7.559292039063e-03  ,-1.669902852203e-02  
  4.904748532414e-06  ,-1.040387884010e-01  ,-1.092905535600e-01  
  4.907395351171e-06  ,-1.611731140977e-01  ,-1.640470241435e-01  
  4.910173300147e-06  ,-2.199332145535e-01  ,-2.202897702715e-01  
  4.915729198098e-06  ,-3.319968102139e-01  ,-3.273389205325e-01  
  4.920365694404e-06  ,-4.179285274512e-01  ,-4.091842832799e-01  
  4.925464126706e-06  ,-5.021390872342e-01  ,-4.890893797809e-01  
  4.928528550506e-06  ,-5.466936291948e-01  ,-5.311840096138e-01  
  4.931496861815e-06  ,-5.850272607966e-01  ,-5.672548956652e-01  
  4.932547579944e-06  ,-5.973941579711e-01  ,-5.788495448576e-01  
  4.934225450695e-06  ,-6.157877661190e-01  ,-5.960532677780e-01  
  4.937581192195e-06  ,-6.473968531377e-01  ,-6.254437624211e-01  
  4.944292675197e-06  ,-6.887780287603e-01  ,-6.631222117636e-01  
  4.950946043670e-06  ,-6.996908578740e-01  ,-6.714854180378e-01  
  4.958398114383e-06  ,-6.757779622807e-01  ,-6.462321366788e-01  
  4.969751309097e-06  ,-5.695091761307e-01  ,-5.411771418741e-01  
  4.979544352233e-06  ,-4.195137723130e-01  ,-3.951763550045e-01  
  4.984803717077e-06  ,-3.216333014925e-01  ,-3.004098409942e-01  
  4.986261795700e-06  ,-2.928262229279e-01  ,-2.725814277153e-01  
  4.988641883671e-06  ,-2.445111839267e-01  ,-2.259467522757e-01  
  4.990942995489e-06  ,-1.964972794710e-01  ,-1.796471309889e-01  
  4.995545219123e-06  ,-9.764626338222e-02  ,-8.444473584292e-02  
  4.998966898263e-06  ,-2.271510536489e-02  ,-1.238474919497e-02  
  5.002195607364e-06  ,4.824564906285e-02  ,5.577071514933e-02  
  5.004051733255e-06  ,8.886184993596e-02  ,9.474140143542e-02  
  5.006361040711e-06  ,1.389573817308e-01  ,1.427642229889e-01  
  5.009513381362e-06  ,2.061094721291e-01  ,2.070625271963e-01  
  5.015818062663e-06  ,3.337159697640e-01  ,3.289919019640e-01  
  5.021509561181e-06  ,4.378339340420e-01  ,4.280973980151e-01  
  5.027494612575e-06  ,5.322072245020e-01  ,5.174957257876e-01  
  5.030547487974e-06  ,5.733046513044e-01  ,5.562262313241e-01  
  5.033063549042e-06  ,6.032296113998e-01  ,5.843062348001e-01  
  5.035812068224e-06  ,6.316082320602e-01  ,6.107934472613e-01  
  5.038297954440e-06  ,6.532270766257e-01  ,6.308270937274e-01  
  5.043269726872e-06  ,6.844111311540e-01  ,6.592513981547e-01  
  5.051709744573e-06  ,6.989904546349e-01  ,6.705766642506e-01  
  5.059693786740e-06  ,6.677896391437e-01  ,6.381868905783e-01  
  5.070084366441e-06  ,5.652193814461e-01  ,5.369706606217e-01  
  5.079416963696e-06  ,4.217530011133e-01  ,3.973319907359e-01  
  5.084399166942e-06  ,3.295089158988e-01  ,3.080173526080e-01  
  5.085754800081e-06  ,3.029156466482e-01  ,2.823227923641e-01  
  5.087883058429e-06  ,2.600765295973e-01  ,2.409634230194e-01  
  5.090168896556e-06  ,2.127764256782e-01  ,1.953389068164e-01  
  5.094740572810e-06  ,1.151352888719e-01  ,1.012802244565e-01  
  5.098482254386e-06  ,3.336432356511e-02  ,2.262360601787e-02  
  5.101810801268e-06  ,-3.980012445280e-02  ,-4.766237919384e-02  
  5.103915962815e-06  ,-8.589945827002e-02  ,-9.189934171687e-02  
  5.106607857585e-06  ,-1.442729179025e-01  ,-1.478568156108e-01  
  5.109329927206e-06  ,-2.022505490197e-01  ,-2.033694114841e-01  
  5.114774066448e-06  ,-3.133583817071e-01  ,-3.095634669875e-01  
  5.120152640581e-06  ,-4.141605965736e-01  ,-4.055933190920e-01  
  5.126330662012e-06  ,-5.152281958048e-01  ,-5.014503716196e-01  
  5.129991877317e-06  ,-5.662068832388e-01  ,-5.495507838746e-01  
  5.133402753115e-06  ,-6.069796507408e-01  ,-5.878107259268e-01  
  5.134480665863e-06  ,-6.184368726098e-01  ,-5.985151666372e-01  
  5.136509831488e-06  ,-6.380712349690e-01  ,-6.167919267707e-01  
  5.140568162739e-06  ,-6.694943356844e-01  ,-6.457541444149e-01  
  5.148684825242e-06  ,-6.994025893839e-01  ,-6.719268934139e-01  
  5.156397666276e-06  ,-6.859087841978e-01  ,-6.565589086692e-01  
  5.168121899903e-06  ,-5.895888163974e-01  ,-5.608469362731e-01  
  5.178408171475e-06  ,-4.392440486583e-01  ,-4.143157067256e-01  
  5.184106375515e-06  ,-3.351757310395e-01  ,-3.135176492746e-01  
  5.189494635403e-06  ,-2.268538026574e-01  ,-2.089293399351e-01  
  5.190470288932e-06  ,-2.064526344307e-01  ,-1.892573979890e-01  
  5.191359795123e-06  ,-1.876833209214e-01  ,-1.711658388164e-01  
  5.193138807505e-06  ,-1.497198050144e-01  ,-1.345899199672e-01  
  5.196696832269e-06  ,-7.251014932149e-02  ,-6.027861572418e-02  
  5.199925541371e-06  ,-1.637429277368e-03  ,7.856327140671e-03  
  5.204435377806e-06  ,9.722372134777e-02  ,1.027576113808e-01  
  5.206886246294e-06  ,1.502579704577e-01  ,1.535941799216e-01  
  5.209340095013e-06  ,2.024646039384e-01  ,2.035773619991e-01  
  5.214247792453e-06  ,3.029670438417e-01  ,2.996388178527e-01  
  5.219457238406e-06  ,4.017339446369e-01  ,3.937691856693e-01  
  5.225957124919e-06  ,5.096321359983e-01  ,4.961569396600e-01  
  5.229762136430e-06  ,5.632214711204e-01  ,5.467413512701e-01  
  5.233429684728e-06  ,6.072744427088e-01  ,5.880867923072e-01  
  5.234431787819e-06  ,6.179325963715e-01  ,5.980448447122e-01  
  5.236435993999e-06  ,6.374017708408e-01  ,6.161706599429e-01  
  5.240444406360e-06  ,6.686946058261e-01  ,6.450242011931e-01  
  5.248461231083e-06  ,6.991822321702e-01  ,6.717996927553e-01  
  5.256238147110e-06  ,6.866005006669e-01  ,6.573034038589e-01  
  5.267460211605e-06  ,5.973048309797e-01  ,5.684262198669e-01  
  5.277682408184e-06  ,4.515559198092e-01  ,4.262675387125e-01  
  5.283569856972e-06  ,3.454858115973e-01  ,3.234899462085e-01  
  5.288725658745e-06  ,2.427840755365e-01  ,2.242781184076e-01  
  5.289674862713e-06  ,2.231006828908e-01  ,2.052930813101e-01  
  5.290839760989e-06  ,1.986752066041e-01  ,1.817448592415e-01  
  5.293169557542e-06  ,1.490591554140e-01  ,1.339398659602e-01  
  5.297829150647e-06  ,4.770247212773e-02  ,3.641144185971e-02  
  5.301675140351e-06  ,-3.682125874142e-02  ,-4.480427655882e-02  
  5.304486989468e-06  ,-9.834759198689e-02  ,-1.038417311787e-01  
  5.307457535952e-06  ,-1.625035782617e-01  ,-1.653288677793e-01  
  5.310422494501e-06  ,-2.251289812330e-01  ,-2.252595392095e-01  
  5.316352411598e-06  ,-3.439980861129e-01  ,-3.387841608949e-01  
  5.320998593658e-06  ,-4.290104999580e-01  ,-4.197196770513e-01  
  5.326086595148e-06  ,-5.115797506935e-01  ,-4.980226985046e-01  
  5.329139098018e-06  ,-5.549780584590e-01  ,-5.389943787956e-01  
  5.332152857870e-06  ,-5.928239186751e-01  ,-5.745651452383e-01  
  5.333034820348e-06  ,-6.029088514157e-01  ,-5.840095992346e-01  
  5.334798745304e-06  ,-6.216828328678e-01  ,-6.015496520888e-01  
  5.338326595217e-06  ,-6.534531813317e-01  ,-6.310330611984e-01  
  5.345382295042e-06  ,-6.926471049337e-01  ,-6.665008444517e-01  
  5.352388821036e-06  ,-6.980297053471e-01  ,-6.694624642513e-01  
  5.359726897866e-06  ,-6.675709389193e-01  ,-6.379774743894e-01  
  5.369861177593e-06  ,-5.681009331876e-01  ,-5.398029293694e-01  
  5.378918103367e-06  ,-4.304565859526e-01  ,-4.057845100516e-01  
  5.383822075516e-06  ,-3.406510668287e-01  ,-3.188024163790e-01  
  5.386634669691e-06  ,-2.853583226777e-01  ,-2.653743529618e-01  
  5.387694328517e-06  ,-2.639252292170e-01  ,-2.446841499726e-01  
  5.389414481312e-06  ,-2.285206316549e-01  ,-2.105270084354e-01  
  5.392854786903e-06  ,-1.558151644991e-01  ,-1.404518808633e-01  
  5.399735398084e-06  ,-5.818833034330e-03  ,3.848405828699e-03  
  5.403731889516e-06  ,8.188065521108e-02  ,8.805288917114e-02  
  5.406190208584e-06  ,1.352733684212e-01  ,1.392464915746e-01  
  5.408520005137e-06  ,1.851354419375e-01  ,1.870027960230e-01  
  5.413179598242e-06  ,2.816238167405e-01  ,2.792614526784e-01  
  5.418374143034e-06  ,3.819996777159e-01  ,3.749888720121e-01  
  5.424090228468e-06  ,4.806274867983e-01  ,4.687103276209e-01  
  5.429403982550e-06  ,5.585089083856e-01  ,5.423046124603e-01  
  5.431801206857e-06  ,5.886755686361e-01  ,5.706655636734e-01  
  5.432950458914e-06  ,6.019641063802e-01  ,5.831201047534e-01  
  5.434651798993e-06  ,6.201909598184e-01  ,6.001545142065e-01  
  5.438054479152e-06  ,6.512836216358e-01  ,6.290300976030e-01  
  5.444859839469e-06  ,6.908929608965e-01  ,6.649706462159e-01  
  5.451841778547e-06  ,6.988285562461e-01  ,6.703734235312e-01  
  5.459243930370e-06  ,6.706892621963e-01  ,6.410976421011e-01  
  5.469744778663e-06  ,5.695926667102e-01  ,5.412585324641e-01  
  5.479043103248e-06  ,4.282855644551e-01  ,4.036750595280e-01  
  5.484068519861e-06  ,3.359063460030e-01  ,3.142092325127e-01  
  5.486687398940e-06  ,2.842990801986e-01  ,2.643472726851e-01  
  5.488405130297e-06  ,2.493828998193e-01  ,2.306466239158e-01  
  5.490737907082e-06  ,2.008219596151e-01  ,1.838175071171e-01  
  5.495403460652e-06  ,1.007322367826e-01  ,8.741666870120e-02  
  5.499017737299e-06  ,2.159765685188e-02  ,1.131213884198e-02  
  5.502282209188e-06  ,-5.014541294232e-02  ,-5.759377512420e-02  
  5.504170931369e-06  ,-9.146131708814e-02  ,-9.723442901001e-02  
  5.506454534322e-06  ,-1.409718937172e-01  ,-1.446944496504e-01  
  5.509791649371e-06  ,-2.119496764005e-01  ,-2.126504566736e-01  
  5.515562869102e-06  ,-3.287720926332e-01  ,-3.242732353182e-01  
  5.521299816161e-06  ,-4.342255596152e-01  ,-4.246678011058e-01  
  5.527158952743e-06  ,-5.273828432709e-01  ,-5.129379969022e-01  
  5.530252061278e-06  ,-5.695522688361e-01  ,-5.526959963122e-01  
  5.533285937697e-06  ,-6.056959685892e-01  ,-5.866107520607e-01  
  5.535658947617e-06  ,-6.301492406364e-01  ,-6.094318117228e-01  
  5.538188419729e-06  ,-6.523574772510e-01  ,-6.300206146430e-01  
  5.543247363955e-06  ,-6.843077531120e-01  ,-6.591505570802e-01  
  5.551063023001e-06  ,-6.996096872402e-01  ,-6.713694376612e-01  
  5.559182665735e-06  ,-6.710738022695e-01  ,-6.415009307768e-01  
  5.569746098906e-06  ,-5.695757895441e-01  ,-5.412530712051e-01  
  5.579259000212e-06  ,-4.245202893677e-01  ,-4.000276170754e-01  
  5.584350726992e-06  ,-3.304483817147e-01  ,-3.089326741984e-01  
  5.585800609976e-06  ,-3.020071306295e-01  ,-2.814515322488e-01  
  5.587809659034e-06  ,-2.615744303263e-01  ,-2.424141612714e-01  
  5.590093261987e-06  ,-2.143604122508e-01  ,-1.968703692268e-01  
  5.594660467893e-06  ,-1.168725296476e-01  ,-1.029551328324e-01  
  5.598446852952e-06  ,-3.414193614018e-02  ,-2.337281942746e-02  
  5.601792908698e-06  ,3.940727655981e-02  ,4.728446720299e-02  
  5.603929362684e-06  ,8.619190202456e-02  ,9.217932220979e-02  
  5.606655157596e-06  ,1.452906071706e-01  ,1.488314638958e-01  
  5.609373874456e-06  ,2.031755877523e-01  ,2.042543124998e-01  
  5.614811308175e-06  ,3.140905117263e-01  ,3.102618610806e-01  
  5.620198823005e-06  ,4.149789296644e-01  ,4.063713038313e-01  
  5.626344806939e-06  ,5.154387153451e-01  ,5.016491969616e-01  
  5.629996336490e-06  ,5.662645375137e-01  ,5.496047737216e-01  
  5.633390448481e-06  ,6.068448202694e-01  ,5.876843992129e-01  
  5.634479909629e-06  ,6.184290816248e-01  ,5.985077105157e-01  
  5.636499389499e-06  ,6.379767686967e-01  ,6.167040841953e-01  
  5.640538349241e-06  ,6.693026018383e-01  ,6.455790351078e-01  
  5.648616268724e-06  ,6.993386933181e-01  ,6.718871657988e-01  
  5.656342520803e-06  ,6.861498583679e-01  ,6.568070002876e-01  
  5.667926683515e-06  ,5.918919002053e-01  ,5.631061511417e-01  
  5.678174212068e-06  ,4.432381934925e-01  ,4.181928351667e-01  
  5.683910414070e-06  ,3.389526436041e-01  ,3.171712701234e-01  
  5.689410432667e-06  ,2.286047861287e-01  ,2.106192925330e-01  
  5.690373420209e-06  ,2.084871721045e-01  ,1.912199879070e-01  
  5.691331751138e-06  ,1.882773867589e-01  ,1.717393868433e-01  
  5.693248412997e-06  ,1.473643499580e-01  ,1.323220241503e-01  
  5.697081736714e-06  ,6.408609718919e-02  ,5.217660520608e-02  
  5.700440830976e-06  ,-9.694069594028e-03  ,-1.874232298072e-02  
  5.704614646226e-06  ,-1.011262670397e-01  ,-1.064982449922e-01  
  5.707248053938e-06  ,-1.580191956570e-01  ,-1.610277593210e-01  
  5.709918714553e-06  ,-2.146111216985e-01  ,-2.151961805449e-01  
  5.715260035783e-06  ,-3.228778968582e-01  ,-3.186386054470e-01  
  5.720023937017e-06  ,-4.118754287866e-01  ,-4.034276562685e-01  
  5.725111193448e-06  ,-4.967007914477e-01  ,-4.839412439006e-01  
  5.728253848344e-06  ,-5.429004473287e-01  ,-5.276063900713e-01  
  5.730941645294e-06  ,-5.782341152065e-01  ,-5.608740878930e-01  
  5.732022910804e-06  ,-5.912993629652e-01  ,-5.731364266642e-01  
  5.733642294496e-06  ,-6.095863783692e-01  ,-5.902593785139e-01  
  5.736766322941e-06  ,-6.403700709372e-01  ,-6.189349822626e-01  
  5.743014379829e-06  ,-6.832106468562e-01  ,-6.581772651748e-01  
  5.749234869570e-06  ,-6.997977829230e-01  ,-6.721301976819e-01  
  5.756829991430e-06  ,-6.839475544266e-01  ,-6.545437457661e-01  
  5.770793869585e-06  ,-5.558752267902e-01  ,-5.278414493843e-01  
  5.783272101969e-06  ,-3.511654965234e-01  ,-3.289388352233e-01  
  5.789024695247e-06  ,-2.366055022935e-01  ,-2.182656597061e-01  
  5.790303773671e-06  ,-2.099487690309e-01  ,-1.925645658260e-01  
  5.791571862489e-06  ,-1.831863381557e-01  ,-1.667746160037e-01  
  5.794108040124e-06  ,-1.288323269062e-01  ,-1.144290775149e-01  
  5.799180395395e-06  ,-1.802205508277e-02  ,-7.860322060211e-03  
  5.803010738879e-06  ,6.611092777518e-02  ,7.292870283824e-02  
  5.804932988673e-06  ,1.080483710571e-01  ,1.131521644996e-01  
  5.806984878570e-06  ,1.523757227248e-01  ,1.556331507569e-01  
  5.811088658363e-06  ,2.389500565539e-01  ,2.384870259356e-01  
  5.817154921085e-06  ,3.592572148032e-01  ,3.533341628166e-01  
  5.821798867971e-06  ,4.427798320964e-01  ,4.328040079582e-01  
  5.826985217124e-06  ,5.248627046506e-01  ,5.105821833398e-01  
  5.829659603029e-06  ,5.618796027193e-01  ,5.454964285790e-01  
  5.832279972225e-06  ,5.943056815295e-01  ,5.759566252254e-01  
  5.834304667503e-06  ,6.166142729004e-01  ,5.968262889427e-01  
  5.836688480765e-06  ,6.396767886787e-01  ,6.182926320158e-01  
  5.841456107289e-06  ,6.749348473199e-01  ,6.507131736851e-01  
  5.848444006830e-06  ,6.991638259606e-01  ,6.717740829659e-01  
  5.856417618185e-06  ,6.858210551497e-01  ,6.564685508848e-01  
  5.868271491915e-06  ,5.878089785335e-01  ,5.590995665902e-01  
  5.878653130919e-06  ,4.350366862767e-01  ,4.102294585979e-01  
  5.884346119553e-06  ,3.305377006037e-01  ,3.090292358972e-01  
  5.888051293284e-06  ,2.566380665421e-01  ,2.376491245254e-01  
  5.889357566327e-06  ,2.297033171571e-01  ,2.116642507212e-01  
  5.890746913344e-06  ,2.006322191097e-01  ,1.836344638702e-01  
  5.893525607377e-06  ,1.413996256117e-01  ,1.265680583662e-01  
  5.899082995445e-06  ,2.016319413837e-02  ,9.940599835021e-03  
  5.902565769345e-06  ,-5.636313358242e-02  ,-6.355978661134e-02  
  5.904740966350e-06  ,-1.038742470086e-01  ,-1.091379286692e-01  
  5.907103917986e-06  ,-1.549296902969e-01  ,-1.580664680004e-01  
  5.911319456488e-06  ,-2.437143816931e-01  ,-2.430294368018e-01  
  5.917547396809e-06  ,-3.666373051063e-01  ,-3.603591328263e-01  
  5.923902742058e-06  ,-4.776216116102e-01  ,-4.658469029413e-01  
  5.929749957711e-06  ,-5.630623921592e-01  ,-5.465845218203e-01  
  5.931962035090e-06  ,-5.905817700809e-01  ,-5.724474687632e-01  
  5.933109797031e-06  ,-6.037449444972e-01  ,-5.847782189237e-01  
  5.934827342123e-06  ,-6.219716231102e-01  ,-6.018071713684e-01  
  5.938262432307e-06  ,-6.529459123391e-01  ,-6.305583298962e-01  
  5.945132612675e-06  ,-6.918320476353e-01  ,-6.657827624128e-01  
  5.952228545636e-06  ,-6.982851211285e-01  ,-6.697283240051e-01  
  5.959619521588e-06  ,-6.682775350415e-01  ,-6.386819914159e-01  
  5.969832777470e-06  ,-5.684656019835e-01  ,-5.401651065033e-01  
  5.978953778237e-06  ,-4.298376535378e-01  ,-4.051888841397e-01  
  5.983887552708e-06  ,-3.393924338247e-01  ,-3.175882020358e-01  
  5.986640914768e-06  ,-2.852329103486e-01  ,-2.652555828151e-01  
  5.988364979118e-06  ,-2.502077368453e-01  ,-2.314481684029e-01  
  5.990640758961e-06  ,-2.028676141831e-01  ,-1.857940947390e-01  
  5.995192318648e-06  ,-1.053249141047e-01  ,-9.183989708866e-02  
  5.998905688018e-06  ,-2.406043721915e-02  ,-1.368139711888e-02  
  6.002145945519e-06  ,4.715606680958e-02  ,5.472304557766e-02  
  6.004041000694e-06  ,8.862773302309e-02  ,9.451547057072e-02  
  6.006449028343e-06  ,1.408532896148e-01  ,1.445797416340e-01  
  6.009545489639e-06  ,2.067841632483e-01  ,2.077072781406e-01  
  6.015738412231e-06  ,3.321751858148e-01  ,3.275208932012e-01  
  6.021415009588e-06  ,4.362096479217e-01  ,4.265535238738e-01  
  6.027375474066e-06  ,5.305016143783e-01  ,5.158844833003e-01  
  6.030445485801e-06  ,5.720146291835e-01  ,5.550127010646e-01  
  6.033055051655e-06  ,6.031347880176e-01  ,5.842176222398e-01  
  6.034535668284e-06  ,6.190025904357e-01  ,5.990480100484e-01  
  6.036472446710e-06  ,6.377327063841e-01  ,6.164823752296e-01  
  6.040346003562e-06  ,6.680514996412e-01  ,6.444398155018e-01  
  6.048093117267e-06  ,6.987443000535e-01  ,6.714834869780e-01  
  6.055974341422e-06  ,6.877065841839e-01  ,6.584139775282e-01  
  6.066628671676e-06  ,6.066351274252e-01  ,5.775751999256e-01  
  6.076636291534e-06  ,4.688876200121e-01  ,4.430968587967e-01  
  6.083783633500e-06  ,3.413893458949e-01  ,3.195124901619e-01  
  6.087923921138e-06  ,2.592420226717e-01  ,2.401534580362e-01  
  6.089029401034e-06  ,2.365081048792e-01  ,2.182200048523e-01  
  6.090210690588e-06  ,2.119006329567e-01  ,1.944907370129e-01  
  6.092573269695e-06  ,1.618445583448e-01  ,1.462535056058e-01  
  6.097298427910e-06  ,5.933937320289e-02  ,4.759971575974e-02  
  6.101122065872e-06  ,-2.467040725907e-02  ,-3.313397488170e-02  
  6.105396463960e-06  ,-1.181067652967e-01  ,-1.227792540273e-01  
  6.108731716365e-06  ,-1.896213013686e-01  ,-1.912895593073e-01  
  6.112142592162e-06  ,-2.606001525275e-01  ,-2.591745549935e-01  
  6.118828743190e-06  ,-3.903377886839e-01  ,-3.829462019417e-01  
  6.123983054847e-06  ,-4.789112609253e-01  ,-4.671015305905e-01  
  6.129495739430e-06  ,-5.597229996595e-01  ,-5.434876586083e-01  
  6.132462933153e-06  ,-5.964217996626e-01  ,-5.779669035579e-01  
  6.133643291384e-06  ,-6.095971546292e-01  ,-5.902938398953e-01  
  6.135410196573e-06  ,-6.277479751456e-01  ,-6.072253337120e-01  
  6.138944006950e-06  ,-6.581984140491e-01  ,-6.354251471776e-01  
  6.146011627704e-06  ,-6.945122931141e-01  ,-6.680922232172e-01  
  6.153565026313e-06  ,-6.956142966713e-01  ,-6.667538031161e-01  
  6.160833812743e-06  ,-6.598455244379e-01  ,-6.302325300495e-01  
  6.170415259391e-06  ,-5.608961850500e-01  ,-5.327502323345e-01  
  6.179066873580e-06  ,-4.278719684156e-01  ,-4.032783462526e-01  
  6.183727956802e-06  ,-3.424577340198e-01  ,-3.205537513763e-01  
  6.186233959585e-06  ,-2.933821239599e-01  ,-2.731278260351e-01  
  6.187976836652e-06  ,-2.581607361859e-01  ,-2.391251242740e-01  
  6.190274223179e-06  ,-2.105686101255e-01  ,-1.932206422480e-01  
  6.194868996233e-06  ,-1.123486444581e-01  ,-9.860105842250e-02  
  6.198540269822e-06  ,-3.208989281267e-02  ,-2.139982672760e-02  
  6.201839014381e-06  ,4.041954383489e-02  ,4.825694120374e-02  
  6.203906177968e-06  ,8.568590048110e-02  ,9.169442407393e-02  
  6.206552996725e-06  ,1.430921533668e-01  ,1.467253930174e-01  
  6.209274321288e-06  ,2.010795565301e-01  ,2.022488728539e-01  
  6.214716970414e-06  ,3.122351060065e-01  ,3.084916140583e-01  
  6.220079153270e-06  ,4.128566357172e-01  ,4.043533614132e-01  
  6.226302623242e-06  ,5.148105929392e-01  ,5.010556988864e-01  
  6.229978739709e-06  ,5.660369576914e-01  ,5.493911533369e-01  
  6.233415692538e-06  ,6.071213392033e-01  ,5.879434679711e-01  
  6.234500497073e-06  ,6.186410560233e-01  ,5.987058996241e-01  
  6.236524447292e-06  ,6.382033454666e-01  ,6.169147184648e-01  
  6.240572347730e-06  ,6.695212028129e-01  ,6.457787601418e-01  
  6.248668148607e-06  ,6.993873450208e-01  ,6.719175222671e-01  
  6.256406321615e-06  ,6.858707595462e-01  ,6.565197808133e-01  
  6.268124594778e-06  ,5.895568679776e-01  ,5.608156423998e-01  
  6.278410866350e-06  ,4.391979032161e-01  ,4.142709589244e-01  
  6.284107580274e-06  ,3.351524713778e-01  ,3.134951813232e-01  
  6.289493604988e-06  ,2.268752396105e-01  ,2.089500291787e-01  
  6.290468513459e-06  ,2.064899420271e-01  ,1.892933793687e-01  
  6.291359696031e-06  ,1.876854202950e-01  ,1.711678756100e-01  
  6.293142061174e-06  ,1.496499081244e-01  ,1.345226089457e-01  
  6.296706791461e-06  ,7.229230990945e-02  ,6.006908552852e-02  
  6.299938108265e-06  ,1.361069473562e-03  ,-8.121845186271e-03  
  6.304437513888e-06  ,-9.727024071737e-02  ,-1.028021621308e-01  
  6.306889872491e-06  ,-1.503358549018e-01  ,-1.536687371635e-01  
  6.309346701443e-06  ,-2.026036728826e-01  ,-2.037103590183e-01  
  6.314260359347e-06  ,-3.032161550521e-01  ,-2.998765693714e-01  
  6.319473530591e-06  ,-4.020272983295e-01  ,-3.940482577962e-01  
  6.325960751116e-06  ,-5.096867996372e-01  ,-4.962085716268e-01  
  6.329761292279e-06  ,-5.632104474450e-01  ,-5.467308703306e-01  
  6.333422507584e-06  ,-6.071959245604e-01  ,-5.880132688524e-01  
  6.334421444178e-06  ,-6.178256938830e-01  ,-5.979449950780e-01  
  6.336419317365e-06  ,-6.372500934734e-01  ,-6.160297654609e-01  
  6.340415063739e-06  ,-6.685035071153e-01  ,-6.448496159533e-01  
  6.348406556487e-06  ,-6.991230992545e-01  ,-6.717601174059e-01  
  6.356187942863e-06  ,-6.868146326410e-01  ,-6.575241435895e-01  
  6.367292288184e-06  ,-5.992220709028e-01  ,-5.703088996012e-01  
  6.377504053950e-06  ,-4.545458391742e-01  ,-4.291711180896e-01  
  6.383471969008e-06  ,-3.473563870936e-01  ,-3.252996932026e-01  
  6.387809697032e-06  ,-2.615736552408e-01  ,-2.424158918620e-01  
  6.389105725527e-06  ,-2.349276682120e-01  ,-2.167064942065e-01  
  6.390287946403e-06  ,-2.102807789711e-01  ,-1.929388513230e-01  
  6.392652388155e-06  ,-1.601512975995e-01  ,-1.446304808493e-01  
  6.397381271660e-06  ,-5.752390272546e-02  ,-4.585931892228e-02  
  6.401226516306e-06  ,2.696582835545e-02  ,3.533439454314e-02  
  6.405410762370e-06  ,1.184166838165e-01  ,1.230735958063e-01  
  6.408823873341e-06  ,1.915713677121e-01  ,1.931542515752e-01  
  6.412277962506e-06  ,2.633607481061e-01  ,2.618111697951e-01  
  6.418922390282e-06  ,3.920455957826e-01  ,3.845565058983e-01  
  6.424125875771e-06  ,4.811971186743e-01  ,4.692542537496e-01  
  6.428803350270e-06  ,5.504474210452e-01  ,5.347261128823e-01  
  6.431459854782e-06  ,5.845799887680e-01  ,5.668387949688e-01  
  6.432634252548e-06  ,5.983854098025e-01  ,5.797825604227e-01  
  6.434315103531e-06  ,6.167228723792e-01  ,5.969302610644e-01  
  6.437676805496e-06  ,6.481936215732e-01  ,6.261837211566e-01  
  6.444400209427e-06  ,6.891958402308e-01  ,6.634911084990e-01  
  6.451136279345e-06  ,6.995540441194e-01  ,6.712948972550e-01  
  6.458577919245e-06  ,6.747360150615e-01  ,6.451792428591e-01  
  6.469725477934e-06  ,5.698392833727e-01  ,5.415002339988e-01  
  6.479402292013e-06  ,4.220104660556e-01  ,3.975905003414e-01  
  6.484610247850e-06  ,3.254062402836e-01  ,3.040532991254e-01  
  6.486028093338e-06  ,2.974863816185e-01  ,2.770797545015e-01  
  6.488177958369e-06  ,2.540444900919e-01  ,2.351431925103e-01  
  6.490489500999e-06  ,2.060488948101e-01  ,1.888532862620e-01  
  6.495112586260e-06  ,1.070580269428e-01  ,9.350098382059e-02  
  6.498659807682e-06  ,2.946366156921e-02  ,1.886965666996e-02  
  6.501915711403e-06  ,-4.210326633368e-02  ,-4.987698612214e-02  
  6.503886762500e-06  ,-8.526212700996e-02  ,-9.129084964601e-02  
  6.506434116006e-06  ,-1.405320423296e-01  ,-1.442747242727e-01  
  6.509202751756e-06  ,-1.995714872285e-01  ,-2.008074760269e-01  
  6.514740023255e-06  ,-3.126887559443e-01  ,-3.089263885942e-01  
  6.520118597388e-06  ,-4.135568072542e-01  ,-4.050203789771e-01  
  6.526359203696e-06  ,-5.156528783578e-01  ,-5.018528582255e-01  
  6.530037555337e-06  ,-5.667969448133e-01  ,-5.501069346245e-01  
  6.533464077353e-06  ,-6.076502704195e-01  ,-5.884386940888e-01  
  6.534564528108e-06  ,-6.192986839341e-01  ,-5.993199864127e-01  
  6.536595183849e-06  ,-6.388408227490e-01  ,-6.175067530978e-01  
  6.540656495333e-06  ,-6.700589636267e-01  ,-6.462696328211e-01  
  6.548779118299e-06  ,-6.994851725249e-01  ,-6.719763178386e-01  
  6.556538152933e-06  ,-6.852853311109e-01  ,-6.559178891393e-01  
  6.568573820829e-06  ,-5.841722940911e-01  ,-5.555363097892e-01  
  6.578983772039e-06  ,-4.293168655875e-01  ,-4.046819177402e-01  
  6.584643233061e-06  ,-3.247638256407e-01  ,-3.034473307307e-01  
  6.587452847004e-06  ,-2.688361239218e-01  ,-2.494255144286e-01  
  6.589353117585e-06  ,-2.297957304968e-01  ,-2.117563807934e-01  
  6.591554019094e-06  ,-1.835650313575e-01  ,-1.671891917939e-01  
  6.595955822110e-06  ,-8.869704048161e-02  ,-7.584057029400e-02  
  6.599359992385e-06  ,-1.407355425861e-02  ,-4.086232947929e-03  
  6.602861765265e-06  ,6.284875841719e-02  ,6.978047970745e-02  
  6.604806739330e-06  ,1.053044337650e-01  ,1.105056826596e-01  
  6.606677952647e-06  ,1.457809425106e-01  ,1.493020388033e-01  
  6.610420379281e-06  ,2.250849359646e-01  ,2.252186899943e-01  
  6.616283241153e-06  ,3.426724867175e-01  ,3.375336461417e-01  
  6.621019575238e-06  ,4.293750038946e-01  ,4.200792161804e-01  
  6.626215610147e-06  ,5.135120984554e-01  ,4.998611312063e-01  
  6.629308346152e-06  ,5.572385455732e-01  ,5.411330668165e-01  
  6.632247227669e-06  ,5.939248859114e-01  ,5.756046318202e-01  
  6.633169237018e-06  ,6.044054018630e-01  ,5.854169272471e-01  
  6.635013255715e-06  ,6.238368548927e-01  ,6.035633407962e-01  
  6.638701293111e-06  ,6.563624333903e-01  ,6.337188316953e-01  
  6.646077367902e-06  ,6.946914824012e-01  ,6.682473840751e-01  
  6.653106990695e-06  ,6.966680163989e-01  ,6.679100474371e-01  
  6.660358640790e-06  ,6.632601637141e-01  ,6.336465771615e-01  
  6.670096549630e-06  ,5.650612853150e-01  ,5.368269702110e-01  
  6.678873333573e-06  ,4.312325433894e-01  ,4.065397509104e-01  
  6.683626058936e-06  ,3.444103508905e-01  ,3.224428295734e-01  
  6.686486336827e-06  ,2.883338727827e-01  ,2.682521106368e-01  
  6.687532770872e-06  ,2.672124493601e-01  ,2.478610723258e-01  
  6.689240071416e-06  ,2.321425179971e-01  ,2.140239366120e-01  
  6.692654672503e-06  ,1.601023941766e-01  ,1.445842271198e-01  
  6.699483874679e-06  ,1.134969128291e-02  ,1.467499928397e-03  
  6.703452798963e-06  ,-7.578219722119e-02  ,-8.220074970664e-02  
  6.705611232162e-06  ,-1.227593290479e-01  ,-1.272505634671e-01  
  6.707681003451e-06  ,-1.672795848678e-01  ,-1.699054666547e-01  
  6.711820546031e-06  ,-2.540138422914e-01  ,-2.528855811960e-01  
  6.717316094279e-06  ,-3.622945791618e-01  ,-3.562247401857e-01  
  6.722892108798e-06  ,-4.611358978476e-01  ,-4.502303354393e-01  
  6.728274408221e-06  ,-5.431857485618e-01  ,-5.278625014259e-01  
  6.731015849352e-06  ,-5.791522418198e-01  ,-5.617253524572e-01  
  6.732293251395e-06  ,-5.944599294971e-01  ,-5.760891552560e-01  
  6.734086233616e-06  ,-6.143260101364e-01  ,-5.946792393990e-01  
  6.737092915416e-06  ,-6.432369987815e-01  ,-6.215856513759e-01  
  6.743106279016e-06  ,-6.836477684652e-01  ,-6.585633559940e-01  
  6.749764862895e-06  ,-6.999809011091e-01  ,-6.721356276234e-01  
  6.757433000445e-06  ,-6.810013939633e-01  ,-6.515331086772e-01  
  6.769897821784e-06  ,-5.676297391469e-01  ,-5.393397385999e-01  
  6.780382278800e-06  ,-4.046189649190e-01  ,-3.807313799491e-01  
  6.785383108497e-06  ,-3.102637875442e-01  ,-2.894289517446e-01  
  6.786888312042e-06  ,-2.802559472916e-01  ,-2.604478194370e-01  
  6.788818384945e-06  ,-2.408704702103e-01  ,-2.224383826439e-01  
  6.791830282152e-06  ,-1.776954630813e-01  ,-1.615302847571e-01  
  6.797854076564e-06  ,-4.715558227084e-02  ,-3.587388564931e-02  
  6.801868449390e-06  ,4.106575609321e-02  ,4.888958466773e-02  
  6.804975714028e-06  ,1.089765926530e-01  ,1.140442832360e-01  
  6.808305378497e-06  ,1.805794502169e-01  ,1.826483418587e-01  
  6.811649571598e-06  ,2.505065581048e-01  ,2.495383177571e-01  
  6.818337957799e-06  ,3.813326110367e-01  ,3.743791980063e-01  
  6.823230754077e-06  ,4.667125825676e-01  ,4.555368627035e-01  
  6.828538547695e-06  ,5.468309076708e-01  ,5.313346870167e-01  
  6.831280733883e-06  ,5.824039523938e-01  ,5.648111017909e-01  
  6.832506726921e-06  ,5.969253963481e-01  ,5.784304000806e-01  
  6.834263760090e-06  ,6.161879428683e-01  ,5.964423607881e-01  
  6.837473470211e-06  ,6.464921827912e-01  ,6.246180058835e-01  
  6.843892890453e-06  ,6.871558139841e-01  ,6.616960961164e-01  
  6.850630450487e-06  ,6.998627047344e-01  ,6.717536422019e-01  
  6.858182358980e-06  ,6.769997748317e-01  ,6.474708306388e-01  
  6.869703936815e-06  ,5.701142793966e-01  ,5.417702377486e-01  
  6.879631090403e-06  ,4.179852462859e-01  ,3.936936381040e-01  
  6.884952295065e-06  ,3.187277353234e-01  ,2.976141480086e-01  
  6.886441479862e-06  ,2.892324712607e-01  ,2.691218784328e-01  
  6.888728435576e-06  ,2.427267994708e-01  ,2.242344480668e-01  
  6.891120817006e-06  ,1.927409647866e-01  ,1.760341523512e-01  
  6.895905579865e-06  ,8.979290862237e-02  ,7.689263743804e-02  
  6.899462487042e-06  ,1.181996555358e-02  ,1.917282936010e-03  
  6.903077136219e-06  ,-6.756440998597e-02  ,-7.430982270715e-02  
  6.904831002891e-06  ,-1.058319144650e-01  ,-1.110151506095e-01  
  6.906691412866e-06  ,-1.460704448689e-01  ,-1.495825279823e-01  
  6.910412232816e-06  ,-2.249152926679e-01  ,-2.250587518410e-01  
  6.916266899049e-06  ,-3.423590660885e-01  ,-3.372360661931e-01  
  6.920998762786e-06  ,-4.290134388942e-01  ,-4.197363478622e-01  
  6.926188092172e-06  ,-5.131006492206e-01  ,-4.994723858772e-01  
  6.929275985301e-06  ,-5.568075484810e-01  ,-5.407272749834e-01  
  6.932236100972e-06  ,-5.937953473459e-01  ,-5.754832871829e-01  
  6.933136969298e-06  ,-6.040471259184e-01  ,-5.850817596863e-01  
  6.934938705951e-06  ,-6.230914651280e-01  ,-6.028687127287e-01  
  6.938542179257e-06  ,-6.551381193638e-01  ,-6.325908888553e-01  
  6.945749125868e-06  ,-6.937672638811e-01  ,-6.674631235921e-01  
  6.952795884997e-06  ,-6.973014705489e-01  ,-6.686374968801e-01  
  6.960092983633e-06  ,-6.651048386866e-01  ,-6.355051160911e-01  
  6.969990334898e-06  ,-5.664368017639e-01  ,-5.381755356481e-01  
  6.978883347899e-06  ,-4.310590474659e-01  ,-4.063708978500e-01  
  6.983700148255e-06  ,-3.429909640635e-01  ,-3.210683534239e-01  
  6.986566386610e-06  ,-2.867288516236e-01  ,-2.667004730537e-01  
  6.987622133881e-06  ,-2.653950217977e-01  ,-2.461052511936e-01  
  6.989326454192e-06  ,-2.303495127960e-01  ,-2.122931116609e-01  
  6.992735094815e-06  ,-1.583801860929e-01  ,-1.429242455468e-01  
  6.999552376062e-06  ,-9.843440095336e-03  ,-1.971775409782e-05  
  7.003516829997e-06  ,7.718188286411e-02  ,8.354389393168e-02  
  7.005708418280e-06  ,1.248628662058e-01  ,1.292671811915e-01  
  7.007831088692e-06  ,1.704826327688e-01  ,1.729728379280e-01  
  7.012076429516e-06  ,2.592491856239e-01  ,2.578937680956e-01  
  7.017369321972e-06  ,3.632956368721e-01  ,3.571806533268e-01  
  7.021703324705e-06  ,4.411504795279e-01  ,4.312514816313e-01  
  7.026768974453e-06  ,5.217041423233e-01  ,5.075912222962e-01  
  7.029398284346e-06  ,5.584333588135e-01  ,5.422453939774e-01  
  7.032089434057e-06  ,5.920810550728e-01  ,5.738659387571e-01  
  7.033937550575e-06  ,6.127518869289e-01  ,5.932148852508e-01  
  7.036304227501e-06  ,6.361985611651e-01  ,6.150604851286e-01  
  7.041037581354e-06  ,6.724356856064e-01  ,6.484451417241e-01  
  7.047977052122e-06  ,6.985868411056e-01  ,6.713703082338e-01  
  7.055774829775e-06  ,6.885117296665e-01  ,6.592479560570e-01  
  7.066186271101e-06  ,6.114307692629e-01  ,5.822996819688e-01  
  7.075986764818e-06  ,4.793951040304e-01  ,4.533087569868e-01  
  7.085334263235e-06  ,3.112263083379e-01  ,2.903641862858e-01  
  7.089224956423e-06  ,2.324560771648e-01  ,2.143073886942e-01  
  7.090029432863e-06  ,2.156962204939e-01  ,1.981455960963e-01  
  7.090974166483e-06  ,1.958392610650e-01  ,1.790042808649e-01  
  7.092863633722e-06  ,1.556254877864e-01  ,1.402586883532e-01  
  7.096642568201e-06  ,7.369695307305e-02  ,6.140592495966e-02  
  7.099929019302e-06  ,1.560945779333e-03  ,-7.937358709618e-03  
  7.104644491762e-06  ,-1.017756749583e-01  ,-1.071205826008e-01  
  7.106207437307e-06  ,-1.356450861123e-01  ,-1.395881238867e-01  
  7.107886053115e-06  ,-1.716547129583e-01  ,-1.740817108510e-01  
  7.111243284732e-06  ,-2.421433857938e-01  ,-2.415304424669e-01  
  7.116396851331e-06  ,-3.448488833950e-01  ,-3.395923604743e-01  
  7.120695836335e-06  ,-4.237301562740e-01  ,-4.146949008247e-01  
  7.125639296561e-06  ,-5.048153719365e-01  ,-4.916161683446e-01  
  7.128603510052e-06  ,-5.477216371086e-01  ,-5.321479919336e-01  
  7.131951800972e-06  ,-5.904609198236e-01  ,-5.723432339905e-01  
  7.132978490978e-06  ,-6.022785006574e-01  ,-5.834142539753e-01  
  7.134728818625e-06  ,-6.209745522898e-01  ,-6.008847683190e-01  
  7.138229473919e-06  ,-6.526843133177e-01  ,-6.303204483857e-01  
  7.145230784506e-06  ,-6.921575983671e-01  ,-6.660768369929e-01  
  7.152259662241e-06  ,-6.982369182343e-01  ,-6.697010943079e-01  
  7.159581347793e-06  ,-6.685269081013e-01  ,-6.389370838481e-01  
  7.169836326927e-06  ,-5.684200502976e-01  ,-5.401148819700e-01  
  7.178961798042e-06  ,-4.296984415393e-01  ,-4.050481299653e-01  
  7.183901532978e-06  ,-3.391235123650e-01  ,-3.173236848355e-01  
  7.186637013644e-06  ,-2.853112531961e-01  ,-2.653276613543e-01  
  7.188357911497e-06  ,-2.503528878096e-01  ,-2.315851594892e-01  
  7.190640396863e-06  ,-2.028752353871e-01  ,-1.857989523604e-01  
  7.195205367595e-06  ,-1.050412108552e-01  ,-9.156517605922e-02  
  7.198912403971e-06  ,-2.391283242698e-02  ,-1.353833403362e-02  
  7.202153406531e-06  ,4.731976899810e-02  ,5.488102119262e-02  
  7.204047716647e-06  ,8.877423402055e-02  ,9.465669467234e-02  
  7.206448293716e-06  ,1.408374647160e-01  ,1.445651556772e-01  
  7.209557420999e-06  ,2.070348232885e-01  ,2.079475364761e-01  
  7.215775675565e-06  ,3.328962794048e-01  ,3.282090761450e-01  
  7.221457488328e-06  ,4.369398601592e-01  ,4.272474570357e-01  
  7.227417207748e-06  ,5.310999288237e-01  ,5.164496595928e-01  
  7.230477161199e-06  ,5.724158575726e-01  ,5.553901055722e-01  
  7.233055807143e-06  ,6.031432203510e-01  ,5.842253853774e-01  
  7.234550207347e-06  ,6.191518206591e-01  ,5.991871259941e-01  
  7.236491828650e-06  ,6.379083245773e-01  ,6.166452946053e-01  
  7.240375071257e-06  ,6.682421346943e-01  ,6.446139120699e-01  
  7.248141556472e-06  ,6.988072672166e-01  ,6.715285364994e-01  
  7.256022780627e-06  ,6.875070266063e-01  ,6.582076305951e-01  
  7.266784399241e-06  ,6.049191017403e-01  ,5.758882255661e-01  
  7.276884406298e-06  ,4.648220601749e-01  ,4.391461764977e-01  
  7.283282219857e-06  ,3.509729990455e-01  ,3.287946078701e-01  
  7.287192284554e-06  ,2.741176958676e-01  ,2.545253278404e-01  
  7.288381583482e-06  ,2.498666769004e-01  ,2.311203080216e-01  
  7.289618752390e-06  ,2.242699172539e-01  ,2.064296996076e-01  
  7.292093090206e-06  ,1.720993341494e-01  ,1.561421463707e-01  
  7.297041765839e-06  ,6.496136035188e-02  ,5.301190244594e-02  
  7.300974182278e-06  ,-2.142004297808e-02  ,-3.000957071151e-02  
  7.305475078017e-06  ,-1.198104313493e-01  ,-1.244106660382e-01  
  7.308645672590e-06  ,-1.877991568987e-01  ,-1.895437842001e-01  
  7.312037176877e-06  ,-2.584471610895e-01  ,-2.571158322202e-01  
  7.318706936628e-06  ,-3.881113949094e-01  ,-3.808261539599e-01  
  7.323790467769e-06  ,-4.758136353263e-01  ,-4.641641070659e-01  
  7.329262174159e-06  ,-5.566234299398e-01  ,-5.405684579393e-01  
  7.332148901612e-06  ,-5.927776490354e-01  ,-5.745506484393e-01  
  7.333333357662e-06  ,-6.062180501561e-01  ,-5.871344616396e-01  
  7.335084989160e-06  ,-6.245508551832e-01  ,-6.042482006933e-01  
  7.338588252157e-06  ,-6.554943160390e-01  ,-6.329359481206e-01  
  7.345594778150e-06  ,-6.933071655830e-01  ,-6.670678601997e-01  
  7.352899327368e-06  ,-6.970982364636e-01  ,-6.683865126608e-01  
  7.360213562340e-06  ,-6.642732960139e-01  ,-6.346605944498e-01  
  7.370073660702e-06  ,-5.653582369799e-01  ,-5.371129566748e-01  
  7.378939851612e-06  ,-4.300793343986e-01  ,-4.054174076163e-01  
  7.383732810110e-06  ,-3.423646448333e-01  ,-3.204608061844e-01  
  7.386472016066e-06  ,-2.886208161546e-01  ,-2.685264492996e-01  
  7.387869744986e-06  ,-2.603483270435e-01  ,-2.412335212293e-01  
  7.389390035957e-06  ,-2.290286924722e-01  ,-2.110181421138e-01  
  7.392430617899e-06  ,-1.648949996724e-01  ,-1.491997770171e-01  
  7.398511781782e-06  ,-3.271570595534e-02  ,-2.200391268839e-02  
  7.402248247951e-06  ,4.940045672897e-02  ,5.687858822608e-02  
  7.404621257871e-06  ,1.012701372715e-01  ,1.066428909714e-01  
  7.407609685749e-06  ,1.657562485284e-01  ,1.684378418011e-01  
  7.411123007029e-06  ,2.396599118009e-01  ,2.391519195427e-01  
  7.417125194758e-06  ,3.586960035754e-01  ,3.528016973146e-01  
  7.421692400664e-06  ,4.409639322903e-01  ,4.310836432377e-01  
  7.426826595753e-06  ,5.225481506261e-01  ,5.083986440752e-01  
  7.429488688201e-06  ,5.596298653869e-01  ,5.433808568193e-01  
  7.432173132390e-06  ,5.930608915948e-01  ,5.747916736042e-01  
  7.434075265616e-06  ,6.142103482425e-01  ,5.945833009936e-01  
  7.436451255769e-06  ,6.375404264024e-01  ,6.163114103138e-01  
  7.441203236073e-06  ,6.734387912458e-01  ,6.493605928341e-01  
  7.448188155383e-06  ,6.988663149278e-01  ,6.715732410280e-01  
  7.456048517913e-06  ,6.874003476043e-01  ,6.580984181629e-01  
  7.467024713248e-06  ,6.022425872199e-01  ,5.732660881620e-01  
  7.477242439479e-06  ,4.589056832855e-01  ,4.334034072094e-01  
  7.483377247542e-06  ,3.491633257638e-01  ,3.270469476613e-01  
  7.487431853503e-06  ,2.692623318081e-01  ,2.498390372112e-01  
  7.488658032805e-06  ,2.441783845110e-01  ,2.256325977006e-01  
  7.489888868719e-06  ,2.186348643202e-01  ,2.009959668303e-01  
  7.492350540549e-06  ,1.666059124733e-01  ,1.508499241661e-01  
  7.497273884207e-06  ,5.987715691132e-02  ,4.812276001258e-02  
  7.501238338143e-06  ,-2.722560927410e-02  ,-3.558447589258e-02  
  7.505568615586e-06  ,-1.218365558977e-01  ,-1.263526031297e-01  
  7.509024939924e-06  ,-1.958203945845e-01  ,-1.972222270684e-01  
  7.512555770069e-06  ,-2.690110810121e-01  ,-2.672109099289e-01  
  7.519110790879e-06  ,-3.954710916952e-01  ,-3.878163383913e-01  
  7.525465391070e-06  ,-5.021584590492e-01  ,-4.890885156259e-01  
  7.529594502836e-06  ,-5.610246009430e-01  ,-5.446763658778e-01  
  7.533106334001e-06  ,-6.037064007030e-01  ,-5.847598461080e-01  
  7.534232675523e-06  ,-6.158633043328e-01  ,-5.961243449864e-01  
  7.536070920020e-06  ,-6.340414149027e-01  ,-6.130591848733e-01  
  7.539747409016e-06  ,-6.640021015867e-01  ,-6.407404620780e-01  
  7.547100387007e-06  ,-6.970976650999e-01  ,-6.702340756287e-01  
  7.554999492556e-06  ,-6.913835840247e-01  ,-6.622505893609e-01  
  7.563671968371e-06  ,-6.364167330940e-01  ,-6.069532337384e-01  
  7.574236891657e-06  ,-5.066977794887e-01  ,-4.798706906861e-01  
  7.583879433066e-06  ,-3.395485914781e-01  ,-3.177446937837e-01  
  7.588929436594e-06  ,-2.385759912198e-01  ,-2.202109400341e-01  
  7.590049445122e-06  ,-2.152774994133e-01  ,-1.977421108188e-01  
  7.591160140425e-06  ,-1.919094777339e-01  ,-1.752168879080e-01  
  7.593381531030e-06  ,-1.445012562762e-01  ,-1.295447416928e-01  
  7.597824312240e-06  ,-4.780862635496e-02  ,-3.650986907095e-02  
  7.601581640035e-06  ,3.476777013970e-02  ,4.283380420589e-02  
  7.604415840894e-06  ,9.679822812160e-02  ,1.023564930455e-01  
  7.607288784772e-06  ,1.588916628792e-01  ,1.618695443371e-01  
  7.610150925308e-06  ,2.194660291771e-01  ,2.198438081542e-01  
  7.615875206381e-06  ,3.348200897458e-01  ,3.300327576136e-01  
  7.620572797447e-06  ,4.215732722224e-01  ,4.126509774907e-01  
  7.625666759402e-06  ,5.052335711866e-01  ,4.920192545000e-01  
  7.628720007330e-06  ,5.493132698337e-01  ,5.336552861661e-01  
  7.632113746792e-06  ,5.923661006477e-01  ,5.741351292998e-01  
  7.633138574153e-06  ,6.040649596666e-01  ,5.850909228450e-01  
  7.634917959064e-06  ,6.228834181799e-01  ,6.026684939535e-01  
  7.638476728886e-06  ,6.546297528423e-01  ,6.321176863331e-01  
  7.645594268531e-06  ,6.933056194405e-01  ,6.670660460058e-01  
  7.652737885207e-06  ,6.974122012940e-01  ,6.687608656356e-01  
  7.660011141986e-06  ,6.656638037151e-01  ,6.360649034183e-01  
  7.669978528708e-06  ,5.665893066851e-01  ,5.383245057126e-01  
  7.678910284728e-06  ,4.305921613097e-01  ,4.059174587243e-01  
  7.683746456593e-06  ,3.421028549443e-01  ,3.202086133580e-01  
  7.686560168356e-06  ,2.868535945065e-01  ,2.668202841939e-01  
  7.687610700220e-06  ,2.656276718159e-01  ,2.463292201925e-01  
  7.689330294222e-06  ,2.302697676996e-01  ,2.122157044785e-01  
  7.692769482225e-06  ,1.576434857845e-01  ,1.422141982382e-01  
  7.699647858232e-06  ,7.743843974273e-03  ,-1.998187202185e-03  
  7.703638389200e-06  ,-7.983824087928e-02  ,-8.609303097377e-02  
  7.706095590681e-06  ,-1.332312396758e-01  ,-1.372889751051e-01  
  7.708371743053e-06  ,-1.819890917658e-01  ,-1.839906246433e-01  
  7.712924047798e-06  ,-2.764698298180e-01  ,-2.743394932176e-01  
  7.718137219042e-06  ,-3.776231110579e-01  ,-3.708223322852e-01  
  7.723816051573e-06  ,-4.762261382273e-01  ,-4.645388670142e-01  
  7.729101493448e-06  ,-5.544736772227e-01  ,-5.385032011961e-01  
  7.731737136334e-06  ,-5.879119901700e-01  ,-5.699494526611e-01  
  7.732938169926e-06  ,-6.018261317428e-01  ,-5.829913083422e-01  
  7.734626657754e-06  ,-6.199343882663e-01  ,-5.999155589303e-01  
  7.738003633410e-06  ,-6.508729500837e-01  ,-6.286511167847e-01  
  7.744757584721e-06  ,-6.905278462487e-01  ,-6.646524074403e-01  
  7.751763365656e-06  ,-6.989261553064e-01  ,-6.704919137020e-01  
  7.759172223002e-06  ,-6.711391002937e-01  ,-6.415505217798e-01  
  7.769740126520e-06  ,-5.696521290049e-01  ,-5.413167741176e-01  
  7.779080174357e-06  ,-4.276404351120e-01  ,-4.030487895953e-01  
  7.784124962479e-06  ,-3.348168286541e-01  ,-3.131548123209e-01  
  7.786692432553e-06  ,-2.841979225042e-01  ,-2.642487897642e-01  
  7.788425251335e-06  ,-2.489693983157e-01  ,-2.302469612994e-01  
  7.790769576520e-06  ,-2.001546888926e-01  ,-1.831737275012e-01  
  7.795458226889e-06  ,-9.954025119078e-02  ,-8.626916798965e-02  
  7.799048289150e-06  ,-2.092609658857e-02  ,-1.066645450834e-02  
  7.802323564380e-06  ,5.105248201516e-02  ,5.846452888350e-02  
  7.804212659091e-06  ,9.237101216909e-02  ,9.810703240413e-02  
  7.806462361902e-06  ,1.411405000819e-01  ,1.448607476472e-01  
  7.809878080577e-06  ,2.137603921729e-01  ,2.143917947232e-01  
  7.815679102629e-06  ,3.310265299987e-01  ,3.264313154836e-01  
  7.821448087186e-06  ,4.367783209274e-01  ,4.270973494455e-01  
  7.827281146735e-06  ,5.291459333921e-01  ,5.146057635709e-01  
  7.830336257309e-06  ,5.706267032955e-01  ,5.537082927999e-01  
  7.832993134350e-06  ,6.024425480138e-01  ,5.835704102602e-01  
  7.834436311811e-06  ,6.179793317437e-01  ,5.980937898312e-01  
  7.836352601141e-06  ,6.366415467225e-01  ,6.154697699252e-01  
  7.840185179800e-06  ,6.669867035602e-01  ,6.434698354280e-01  
  7.847850337118e-06  ,6.984043286844e-01  ,6.712358763124e-01  
  7.855703249067e-06  ,6.887940079024e-01  ,6.595413808037e-01  
  7.865776434034e-06  ,6.157680553753e-01  ,5.865700393308e-01  
  7.875354900450e-06  ,4.894253618223e-01  ,4.630596009926e-01  
  7.884699418634e-06  ,3.236687618974e-01  ,3.023918702938e-01  
  7.889126553625e-06  ,2.344961497988e-01  ,2.162688676990e-01  
  7.890084512025e-06  ,2.145435815034e-01  ,1.970282588799e-01  
  7.891032970935e-06  ,1.945973906604e-01  ,1.778016914465e-01  
  7.892929888755e-06  ,1.542045919711e-01  ,1.388852920836e-01  
  7.896723724395e-06  ,7.192191615531e-02  ,5.969510767598e-02  
  7.900020978838e-06  ,-4.613487144178e-04  ,-9.882845305663e-03  
  7.904625437647e-06  ,-1.013610874634e-01  ,-1.067246475809e-01  
  7.907176143914e-06  ,-1.564782296823e-01  ,-1.595514099594e-01  
  7.909817002207e-06  ,-2.124809755938e-01  ,-2.131564497502e-01  
  7.915098718792e-06  ,-3.197261397690e-01  ,-3.156305644178e-01  
  7.919930420309e-06  ,-4.102107875032e-01  ,-4.018442756414e-01  
  7.925065360457e-06  ,-4.959900636423e-01  ,-4.832688147496e-01  
  7.928243778139e-06  ,-5.427606244604e-01  ,-5.274751207033e-01  
  7.930935672909e-06  ,-5.781600821936e-01  ,-5.608051271547e-01  
  7.932024202734e-06  ,-5.913145686045e-01  ,-5.731512680692e-01  
  7.933642468840e-06  ,-6.095882630497e-01  ,-5.902616658869e-01  
  7.936760536820e-06  ,-6.403186699713e-01  ,-6.188877212575e-01  
  7.942996672779e-06  ,-6.831257682141e-01  ,-6.581015265736e-01  
  7.949223122984e-06  ,-6.997915265385e-01  ,-6.721280737380e-01  
  7.956821225077e-06  ,-6.839885771738e-01  ,-6.545858614178e-01  
  7.970715067774e-06  ,-5.569267654342e-01  ,-5.288691526234e-01  
  7.983193300158e-06  ,-3.526635214144e-01  ,-3.303888818612e-01  
  7.988939187914e-06  ,-2.383743765172e-01  ,-2.199730806546e-01  
  7.990215472370e-06  ,-2.118004075235e-01  ,-1.943508358957e-01  
  7.991480767220e-06  ,-1.851190616786e-01  ,-1.686380410644e-01  
  7.994011356920e-06  ,-1.309215839410e-01  ,-1.164412057745e-01  
  7.999072536319e-06  ,-2.039310577967e-02  ,-1.013928360265e-02  
  8.002508744091e-06  ,5.511306476067e-02  ,6.237352320799e-02  
  8.004613160580e-06  ,1.010939386000e-01  ,1.064824955306e-01  
  8.006906449288e-06  ,1.506918709282e-01  ,1.540193390396e-01  
  8.011065363377e-06  ,2.384684801301e-01  ,2.380268959826e-01  
  8.017466902226e-06  ,3.651281966763e-01  ,3.589295494935e-01  
  8.022221862763e-06  ,4.499452712337e-01  ,4.396102343989e-01  
  8.027477502316e-06  ,5.319627286355e-01  ,5.172915132655e-01  
  8.030180200428e-06  ,5.686320926951e-01  ,5.518544991145e-01  
  8.032780080527e-06  ,6.000431905018e-01  ,5.813393682630e-01  
  8.035247712821e-06  ,6.261587642743e-01  ,6.057312737636e-01  
  8.037729873747e-06  ,6.486333285521e-01  ,6.265918335254e-01  
  8.042694195598e-06  ,6.816432191034e-01  ,6.567724396560e-01  
  8.049930199474e-06  ,6.999983169966e-01  ,6.721040306906e-01  
  8.058180972427e-06  ,6.770075262890e-01  ,6.474785633745e-01  
  8.069237634033e-06  ,5.760029348998e-01  ,5.475249345917e-01  
  8.079158827156e-06  ,4.262697613759e-01  ,4.017239377312e-01  
  8.084480776876e-06  ,3.279244120490e-01  ,3.064894567710e-01  
  8.087008758873e-06  ,2.778267371623e-01  ,2.580950508200e-01  
  8.088792427868e-06  ,2.414063572510e-01  ,2.229481865175e-01  
  8.091166182846e-06  ,1.917816857746e-01  ,1.751015638551e-01  
  8.095913692802e-06  ,8.961596684651e-02  ,7.671890009725e-02  
  8.099444150418e-06  ,1.222314949908e-02  ,2.302719354286e-03  
  8.103043898433e-06  ,-6.683684896719e-02  ,-7.361257866695e-02  
  8.104815832764e-06  ,-1.055021287823e-01  ,-1.106996700008e-01  
  8.106683693320e-06  ,-1.459044160698e-01  ,-1.494240865514e-01  
  8.110419414431e-06  ,-2.250648445383e-01  ,-2.252022763099e-01  
  8.116281531245e-06  ,-3.426396970953e-01  ,-3.375040538336e-01  
  8.121013394982e-06  ,-4.292676563388e-01  ,-4.199782613165e-01  
  8.126205704600e-06  ,-5.133640347384e-01  ,-4.997217218284e-01  
  8.129296205431e-06  ,-5.570769172033e-01  ,-5.409812528930e-01  
  8.132242164999e-06  ,-5.938659546009e-01  ,-5.755497054249e-01  
  8.133156723768e-06  ,-6.042665380641e-01  ,-5.852872708206e-01  
  8.134985841304e-06  ,-6.235631480355e-01  ,-6.033085024503e-01  
  8.138644076377e-06  ,-6.559240615745e-01  ,-6.333152103583e-01  
  8.145960546523e-06  ,-6.943710149591e-01  ,-6.679764860356e-01  
  8.152995384723e-06  ,-6.969029194429e-01  ,-6.681929353705e-01  
  8.160261935979e-06  ,-6.639370188174e-01  ,-6.343356338992e-01  
  8.170056469232e-06  ,-5.655810798964e-01  ,-5.373387072454e-01  
  8.178874976426e-06  ,-4.312040842583e-01  ,-4.065124340565e-01  
  8.183650053531e-06  ,-3.439508716545e-01  ,-3.219980242471e-01  
  8.186512194067e-06  ,-2.878156265820e-01  ,-2.677511812636e-01  
  8.187561980873e-06  ,-2.666186195477e-01  ,-2.472874482262e-01  
  8.189269095153e-06  ,-2.315402764929e-01  ,-2.134426605780e-01  
  8.192683323711e-06  ,-1.594889579146e-01  ,-1.439930358520e-01  
  8.199511780828e-06  ,-1.073607938831e-02  ,-8.777626182616e-04  
  8.203479960054e-06  ,7.637596255873e-02  ,8.277050221639e-02  
  8.205652921885e-06  ,1.236618202376e-01  ,1.281157490214e-01  
  8.207745789975e-06  ,1.686626884282e-01  ,1.712299952157e-01  
  8.211931526154e-06  ,2.562865170848e-01  ,2.550573820683e-01  
  8.217378645629e-06  ,3.634708831900e-01  ,3.573450812780e-01  
  8.222941994160e-06  ,4.619606846665e-01  ,4.510122831069e-01  
  8.228298216552e-06  ,5.435158441270e-01  ,5.281795905083e-01  
  8.231011718005e-06  ,5.791012073662e-01  ,5.616824430636e-01  
  8.232286884874e-06  ,5.943859902719e-01  ,5.760252209862e-01  
  8.234068318695e-06  ,6.141370524872e-01  ,5.945074977357e-01  
  8.237092881888e-06  ,6.432367079362e-01  ,6.215891673915e-01  
  8.243142008275e-06  ,6.838161776878e-01  ,6.587162491756e-01  
  8.249777495354e-06  ,6.999828981069e-01  ,6.721348192166e-01  
  8.257436692208e-06  ,6.809826030692e-01  ,6.515145994361e-01  
  8.269907474011e-06  ,5.675054995432e-01  ,5.392182885045e-01  
  8.280391931027e-06  ,4.044457355225e-01  ,3.805634334838e-01  
  8.285392760724e-06  ,3.100734989617e-01  ,2.892449761114e-01  
  8.286898523062e-06  ,2.800501633534e-01  ,2.602490175055e-01  
  8.288823008031e-06  ,2.407750092356e-01  ,2.223461887859e-01  
  8.291844218463e-06  ,1.773990096611e-01  ,1.612445476640e-01  
  8.297886639327e-06  ,4.644109185564e-02  ,3.518675035538e-02  
  8.301878660411e-06  ,-4.128991930492e-02  ,-4.910485577035e-02  
  8.304947554559e-06  ,-1.083648413885e-01  ,-1.134576478827e-01  
  8.308273493737e-06  ,-1.799019103432e-01  ,-1.819994811592e-01  
  8.311611726373e-06  ,-2.497292395674e-01  ,-2.487951618430e-01  
  8.318288191646e-06  ,-3.804143784195e-01  ,-3.735047300942e-01  
  8.323164596647e-06  ,-4.656272587283e-01  ,-4.545071623516e-01  
  8.328462704509e-06  ,-5.457881045785e-01  ,-5.303509594696e-01  
  8.331199302763e-06  ,-5.814085906970e-01  ,-5.638759269553e-01  
  8.332433863968e-06  ,-5.960869015825e-01  ,-5.776444526128e-01  
  8.334197602659e-06  ,-6.154963079801e-01  ,-5.957966106558e-01  
  8.337340630084e-06  ,-6.453663714321e-01  ,-6.235761405535e-01  
  8.343626684934e-06  ,-6.860154919068e-01  ,-6.606847575348e-01  
  8.350335932761e-06  ,-6.999610176085e-01  ,-6.719413595365e-01  
  8.357929564506e-06  ,-6.783917625992e-01  ,-6.488823528632e-01  
  8.369743205100e-06  ,-5.696127808788e-01  ,-5.412798328663e-01  
  8.379844702274e-06  ,-4.142077037217e-01  ,-3.900296587179e-01  
  8.385244883090e-06  ,-3.129856906030e-01  ,-2.920618675562e-01  
  8.386781751603e-06  ,-2.824017478549e-01  ,-2.625224470005e-01  
  8.388872011989e-06  ,-2.397628264395e-01  ,-2.213720851723e-01  
  8.391478225082e-06  ,-1.851729753007e-01  ,-1.687402094028e-01  
  8.396690651268e-06  ,-7.264534405966e-02  ,-6.039617349194e-02  
  8.400749727577e-06  ,1.648584615042e-02  ,2.527795281297e-02  
  8.405681266874e-06  ,1.242753061028e-01  ,1.286959695377e-01  
  8.408708810300e-06  ,1.891363556248e-01  ,1.908281880496e-01  
  8.412161781877e-06  ,2.609917745831e-01  ,2.595508580255e-01  
  8.418715312570e-06  ,3.882646736523e-01  ,3.809730187556e-01  
  8.423791393131e-06  ,4.758285608501e-01  ,4.641783590350e-01  
  8.429274275392e-06  ,5.567847591046e-01  ,5.407196565586e-01  
  8.432163610548e-06  ,5.929496282301e-01  ,5.747112336869e-01  
  8.433347880334e-06  ,6.063776719602e-01  ,5.872830119778e-01  
  8.435100443155e-06  ,6.247042616793e-01  ,6.043904539803e-01  
  8.438605568796e-06  ,6.556278386059e-01  ,6.330584495216e-01  
  8.445615820080e-06  ,6.933708498369e-01  ,6.671220405548e-01  
  8.452931545168e-06  ,6.970334342521e-01  ,6.683140624865e-01  
  8.460243544966e-06  ,6.640650476326e-01  ,6.344519787046e-01  
  8.470087252051e-06  ,5.651819435815e-01  ,5.369405235074e-01  
  8.478941522032e-06  ,4.300503504863e-01  ,4.053894063749e-01  
  8.483727775007e-06  ,3.424612207798e-01  ,3.205543898726e-01  
  8.486462510616e-06  ,2.888112434784e-01  ,2.687105271111e-01  
  8.487861170858e-06  ,2.605233460274e-01  ,2.414026003715e-01  
  8.489381089300e-06  ,2.292146018593e-01  ,2.111975999294e-01  
  8.492420926183e-06  ,1.651021261803e-01  ,1.493994309309e-01  
  8.498500599951e-06  ,3.296133653584e-02  ,2.224008954024e-02  
  8.502238556236e-06  ,-4.918785389836e-02  ,-5.667446935261e-02  
  8.504613428801e-06  ,-1.010997752453e-01  ,-1.064794852774e-01  
  8.507618247956e-06  ,-1.659391802025e-01  ,-1.686130050924e-01  
  8.511114432901e-06  ,-2.394827435495e-01  ,-2.389824566319e-01  
  8.517116620630e-06  ,-3.585340721783e-01  ,-3.526472770515e-01  
  8.521683081478e-06  ,-4.408047497258e-01  ,-4.309323600336e-01  
  8.526815786451e-06  ,-5.223899517112e-01  ,-5.082490619679e-01  
  8.529478251427e-06  ,-5.594919636632e-01  ,-5.432509135067e-01  
  8.532167911023e-06  ,-5.929998861423e-01  ,-5.747343970207e-01  
  8.534061848611e-06  ,-6.140687614486e-01  ,-5.944509897693e-01  
  8.536438211292e-06  ,-6.374219243911e-01  ,-6.162013395060e-01  
  8.541190936655e-06  ,-6.733649398426e-01  ,-6.492934398775e-01  
  8.548178836197e-06  ,-6.988546259527e-01  ,-6.715649813027e-01  
  8.556030258030e-06  ,-6.874760796866e-01  ,-6.581766780099e-01  
  8.566972180694e-06  ,-6.028306093399e-01  ,-5.738438255934e-01  
  8.577183946460e-06  ,-4.598762482826e-01  ,-4.343461749425e-01  
  8.583360477775e-06  ,-3.494829097982e-01  ,-3.273560974628e-01  
  8.587380066007e-06  ,-2.703132149758e-01  ,-2.508537479743e-01  
  8.588597490877e-06  ,-2.454257007882e-01  ,-2.268362942552e-01  
  8.589832424611e-06  ,-2.198136922651e-01  ,-2.021329992911e-01  
  8.592302292079e-06  ,-1.676362689579e-01  ,-1.518427840358e-01  
  8.597242027014e-06  ,-6.057513533702e-02  ,-4.879406657718e-02  
  8.601211696357e-06  ,2.664015963700e-02  ,3.502230059755e-02  
  8.605580716819e-06  ,1.220986051566e-01  ,1.266038556852e-01  
  8.609018414706e-06  ,1.956826225703e-01  ,1.970904121119e-01  
  8.612545892090e-06  ,2.688105214045e-01  ,2.670193199875e-01  
  8.619098677725e-06  ,3.952512660289e-01  ,3.876071583947e-01  
  8.625457748264e-06  ,5.020413485144e-01  ,4.889777106143e-01  
  8.629590585321e-06  ,5.609730748600e-01  ,5.446279005807e-01  
  8.633091985673e-06  ,6.035466265536e-01  ,5.846102989086e-01  
  8.634219444782e-06  ,6.157249479588e-01  ,5.959951521007e-01  
  8.636054895312e-06  ,6.338919999980e-01  ,6.129203108531e-01  
  8.639725796372e-06  ,6.638514944951e-01  ,6.406023918632e-01  
  8.647067598492e-06  ,6.970317020853e-01  ,6.701811054138e-01  
  8.654960743576e-06  ,6.915163615073e-01  ,6.623899650493e-01  
  8.663572124630e-06  ,6.373279521142e-01  ,6.078550501835e-01  
  8.674095324665e-06  ,5.088407378476e-01  ,4.819576325700e-01  
  8.683809391648e-06  ,3.408947155478e-01  ,3.190468354447e-01  
  8.688891432673e-06  ,2.393615324739e-01  ,2.209687843667e-01  
  8.690020568162e-06  ,2.158816714177e-01  ,1.983247349537e-01  
  8.691140390426e-06  ,1.923271248138e-01  ,1.756194851271e-01  
  8.693380034953e-06  ,1.445334479262e-01  ,1.295757502672e-01  
  8.697859324008e-06  ,4.704044644961e-02  ,3.577128057663e-02  
  8.701639003545e-06  ,-3.602764550805e-02  ,-4.404360917300e-02  
  8.704413599759e-06  ,-9.674941625220e-02  ,-1.023097662744e-01  
  8.707308150321e-06  ,-1.593063878406e-01  ,-1.622668248900e-01  
  8.710192642599e-06  ,-2.203369963052e-01  ,-2.206768197638e-01  
  8.715961627156e-06  ,-3.364878442909e-01  ,-3.316232531570e-01  
  8.720651022583e-06  ,-4.229452980278e-01  ,-4.139552755200e-01  
  8.725744984537e-06  ,-5.064227073430e-01  ,-4.931444525583e-01  
  8.728793762118e-06  ,-5.503171350589e-01  ,-5.346017063732e-01  
  8.732110760599e-06  ,-5.923311087600e-01  ,-5.741024751853e-01  
  8.733106158167e-06  ,-6.037044434694e-01  ,-5.847536801117e-01  
  8.734915904194e-06  ,-6.228627978191e-01  ,-6.026493794395e-01  
  8.738535396248e-06  ,-6.550855629543e-01  ,-6.325379678973e-01  
  8.745774380356e-06  ,-6.938409929251e-01  ,-6.675238808316e-01  
  8.752846471459e-06  ,-6.972030028390e-01  ,-6.685264068997e-01  
  8.760096631438e-06  ,-6.650798224007e-01  ,-6.354797783907e-01  
  8.769999943167e-06  ,-5.663126306895e-01  ,-5.380539027202e-01  
  8.778885505587e-06  ,-4.310216604194e-01  ,-4.063346177043e-01  
  8.783699325711e-06  ,-3.430067323967e-01  ,-3.210836393795e-01  
  8.786558486015e-06  ,-2.868873416583e-01  ,-2.668535803669e-01  
  8.787612556905e-06  ,-2.655898946696e-01  ,-2.462934028100e-01  
  8.789318739861e-06  ,-2.305097045891e-01  ,-2.124476759504e-01  
  8.792731105775e-06  ,-1.584656335512e-01  ,-1.430065892880e-01  
  8.799555837601e-06  ,-9.767324329244e-03  ,5.343645512236e-05  
  8.803523271769e-06  ,7.732267950554e-02  ,8.367902361544e-02  
  8.805720447987e-06  ,1.251231616884e-01  ,1.295167393181e-01  
  8.807850568980e-06  ,1.708980954387e-01  ,1.733707240915e-01  
  8.812110810965e-06  ,2.599513563552e-01  ,2.585648296491e-01  
  8.817393272609e-06  ,3.637457472865e-01  ,3.576094685950e-01  
  8.821729510516e-06  ,4.415974367553e-01  ,4.316759228910e-01  
  8.826798140496e-06  ,5.221315659301e-01  ,5.079951376302e-01  
  8.829426332802e-06  ,5.588050661357e-01  ,5.425954844956e-01  
  8.832103698939e-06  ,5.922483402379e-01  ,5.740228497748e-01  
  8.833973794669e-06  ,6.131368406118e-01  ,5.935745777965e-01  
  8.836339354008e-06  ,6.365203811741e-01  ,6.153594099191e-01  
  8.841070472687e-06  ,6.726363057029e-01  ,6.486276699278e-01  
  8.848001747817e-06  ,6.986211222943e-01  ,6.713953321028e-01  
  8.855824857444e-06  ,6.883123786025e-01  ,6.590413012699e-01  
  8.866325705737e-06  ,6.099319942769e-01  ,5.808251389088e-01  
  8.876197725028e-06  ,4.760040481064e-01  ,4.500188215543e-01  
  8.885557144374e-06  ,3.068283985648e-01  ,2.861165544524e-01  
  8.889081268996e-06  ,2.354342324131e-01  ,2.171832956460e-01  
  8.889919552445e-06  ,2.179937499726e-01  ,2.003640924027e-01  
  8.890932272613e-06  ,1.967235954072e-01  ,1.798596360004e-01  
  8.892957712948e-06  ,1.536076788118e-01  ,1.383175113697e-01  
  8.897008593619e-06  ,6.568767209096e-02  ,5.370415507438e-02  
  8.900418724358e-06  ,-9.207964001467e-03  ,-1.828169557991e-02  
  8.904779549181e-06  ,-1.047132574525e-01  ,-1.099365736845e-01  
  8.907465856016e-06  ,-1.626815418670e-01  ,-1.654912682369e-01  
  8.910280312836e-06  ,-2.221661267282e-01  ,-2.224252749043e-01  
  8.915909226477e-06  ,-3.354769073228e-01  ,-3.306578113683e-01  
  8.920515175402e-06  ,-4.205609843353e-01  ,-4.116868520652e-01  
  8.925606157124e-06  ,-5.043102301922e-01  ,-4.911438525231e-01  
  8.928650091827e-06  ,-5.483589375466e-01  ,-5.327540811102e-01  
  8.932097102940e-06  ,-5.921710033240e-01  ,-5.739509926314e-01  
  8.933143164456e-06  ,-6.041159603455e-01  ,-5.851376065061e-01  
  8.934898521245e-06  ,-6.226882582795e-01  ,-6.024856857657e-01  
  8.938409234822e-06  ,-6.541026138642e-01  ,-6.316309741340e-01  
  8.945430661976e-06  ,-6.928000669577e-01  ,-6.666314966328e-01  
  8.952614511788e-06  ,-6.976400390372e-01  ,-6.690177846730e-01  
  8.959907140076e-06  ,-6.663677701029e-01  ,-6.367705327738e-01  
  8.969947542489e-06  ,-5.669891963425e-01  ,-5.387155842257e-01  
  8.978929962456e-06  ,-4.302508995487e-01  ,-4.055858242877e-01  
  8.983792211354e-06  ,-3.412246513037e-01  ,-3.193583487682e-01  
  8.986572768033e-06  ,-2.866008240963e-01  ,-2.665753733877e-01  
  8.987622182310e-06  ,-2.653940363052e-01  ,-2.461029593061e-01  
  8.989351834595e-06  ,-2.298223811069e-01  ,-2.117835473883e-01  
  8.992811139166e-06  ,-1.567507999698e-01  ,-1.413538142325e-01  
  8.999729748309e-06  ,-5.943073696829e-03  ,3.728858120829e-03  
  9.003739650786e-06  ,8.205016032874e-02  ,8.821555899928e-02  
  9.006202440202e-06  ,1.355372753504e-01  ,1.394995025216e-01  
  9.008545647800e-06  ,1.856792133123e-01  ,1.875234609900e-01  
  9.013232062995e-06  ,2.826797002793e-01  ,2.802699689555e-01  
  9.018428842962e-06  ,3.830071211632e-01  ,3.759480588046e-01  
  9.024155359209e-06  ,4.816677981009e-01  ,4.696962902068e-01  
  9.029481034219e-06  ,5.595287387434e-01  ,5.432651915255e-01  
  9.031847711146e-06  ,5.892283029403e-01  ,5.711842228059e-01  
  9.032987649977e-06  ,6.023811223943e-01  ,5.835105897455e-01  
  9.034694019198e-06  ,6.206209552565e-01  ,6.005556587197e-01  
  9.038106757641e-06  ,6.517041325034e-01  ,6.294184203880e-01  
  9.044932234526e-06  ,6.911471468321e-01  ,6.651918790750e-01  
  9.051939505577e-06  ,6.987009810503e-01  ,6.702202184741e-01  
  9.059333461761e-06  ,6.701228319597e-01  ,6.405277557587e-01  
  9.069762784481e-06  ,5.693624070643e-01  ,5.410332367871e-01  
  9.079016405582e-06  ,4.287498103573e-01  ,4.041259222457e-01  
  9.084019470453e-06  ,3.368522938892e-01  ,3.151248661425e-01  
  9.086676347494e-06  ,2.845211499987e-01  ,2.645625263354e-01  
  9.088395941496e-06  ,2.495717030196e-01  ,2.308295014731e-01  
  9.090711954474e-06  ,2.013686293305e-01  ,1.843450469164e-01  
  9.095343980432e-06  ,1.020264841554e-01  ,8.866265036532e-02  
  9.098984706640e-06  ,2.232368139792e-02  ,1.201022122872e-02  
  9.102239120245e-06  ,-4.920022643596e-02  ,-5.668638007606e-02  
  9.104128214955e-06  ,-9.052990499797e-02  ,-9.634094777944e-02  
  9.106448325753e-06  ,-1.408381548500e-01  ,-1.445661462981e-01  
  9.109706464648e-06  ,-2.101635450568e-01  ,-2.109414204079e-01  
  9.115445646882e-06  ,-3.264940389655e-01  ,-3.220997414069e-01  
  9.121155026793e-06  ,-4.317236486768e-01  ,-4.222903884632e-01  
  9.127041730523e-06  ,-5.256841846441e-01  ,-5.113331973154e-01  
  9.130172837019e-06  ,-5.685376406791e-01  ,-5.517415563158e-01  
  9.133252161980e-06  ,-6.053232868893e-01  ,-5.862626211577e-01  
  9.135531294584e-06  ,-6.289217670094e-01  ,-6.082899320859e-01  
  9.138051826000e-06  ,-6.512622337104e-01  ,-6.290098071835e-01  
  9.143092888832e-06  ,-6.835844321720e-01  ,-6.585105477092e-01  
  9.150966662407e-06  ,-6.996772367567e-01  ,-6.714681206023e-01  
  9.159037131309e-06  ,-6.719773096540e-01  ,-6.423971616037e-01  
  9.169667619705e-06  ,-5.705773159409e-01  ,-5.422126512041e-01  
  9.179222244263e-06  ,-4.251627027574e-01  ,-4.006373611486e-01  
  9.184343028307e-06  ,-3.305976229950e-01  ,-3.090675433828e-01  
  9.186763349414e-06  ,-2.827719917293e-01  ,-2.628651968594e-01  
  9.188583339989e-06  ,-2.457171168891e-01  ,-2.271032908292e-01  
  9.190955977380e-06  ,-1.962232551318e-01  ,-1.793794820780e-01  
  9.195701252162e-06  ,-9.424730695818e-02  ,-8.117286319717e-02  
  9.199174340308e-06  ,-1.815516893177e-02  ,-8.001563848718e-03  
  9.202507357538e-06  ,5.508266746876e-02  ,6.233353751535e-02  
  9.204401667655e-06  ,9.648952717051e-02  ,1.020577032149e-01  
  9.206509064376e-06  ,1.421462953955e-01  ,1.458246016548e-01  
  9.210300664842e-06  ,2.225905054924e-01  ,2.228383140385e-01  
  9.216205995023e-06  ,3.411902106502e-01  ,3.361248980202e-01  
  9.220974366605e-06  ,4.285893819526e-01  ,4.193362406454e-01  
  9.226218830287e-06  ,5.135602209822e-01  ,4.999094777496e-01  
  9.229323114693e-06  ,5.574350485958e-01  ,5.413204771930e-01  
  9.232270191848e-06  ,5.941920086364e-01  ,5.758568338471e-01  
  9.233197044075e-06  ,6.047136518060e-01  ,5.857096863637e-01  
  9.235050748527e-06  ,6.242104357919e-01  ,6.039154158803e-01  
  9.238758157432e-06  ,6.567960039682e-01  ,6.341209756697e-01  
  9.246172975242e-06  ,6.949467926248e-01  ,6.684522652770e-01  
  9.253218244255e-06  ,6.964253311546e-01  ,6.676369831055e-01  
  9.260453503072e-06  ,6.625902568182e-01  ,6.329817139570e-01  
  9.270133297384e-06  ,5.645839238520e-01  ,5.363669903415e-01  
  9.278871338308e-06  ,4.312671058143e-01  ,4.065785774265e-01  
  9.283601711929e-06  ,3.448763785324e-01  ,3.228977508932e-01  
  9.286462362349e-06  ,2.888142135707e-01  ,2.687193847447e-01  
  9.287506002426e-06  ,2.677564455690e-01  ,2.483892890647e-01  
  9.289212930441e-06  ,2.327055176448e-01  ,2.145696830137e-01  
  9.292626786470e-06  ,1.606993231200e-01  ,1.451612406959e-01  
  9.299454498529e-06  ,1.199561669859e-02  ,2.089244274584e-03  
  9.303423422813e-06  ,-7.513994667957e-02  ,-8.158379879079e-02  
  9.305565464735e-06  ,-1.217683221043e-01  ,-1.262999495366e-01  
  9.307608413935e-06  ,-1.657290751792e-01  ,-1.684201201670e-01  
  9.311694312334e-06  ,-2.514250495336e-01  ,-2.504112284690e-01  
  9.317246484995e-06  ,-3.609839031909e-01  ,-3.549761850452e-01  
  9.322823989630e-06  ,-4.600078109507e-01  ,-4.491604427547e-01  
  9.328234601259e-06  ,-5.426331579249e-01  ,-5.273415165511e-01  
  9.331004727125e-06  ,-5.790148269356e-01  ,-5.615965501113e-01  
  9.332286785781e-06  ,-5.943848392451e-01  ,-5.760191243048e-01  
  9.334095227957e-06  ,-6.144208045868e-01  ,-5.947681107142e-01  
  9.337071362376e-06  ,-6.430498832922e-01  ,-6.214125138597e-01  
  9.343023631215e-06  ,-6.832549092369e-01  ,-6.582119889508e-01  
  9.349714997649e-06  ,-6.999719416730e-01  ,-6.721429560556e-01  
  9.357392075896e-06  ,-6.812090842746e-01  ,-6.517448427407e-01  
  9.369915011764e-06  ,-5.674084403244e-01  ,-5.391233712787e-01  
  9.380435231566e-06  ,-4.036681594181e-01  ,-3.798095616504e-01  
  9.385449472308e-06  ,-3.089548845893e-01  ,-2.881635133291e-01  
  9.386961940169e-06  ,-2.787714662436e-01  ,-2.590137879763e-01  
  9.388864818454e-06  ,-2.399114454453e-01  ,-2.215125194262e-01  
  9.391927379608e-06  ,-1.756292995791e-01  ,-1.595388536970e-01  
  9.398052501917e-06  ,-4.280100524572e-02  ,-3.168619817376e-02  
  9.402026641607e-06  ,4.453807165148e-02  ,5.222383753641e-02  
  9.404851901770e-06  ,1.062861989555e-01  ,1.114646566403e-01  
  9.408420357347e-06  ,1.830212004668e-01  ,1.849785539759e-01  
  9.411785784602e-06  ,2.533013539365e-01  ,2.522041922649e-01  
  9.418516639113e-06  ,3.846217530365e-01  ,3.775081549984e-01  
  9.423471275210e-06  ,4.706413493033e-01  ,4.592618176893e-01  
  9.428813341498e-06  ,5.505831309870e-01  ,5.348723935627e-01  
  9.431588310242e-06  ,5.861291262411e-01  ,5.683089936616e-01  
  9.432790275156e-06  ,6.001586130380e-01  ,5.814591503653e-01  
  9.434532593429e-06  ,6.189710133118e-01  ,5.990421839789e-01  
  9.438002328813e-06  ,6.508623912435e-01  ,6.286605405096e-01  
  9.444941799581e-06  ,6.911804632996e-01  ,6.652316974992e-01  
  9.451783667743e-06  ,6.989012925644e-01  ,6.704671915099e-01  
  9.459171663463e-06  ,6.711425970289e-01  ,6.415567660221e-01  
  9.469730626285e-06  ,5.697735203746e-01  ,5.414362177183e-01  
  9.479058753192e-06  ,4.280132873630e-01  ,4.034106697703e-01  
  9.484100561082e-06  ,3.352879805655e-01  ,3.136106558066e-01  
  9.486697833478e-06  ,2.840893752094e-01  ,2.641441918408e-01  
  9.488416309893e-06  ,2.491531635341e-01  ,2.304244455370e-01  
  9.490757654846e-06  ,2.004059002220e-01  ,1.834160284971e-01  
  9.495440344751e-06  ,9.992948799200e-02  ,8.664384627585e-02  
  9.499038230121e-06  ,2.114720627137e-02  ,1.087901968305e-02  
  9.502309780061e-06  ,-5.075015149823e-02  ,-5.817432137005e-02  
  9.504198502243e-06  ,-9.206240016023e-02  ,-9.781101998059e-02  
  9.506459380925e-06  ,-1.410762907253e-01  ,-1.447992392457e-01  
  9.509848277509e-06  ,-2.131362014619e-01  ,-2.137946729846e-01  
  9.515639613807e-06  ,-3.302611079139e-01  ,-3.257011729654e-01  
  9.521397422492e-06  ,-4.359070971623e-01  ,-4.262696581844e-01  
  9.527239422739e-06  ,-5.285447893170e-01  ,-5.140379657765e-01  
  9.530307199299e-06  ,-5.702563417518e-01  ,-5.533599660748e-01  
  9.533002446830e-06  ,-6.025468079325e-01  ,-5.836682838417e-01  
  9.534431281924e-06  ,-6.179273694232e-01  ,-5.980455465319e-01  
  9.536345708609e-06  ,-6.365785175970e-01  ,-6.154114554748e-01  
  9.540174561977e-06  ,-6.669158046966e-01  ,-6.434051468404e-01  
  9.547832268715e-06  ,-6.983774024079e-01  ,-6.712158344320e-01  
  9.555686670780e-06  ,-6.888588875811e-01  ,-6.596087719072e-01  
  9.565724092960e-06  ,-6.163146425548e-01  ,-5.871083504205e-01  
  9.575281697750e-06  ,-4.905749957534e-01  ,-4.641780827285e-01  
  9.584635156631e-06  ,-3.249211531452e-01  ,-3.036028976765e-01  
  9.589100289583e-06  ,-2.350402740376e-01  ,-2.167938857647e-01  
  9.590069423854e-06  ,-2.148593949599e-01  ,-1.973329282259e-01  
  9.591029058635e-06  ,-1.946800338056e-01  ,-1.778815090060e-01  
  9.592948328197e-06  ,-1.538090232725e-01  ,-1.385044102803e-01  
  9.596786867321e-06  ,-7.054053895402e-02  ,-5.836655602932e-02  
  9.600103865802e-06  ,2.284124236462e-03  ,1.163394085555e-02  
  9.604642014444e-06  ,1.017217744830e-01  ,1.070704454469e-01  
  9.607172231615e-06  ,1.563943697003e-01  ,1.594708928275e-01  
  9.609839166939e-06  ,2.129453538181e-01  ,2.136004885974e-01  
  9.615173037589e-06  ,3.211791804390e-01  ,3.170168974935e-01  
  9.619992073119e-06  ,4.113086350145e-01  ,4.028884322749e-01  
  9.625129248440e-06  ,4.969804858221e-01  ,4.842065791722e-01  
  9.628291274846e-06  ,5.434196307910e-01  ,5.280967822091e-01  
  9.630999560893e-06  ,5.789509741921e-01  ,5.615482992561e-01  
  9.632081012666e-06  ,5.919822410640e-01  ,5.737773819840e-01  
  9.633704307914e-06  ,6.102555987764e-01  ,5.908854856846e-01  
  9.636868196964e-06  ,6.412716006768e-01  ,6.197714234089e-01  
  9.643195975065e-06  ,6.840689156566e-01  ,6.589449182792e-01  
  9.649459678173e-06  ,6.998991531389e-01  ,6.721563132529e-01  
  9.657035428524e-06  ,6.829713518105e-01  ,6.535446913528e-01  
  9.671729463577e-06  ,5.431320384707e-01  ,5.153948862614e-01  
  9.684157032013e-06  ,3.341973181013e-01  ,3.125186594790e-01  
  9.689964759588e-06  ,2.170488103964e-01  ,1.993927732172e-01  
  9.691267307341e-06  ,1.896419683764e-01  ,1.729790086444e-01  
  9.692558492959e-06  ,1.621606934828e-01  ,1.465072239812e-01  
  9.695140864193e-06  ,1.064434364791e-01  ,9.287131024753e-02  
  9.699100847781e-06  ,1.977076051267e-02  ,9.530066241599e-03  
  9.702505763113e-06  ,-5.504771290430e-02  ,-6.231519752456e-02  
  9.704477931797e-06  ,-9.815037514103e-02  ,-1.036630866197e-01  
  9.706624071538e-06  ,-1.446218072334e-01  ,-1.482057613289e-01  
  9.710624288261e-06  ,-2.293263375698e-01  ,-2.292848055012e-01  
  9.716658513486e-06  ,-3.498447120715e-01  ,-3.443783971558e-01  
  9.721382181585e-06  ,-4.356448002367e-01  ,-4.260416917537e-01  
  9.726622174919e-06  ,-5.195461760144e-01  ,-5.055698060183e-01  
  9.729350577533e-06  ,-5.578001367189e-01  ,-5.416644273092e-01  
  9.732167269528e-06  ,-5.929923899368e-01  ,-5.747324726658e-01  
  9.733239594340e-06  ,-6.051844413918e-01  ,-5.861502753524e-01  
  9.735087897122e-06  ,-6.245797327653e-01  ,-6.042596783731e-01  
  9.738784502685e-06  ,-6.569961668804e-01  ,-6.343053776482e-01  
  9.746177713811e-06  ,-6.949592834702e-01  ,-6.684627234981e-01  
  9.753240119159e-06  ,-6.963766129540e-01  ,-6.675833851831e-01  
  9.760503690183e-06  ,-6.622334603880e-01  ,-6.326168709128e-01  
  9.770159642637e-06  ,-5.642412300328e-01  ,-5.360242909034e-01  
  9.778884272516e-06  ,-4.310430265328e-01  ,-4.063562818228e-01  
  9.783604960382e-06  ,-3.448142113390e-01  ,-3.228342070546e-01  
  9.786437298596e-06  ,-2.893162033530e-01  ,-2.692015647620e-01  
  9.787475350738e-06  ,-2.683791255933e-01  ,-2.489879802249e-01  
  9.789190474391e-06  ,-2.331712075244e-01  ,-2.150168589710e-01  
  9.792620721698e-06  ,-1.608291294425e-01  ,-1.452847644161e-01  
  9.799481216311e-06  ,-1.140814410567e-02  ,-1.523756856927e-03  
  9.803462061524e-06  ,7.598469118578e-02  ,8.239511929158e-02  
  9.805634650826e-06  ,1.232663178607e-01  ,1.277366735789e-01  
  9.807722303510e-06  ,1.681613649912e-01  ,1.707500403571e-01  
  9.811897608876e-06  ,2.555922810754e-01  ,2.543942204071e-01  
  9.817364099860e-06  ,3.631974690704e-01  ,3.570848672219e-01  
  9.822928938508e-06  ,4.617449366918e-01  ,4.508078573434e-01  
  9.828294846654e-06  ,5.434691399472e-01  ,5.281360397629e-01  
  9.831018033862e-06  ,5.791792230918e-01  ,5.617562007728e-01  
  9.832293573260e-06  ,5.944636669282e-01  ,5.760985077131e-01  
  9.834077801049e-06  ,6.142370918625e-01  ,5.946013561954e-01  
  9.837101246655e-06  ,6.433092484824e-01  ,6.216567064654e-01  
  9.843148137867e-06  ,6.838449828366e-01  ,6.587421737122e-01  
  9.849792565644e-06  ,6.999851362761e-01  ,6.721323015531e-01  
  9.857451762497e-06  ,6.809058010070e-01  ,6.514364128339e-01  
  9.869898702443e-06  ,5.676184058253e-01  ,5.393287441014e-01  
  9.880369748414e-06  ,4.048437933986e-01  ,3.809493727608e-01  
  9.885365362704e-06  ,3.106135620636e-01  ,2.897671180745e-01  
  9.886868144810e-06  ,2.806622952046e-01  ,2.608403604738e-01  
  9.888804550707e-06  ,2.411560997023e-01  ,2.227141179386e-01  
  9.891804154456e-06  ,1.782511599935e-01  ,1.620658945177e-01  
  9.897803361952e-06  ,4.826826105311e-02  ,3.694396085942e-02  
  9.901853497565e-06  ,-4.073751007090e-02  ,-4.857438402021e-02  
  9.905024092138e-06  ,-1.100273850080e-01  ,-1.150519552818e-01  
  9.908362324774e-06  ,-1.817890872631e-01  ,-1.838067714590e-01  
  9.911719183862e-06  ,-2.519354273550e-01  ,-2.509043570045e-01  
  9.918432902038e-06  ,-3.830818347172e-01  ,-3.760449948331e-01  
  9.923359225929e-06  ,-4.688144219853e-01  ,-4.575308464742e-01  
  9.928687136114e-06  ,-5.488649142714e-01  ,-5.332532258275e-01  
  9.931444595993e-06  ,-5.843953388743e-01  ,-5.666817214835e-01  
  9.932656432927e-06  ,-5.986383683119e-01  ,-5.800357003733e-01  
  9.934403780341e-06  ,-6.176429856701e-01  ,-5.978032766377e-01  
  9.937750208616e-06  ,-6.488013392323e-01  ,-6.267564183759e-01  
  9.944443065166e-06  ,-6.893601593810e-01  ,-6.636412425021e-01  
  9.951239484787e-06  ,-6.994693657061e-01  ,-6.711842882119e-01  
  9.958700496197e-06  ,-6.740133530688e-01  ,-6.444510582894e-01  
  9.969688612461e-06  ,-5.703097526657e-01  ,-5.419611668657e-01  
  9.979286450386e-06  ,-4.240401512503e-01  ,-3.995536384860e-01  
  9.984457898378e-06  ,-3.283688291419e-01  ,-3.069147250296e-01  
  9.985887851059e-06  ,-3.002752100999e-01  ,-2.797716369758e-01  
  9.987917016685e-06  ,-2.593830569106e-01  ,-2.402934223894e-01  
  9.990209932864e-06  ,-2.119165142983e-01  ,-1.945091501845e-01  
  9.994795765221e-06  ,-1.139379023736e-01  ,-1.001272034680e-01  
  9.998505781829e-06  ,-3.284750703655e-02  ,-2.212652018844e-02  
  1.000182352537e-05  ,4.007948621584e-02  ,4.793068058792e-02  
  1.000390670770e-05  ,8.569746237182e-02  ,9.170564035291e-02  
  1.000657476062e-05  ,1.435606263680e-01  ,1.471744053874e-01  
  1.000930428082e-05  ,2.017105439783e-01  ,2.028527602250e-01  
  1.001476332122e-05  ,3.131470629732e-01  ,3.093620389224e-01  
  1.002014115030e-05  ,4.139568580531e-01  ,4.053997378815e-01  
  1.002633258277e-05  ,5.152567885215e-01  ,5.014775566701e-01  
  1.002999789590e-05  ,5.662846970293e-01  ,5.496241670553e-01  
  1.003341361457e-05  ,6.070985919413e-01  ,5.879221085218e-01  
  1.003449301744e-05  ,6.185640733920e-01  ,5.986339854543e-01  
  1.003652367318e-05  ,6.381963517054e-01  ,6.169081617302e-01  
  1.004058498466e-05  ,6.696022601117e-01  ,6.458526962409e-01  
  1.004870760763e-05  ,6.994231048330e-01  ,6.719393873292e-01  
  1.005642491901e-05  ,6.857888859035e-01  ,6.564355616368e-01  
  1.006821173751e-05  ,5.885214926135e-01  ,5.598001877443e-01  
  1.007851887071e-05  ,4.373459128072e-01  ,4.124733975496e-01  
  1.008420366371e-05  ,3.332958946182e-01  ,3.116993049050e-01  
  1.008860621178e-05  ,2.452460828052e-01  ,2.266554742010e-01  
  1.008976514959e-05  ,2.212178191931e-01  ,2.034792462343e-01  
  1.009104255164e-05  ,1.943949961879e-01  ,1.776209803913e-01  
  1.009359735572e-05  ,1.398539651154e-01  ,1.250788374777e-01  
  1.009870696390e-05  ,2.842752931578e-02  ,1.788405333650e-02  
  1.010214279914e-05  ,-4.708703124665e-02  ,-5.465436931216e-02  
  1.010427329266e-05  ,-9.369258533918e-02  ,-9.937172235427e-02  
  1.010698083365e-05  ,-1.522889021078e-01  ,-1.555347452946e-01  
  1.011028553867e-05  ,-2.222751042348e-01  ,-2.225252207152e-01  
  1.011610593224e-05  ,-3.392671197515e-01  ,-3.342799068372e-01  
  1.012081991458e-05  ,-4.258988487867e-01  ,-4.167701274254e-01  
  1.012598763728e-05  ,-5.100918926308e-01  ,-4.966223098629e-01  
  1.012905541384e-05  ,-5.538545672847e-01  ,-5.379414465455e-01  
  1.013218055987e-05  ,-5.931476453998e-01  ,-5.748728720964e-01  
  1.013305423358e-05  ,-6.031256567642e-01  ,-5.842164257789e-01  
  1.013480158100e-05  ,-6.217114920306e-01  ,-6.015797374748e-01  
  1.013829627582e-05  ,-6.532138083798e-01  ,-6.308147062375e-01  
  1.014528566548e-05  ,-6.923367220709e-01  ,-6.662342783756e-01  
  1.015234285542e-05  ,-6.981047666174e-01  ,-6.695494605219e-01  
  1.015968540260e-05  ,-6.678449020534e-01  ,-6.382528187934e-01  
  1.016985693523e-05  ,-5.681554355116e-01  ,-5.398563649870e-01  
  1.017893770286e-05  ,-4.301166161549e-01  ,-4.054544635823e-01  
  1.018385285088e-05  ,-3.400596676113e-01  ,-3.182300055806e-01  
  1.018663005480e-05  ,-2.854509908731e-01  ,-2.654634491252e-01  
  1.018835486421e-05  ,-2.504154675401e-01  ,-2.316462688054e-01  
  1.019062058577e-05  ,-2.032921661508e-01  ,-1.862014616406e-01  
  1.019515202889e-05  ,-1.062007606859e-01  ,-9.268162858269e-02  
  1.019888476977e-05  ,-2.452017651553e-02  ,-1.412238756658e-02  
  1.020212651739e-05  ,4.672978163014e-02  ,5.431455102898e-02  
  1.020402492532e-05  ,8.827705076690e-02  ,9.417969733956e-02  
  1.020645418712e-05  ,1.409644148820e-01  ,1.446866814527e-01  
  1.020951823840e-05  ,2.062115464369e-01  ,2.071596822545e-01  
  1.021564634094e-05  ,3.303915375561e-01  ,3.258192909624e-01  
  1.022131101736e-05  ,4.344187388359e-01  ,4.248519198343e-01  
  1.022727520713e-05  ,5.290604132437e-01  ,5.145232434552e-01  
  1.023037092337e-05  ,5.710679207019e-01  ,5.541223325309e-01  
  1.023306244561e-05  ,6.032173005070e-01  ,5.842953685357e-01  
  1.023450711319e-05  ,6.187091225586e-01  ,5.987746485738e-01  
  1.023643606851e-05  ,6.374024480936e-01  ,6.161761782912e-01  
  1.024029397914e-05  ,6.677089164679e-01  ,6.441301195883e-01  
  1.024800980040e-05  ,6.986322095342e-01  ,6.714040301554e-01  
  1.025588953444e-05  ,6.880521327997e-01  ,6.587723287300e-01  
  1.026633822867e-05  ,6.097968127528e-01  ,5.806849209272e-01  
  1.027617895553e-05  ,4.763066058945e-01  ,4.503012091090e-01  
  1.028551602313e-05  ,3.076409445988e-01  ,2.868967848631e-01  
  1.028906734237e-05  ,2.357226302829e-01  ,2.174579974076e-01  
  1.028990804726e-05  ,2.182341663246e-01  ,2.005926907716e-01  
  1.029092374766e-05  ,1.969035063091e-01  ,1.800301020514e-01  
  1.029295514846e-05  ,1.536626997980e-01  ,1.383680128576e-01  
  1.029701795006e-05  ,6.548281835815e-02  ,5.350538593673e-02  
  1.030043329620e-05  ,-9.528386919957e-03  ,-1.859079812835e-02  
  1.030478816056e-05  ,-1.049004969515e-01  ,-1.101170184368e-01  
  1.030748303556e-05  ,-1.630489719679e-01  ,-1.658439168073e-01  
  1.031030606055e-05  ,-2.227030012590e-01  ,-2.229393894442e-01  
  1.031595211053e-05  ,-3.363043130258e-01  ,-3.314472546964e-01  
  1.032055135393e-05  ,-4.211967197811e-01  ,-4.122914584057e-01  
  1.032564084554e-05  ,-5.048389694659e-01  ,-4.916443152571e-01  
  1.032868142748e-05  ,-5.487869901863e-01  ,-5.331577618508e-01  
  1.033209230328e-05  ,-5.921147121343e-01  ,-5.738983229280e-01  
  1.033312663013e-05  ,-6.039321963874e-01  ,-5.849657406379e-01  
  1.033489297652e-05  ,-6.226325455059e-01  ,-6.024338333157e-01  
  1.033842566931e-05  ,-6.542312407059e-01  ,-6.317496631007e-01  
  1.034549105489e-05  ,-6.929888159072e-01  ,-6.667939352930e-01  
  1.035266670907e-05  ,-6.975449234530e-01  ,-6.689103552582e-01  
  1.035994294608e-05  ,-6.661262096347e-01  ,-6.365284252107e-01  
  1.036996099675e-05  ,-5.668156296892e-01  ,-5.385458319302e-01  
  1.037892553532e-05  ,-4.303276916471e-01  ,-4.056605125149e-01  
  1.038377809846e-05  ,-3.414956053076e-01  ,-3.196207025605e-01  
  1.038656536067e-05  ,-2.867494336079e-01  ,-2.667191628432e-01  
  1.038761440241e-05  ,-2.655523440182e-01  ,-2.462560210934e-01  
  1.038934200579e-05  ,-2.300265352946e-01  ,-2.119806834677e-01  
  1.039279721254e-05  ,-1.570492699975e-01  ,-1.416414859337e-01  
  1.039970762604e-05  ,-6.429548680795e-03  ,3.261319892878e-03  
  1.040371305817e-05  ,8.146936093904e-02  ,8.765824354798e-02  
  1.040617659265e-05  ,1.349795702360e-01  ,1.389649030533e-01  
  1.040850303644e-05  ,1.847755422546e-01  ,1.866583397652e-01  
  1.041315592402e-05  ,2.811471086785e-01  ,2.788064380880e-01  
  1.041835493916e-05  ,3.816457200760e-01  ,3.746520635716e-01  
  1.042406953448e-05  ,4.802965272759e-01  ,4.683967949389e-01  
  1.042938254350e-05  ,5.582245660569e-01  ,5.420368619395e-01  
  1.043180696243e-05  ,5.887440455984e-01  ,5.707299111207e-01  
  1.043296124363e-05  ,6.020851178775e-01  ,5.832334985173e-01  
  1.043466146612e-05  ,6.202895118879e-01  ,6.002465364241e-01  
  1.043806191111e-05  ,6.513435089626e-01  ,6.290854643793e-01  
  1.044486280107e-05  ,6.909034294947e-01  ,6.649797778490e-01  
  1.045185740614e-05  ,6.988085980417e-01  ,6.703493689548e-01  
  1.045925881290e-05  ,6.705954737745e-01  ,6.410032782572e-01  
  1.046974923038e-05  ,5.695357547405e-01  ,5.412028583451e-01  
  1.047904010439e-05  ,4.283377266578e-01  ,4.037257429105e-01  
  1.048406179571e-05  ,3.360360725652e-01  ,3.143348163920e-01  
  1.048668477261e-05  ,2.843518572571e-01  ,2.643983634408e-01  
  1.048840231770e-05  ,2.494406926767e-01  ,2.307024990765e-01  
  1.049073323184e-05  ,2.009204494446e-01  ,1.839125388461e-01  
  1.049539506012e-05  ,1.009150477795e-01  ,8.759266318462e-02  
  1.049901306206e-05  ,2.170042155254e-02  ,1.141094753615e-02  
  1.050227604383e-05  ,-5.001017709256e-02  ,-5.746395042840e-02  
  1.050416476601e-05  ,-9.132689443128e-02  ,-9.710548445492e-02  
  1.050645358437e-05  ,-1.409514311992e-01  ,-1.446748224497e-01  
  1.050977915102e-05  ,-2.116877089497e-01  ,-2.123998026630e-01  
  1.051554515535e-05  ,-3.284281352213e-01  ,-3.239450743247e-01  
  1.052127688700e-05  ,-4.338299489177e-01  ,-4.242918941041e-01  
  1.052713974887e-05  ,-5.271050506422e-01  ,-5.126755667707e-01  
  1.053023881787e-05  ,-5.693829054339e-01  ,-5.525366835262e-01  
  1.053327977234e-05  ,-6.056279908457e-01  ,-5.865472373517e-01  
  1.053563713604e-05  ,-6.299402243578e-01  ,-6.092373888449e-01  
  1.053816474551e-05  ,-6.521685113205e-01  ,-6.298462457342e-01  
  1.054321996444e-05  ,-6.841806317658e-01  ,-6.590371136044e-01  
  1.055104307407e-05  ,-6.996241978794e-01  ,-6.713897343390e-01  
  1.055915526623e-05  ,-6.712449765048e-01  ,-6.416733501582e-01  
  1.056973062032e-05  ,-5.697735965198e-01  ,-5.414466874701e-01  
  1.057925097221e-05  ,-4.246606495579e-01  ,-4.001637178047e-01  
  1.058434865946e-05  ,-3.304884634118e-01  ,-3.089713453651e-01  
  1.058580934578e-05  ,-3.018338083523e-01  ,-2.812840316919e-01  
  1.058780349368e-05  ,-2.617001868248e-01  ,-2.425354539029e-01  
  1.059008448893e-05  ,-2.145440649841e-01  ,-1.970473937697e-01  
  1.059464647943e-05  ,-1.171758228371e-01  ,-1.032470417883e-01  
  1.059844031507e-05  ,-3.428553989083e-02  ,-2.351081567597e-02  
  1.060178935105e-05  ,3.932916352919e-02  ,4.720956148798e-02  
  1.060393102044e-05  ,8.622808041059e-02  ,9.221410857024e-02  
  1.060666240329e-05  ,1.454464744262e-01  ,1.489808671214e-01  
  1.060938261026e-05  ,2.033594202628e-01  ,2.044302739710e-01  
  1.061482302421e-05  ,3.143207468564e-01  ,3.104816075417e-01  
  1.062021426433e-05  ,4.152523487176e-01  ,4.066313179726e-01  
  1.062635205263e-05  ,5.155465138243e-01  ,5.017511037960e-01  
  1.063000097448e-05  ,5.663244919490e-01  ,5.496611550679e-01  
  1.063338987106e-05  ,6.068384908472e-01  ,5.876784507504e-01  
  1.063448454762e-05  ,6.184768582793e-01  ,5.985522711916e-01  
  1.063650067472e-05  ,6.379883995385e-01  ,6.167148611680e-01  
  1.064053292894e-05  ,6.692676802345e-01  ,6.455471398791e-01  
  1.064859743738e-05  ,6.993205741887e-01  ,6.718757017220e-01  
  1.065632964993e-05  ,6.862058283549e-01  ,6.568646166775e-01  
  1.066788252020e-05  ,5.924098363183e-01  ,5.636143221862e-01  
  1.067812408829e-05  ,4.440907972893e-01  ,4.190205364009e-01  
  1.068387146616e-05  ,3.397017902078e-01  ,3.178959964986e-01  
  1.068939979696e-05  ,2.288258404820e-01  ,2.108327092053e-01  
  1.069042630070e-05  ,2.073767590563e-01  ,1.901495779601e-01  
  1.069144703025e-05  ,1.858344585818e-01  ,1.693851612765e-01  
  1.069348848933e-05  ,1.421989709320e-01  ,1.273474613181e-01  
  1.069757140750e-05  ,5.335573806369e-02  ,4.185748471148e-02  
  1.070112868720e-05  ,-2.481592693764e-02  ,-3.326637287043e-02  
  1.070447586054e-05  ,-9.810527549375e-02  ,-1.036019437358e-01  
  1.070725418204e-05  ,-1.581504781031e-01  ,-1.611537095707e-01  
  1.071002579802e-05  ,-2.168513860949e-01  ,-2.173388909907e-01  
  1.071556902999e-05  ,-3.288916979577e-01  ,-3.243756497718e-01  
  1.072029865855e-05  ,-4.167449858794e-01  ,-4.080585859312e-01  
  1.072539187545e-05  ,-5.010307817790e-01  ,-4.880405258803e-01  
  1.072847641581e-05  ,-5.459768572646e-01  ,-5.305082715669e-01  
  1.073132253760e-05  ,-5.829134539720e-01  ,-5.652701522572e-01  
  1.073237623596e-05  ,-5.954215158016e-01  ,-5.770011888638e-01  
  1.073403585279e-05  ,-6.137941226504e-01  ,-5.941915577238e-01  
  1.073735508645e-05  ,-6.454894335384e-01  ,-6.236788287467e-01  
  1.074399355376e-05  ,-6.875744981839e-01  ,-6.620608441103e-01  
  1.075048896992e-05  ,-6.999174107466e-01  ,-6.718474986058e-01  
  1.075797531331e-05  ,-6.781430198145e-01  ,-6.486280004719e-01  
  1.076986345971e-05  ,-5.680716103239e-01  ,-5.397708752785e-01  
  1.077995750630e-05  ,-4.122053242260e-01  ,-3.880877081481e-01  
  1.078481155956e-05  ,-3.214801098759e-01  ,-3.002745607205e-01  
  1.078623685563e-05  ,-2.933242990384e-01  ,-2.730740202068e-01  
  1.078843589449e-05  ,-2.487506337572e-01  ,-2.300469796542e-01  
  1.079101305032e-05  ,-1.950181617188e-01  ,-1.782295582664e-01  
  1.079616736197e-05  ,-8.408060728657e-02  ,-7.139526749544e-02  
  1.080006774092e-05  ,1.489699450161e-03  ,1.087380988244e-02  
  1.080527197146e-05  ,1.154073858326e-01  ,1.202079418444e-01  
  1.080744679594e-05  ,1.622738362834e-01  ,1.651171953473e-01  
  1.081053468907e-05  ,2.274637815003e-01  ,2.275027181334e-01  
  1.081671047533e-05  ,3.508339994919e-01  ,3.453074096207e-01  
  1.082141328180e-05  ,4.361799306576e-01  ,4.265368839340e-01  
  1.082651096904e-05  ,5.179040810637e-01  ,5.040066150863e-01  
  1.082921180451e-05  ,5.559510563230e-01  ,5.399133647937e-01  
  1.083207580769e-05  ,5.919211467650e-01  ,5.737205823462e-01  
  1.083309374326e-05  ,6.035662046074e-01  ,5.846265653800e-01  
  1.083494744772e-05  ,6.231790471074e-01  ,6.029460326850e-01  
  1.083865485662e-05  ,6.560068175957e-01  ,6.333882544444e-01  
  1.084606967443e-05  ,6.946706652479e-01  ,6.682169748518e-01  
  1.085301212543e-05  ,6.968682304724e-01  ,6.681249275931e-01  
  1.086027346128e-05  ,6.638566725883e-01  ,6.342483876837e-01  
  1.087004117244e-05  ,5.657792244528e-01  ,5.375357517973e-01  
  1.087884775871e-05  ,4.316754283763e-01  ,4.069740000702e-01  
  1.088361911052e-05  ,3.445433714429e-01  ,3.225746723150e-01  
  1.088654085571e-05  ,2.872409510324e-01  ,2.671989994961e-01  
  1.088759921068e-05  ,2.658614243329e-01  ,2.465590959920e-01  
  1.088928937489e-05  ,2.311193584322e-01  ,2.130388075155e-01  
  1.089266970330e-05  ,1.597805935695e-01  ,1.442756020171e-01  
  1.089943036014e-05  ,1.252636619341e-02  ,2.599243760587e-03  
  1.090337320739e-05  ,-7.404193934062e-02  ,-8.052998514700e-02  
  1.090546756560e-05  ,-1.196476591115e-01  ,-1.242666472355e-01  
  1.090745426291e-05  ,-1.624335658941e-01  ,-1.652635768759e-01  
  1.091142765754e-05  ,-2.459435609080e-01  ,-2.451716212122e-01  
  1.091713256711e-05  ,-3.588352173137e-01  ,-3.529430188306e-01  
  1.092161111110e-05  ,-4.395741402410e-01  ,-4.297687657961e-01  
  1.092672667974e-05  ,-5.210835421982e-01  ,-5.070171087938e-01  
  1.092938504690e-05  ,-5.582577812106e-01  ,-5.420904377492e-01  
  1.093211307698e-05  ,-5.923582523719e-01  ,-5.741340514332e-01  
  1.093393437141e-05  ,-6.127180826835e-01  ,-5.931902882623e-01  
  1.093631445938e-05  ,-6.362923830214e-01  ,-6.151532912078e-01  
  1.094100758010e-05  ,-6.722520673743e-01  ,-6.482816787644e-01  
  1.094804837877e-05  ,-6.986847060985e-01  ,-6.714437584246e-01  
  1.095580890352e-05  ,-6.883761367451e-01  ,-6.591084120602e-01  
  1.096633210355e-05  ,-6.098629434964e-01  ,-5.807575323696e-01  
  1.097621157342e-05  ,-4.757807107473e-01  ,-4.498017657805e-01  
  1.098557248288e-05  ,-3.065251820427e-01  ,-2.858234565121e-01  
  1.098907015795e-05  ,-2.356643279312e-01  ,-2.174052737833e-01  
  1.098991514692e-05  ,-2.180858127803e-01  ,-2.004528968668e-01  
  1.099093028852e-05  ,-1.967654689567e-01  ,-1.799000277048e-01  
  1.099296057174e-05  ,-1.535463425049e-01  ,-1.382584401623e-01  
  1.099702113816e-05  ,-6.541301541500e-02  ,-5.344000478404e-02  
  1.100043648431e-05  ,9.598490432678e-03  ,1.865683878040e-02  
  1.100478687832e-05  ,1.048726172525e-01  ,1.100893904930e-01  
  1.100748249838e-05  ,1.630374835242e-01  ,1.658322024049e-01  
  1.101030552337e-05  ,2.226918016771e-01  ,2.229281173831e-01  
  1.101595157334e-05  ,3.362939523043e-01  ,3.314370303645e-01  
  1.102055081674e-05  ,4.211872842169e-01  ,4.122822604724e-01  
  1.102564030835e-05  ,5.048307859462e-01  ,4.916364280385e-01  
  1.102868089029e-05  ,5.487796565621e-01  ,5.331507379383e-01  
  1.103209251115e-05  ,5.921171503582e-01  ,5.739005261222e-01  
  1.103312721053e-05  ,6.039386497656e-01  ,5.849717044155e-01  
  1.103489318439e-05  ,6.226346345143e-01  ,6.024357157526e-01  
  1.103842513213e-05  ,6.542270390946e-01  ,6.317457399326e-01  
  1.104548902759e-05  ,6.929825203380e-01  ,6.667884968534e-01  
  1.105266617188e-05  ,6.975459118855e-01  ,6.689114587157e-01  
  1.105994240889e-05  ,6.661298399238e-01  ,6.365320596553e-01  
  1.106996045956e-05  ,5.668225616092e-01  ,5.385526119111e-01  
  1.107892499813e-05  ,4.303370090047e-01  ,4.056695517912e-01  
  1.108377830634e-05  ,3.414916148663e-01  ,3.196168419189e-01  
  1.108656631359e-05  ,2.867303164371e-01  ,2.667006975908e-01  
  1.108761554161e-05  ,2.655291643455e-01  ,2.462336432464e-01  
  1.108934277245e-05  ,2.300106116851e-01  ,2.119653203089e-01  
  1.109279723415e-05  ,1.570488069548e-01  ,1.416410378450e-01  
  1.109970615754e-05  ,6.461841520952e-03  ,-3.230286383366e-03  
  1.110371084461e-05  ,-8.142101266236e-02  ,-8.761184877127e-02  
  1.110617437908e-05  ,-1.349318045950e-01  ,-1.389191143633e-01  
  1.110849933276e-05  ,-1.846969815342e-01  ,-1.865831265543e-01  
  1.111314924011e-05  ,-2.810124920642e-01  ,-2.786778791146e-01  
  1.111834825525e-05  ,-3.815224923705e-01  ,-3.745347485059e-01  
  1.112406136045e-05  ,-4.801657438177e-01  ,-4.682728445788e-01  
  1.112937287936e-05  ,-5.580963093329e-01  ,-5.419160501631e-01  
  1.113180772910e-05  ,-5.887531655430e-01  ,-5.707384787102e-01  
  1.113296405920e-05  ,-6.021166990705e-01  ,-5.832630785927e-01  
  1.113466372290e-05  ,-6.203125105273e-01  ,-6.002680034308e-01  
  1.113806305030e-05  ,-6.513526855457e-01  ,-6.290939475119e-01  
  1.114486170509e-05  ,-6.908995561521e-01  ,-6.649764025167e-01  
  1.115186003545e-05  ,-6.988052235615e-01  ,-6.703453064183e-01  
  1.115926144221e-05  ,-6.705788888576e-01  ,-6.409865935976e-01  
  1.116975036958e-05  ,-5.695211892012e-01  ,-5.411886103788e-01  
  1.117904124358e-05  ,-4.283179119485e-01  ,-4.037065291541e-01  
  1.118406293491e-05  ,-3.360140955688e-01  ,-3.143135673070e-01  
  1.118668367663e-05  ,-2.843738808132e-01  ,-2.644196335089e-01  
  1.118840084919e-05  ,-2.494708666637e-01  ,-2.307316184766e-01  
  1.119073250839e-05  ,-2.009356894757e-01  ,-1.839272349686e-01  
  1.119539582679e-05  ,-1.008983640340e-01  ,-8.757660538910e-02  
  1.119901345620e-05  ,-2.169175821984e-02  ,-1.140261771530e-02  
  1.120227643797e-05  ,5.001882243740e-02  ,5.747225268880e-02  
  1.120416516015e-05  ,9.133548783715e-02  ,9.711373017045e-02  
  1.120645360598e-05  ,1.409518966225e-01  ,1.446752717333e-01  
  1.120977991769e-05  ,2.117037793088e-01  ,2.124151808343e-01  
  1.121554592201e-05  ,3.284430240649e-01  ,3.239592799439e-01  
  1.122127765366e-05  ,4.338431802869e-01  ,4.243044667503e-01  
  1.122714051554e-05  ,5.271161444695e-01  ,5.126860476067e-01  
  1.123023921201e-05  ,5.693879472643e-01  ,5.525414261404e-01  
  1.123327979395e-05  ,6.056282291155e-01  ,5.865474571291e-01  
  1.123563790271e-05  ,6.299475761801e-01  ,6.092442277200e-01  
  1.123816551217e-05  ,6.521746364364e-01  ,6.298518980116e-01  
  1.124322073111e-05  ,6.841841956381e-01  ,6.590402941927e-01  
  1.125104384074e-05  ,6.996236452929e-01  ,6.713889602135e-01  
  1.125915603289e-05  ,6.712401936474e-01  ,6.416685320325e-01  
  1.126973138699e-05  ,5.697638021757e-01  ,5.414371015165e-01  
  1.127925173888e-05  ,4.246472464891e-01  ,4.001507161366e-01  
  1.128434942612e-05  ,3.304736008480e-01  ,3.089569710369e-01  
  1.128580955365e-05  ,3.018296838182e-01  ,2.812800411467e-01  
  1.128780444661e-05  ,2.616807502986e-01  ,2.425166903455e-01  
  1.129008544186e-05  ,2.145241174208e-01  ,1.970281554062e-01  
  1.129464743236e-05  ,1.171551624635e-01  ,1.032271518497e-01  
  1.129844052294e-05  ,3.428097405029e-02  ,2.350642760330e-02  
  1.130178955892e-05  ,-3.933372763385e-02  ,-4.721393848037e-02  
  1.130393085578e-05  ,-8.622448697225e-02  ,-9.221065693162e-02  
  1.130666186610e-05  ,-1.454349188706e-01  ,-1.489697919356e-01  
  1.130938207307e-05  ,-2.033481163770e-01  ,-2.044194545267e-01  
  1.131482248703e-05  ,-3.143101913787e-01  ,-3.104715340154e-01  
  1.132021372715e-05  ,-4.152428384090e-01  ,-4.066222747395e-01  
  1.132635226050e-05  ,-5.155496060549e-01  ,-5.017540303144e-01  
  1.133000118235e-05  ,-5.663271787819e-01  ,-5.496636869590e-01  
  1.133339045146e-05  ,-6.068448529367e-01  ,-5.876844050742e-01  
  1.133448531428e-05  ,-6.184847545532e-01  ,-5.985596428455e-01  
  1.133650144139e-05  ,-6.379953370932e-01  ,-6.167213035812e-01  
  1.134053369561e-05  ,-6.692726208397e-01  ,-6.455516509617e-01  
  1.134859820405e-05  ,-6.993213166372e-01  ,-6.718761708116e-01  
  1.135633190671e-05  ,-6.861960226837e-01  ,-6.568545194681e-01  
  1.136788775721e-05  ,-5.923484775411e-01  ,-5.635541215775e-01  
  1.137812932530e-05  ,-4.440017673558e-01  ,-4.189341107657e-01  
  1.138387521306e-05  ,-3.396297423192e-01  ,-3.178263013585e-01  
  1.138939981857e-05  ,-2.288253914308e-01  ,-2.108322609500e-01  
  1.139041998932e-05  ,-2.075093190846e-01  ,-1.902773703351e-01  
  1.139143438587e-05  ,-1.861025305655e-01  ,-1.696435017153e-01  
  1.139346317896e-05  ,-1.427439244499e-01  ,-1.278722678723e-01  
  1.139752076516e-05  ,-5.446611343307e-02  ,-4.292522576307e-02  
  1.140105345795e-05  ,2.316252132970e-02  ,3.167850396101e-02  
  1.140454591760e-05  ,9.963046624101e-02  ,1.050649730948e-01  
  1.140734286556e-05  ,1.600496879320e-01  ,1.629734384813e-01  
  1.141014167616e-05  ,2.192728757364e-01  ,2.196556011452e-01  
  1.141573929736e-05  ,3.321923194843e-01  ,3.275240435253e-01  
  1.142042049715e-05  ,4.188947123524e-01  ,4.101024134592e-01  
  1.142549508759e-05  ,5.026132233680e-01  ,4.895378991680e-01  
  1.142855466852e-05  ,5.470521604485e-01  ,5.315219514104e-01  
  1.143159785816e-05  ,5.862438907058e-01  ,5.683969985294e-01  
  1.143264652738e-05  ,5.985254353497e-01  ,5.799092877607e-01  
  1.143433650532e-05  ,6.169453764965e-01  ,5.971339177669e-01  
  1.143771646121e-05  ,6.485223666681e-01  ,6.264845605881e-01  
  1.144447637299e-05  ,6.894870065453e-01  ,6.637450342398e-01  
  1.145121691325e-05  ,6.994885135478e-01  ,6.712056035363e-01  
  1.145864514211e-05  ,6.743409357349e-01  ,6.447796738986e-01  
  1.146972713569e-05  ,5.698181095049e-01  ,5.414793224714e-01  
  1.147936371663e-05  ,4.226869753578e-01  ,3.982469667746e-01  
  1.148455304602e-05  ,3.265194651385e-01  ,3.051303506891e-01  
  1.148595524529e-05  ,2.989357468300e-01  ,2.784806843125e-01  
  1.148805034855e-05  ,2.566573955580e-01  ,2.376655014378e-01  
  1.149035369554e-05  ,2.089012140787e-01  ,1.916039690067e-01  
  1.149496038952e-05  ,1.103643959303e-01  ,9.668913598685e-02  
  1.149858360687e-05  ,3.113783387441e-02  ,2.048448257117e-02  
  1.150187117556e-05  ,-4.112560424125e-02  ,-4.893335959469e-02  
  1.150388916531e-05  ,-8.531457393203e-02  ,-9.133687425732e-02  
  1.150648941794e-05  ,-1.417232223578e-01  ,-1.454126903285e-01  
  1.150924166241e-05  ,-2.003915143784e-01  ,-2.015895472477e-01  
  1.151474615136e-05  ,-3.128093214485e-01  ,-3.090395425116e-01  
  1.152012472549e-05  ,-4.136655300775e-01  ,-4.051225925270e-01  
  1.152634670535e-05  ,-5.154669616830e-01  ,-5.016763301552e-01  
  1.153002058664e-05  ,-5.665778820073e-01  ,-5.499002038575e-01  
  1.153344412842e-05  ,-6.074323635310e-01  ,-5.882344298475e-01  
  1.153453545222e-05  ,-6.190003717326e-01  ,-5.990412287776e-01  
  1.153656759807e-05  ,-6.385925950607e-01  ,-6.172760360271e-01  
  1.154063188979e-05  ,-6.699022016299e-01  ,-6.461264077898e-01  
  1.154876047322e-05  ,-6.994693297562e-01  ,-6.719669679095e-01  
  1.155650013635e-05  ,-6.854553593922e-01  ,-6.560925889195e-01  
  1.156845682809e-05  ,-5.855858569122e-01  ,-5.569218763505e-01  
  1.157883101651e-05  ,-4.319652054715e-01  ,-4.072516411648e-01  
  1.158449420282e-05  ,-3.276635328188e-01  ,-3.062516570914e-01  
  1.158762046644e-05  ,-2.654289526907e-01  ,-2.461367764915e-01  
  1.158959039995e-05  ,-2.248604643543e-01  ,-2.069961837549e-01  
  1.159165458331e-05  ,-1.814299910831e-01  ,-1.651313363856e-01  
  1.159578295001e-05  ,-9.246672772053e-02  ,-7.946824074529e-02  
  1.159911149690e-05  ,-1.953666657013e-02  ,-9.337339785203e-03  
  1.160238602707e-05  ,5.242235098838e-02  ,5.977240608243e-02  
  1.160424550572e-05  ,9.308698131972e-02  ,9.878753701855e-02  
  1.160639946857e-05  ,1.397855350337e-01  ,1.435565276023e-01  
  1.160994035700e-05  ,2.150640941430e-01  ,2.156336958094e-01  
  1.161577341655e-05  ,3.328525775099e-01  ,3.281699741653e-01  
  1.162158114412e-05  ,4.390610768117e-01  ,4.292640235324e-01  
  1.162740526298e-05  ,5.309287759681e-01  ,5.162884743136e-01  
  1.163043057123e-05  ,5.718255119539e-01  ,5.548349186921e-01  
  1.163298723796e-05  ,6.023765070317e-01  ,5.835073164159e-01  
  1.163447344252e-05  ,6.183624410146e-01  ,5.984501792377e-01  
  1.163640090773e-05  ,6.370824509515e-01  ,6.158782132657e-01  
  1.164025583813e-05  ,6.674566229800e-01  ,6.438957892371e-01  
  1.164796569893e-05  ,6.985709401400e-01  ,6.713573344554e-01  
  1.165582010099e-05  ,6.883314053329e-01  ,6.590607338955e-01  
  1.166616597721e-05  ,6.116479297734e-01  ,5.825058597503e-01  
  1.167592623779e-05  ,4.803641579472e-01  ,4.542462412538e-01  
  1.168525436470e-05  ,3.127991688880e-01  ,2.918828940132e-01  
  1.168922179887e-05  ,2.325215737653e-01  ,2.143635641634e-01  
  1.169004806826e-05  ,2.153063106504e-01  ,1.977629953881e-01  
  1.169097799385e-05  ,1.957584526256e-01  ,1.789201977008e-01  
  1.169283784503e-05  ,1.561783664301e-01  ,1.407860911508e-01  
  1.169655754739e-05  ,7.555600231305e-02  ,6.319038290107e-02  
  1.169982052916e-05  ,3.946748933165e-03  ,-5.647939397572e-03  
  1.170463807458e-05  ,-1.016360511948e-01  ,-1.069886811418e-01  
  1.170619617724e-05  ,-1.354021495269e-01  ,-1.393571139510e-01  
  1.170786492103e-05  ,-1.712041455787e-01  ,-1.736518980958e-01  
  1.171120240861e-05  ,-2.412997685170e-01  ,-2.407250825452e-01  
  1.171637162143e-05  ,-3.443659401089e-01  ,-3.391327944021e-01  
  1.172068252736e-05  ,-4.234971534551e-01  ,-4.144741340678e-01  
  1.172562598759e-05  ,-5.046125700758e-01  ,-4.914247889354e-01  
  1.172859206372e-05  ,-5.475648565991e-01  ,-5.320005792867e-01  
  1.173195413822e-05  ,-5.904885247402e-01  ,-5.723694303936e-01  
  1.173298529857e-05  ,-6.023547809227e-01  ,-5.834859386575e-01  
  1.173473171467e-05  ,-6.210039455166e-01  ,-6.009124214991e-01  
  1.173822454685e-05  ,-6.526451458028e-01  ,-6.302844759048e-01  
  1.174521021122e-05  ,-6.920899198237e-01  ,-6.660183480842e-01  
  1.175225175494e-05  ,-6.982492307133e-01  ,-6.697154117392e-01  
  1.175957567567e-05  ,-6.685638796404e-01  ,-6.389742403060e-01  
  1.176983661526e-05  ,-5.684163496298e-01  ,-5.401112760808e-01  
  1.177896655673e-05  ,-4.296158248692e-01  ,-4.049679417528e-01  
  1.178390778178e-05  ,-3.390032905955e-01  ,-3.172073361725e-01  
  1.178663581187e-05  ,-2.853353865981e-01  ,-2.653508939185e-01  
  1.178835540587e-05  ,-2.504043441226e-01  ,-2.316347518221e-01  
  1.179064087147e-05  ,-2.028652462731e-01  ,-1.857892780056e-01  
  1.179521180266e-05  ,-1.049012965669e-01  ,-9.143047205206e-02  
  1.179891585881e-05  ,-2.383690085797e-02  ,-1.346531720055e-02  
  1.180215760642e-05  ,4.741191776888e-02  ,5.496949886219e-02  
  1.180405154401e-05  ,8.885772189424e-02  ,9.473679501405e-02  
  1.180644802326e-05  ,1.408316386948e-01  ,1.445595945750e-01  
  1.180956385607e-05  ,2.071700023464e-01  ,2.080768999998e-01  
  1.181579552168e-05  ,3.332801411411e-01  ,3.285753035226e-01  
  1.182147956961e-05  ,4.373191315601e-01  ,4.276078112084e-01  
  1.182743854398e-05  ,5.314054627823e-01  ,5.167382221233e-01  
  1.183049328202e-05  ,5.726198404129e-01  ,5.555819398111e-01  
  1.183305255646e-05  ,6.031069356177e-01  ,5.841913222174e-01  
  1.183455384845e-05  ,6.191891729932e-01  ,5.992218832820e-01  
  1.183649770492e-05  ,6.379615222905e-01  ,6.166945951616e-01  
  1.184038541788e-05  ,6.683098566075e-01  ,6.446757219273e-01  
  1.184816084379e-05  ,6.988318887623e-01  ,6.715460335782e-01  
  1.185603908771e-05  ,6.874394872012e-01  ,6.581378138518e-01  
  1.186684093946e-05  ,6.042924770919e-01  ,5.752723228737e-01  
  1.187697521919e-05  ,4.633269447847e-01  ,4.376934812532e-01  
  1.188328809613e-05  ,3.508611839731e-01  ,3.286864897613e-01  
  1.188721157187e-05  ,2.737273692269e-01  ,2.541484520788e-01  
  1.188840366477e-05  ,2.494130135858e-01  ,2.306825156561e-01  
  1.188964530402e-05  ,2.237167174088e-01  ,2.058961437646e-01  
  1.189212858254e-05  ,1.713426671491e-01  ,1.554130728375e-01  
  1.189709513956e-05  ,6.379258528971e-02  ,5.188780418262e-02  
  1.190105214292e-05  ,-2.313361818138e-02  ,-3.165534399292e-02  
  1.190550386482e-05  ,-1.204340956565e-01  ,-1.250085756973e-01  
  1.190875678831e-05  ,-1.901519886039e-01  ,-1.917963013753e-01  
  1.191218442792e-05  ,-2.614538109749e-01  ,-2.599893911786e-01  
  1.191881022924e-05  ,-3.899997562640e-01  ,-3.826234443251e-01  
  1.192394814962e-05  ,-4.783511327605e-01  ,-4.665696178949e-01  
  1.192945710891e-05  ,-5.592124220263e-01  ,-5.430061089591e-01  
  1.193240865642e-05  ,-5.957960898757e-01  ,-5.773798497767e-01  
  1.193358938718e-05  ,-6.090135976984e-01  ,-5.897477964128e-01  
  1.193535331213e-05  ,-6.271934621375e-01  ,-6.067086503888e-01  
  1.193888116205e-05  ,-6.577266983828e-01  ,-6.349908156815e-01  
  1.194593686187e-05  ,-6.943049021580e-01  ,-6.679167089024e-01  
  1.195344704711e-05  ,-6.958994910356e-01  ,-6.670642971585e-01  
  1.196072402918e-05  ,-6.606475313434e-01  ,-6.310336604217e-01  
  1.197034868920e-05  ,-5.617708262149e-01  ,-5.336052283587e-01  
  1.197903606617e-05  ,-4.284079614307e-01  ,-4.037979027627e-01  
  1.198371950114e-05  ,-3.426198994003e-01  ,-3.207101493347e-01  
  1.198627542281e-05  ,-2.925540010573e-01  ,-2.723275488325e-01  
  1.198799762452e-05  ,-2.577357573238e-01  ,-2.387145496262e-01  
  1.199029501104e-05  ,-2.101325898317e-01  ,-1.927998841878e-01  
  1.199488978410e-05  ,-1.118973979151e-01  ,-9.816649468529e-02  
  1.199876036072e-05  ,-2.725420115558e-02  ,-1.675092877752e-02  
  1.200202818537e-05  ,4.457195187440e-02  ,5.224383131344e-02  
  1.200397911990e-05  ,8.727768795336e-02  ,9.322179223306e-02  
  1.200653019869e-05  ,1.426013485058e-01  ,1.462555944998e-01  
  1.200945641422e-05  ,2.049119061389e-01  ,2.059163986992e-01  
  1.201530884528e-05  ,3.238298899691e-01  ,3.195579695517e-01  
  1.202086101794e-05  ,4.266158455585e-01  ,4.174360103303e-01  
  1.202685724521e-05  ,5.229963911873e-01  ,5.087936744069e-01  
  1.203005801463e-05  ,5.670608564051e-01  ,5.503524827621e-01  
  1.203322004104e-05  ,6.049682317015e-01  ,5.859317380693e-01  
  1.203534345651e-05  ,6.270971852348e-01  ,6.065923151869e-01  
  1.203786920333e-05  ,6.497791864030e-01  ,6.276406875421e-01  
  1.204292069697e-05  ,6.827591795358e-01  ,6.577726563825e-01  
  1.205095838332e-05  ,6.996827413470e-01  ,6.714769235515e-01  
  1.205890070224e-05  ,6.728115332333e-01  ,6.432385731561e-01  
  1.206962804818e-05  ,5.710810000873e-01  ,5.427058110384e-01  
  1.207922141576e-05  ,4.251771766702e-01  ,4.006510246453e-01  
  1.208436827683e-05  ,3.301081005921e-01  ,3.085934968746e-01  
  1.208679008806e-05  ,2.822339910172e-01  ,2.623449907217e-01  
  1.208860877478e-05  ,2.451932911063e-01  ,2.265972511807e-01  
  1.209098364735e-05  ,1.956390831422e-01  ,1.788158734509e-01  
  1.209573339248e-05  ,9.354689223740e-02  ,8.049856030927e-02  
  1.209921877408e-05  ,1.717833057290e-02  ,7.062529802176e-03  
  1.210259761238e-05  ,-5.706109651259e-02  ,-6.423259467665e-02  
  1.210450794125e-05  ,-9.880375416644e-02  ,-1.042773649301e-01  
  1.210656020367e-05  ,-1.432472920490e-01  ,-1.468796751189e-01  
  1.211055371487e-05  ,-2.278594343205e-01  ,-2.278778736970e-01  
  1.211657229388e-05  ,-3.482011446677e-01  ,-3.428102548188e-01  
  1.212129670703e-05  ,-4.341719291614e-01  ,-4.246417491420e-01  
  1.212653521025e-05  ,-5.182625725551e-01  ,-5.043561271808e-01  
  1.212927590632e-05  ,-5.568064959351e-01  ,-5.407281657130e-01  
  1.213214475238e-05  ,-5.927291127147e-01  ,-5.744852169297e-01  
  1.213317274624e-05  ,-6.044443281418e-01  ,-5.854574121918e-01  
  1.213504023427e-05  ,-6.241057583590e-01  ,-6.038176915427e-01  
  1.213877521032e-05  ,-6.569256178009e-01  ,-6.342402037434e-01  
  1.214624516243e-05  ,-6.951354077683e-01  ,-6.686105454313e-01  
  1.215324125761e-05  ,-6.963740684800e-01  ,-6.675805675635e-01  
  1.216048322195e-05  ,-6.623791745416e-01  ,-6.327625576419e-01  
  1.217013917440e-05  ,-5.645075102757e-01  ,-5.362845716798e-01  
  1.217886231416e-05  ,-4.314234028299e-01  ,-4.067252651781e-01  
  1.218358523721e-05  ,-3.451916078466e-01  ,-3.231992928159e-01  
  1.218646414155e-05  ,-2.887785720515e-01  ,-2.686823320211e-01  
  1.218750964427e-05  ,-2.676824460714e-01  ,-2.483154549626e-01  
  1.218921135688e-05  ,-2.327381537044e-01  ,-2.145990886727e-01  
  1.219261478209e-05  ,-1.609562510568e-01  ,-1.454072288561e-01  
  1.219942163253e-05  ,-1.271826515798e-02  ,-2.782921245459e-03  
  1.220338236117e-05  ,7.424210921509e-02  ,8.072276465126e-02  
  1.220549571836e-05  ,1.202576130032e-01  ,1.248520336244e-01  
  1.220749359155e-05  ,1.632747160325e-01  ,1.660697953115e-01  
  1.221148933792e-05  ,2.472130419344e-01  ,2.463855582913e-01  
  1.221715699458e-05  ,3.592963492127e-01  ,3.533823944026e-01  
  1.222161989236e-05  ,4.397244099438e-01  ,4.299112511408e-01  
  1.222673322582e-05  ,5.211796545564e-01  ,5.071076631041e-01  
  1.222938898528e-05  ,5.583100287758e-01  ,5.421394023551e-01  
  1.223211254501e-05  ,5.923520189605e-01  ,5.741280230902e-01  
  1.223393830979e-05  ,6.127599587986e-01  ,5.932292544949e-01  
  1.223631728017e-05  ,6.363182368615e-01  ,6.151771757782e-01  
  1.224102008665e-05  ,6.723286844254e-01  ,6.483513397783e-01  
  1.224804747427e-05  ,6.986834870233e-01  ,6.714428060446e-01  
  1.225581395948e-05  ,6.883559498503e-01  ,6.590874573824e-01  
  1.226634311998e-05  ,6.097439868634e-01  ,5.806405051786e-01  
  1.227622855031e-05  ,4.755067962505e-01  ,4.495354848661e-01  
  1.228559094989e-05  ,3.061600259410e-01  ,2.854705175547e-01  
  1.228905248964e-05  ,2.360301566090e-01  ,2.177582452930e-01  
  1.228990763003e-05  ,2.182428844239e-01  ,2.006044495475e-01  
  1.229092631066e-05  ,1.968494181671e-01  ,1.799810333818e-01  
  1.229296367192e-05  ,1.534798255005e-01  ,1.381944177874e-01  
  1.229703839445e-05  ,6.503518072799e-02  ,5.307665062455e-02  
  1.230046081865e-05  ,-1.013357737900e-02  ,-1.917082638086e-02  
  1.230479780161e-05  ,-1.051101157281e-01  ,-1.103171249870e-01  
  1.230750720525e-05  ,-1.635658241554e-01  ,-1.663382550546e-01  
  1.231034289622e-05  ,-2.234708211112e-01  ,-2.236732835300e-01  
  1.231601427817e-05  ,-3.375026924788e-01  ,-3.325897704798e-01  
  1.232060532594e-05  ,-4.221441137333e-01  ,-4.131918710920e-01  
  1.232569332743e-05  ,-5.056377864589e-01  ,-4.924000337581e-01  
  1.232872981155e-05  ,-5.494468836492e-01  ,-5.337797909038e-01  
  1.233208778822e-05  ,-5.920617466308e-01  ,-5.738486424889e-01  
  1.233310367489e-05  ,-6.036767997254e-01  ,-5.847267122672e-01  
  1.233488808894e-05  ,-6.225834199501e-01  ,-6.023880159912e-01  
  1.233845691705e-05  ,-6.544753244151e-01  ,-6.319747272399e-01  
  1.234559457326e-05  ,-6.933065439827e-01  ,-6.670667011332e-01  
  1.235269870186e-05  ,-6.974856979635e-01  ,-6.688435358435e-01  
  1.235997195864e-05  ,-6.659298620217e-01  ,-6.363315192997e-01  
  1.236996020699e-05  ,-5.668258208055e-01  ,-5.385557626799e-01  
  1.237890537405e-05  ,-4.306772992739e-01  ,-4.059998690093e-01  
  1.238375048661e-05  ,-3.420255322853e-01  ,-3.201335949283e-01  
  1.238657500172e-05  ,-2.865560080029e-01  ,-2.665326730239e-01  
  1.238762814128e-05  ,-2.652727705462e-01  ,-2.459864371749e-01  
  1.238934456879e-05  ,-2.299733013247e-01  ,-2.119295521851e-01  
  1.239277742380e-05  ,-1.574733229165e-01  ,-1.420501494398e-01  
  1.239964313382e-05  ,-7.847732802583e-03  ,1.898377701275e-03  
  1.240362844938e-05  ,7.962107534198e-02  ,8.588463291900e-02  
  1.240608267063e-05  ,1.329522957377e-01  ,1.370215715629e-01  
  1.240834988230e-05  ,1.815248373137e-01  ,1.835461147706e-01  
  1.241288430566e-05  ,2.756666936932e-01  ,2.735723625050e-01  
  1.241810045713e-05  ,3.769421474814e-01  ,3.701739335621e-01  
  1.242377258414e-05  ,4.755251043906e-01  ,4.638743121817e-01  
  1.242905430073e-05  ,5.538395974633e-01  ,5.379056985829e-01  
  1.243174135262e-05  ,5.879623121646e-01  ,5.699967627979e-01  
  1.243295207196e-05  ,6.019822102497e-01  ,5.831375368947e-01  
  1.243463925594e-05  ,6.200630037231e-01  ,6.000356389938e-01  
  1.243801362389e-05  ,6.509537724833e-01  ,6.287258395684e-01  
  1.244476235980e-05  ,6.905450549633e-01  ,6.646674410706e-01  
  1.245178602213e-05  ,6.988983908954e-01  ,6.704581587284e-01  
  1.245919338936e-05  ,6.710066727032e-01  ,6.414172302889e-01  
  1.246974490160e-05  ,5.695910952322e-01  ,5.412570703041e-01  
  1.247907451862e-05  ,4.277388964745e-01  ,4.031444261456e-01  
  1.248411409134e-05  ,3.350267573287e-01  ,3.133580175659e-01  
  1.248668863946e-05  ,2.842741507875e-01  ,2.643225930682e-01  
  1.248841773295e-05  ,2.491239179890e-01  ,2.303962242351e-01  
  1.249076094055e-05  ,2.003366672312e-01  ,1.833492875805e-01  
  1.249544735575e-05  ,9.977688483976e-02  ,8.649697799693e-02  
  1.249904226089e-05  ,2.105860542854e-02  ,1.079385877367e-02  
  1.250231530094e-05  ,-5.087124172740e-02  ,-5.829055115826e-02  
  1.250420402312e-05  ,-9.218275467891e-02  ,-9.792645755320e-02  
  1.250646043146e-05  ,-1.410989190078e-01  ,-1.448209138738e-01  
  1.250985975885e-05  ,-2.133766870769e-01  ,-2.140247327418e-01  
  1.251565482044e-05  ,-3.305559223087e-01  ,-3.259824037709e-01  
  1.252141709948e-05  ,-4.362455914068e-01  ,-4.265912447700e-01  
  1.252725537443e-05  ,-5.287747227596e-01  ,-5.142551482272e-01  
  1.253031830812e-05  ,-5.703979863169e-01  ,-5.534931850914e-01  
  1.253299865448e-05  ,-6.025043561213e-01  ,-5.836284372796e-01  
  1.253443307751e-05  ,-6.179459209190e-01  ,-5.980627620858e-01  
  1.253634787673e-05  ,-6.365983472937e-01  ,-6.154297855232e-01  
  1.254017747515e-05  ,-6.669352643718e-01  ,-6.434228830624e-01  
  1.254783667201e-05  ,-6.983839851138e-01  ,-6.712207249903e-01  
  1.255569107407e-05  ,-6.888416733699e-01  ,-6.595908842225e-01  
  1.256573743695e-05  ,-6.161754521930e-01  ,-5.869712603817e-01  
  1.257529951209e-05  ,-4.902954637305e-01  ,-4.639061194000e-01  
  1.258464999074e-05  ,-3.246321711553e-01  ,-3.033234597849e-01  
  1.258910618299e-05  ,-2.349181914771e-01  ,-2.166760972941e-01  
  1.259007270956e-05  ,-2.147906253125e-01  ,-1.972665913409e-01  
  1.259102973664e-05  ,-1.946657119323e-01  ,-1.778676751949e-01  
  1.259294379079e-05  ,-1.539063658718e-01  ,-1.385981468354e-01  
  1.259677189910e-05  ,-7.086802379108e-02  ,-5.868152018537e-02  
  1.260008405471e-05  ,1.848457434339e-03  ,1.121540704738e-02  
  1.260463784957e-05  ,1.016311554535e-01  ,1.069835624834e-01  
  1.260716918433e-05  ,1.563290495860e-01  ,1.594083544746e-01  
  1.260982978666e-05  ,2.127488380584e-01  ,2.134125413306e-01  
  1.261515099132e-05  ,3.207483260984e-01  ,3.166058349201e-01  
  1.261997598732e-05  ,4.110223447807e-01  ,4.026161732584e-01  
  1.262511390769e-05  ,4.967428487242e-01  ,4.839816186380e-01  
  1.262828114951e-05  ,5.432792453677e-01  ,5.279643918602e-01  
  1.263098571026e-05  ,5.787797102363e-01  ,5.613874075361e-01  
  1.263206883842e-05  ,5.918393189368e-01  ,5.736433927699e-01  
  1.263369101608e-05  ,6.101123543081e-01  ,5.907516166959e-01  
  1.263684484684e-05  ,6.410655447094e-01  ,6.195803833133e-01  
  1.264315250838e-05  ,6.838655059430e-01  ,6.587631923531e-01  
  1.264940801585e-05  ,6.998789470342e-01  ,6.721533166582e-01  
  1.265698972666e-05  ,6.831909812404e-01  ,6.537693153186e-01  
  1.267151239836e-05  ,5.461307686487e-01  ,5.183226696457e-01  
  1.268393251622e-05  ,3.385272923624e-01  ,3.167082761042e-01  
  1.268971863711e-05  ,2.221880246342e-01  ,2.043517495728e-01  
  1.269101447934e-05  ,1.949879799126e-01  ,1.781345470485e-01  
  1.269229914570e-05  ,1.677034472340e-01  ,1.518494461031e-01  
  1.269486847842e-05  ,1.123598841738e-01  ,9.856739075593e-02  
  1.269916522825e-05  ,1.835548544367e-02  ,8.171112611345e-03  
  1.270259808326e-05  ,-5.707141716455e-02  ,-6.425736237454e-02  
  1.270461681807e-05  ,-1.011735271252e-01  ,-1.065623146470e-01  
  1.270674917424e-05  ,-1.473124791272e-01  ,-1.507838570835e-01  
  1.271100122058e-05  ,-2.371417991586e-01  ,-2.367587108399e-01  
  1.271732601845e-05  ,-3.624813008446e-01  ,-3.564077504756e-01  
  1.272206235254e-05  ,-4.472524668744e-01  ,-4.370534509255e-01  
  1.272731426680e-05  ,-5.296224679530e-01  ,-5.150811340259e-01  
  1.273001510227e-05  ,-5.665070453217e-01  ,-5.498546617439e-01  
  1.273262466812e-05  ,-5.982760132682e-01  ,-5.796841340584e-01  
  1.273494850421e-05  ,-6.231896287061e-01  ,-6.029653883297e-01  
  1.273738968694e-05  ,-6.457834351086e-01  ,-6.239561256830e-01  
  1.274227205241e-05  ,-6.794712796072e-01  ,-6.548189903337e-01  
  1.274943057024e-05  ,-6.998879952291e-01  ,-6.721571326282e-01  
  1.275762024844e-05  ,-6.800367656532e-01  ,-6.505539680539e-01  
  1.277031007731e-05  ,-5.622770079232e-01  ,-5.341014528468e-01  
  1.278101209128e-05  ,-3.932384144695e-01  ,-3.696984986285e-01  
  1.278606507504e-05  ,-2.967500068944e-01  ,-2.763650826850e-01  
  1.278761349195e-05  ,-2.655708693198e-01  ,-2.462629037470e-01  
  1.278927478516e-05  ,-2.314221864365e-01  ,-2.133166716005e-01  
  1.279259737158e-05  ,-1.613288451776e-01  ,-1.457591251708e-01  
  1.279924254441e-05  ,-1.665574635021e-02  ,-6.552586593774e-03  
  1.280338208699e-05  ,7.423611365771e-02  ,8.073360667898e-02  
  1.280554387295e-05  ,1.213007054240e-01  ,1.258663055079e-01  
  1.280759315515e-05  ,1.654030380486e-01  ,1.681160125427e-01  
  1.281169171953e-05  ,2.513718349291e-01  ,2.503613587289e-01  
  1.281728561544e-05  ,3.617209048280e-01  ,3.556792715829e-01  
  1.282288323665e-05  ,4.609890901686e-01  ,4.500923597874e-01  
  1.282831396484e-05  ,5.437340225391e-01  ,5.283806048364e-01  
  1.283107515001e-05  ,5.798837063320e-01  ,5.624134133709e-01  
  1.283234882677e-05  ,5.951043581349e-01  ,5.766938893057e-01  
  1.283414292657e-05  ,6.149226966083e-01  ,5.952371040141e-01  
  1.283718537116e-05  ,6.440363182742e-01  ,6.223266318694e-01  
  1.284327026033e-05  ,6.844135930851e-01  ,6.592477767204e-01  
  1.284996535206e-05  ,6.999995853109e-01  ,6.720901770161e-01  
  1.285761560822e-05  ,6.800609547505e-01  ,6.505757004571e-01  
  1.286981667900e-05  ,5.686721117500e-01  ,5.403592911209e-01  
  1.288015212440e-05  ,4.087385104672e-01  ,3.847257342835e-01  
  1.288509930992e-05  ,3.158459021927e-01  ,2.948261712839e-01  
  1.288657210344e-05  ,2.866141580318e-01  ,2.665904921370e-01  
  1.288863777691e-05  ,2.445958055136e-01  ,2.260353163138e-01  
  1.289142056876e-05  ,1.863954316944e-01  ,1.699164345821e-01  
  1.289698615247e-05  ,6.617898468286e-02  ,5.418034669088e-02  
  1.290135964328e-05  ,-2.989102597044e-02  ,-3.814943253053e-02  
  1.290599315935e-05  ,-1.310191481075e-01  ,-1.351583747492e-01  
  1.290950201029e-05  ,-2.058704814226e-01  ,-2.068442826253e-01  
  1.291327647442e-05  ,-2.835729057800e-01  ,-2.811242909631e-01  
  1.291970483536e-05  ,-4.061807254632e-01  ,-3.980064064965e-01  
  1.292584709400e-05  ,-5.079703171961e-01  ,-4.945871872398e-01  
  1.292978174561e-05  ,-5.634774338690e-01  ,-5.469837312845e-01  
  1.293355471963e-05  ,-6.086373702950e-01  ,-5.893723755029e-01  
  1.293454639190e-05  ,-6.191126711229e-01  ,-5.991567284951e-01  
  1.293652973646e-05  ,-6.382511204579e-01  ,-6.169685655537e-01  
  1.294049642557e-05  ,-6.690319928531e-01  ,-6.453420682670e-01  
  1.294842980379e-05  ,-6.991484942760e-01  ,-6.717682870428e-01  
  1.295629463667e-05  ,-6.863575183943e-01  ,-6.570231329933e-01  
  1.296760014766e-05  ,-5.956944318435e-01  ,-5.668280387844e-01  
  1.297782681459e-05  ,-4.491247093444e-01  ,-4.238997721616e-01  
  1.298365689391e-05  ,-3.438198475220e-01  ,-3.218742492038e-01  
  1.298938937062e-05  ,-2.290425186350e-01  ,-2.110392430601e-01  
  1.299072805369e-05  ,-2.010295287384e-01  ,-1.840280668428e-01  
  1.299205071801e-05  ,-1.730023938981e-01  ,-1.570176773661e-01  
  1.299469604665e-05  ,-1.161010214327e-01  ,-1.022175991913e-01  
  1.299924015576e-05  ,-1.670826072354e-02  ,-6.620086475118e-03  
  1.300265550190e-05  ,5.832982183228e-02  ,6.544407394409e-02  
  1.300468876535e-05  ,1.027388572923e-01  ,1.080461353848e-01  
  1.300683229738e-05  ,1.490990115547e-01  ,1.524823798068e-01  
  1.301110520536e-05  ,2.392920542729e-01  ,2.388081003535e-01  
  1.301734655672e-05  ,3.628676130775e-01  ,3.567715384859e-01  
  1.302202999169e-05  ,4.467047879537e-01  ,4.365299962805e-01  
  1.302725806409e-05  ,5.288134793990e-01  ,5.143143993275e-01  
  1.302994697863e-05  ,5.656257526258e-01  ,5.490230642742e-01  
  1.303254983896e-05  ,5.974200499930e-01  ,5.788805076295e-01  
  1.303481854075e-05  ,6.218827943089e-01  ,6.017459465657e-01  
  1.303724482232e-05  ,6.445474292127e-01  ,6.228109105711e-01  
  1.304209738547e-05  ,6.785376375960e-01  ,6.539762637167e-01  
  1.304921119982e-05  ,6.997850786465e-01  ,6.721277579469e-01  
  1.305737107569e-05  ,6.813152222753e-01  ,6.518558193492e-01  
  1.307178645903e-05  ,5.423404607765e-01  ,5.146236759305e-01  
  1.308430045420e-05  ,3.314225852224e-01  ,3.098359386203e-01  
  1.309011339718e-05  ,2.139388462328e-01  ,1.963934193869e-01  
  1.309141818011e-05  ,1.864460639412e-01  ,1.698983873180e-01  
  1.309271160090e-05  ,1.588834028855e-01  ,1.433497928984e-01  
  1.309529844248e-05  ,1.030171170549e-01  ,8.957371199008e-02  
  1.309919658625e-05  ,1.766611525637e-02  ,7.503570130695e-03  
  1.310300457799e-05  ,-6.597604719417e-02  ,-7.281109588829e-02  
  1.310481357896e-05  ,-1.054531310239e-01  ,-1.106737183682e-01  
  1.310674290681e-05  ,-1.471777349255e-01  ,-1.506619494033e-01  
  1.311060156250e-05  ,-2.288540939552e-01  ,-2.288391714706e-01  
  1.311704407954e-05  ,-3.571630177831e-01  ,-3.513439451035e-01  
  1.312187727118e-05  ,-4.441139063749e-01  ,-4.340768913823e-01  
  1.312712098980e-05  ,-5.268335069984e-01  ,-5.124495057275e-01  
  1.312982145274e-05  ,-5.639950842052e-01  ,-5.474926196807e-01  
  1.313245523298e-05  ,-5.963331364836e-01  ,-5.778658608378e-01  
  1.313461068594e-05  ,-6.197711917457e-01  ,-5.997802644644e-01  
  1.313701834106e-05  ,-6.425883173806e-01  ,-6.209990427212e-01  
  1.314183365130e-05  ,-6.770892013233e-01  ,-6.526746691732e-01  
  1.314892362380e-05  ,-6.995998207388e-01  ,-6.720453996154e-01  
  1.315701346421e-05  ,-6.830770814499e-01  ,-6.536565917369e-01  
  1.317028145814e-05  ,-5.626516564630e-01  ,-5.344599480182e-01  
  1.318133662963e-05  ,-3.873137044903e-01  ,-3.639489403578e-01  
  1.318655576134e-05  ,-2.869419959964e-01  ,-2.668808561869e-01  
  1.318816396916e-05  ,-2.543311295428e-01  ,-2.354047150089e-01  
  1.318971834654e-05  ,-2.221940842096e-01  ,-2.044069261153e-01  
  1.319282710129e-05  ,-1.564086690248e-01  ,-1.410097007588e-01  
  1.319904461080e-05  ,-2.100695147282e-02  ,-1.073011266429e-02  
  1.320299416357e-05  ,6.574803809882e-02  ,7.258904106492e-02  
  1.320540368134e-05  ,1.182632051871e-01  ,1.229540842523e-01  
  1.320761799389e-05  ,1.659337522773e-01  ,1.686234970869e-01  
  1.321204661900e-05  ,2.586401219627e-01  ,2.573073413343e-01  
  1.321763604456e-05  ,3.682965555384e-01  ,3.619558640407e-01  
  1.322211980397e-05  ,4.482236424964e-01  ,4.379809022887e-01  
  1.322730689818e-05  ,5.295164970839e-01  ,5.149838119380e-01  
  1.322996936315e-05  ,5.659156196989e-01  ,5.493000994598e-01  
  1.323253906840e-05  ,5.972965747265e-01  ,5.787678612220e-01  
  1.323483496481e-05  ,6.220485175092e-01  ,6.019025623365e-01  
  1.323726273650e-05  ,6.447009994381e-01  ,6.229547698928e-01  
  1.324211827987e-05  ,6.786504002630e-01  ,6.540791339054e-01  
  1.324920080179e-05  ,6.997793753771e-01  ,6.721260880311e-01  
  1.325738302940e-05  ,6.812548428892e-01  ,6.517945244599e-01  
  1.327182672495e-05  ,5.417801818536e-01  ,5.140767948777e-01  
  1.328434817070e-05  ,3.304979383768e-01  ,3.089413340640e-01  
  1.329016707414e-05  ,2.128146059340e-01  ,1.953086878811e-01  
  1.329147353345e-05  ,1.852724722224e-01  ,1.687667038399e-01  
  1.329276863062e-05  ,1.576617323323e-01  ,1.421724286278e-01  
  1.329535882497e-05  ,1.017035107553e-01  ,8.830916438048e-02  
  1.329919661903e-05  ,1.766539456008e-02  ,7.502725564564e-03  
  1.330299790525e-05  ,-6.582995775943e-02  ,-7.267061688592e-02  
  1.330480429852e-05  ,-1.052513680753e-01  ,-1.104799673569e-01  
  1.330672878349e-05  ,-1.468740750389e-01  ,-1.503707071051e-01  
  1.331057775342e-05  ,-2.283592138349e-01  ,-2.283655382147e-01  
  1.331704187715e-05  ,-3.571213626864e-01  ,-3.513041769530e-01  
  1.332188624465e-05  ,-4.442664234459e-01  ,-4.342218354417e-01  
  1.332713443363e-05  ,-5.270281293429e-01  ,-5.126335452697e-01  
  1.332983675921e-05  ,-5.641943959603e-01  ,-5.476804071400e-01  
  1.333247128451e-05  ,-5.965179213661e-01  ,-5.780391552525e-01  
  1.333463940346e-05  ,-6.200645092012e-01  ,-6.000539492358e-01  
  1.333704966629e-05  ,-6.428612281215e-01  ,-6.212519968765e-01  
  1.334187019193e-05  ,-6.772926597426e-01  ,-6.528534449156e-01  
  1.334896985018e-05  ,-6.996334521608e-01  ,-6.720601394244e-01  
  1.335705820048e-05  ,-6.828613910735e-01  ,-6.534347872960e-01  
  1.337056312287e-05  ,-5.589446908488e-01  ,-5.308353057107e-01  
  1.338173303330e-05  ,-3.800224750911e-01  ,-3.568847532323e-01  
  1.338700133884e-05  ,-2.779765020990e-01  ,-2.582186589947e-01  
  1.338842887008e-05  ,-2.488950199564e-01  ,-2.301542738711e-01  
  1.338994934732e-05  ,-2.173710137429e-01  ,-1.997515637085e-01  
  1.339230224067e-05  ,-1.676373666035e-01  ,-1.518225083277e-01  
  1.339700802737e-05  ,-6.570006949133e-02  ,-5.370947522064e-02  
  1.340075641447e-05  ,1.663285752296e-02  ,2.541981074807e-02  
  1.340524985963e-05  ,1.149277476138e-01  ,1.197348440560e-01  
  1.340827256018e-05  ,1.798820698474e-01  ,1.819674795509e-01  
  1.341151207262e-05  ,2.476807246655e-01  ,2.468272647809e-01  
  1.341799109751e-05  ,3.749134426878e-01  ,3.682465940231e-01  
  1.342278256589e-05  ,4.593207830919e-01  ,4.485064003319e-01  
  1.342807322317e-05  ,5.403842614003e-01  ,5.252399934444e-01  
  1.343081578189e-05  ,5.766696249264e-01  ,5.594123211884e-01  
  1.343211628073e-05  ,5.923957890263e-01  ,5.741748249582e-01  
  1.343394204551e-05  ,6.127996714389e-01  ,5.932706818521e-01  
  1.343677214855e-05  ,6.404218013184e-01  ,6.189892742108e-01  
  1.344243235463e-05  ,6.803101343506e-01  ,6.555763982026e-01  
  1.344904623502e-05  ,6.996857914225e-01  ,6.720849494443e-01  
  1.345677397722e-05  ,6.842087833603e-01  ,6.548129124271e-01  
  1.347011200660e-05  ,5.648605875201e-01  ,5.366328095972e-01  
  1.348111651415e-05  ,3.913365214172e-01  ,3.678557969730e-01  
  1.348633415574e-05  ,2.913801103766e-01  ,2.711755581975e-01  
  1.348793584430e-05  ,2.589984447048e-01  ,2.399166255496e-01  
  1.348956118846e-05  ,2.254687178757e-01  ,2.075719132250e-01  
  1.349281187677e-05  ,1.567349910155e-01  ,1.413291471873e-01  
  1.349931325340e-05  ,1.510117486429e-02  ,5.055140364411e-03  
  1.350339766169e-05  ,-7.457667864516e-02  ,-8.106187996013e-02  
  1.350552219474e-05  ,-1.208311608368e-01  ,-1.254173488079e-01  
  1.350753273392e-05  ,-1.641116349151e-01  ,-1.668802425968e-01  
  1.351155381227e-05  ,-2.485390349447e-01  ,-2.476542887385e-01  
  1.351720358753e-05  ,-3.601753250248e-01  ,-3.542187305930e-01  
  1.352165083909e-05  ,-4.402537207481e-01  ,-4.304125420765e-01  
  1.352676193738e-05  ,-5.216009495564e-01  ,-5.075046589560e-01  
  1.352941285396e-05  ,-5.586264941983e-01  ,-5.424365410207e-01  
  1.353212002242e-05  ,-5.924396207498e-01  ,-5.742095215243e-01  
  1.353396683508e-05  ,-6.130629834955e-01  ,-5.935118248638e-01  
  1.353634208018e-05  ,-6.365453252088e-01  ,-6.153876654934e-01  
  1.354109257036e-05  ,-6.727706867594e-01  ,-6.487533185578e-01  
  1.354807227427e-05  ,-6.987167078505e-01  ,-6.714666076680e-01  
  1.355587154204e-05  ,-6.881248154763e-01  ,-6.588479113797e-01  
  1.356649756008e-05  ,-6.080686429275e-01  ,-5.789927118496e-01  
  1.357646494681e-05  ,-4.716786257009e-01  ,-4.458143870728e-01  
  1.358426421458e-05  ,-3.321243365320e-01  ,-3.105444229544e-01  
  1.358862876469e-05  ,-2.447814920236e-01  ,-2.261895055014e-01  
  1.358956399882e-05  ,-2.254102076880e-01  ,-2.075057874637e-01  
  1.359067711556e-05  ,-2.021022710688e-01  ,-1.850350263571e-01  
  1.359290334904e-05  ,-1.547738393585e-01  ,-1.394328118127e-01  
  1.359735581601e-05  ,-5.808178995345e-02  ,-4.637871705262e-02  
  1.360100399280e-05  ,2.207529402298e-02  ,3.065436456196e-02  
  1.360522176647e-05  ,1.143182856634e-01  ,1.191510202953e-01  
  1.360843482935e-05  ,1.833283669550e-01  ,1.852668381623e-01  
  1.361171867275e-05  ,2.519249406390e-01  ,2.508843625822e-01  
  1.361828635955e-05  ,3.803805567215e-01  ,3.734532462613e-01  
  1.362317096019e-05  ,4.657317411982e-01  ,4.545896974785e-01  
  1.362851749682e-05  ,5.465417804998e-01  ,5.310538076450e-01  
  1.363126676106e-05  ,5.822334283562e-01  ,5.646445595280e-01  
  1.363249759698e-05  ,5.968205018117e-01  ,5.783269508788e-01  
  1.363426208073e-05  ,6.161704191056e-01  ,5.964222463582e-01  
  1.363745092922e-05  ,6.463019420634e-01  ,6.244394068092e-01  
  1.364382862622e-05  ,6.868849283863e-01  ,6.614642722543e-01  
  1.365057140166e-05  ,6.998872181754e-01  ,6.718004469879e-01  
  1.365814566189e-05  ,6.772044951716e-01  ,6.476803988674e-01  
  1.366967767054e-05  ,5.704492439543e-01  ,5.420986629710e-01  
  1.367961525494e-05  ,4.182645355076e-01  ,3.939645459333e-01  
  1.368494391018e-05  ,3.188918941783e-01  ,2.977728366531e-01  
  1.368643309498e-05  ,2.894003780185e-01  ,2.692840794048e-01  
  1.368873867714e-05  ,2.425155367099e-01  ,2.240306605429e-01  
  1.369111578488e-05  ,1.928473469554e-01  ,1.761367107181e-01  
  1.369587000036e-05  ,9.056882246382e-02  ,7.763933610093e-02  
  1.369939449751e-05  ,1.331489209911e-02  ,3.354054945081e-03  
  1.370293538594e-05  ,-6.446105340316e-02  ,-7.133148276234e-02  
  1.370490494692e-05  ,-1.074390494101e-01  ,-1.125559041967e-01  
  1.370674859309e-05  ,-1.472999852544e-01  ,-1.507605074778e-01  
  1.371043588543e-05  ,-2.254077977497e-01  ,-2.255297610926e-01  
  1.371627490544e-05  ,-3.425126297569e-01  ,-3.373821841820e-01  
  1.372099708343e-05  ,-4.289842561437e-01  ,-4.197082503837e-01  
  1.372617449188e-05  ,-5.128971558323e-01  ,-4.992795506982e-01  
  1.372925791466e-05  ,-5.565666247579e-01  ,-5.404999590902e-01  
  1.373222548091e-05  ,-5.936716394729e-01  ,-5.753670036269e-01  
  1.373312048191e-05  ,-6.038638229828e-01  ,-5.849099432767e-01  
  1.373491048390e-05  ,-6.228083933694e-01  ,-6.026046171577e-01  
  1.373849048787e-05  ,-6.547368515625e-01  ,-6.322208587112e-01  
  1.374565049583e-05  ,-6.934751362991e-01  ,-6.672135476956e-01  
  1.375269576484e-05  ,-6.974911643860e-01  ,-6.688507209014e-01  
  1.376000627452e-05  ,-6.656969090932e-01  ,-6.360983825611e-01  
  1.376995726997e-05  ,-5.668637171594e-01  ,-5.385930468656e-01  
  1.377888902599e-05  ,-4.309606569291e-01  ,-4.062750115606e-01  
  1.378372668797e-05  ,-3.424820696563e-01  ,-3.205755049620e-01  
  1.378658510321e-05  ,-2.863533164055e-01  ,-2.663372178708e-01  
  1.378764252686e-05  ,-2.649799841462e-01  ,-2.457040841148e-01  
  1.378934908235e-05  ,-2.298795502035e-01  ,-2.118393264920e-01  
  1.379276219332e-05  ,-1.577996553398e-01  ,-1.423646691536e-01  
  1.379958841527e-05  ,-9.050968842403e-03  ,7.419736230875e-04  
  1.380355733955e-05  ,7.806723999039e-02  ,8.439352023123e-02  
  1.380600373769e-05  ,1.312476594407e-01  ,1.353874515965e-01  
  1.380822028542e-05  ,1.787708507008e-01  ,1.809092686670e-01  
  1.381265338087e-05  ,2.709915462213e-01  ,2.691067165432e-01  
  1.381790082479e-05  ,3.732354792458e-01  ,3.666444423907e-01  
  1.382353718901e-05  ,4.717133295296e-01  ,4.602605979332e-01  
  1.382881145501e-05  ,5.505575111607e-01  ,5.348089004133e-01  
  1.383122767830e-05  ,5.817558672949e-01  ,5.641662600096e-01  
  1.383243504488e-05  ,5.961005162918e-01  ,5.776212671803e-01  
  1.383413489485e-05  ,6.148382822277e-01  ,5.951525694126e-01  
  1.383753459477e-05  ,6.470064282028e-01  ,6.250721047104e-01  
  1.384433399463e-05  ,6.889395007036e-01  ,6.632587672816e-01  
  1.385084952736e-05  ,6.997507146533e-01  ,6.715701465626e-01  
  1.385830010796e-05  ,6.763368198393e-01  ,6.467959227920e-01  
  1.386976804161e-05  ,5.692951441622e-01  ,5.409672105710e-01  
  1.387962217951e-05  ,4.181424199802e-01  ,3.938459607604e-01  
  1.388490911150e-05  ,3.195729445322e-01  ,2.984236835632e-01  
  1.388638637537e-05  ,2.903355672634e-01  ,2.701804825074e-01  
  1.388867593879e-05  ,2.438093067296e-01  ,2.252732627465e-01  
  1.389105788940e-05  ,1.940709457976e-01  ,1.773115106201e-01  
  1.389582179064e-05  ,9.161999411047e-02  ,7.864762881766e-02  
  1.389934107238e-05  ,1.448954027575e-02  ,4.480500029209e-03  
  1.390283129686e-05  ,-6.218140061527e-02  ,-6.914567517550e-02  
  1.390478260392e-05  ,-1.047796782942e-01  ,-1.100073974183e-01  
  1.390669256026e-05  ,-1.460951217101e-01  ,-1.496075160867e-01  
  1.391051247293e-05  ,-2.270016808647e-01  ,-2.270557378960e-01  
  1.391643195921e-05  ,-3.455205474852e-01  ,-3.402519917935e-01  
  1.392114892179e-05  ,-4.316179596331e-01  ,-4.222126352211e-01  
  1.392634793693e-05  ,-5.154852853480e-01  ,-5.017282980588e-01  
  1.392945743674e-05  ,-5.592167583467e-01  ,-5.429974648185e-01  
  1.393228828484e-05  ,-5.944022511532e-01  ,-5.760533440830e-01  
  1.393329876983e-05  ,-6.058373797903e-01  ,-5.867604665029e-01  
  1.393519717777e-05  ,-6.256611659328e-01  ,-6.052665479742e-01  
  1.393899399364e-05  ,-6.585717837496e-01  ,-6.357549240961e-01  
  1.394658762538e-05  ,-6.959814883751e-01  ,-6.693141934424e-01  
  1.395365673625e-05  ,-6.953860021900e-01  ,-6.665024920733e-01  
  1.396085548723e-05  ,-6.596862567414e-01  ,-6.300784587318e-01  
  1.397033709610e-05  ,-5.619228926181e-01  ,-5.337645389201e-01  
  1.397892612541e-05  ,-4.303174566280e-01  ,-4.056584529000e-01  
  1.398356709206e-05  ,-3.455386921669e-01  ,-3.235402455999e-01  
  1.398629847491e-05  ,-2.920933790315e-01  ,-2.718883793057e-01  
  1.398731119508e-05  ,-2.717096500016e-01  ,-2.522073773915e-01  
  1.398905388588e-05  ,-2.360012496251e-01  ,-2.177506039997e-01  
  1.399253926748e-05  ,-1.625719531710e-01  ,-1.469664042430e-01  
  1.399951003069e-05  ,-1.077456246468e-02  ,-9.158449226887e-04  
  1.400353334421e-05  ,7.754282464778e-02  ,8.388995369656e-02  
  1.400601401502e-05  ,1.314696546676e-01  ,1.356000790385e-01  
  1.400825738484e-05  ,1.795595332254e-01  ,1.816645863051e-01  
  1.401274412447e-05  ,2.728303947203e-01  ,2.708708376091e-01  
  1.401790663177e-05  ,3.733435082516e-01  ,3.667515994981e-01  
  1.402235537344e-05  ,4.521904753093e-01  ,4.417333485306e-01  
  1.402746945196e-05  ,5.318476404994e-01  ,5.171763758233e-01  
  1.403010583991e-05  ,5.676768573265e-01  ,5.509500380106e-01  
  1.403263940984e-05  ,5.984442526209e-01  ,5.798370923206e-01  
  1.403509735638e-05  ,6.246736320854e-01  ,6.043442779170e-01  
  1.403754263693e-05  ,6.470739098928e-01  ,6.251469387582e-01  
  1.404243319803e-05  ,6.803145022476e-01  ,6.555762526460e-01  
  1.404957159930e-05  ,6.999366040421e-01  ,6.721576782659e-01  
  1.405782982284e-05  ,6.789292136051e-01  ,6.494275085127e-01  
  1.406952276403e-05  ,5.724168040560e-01  ,5.440210334550e-01  
  1.407976731235e-05  ,4.155784419190e-01  ,3.913568689631e-01  
  1.408521964723e-05  ,3.134819937917e-01  ,2.925401668058e-01  
  1.408676694655e-05  ,2.826996262907e-01  ,2.628090276492e-01  
  1.408894735897e-05  ,2.382054176303e-01  ,2.198687751259e-01  
  1.409147310579e-05  ,1.852815416162e-01  ,1.688417755477e-01  
  1.409652459943e-05  ,7.627629203523e-02  ,6.388590649561e-02  
  1.410042795861e-05  ,-9.411017795787e-03  ,-1.848403121387e-02  
  1.410559493625e-05  ,-1.224065009693e-01  ,-1.268986363756e-01  
  1.410742330873e-05  ,-1.617713518179e-01  ,-1.646174999727e-01  
  1.410964283669e-05  ,-2.088284276965e-01  ,-2.096659266548e-01  
  1.411408189261e-05  ,-2.996740303135e-01  ,-2.964996670116e-01  
  1.411909240806e-05  ,-3.951374636855e-01  ,-3.874949596386e-01  
  1.412476453507e-05  ,-4.912997366569e-01  ,-4.788201645026e-01  
  1.412853378379e-05  ,-5.467654978990e-01  ,-5.312493895370e-01  
  1.413106809878e-05  ,-5.797968358820e-01  ,-5.623411115333e-01  
  1.413217953914e-05  ,-5.931357250835e-01  ,-5.748577594736e-01  
  1.413382425481e-05  ,-6.115434357824e-01  ,-5.920882045501e-01  
  1.413706823760e-05  ,-6.430227306962e-01  ,-6.213939412151e-01  
  1.414355620319e-05  ,-6.857055383592e-01  ,-6.604033834277e-01  
  1.414988249117e-05  ,-6.999952301108e-01  ,-6.721142316227e-01  
  1.415742545897e-05  ,-6.810397512515e-01  ,-6.515730216662e-01  
  1.417010336691e-05  ,-5.649727841991e-01  ,-5.367402369051e-01  
  1.418064742857e-05  ,-3.998468261786e-01  ,-3.761049485917e-01  
  1.418566613966e-05  ,-3.046722037024e-01  ,-2.840233248120e-01  
  1.418718922460e-05  ,-2.741796123568e-01  ,-2.545781481042e-01  
  1.418898667717e-05  ,-2.373921867242e-01  ,-2.190800264061e-01  
  1.419224630618e-05  ,-1.688313769723e-01  ,-1.529902728508e-01  
  1.419876556420e-05  ,-2.713985693507e-02  ,-1.663130540408e-02  
  1.420281942511e-05  ,6.192135485462e-02  ,6.891001488220e-02  
  1.420532431030e-05  ,1.165424699685e-01  ,1.212992231945e-01  
  1.420784037137e-05  ,1.706806155529e-01  ,1.731645586449e-01  
  1.421242769384e-05  ,2.664086561757e-01  ,2.647269080233e-01  
  1.421808491969e-05  ,3.766541866551e-01  ,3.699010960802e-01  
  1.422387327576e-05  ,4.771476838143e-01  ,4.654161580388e-01  
  1.422938670540e-05  ,5.582797843483e-01  ,5.420866215885e-01  
  1.423199329102e-05  ,5.909504798207e-01  ,5.727981459587e-01  
  1.423318855041e-05  ,6.046195458428e-01  ,5.856043711656e-01  
  1.423489696854e-05  ,6.226726588107e-01  ,6.024677366140e-01  
  1.423831380481e-05  ,6.533522727483e-01  ,6.309385814384e-01  
  1.424514747733e-05  ,6.918817636356e-01  ,6.658285289771e-01  
  1.425234920853e-05  ,6.980944787625e-01  ,6.695090225121e-01  
  1.425973198885e-05  ,6.675372487180e-01  ,6.379395596800e-01  
  1.426988116974e-05  ,5.678439549352e-01  ,5.395572850908e-01  
  1.427895895714e-05  ,4.297477586090e-01  ,4.051022490651e-01  
  1.428386739963e-05  ,3.397799788320e-01  ,3.179637655611e-01  
  1.428660697812e-05  ,2.859142866772e-01  ,2.659142996288e-01  
  1.428832228804e-05  ,2.510843151095e-01  ,2.322946738482e-01  
  1.429060365582e-05  ,2.036484000225e-01  ,1.865473627965e-01  
  1.429516639137e-05  ,1.058885585420e-01  ,9.238267283762e-02  
  1.429889242673e-05  ,2.435189376379e-02  ,1.396167159075e-02  
  1.430213417435e-05  ,-4.689779003662e-02  ,-5.447513758609e-02  
  1.430403146470e-05  ,-8.841970913166e-02  ,-9.431596010854e-02  
  1.430645290339e-05  ,-1.409367623052e-01  ,-1.446597286112e-01  
  1.430952887559e-05  ,-2.064350785026e-01  ,-2.073732577724e-01  
  1.431568081999e-05  ,-3.310598064588e-01  ,-3.264567221057e-01  
  1.432134996676e-05  ,-4.350900526793e-01  ,-4.254897068900e-01  
  1.432731266642e-05  ,-5.295994546498e-01  ,-5.150323551584e-01  
  1.433039869690e-05  ,-5.714209237077e-01  ,-5.544543071853e-01  
  1.433305818164e-05  ,-6.031697209468e-01  ,-5.842506094247e-01  
  1.433451607400e-05  ,-6.188012687042e-01  ,-5.988604263506e-01  
  1.433644763702e-05  ,-6.375075627742e-01  ,-6.162735908476e-01  
  1.434031076306e-05  ,-6.678196342908e-01  ,-6.442311896573e-01  
  1.434803701514e-05  ,-6.986693493578e-01  ,-6.714309900382e-01  
  1.435591674918e-05  ,-6.879417775942e-01  ,-6.586580576020e-01  
  1.436642504805e-05  ,-6.088570280111e-01  ,-5.797604872271e-01  
  1.437631345862e-05  ,-4.741348106892e-01  ,-4.481969312948e-01  
  1.438566095704e-05  ,-3.047748098396e-01  ,-2.841299595734e-01  
  1.438891052777e-05  ,-2.389668793818e-01  ,-2.205907712572e-01  
  1.438983719373e-05  ,-2.197141165586e-01  ,-2.020228957334e-01  
  1.439088232392e-05  ,-1.977775128862e-01  ,-1.808754346078e-01  
  1.439297258431e-05  ,-1.532885949947e-01  ,-1.380098806338e-01  
  1.439715310508e-05  ,-6.252305632245e-02  ,-5.066042070605e-02  
  1.440062880093e-05  ,1.382715529718e-02  ,2.271897802226e-02  
  1.440488829786e-05  ,1.070772408863e-01  ,1.122035920645e-01  
  1.440771542066e-05  ,1.680144318600e-01  ,1.705992238186e-01  
  1.441065094942e-05  ,2.298802100981e-01  ,2.298038207221e-01  
  1.441652200693e-05  ,3.472413658413e-01  ,3.418757443634e-01  
  1.442107505673e-05  ,4.303379606342e-01  ,4.209799750650e-01  
  1.442617274398e-05  ,5.128709961166e-01  ,4.992427300432e-01  
  1.442922636443e-05  ,5.561455567395e-01  ,5.400934159292e-01  
  1.443216189319e-05  ,5.929295551283e-01  ,5.746636209136e-01  
  1.443305456588e-05  ,6.031293658640e-01  ,5.842154890323e-01  
  1.443483991125e-05  ,6.220983959824e-01  ,6.019366733356e-01  
  1.443841060200e-05  ,6.541133209517e-01  ,6.316415814088e-01  
  1.444555198351e-05  ,6.931767112224e-01  ,6.669559510122e-01  
  1.445254286328e-05  ,6.977675443919e-01  ,6.691626847770e-01  
  1.445986454883e-05  ,6.666540082938e-01  ,6.370574540253e-01  
  1.446990197101e-05  ,5.675763383364e-01  ,5.392898024719e-01  
  1.447889333168e-05  ,4.308860382983e-01  ,4.062018748324e-01  
  1.448376377621e-05  ,3.417705102176e-01  ,3.198862626584e-01  
  1.448661958376e-05  ,2.856612299710e-01  ,2.656679143744e-01  
  1.448768091896e-05  ,2.641983338946e-01  ,2.449487209771e-01  
  1.448938840577e-05  ,2.290625687158e-01  ,2.110505377465e-01  
  1.449280337939e-05  ,1.569171082621e-01  ,1.415139627711e-01  
  1.449963332662e-05  ,8.063390448492e-03  ,-1.691210089543e-03  
  1.450360523114e-05  ,-7.911377208816e-02  ,-8.539779889572e-02  
  1.450605162928e-05  ,-1.322820234150e-01  ,-1.363790150341e-01  
  1.450829611668e-05  ,-1.803826585259e-01  ,-1.824524818948e-01  
  1.451278509149e-05  ,-2.736598338887e-01  ,-2.716553736905e-01  
  1.451800496826e-05  ,-3.751710012013e-01  ,-3.684873773579e-01  
  1.452365846881e-05  ,-4.736804593173e-01  ,-4.621254813465e-01  
  1.452893049964e-05  ,-5.521704283353e-01  ,-5.363271790374e-01  
  1.453136162409e-05  ,-5.833889286596e-01  ,-5.656981939232e-01  
  1.453255464831e-05  ,-5.974751629924e-01  ,-5.789073938167e-01  
  1.453424928287e-05  ,-6.160368198844e-01  ,-5.962699719629e-01  
  1.453763855198e-05  ,-6.478755473653e-01  ,-6.258745865936e-01  
  1.454441709021e-05  ,-6.892607143231e-01  ,-6.635400337777e-01  
  1.455105108717e-05  ,-6.996184022566e-01  ,-6.713790081117e-01  
  1.455849496225e-05  ,-6.752194179077e-01  ,-6.456654083568e-01  
  1.456972894767e-05  ,-5.697949639856e-01  ,-5.414561707443e-01  
  1.457945493558e-05  ,-4.210862384281e-01  ,-3.966935189565e-01  
  1.458468524316e-05  ,-3.239451388962e-01  ,-3.026396916251e-01  
  1.458611966619e-05  ,-2.956622634252e-01  ,-2.753165908289e-01  
  1.458832652816e-05  ,-2.509972725629e-01  ,-2.322016708469e-01  
  1.459064552137e-05  ,-2.027673756607e-01  ,-1.856887691288e-01  
  1.459528350779e-05  ,-1.033419605813e-01  ,-8.992396928621e-02  
  1.459874802777e-05  ,-2.752520910635e-02  ,-1.700620377282e-02  
  1.460198306987e-05  ,4.358177907292e-02  ,5.129592955155e-02  
  1.460388781080e-05  ,8.528500856386e-02  ,9.131238148071e-02  
  1.460636997172e-05  ,1.391498707786e-01  ,1.429500191293e-01  
  1.460919076154e-05  ,1.993187377986e-01  ,2.005653419847e-01  
  1.461483234116e-05  ,3.145038064653e-01  ,3.106591049514e-01  
  1.462024220774e-05  ,4.157468930863e-01  ,4.071033353556e-01  
  1.462645375678e-05  ,5.170568059874e-01  ,5.031803145272e-01  
  1.463011981496e-05  ,5.678566174583e-01  ,5.511040172464e-01  
  1.463350796649e-05  ,6.081288415737e-01  ,5.888863267252e-01  
  1.463467342356e-05  ,6.204113334819e-01  ,6.003580388880e-01  
  1.463667464951e-05  ,6.395532035983e-01  ,6.181678299717e-01  
  1.464067710140e-05  ,6.701899369245e-01  ,6.463890497847e-01  
  1.464868200520e-05  ,6.994000250251e-01  ,6.719249721612e-01  
  1.465654385784e-05  ,6.852597316830e-01  ,6.558914340839e-01  
  1.466852588156e-05  ,5.847524749102e-01  ,5.561051555739e-01  
  1.467891944149e-05  ,4.304333802490e-01  ,4.057654546067e-01  
  1.468457815745e-05  ,3.260308923226e-01  ,3.046728404775e-01  
  1.468750996092e-05  ,2.676760118253e-01  ,2.483059125878e-01  
  1.468943444589e-05  ,2.281055972569e-01  ,2.101263250055e-01  
  1.469158207574e-05  ,1.829695547014e-01  ,1.666153488397e-01  
  1.469587733546e-05  ,9.040886871951e-02  ,7.748796220079e-02  
  1.469924909571e-05  ,1.651171627425e-02  ,6.429754968853e-03  
  1.470263091424e-05  ,-5.779097408946e-02  ,-6.492586438406e-02  
  1.470453155735e-05  ,-9.931787276835e-02  ,-1.047641214896e-01  
  1.470654135147e-05  ,-1.428414589047e-01  ,-1.464851456231e-01  
  1.471056093970e-05  ,-2.280096575746e-01  ,-2.280168965343e-01  
  1.471724709073e-05  ,-3.609953160012e-01  ,-3.549889160369e-01  
  1.472214212218e-05  ,-4.486005224630e-01  ,-4.383338784118e-01  
  1.472744768062e-05  ,-5.315362262109e-01  ,-5.168904332890e-01  
  1.473017720082e-05  ,-5.685936198104e-01  ,-5.518199200968e-01  
  1.473280539313e-05  ,-6.003296638210e-01  ,-5.816092855721e-01  
  1.473530394533e-05  ,-6.267106079891e-01  ,-6.062468734842e-01  
  1.473777046004e-05  ,-6.489683973032e-01  ,-6.269029731250e-01  
  1.474270348945e-05  ,-6.816896888694e-01  ,-6.568150223958e-01  
  1.475000654855e-05  ,-6.999999851865e-01  ,-6.720820026286e-01  
  1.475826030174e-05  ,-6.765619743705e-01  ,-6.470275907308e-01  
  1.476927225986e-05  ,-5.755698994818e-01  ,-5.471008504466e-01  
  1.477916216055e-05  ,-4.262116132095e-01  ,-4.016676162483e-01  
  1.478446622887e-05  ,-3.282070280919e-01  ,-3.067630651410e-01  
  1.478698713282e-05  ,-2.782631923558e-01  ,-2.585168224610e-01  
  1.478876558641e-05  ,-2.419603336730e-01  ,-2.234829765928e-01  
  1.479114418426e-05  ,-1.922469034935e-01  ,-1.755502451484e-01  
  1.479590137997e-05  ,-8.988450526578e-02  ,-7.697741905911e-02  
  1.479943593541e-05  ,-1.240377905534e-02  ,-2.476357615306e-03  
  1.480302599767e-05  ,6.644497857086e-02  ,7.323653424735e-02  
  1.480481041172e-05  ,1.053842741070e-01  ,1.105866496841e-01  
  1.480668386021e-05  ,1.459080056256e-01  ,1.494275446025e-01  
  1.481043075719e-05  ,2.253010259573e-01  ,2.254282468820e-01  
  1.481630106965e-05  ,3.430143113982e-01  ,3.378613731674e-01  
  1.482102995315e-05  ,4.295552259632e-01  ,4.202516477340e-01  
  1.482622300783e-05  ,5.136226432769e-01  ,4.999663579437e-01  
  1.482931537130e-05  ,5.573320337965e-01  ,5.412216477709e-01  
  1.483224680224e-05  ,5.939199343513e-01  ,5.756004113188e-01  
  1.483317421326e-05  ,6.044605989669e-01  ,5.854716220661e-01  
  1.483502903530e-05  ,6.239941892438e-01  ,6.037128185518e-01  
  1.483873867938e-05  ,6.566477265771e-01  ,6.339836682791e-01  
  1.484615796754e-05  ,6.949071307609e-01  ,6.684185928568e-01  
  1.485318088481e-05  ,6.965077748569e-01  ,6.677275948414e-01  
  1.486041763374e-05  ,6.628442542557e-01  ,6.332357331700e-01  
  1.487011381933e-05  ,5.648370418348e-01  ,5.366144799037e-01  
  1.487886378118e-05  ,4.313979966015e-01  ,4.067054277415e-01  
  1.488360160539e-05  ,3.448784174416e-01  ,3.228995550085e-01  
  1.488648050973e-05  ,2.884506367148e-01  ,2.683680729867e-01  
  1.488752787510e-05  ,2.673119568981e-01  ,2.479600485812e-01  
  1.488922977397e-05  ,2.323561433060e-01  ,2.142325101120e-01  
  1.489263357171e-05  ,1.605540894024e-01  ,1.450212245629e-01  
  1.489944116721e-05  ,1.228874371191e-02  ,2.370951942496e-03  
  1.490340189585e-05  ,-7.466926218757e-02  ,-8.113207222129e-02  
  1.490552605638e-05  ,-1.209148070130e-01  ,-1.254816133548e-01  
  1.490754255602e-05  ,-1.643216063256e-01  ,-1.670720605235e-01  
  1.491157555529e-05  ,-2.489859770381e-01  ,-2.480799117153e-01  
  1.491719105789e-05  ,-3.599390291762e-01  ,-3.539941678584e-01  
  1.492163458416e-05  ,-4.399757493477e-01  ,-4.301492719501e-01  
  1.492674791762e-05  ,-5.213952856127e-01  ,-5.073108664797e-01  
  1.492940069684e-05  ,-5.584653470746e-01  ,-5.422852057757e-01  
  1.493211531588e-05  ,-5.923844850142e-01  ,-5.741581092102e-01  
  1.493395132521e-05  ,-6.128982828865e-01  ,-5.933581801938e-01  
  1.493632843295e-05  ,-6.364204082431e-01  ,-6.152718178272e-01  
  1.494105880657e-05  ,-6.725652305993e-01  ,-6.485664644700e-01  
  1.494805937210e-05  ,-6.986994776852e-01  ,-6.714542388481e-01  
  1.495584224859e-05  ,-6.882426798020e-01  ,-6.589700204301e-01  
  1.496641909280e-05  ,-6.089216359484e-01  ,-5.798316062005e-01  
  1.497634475628e-05  ,-4.736282380224e-01  ,-4.477093819787e-01  
  1.498466109434e-05  ,-3.244158166973e-01  ,-3.030874131684e-01  
  1.498920520344e-05  ,-2.328657719253e-01  ,-2.146883476134e-01  
  1.499013252133e-05  ,-2.135383689423e-01  ,-1.960515896932e-01  
  1.499104931527e-05  ,-1.942521022304e-01  ,-1.774619645508e-01  
  1.499288290316e-05  ,-1.552123075068e-01  ,-1.398501737175e-01  
  1.499655007893e-05  ,-7.571928075274e-02  ,-6.334031035634e-02  
  1.499979778701e-05  ,-4.446865982171e-03  ,5.176654799351e-03  
  1.500456541353e-05  ,1.000548206914e-01  ,1.054767167793e-01  
  1.500611960465e-05  ,1.337496428966e-01  ,1.377771170573e-01  
  1.500776692802e-05  ,1.691138057892e-01  ,1.716532134612e-01  
  1.501106157476e-05  ,2.383901460332e-01  ,2.379452233698e-01  
  1.501632391983e-05  ,3.434522593194e-01  ,3.382633734089e-01  
  1.502069666559e-05  ,4.237446716605e-01  ,4.147111351739e-01  
  1.502564757639e-05  ,5.049414953019e-01  ,4.917375228453e-01  
  1.502862259322e-05  ,5.479828621175e-01  ,5.323959728943e-01  
  1.503197013909e-05  ,5.906774233515e-01  ,5.725475860327e-01  
  1.503299384886e-05  ,6.024505493011e-01  ,5.835764685959e-01  
  1.503474995071e-05  ,6.211889132395e-01  ,6.010856695070e-01  
  1.503826215440e-05  ,6.529437094499e-01  ,6.305605384289e-01  
  1.504528656179e-05  ,6.923396304034e-01  ,6.662344772896e-01  
  1.505232587034e-05  ,6.981321347150e-01  ,6.695800320419e-01  
  1.505963861519e-05  ,6.681524440881e-01  ,6.385611413879e-01  
  1.506985485131e-05  ,5.681822043831e-01  ,5.398822648118e-01  
  1.507895350033e-05  ,4.298424770992e-01  ,4.051881749602e-01  
  1.508387907916e-05  ,3.395553972601e-01  ,3.177418487213e-01  
  1.508662685329e-05  ,2.855152745999e-01  ,2.655251259901e-01  
  1.508834719235e-05  ,2.505730083514e-01  ,2.317979519468e-01  
  1.509062446231e-05  ,2.032105893883e-01  ,1.861225622887e-01  
  1.509517900223e-05  ,1.056144144236e-01  ,9.211707217460e-02  
  1.509889870459e-05  ,2.421391952258e-02  ,1.382786027463e-02  
  1.510213970715e-05  ,-4.701918860406e-02  ,-5.459244813525e-02  
  1.510403587991e-05  ,-8.851602620475e-02  ,-9.440899368555e-02  
  1.510645061308e-05  ,-1.408874268430e-01  ,-1.446129866564e-01  
  1.510953627104e-05  ,-2.065904742682e-01  ,-2.075223252753e-01  
  1.511570758694e-05  ,-3.315783326440e-01  ,-3.269516523026e-01  
  1.512138045901e-05  ,-4.356151483487e-01  ,-4.259887751636e-01  
  1.512734241360e-05  ,-5.300269960706e-01  ,-5.154362698070e-01  
  1.513042099351e-05  ,-5.717039999583e-01  ,-5.547206105020e-01  
  1.513305626386e-05  ,-6.031483178395e-01  ,-5.842304815126e-01  
  1.513452477330e-05  ,-6.188906787124e-01  ,-5.989437657709e-01  
  1.513645857149e-05  ,-6.376068389462e-01  ,-6.163656794666e-01  
  1.514032616788e-05  ,-6.679210912311e-01  ,-6.443238579679e-01  
  1.514806136066e-05  ,-6.987021407847e-01  ,-6.714547199290e-01  
  1.515594258481e-05  ,-6.878365493246e-01  ,-6.585491498549e-01  
  1.516650601798e-05  ,-6.079764790723e-01  ,-5.788944621455e-01  
  1.517643764192e-05  ,-4.721221300184e-01  ,-4.462405745423e-01  
  1.518432035619e-05  ,-3.310370163026e-01  ,-3.094898868654e-01  
  1.518870725805e-05  ,-2.431635692098e-01  ,-2.246259361711e-01  
  1.518961892971e-05  ,-2.242662232525e-01  ,-2.064000488643e-01  
  1.519072068432e-05  ,-2.011847574490e-01  ,-1.841483037361e-01  
  1.519292419353e-05  ,-1.543267572475e-01  ,-1.390004522394e-01  
  1.519733121195e-05  ,-5.862097814961e-02  ,-4.689626725145e-02  
  1.520093915561e-05  ,2.065011418578e-02  ,2.928596992834e-02  
  1.520515543917e-05  ,1.128790075505e-01  ,1.177712355970e-01  
  1.520829995671e-05  ,1.804642519153e-01  ,1.825245889172e-01  
  1.521152456799e-05  ,2.479377170538e-01  ,2.470728357312e-01  
  1.521797379056e-05  ,3.745919792319e-01  ,3.679403672839e-01  
  1.522274588743e-05  ,4.587118079932e-01  ,4.479283381154e-01  
  1.522802685896e-05  ,5.397355782843e-01  ,5.246276069045e-01  
  1.523076084951e-05  ,5.759839840911e-01  ,5.587675939597e-01  
  1.523207177916e-05  ,5.918738503462e-01  ,5.736851444729e-01  
  1.523390629837e-05  ,6.124193149460e-01  ,5.929151955467e-01  
  1.523669803092e-05  ,6.397620507479e-01  ,6.183772699164e-01  
  1.524228149602e-05  ,6.795211755258e-01  ,6.548657055175e-01  
  1.524887600490e-05  ,6.995636334066e-01  ,6.720217849584e-01  
  1.525661417791e-05  ,6.849423794697e-01  ,6.555655467680e-01  
  1.526946046898e-05  ,5.732042312230e-01  ,5.447972859617e-01  
  1.528028318235e-05  ,4.063953032205e-01  ,3.824523320377e-01  
  1.528545686552e-05  ,3.088089839851e-01  ,2.880213579278e-01  
  1.528701142916e-05  ,2.777728367383e-01  ,2.580486278061e-01  
  1.528902010569e-05  ,2.367004890911e-01  ,2.184140707095e-01  
  1.529194669375e-05  ,1.752181131968e-01  ,1.591419111577e-01  
  1.529779986987e-05  ,4.834487298157e-02  ,3.701780647300e-02  
  1.530182467350e-05  ,-4.010469356484e-02  ,-4.796616811370e-02  
  1.530497030863e-05  ,-1.088591695547e-01  ,-1.139310831694e-01  
  1.530827166089e-05  ,-1.798629575877e-01  ,-1.819618517323e-01  
  1.531158903190e-05  ,-2.492629392097e-01  ,-2.483491840583e-01  
  1.531822377393e-05  ,-3.792244300395e-01  ,-3.723711285101e-01  
  1.532307708213e-05  ,-4.641884788295e-01  ,-4.531416936019e-01  
  1.532836252400e-05  ,-5.444059278487e-01  ,-5.290466737742e-01  
  1.533109390685e-05  ,-5.801146501688e-01  ,-5.626598222325e-01  
  1.533234132031e-05  ,-5.950174223023e-01  ,-5.766416345640e-01  
  1.533411567608e-05  ,-6.146361317822e-01  ,-5.949931860485e-01  
  1.533717376688e-05  ,-6.439362923588e-01  ,-6.222518888318e-01  
  1.534328994849e-05  ,-6.845043196899e-01  ,-6.593392162674e-01  
  1.534996268848e-05  ,-6.999995191012e-01  ,-6.720966951465e-01  
  1.535760251382e-05  ,-6.801291368320e-01  ,-6.506479133986e-01  
  1.536984083751e-05  ,-5.683621538891e-01  ,-5.400566371791e-01  
  1.538019118407e-05  ,-4.080408790461e-01  ,-3.840493109043e-01  
  1.538514283994e-05  ,-3.149913170406e-01  ,-2.939998302232e-01  
  1.538661991754e-05  ,-2.856545286464e-01  ,-2.656633129155e-01  
  1.538865951398e-05  ,-2.441478574767e-01  ,-2.256026884414e-01  
  1.539148179391e-05  ,-1.850972873196e-01  ,-1.686650122041e-01  
  1.539712635377e-05  ,-6.310897485460e-02  ,-5.121830334146e-02  
  1.540110794404e-05  ,2.436004249952e-02  ,3.284547714691e-02  
  1.540592697957e-05  ,1.295892165604e-01  ,1.337926910919e-01  
  1.540930619040e-05  ,2.017507562953e-01  ,2.029052590587e-01  
  1.541301397184e-05  ,2.782854829187e-01  ,2.760763974695e-01  
  1.541943562725e-05  ,4.013446563053e-01  ,3.934072277707e-01  
  1.542571721175e-05  ,5.060008703184e-01  ,4.927253289715e-01  
  1.542972785929e-05  ,5.627735311482e-01  ,5.463227633449e-01  
  1.543361631730e-05  ,6.093053566396e-01  ,5.899884479480e-01  
  1.543468510309e-05  ,6.205302392598e-01  ,6.004707637353e-01  
  1.543665689924e-05  ,6.393944244943e-01  ,6.180220350427e-01  
  1.544060049155e-05  ,6.697015820619e-01  ,6.459446118933e-01  
  1.544848767617e-05  ,6.992100935087e-01  ,6.718173399042e-01  
  1.545650450090e-05  ,6.854358887234e-01  ,6.561044832432e-01  
  1.546811846593e-05  ,5.896295208816e-01  ,5.608947885126e-01  
  1.547842708924e-05  ,4.389200454871e-01  ,4.140006080266e-01  
  1.548411709765e-05  ,3.349687074912e-01  ,3.133160066805e-01  
  1.548949343660e-05  ,2.268787426622e-01  ,2.089524514816e-01  
  1.549046871760e-05  ,2.064856523909e-01  ,1.892883582517e-01  
  1.549136306667e-05  ,1.876140090040e-01  ,1.710982263223e-01  
  1.549315176481e-05  ,1.494414406112e-01  ,1.343211005111e-01  
  1.549672916108e-05  ,7.180298882507e-02  ,5.959786234070e-02  
  1.549996643835e-05  ,7.380590277735e-04  ,-8.720861086210e-03  
  1.550444051200e-05  ,-9.733553259890e-02  ,-1.028649744689e-01  
  1.550689510578e-05  ,-1.504482534210e-01  ,-1.537765605023e-01  
  1.550935826772e-05  ,-2.028471283823e-01  ,-2.039433873707e-01  
  1.551428459162e-05  ,-3.036963733403e-01  ,-3.003350388570e-01  
  1.551950446838e-05  ,-4.025840678145e-01  ,-3.945780141583e-01  
  1.552596933717e-05  ,-5.098162048991e-01  ,-4.963309045222e-01  
  1.552976093763e-05  ,-5.632058160208e-01  ,-5.467263669910e-01  
  1.553341023201e-05  ,-6.070615578780e-01  ,-5.878874728386e-01  
  1.553440190428e-05  ,-6.176235692622e-01  ,-5.977562361716e-01  
  1.553638524884e-05  ,-6.369396897277e-01  ,-6.157414475049e-01  
  1.554035193795e-05  ,-6.680904644765e-01  ,-6.444721979186e-01  
  1.554828531617e-05  ,-6.989846146981e-01  ,-6.716652960314e-01  
  1.555607713336e-05  ,-6.872812112682e-01  ,-6.580055679139e-01  
  1.556692517871e-05  ,-6.033553334947e-01  ,-5.743694902872e-01  
  1.557709224099e-05  ,-4.613947749132e-01  ,-4.358237346550e-01  
  1.558331273073e-05  ,-3.503923010504e-01  ,-3.282368620920e-01  
  1.558727345937e-05  ,-2.724742444736e-01  ,-2.529410781167e-01  
  1.558847486550e-05  ,-2.479493676152e-01  ,-2.292723556800e-01  
  1.558971743608e-05  ,-2.222130707591e-01  ,-2.044478827930e-01  
  1.559220257723e-05  ,-1.697644777945e-01  ,-1.538939967997e-01  
  1.559717285955e-05  ,-6.209035718484e-02  ,-5.025167511450e-02  
  1.560114997947e-05  ,2.528386847230e-02  ,3.371969010221e-02  
  1.560556966388e-05  ,1.218592572047e-01  ,1.263743475961e-01  
  1.560893807137e-05  ,1.939855990467e-01  ,1.954659068536e-01  
  1.561243500137e-05  ,2.665572567998e-01  ,2.648661928534e-01  
  1.561899896288e-05  ,3.934395006653e-01  ,3.858829676196e-01  
  1.562538038516e-05  ,5.008542873395e-01  ,4.878543383594e-01  
  1.562954823995e-05  ,5.604155747545e-01  ,5.440994760266e-01  
  1.563297066414e-05  ,6.021907655980e-01  ,5.833378797803e-01  
  1.563410743648e-05  ,6.145493959026e-01  ,5.948943818357e-01  
  1.563591736877e-05  ,6.326030962105e-01  ,6.117195422853e-01  
  1.563953723335e-05  ,6.625245229911e-01  ,6.393833517415e-01  
  1.564677696252e-05  ,6.964146841655e-01  ,6.696667681119e-01  
  1.565462838435e-05  ,6.926131154489e-01  ,6.635383454629e-01  
  1.566270928407e-05  ,6.449404460752e-01  ,6.153960495258e-01  
  1.567266773009e-05  ,5.298812577883e-01  ,5.024621445208e-01  
  1.568363051438e-05  ,3.443250470690e-01  ,3.223631021421e-01  
  1.568973701024e-05  ,2.218048354489e-01  ,2.040207214622e-01  
  1.569109264338e-05  ,1.933365105353e-01  ,1.765771427156e-01  
  1.569243784571e-05  ,1.647405206049e-01  ,1.490257871566e-01  
  1.569512825036e-05  ,1.067175949753e-01  ,9.316099642058e-02  
  1.569909046912e-05  ,1.999890703139e-02  ,9.766761720401e-03  
  1.570243652487e-05  ,-5.352967074049e-02  ,-6.084651211545e-02  
  1.570438261652e-05  ,-9.607455285324e-02  ,-1.016626031851e-01  
  1.570659245872e-05  ,-1.439415329671e-01  ,-1.475467618569e-01  
  1.571030471051e-05  ,-2.226748546166e-01  ,-2.229195272741e-01  
  1.571618396366e-05  ,-3.407670820823e-01  ,-3.357209199991e-01  
  1.572094115937e-05  ,-4.280117657941e-01  ,-4.187866143086e-01  
  1.572617146695e-05  ,-5.128518827125e-01  ,-4.992389256121e-01  
  1.572926718318e-05  ,-5.566902181732e-01  ,-5.406182186923e-01  
  1.573225002313e-05  ,-5.939574196169e-01  ,-5.756363252029e-01  
  1.573314670050e-05  ,-6.041552391062e-01  ,-5.851839319577e-01  
  1.573494005525e-05  ,-6.231049865592e-01  ,-6.028821721496e-01  
  1.573852676475e-05  ,-6.550186409886e-01  ,-6.324813890995e-01  
  1.574570018375e-05  ,-6.936231369584e-01  ,-6.673403534492e-01  
  1.575276705945e-05  ,-6.973567924744e-01  ,-6.686996928294e-01  
  1.576007011855e-05  ,-6.652614462385e-01  ,-6.356620941732e-01  
  1.576998386109e-05  ,-5.665204360053e-01  ,-5.382573652509e-01  
  1.577888879502e-05  ,-4.309646594361e-01  ,-4.062792117496e-01  
  1.578371155584e-05  ,-3.427722548123e-01  ,-3.208566178104e-01  
  1.578656736338e-05  ,-2.867092558629e-01  ,-2.666813724273e-01  
  1.578762236559e-05  ,-2.653903065894e-01  ,-2.461005375470e-01  
  1.578932966614e-05  ,-2.302828112189e-01  ,-2.122286381892e-01  
  1.579274426723e-05  ,-1.581836985767e-01  ,-1.427348638540e-01  
  1.579957346940e-05  ,-9.379617087425e-03  ,4.260682556448e-04  
  1.580354313874e-05  ,7.775688836428e-02  ,8.409569811244e-02  
  1.580599028194e-05  ,1.309569882027e-01  ,1.351088090433e-01  
  1.580819975162e-05  ,1.783342259591e-01  ,1.804912285162e-01  
  1.581261869097e-05  ,2.702879996092e-01  ,2.684412892195e-01  
  1.581778566861e-05  ,3.710906340754e-01  ,3.646055394721e-01  
  1.582219566727e-05  ,4.495038202418e-01  ,4.391826421317e-01  
  1.582731868649e-05  ,5.296860154278e-01  ,5.151358806753e-01  
  1.582995581949e-05  ,5.657402702350e-01  ,5.491284031444e-01  
  1.583249907517e-05  ,5.968374882311e-01  ,5.783328143330e-01  
  1.583479683423e-05  ,6.216635156461e-01  ,6.015401838063e-01  
  1.583721641028e-05  ,6.443034468223e-01  ,6.225839754690e-01  
  1.584205556238e-05  ,6.783110490373e-01  ,6.537710723320e-01  
  1.584909710610e-05  ,6.997184133188e-01  ,6.720995802535e-01  
  1.585728082383e-05  ,6.817679914829e-01  ,6.523174074063e-01  
  1.587139222348e-05  ,5.477800569021e-01  ,5.199352596733e-01  
  1.588390621865e-05  ,3.390333651813e-01  ,3.172001110125e-01  
  1.588968637908e-05  ,2.228606175361e-01  ,2.050022971077e-01  
  1.589098035866e-05  ,1.957085220720e-01  ,1.788308298868e-01  
  1.589226316237e-05  ,1.684716095013e-01  ,1.525910893080e-01  
  1.589482876980e-05  ,1.132217117579e-01  ,9.939816670612e-02  
  1.589917692864e-05  ,1.809826763258e-02  ,7.924785739563e-03  
  1.590261574411e-05  ,-5.745849788588e-02  ,-6.462830602724e-02  
  1.590464230204e-05  ,-1.017280318327e-01  ,-1.070936142697e-01  
  1.590676981533e-05  ,-1.477562039813e-01  ,-1.512086055123e-01  
  1.591102484190e-05  ,-2.376304769693e-01  ,-2.372256527744e-01  
  1.591731983745e-05  ,-3.623650104562e-01  ,-3.562966161163e-01  
  1.592204350555e-05  ,-4.469335543643e-01  ,-4.367502523567e-01  
  1.592729020441e-05  ,-5.292763129279e-01  ,-5.147538181473e-01  
  1.592998768711e-05  ,-5.661526963965e-01  ,-5.495208590284e-01  
  1.593259650791e-05  ,-5.979542791463e-01  ,-5.793824813008e-01  
  1.593489724720e-05  ,-6.226754584406e-01  ,-6.024859897858e-01  
  1.593733246946e-05  ,-6.452968440495e-01  ,-6.235056196014e-01  
  1.594220291400e-05  ,-6.791041609891e-01  ,-6.544879544571e-01  
  1.594934578562e-05  ,-6.998521597539e-01  ,-6.721496601641e-01  
  1.595752354288e-05  ,-6.805378952816e-01  ,-6.510639998105e-01  
  1.597083624029e-05  ,-5.553084193827e-01  ,-5.272895417431e-01  
  1.598186756992e-05  ,-3.775344306137e-01  ,-3.544822782141e-01  
  1.598706434989e-05  ,-2.767042159859e-01  ,-2.569951826751e-01  
  1.598845239305e-05  ,-2.484114592742e-01  ,-2.296919490114e-01  
  1.598994101906e-05  ,-2.175451001000e-01  ,-1.999231326452e-01  
  1.599232669497e-05  ,-1.671151880377e-01  ,-1.513225325059e-01  
  1.599709804678e-05  ,-6.372891803094e-02  ,-5.181574024866e-02  
  1.600091572428e-05  ,2.013505102131e-02  ,2.878221931667e-02  
  1.600532423282e-05  ,1.165407897436e-01  ,1.212804755382e-01  
  1.600848886693e-05  ,1.844749719567e-01  ,1.863644167895e-01  
  1.601181070828e-05  ,2.538122334097e-01  ,2.526880868248e-01  
  1.601845439100e-05  ,3.834772684076e-01  ,3.764152407798e-01  
  1.602342839861e-05  ,4.699429477826e-01  ,4.585972281177e-01  
  1.602883379483e-05  ,5.508607775446e-01  ,5.351331046358e-01  
  1.603162627244e-05  ,5.865851137137e-01  ,5.687363276865e-01  
  1.603282991374e-05  ,6.006068117830e-01  ,5.818783238103e-01  
  1.603457856500e-05  ,6.194425144253e-01  ,5.994816261704e-01  
  1.603806618178e-05  ,6.513779063479e-01  ,6.291362708535e-01  
  1.604504141533e-05  ,6.915237291050e-01  ,6.655296395478e-01  
  1.605191159570e-05  ,6.987380871833e-01  ,6.702701308296e-01  
  1.605928469026e-05  ,6.704320479205e-01  ,6.408415689069e-01  
  1.606975126588e-05  ,5.695097286859e-01  ,5.411780806149e-01  
  1.607901978815e-05  ,4.286910076135e-01  ,4.040687749525e-01  
  1.608403253877e-05  ,3.366003414294e-01  ,3.148809031844e-01  
  1.608668457294e-05  ,2.843558697317e-01  ,2.644026208022e-01  
  1.608840528452e-05  ,2.493797307245e-01  ,2.306439972189e-01  
  1.609072316015e-05  ,2.011326077056e-01  ,1.841173037826e-01  
  1.609535891140e-05  ,1.017016302993e-01  ,8.834987567354e-02  
  1.609899255955e-05  ,2.215107400747e-02  ,1.184424086941e-02  
  1.610224883580e-05  ,-4.941335200253e-02  ,-5.689098062872e-02  
  1.610413755798e-05  ,-9.073363948921e-02  ,-9.653638126102e-02  
  1.610644872808e-05  ,-1.408468216376e-01  ,-1.445744809038e-01  
  1.610972437584e-05  ,-2.105392277936e-01  ,-2.113008903792e-01  
  1.611547026360e-05  ,-3.269727995756e-01  ,-3.225565407226e-01  
  1.612118262374e-05  ,-4.322012051908e-01  ,-4.227442016126e-01  
  1.612706485713e-05  ,-5.260198757918e-01  ,-5.116503591197e-01  
  1.613018851304e-05  ,-5.687386837867e-01  ,-5.519306851743e-01  
  1.613325889730e-05  ,-6.053976589683e-01  ,-5.863320996797e-01  
  1.613555628383e-05  ,-6.291628530332e-01  ,-6.085142384772e-01  
  1.613807830536e-05  ,-6.514754897449e-01  ,-6.292066637294e-01  
  1.614312234843e-05  ,-6.837236179458e-01  ,-6.586290146366e-01  
  1.615098420107e-05  ,-6.996654193205e-01  ,-6.714481880113e-01  
  1.615906063044e-05  ,-6.718323727226e-01  ,-6.422652490824e-01  
  1.616967919791e-05  ,-5.704297765909e-01  ,-5.420890054139e-01  
  1.617922786200e-05  ,-4.250645537006e-01  ,-4.005553352734e-01  
  1.618434417570e-05  ,-3.305753817389e-01  ,-3.090550668483e-01  
  1.618675779128e-05  ,-2.828838003228e-01  ,-2.629804886233e-01  
  1.618858150715e-05  ,-2.457548579603e-01  ,-2.271459350759e-01  
  1.619095451707e-05  ,-1.962540813549e-01  ,-1.794142135677e-01  
  1.619570053691e-05  ,-9.426289301003e-02  ,-8.119107842423e-02  
  1.619917399758e-05  ,-1.816270334946e-02  ,-8.011121534192e-03  
  1.620250664228e-05  ,5.506698693330e-02  ,6.231693038776e-02  
  1.620440095240e-05  ,9.647394799942e-02  ,1.020414609069e-01  
  1.620650872165e-05  ,1.421389154653e-01  ,1.458165247635e-01  
  1.621029808694e-05  ,2.225367562925e-01  ,2.227863336319e-01  
  1.621620267206e-05  ,3.411264012470e-01  ,3.360637733238e-01  
  1.622097178870e-05  ,4.285445579015e-01  ,4.192934798837e-01  
  1.622621625239e-05  ,5.135216966578e-01  ,4.998729542712e-01  
  1.622932016426e-05  ,5.573958012005e-01  ,5.412834356840e-01  
  1.623226947659e-05  ,5.941836933416e-01  ,5.758489750345e-01  
  1.623319437304e-05  ,6.046840625977e-01  ,5.856819414837e-01  
  1.623504416594e-05  ,6.241449091034e-01  ,6.038543050964e-01  
  1.623874375173e-05  ,6.566863637478e-01  ,6.340199790931e-01  
  1.624614292333e-05  ,6.948672173773e-01  ,6.683853455511e-01  
  1.625319042751e-05  ,6.964868075386e-01  ,6.677046704078e-01  
  1.626042941162e-05  ,6.627609456973e-01  ,6.331525218615e-01  
  1.627012261698e-05  ,5.647227423059e-01  ,5.365027909962e-01  
  1.627887108871e-05  ,4.312714292248e-01  ,4.065826986636e-01  
  1.628360742280e-05  ,3.447670845028e-01  ,3.227918999799e-01  
  1.628646993586e-05  ,2.886624920573e-01  ,2.685727223077e-01  
  1.628751450726e-05  ,2.675836282681e-01  ,2.482223407250e-01  
  1.628922106275e-05  ,2.325368425828e-01  ,2.144068648354e-01  
  1.629263417372e-05  ,1.605412034849e-01  ,1.450088366257e-01  
  1.629946039566e-05  ,1.186595077505e-02  ,1.964610689616e-03  
  1.630342857489e-05  ,-7.525259113417e-02  ,-8.169189259682e-02  
  1.630557285199e-05  ,-1.219282961174e-01  ,-1.264533169575e-01  
  1.630761989900e-05  ,-1.659744534987e-01  ,-1.686551169015e-01  
  1.631171399304e-05  ,-2.518289214938e-01  ,-2.507972065851e-01  
  1.631725573489e-05  ,-3.611581694392e-01  ,-3.551421522273e-01  
  1.632283323953e-05  ,-4.601611174968e-01  ,-4.493058099165e-01  
  1.632823863575e-05  ,-5.426892023938e-01  ,-5.273943228106e-01  
  1.633100466380e-05  ,-5.790140442930e-01  ,-5.615957519345e-01  
  1.633228616366e-05  ,-5.943776127429e-01  ,-5.760122834125e-01  
  1.633409255692e-05  ,-6.143926587710e-01  ,-5.947417620304e-01  
  1.633707204410e-05  ,-6.430558063183e-01  ,-6.214179572389e-01  
  1.634303101847e-05  ,-6.832902113957e-01  ,-6.582435653123e-01  
  1.634971865961e-05  ,-6.999726580721e-01  ,-6.721424649767e-01  
  1.635739275762e-05  ,-6.812056337555e-01  ,-6.517413126153e-01  
  1.636992016384e-05  ,-5.673420817490e-01  ,-5.390584355342e-01  
  1.638044187376e-05  ,-4.035488151042e-01  ,-3.796938580195e-01  
  1.638545685956e-05  ,-3.088091016182e-01  ,-2.880225766088e-01  
  1.638696988621e-05  ,-2.786111697881e-01  ,-2.588589417458e-01  
  1.638886903921e-05  ,-2.398242458258e-01  ,-2.214283244120e-01  
  1.639193793336e-05  ,-1.754046246715e-01  ,-1.593223107794e-01  
  1.639807572165e-05  ,-4.229132069186e-02  ,-3.119606327413e-02  
  1.640205060640e-05  ,4.506400447001e-02  ,5.272884472049e-02  
  1.640484382907e-05  ,1.061107258563e-01  ,1.112964563741e-01  
  1.640838024715e-05  ,1.821696691223e-01  ,1.841633582337e-01  
  1.641175573269e-05  ,2.526851506927e-01  ,2.516152371044e-01  
  1.641850670376e-05  ,3.844391816996e-01  ,3.773345896494e-01  
  1.642346059480e-05  ,4.704674598089e-01  ,4.590971735863e-01  
  1.642880042592e-05  ,5.504076895676e-01  ,5.347071884767e-01  
  1.643157353202e-05  ,5.859513903345e-01  ,5.681422906496e-01  
  1.643277642825e-05  ,6.000018248519e-01  ,5.813124533281e-01  
  1.643451893279e-05  ,6.188306559717e-01  ,5.989113422554e-01  
  1.643797600219e-05  ,6.506490813144e-01  ,6.284636130406e-01  
  1.644489014098e-05  ,6.909997873341e-01  ,6.650745627734e-01  
  1.645172753879e-05  ,6.989693367176e-01  ,6.705502237680e-01  
  1.645912447521e-05  ,6.714367451278e-01  ,6.418529691874e-01  
  1.646972218105e-05  ,5.698813886068e-01  ,5.415417906247e-01  
  1.647907563993e-05  ,4.277193764901e-01  ,4.031252810785e-01  
  1.648413011381e-05  ,3.347173395270e-01  ,3.130583495928e-01  
  1.648670466194e-05  ,2.839521258208e-01  ,2.640111869811e-01  
  1.648843412796e-05  ,2.487869458524e-01  ,2.300706806839e-01  
  1.649077882567e-05  ,1.999597731414e-01  ,1.829856427425e-01  
  1.649546822110e-05  ,9.932269562701e-02  ,8.605968978812e-02  
  1.649905381301e-05  ,2.080467453097e-02  ,1.054968800721e-02  
  1.650233095089e-05  ,-5.121448579408e-02  ,-5.862005000027e-02  
  1.650422004560e-05  ,-9.253202694161e-02  ,-9.826148333805e-02  
  1.650646378794e-05  ,-1.411712161417e-01  ,-1.448901744402e-01  
  1.650989403525e-05  ,-2.140944673401e-01  ,-2.147113743665e-01  
  1.651570027271e-05  ,-3.314366654469e-01  ,-3.268225354818e-01  
  1.652147596279e-05  ,-4.372571945618e-01  ,-4.275522788935e-01  
  1.652730455199e-05  ,-5.294827497456e-01  ,-5.149238840948e-01  
  1.653035221198e-05  ,-5.708298528480e-01  ,-5.538993487738e-01  
  1.653298897246e-05  ,-6.023959359410e-01  ,-5.835266286918e-01  
  1.653444034556e-05  ,-6.180209920505e-01  ,-5.981325355149e-01  
  1.653635775247e-05  ,-6.366886338542e-01  ,-6.155133807093e-01  
  1.654019256631e-05  ,-6.670359820342e-01  ,-6.435148202448e-01  
  1.654786219397e-05  ,-6.984218759677e-01  ,-6.712489188594e-01  
  1.655571510592e-05  ,-6.887474911083e-01  ,-6.594930803530e-01  
  1.656581362286e-05  ,-6.153786881912e-01  ,-5.861866067583e-01  
  1.657540699044e-05  ,-4.886057221883e-01  ,-4.622622126470e-01  
  1.658474703827e-05  ,-3.227398595554e-01  ,-3.014936704094e-01  
  1.658914586106e-05  ,-2.340960469530e-01  ,-2.158828045062e-01  
  1.659009543756e-05  ,-2.143148669728e-01  ,-1.968076020367e-01  
  1.659103551456e-05  ,-1.945436576618e-01  ,-1.777497698883e-01  
  1.659291566858e-05  ,-1.545096123639e-01  ,-1.391789821558e-01  
  1.659667597660e-05  ,-7.296630650760e-02  ,-6.069957118172e-02  
  1.659995982000e-05  ,-8.836040647213e-04  ,8.590758275169e-03  
  1.660461568782e-05  ,1.011489324836e-01  ,1.065212774930e-01  
  1.660715782592e-05  ,1.560855638269e-01  ,1.591753710347e-01  
  1.660978341052e-05  ,2.117769923738e-01  ,2.124831620755e-01  
  1.661503457972e-05  ,3.184707261550e-01  ,3.144328152534e-01  
  1.661989161322e-05  ,4.095189626878e-01  ,4.011864402875e-01  
  1.662503176877e-05  ,4.954685074539e-01  ,4.827751926626e-01  
  1.662822322497e-05  ,5.424750790334e-01  ,5.272059588550e-01  
  1.663090841421e-05  ,5.778219281034e-01  ,5.604875375890e-01  
  1.663200085559e-05  ,5.910396294941e-01  ,5.728936003590e-01  
  1.663361744532e-05  ,6.093175679857e-01  ,5.900087549078e-01  
  1.663671539673e-05  ,6.399169420501e-01  ,6.185152093882e-01  
  1.664291129956e-05  ,6.827135659714e-01  ,6.577324225153e-01  
  1.664911986837e-05  ,6.997324312560e-01  ,6.721041605010e-01  
  1.665672691116e-05  ,6.844266434725e-01  ,6.550349348779e-01  
  1.667030484924e-05  ,5.623454816440e-01  ,5.341663565074e-01  
  1.668140323409e-05  ,3.860927865798e-01  ,3.627695134594e-01  
  1.668666408905e-05  ,2.847674332392e-01  ,2.647821708858e-01  
  1.668828440407e-05  ,2.518618104614e-01  ,2.330228579835e-01  
  1.668981140056e-05  ,2.202526003382e-01  ,2.025353833069e-01  
  1.669286539355e-05  ,1.555877554791e-01  ,1.402195283149e-01  
  1.669897337952e-05  ,2.257264960562e-02  ,1.224687906584e-02  
  1.670267482796e-05  ,-5.875333523885e-02  ,-6.586560525920e-02  
  1.670499307612e-05  ,-1.093537333975e-01  ,-1.144024592267e-01  
  1.670739663342e-05  ,-1.612005543841e-01  ,-1.640816358952e-01  
  1.671189007857e-05  ,-2.554381076528e-01  ,-2.542417201538e-01  
  1.671773505905e-05  ,-3.701464660789e-01  ,-3.637172322901e-01  
  1.672232014635e-05  ,-4.515988441864e-01  ,-4.411862090987e-01  
  1.672755790451e-05  ,-5.331102932631e-01  ,-5.183794380407e-01  
  1.673024234870e-05  ,-5.694280691163e-01  ,-5.526068553947e-01  
  1.673281838694e-05  ,-6.004765727909e-01  ,-5.817477937445e-01  
  1.673522082666e-05  ,-6.258942234090e-01  ,-6.054864958502e-01  
  1.673777190545e-05  ,-6.489803107606e-01  ,-6.269138078717e-01  
  1.674287406304e-05  ,-6.825322408915e-01  ,-6.575708033804e-01  
  1.675001395443e-05  ,-6.999999327346e-01  ,-6.720791737702e-01  
  1.675824833611e-05  ,-6.766294483537e-01  ,-6.470956231203e-01  
  1.676924837330e-05  ,-5.758687010290e-01  ,-5.473934541958e-01  
  1.677912784317e-05  ,-4.268100270415e-01  ,-4.022482135823e-01  
  1.678443042138e-05  ,-3.289023482957e-01  ,-3.074356400721e-01  
  1.678699602881e-05  ,-2.780836697225e-01  ,-2.583437879052e-01  
  1.678877932528e-05  ,-2.416768008983e-01  ,-2.232096661195e-01  
  1.679113594392e-05  ,-1.924211434971e-01  ,-1.757183371846e-01  
  1.679584918120e-05  ,-9.102279191993e-02  ,-7.807289611380e-02  
  1.679933642545e-05  ,-1.459170949119e-02  ,-4.579218124773e-03  
  1.680282329717e-05  ,6.200617178196e-02  ,6.897643216925e-02  
  1.680477013388e-05  ,1.045085293924e-01  ,1.097464234130e-01  
  1.680668009022e-05  ,1.458269191370e-01  ,1.493496859315e-01  
  1.681050000289e-05  ,2.267422528831e-01  ,2.268069836168e-01  
  1.681641650894e-05  ,3.452250134273e-01  ,3.399698805745e-01  
  1.682113719681e-05  ,4.314149338441e-01  ,4.220195238677e-01  
  1.682633919218e-05  ,5.153551628549e-01  ,5.016051853897e-01  
  1.682944831946e-05  ,5.590961372499e-01  ,5.428838120635e-01  
  1.683228699067e-05  ,5.943872191808e-01  ,5.760391930161e-01  
  1.683329207399e-05  ,6.057636033908e-01  ,5.866913971020e-01  
  1.683519383469e-05  ,6.256281923870e-01  ,6.052357885649e-01  
  1.683899735609e-05  ,6.585968408638e-01  ,6.357779474234e-01  
  1.684660439888e-05  ,6.960208598051e-01  ,6.693466955175e-01  
  1.685366531411e-05  ,6.953643540195e-01  ,6.664790447437e-01  
  1.686086033979e-05  ,6.596505573965e-01  ,6.300427729564e-01  
  1.687033747831e-05  ,5.619178803060e-01  ,5.337596000562e-01  
  1.687892203727e-05  ,4.303883621156e-01  ,4.057272545588e-01  
  1.688356151381e-05  ,3.456453715988e-01  ,3.236434869086e-01  
  1.688629997471e-05  ,2.920634050034e-01  ,2.718594744255e-01  
  1.688731343994e-05  ,2.716641529797e-01  ,2.521634959342e-01  
  1.688905389556e-05  ,2.360010490951e-01  ,2.177504424520e-01  
  1.689253480682e-05  ,1.626673644708e-01  ,1.470583506310e-01  
  1.689949662933e-05  ,1.106923787160e-02  ,1.199057212185e-03  
  1.690351696262e-05  ,-7.718478155396e-02  ,-8.354635860125e-02  
  1.690599614331e-05  ,-1.310836085033e-01  ,-1.352299999563e-01  
  1.690822833726e-05  ,-1.789420424365e-01  ,-1.810733535050e-01  
  1.691269272515e-05  ,-2.717890987851e-01  ,-2.698760500213e-01  
  1.691786342809e-05  ,-3.725394800121e-01  ,-3.659858680283e-01  
  1.692229726860e-05  ,-4.512143211418e-01  ,-4.408067416657e-01  
  1.692741805264e-05  ,-5.311120322377e-01  ,-5.164821719488e-01  
  1.693005555817e-05  ,-5.670291820874e-01  ,-5.503409782730e-01  
  1.693259322593e-05  ,-5.979167516332e-01  ,-5.793434164605e-01  
  1.693510146388e-05  ,-6.247143889271e-01  ,-6.043830228254e-01  
  1.693749608049e-05  ,-6.466826826204e-01  ,-6.247856700719e-01  
  1.694228531370e-05  ,-6.795413294909e-01  ,-6.548802710707e-01  
  1.694947735915e-05  ,-6.999056450383e-01  ,-6.721583131375e-01  
  1.695774750361e-05  ,-6.793677640023e-01  ,-6.498733486865e-01  
  1.696990983137e-05  ,-5.674751485729e-01  ,-5.391855476605e-01  
  1.698037193665e-05  ,-4.048045351507e-01  ,-3.809099339067e-01  
  1.698533774862e-05  ,-3.111576513702e-01  ,-2.902922073559e-01  
  1.698683363894e-05  ,-2.813572898817e-01  ,-2.615108879192e-01  
  1.698877637783e-05  ,-2.417376320069e-01  ,-2.232747398580e-01  
  1.699177002111e-05  ,-1.789769440611e-01  ,-1.627649700655e-01  
  1.699775730768e-05  ,-4.927858591958e-02  ,-3.791530936469e-02  
  1.700184395114e-05  ,4.052792711601e-02  ,4.837336907487e-02  
  1.700507564047e-05  ,1.111467561422e-01  ,1.161255737061e-01  
  1.700842728415e-05  ,1.831682257240e-01  ,1.851276191522e-01  
  1.701180127957e-05  ,2.536189843309e-01  ,2.525139057917e-01  
  1.701854927042e-05  ,3.852211201119e-01  ,3.780682430522e-01  
  1.702351955274e-05  ,4.714267024260e-01  ,4.599957965489e-01  
  1.702886236408e-05  ,5.512482139789e-01  ,5.354921414412e-01  
  1.703164366582e-05  ,5.867937577100e-01  ,5.689270551741e-01  
  1.703284041533e-05  ,6.007253986770e-01  ,5.819847335130e-01  
  1.703458236107e-05  ,6.194813905670e-01  ,5.995138992093e-01  
  1.703806625256e-05  ,6.513784763382e-01  ,6.291338327491e-01  
  1.704503403553e-05  ,6.914985313046e-01  ,6.655061806777e-01  
  1.705191166648e-05  ,6.987379937602e-01  ,6.702691705505e-01  
  1.705928327093e-05  ,6.704410230785e-01  ,6.408501715488e-01  
  1.706975282678e-05  ,5.694897693543e-01  ,5.411584190639e-01  
  1.707902283916e-05  ,4.286379644225e-01  ,4.040172731076e-01  
  1.708403633484e-05  ,3.365271439195e-01  ,3.148100711847e-01  
  1.708668315360e-05  ,2.843843909167e-01  ,2.644301225126e-01  
  1.708840293387e-05  ,2.494280319981e-01  ,2.306905723471e-01  
  1.709072304466e-05  ,2.011350402370e-01  ,1.841196269089e-01  
  1.709536326626e-05  ,1.016068770399e-01  ,8.825866007303e-02  
  1.709899505177e-05  ,2.209629462484e-02  ,1.179156894575e-02  
  1.710225207308e-05  ,-4.948436559618e-02  ,-5.695916085921e-02  
  1.710414079526e-05  ,-9.080422988032e-02  ,-9.660410237036e-02  
  1.710644935766e-05  ,-1.408603835098e-01  ,-1.445874915635e-01  
  1.710973096588e-05  ,-2.106774353920e-01  ,-2.114331364338e-01  
  1.711547908881e-05  ,-3.271443899665e-01  ,-3.227202583924e-01  
  1.712119368413e-05  ,-4.323925105208e-01  ,-4.229259931701e-01  
  1.712707293728e-05  ,-5.261370967666e-01  ,-5.117611049659e-01  
  1.713019361296e-05  ,-5.688040599481e-01  ,-5.519921802748e-01  
  1.713326064447e-05  ,-6.054169468554e-01  ,-5.863501011308e-01  
  1.713556473652e-05  ,-6.292443133063e-01  ,-6.085900188251e-01  
  1.713808713058e-05  ,-6.515464649293e-01  ,-6.292721706080e-01  
  1.714313191870e-05  ,-6.837687079379e-01  ,-6.586692940358e-01  
  1.715098930100e-05  ,-6.996619431635e-01  ,-6.714432077550e-01  
  1.715907020071e-05  ,-6.717732406879e-01  ,-6.422056499023e-01  
  1.716968429783e-05  ,-5.703647650759e-01  ,-5.420253667204e-01  
  1.717922998169e-05  ,-4.250275165645e-01  ,-4.005194271107e-01  
  1.718434480527e-05  ,-3.305631777505e-01  ,-3.090432994912e-01  
  1.718675581315e-05  ,-2.829235907108e-01  ,-2.630189406629e-01  
  1.718858120540e-05  ,-2.457610713517e-01  ,-2.271519591101e-01  
  1.719095421532e-05  ,-1.962604510080e-01  ,-1.794203771943e-01  
  1.719570023516e-05  ,-9.426946836174e-02  ,-8.119742099682e-02  
  1.719917369583e-05  ,-1.816933691139e-02  ,-8.017507848249e-03  
  1.720250596800e-05  ,5.505220473624e-02  ,6.230273441679e-02  
  1.720440027812e-05  ,9.645926134018e-02  ,1.020273682816e-01  
  1.720650841990e-05  ,1.421324179043e-01  ,1.458102935729e-01  
  1.721029629508e-05  ,2.224993950780e-01  ,2.227505934619e-01  
  1.721620013514e-05  ,3.410776832693e-01  ,3.360173107287e-01  
  1.722096925178e-05  ,4.285004436271e-01  ,4.192515472692e-01  
  1.722621446052e-05  ,5.134949169275e-01  ,4.998476269395e-01  
  1.722931837240e-05  ,5.573719630078e-01  ,5.412609784725e-01  
  1.723226917484e-05  ,5.941801852364e-01  ,5.758456803510e-01  
  1.723319267431e-05  ,6.046652421413e-01  ,5.856643264081e-01  
  1.723503967324e-05  ,6.241001709782e-01  ,6.038126117215e-01  
  1.723873367110e-05  ,6.566095611189e-01  ,6.339492509377e-01  
  1.724612166682e-05  ,6.948105577368e-01  ,6.683376642865e-01  
  1.725317066112e-05  ,6.965301689783e-01  ,6.677524661547e-01  
  1.726041262546e-05  ,6.628796518667e-01  ,6.332713258795e-01  
  1.727011477152e-05  ,5.648246730839e-01  ,5.366025087226e-01  
  1.727887069383e-05  ,4.312782691932e-01  ,4.065892853333e-01  
  1.728361075321e-05  ,3.447033423528e-01  ,3.227301540078e-01  
  1.728647550145e-05  ,2.885509853582e-01  ,2.684649417755e-01  
  1.728752100417e-05  ,2.674515990275e-01  ,2.480948065704e-01  
  1.728922700086e-05  ,2.324136685195e-01  ,2.142879732332e-01  
  1.729263899425e-05  ,1.604380183846e-01  ,1.449093796799e-01  
  1.729946298102e-05  ,1.180910405722e-02  ,1.909967396440e-03  
  1.730343041518e-05  ,-7.529282663644e-02  ,-8.173049941402e-02  
  1.730557506481e-05  ,-1.219762144378e-01  ,-1.264992527198e-01  
  1.730762322941e-05  ,-1.660456035999e-01  ,-1.687232503532e-01  
  1.731171955863e-05  ,-2.519431165521e-01  ,-2.509063309145e-01  
  1.731726353565e-05  ,-3.613051105045e-01  ,-3.552821489092e-01  
  1.732284253040e-05  ,-4.603150640931e-01  ,-4.494518869836e-01  
  1.732824867168e-05  ,-5.428285771320e-01  ,-5.275258113946e-01  
  1.733101209202e-05  ,-5.791058280190e-01  ,-5.616819944957e-01  
  1.733229247430e-05  ,-5.944509057723e-01  ,-5.760809786586e-01  
  1.733409663239e-05  ,-6.144356019760e-01  ,-5.947818586609e-01  
  1.733708245257e-05  ,-6.431462010253e-01  ,-6.215017099424e-01  
  1.734305409291e-05  ,-6.834002424451e-01  ,-6.583420211501e-01  
  1.734973130324e-05  ,-6.999750603672e-01  ,-6.721407387617e-01  
  1.735740838149e-05  ,-6.811264690100e-01  ,-6.516606157371e-01  
  1.736990002492e-05  ,-5.676013858507e-01  ,-5.393120928776e-01  
  1.738040385345e-05  ,-4.042317114508e-01  ,-3.803559236584e-01  
  1.738541213372e-05  ,-3.096914844390e-01  ,-2.888756420379e-01  
  1.738692106256e-05  ,-2.795958201647e-01  ,-2.598101211793e-01  
  1.738884033212e-05  ,-2.404172431124e-01  ,-2.220008441279e-01  
  1.739187309095e-05  ,-1.767847254783e-01  ,-1.606524761886e-01  
  1.739793860862e-05  ,-4.530068407315e-02  ,-3.409004606615e-02  
  1.740191051313e-05  ,4.198915681127e-02  ,4.977628841451e-02  
  1.740490750918e-05  ,1.074947283342e-01  ,1.126232800158e-01  
  1.740823493847e-05  ,1.790823835559e-01  ,1.812146130323e-01  
  1.741157093593e-05  ,2.488910328045e-01  ,2.479937457337e-01  
  1.741824293086e-05  ,3.795784665977e-01  ,3.727086748186e-01  
  1.742310666987e-05  ,4.646753084429e-01  ,4.536040147444e-01  
  1.742839583704e-05  ,5.448661423596e-01  ,5.294812057976e-01  
  1.743112908253e-05  ,5.805472081184e-01  ,5.630665755242e-01  
  1.743237202564e-05  ,5.953728259461e-01  ,5.769750827797e-01  
  1.743414246985e-05  ,6.149178974708e-01  ,5.952565356160e-01  
  1.743722887287e-05  ,6.444105298433e-01  ,6.226912349933e-01  
  1.744340167889e-05  ,6.850142326704e-01  ,6.597939282940e-01  
  1.745008708486e-05  ,6.999973802923e-01  ,6.720552143043e-01  
  1.745771200904e-05  ,6.795554572379e-01  ,6.500644486431e-01  
  1.746980281124e-05  ,5.688498896249e-01  ,5.405336794577e-01  
  1.748006673107e-05  ,4.102615467260e-01  ,3.862026827335e-01  
  1.748498783955e-05  ,3.180316016072e-01  ,2.969396632312e-01  
  1.748644517311e-05  ,2.891585077411e-01  ,2.690487971806e-01  
  1.748856896111e-05  ,2.460131783105e-01  ,2.274039176883e-01  
  1.749126383612e-05  ,1.897154487147e-01  ,1.731170604907e-01  
  1.749665358612e-05  ,7.345599854928e-02  ,6.118053146707e-02  
  1.750083187172e-05  ,-1.829173221337e-02  ,-2.700847703352e-02  
  1.750580513427e-05  ,-1.269550721317e-01  ,-1.312622311562e-01  
  1.750890755603e-05  ,-1.933407251496e-01  ,-1.948512609874e-01  
  1.751245477745e-05  ,-2.669593382768e-01  ,-2.652595284646e-01  
  1.751870283434e-05  ,-3.880363136970e-01  ,-3.807620888281e-01  
  1.752371633002e-05  ,-4.746165332905e-01  ,-4.630334549743e-01  
  1.752916419455e-05  ,-5.553142414600e-01  ,-5.393369030781e-01  
  1.753201515922e-05  ,-5.912081086742e-01  ,-5.730798856343e-01  
  1.753320166418e-05  ,-6.047648224171e-01  ,-5.857759567747e-01  
  1.753494789401e-05  ,-6.231835171327e-01  ,-6.029748942763e-01  
  1.753844035366e-05  ,-6.543460222922e-01  ,-6.318782835565e-01  
  1.754542527297e-05  ,-6.927831032282e-01  ,-6.666188683776e-01  
  1.755262178877e-05  ,-6.976268912140e-01  ,-6.689811939334e-01  
  1.755995614031e-05  ,-6.660369839367e-01  ,-6.364279809751e-01  
  1.756995779970e-05  ,-5.668568823294e-01  ,-5.385832908993e-01  
  1.757892531851e-05  ,-4.303314522049e-01  ,-4.056636877225e-01  
  1.758377788165e-05  ,-3.414997673663e-01  ,-3.196246334646e-01  
  1.758656775156e-05  ,-2.867014683047e-01  ,-2.666727882897e-01  
  1.758761735210e-05  ,-2.654923247942e-01  ,-2.461980361737e-01  
  1.758934439668e-05  ,-2.299768760952e-01  ,-2.119327333026e-01  
  1.759279848585e-05  ,-1.570219822841e-01  ,-1.416151537805e-01  
  1.759970666417e-05  ,-6.450700411455e-03  ,3.241025512879e-03  
  1.760371060619e-05  ,8.141580514969e-02  ,8.760687620735e-02  
  1.760617414066e-05  ,1.349266598212e-01  ,1.389142038011e-01  
  1.760849872181e-05  ,1.846840221722e-01  ,1.865707413933e-01  
  1.761314788410e-05  ,2.809851800802e-01  ,2.786518172867e-01  
  1.761834689924e-05  ,3.814974903813e-01  ,3.745109616557e-01  
  1.762406000444e-05  ,4.801440448389e-01  ,4.682522921688e-01  
  1.762937152335e-05  ,5.580783091302e-01  ,5.418991038091e-01  
  1.763180823573e-05  ,5.887591921407e-01  ,5.707441434203e-01  
  1.763296493837e-05  ,6.021265593930e-01  ,5.832723201385e-01  
  1.763466441581e-05  ,6.203195712201e-01  ,6.002745989829e-01  
  1.763806337067e-05  ,6.513552661216e-01  ,6.290963369863e-01  
  1.764486128041e-05  ,6.908980550444e-01  ,6.649750966298e-01  
  1.765186035582e-05  ,6.988048120635e-01  ,6.703448125882e-01  
  1.765926250765e-05  ,6.705721671156e-01  ,6.409798312319e-01  
  1.766974994490e-05  ,5.695266192133e-01  ,5.411939267155e-01  
  1.767904081890e-05  ,4.283252987918e-01  ,4.037137021891e-01  
  1.768406251022e-05  ,3.360222884832e-01  ,3.143214987602e-01  
  1.768668436953e-05  ,2.843599570550e-01  ,2.644061944488e-01  
  1.768840172836e-05  ,2.494528021394e-01  ,2.307141924785e-01  
  1.769073301503e-05  ,2.009250167571e-01  ,1.839169495663e-01  
  1.769539558837e-05  ,1.009035523779e-01  ,8.758160316357e-02  
  1.769901321778e-05  ,2.169699880046e-02  ,1.140765935312e-02  
  1.770227582702e-05  ,-5.000542133142e-02  ,-5.745938376070e-02  
  1.770416454920e-05  ,-9.132216723881e-02  ,-9.710094857334e-02  
  1.770645336756e-05  ,-1.409467609119e-01  ,-1.446703457390e-01  
  1.770977893421e-05  ,-2.116831642478e-01  ,-2.123954536454e-01  
  1.771554493853e-05  ,-3.284239246383e-01  ,-3.239410578544e-01  
  1.772127667019e-05  ,-4.338262070556e-01  ,-4.242883390504e-01  
  1.772713953206e-05  ,-5.271019132647e-01  ,-5.126726030528e-01  
  1.773023860106e-05  ,-5.693801319129e-01  ,-5.525340743616e-01  
  1.773327955553e-05  ,-6.056255999153e-01  ,-5.865450010482e-01  
  1.773563691923e-05  ,-6.299381452044e-01  ,-6.092354549001e-01  
  1.773816452870e-05  ,-6.521667790760e-01  ,-6.298446474926e-01  
  1.774321974763e-05  ,-6.841796238347e-01  ,-6.590362142494e-01  
  1.775104285726e-05  ,-6.996243540766e-01  ,-6.713899532773e-01  
  1.775915504941e-05  ,-6.712463290208e-01  ,-6.416747126885e-01  
  1.776973040351e-05  ,-5.697763662894e-01  ,-5.414493983184e-01  
  1.777925075540e-05  ,-4.246644398860e-01  ,-4.001673946194e-01  
  1.778434844264e-05  ,-3.304926664934e-01  ,-3.089754103752e-01  
  1.778580931523e-05  ,-3.018344144663e-01  ,-2.812846189412e-01  
  1.778780346313e-05  ,-2.617008098846e-01  ,-2.425360565682e-01  
  1.779008445838e-05  ,-2.145447044266e-01  ,-1.970480113650e-01  
  1.779464644888e-05  ,-1.171764851313e-01  ,-1.032476799718e-01  
  1.779844028452e-05  ,-3.428621085743e-02  ,-2.351146111360e-02  
  1.780178932050e-05  ,3.932849281755e-02  ,4.720891735774e-02  
  1.780393098989e-05  ,8.622741375395e-02  ,9.221346891670e-02  
  1.780666237274e-05  ,1.454458173143e-01  ,1.489802373747e-01  
  1.780938257971e-05  ,2.033587774627e-01  ,2.044296588603e-01  
  1.781482299367e-05  ,3.143201466159e-01  ,3.104810348324e-01  
  1.782021423379e-05  ,4.152518079118e-01  ,4.066308037980e-01  
  1.782635202208e-05  ,5.155460594081e-01  ,5.017506741779e-01  
  1.783000094393e-05  ,5.663240971072e-01  ,5.496607835163e-01  
  1.783338984051e-05  ,6.068381559944e-01  ,5.876781374986e-01  
  1.783448451707e-05  ,6.184765436483e-01  ,5.985519775583e-01  
  1.783650064418e-05  ,6.379881231070e-01  ,6.167146045509e-01  
  1.784053289840e-05  ,6.692674833702e-01  ,6.455469601889e-01  
  1.784859740683e-05  ,6.993205445977e-01  ,6.718756830516e-01  
  1.785632961938e-05  ,6.862059610593e-01  ,6.568647533697e-01  
  1.786788248965e-05  ,5.924101941761e-01  ,5.636146733652e-01  
  1.787812405774e-05  ,4.440913165644e-01  ,4.190210405211e-01  
  1.788387143561e-05  ,3.397023775752e-01  ,3.178965647241e-01  
  1.788939976642e-05  ,2.288264753482e-01  ,2.108333217530e-01  
  1.789042627016e-05  ,2.073774006728e-01  ,1.901501967516e-01  
  1.789144699970e-05  ,1.858351062492e-01  ,1.693857856372e-01  
  1.789348845878e-05  ,1.421996286979e-01  ,1.273480948788e-01  
  1.789757137695e-05  ,5.335640788216e-02  ,4.185812886760e-02  
  1.790112865666e-05  ,-2.481525558707e-02  ,-3.326572822225e-02  
  1.790447620252e-05  ,-9.811272183023e-02  ,-1.036090862129e-01  
  1.790725452402e-05  ,-1.581578042084e-01  ,-1.611607287652e-01  
  1.791002614000e-05  ,-2.168585366822e-01  ,-2.173457321037e-01  
  1.791556937197e-05  ,-3.288983367114e-01  ,-3.243819822025e-01  
  1.792029825547e-05  ,-4.167378638273e-01  ,-4.080518092237e-01  
  1.792539147237e-05  ,-5.010245915014e-01  ,-4.880346606866e-01  
  1.792847601274e-05  ,-5.459713098745e-01  ,-5.305030346099e-01  
  1.793132138947e-05  ,-5.828994739904e-01  ,-5.652570182246e-01  
  1.793237490156e-05  ,-5.954060854067e-01  ,-5.769867226164e-01  
  1.793403451839e-05  ,-6.137800140386e-01  ,-5.941783749266e-01  
  1.793735375205e-05  ,-6.454780798289e-01  ,-6.236683157561e-01  
  1.794399221936e-05  ,-6.875689930438e-01  ,-6.620559776261e-01  
  1.795048614541e-05  ,-6.999183621194e-01  ,-6.718493048858e-01  
  1.795797248879e-05  ,-6.781584176866e-01  ,-6.486436217523e-01  
  1.796986510554e-05  ,-5.680504612035e-01  ,-5.397501849321e-01  
  1.797996213236e-05  ,-4.121230964586e-01  ,-3.880079646374e-01  
  1.798481693068e-05  ,-3.213751814245e-01  ,-3.001730871271e-01  
  1.798624297181e-05  ,-2.932021699439e-01  ,-2.729560060794e-01  
  1.798843828538e-05  ,-2.487014863918e-01  ,-2.299995059870e-01  
  1.799102028409e-05  ,-1.948653760558e-01  ,-1.780822463895e-01  
  1.799618428150e-05  ,-8.371120954232e-02  ,-7.103980789391e-02  
  1.800009583631e-05  ,2.107547381652e-03  ,1.146748983647e-02  
  1.800585439005e-05  ,1.280201473847e-01  ,1.322825356753e-01  
  1.800777850249e-05  ,1.693607908118e-01  ,1.718896543748e-01  
  1.801006583074e-05  ,2.176882708394e-01  ,2.181457616643e-01  
  1.801464048722e-05  ,3.107288446132e-01  ,3.070545987217e-01  
  1.801981640556e-05  ,4.081764831116e-01  ,3.999022009704e-01  
  1.802587670782e-05  ,5.084181784291e-01  ,4.950092772829e-01  
  1.802952786484e-05  ,5.601469718620e-01  ,5.438453852751e-01  
  1.803303485313e-05  ,6.029092177170e-01  ,5.840009008596e-01  
  1.803403937766e-05  ,6.138313859380e-01  ,5.942142837268e-01  
  1.803599701771e-05  ,6.333510096573e-01  ,6.124063730325e-01  
  1.803991229782e-05  ,6.651410428656e-01  ,6.417734831931e-01  
  1.804774285802e-05  ,6.982408472206e-01  ,6.711232831166e-01  
  1.805533947000e-05  ,6.901747072926e-01  ,6.610082576247e-01  
  1.806481213817e-05  ,6.255692634542e-01  ,5.962427376511e-01  
  1.807413281450e-05  ,5.082742167213e-01  ,4.814098435549e-01  
  1.808382005939e-05  ,3.406897989138e-01  ,3.188545382675e-01  
  1.808870540509e-05  ,2.432017799080e-01  ,2.246747842834e-01  
  1.808979356238e-05  ,2.206249233639e-01  ,2.028997849965e-01  
  1.809087259272e-05  ,1.979827846904e-01  ,1.810718710260e-01  
  1.809303065339e-05  ,1.520423296681e-01  ,1.368080564837e-01  
  1.809734677473e-05  ,5.827993011428e-02  ,4.657890118832e-02  
  1.810091038743e-05  ,-2.001773582003e-02  ,-2.866571480033e-02  
  1.810508047739e-05  ,-1.112517747955e-01  ,-1.162069741446e-01  
  1.810816166499e-05  ,-1.775241667613e-01  ,-1.797068539899e-01  
  1.811131475070e-05  ,-2.436173680723e-01  ,-2.429404501577e-01  
  1.811762092212e-05  ,-3.680137052974e-01  ,-3.616727941279e-01  
  1.812229318121e-05  ,-4.511455968801e-01  ,-4.407451621813e-01  
  1.812751007774e-05  ,-5.324280806835e-01  ,-5.177274157773e-01  
  1.813019489446e-05  ,-5.688204852637e-01  ,-5.520288505779e-01  
  1.813277465799e-05  ,-5.999817720739e-01  ,-5.812793195474e-01  
  1.813520876268e-05  ,-6.257753772243e-01  ,-6.053718687201e-01  
  1.813771625558e-05  ,-6.485206645450e-01  ,-6.264857809635e-01  
  1.814273124138e-05  ,-6.818281040941e-01  ,-6.569372416051e-01  
  1.814990615049e-05  ,-6.999969574936e-01  ,-6.721095949471e-01  
  1.815814947286e-05  ,-6.771832769588e-01  ,-6.476562532655e-01  
  1.816922252575e-05  ,-5.761916676890e-01  ,-5.477097218705e-01  
  1.817915414968e-05  ,-4.263513480831e-01  ,-4.018030593797e-01  
  1.818448280492e-05  ,-3.278850088379e-01  ,-3.064512596859e-01  
  1.818701749244e-05  ,-2.776504406268e-01  ,-2.579247327014e-01  
  1.818880358288e-05  ,-2.411760803723e-01  ,-2.227259291963e-01  
  1.819117361256e-05  ,-1.916245441923e-01  ,-1.749500184753e-01  
  1.819591367194e-05  ,-8.961642184340e-02  ,-7.671931104545e-02  
  1.819943816909e-05  ,-1.235466545966e-02  ,-2.429108743655e-03  
  1.820303121158e-05  ,6.655911997018e-02  ,7.334602719765e-02  
  1.820481096902e-05  ,1.053963901486e-01  ,1.105982310504e-01  
  1.820668180981e-05  ,1.458639050853e-01  ,1.493852395998e-01  
  1.821042349139e-05  ,2.251497391010e-01  ,2.252834712009e-01  
  1.821628933349e-05  ,3.427893068876e-01  ,3.376467462880e-01  
  1.822102045217e-05  ,4.293902344179e-01  ,4.200947907056e-01  
  1.822621350685e-05  ,5.134806634347e-01  ,4.998320519913e-01  
  1.822930475274e-05  ,5.571907151941e-01  ,5.410884882128e-01  
  1.823224437931e-05  ,5.938917318506e-01  ,5.755739187523e-01  
  1.823316471228e-05  ,6.043552000880e-01  ,5.853702775336e-01  
  1.823500537822e-05  ,6.237582529186e-01  ,6.034903675391e-01  
  1.823868671009e-05  ,6.562509054134e-01  ,6.336163133899e-01  
  1.824604937384e-05  ,6.946155406493e-01  ,6.681833780003e-01  
  1.825307825157e-05  ,6.967293240319e-01  ,6.679779089601e-01  
  1.826033437201e-05  ,6.634306010565e-01  ,6.338171754071e-01  
  1.827008569190e-05  ,5.652021855450e-01  ,5.369647716994e-01  
  1.827887290666e-05  ,4.312399387041e-01  ,4.065468230215e-01  
  1.828363084742e-05  ,3.443186704092e-01  ,3.223539996751e-01  
  1.828649373302e-05  ,2.881856533252e-01  ,2.681088207279e-01  
  1.828754128465e-05  ,2.670393902303e-01  ,2.476938828085e-01  
  1.828924802640e-05  ,2.319774715231e-01  ,2.138646116410e-01  
  1.829266150990e-05  ,1.599560139372e-01  ,1.444431273166e-01  
  1.829948847690e-05  ,1.124849628593e-02  ,1.370225341534e-03  
  1.830345665613e-05  ,-7.586652162193e-02  ,-8.228166894037e-02  
  1.830561657944e-05  ,-1.228750977866e-01  ,-1.273615503963e-01  
  1.830768895844e-05  ,-1.674494503366e-01  ,-1.700681392685e-01  
  1.831183371642e-05  ,-2.542837104068e-01  ,-2.531434686192e-01  
  1.831732330421e-05  ,-3.624302362439e-01  ,-3.563539388487e-01  
  1.832289931872e-05  ,-4.612551742756e-01  ,-4.503434417533e-01  
  1.832827789286e-05  ,-5.432340810200e-01  ,-5.279080533070e-01  
  1.833101598123e-05  ,-5.791538707116e-01  ,-5.617268412808e-01  
  1.833229301074e-05  ,-5.944571350351e-01  ,-5.760864905098e-01  
  1.833408431658e-05  ,-6.143057995100e-01  ,-5.946603209151e-01  
  1.833709397861e-05  ,-6.432462214383e-01  ,-6.215941665074e-01  
  1.834311330268e-05  ,-6.836809423975e-01  ,-6.585930084926e-01  
  1.834976890633e-05  ,-6.999815523097e-01  ,-6.721349588186e-01  
  1.835743555376e-05  ,-6.809883986953e-01  ,-6.515198593344e-01  
  1.836989739487e-05  ,-5.676352330632e-01  ,-5.393451006128e-01  
  1.838038036177e-05  ,-4.046533656817e-01  ,-3.807647300881e-01  
  1.838538044640e-05  ,-3.103162642790e-01  ,-2.894796849568e-01  
  1.838688527742e-05  ,-2.803170988287e-01  ,-2.605068914471e-01  
  1.838881646791e-05  ,-2.409100531025e-01  ,-2.224765952665e-01  
  1.839182612994e-05  ,-1.777837823424e-01  ,-1.616154092034e-01  
  1.839784545401e-05  ,-4.734476972719e-02  ,-3.605582819447e-02  
  1.840186578730e-05  ,4.100731430576e-02  ,4.883346436137e-02  
  1.840498348275e-05  ,1.091453494690e-01  ,1.142061141676e-01  
  1.840831426480e-05  ,1.807682488527e-01  ,1.828291496105e-01  
  1.841165994802e-05  ,2.507196219032e-01  ,2.497420173487e-01  
  1.841835131446e-05  ,3.815788954121e-01  ,3.746137381589e-01  
  1.842324858108e-05  ,4.670046929591e-01  ,4.558139906196e-01  
  1.842855935493e-05  ,5.471164535781e-01  ,5.316040396533e-01  
  1.843130340376e-05  ,5.826803764752e-01  ,5.650707886027e-01  
  1.843252716163e-05  ,5.971599941544e-01  ,5.786502762787e-01  
  1.843428270468e-05  ,6.163855067073e-01  ,5.966267996592e-01  
  1.843751104125e-05  ,6.468085531573e-01  ,6.249107008217e-01  
  1.844396771440e-05  ,6.874676815869e-01  ,6.619720321016e-01  
  1.845071645030e-05  ,6.998226947492e-01  ,6.716880014818e-01  
  1.845825494775e-05  ,6.765921772260e-01  ,6.470579939164e-01  
  1.846969903955e-05  ,5.701767619588e-01  ,5.418312957420e-01  
  1.847957850942e-05  ,4.189122153121e-01  ,3.945928272478e-01  
  1.848487810740e-05  ,3.201794088502e-01  ,2.990101082879e-01  
  1.848635350862e-05  ,2.909930882391e-01  ,2.708157945707e-01  
  1.848869932392e-05  ,2.433271764941e-01  ,2.248083626061e-01  
  1.849103731611e-05  ,1.945055999710e-01  ,1.777306361851e-01  
  1.849571330050e-05  ,9.398475601938e-02  ,8.092345481768e-02  
  1.849923146465e-05  ,1.689933296743e-02  ,6.796718643486e-03  
  1.850263004699e-05  ,-5.777196740402e-02  ,-6.491351805254e-02  
  1.850455006161e-05  ,-9.972066922285e-02  ,-1.051555922099e-01  
  1.850658705035e-05  ,-1.438251361920e-01  ,-1.474323718144e-01  
  1.851065506735e-05  ,-2.299657438362e-01  ,-2.298915318343e-01  
  1.851727341810e-05  ,-3.614912327641e-01  ,-3.554631391330e-01  
  1.852212747136e-05  ,-4.483531439584e-01  ,-4.380995121670e-01  
  1.852741738358e-05  ,-5.311024477304e-01  ,-5.164806846585e-01  
  1.853013908067e-05  ,-5.681042514744e-01  ,-5.513593038101e-01  
  1.853276168504e-05  ,-5.998347630221e-01  ,-5.811456253228e-01  
  1.853528780439e-05  ,-6.265524072428e-01  ,-6.060995042508e-01  
  1.853772079149e-05  ,-6.485582036342e-01  ,-6.265237691335e-01  
  1.854258676568e-05  ,-6.811018467438e-01  ,-6.562869648190e-01  
  1.854990994135e-05  ,-6.999971983208e-01  ,-6.721100868136e-01  
  1.855817412534e-05  ,-6.770457857412e-01  ,-6.475177131378e-01  
  1.856924568811e-05  ,-5.759022702997e-01  ,-5.474264302866e-01  
  1.857918029228e-05  ,-4.258952386128e-01  ,-4.013605617793e-01  
  1.858450671235e-05  ,-3.274204080895e-01  ,-3.060019023617e-01  
  1.858700824478e-05  ,-2.778371139735e-01  ,-2.581048000595e-01  
  1.858879023740e-05  ,-2.414515724468e-01  ,-2.229915872146e-01  
  1.859117703089e-05  ,-1.915522416895e-01  ,-1.748802592684e-01  
  1.859595061788e-05  ,-8.881056383754e-02  ,-7.594378929024e-02  
  1.859951050529e-05  ,-1.076412665767e-02  ,-9.004661660338e-04  
  1.860319034705e-05  ,7.004198941060e-02  ,7.668845229421e-02  
  1.860486561009e-05  ,1.065841555583e-01  ,1.117375766698e-01  
  1.860668932596e-05  ,1.460255613731e-01  ,1.495403565620e-01  
  1.861033675769e-05  ,2.233428874181e-01  ,2.235551098366e-01  
  1.861614150503e-05  ,3.399511727795e-01  ,3.349397792329e-01  
  1.862089199522e-05  ,4.271557354433e-01  ,4.179705622527e-01  
  1.862607834437e-05  ,5.114558868483e-01  ,4.979166177846e-01  
  1.862915841439e-05  ,5.552368433670e-01  ,5.392472328566e-01  
  1.863221538761e-05  ,5.935540062747e-01  ,5.752565726111e-01  
  1.863309148276e-05  ,6.035410241858e-01  ,5.846076975692e-01  
  1.863484367305e-05  ,6.221363188088e-01  ,6.019779699441e-01  
  1.863834805363e-05  ,6.536222382184e-01  ,6.311930080842e-01  
  1.864535681480e-05  ,6.925658796498e-01  ,6.664326442868e-01  
  1.865242890590e-05  ,6.979630590850e-01  ,6.693868657247e-01  
  1.865977294320e-05  ,6.672656071053e-01  ,6.376715394616e-01  
  1.866988040084e-05  ,5.678538424886e-01  ,5.395614625718e-01  
  1.867892093533e-05  ,4.304074732058e-01  ,4.057371307918e-01  
  1.868381522173e-05  ,3.407827303022e-01  ,3.189300664204e-01  
  1.868662111038e-05  ,2.856305801304e-01  ,2.656375569649e-01  
  1.868767853403e-05  ,2.642469014975e-01  ,2.449949036481e-01  
  1.868940073574e-05  ,2.288063298825e-01  ,2.108028102469e-01  
  1.869284513915e-05  ,1.560219996726e-01  ,1.406512838085e-01  
  1.869973394597e-05  ,5.850765671988e-03  ,-3.817675070369e-03  
  1.870373267257e-05  ,-8.189775727231e-02  ,-8.806929695972e-02  
  1.870619173670e-05  ,-1.353063397946e-01  ,-1.392781001123e-01  
  1.870852376842e-05  ,-1.852152527397e-01  ,-1.870792172721e-01  
  1.871318783188e-05  ,-2.817895741297e-01  ,-2.794197853198e-01  
  1.871838312173e-05  ,-3.821651215261e-01  ,-3.751464001636e-01  
  1.872410144234e-05  ,-4.808067456591e-01  ,-4.688802348656e-01  
  1.872941743159e-05  ,-5.586871513878e-01  ,-5.424725126886e-01  
  1.873180049980e-05  ,-5.886671550574e-01  ,-5.706576654031e-01  
  1.873294714415e-05  ,-6.019268987028e-01  ,-5.830852611142e-01  
  1.873464941555e-05  ,-6.201666529100e-01  ,-6.001318296814e-01  
  1.873805395836e-05  ,-6.512794236885e-01  ,-6.290262151476e-01  
  1.874486304396e-05  ,-6.909042877860e-01  ,-6.649805179434e-01  
  1.875183976763e-05  ,-6.988311121762e-01  ,-6.703765055372e-01  
  1.875924191946e-05  ,-6.707019235418e-01  ,-6.411103785100e-01  
  1.876974425787e-05  ,-5.695993239690e-01  ,-5.412650407173e-01  
  1.877904407257e-05  ,-4.282687032639e-01  ,-4.036586876384e-01  
  1.878407023424e-05  ,-3.358732687227e-01  ,-3.141772194719e-01  
  1.878668762320e-05  ,-2.842945734731e-01  ,-2.643428959301e-01  
  1.878840535456e-05  ,-2.493782916172e-01  ,-2.306421563234e-01  
  1.879073850387e-05  ,-2.008093871363e-01  ,-1.838053706477e-01  
  1.879540480250e-05  ,-1.007030350155e-01  ,-8.738855359853e-02  
  1.879901833409e-05  ,-2.158453896667e-02  ,-1.129952305075e-02  
  1.880228280598e-05  ,5.015850334493e-02  ,5.760634342943e-02  
  1.880417152816e-05  ,9.147432869335e-02  ,9.724691153882e-02  
  1.880645438606e-05  ,1.409686999668e-01  ,1.446913925213e-01  
  1.880979261869e-05  ,2.119699921525e-01  ,2.126698965430e-01  
  1.881556383842e-05  ,3.287909115076e-01  ,3.242911907022e-01  
  1.882130078548e-05  ,4.342422789254e-01  ,4.246836879602e-01  
  1.882715917701e-05  ,5.273860861939e-01  ,5.129410594253e-01  
  1.883025191301e-05  ,5.695503732734e-01  ,5.526942103017e-01  
  1.883328541690e-05  ,6.056902272990e-01  ,5.866053755707e-01  
  1.883565842682e-05  ,6.301442533960e-01  ,6.094271667962e-01  
  1.883818789893e-05  ,6.523533241790e-01  ,6.300167777836e-01  
  1.884324684316e-05  ,6.843053415825e-01  ,6.591484024763e-01  
  1.885106101209e-05  ,6.996111624097e-01  ,6.713714846651e-01  
  1.885918214494e-05  ,6.710770604964e-01  ,6.415042119723e-01  
  1.886974557811e-05  ,5.695824471894e-01  ,5.412595887455e-01  
  1.887925847942e-05  ,4.245293956885e-01  ,4.000364498914e-01  
  1.888435020620e-05  ,3.304584781014e-01  ,3.089424382643e-01  
  1.888580027544e-05  ,3.020137674236e-01  ,2.814579472145e-01  
  1.888780895197e-05  ,2.615888529301e-01  ,2.424280840813e-01  
  1.889009255493e-05  ,2.143752142516e-01  ,1.968846445507e-01  
  1.889465976083e-05  ,1.168878604296e-01  ,1.029698915671e-01  
  1.889844614589e-05  ,3.415746669027e-02  ,2.338774923640e-02  
  1.890179257417e-05  ,-3.939993150123e-02  ,-4.727741871728e-02  
  1.890392977321e-05  ,-8.620086127734e-02  ,-9.218791994149e-02  
  1.890665594065e-05  ,-1.453074524155e-01  ,-1.488476066706e-01  
  1.890937465751e-05  ,-2.031920666676e-01  ,-2.042700836541e-01  
  1.891481209123e-05  ,-3.141059011051e-01  ,-3.102765469878e-01  
  1.892020035112e-05  ,-4.150059922805e-01  ,-4.063970385570e-01  
  1.892634559000e-05  ,-5.154503666268e-01  ,-5.016602111423e-01  
  1.892999674702e-05  ,-5.662698448084e-01  ,-5.496097634921e-01  
  1.893339048648e-05  ,-6.068452367788e-01  ,-5.876847855488e-01  
  1.893448032016e-05  ,-6.184333110595e-01  ,-5.985116545254e-01  
  1.893649942750e-05  ,-6.379771125796e-01  ,-6.167044009827e-01  
  1.894053764218e-05  ,-6.692980475295e-01  ,-6.455748757990e-01  
  1.894861407155e-05  ,-6.993365918534e-01  ,-6.718858406473e-01  
  1.895634032363e-05  ,-6.861594208963e-01  ,-6.568168441646e-01  
  1.896792001599e-05  ,-5.919701682811e-01  ,-5.631829398392e-01  
  1.897816605443e-05  ,-4.433770296186e-01  ,-4.183276143641e-01  
  1.898390449160e-05  ,-3.390665924913e-01  ,-3.172815039998e-01  
  1.898940823549e-05  ,-2.286504547221e-01  ,-2.106633741032e-01  
  1.899038128132e-05  ,-2.083221366835e-01  ,-1.910608998525e-01  
  1.899134967053e-05  ,-1.878978106688e-01  ,-1.713735889474e-01  
  1.899328644896e-05  ,-1.465465359290e-01  ,-1.315343947915e-01  
  1.899716000581e-05  ,-6.237190647489e-02  ,-5.052799279666e-02  
  1.900054592216e-05  ,1.200486678485e-02  ,2.096200001643e-02  
  1.900465864265e-05  ,1.020835523709e-01  ,1.074157808636e-01  
  1.900734755719e-05  ,1.601501274989e-01  ,1.630686266982e-01  
  1.901007484221e-05  ,2.178766085312e-01  ,2.183193230907e-01  
  1.901552941227e-05  ,3.281223581539e-01  ,3.236413124292e-01  
  1.902022029781e-05  ,4.153591567894e-01  ,4.067400778255e-01  
  1.902528296733e-05  ,4.993552984753e-01  ,4.864536360502e-01  
  1.902837086046e-05  ,5.445211506554e-01  ,5.291344961744e-01  
  1.903111341918e-05  ,5.803546822050e-01  ,5.628659560864e-01  
  1.903217494065e-05  ,5.930820151908e-01  ,5.748074490338e-01  
  1.903381146067e-05  ,6.114064820386e-01  ,5.919601399093e-01  
  1.903705469841e-05  ,6.429050108058e-01  ,6.212847099727e-01  
  1.904354117388e-05  ,6.856390098863e-01  ,6.603441345730e-01  
  1.904986373657e-05  ,6.999935860472e-01  ,6.721185476413e-01  
  1.905740223402e-05  ,6.811576372958e-01  ,6.516931245882e-01  
  1.907013080591e-05  ,5.646163124398e-01  ,5.363915923323e-01  
  1.908070019954e-05  ,3.988937386263e-01  ,3.751810497173e-01  
  1.908572859639e-05  ,3.034350444250e-01  ,2.828274022190e-01  
  1.908725671047e-05  ,2.728134853580e-01  ,2.532586021650e-01  
  1.908903162503e-05  ,2.364620721624e-01  ,2.181821449098e-01  
  1.909233856523e-05  ,1.668616837834e-01  ,1.510921738216e-01  
  1.909895244563e-05  ,2.303276570059e-02  ,1.269399466698e-02  
  1.910287666643e-05  ,-6.317512170041e-02  ,-7.010331903719e-02  
  1.910532492721e-05  ,-1.165558471192e-01  ,-1.213034308673e-01  
  1.910767446780e-05  ,-1.671400191299e-01  ,-1.697671927799e-01  
  1.911237354898e-05  ,-2.653071686334e-01  ,-2.636706754481e-01  
  1.911793168211e-05  ,-3.738093846832e-01  ,-3.671892576038e-01  
  1.912368800068e-05  ,-4.741584192255e-01  ,-4.625802086626e-01  
  1.912915747190e-05  ,-5.552242212923e-01  ,-5.392091296440e-01  
  1.913164075041e-05  ,-5.867587978187e-01  ,-5.688658046341e-01  
  1.913283880377e-05  ,-6.007072047364e-01  ,-5.819422067351e-01  
  1.913454126143e-05  ,-6.190600143146e-01  ,-5.990985521808e-01  
  1.913794617677e-05  ,-6.504068848980e-01  ,-6.282197242511e-01  
  1.914475600743e-05  ,-6.905221585078e-01  ,-6.646471565834e-01  
  1.915164853954e-05  ,-6.990614239851e-01  ,-6.706576172538e-01  
  1.915905665183e-05  ,-6.718569375734e-01  ,-6.422732339782e-01  
  1.916972141290e-05  ,-5.698911980103e-01  ,-5.415505537474e-01  
  1.917911659503e-05  ,-4.270060601075e-01  ,-4.024327016298e-01  
  1.918419044042e-05  ,-3.335515828797e-01  ,-3.119301709884e-01  
  1.918671097183e-05  ,-2.838252876821e-01  ,-2.638878430630e-01  
  1.918846744621e-05  ,-2.481019410941e-01  ,-2.294090089800e-01  
  1.919081884944e-05  ,-1.991161214259e-01  ,-1.821718038228e-01  
  1.919552165592e-05  ,-9.815935219341e-02  ,-8.493978818698e-02  
  1.919908415103e-05  ,-2.013779202812e-02  ,-9.908531022719e-03  
  1.920237432742e-05  ,5.216578128340e-02  ,5.953320699657e-02  
  1.920426491225e-05  ,9.350994545761e-02  ,9.919947827968e-02  
  1.920647475445e-05  ,1.414074186293e-01  ,1.451164613448e-01  
  1.920999031091e-05  ,2.161092403653e-01  ,2.166387134482e-01  
  1.921582635069e-05  ,3.338761761795e-01  ,3.291494604536e-01  
  1.922164078379e-05  ,4.400817811300e-01  ,4.302354366613e-01  
  1.922744627619e-05  ,5.315161288335e-01  ,5.168442235726e-01  
  1.923045407557e-05  ,5.721234907948e-01  ,5.551159112164e-01  
  1.923297237182e-05  ,6.022099108980e-01  ,5.833516790535e-01  
  1.923447217369e-05  ,6.183493632542e-01  ,5.984382413423e-01  
  1.923640150154e-05  ,6.370878616631e-01  ,6.158834549850e-01  
  1.924026015723e-05  ,6.674852409049e-01  ,6.439221071948e-01  
  1.924797746861e-05  ,6.985874227364e-01  ,6.713695134552e-01  
  1.925582591021e-05  ,6.883081652518e-01  ,6.590366875627e-01  
  1.926619115794e-05  ,6.113784391657e-01  ,5.822406850911e-01  
  1.927596482956e-05  ,4.797464937779e-01  ,4.536456378840e-01  
  1.928529444659e-05  ,3.120103736138e-01  ,2.911203617765e-01  
  1.928920823658e-05  ,2.328028678458e-01  ,2.146349292490e-01  
  1.929001988420e-05  ,2.158959793417e-01  ,1.983316062403e-01  
  1.929096741179e-05  ,1.959818683895e-01  ,1.791356195386e-01  
  1.929286246696e-05  ,1.556505039491e-01  ,1.402777444616e-01  
  1.929665257731e-05  ,7.347806088646e-02  ,6.119173393216e-02  
  1.929994312623e-05  ,1.250718829911e-03  ,-8.238169668835e-03  
  1.930464891294e-05  ,-1.018718675370e-01  ,-1.072146754763e-01  
  1.930621334860e-05  ,-1.357726158021e-01  ,-1.397119550924e-01  
  1.930789550343e-05  ,-1.718561832747e-01  ,-1.742759947595e-01  
  1.931125981310e-05  ,-2.424843913866e-01  ,-2.418575057633e-01  
  1.931640518406e-05  ,-3.450083384509e-01  ,-3.397450237413e-01  
  1.932069820860e-05  ,-4.237716802083e-01  ,-4.147347610270e-01  
  1.932564241388e-05  ,-5.048628608877e-01  ,-4.916613314900e-01  
  1.932860588232e-05  ,-5.477541211953e-01  ,-5.321787911334e-01  
  1.933195082048e-05  ,-5.904493383621e-01  ,-5.723325035625e-01  
  1.933297657916e-05  ,-6.022570734456e-01  ,-5.833943132205e-01  
  1.933472783813e-05  ,-6.209645996233e-01  ,-6.008755882964e-01  
  1.933823035607e-05  ,-6.526913242691e-01  ,-6.303269970262e-01  
  1.934523539194e-05  ,-6.921727155180e-01  ,-6.660899626601e-01  
  1.935226128945e-05  ,-6.982343791606e-01  ,-6.696981755042e-01  
  1.935958222994e-05  ,-6.685211562528e-01  ,-6.389313199347e-01  
  1.936983720908e-05  ,-5.684087282113e-01  ,-5.401038054889e-01  
  1.937896268019e-05  ,-4.296831270719e-01  ,-4.050332727622e-01  
  1.938390167007e-05  ,-3.391208749946e-01  ,-3.173211340887e-01  
  1.938663603315e-05  ,-2.853309429711e-01  ,-2.653466773791e-01  
  1.938835655847e-05  ,-2.503806741059e-01  ,-2.316119744390e-01  
  1.939063941637e-05  ,-2.028958720959e-01  ,-1.858188502346e-01  
  1.939520513216e-05  ,-1.050463297875e-01  ,-9.157010193566e-02  
  1.939891254106e-05  ,-2.390981940545e-02  ,-1.353543489365e-02  
  1.940215391615e-05  ,4.733095047824e-02  ,5.489176052956e-02  
  1.940404822627e-05  ,8.878535064174e-02  ,9.466736336763e-02  
  1.940644843081e-05  ,1.408404178462e-01  ,1.445679905508e-01  
  1.940955793062e-05  ,2.070455289891e-01  ,2.079577842849e-01  
  1.941577693024e-05  ,3.329205511045e-01  ,3.282322334738e-01  
  1.942145874301e-05  ,4.369614163241e-01  ,4.272679385998e-01  
  1.942741846243e-05  ,5.311179023655e-01  ,5.164666352544e-01  
  1.943047804335e-05  ,5.724270235313e-01  ,5.554006067517e-01  
  1.943305557171e-05  ,6.031405925593e-01  ,5.842229199209e-01  
  1.943455034444e-05  ,6.191532271550e-01  ,5.991884328532e-01  
  1.943649233827e-05  ,6.379129390092e-01  ,6.166495734366e-01  
  1.944037632594e-05  ,6.682503507195e-01  ,6.446214149999e-01  
  1.944814430127e-05  ,6.988107867871e-01  ,6.715310451210e-01  
  1.945602403530e-05  ,6.875018364879e-01  ,6.582022647716e-01  
  1.946679012427e-05  ,6.048557391620e-01  ,5.758259442365e-01  
  1.947689311156e-05  ,4.646789032526e-01  ,4.390070779153e-01  
  1.948327304372e-05  ,3.511475807303e-01  ,3.289635747193e-01  
  1.948717938313e-05  ,2.743787319912e-01  ,2.547774535229e-01  
  1.948836719194e-05  ,2.501622885623e-01  ,2.314056620922e-01  
  1.948960659602e-05  ,2.245231415337e-01  ,2.066740227800e-01  
  1.949208540419e-05  ,1.722631655346e-01  ,1.563000837793e-01  
  1.949704302052e-05  ,6.493388756671e-02  ,5.298551623169e-02  
  1.950098214248e-05  ,-2.159501427727e-02  ,-3.017762680765e-02  
  1.950548303822e-05  ,-1.199828983883e-01  ,-1.245760148753e-01  
  1.950866108337e-05  ,-1.881256114521e-01  ,-1.898563341933e-01  
  1.951205892065e-05  ,-2.588914866184e-01  ,-2.575405071856e-01  
  1.951871899465e-05  ,-3.883320467098e-01  ,-3.810361448823e-01  
  1.952380774119e-05  ,-4.760921787823e-01  ,-4.644281385510e-01  
  1.952928391793e-05  ,-5.569132522945e-01  ,-5.408413163704e-01  
  1.953217697838e-05  ,-5.931058171970e-01  ,-5.748582562695e-01  
  1.953336087564e-05  ,-6.065203991160e-01  ,-5.874171216262e-01  
  1.953511362472e-05  ,-6.248349942094e-01  ,-6.045127907044e-01  
  1.953861912289e-05  ,-6.557322141393e-01  ,-6.331550150779e-01  
  1.954563011923e-05  ,-6.934139538968e-01  ,-6.671591026148e-01  
  1.955295702019e-05  ,-6.969816887702e-01  ,-6.682565301815e-01  
  1.956026752988e-05  ,-6.638980330179e-01  ,-6.342848192402e-01  
  1.957009931603e-05  ,-5.650253753642e-01  ,-5.367874328255e-01  
  1.957894613543e-05  ,-4.299702959921e-01  ,-4.053118373300e-01  
  1.958372717300e-05  ,-3.424727670204e-01  ,-3.205656733039e-01  
  1.958645259538e-05  ,-2.890098527195e-01  ,-2.689024525455e-01  
  1.958813642660e-05  ,-2.548953340590e-01  ,-2.359712992477e-01  
  1.959042412737e-05  ,-2.074224071977e-01  ,-1.901851239145e-01  
  1.959499952891e-05  ,-1.095143576789e-01  ,-9.587177952231e-02  
  1.959860523739e-05  ,-3.066261746822e-02  ,-2.002725821169e-02  
  1.960187790492e-05  ,4.127333415217e-02  ,4.907643791768e-02  
  1.960389254192e-05  ,8.538827526533e-02  ,9.140869162852e-02  
  1.960648422638e-05  ,1.416114164144e-01  ,1.453064267036e-01  
  1.960922641256e-05  ,2.000701652964e-01  ,2.012827785484e-01  
  1.961471078494e-05  ,3.121133560850e-01  ,3.083757100989e-01  
  1.962007594803e-05  ,4.127997117222e-01  ,4.042994225873e-01  
  1.962632027963e-05  ,5.150736096019e-01  ,5.013045925130e-01  
  1.963000086644e-05  ,5.663230955564e-01  ,5.496606385014e-01  
  1.963343856433e-05  ,6.073715430609e-01  ,5.881776758760e-01  
  1.963451256552e-05  ,6.187651960383e-01  ,5.988219019786e-01  
  1.963655365208e-05  ,6.384669209399e-01  ,6.171594914484e-01  
  1.964063582519e-05  ,6.699273009495e-01  ,6.461493899746e-01  
  1.964880017141e-05  ,6.995027729074e-01  ,6.719866279543e-01  
  1.965651599267e-05  ,6.853845611975e-01  ,6.560198863714e-01  
  1.966852483848e-05  ,5.847650839715e-01  ,5.561172719034e-01  
  1.967891839841e-05  ,4.304514693935e-01  ,4.057827543117e-01  
  1.968457934955e-05  ,3.260076936932e-01  ,3.046502203782e-01  
  1.968751115301e-05  ,2.676517885433e-01  ,2.482823729263e-01  
  1.968943601051e-05  ,2.280730672566e-01  ,2.100948150723e-01  
  1.969158289531e-05  ,1.829521580724e-01  ,1.665984714333e-01  
  1.969587666491e-05  ,9.042349140496e-02  ,7.750195992749e-02  
  1.969924805263e-05  ,1.653464843890e-02  ,6.451743229964e-03  
  1.970262875357e-05  ,-5.774362058457e-02  ,-6.488044875472e-02  
  1.970452902415e-05  ,-9.926272810328e-02  ,-1.047112623462e-01  
  1.970653993586e-05  ,-1.428109829057e-01  ,-1.464559657649e-01  
  1.971056175926e-05  ,-2.280266977297e-01  ,-2.280332180328e-01  
  1.971724865535e-05  ,-3.610247949802e-01  ,-3.550170215751e-01  
  1.972214368680e-05  ,-4.486269354221e-01  ,-4.383589672830e-01  
  1.972744924524e-05  ,-5.315586146431e-01  ,-5.169115833042e-01  
  1.973017839292e-05  ,-5.686089101851e-01  ,-5.518343118587e-01  
  1.973280658522e-05  ,-6.003431458763e-01  ,-5.816219128870e-01  
  1.973530401984e-05  ,-6.267113378625e-01  ,-6.062475476219e-01  
  1.973777165213e-05  ,-6.489782229318e-01  ,-6.269120494078e-01  
  1.974270691672e-05  ,-6.817068107208e-01  ,-6.568303901146e-01  
  1.975000848570e-05  ,-6.999999751261e-01  ,-6.720813713177e-01  
  1.975826223889e-05  ,-6.765510418197e-01  ,-6.470165164755e-01  
  1.976927270690e-05  ,-5.755643043478e-01  ,-5.470953689310e-01  
  1.977916111746e-05  ,-4.262298093834e-01  ,-4.016852733624e-01  
  1.978446444073e-05  ,-3.282417605588e-01  ,-3.067966686319e-01  
  1.978698646227e-05  ,-2.782767233321e-01  ,-2.585299100981e-01  
  1.978876472959e-05  ,-2.419780145392e-01  ,-2.235000544376e-01  
  1.979114295492e-05  ,-1.922728985256e-01  ,-1.755753161142e-01  
  1.979589940557e-05  ,-8.992756505968e-02  ,-7.701886196337e-02  
  1.979943284342e-05  ,-1.247176475346e-02  ,-2.541699780200e-03  
  1.980301955292e-05  ,6.630388963837e-02  ,7.310113241353e-02  
  1.980500587770e-05  ,1.096317897356e-01  ,1.146594831783e-01  
  1.980679457584e-05  ,1.482884028253e-01  ,1.517083446541e-01  
  1.981037197211e-05  ,2.240766812143e-01  ,2.242568045130e-01  
  1.981614319184e-05  ,3.399835990646e-01  ,3.349700132728e-01  
  1.982087654570e-05  ,4.268865227658e-01  ,4.177139175172e-01  
  1.982603756288e-05  ,5.108431544539e-01  ,4.973362539773e-01  
  1.982910794714e-05  ,5.545602941118e-01  ,5.386090228310e-01  
  1.983219099739e-05  ,5.932695021490e-01  ,5.749891683318e-01  
  1.983305899003e-05  ,6.031787421910e-01  ,5.842680225345e-01  
  1.983479497531e-05  ,6.216447234502e-01  ,6.015191056608e-01  
  1.983826694587e-05  ,6.529816831233e-01  ,6.306017264819e-01  
  1.984521088699e-05  ,6.920921474429e-01  ,6.660234415757e-01  
  1.985227627257e-05  ,6.982109139334e-01  ,6.696723657310e-01  
  1.985963819125e-05  ,6.681552241106e-01  ,6.385644631466e-01  
  1.986983952621e-05  ,5.683789865294e-01  ,5.400751066188e-01  
  1.987894264558e-05  ,4.300308548430e-01  ,4.053710350560e-01  
  1.988386971453e-05  ,3.397354701579e-01  ,3.179160897377e-01  
  1.988664021292e-05  ,2.852470051959e-01  ,2.652661126615e-01  
  1.988836613992e-05  ,2.501838957758e-01  ,2.314225058309e-01  
  1.989063446918e-05  ,2.029999935834e-01  ,1.859195396074e-01  
  1.989517112771e-05  ,1.057855985273e-01  ,9.228188434153e-02  
  1.989889455536e-05  ,2.430511100645e-02  ,1.391557550360e-02  
  1.990213555792e-05  ,-4.692814798521e-02  ,-5.450499113481e-02  
  1.990403247574e-05  ,-8.844176501378e-02  ,-9.433770656547e-02  
  1.990645130673e-05  ,-1.409023687921e-01  ,-1.446272545088e-01  
  1.990953063169e-05  ,-2.064719793524e-01  ,-2.074089031195e-01  
  1.991568928161e-05  ,-3.312237493306e-01  ,-3.266133273595e-01  
  1.992135991850e-05  ,-4.352614718266e-01  ,-4.256527050948e-01  
  1.992732261816e-05  ,-5.297425375303e-01  ,-5.151675774516e-01  
  1.993040641347e-05  ,-5.715189244546e-01  ,-5.545465370124e-01  
  1.993305770257e-05  ,-6.031643745326e-01  ,-5.842456011274e-01  
  1.993451932022e-05  ,-6.188346382249e-01  ,-5.988915583754e-01  
  1.993645162830e-05  ,-6.375438090545e-01  ,-6.163072365723e-01  
  1.994031624445e-05  ,-6.678557529486e-01  ,-6.442641965932e-01  
  1.994804547676e-05  ,-6.986807928166e-01  ,-6.714392896519e-01  
  1.995592670092e-05  ,-6.879012979166e-01  ,-6.586161634100e-01  
  1.996645437130e-05  ,-6.085385920526e-01  ,-5.794472906292e-01  
  1.997635768303e-05  ,-4.734188764933e-01  ,-4.475010137088e-01  
  1.998458461413e-05  ,-3.259052372758e-01  ,-3.045256006015e-01  
  1.998909147033e-05  ,-2.352229506766e-01  ,-2.169616015963e-01  
  1.999001105824e-05  ,-2.160806018345e-01  ,-1.985025054235e-01  
  1.999096529135e-05  ,-1.960266338806e-01  ,-1.791721749657e-01  
  1.999287375757e-05  ,-1.554084166817e-01  ,-1.400389462704e-01  
  1.999669069001e-05  ,-7.264449665702e-02  ,-6.038603989629e-02  
  2.000000000000e-05  ,2.750141413220e-15  ,9.438155016425e-03  
