  Time                 , V(D2:2)              , V(D4:1)              
  0.000000000000e+00  ,0.000000000000e+00  ,1.176793038016e-15  
  2.500000000000e-10  ,1.570780177742e-02  ,1.567551770274e-02  
  3.859498128295e-10  ,2.424934775327e-02  ,2.419636351247e-02  
  6.578494384885e-10  ,4.133095688346e-02  ,4.122598289636e-02  
  1.201648689806e-09  ,7.548388187069e-02  ,7.522587890751e-02  
  2.041422255337e-09  ,1.281784333457e-01  ,1.275629289696e-01  
  2.837982453406e-09  ,1.780795482092e-01  ,1.769966369189e-01  
  3.591515548527e-09  ,2.251830736976e-01  ,2.235485806881e-01  
  3.992403350770e-09  ,2.501929121904e-01  ,2.482250444742e-01  
  4.108178388327e-09  ,2.574084583967e-01  ,2.553392441824e-01  
  4.289064515382e-09  ,2.686751262007e-01  ,2.664431773199e-01  
  4.466434899718e-09  ,2.797143898225e-01  ,2.773177421524e-01  
  4.815401468426e-09  ,3.014078640974e-01  ,2.986728092981e-01  
  5.513334605843e-09  ,3.446835323851e-01  ,3.412167736406e-01  
  6.909200880677e-09  ,4.307170351201e-01  ,4.255843357871e-01  
  9.700933430344e-09  ,6.001357592196e-01  ,5.909804483178e-01  
  1.486940119043e-08  ,9.006619873456e-01  ,8.822430792988e-01  
  2.408725950494e-08  ,1.373085761613e+00  ,1.334894968523e+00  
  4.061264726892e-08  ,1.913655224358e+00  ,1.836147250777e+00  
  6.083948347345e-08  ,1.885153955780e+00  ,1.773335389980e+00  
  8.334619734064e-08  ,9.992999365085e-01  ,9.268906645881e-01  
  8.647134337202e-08  ,8.246694097524e-01  ,7.607875420263e-01  
  9.272163543478e-08  ,4.533385242607e-01  ,4.064429621348e-01  
  9.428420845047e-08  ,3.572068831240e-01  ,3.145290667477e-01  
  9.672092083469e-08  ,2.056664088497e-01  ,1.695096852025e-01  
  9.831627640501e-08  ,1.057421470683e-01  ,7.382407225662e-02  
  9.915465298668e-08  ,5.310847597965e-02  ,2.340955794827e-02  
  9.950012709573e-08  ,3.140664994838e-02  ,2.620661292177e-03  
  9.994278471544e-08  ,3.594940416876e-03  ,-2.402271263368e-02  
  1.004340573736e-07  ,-2.727178390768e-02  ,-5.359459466316e-02  
  1.007356661893e-07  ,-4.621915501991e-02  ,-7.174799305371e-02  
  1.010138522424e-07  ,-6.369144476697e-02  ,-8.848860198423e-02  
  1.010839459077e-07  ,-6.809316788233e-02  ,-9.270605707175e-02  
  1.011766939946e-07  ,-7.391702622288e-02  ,-9.828614868254e-02  
  1.013406533338e-07  ,-8.421083099838e-02  ,-1.081489443308e-01  
  1.015125754811e-07  ,-9.500215767125e-02  ,-1.184888123531e-01  
  1.018564197756e-07  ,-1.165761821611e-01  ,-1.391605649946e-01  
  1.025441083647e-07  ,-1.596809068750e-01  ,-1.804633517675e-01  
  1.031937058605e-07  ,-2.003299500679e-01  ,-2.194132462826e-01  
  1.037050950862e-07  ,-2.322726600481e-01  ,-2.500201612811e-01  
  1.039911042489e-07  ,-2.501119282031e-01  ,-2.671129906091e-01  
  1.040719896145e-07  ,-2.551533960096e-01  ,-2.719434373793e-01  
  1.042163911797e-07  ,-2.641496192800e-01  ,-2.805630221385e-01  
  1.043797684424e-07  ,-2.743214648374e-01  ,-2.903088737174e-01  
  1.046616797857e-07  ,-2.918560799215e-01  ,-3.071087679406e-01  
  1.052201008014e-07  ,-3.265204207930e-01  ,-3.403189591448e-01  
  1.063369428329e-07  ,-3.955369954328e-01  ,-4.064317620668e-01  
  1.085706268959e-07  ,-5.320251354221e-01  ,-5.371273730684e-01  
  1.127951060943e-07  ,-7.824643594237e-01  ,-7.766420152920e-01  
  1.201488291435e-07  ,-1.183122915820e+00  ,-1.158240115082e+00  
  1.337670003586e-07  ,-1.745513692882e+00  ,-1.684752596507e+00  
  1.539163505249e-07  ,-1.984881283204e+00  ,-1.879840570443e+00  
  1.765154515915e-07  ,-1.345306796040e+00  ,-1.255536777469e+00  
  1.949660693817e-07  ,-3.149744280363e-01  ,-2.729044644365e-01  
  1.953567126356e-07  ,-2.907127721297e-01  ,-2.497288512537e-01  
  1.961379991435e-07  ,-2.420617678708e-01  ,-2.032595355129e-01  
  1.969481566511e-07  ,-1.914593327265e-01  ,-1.549119977313e-01  
  1.977662304007e-07  ,-1.402367140086e-01  ,-1.059511340217e-01  
  1.981704243980e-07  ,-1.148923393980e-01  ,-8.171796285646e-02  
  1.983052333407e-07  ,-1.064350264199e-01  ,-7.363048406722e-02  
  1.984492158107e-07  ,-9.740010262094e-02  ,-6.499018171970e-02  
  1.986642814763e-07  ,-8.390104169660e-02  ,-5.207985228549e-02  
  1.990944128074e-07  ,-5.689204602036e-02  ,-2.624574328458e-02  
  1.996220070459e-07  ,-2.374943957176e-02  ,5.460427040809e-03  
  2.001658062972e-07  ,1.041786979293e-02  ,3.815226074524e-02  
  2.007677200772e-07  ,4.823259855251e-02  ,7.433959032647e-02  
  2.009892817177e-07  ,6.214839737478e-02  ,8.765780287890e-02  
  2.010557897910e-07  ,6.632506613385e-02  ,9.165523475956e-02  
  2.011684565395e-07  ,7.339980279528e-02  ,9.842649187452e-02  
  2.013143482208e-07  ,8.255946918226e-02  ,1.071934681714e-01  
  2.015534652919e-07  ,9.756836103524e-02  ,1.215594203400e-01  
  2.019693473876e-07  ,1.236588211295e-01  ,1.465336221255e-01  
  2.025207834840e-07  ,1.582199971809e-01  ,1.796184301582e-01  
  2.030883314610e-07  ,1.937412929948e-01  ,2.136243887853e-01  
  2.036261702478e-07  ,2.273465133588e-01  ,2.457971562290e-01  
  2.038922491074e-07  ,2.439482404834e-01  ,2.616914641156e-01  
  2.039828551523e-07  ,2.495976826496e-01  ,2.671001900853e-01  
  2.041404116489e-07  ,2.594167574015e-01  ,2.765008919711e-01  
  2.042949879132e-07  ,2.690439260490e-01  ,2.857178585623e-01  
  2.046041404419e-07  ,2.882790025123e-01  ,3.041332890828e-01  
  2.051702914350e-07  ,3.234323973977e-01  ,3.377881573958e-01  
  2.063025934212e-07  ,3.934211562239e-01  ,4.047888141976e-01  
  2.085671973936e-07  ,5.318174142637e-01  ,5.372389153877e-01  
  2.126620364897e-07  ,7.747629738816e-01  ,7.694984964565e-01  
  2.199881923907e-07  ,1.174970218884e+00  ,1.150620466801e+00  
  2.333962572329e-07  ,1.734024234644e+00  ,1.674280397511e+00  
  2.537125004046e-07  ,1.986412473563e+00  ,1.881652764098e+00  
  2.763116014712e-07  ,1.354756729887e+00  ,1.264500131407e+00  
  2.947443378679e-07  ,3.287246222321e-01  ,2.860757628468e-01  
  2.951349811219e-07  ,3.044894447054e-01  ,2.629280604382e-01  
  2.959162676297e-07  ,2.558851688004e-01  ,2.165061403501e-01  
  2.968969503008e-07  ,1.946616972032e-01  ,1.580106743389e-01  
  2.978047104143e-07  ,1.378247924731e-01  ,1.036800601384e-01  
  2.982794055305e-07  ,1.080555007673e-01  ,7.521332807246e-02  
  2.983819092214e-07  ,1.016238615388e-01  ,6.906234101655e-02  
  2.985078473166e-07  ,9.372038447982e-02  ,6.150341892217e-02  
  2.987597235069e-07  ,7.790915292648e-02  ,4.638045587714e-02  
  2.992526725456e-07  ,4.695165511792e-02  ,1.676667604183e-02  
  2.997578219101e-07  ,1.521635136097e-02  ,-1.359615972486e-02  
  3.002664171681e-07  ,-1.673928892065e-02  ,-4.417431327034e-02  
  3.006760128364e-07  ,-4.247194632523e-02  ,-6.880069770868e-02  
  3.009095885381e-07  ,-5.714335578295e-02  ,-8.284241341987e-02  
  3.009688206539e-07  ,-6.086339891165e-02  ,-8.640290350030e-02  
  3.010846306160e-07  ,-6.813616441961e-02  ,-9.336386497187e-02  
  3.012010110132e-07  ,-7.544384400173e-02  ,-1.003584053623e-01  
  3.014337718077e-07  ,-9.005607994446e-02  ,-1.143449609754e-01  
  3.018126338311e-07  ,-1.138295981955e-01  ,-1.371017311133e-01  
  3.024373650141e-07  ,-1.529945497118e-01  ,-1.745944633483e-01  
  3.030567876585e-07  ,-1.917685638022e-01  ,-2.117154901258e-01  
  3.036248012967e-07  ,-2.272610569420e-01  ,-2.456961562749e-01  
  3.039190992303e-07  ,-2.456225998017e-01  ,-2.632758427883e-01  
  3.040098798983e-07  ,-2.512823323861e-01  ,-2.686945862865e-01  
  3.041768427528e-07  ,-2.616862834361e-01  ,-2.786555418649e-01  
  3.043314423002e-07  ,-2.713134265905e-01  ,-2.878727513014e-01  
  3.046406413950e-07  ,-2.905482856590e-01  ,-3.062884841074e-01  
  3.052590395845e-07  ,-3.289339459098e-01  ,-3.430387078264e-01  
  3.064958359636e-07  ,-4.053183891441e-01  ,-4.161626273276e-01  
  3.089694287218e-07  ,-5.561373748332e-01  ,-5.604968120309e-01  
  3.133205677904e-07  ,-8.127404817315e-01  ,-8.057550715506e-01  
  3.212420250811e-07  ,-1.237794353992e+00  ,-1.210163404420e+00  
  3.355963136591e-07  ,-1.798709246478e+00  ,-1.733136432068e+00  
  3.555579091944e-07  ,-1.969589820942e+00  ,-1.862503810828e+00  
  3.776622917093e-07  ,-1.291125320606e+00  ,-1.204153447038e+00  
  3.807550277151e-07  ,-1.136863814604e+00  ,-1.057886162353e+00  
  3.869404997267e-07  ,-7.977254286665e-01  ,-7.353652447521e-01  
  3.929777051844e-07  ,-4.376534638533e-01  ,-3.915223247526e-01  
  3.944870065488e-07  ,-3.446624177203e-01  ,-3.025767833430e-01  
  3.948643318899e-07  ,-3.212853935756e-01  ,-2.802109479208e-01  
  3.956189825721e-07  ,-2.743991990087e-01  ,-2.353439602273e-01  
  3.965780585594e-07  ,-2.145930221026e-01  ,-1.780960726344e-01  
  3.976190909334e-07  ,-1.494574732646e-01  ,-1.157276477566e-01  
  3.981022610851e-07  ,-1.191678273291e-01  ,-8.671914117690e-02  
  3.982647768743e-07  ,-1.089732924291e-01  ,-7.695510186600e-02  
  3.984544872828e-07  ,-9.706927793556e-02  ,-6.555334116246e-02  
  3.987141400166e-07  ,-8.077099332719e-02  ,-4.994199273255e-02  
  3.992334454842e-07  ,-4.815938543846e-02  ,-1.870252818030e-02  
  3.997573144324e-07  ,-1.524823619863e-02  ,1.282673675151e-02  
  4.002851880677e-07  ,1.791865503877e-02  ,4.460335661356e-02  
  4.006944577731e-07  ,4.363060733515e-02  ,6.923892442599e-02  
  4.009305480458e-07  ,5.845973036713e-02  ,8.344769362460e-02  
  4.009920269772e-07  ,6.232080358966e-02  ,8.714728870872e-02  
  4.011015970781e-07  ,6.920157012867e-02  ,9.374033095580e-02  
  4.012288157418e-07  ,7.718959421936e-02  ,1.013941488764e-01  
  4.014811575934e-07  ,9.303029594146e-02  ,1.165728020169e-01  
  4.018727787361e-07  ,1.176022829480e-01  ,1.401182044458e-01  
  4.024813980386e-07  ,1.557529720260e-01  ,1.766756148477e-01  
  4.030783758089e-07  ,1.931186933514e-01  ,2.124809019263e-01  
  4.036397770569e-07  ,2.281958920235e-01  ,2.460925306653e-01  
  4.039159142002e-07  ,2.454239921414e-01  ,2.626004289908e-01  
  4.040051698275e-07  ,2.509887322821e-01  ,2.679324640260e-01  
  4.041635412313e-07  ,2.608576863181e-01  ,2.773886211653e-01  
  4.043221687488e-07  ,2.707361269650e-01  ,2.868537287535e-01  
  4.046394237839e-07  ,2.904725922878e-01  ,3.057639231815e-01  
  4.052237355672e-07  ,3.267457335792e-01  ,3.405166231134e-01  
  4.063923591338e-07  ,3.989495311274e-01  ,4.096845101554e-01  
  4.087296062671e-07  ,5.416475213221e-01  ,5.463278801798e-01  
  4.129362040721e-07  ,7.906154457848e-01  ,7.844209722905e-01  
  4.205447369777e-07  ,1.203087103272e+00  ,1.177171239768e+00  
  4.343402320109e-07  ,1.762811693026e+00  ,1.700527324536e+00  
  4.546147519313e-07  ,1.979018542343e+00  ,1.873094648156e+00  
  4.769158297740e-07  ,1.326586117826e+00  ,1.237796952744e+00  
  4.798871213160e-07  ,1.181300954332e+00  ,1.100075963733e+00  
  4.858297044002e-07  ,8.612279888348e-01  ,7.958866048831e-01  
  4.928205841742e-07  ,4.472810318490e-01  ,4.007206684014e-01  
  4.945683041178e-07  ,3.396296437663e-01  ,2.977522217914e-01  
  4.950052341036e-07  ,3.125441063368e-01  ,2.718376376823e-01  
  4.958790940754e-07  ,2.582014814459e-01  ,2.198325598650e-01  
  4.960975590684e-07  ,2.445838177022e-01  ,2.067981690989e-01  
  4.965344890542e-07  ,2.173145692661e-01  ,1.806941366651e-01  
  4.970623626895e-07  ,1.843152943979e-01  ,1.491001765580e-01  
  4.975794329830e-07  ,1.519421718613e-01  ,1.181011597219e-01  
  4.978428575732e-07  ,1.354335353983e-01  ,1.022916331829e-01  
  4.979561529644e-07  ,1.283304731996e-01  ,9.548906168215e-02  
  4.981228131391e-07  ,1.178787732335e-01  ,8.547918392428e-02  
  4.984350855984e-07  ,9.828686696938e-02  ,6.671446425747e-02  
  4.990383032300e-07  ,6.041599787979e-02  ,3.043904664853e-02  
  4.997328836061e-07  ,1.678322103134e-02  ,-1.136056024877e-02  
  5.003610606827e-07  ,-2.268562528309e-02  ,-4.917489529851e-02  
  5.007599461414e-07  ,-4.774428838841e-02  ,-7.318452404784e-02  
  5.010374337025e-07  ,-6.517234248404e-02  ,-8.988349682682e-02  
  5.011113108657e-07  ,-6.981153671079e-02  ,-9.432867394372e-02  
  5.012112883441e-07  ,-7.608912420974e-02  ,-1.003437619053e-01  
  5.013794386350e-07  ,-8.664555907252e-02  ,-1.104586007178e-01  
  5.015687765144e-07  ,-9.852923674394e-02  ,-1.218456002709e-01  
  5.019148559831e-07  ,-1.202413963242e-01  ,-1.426505563493e-01  
  5.025035449825e-07  ,-1.571402416767e-01  ,-1.780081627399e-01  
  5.030698822401e-07  ,-1.925875135213e-01  ,-2.119748789071e-01  
  5.036146128140e-07  ,-2.266250303387e-01  ,-2.445900896692e-01  
  5.038874903284e-07  ,-2.436514674286e-01  ,-2.609046898189e-01  
  5.039804246798e-07  ,-2.494461647151e-01  ,-2.664570458889e-01  
  5.041430336013e-07  ,-2.595801069410e-01  ,-2.761670720991e-01  
  5.042967483923e-07  ,-2.691535343842e-01  ,-2.853398985837e-01  
  5.046041779742e-07  ,-2.882813361100e-01  ,-3.036668788431e-01  
  5.052190371379e-07  ,-3.264544853425e-01  ,-3.402398194667e-01  
  5.064487554654e-07  ,-4.024211756004e-01  ,-4.130113988795e-01  
  5.089081921205e-07  ,-5.524404839525e-01  ,-5.566576712896e-01  
  5.131609835252e-07  ,-8.035685735881e-01  ,-7.967919830486e-01  
  5.209900536165e-07  ,-1.225320240324e+00  ,-1.198243453140e+00  
  5.351327457055e-07  ,-1.785784121149e+00  ,-1.721403357454e+00  
  5.548559226617e-07  ,-1.976772586883e+00  ,-1.870443843395e+00  
  5.772404470071e-07  ,-1.311253627283e+00  ,-1.223233233687e+00  
  5.802411683425e-07  ,-1.163277802856e+00  ,-1.082960888817e+00  
  5.862426110134e-07  ,-8.377410704427e-01  ,-7.735046323672e-01  
  5.931478091106e-07  ,-4.272183552377e-01  ,-3.815300683079e-01  
  5.948741086349e-07  ,-3.206790654525e-01  ,-2.796134648716e-01  
  5.974389710054e-07  ,-1.607406448397e-01  ,-1.265063014408e-01  
  5.987439401969e-07  ,-7.890008520560e-02  ,-4.812346868424e-02  
  5.999270923957e-07  ,-4.580915874344e-03  ,2.307025484722e-02  
  6.010403954014e-07  ,6.535833240667e-02  ,9.007895534190e-02  
  6.015500151142e-07  ,9.735183752175e-02  ,1.207342165558e-01  
  6.016712500304e-07  ,1.049594979681e-01  ,1.280237743774e-01  
  6.017923918143e-07  ,1.125597934504e-01  ,1.353063127364e-01  
  6.020346753821e-07  ,1.277553834235e-01  ,1.498666992576e-01  
  6.024279729053e-07  ,1.524061486481e-01  ,1.734872047155e-01  
  6.028988495991e-07  ,1.818884256400e-01  ,2.017373986570e-01  
  6.033303779140e-07  ,2.088722484156e-01  ,2.275933080074e-01  
  6.036662128344e-07  ,2.298459748176e-01  ,2.476900430731e-01  
  6.038708709702e-07  ,2.426149870974e-01  ,2.599249356410e-01  
  6.039448179826e-07  ,2.472262435892e-01  ,2.643432605927e-01  
  6.040655173883e-07  ,2.547500517238e-01  ,2.715522234272e-01  
  6.042146454155e-07  ,2.640408901933e-01  ,2.804541709102e-01  
  6.045129014701e-07  ,2.826049769226e-01  ,2.982408459372e-01  
  6.049321828932e-07  ,3.086596095840e-01  ,3.232033953597e-01  
  6.057707457393e-07  ,3.606037044043e-01  ,3.729659528332e-01  
  6.074478714317e-07  ,4.637052662562e-01  ,4.717136928795e-01  
  6.108021228164e-07  ,6.657648641062e-01  ,6.650918780250e-01  
  6.165174631923e-07  ,9.918702890469e-01  ,9.764475609394e-01  
  6.271866946071e-07  ,1.507953722375e+00  ,1.464618064718e+00  
  6.463913111538e-07  ,1.987160934607e+00  ,1.894576923118e+00  
  6.648329882473e-07  ,1.786752518863e+00  ,1.678120885371e+00  
  6.856916336864e-07  ,8.690495793553e-01  ,8.029860204513e-01  
  6.888167797178e-07  ,6.882960428000e-01  ,6.307820390063e-01  
  6.950670717806e-07  ,3.087058786760e-01  ,2.680929402371e-01  
  6.966296447963e-07  ,2.113701944276e-01  ,1.749462982767e-01  
  6.983348964304e-07  ,1.045738346727e-01  ,7.268663287866e-02  
  6.991321085542e-07  ,5.452447150951e-02  ,2.474918393161e-02  
  6.994901089519e-07  ,3.203602930673e-02  ,3.207472058823e-03  
  6.999357002378e-07  ,4.040070466575e-03  ,-2.361161670788e-02  
  7.004265072346e-07  ,-2.679743802730e-02  ,-5.315469649663e-02  
  7.007329123616e-07  ,-4.604617295762e-02  ,-7.159635368565e-02  
  7.009749630988e-07  ,-6.124916022283e-02  ,-8.616230482887e-02  
  7.010373617113e-07  ,-6.516782154337e-02  ,-8.991681646253e-02  
  7.011347198449e-07  ,-7.128145092849e-02  ,-9.577438997962e-02  
  7.012849887423e-07  ,-8.071629626434e-02  ,-1.048139333186e-01  
  7.014737445451e-07  ,-9.256502202401e-02  ,-1.161666676798e-01  
  7.018499057330e-07  ,-1.161675862266e-01  ,-1.387815918201e-01  
  7.024792003967e-07  ,-1.556153090960e-01  ,-1.765794255070e-01  
  7.030785064735e-07  ,-1.931268648831e-01  ,-2.125223005721e-01  
  7.036474514343e-07  ,-2.286749317665e-01  ,-2.465832021074e-01  
  7.039260100164e-07  ,-2.460535244931e-01  ,-2.632343986164e-01  
  7.040144507363e-07  ,-2.515672482217e-01  ,-2.685172688913e-01  
  7.041723331958e-07  ,-2.614053728691e-01  ,-2.779433900595e-01  
  7.043317523375e-07  ,-2.713327267177e-01  ,-2.874548712948e-01  
  7.046505906209e-07  ,-2.911667680476e-01  ,-3.064575920930e-01  
  7.052295007333e-07  ,-3.271030974288e-01  ,-3.408859307948e-01  
  7.063873209581e-07  ,-3.986393300901e-01  ,-4.094113551074e-01  
  7.087029614076e-07  ,-5.400357504456e-01  ,-5.448018285998e-01  
  7.129445769414e-07  ,-7.910986512138e-01  ,-7.849064605840e-01  
  7.204815842733e-07  ,-1.199914939224e+00  ,-1.174174257976e+00  
  7.343456246480e-07  ,-1.762971717090e+00  ,-1.700680636535e+00  
  7.546439864263e-07  ,-1.978752338051e+00  ,-1.872808886082e+00  
  7.769569851980e-07  ,-1.324649847357e+00  ,-1.235959438046e+00  
  7.799301393852e-07  ,-1.179118827805e+00  ,-1.098002865174e+00  
  7.858764477596e-07  ,-8.585763377471e-01  ,-7.933596757251e-01  
  7.928628571853e-07  ,-4.446918208440e-01  ,-3.982440402525e-01  
  7.946094595417e-07  ,-3.370810462729e-01  ,-2.953128341295e-01  
  7.950461101308e-07  ,-3.100070870041e-01  ,-2.694089625470e-01  
  7.959194113091e-07  ,-2.556892676831e-01  ,-2.174269538125e-01  
  7.961377366036e-07  ,-2.420781424615e-01  ,-2.043986683599e-01  
  7.965743871927e-07  ,-2.148223677558e-01  ,-1.783072444707e-01  
  7.971109221280e-07  ,-1.812769856845e-01  ,-1.461900651462e-01  
  7.975377938300e-07  ,-1.545507453016e-01  ,-1.205982137076e-01  
  7.978032207638e-07  ,-1.379181673130e-01  ,-1.046701734057e-01  
  7.979146535099e-07  ,-1.309324777460e-01  ,-9.798008345026e-02  
  7.980820820257e-07  ,-1.204334383354e-01  ,-8.792497814867e-02  
  7.983686499819e-07  ,-1.024558791169e-01  ,-7.070667636920e-02  
  7.989417858943e-07  ,-6.647730633868e-02  ,-3.624444508340e-02  
  7.996102892384e-07  ,-2.448563759433e-02  ,3.982203185750e-03  
  8.002963945791e-07  ,1.862275153146e-02  ,4.528280823601e-02  
  8.008036859855e-07  ,5.049171470796e-02  ,7.581756082453e-02  
  8.010966800675e-07  ,6.889280940461e-02  ,9.344892981576e-02  
  8.011770648472e-07  ,7.394031165754e-02  ,9.828535749210e-02  
  8.012730027139e-07  ,7.996379975480e-02  ,1.040569921864e-01  
  8.014374742806e-07  ,9.028847661324e-02  ,1.139497950165e-01  
  8.016181508601e-07  ,1.016276316930e-01  ,1.248150527459e-01  
  8.019676296562e-07  ,1.235510992010e-01  ,1.458225138192e-01  
  8.025067722946e-07  ,1.573423919995e-01  ,1.782023534539e-01  
  8.030486157686e-07  ,1.912574682509e-01  ,2.107008416128e-01  
  8.035687594265e-07  ,2.237622986044e-01  ,2.418474369215e-01  
  8.038416369408e-07  ,2.407916218150e-01  ,2.581648414393e-01  
  8.040133495405e-07  ,2.514986074268e-01  ,2.684240494230e-01  
  8.041574018598e-07  ,2.604752285641e-01  ,2.770251452427e-01  
  8.043287419304e-07  ,2.711453248147e-01  ,2.872487221463e-01  
  8.046714220718e-07  ,2.924616394476e-01  ,3.076724628612e-01  
  8.053567823544e-07  ,3.349901155698e-01  ,3.484176282928e-01  
  8.067275029197e-07  ,4.195615446137e-01  ,4.294292595072e-01  
  8.092081737295e-07  ,5.705307747220e-01  ,5.739721447440e-01  
  8.139750551954e-07  ,8.501401607475e-01  ,8.412611045233e-01  
  8.222213578001e-07  ,1.285533612539e+00  ,1.255234538627e+00  
  8.377215456739e-07  ,1.853041268489e+00  ,1.781875539548e+00  
  8.572808098570e-07  ,1.947908746119e+00  ,1.839254764217e+00  
  8.791020703092e-07  ,1.220740338974e+00  ,1.137375984360e+00  
  8.822272163406e-07  ,1.059572406655e+00  ,9.844538275695e-01  
  8.884775084034e-07  ,7.082714698967e-01  ,6.500435159960e-01  
  8.900400814191e-07  ,6.156383683533e-01  ,5.616484318232e-01  
  8.931652274504e-07  ,4.261491250004e-01  ,3.805773854797e-01  
  8.965049502030e-07  ,2.191594674284e-01  ,1.824960625714e-01  
  8.970229518190e-07  ,1.867808726281e-01  ,1.514950579256e-01  
  8.980589550510e-07  ,1.218838801760e-01  ,8.934545059219e-02  
  8.983903196231e-07  ,1.010960994967e-01  ,6.943448385910e-02  
  8.986170966700e-07  ,8.686304738404e-02  ,5.580098701153e-02  
  8.988418713734e-07  ,7.275131419741e-02  ,4.228310276593e-02  
  8.992914207801e-07  ,4.451766852446e-02  ,1.523592675476e-02  
  8.997666746899e-07  ,1.466013031481e-02  ,-1.336909946827e-02  
  9.002444431707e-07  ,-1.535866642785e-02  ,-4.213049376060e-02  
  9.006429561004e-07  ,-4.039537620179e-02  ,-6.611973425195e-02  
  9.008705480546e-07  ,-5.469132893311e-02  ,-7.981799203726e-02  
  9.009335636683e-07  ,-5.864912629361e-02  ,-8.361036316500e-02  
  9.010537741296e-07  ,-6.619848791680e-02  ,-9.084423126358e-02  
  9.011669647470e-07  ,-7.330613377186e-02  ,-9.765452959411e-02  
  9.013933459818e-07  ,-8.751855474064e-02  ,-1.112733016284e-01  
  9.018461084515e-07  ,-1.159293979743e-01  ,-1.384979076294e-01  
  9.025546586663e-07  ,-1.603416768977e-01  ,-1.810565947018e-01  
  9.032068638653e-07  ,-2.011525169340e-01  ,-2.201640606520e-01  
  9.036891958266e-07  ,-2.312804109869e-01  ,-2.490338082784e-01  
  9.039657054991e-07  ,-2.485285261531e-01  ,-2.655612058189e-01  
  9.040450076163e-07  ,-2.534718286217e-01  ,-2.702978767776e-01  
  9.041899446920e-07  ,-2.625024032118e-01  ,-2.789508832912e-01  
  9.043519482538e-07  ,-2.725898869188e-01  ,-2.886164679144e-01  
  9.046539761648e-07  ,-2.913772200704e-01  ,-3.066176005385e-01  
  9.051911630258e-07  ,-3.247264669394e-01  ,-3.385695981399e-01  
  9.062655367479e-07  ,-3.911380427145e-01  ,-4.021906031164e-01  
  9.084142841920e-07  ,-5.225493922205e-01  ,-5.280339324279e-01  
  9.125605322942e-07  ,-7.688793216471e-01  ,-7.636480045811e-01  
  9.196847774610e-07  ,-1.159489719367e+00  ,-1.135806120423e+00  
  9.329617120847e-07  ,-1.720258207666e+00  ,-1.661629300973e+00  
  9.536713459119e-07  ,-1.986711717563e+00  ,-1.882128195434e+00  
  9.761959411725e-07  ,-1.360093743844e+00  ,-1.269564498732e+00  
  9.946346380338e-07  ,-3.355215607731e-01  ,-2.925732534992e-01  
  9.977597840652e-07  ,-1.406407494112e-01  ,-1.063657265219e-01  
  9.985410705730e-07  ,-9.163514822385e-02  ,-5.951057503817e-02  
  9.994846866056e-07  ,-3.237668119576e-02  ,-2.823674444557e-03  
  1.000343645416e-06  ,2.159145887139e-02  ,4.881857624391e-02  
  1.000850378029e-06  ,5.342447188784e-02  ,7.928455380272e-02  
  1.001224024646e-06  ,7.688878420242e-02  ,1.017431237767e-01  
  1.001311964780e-06  ,8.240984060075e-02  ,1.070277424640e-01  
  1.001406319398e-06  ,8.833291043150e-02  ,1.126972472993e-01  
  1.001529929187e-06  ,9.609127818918e-02  ,1.201233512252e-01  
  1.001670302782e-06  ,1.049000625781e-01  ,1.285553890536e-01  
  1.001951049972e-06  ,1.225113398663e-01  ,1.454139841350e-01  
  1.002512544353e-06  ,1.577039344559e-01  ,1.791044250602e-01  
  1.003045260865e-06  ,1.910476384546e-01  ,2.110267196079e-01  
  1.003566056449e-06  ,2.235935309931e-01  ,2.421862491125e-01  
  1.003841774497e-06  ,2.408002018639e-01  ,2.586602157993e-01  
  1.004018050577e-06  ,2.517916348758e-01  ,2.691836383986e-01  
  1.004104186274e-06  ,2.571597106020e-01  ,2.743231445026e-01  
  1.004235921852e-06  ,2.653659677062e-01  ,2.821799792635e-01  
  1.004499393009e-06  ,2.817647059142e-01  ,2.978804113723e-01  
  1.004812922753e-06  ,3.012538996663e-01  ,3.165395410335e-01  
  1.005439982243e-06  ,3.401427177592e-01  ,3.537710938617e-01  
  1.006694101222e-06  ,4.175093225446e-01  ,4.278334332769e-01  
  1.009202339180e-06  ,5.701794021428e-01  ,5.739288427309e-01  
  1.013990082271e-06  ,8.509946994912e-01  ,8.422680558785e-01  
  1.022307910450e-06  ,1.289694901362e+00  ,1.259264914163e+00  
  1.037697829731e-06  ,1.852480106834e+00  ,1.781932181919e+00  
  1.057933606632e-06  ,1.938199546883e+00  ,1.829823573453e+00  
  1.080067791469e-06  ,1.172121862664e+00  ,1.091188308947e+00  
  1.083192937501e-06  ,1.007629744418e+00  ,9.349497905110e-01  
  1.089443229564e-06  ,6.512084829165e-01  ,5.954414668970e-01  
  1.091005802579e-06  ,5.576320924024e-01  ,5.061248290059e-01  
  1.094130948611e-06  ,3.666774728446e-01  ,3.236153749386e-01  
  1.094912235118e-06  ,3.183142722855e-01  ,2.773488445540e-01  
  1.096474808134e-06  ,2.210418459883e-01  ,1.842522285779e-01  
  1.097811442293e-06  ,1.374028184995e-01  ,1.041671704354e-01  
  1.098462529905e-06  ,9.656453751102e-02  ,6.505466180688e-02  
  1.098682764411e-06  ,8.274073290094e-02  ,5.181386891562e-02  
  1.098905536771e-06  ,6.875360384035e-02  ,3.841606529148e-02  
  1.099351081491e-06  ,4.076992828006e-02  ,1.160979380933e-02  
  1.099854181945e-06  ,9.161986541576e-03  ,-1.867069595492e-02  
  1.100319144741e-06  ,-2.005211949498e-02  ,-4.665977550164e-02  
  1.100692977622e-06  ,-4.353762879230e-02  ,-6.916162003614e-02  
  1.100914702244e-06  ,-5.746452749428e-02  ,-8.250559951990e-02  
  1.100972380215e-06  ,-6.108694878677e-02  ,-8.597644276631e-02  
  1.101080832729e-06  ,-6.789767418414e-02  ,-9.250222160069e-02  
  1.101205792936e-06  ,-7.574408634739e-02  ,-1.000201851983e-01  
  1.101451289566e-06  ,-9.115562309448e-02  ,-1.147872784859e-01  
  1.101847241359e-06  ,-1.160004608846e-01  ,-1.385936269189e-01  
  1.102474766510e-06  ,-1.553375628201e-01  ,-1.762871852633e-01  
  1.103083758341e-06  ,-1.934553047591e-01  ,-2.128124548304e-01  
  1.103655497270e-06  ,-2.291771438919e-01  ,-2.470412149522e-01  
  1.103932845132e-06  ,-2.464797193472e-01  ,-2.636201992335e-01  
  1.104020436021e-06  ,-2.519403234382e-01  ,-2.688523666545e-01  
  1.104176898213e-06  ,-2.616897381491e-01  ,-2.781938328648e-01  
  1.104337691056e-06  ,-2.717024128138e-01  ,-2.877874034222e-01  
  1.104659276741e-06  ,-2.917067076078e-01  ,-3.069539092021e-01  
  1.105237907456e-06  ,-3.276241835354e-01  ,-3.413652666943e-01  
  1.106395168887e-06  ,-3.991225236293e-01  ,-4.098561067047e-01  
  1.108709691750e-06  ,-5.404429105062e-01  ,-5.451790563918e-01  
  1.113006441580e-06  ,-7.946672137209e-01  ,-7.882943572047e-01  
  1.120553879725e-06  ,-1.203545951870e+00  ,-1.177606262201e+00  
  1.134462623583e-06  ,-1.766431141717e+00  ,-1.703826726020e+00  
  1.154728202807e-06  ,-1.977976149290e+00  ,-1.871924244782e+00  
  1.177017359721e-06  ,-1.321805355287e+00  ,-1.233262893400e+00  
  1.180000944721e-06  ,-1.175522481996e+00  ,-1.094589389750e+00  
  1.185968114721e-06  ,-8.533708962332e-01  ,-7.884002302464e-01  
  1.192957504379e-06  ,-4.388918677144e-01  ,-3.926962291686e-01  
  1.194704851793e-06  ,-3.311716106487e-01  ,-2.896565437080e-01  
  1.195141688647e-06  ,-3.040729046017e-01  ,-2.637281482072e-01  
  1.196015362354e-06  ,-2.497088040500e-01  ,-2.117002775706e-01  
  1.196911760332e-06  ,-1.937355525936e-01  ,-1.581162741343e-01  
  1.197845318081e-06  ,-1.352792916042e-01  ,-1.021406421436e-01  
  1.198313680204e-06  ,-1.059050427057e-01  ,-7.400793025178e-02  
  1.198414926609e-06  ,-9.955194340630e-02  ,-6.792297672500e-02  
  1.198523483897e-06  ,-9.273897720071e-02  ,-6.139742153010e-02  
  1.198740598472e-06  ,-7.910988810084e-02  ,-4.834336204961e-02  
  1.199174827622e-06  ,-5.184130265139e-02  ,-2.222251267286e-02  
  1.199696554529e-06  ,-1.906575249672e-02  ,9.176126467829e-03  
  1.200198909925e-06  ,1.249779786207e-02  ,3.941592975013e-02  
  1.200726131635e-06  ,4.562023921418e-02  ,7.115130124461e-02  
  1.200998357223e-06  ,6.271835030347e-02  ,8.753403224773e-02  
  1.201072152896e-06  ,6.735261602477e-02  ,9.197446094253e-02  
  1.201181175845e-06  ,7.419843605101e-02  ,9.853398589934e-02  
  1.201325507561e-06  ,8.326002844996e-02  ,1.072164189816e-01  
  1.201566440711e-06  ,9.838265181630e-02  ,1.217069316749e-01  
  1.201934080297e-06  ,1.214470886443e-01  ,1.438076123338e-01  
  1.202502280200e-06  ,1.570610185869e-01  ,1.779338950858e-01  
  1.203067127341e-06  ,1.924152217886e-01  ,2.118113504669e-01  
  1.203604966128e-06  ,2.260228045694e-01  ,2.440145314070e-01  
  1.203876912320e-06  ,2.429917686559e-01  ,2.602740381409e-01  
  1.203971569618e-06  ,2.488941195824e-01  ,2.659295382967e-01  
  1.204136483563e-06  ,2.591720315135e-01  ,2.757774982510e-01  
  1.204288102878e-06  ,2.686152523180e-01  ,2.848255549427e-01  
  1.204591341509e-06  ,2.874831962874e-01  ,3.029035419753e-01  
  1.205197818769e-06  ,3.251391035510e-01  ,3.389809364955e-01  
  1.206410773290e-06  ,4.000832077020e-01  ,4.107732057199e-01  
  1.208836682333e-06  ,5.481208076463e-01  ,5.525240206384e-01  
  1.213027633918e-06  ,7.958889702064e-01  ,7.894706771508e-01  
  1.220753885997e-06  ,1.213558790090e+00  ,1.187104152368e+00  
  1.234701372875e-06  ,1.773416393721e+00  ,1.710177965350e+00  
  1.254880525364e-06  ,1.976537088082e+00  ,1.870271453068e+00  
  1.277121998562e-06  ,1.316864132184e+00  ,1.228579274762e+00  
  1.295694805874e-06  ,2.696793586979e-01  ,2.295136936908e-01  
  1.298819951905e-06  ,7.412762618225e-02  ,4.261210438149e-02  
  1.299601238413e-06  ,2.505427412143e-02  ,-4.312762842864e-03  
  1.300437286688e-06  ,-2.747466871411e-02  ,-5.456686154529e-02  
  1.300776008708e-06  ,-4.875323550338e-02  ,-7.492817997061e-02  
  1.301085673464e-06  ,-6.820165044797e-02  ,-9.353940320249e-02  
  1.301165685715e-06  ,-7.322582377140e-02  ,-9.834745447893e-02  
  1.301263043849e-06  ,-7.933856223554e-02  ,-1.041973264397e-01  
  1.301449098816e-06  ,-9.101811703670e-02  ,-1.153746720181e-01  
  1.301623814931e-06  ,-1.019830544122e-01  ,-1.258686417459e-01  
  1.301973247161e-06  ,-1.239033813935e-01  ,-1.468484197948e-01  
  1.302516208222e-06  ,-1.579334243360e-01  ,-1.794205499412e-01  
  1.303068203112e-06  ,-1.924825008028e-01  ,-2.124916696747e-01  
  1.303591792664e-06  ,-2.252003746255e-01  ,-2.438112506619e-01  
  1.303860292962e-06  ,-2.419552461967e-01  ,-2.598503900652e-01  
  1.303958372870e-06  ,-2.480713679086e-01  ,-2.657052743364e-01  
  1.304104334401e-06  ,-2.571689404274e-01  ,-2.744142831797e-01  
  1.304259027081e-06  ,-2.668048064235e-01  ,-2.836386076479e-01  
  1.304568412440e-06  ,-2.860574070039e-01  ,-3.020689325735e-01  
  1.305187183158e-06  ,-3.244797200269e-01  ,-3.388498266937e-01  
  1.306424724596e-06  ,-4.009420375250e-01  ,-4.120408870475e-01  
  1.308723973768e-06  ,-5.413068381088e-01  ,-5.463605572373e-01  
  1.312961864011e-06  ,-7.920961295503e-01  ,-7.860804117835e-01  
  1.320488440530e-06  ,-1.200259558197e+00  ,-1.174617413336e+00  
  1.334421026247e-06  ,-1.765203923303e+00  ,-1.702752673821e+00  
  1.354710447328e-06  ,-1.978140946464e+00  ,-1.872098499943e+00  
  1.377020465868e-06  ,-1.321658883219e+00  ,-1.233123003902e+00  
  1.380000698106e-06  ,-1.175535018134e+00  ,-1.094600185380e+00  
  1.385961162584e-06  ,-8.537659319773e-01  ,-7.887761876946e-01  
  1.392944591777e-06  ,-4.396833779801e-01  ,-3.934533891190e-01  
  1.394690449076e-06  ,-3.320640336611e-01  ,-2.905107947708e-01  
  1.395126913400e-06  ,-3.049904356758e-01  ,-2.646065482688e-01  
  1.395999842050e-06  ,-2.506763131885e-01  ,-2.126267488860e-01  
  1.396900524111e-06  ,-1.944382129702e-01  ,-1.587893887614e-01  
  1.397844326409e-06  ,-1.353414574472e-01  ,-1.022004980909e-01  
  1.398319673451e-06  ,-1.055290023253e-01  ,-7.364806620053e-02  
  1.398425460054e-06  ,-9.889092253151e-02  ,-6.729014521358e-02  
  1.398527020780e-06  ,-9.251698670812e-02  ,-6.118508708840e-02  
  1.398730142234e-06  ,-7.976635446847e-02  ,-4.897241399644e-02  
  1.399136385141e-06  ,-5.425586502487e-02  ,-2.453576615831e-02  
  1.399636319099e-06  ,-2.285024778751e-02  ,5.550256630881e-03  
  1.400150036631e-06  ,9.427044656347e-03  ,3.647365029532e-02  
  1.400744313566e-06  ,4.676233890520e-02  ,7.224535058074e-02  
  1.400968645891e-06  ,6.085242333333e-02  ,8.574590123579e-02  
  1.401033139979e-06  ,6.490270259077e-02  ,8.962676011133e-02  
  1.401150603039e-06  ,7.227877849944e-02  ,9.669434930850e-02  
  1.401292792713e-06  ,8.120623230047e-02  ,1.052482269975e-01  
  1.401540664217e-06  ,9.676499554477e-02  ,1.201566308577e-01  
  1.401972518494e-06  ,1.238576858201e-01  ,1.461172610867e-01  
  1.402529076865e-06  ,1.587394471516e-01  ,1.795419952433e-01  
  1.403102305910e-06  ,1.946151853590e-01  ,2.139191993787e-01  
  1.403647409013e-06  ,2.286722838096e-01  ,2.465530648556e-01  
  1.403910973301e-06  ,2.451158895895e-01  ,2.623091417989e-01  
  1.403998459416e-06  ,2.505704323362e-01  ,2.675355512668e-01  
  1.404150125297e-06  ,2.600219158849e-01  ,2.765916414399e-01  
  1.404310033383e-06  ,2.699806381829e-01  ,2.861336147972e-01  
  1.404629849555e-06  ,2.898773910255e-01  ,3.051972817942e-01  
  1.405161821010e-06  ,3.229071787792e-01  ,3.368424818983e-01  
  1.406225763919e-06  ,3.886869933207e-01  ,3.998571295190e-01  
  1.408353649737e-06  ,5.188710057224e-01  ,5.245242527492e-01  
  1.412437312962e-06  ,7.617264590819e-01  ,7.568215266011e-01  
  1.419454269769e-06  ,1.147658516094e+00  ,1.124578722020e+00  
  1.432553880574e-06  ,1.707046759996e+00  ,1.649501123149e+00  
  1.453555577161e-06  ,1.987535687002e+00  ,1.883176721510e+00  
  1.476044409635e-06  ,1.367058809995e+00  ,1.276172128760e+00  
  1.494480126264e-06  ,3.450882431061e-01  ,3.017318544824e-01  
  1.497605272295e-06  ,1.503232820945e-01  ,1.156442487283e-01  
  1.498386558803e-06  ,1.013320960183e-01  ,6.880432666104e-02  
  1.499420513125e-06  ,3.640822299364e-02  ,6.698255016640e-03  
  1.500333302381e-06  ,-2.094162351633e-02  ,-4.818098056806e-02  
  1.500873469474e-06  ,-5.487481824170e-02  ,-8.065784307111e-02  
  1.501322972314e-06  ,-8.310087205523e-02  ,-1.076750433726e-01  
  1.501418642426e-06  ,-8.910642689254e-02  ,-1.134236534149e-01  
  1.501514265971e-06  ,-9.510825426853e-02  ,-1.191687856230e-01  
  1.501647910761e-06  ,-1.034950411060e-01  ,-1.271970235033e-01  
  1.501821229892e-06  ,-1.143688249758e-01  ,-1.376061826212e-01  
  1.502167868154e-06  ,-1.361058980992e-01  ,-1.584152300118e-01  
  1.502620164962e-06  ,-1.644439679920e-01  ,-1.855447949485e-01  
  1.503127270104e-06  ,-1.961762281984e-01  ,-2.159251642208e-01  
  1.503632512601e-06  ,-2.277424276402e-01  ,-2.461474054647e-01  
  1.503871489974e-06  ,-2.426535929648e-01  ,-2.604238846755e-01  
  1.503959593089e-06  ,-2.481474442834e-01  ,-2.656839011885e-01  
  1.504105927149e-06  ,-2.572681846363e-01  ,-2.744164375130e-01  
  1.504260061035e-06  ,-2.668691908863e-01  ,-2.836087883880e-01  
  1.504568328807e-06  ,-2.860522062282e-01  ,-3.019752276679e-01  
  1.505098158220e-06  ,-3.189589639735e-01  ,-3.334806865067e-01  
  1.506157817045e-06  ,-3.844982820557e-01  ,-3.962250930437e-01  
  1.508277134696e-06  ,-5.142265387948e-01  ,-5.203896664169e-01  
  1.512178258697e-06  ,-7.466513040176e-01  ,-7.426342962079e-01  
  1.519076006213e-06  ,-1.128113362440e+00  ,-1.106138502862e+00  
  1.531761364738e-06  ,-1.680574340582e+00  ,-1.625168832458e+00  
  1.554992275039e-06  ,-1.975452552182e+00  ,-1.869737727710e+00  
  1.576479749480e-06  ,-1.346965844661e+00  ,-1.257192944690e+00  
  1.579503567616e-06  ,-1.200661185881e+00  ,-1.118499113174e+00  
  1.585551203886e-06  ,-8.769880367614e-01  ,-8.109261737548e-01  
  1.592691095272e-06  ,-4.552072649269e-01  ,-4.083092618336e-01  
  1.594476068119e-06  ,-3.453393968153e-01  ,-3.032229386306e-01  
  1.594922311330e-06  ,-3.176892193392e-01  ,-2.767686949657e-01  
  1.595814797753e-06  ,-2.622070014189e-01  ,-2.236738781361e-01  
  1.596807960147e-06  ,-2.002257978950e-01  ,-1.643402523918e-01  
  1.597899470204e-06  ,-1.318844115016e-01  ,-9.889846456120e-02  
  1.598456866765e-06  ,-9.691994655701e-02  ,-6.541058678918e-02  
  1.598641478183e-06  ,-8.533253194871e-02  ,-5.431166182352e-02  
  1.598826531978e-06  ,-7.371447047018e-02  ,-4.318297553177e-02  
  1.599196639569e-06  ,-5.047126600222e-02  ,-2.091766148347e-02  
  1.599665746750e-06  ,-2.100136510391e-02  ,7.314448845024e-03  
  1.600134015741e-06  ,8.420432460055e-03  ,3.550241988869e-02  
  1.600732111098e-06  ,4.599584142498e-02  ,7.150444699258e-02  
  1.600962194340e-06  ,6.044724686644e-02  ,8.535130962007e-02  
  1.601029785076e-06  ,6.469201846096e-02  ,8.941855846303e-02  
  1.601146852324e-06  ,7.204326754464e-02  ,9.646241680360e-02  
  1.601290252717e-06  ,8.104677099051e-02  ,1.050892301529e-01  
  1.601551255869e-06  ,9.742970394162e-02  ,1.207874856242e-01  
  1.601989862235e-06  ,1.249453150796e-01  ,1.471535887235e-01  
  1.602546793135e-06  ,1.598490568768e-01  ,1.805996475649e-01  
  1.603120674105e-06  ,1.957637836837e-01  ,2.150144496506e-01  
  1.603669968160e-06  ,2.300803639382e-01  ,2.478971466046e-01  
  1.603926454397e-06  ,2.460812336156e-01  ,2.632290794530e-01  
  1.604012008017e-06  ,2.514149858826e-01  ,2.683397777339e-01  
  1.604159063851e-06  ,2.605787648111e-01  ,2.771202470764e-01  
  1.604322417831e-06  ,2.707516331992e-01  ,2.868674593910e-01  
  1.604649125790e-06  ,2.910757102857e-01  ,3.063406482786e-01  
  1.605222541099e-06  ,3.266716910763e-01  ,3.404444924644e-01  
  1.606369371718e-06  ,3.975341122654e-01  ,4.083272271793e-01  
  1.608663032955e-06  ,5.376197353211e-01  ,5.424685757928e-01  
  1.612907628721e-06  ,7.889659261622e-01  ,7.828427731642e-01  
  1.620386521524e-06  ,1.195131029778e+00  ,1.169624253915e+00  
  1.634173075860e-06  ,1.757826342250e+00  ,1.695988133599e+00  
  1.654155533021e-06  ,1.982980910731e+00  ,1.877588575699e+00  
  1.676715891069e-06  ,1.335961170240e+00  ,1.246675219284e+00  
  1.679629813140e-06  ,1.194307934654e+00  ,1.112414648872e+00  
  1.685457657283e-06  ,8.822667371711e-01  ,8.159246430236e-01  
  1.692685465520e-06  ,4.555517015588e-01  ,4.086271967431e-01  
  1.694492417580e-06  ,3.443275141503e-01  ,3.022455108352e-01  
  1.694944155594e-06  ,3.163340550570e-01  ,2.754630411776e-01  
  1.695847631624e-06  ,2.601616558715e-01  ,2.217079480930e-01  
  1.696819373598e-06  ,1.995122595372e-01  ,1.636495538888e-01  
  1.697895423701e-06  ,1.321381063579e-01  ,9.913461127611e-02  
  1.698442482581e-06  ,9.782265973413e-02  ,6.626874755435e-02  
  1.698624043917e-06  ,8.642694878301e-02  ,5.535358690379e-02  
  1.698801600566e-06  ,7.527987016379e-02  ,4.467619132166e-02  
  1.699156713864e-06  ,5.297903279870e-02  ,2.331392174035e-02  
  1.699619022390e-06  ,2.393695771344e-02  ,-4.507888506036e-03  
  1.700104148319e-06  ,-6.543820200706e-03  ,-3.371003102009e-02  
  1.700663966319e-06  ,-4.171520895367e-02  ,-6.740824765993e-02  
  1.700907786569e-06  ,-5.703018083249e-02  ,-8.208235845919e-02  
  1.700975633418e-06  ,-6.129125786586e-02  ,-8.616518203656e-02  
  1.701102270005e-06  ,-6.924382605405e-02  ,-9.378512998895e-02  
  1.701231048634e-06  ,-7.732978626986e-02  ,-1.015329650502e-01  
  1.701488605892e-06  ,-9.349777724967e-02  ,-1.170250679718e-01  
  1.702002602821e-06  ,-1.257442560098e-01  ,-1.479241313567e-01  
  1.702606472379e-06  ,-1.635865354289e-01  ,-1.841857810913e-01  
  1.703281774377e-06  ,-2.058348555212e-01  ,-2.246693338814e-01  
  1.703679355985e-06  ,-2.306662922061e-01  ,-2.484630228650e-01  
  1.703931930667e-06  ,-2.464226996790e-01  ,-2.635606190389e-01  
  1.704009044176e-06  ,-2.512302384201e-01  ,-2.681670812776e-01  
  1.704144807724e-06  ,-2.596906350882e-01  ,-2.762735467220e-01  
  1.704307067400e-06  ,-2.697959845549e-01  ,-2.859560204551e-01  
  1.704622925451e-06  ,-2.894469237849e-01  ,-3.047841838768e-01  
  1.705088027945e-06  ,-3.183305903375e-01  ,-3.324572475119e-01  
  1.706018232932e-06  ,-3.758878846697e-01  ,-3.875963705909e-01  
  1.707878642907e-06  ,-4.899906426356e-01  ,-4.968734562023e-01  
  1.711599462857e-06  ,-7.127922240403e-01  ,-7.100517239748e-01  
  1.718015902868e-06  ,-1.072497114245e+00  ,-1.053154016723e+00  
  1.729838484159e-06  ,-1.612048140114e+00  ,-1.561697682777e+00  
  1.751361721387e-06  ,-1.998170173016e+00  ,-1.895674401000e+00  
  1.771362059942e-06  ,-1.566265138302e+00  ,-1.466644922687e+00  
  1.791803472867e-06  ,-5.093304421466e-01  ,-4.594155325161e-01  
  1.794928618899e-06  ,-3.172979286843e-01  ,-2.758583655783e-01  
  1.795709905406e-06  ,-2.687392611178e-01  ,-2.294299222808e-01  
  1.796991405269e-06  ,-1.887542459960e-01  ,-1.529255423166e-01  
  1.798246269306e-06  ,-1.101344113111e-01  ,-7.769007200378e-02  
  1.798921943834e-06  ,-6.772331787884e-02  ,-3.709239046584e-02  
  1.799230630701e-06  ,-4.833619198688e-02  ,-1.853184032974e-02  
  1.799599900102e-06  ,-2.513835603225e-02  ,3.678735986315e-03  
  1.800120602554e-06  ,7.577663804768e-03  ,3.500543721959e-02  
  1.800615693634e-06  ,3.868275976720e-02  ,6.479241650205e-02  
  1.800859932980e-06  ,5.402461049100e-02  ,7.948502524367e-02  
  1.800931924215e-06  ,5.854616060236e-02  ,8.381532844601e-02  
  1.801049107878e-06  ,6.590545858979e-02  ,9.086344350145e-02  
  1.801173113478e-06  ,7.369220898725e-02  ,9.832105396249e-02  
  1.801421124680e-06  ,8.926223637273e-02  ,1.132332915495e-01  
  1.801917147083e-06  ,1.203850896810e-01  ,1.430424665041e-01  
  1.802526325179e-06  ,1.585670984846e-01  ,1.796144853327e-01  
  1.803152639611e-06  ,1.977624920617e-01  ,2.171582066733e-01  
  1.803736485733e-06  ,2.342315330548e-01  ,2.520905021932e-01  
  1.804015370278e-06  ,2.516245657251e-01  ,2.687504620543e-01  
  1.804097978590e-06  ,2.567729030844e-01  ,2.736817680332e-01  
  1.804238445317e-06  ,2.655231190086e-01  ,2.820630638201e-01  
  1.804409366293e-06  ,2.761634575028e-01  ,2.922546979291e-01  
  1.804656306474e-06  ,2.915220747048e-01  ,3.069654255363e-01  
  1.805150186835e-06  ,3.221857509230e-01  ,3.363346412701e-01  
  1.806137947557e-06  ,3.832730586423e-01  ,3.948378482100e-01  
  1.808113469003e-06  ,5.042820818960e-01  ,5.106953475408e-01  
  1.812064511893e-06  ,7.400163483957e-01  ,7.361709808847e-01  
  1.818801326869e-06  ,1.113820478491e+00  ,1.092491449358e+00  
  1.831316812156e-06  ,1.665267805536e+00  ,1.611019348953e+00  
  1.854041082976e-06  ,1.983904224927e+00  ,1.877353702301e+00  
  1.876407725928e-06  ,1.350307562227e+00  ,1.260289746258e+00  
  1.879154009936e-06  ,1.218153672679e+00  ,1.135073105220e+00  
  1.884646577952e-06  ,9.277104616686e-01  ,8.592074205842e-01  
  1.895631713985e-06  ,2.736068035251e-01  ,2.345349980919e-01  
  1.897457292495e-06  ,1.595931690749e-01  ,1.253910377160e-01  
  1.897913687123e-06  ,1.309930673063e-01  ,9.800537093749e-02  
  1.898672901286e-06  ,8.335991679646e-02  ,5.238590636300e-02  
  1.899257958127e-06  ,4.661964311331e-02  ,1.719345026337e-02  
  1.899854097707e-06  ,9.167279323594e-03  ,-1.868470496871e-02  
  1.900475010468e-06  ,-2.984468018578e-02  ,-5.606005899063e-02  
  1.900826445041e-06  ,-5.192123954668e-02  ,-7.721170239597e-02  
  1.901177926181e-06  ,-7.399439382437e-02  ,-9.836075289297e-02  
  1.901266611373e-06  ,-7.956253945681e-02  ,-1.036958783609e-01  
  1.901354551507e-06  ,-8.508329651011e-02  ,-1.089856308632e-01  
  1.901487521088e-06  ,-9.342969143773e-02  ,-1.169826141389e-01  
  1.901634320809e-06  ,-1.026422938546e-01  ,-1.258098827437e-01  
  1.901927920250e-06  ,-1.210607534584e-01  ,-1.434581382503e-01  
  1.902515119134e-06  ,-1.578652084754e-01  ,-1.787240588028e-01  
  1.903063388733e-06  ,-1.921814064304e-01  ,-2.116058510904e-01  
  1.903600203065e-06  ,-2.257254471922e-01  ,-2.437472197868e-01  
  1.903872568352e-06  ,-2.427208487960e-01  ,-2.600316117062e-01  
  1.903968494577e-06  ,-2.487024098751e-01  ,-2.657628549568e-01  
  1.904135084903e-06  ,-2.590848918400e-01  ,-2.757107454415e-01  
  1.904285377083e-06  ,-2.684455363184e-01  ,-2.846794463153e-01  
  1.904585961444e-06  ,-2.871486632293e-01  ,-3.025990623167e-01  
  1.905187130166e-06  ,-3.244764345377e-01  ,-3.383612334033e-01  
  1.906389467610e-06  ,-3.987715009108e-01  ,-4.095303683367e-01  
  1.908794142498e-06  ,-5.455497993193e-01  ,-5.500762370903e-01  
  1.912950821413e-06  ,-7.914589893447e-01  ,-7.852494773046e-01  
  1.920624919428e-06  ,-1.207107847455e+00  ,-1.180994906880e+00  
  1.934436805738e-06  ,-1.765669810084e+00  ,-1.703131019644e+00  
  1.954326875700e-06  ,-1.981550706093e+00  ,-1.875898737171e+00  
  1.976824648870e-06  ,-1.330868071060e+00  ,-1.241848583849e+00  
  1.979760922683e-06  ,-1.187690018941e+00  ,-1.106134821995e+00  
  1.985633470310e-06  ,-8.723395996742e-01  ,-8.064695243450e-01  
  1.992628075374e-06  ,-4.590621015266e-01  ,-4.119879449956e-01  
  1.994376726640e-06  ,-3.514857608671e-01  ,-3.090991850409e-01  
  1.994813889457e-06  ,-3.244132183155e-01  ,-2.831987959268e-01  
  1.995688215090e-06  ,-2.700896821610e-01  ,-2.312152439425e-01  
  1.996773764683e-06  ,-2.023634521144e-01  ,-1.663838616770e-01  
  1.997932329966e-06  ,-1.298241957058e-01  ,-9.692253961216e-02  
  1.998531822307e-06  ,-9.221561979574e-02  ,-6.090187023841e-02  
  1.998724210268e-06  ,-8.013877294580e-02  ,-4.933399236025e-02  
  1.998946586816e-06  ,-6.617582148077e-02  ,-3.595896147463e-02  
  1.999391339911e-06  ,-3.824091079604e-02  ,-9.198654751722e-03  
  1.999883450760e-06  ,-7.322988387299e-03  ,2.042153614250e-02  
  2.000345526455e-06  ,2.170964109769e-02  ,4.823736827770e-02  
  2.000711955322e-06  ,4.472974246693e-02  ,7.029374325910e-02  
  2.000936846441e-06  ,5.885529994818e-02  ,8.382832450664e-02  
  2.000995938858e-06  ,6.256647447979e-02  ,8.738427412019e-02  
  2.001100409968e-06  ,6.912702640185e-02  ,9.367046228728e-02  
  2.001233100152e-06  ,7.745859035942e-02  ,1.016534345121e-01  
  2.001455593115e-06  ,9.142574118480e-02  ,1.150367697148e-01  
  2.001843721798e-06  ,1.157796919021e-01  ,1.383731151979e-01  
  2.002476555487e-06  ,1.554496277979e-01  ,1.763861612759e-01  
  2.003084150335e-06  ,1.934798189419e-01  ,2.128280392850e-01  
  2.003657193115e-06  ,2.292829948063e-01  ,2.471351771418e-01  
  2.003934494412e-06  ,2.465825563217e-01  ,2.637114756194e-01  
  2.004021980526e-06  ,2.520365942247e-01  ,2.689374139034e-01  
  2.004178233171e-06  ,2.617728946797e-01  ,2.782664244706e-01  
  2.004339398542e-06  ,2.718087023750e-01  ,2.878822732766e-01  
  2.004661729285e-06  ,2.918591567913e-01  ,3.070932220690e-01  
  2.005298753927e-06  ,3.313950350801e-01  ,3.449715035351e-01  
  2.006572803209e-06  ,4.100528441402e-01  ,4.203197293766e-01  
  2.009120901773e-06  ,5.652730237429e-01  ,5.689386813152e-01  
  2.013586779783e-06  ,8.279951103138e-01  ,8.201174373086e-01  
  2.021733244607e-06  ,1.261888995503e+00  ,1.232867586267e+00  
  2.036521156976e-06  ,1.823353189798e+00  ,1.755315466127e+00  
  2.055949290941e-06  ,1.965169032163e+00  ,1.857601638834e+00  
  2.078119238565e-06  ,1.269066378605e+00  ,1.183218333122e+00  
  2.081244384596e-06  ,1.111433813037e+00  ,1.033736398536e+00  
  2.087494676659e-06  ,7.656758689898e-01  ,7.048081378992e-01  
  2.093879824230e-06  ,3.821770603344e-01  ,3.384478268821e-01  
  2.095476111123e-06  ,2.832883924493e-01  ,2.438275183408e-01  
  2.095761002699e-06  ,2.655574941221e-01  ,2.268580252214e-01  
  2.096330785850e-06  ,2.300333025683e-01  ,1.928552896947e-01  
  2.096966134110e-06  ,1.903349328046e-01  ,1.548500304507e-01  
  2.097607442835e-06  ,1.501872884370e-01  ,1.164077026528e-01  
  2.097929075086e-06  ,1.300282738078e-01  ,9.710248832781e-02  
  2.098044710426e-06  ,1.227772205931e-01  ,9.015817512993e-02  
  2.098227738595e-06  ,1.112969448478e-01  ,7.916316537417e-02  
  2.098512164509e-06  ,9.344942441007e-02  ,6.206916093652e-02  
  2.099017127609e-06  ,6.174588072893e-02  ,3.170162882703e-02  
  2.099621555960e-06  ,2.377778014595e-02  ,-4.670249423203e-03  
  2.100240699207e-06  ,-1.512343310554e-02  ,-4.193944944042e-02  
  2.100784498459e-06  ,-4.928650199822e-02  ,-7.467168320118e-02  
  2.101077585673e-06  ,-6.769377287790e-02  ,-9.230871089388e-02  
  2.101158424472e-06  ,-7.276989043137e-02  ,-9.717248794967e-02  
  2.101257482270e-06  ,-7.898939177063e-02  ,-1.031318572654e-01  
  2.101418344961e-06  ,-8.908775520640e-02  ,-1.128076677462e-01  
  2.101612246322e-06  ,-1.012571161174e-01  ,-1.244682831909e-01  
  2.101942772703e-06  ,-1.219922362221e-01  ,-1.443367975726e-01  
  2.102516281145e-06  ,-1.579379918870e-01  ,-1.787807102703e-01  
  2.103069486754e-06  ,-1.925627798548e-01  ,-2.119589044907e-01  
  2.103605369763e-06  ,-2.260480032278e-01  ,-2.440445559423e-01  
  2.103874475421e-06  ,-2.428397873710e-01  ,-2.601341558995e-01  
  2.103969097795e-06  ,-2.487400169324e-01  ,-2.657875777345e-01  
  2.104133220116e-06  ,-2.589687106329e-01  ,-2.755883007468e-01  
  2.104284676449e-06  ,-2.684019124707e-01  ,-2.846266879067e-01  
  2.104587589117e-06  ,-2.872498729696e-01  ,-3.026853929790e-01  
  2.105193414452e-06  ,-3.248660503383e-01  ,-3.387244709846e-01  
  2.106405065121e-06  ,-3.997317957686e-01  ,-4.104412470814e-01  
  2.108828366460e-06  ,-5.476182925670e-01  ,-5.520491158984e-01  
  2.113006652059e-06  ,-7.946793497429e-01  ,-7.883209974246e-01  
  2.120728433790e-06  ,-1.212287238259e+00  ,-1.185902232546e+00  
  2.134625256719e-06  ,-1.771200225814e+00  ,-1.708162275155e+00  
  2.154467642965e-06  ,-1.980332751966e+00  ,-1.874494339032e+00  
  2.176935613813e-06  ,-1.325655599725e+00  ,-1.236906337656e+00  
  2.179888651432e-06  ,-1.181223374915e+00  ,-1.099996694050e+00  
  2.185794726672e-06  ,-8.632109862631e-01  ,-7.977731786761e-01  
  2.192762509646e-06  ,-4.508367944771e-01  ,-4.041213226397e-01  
  2.194504455389e-06  ,-3.435824253166e-01  ,-3.015352956419e-01  
  2.194939941825e-06  ,-3.165954785116e-01  ,-2.757156322509e-01  
  2.195810914697e-06  ,-2.624488732281e-01  ,-2.238992734153e-01  
  2.196028657915e-06  ,-2.488799343746e-01  ,-2.109117907627e-01  
  2.196464144351e-06  ,-2.217077541192e-01  ,-1.849012019583e-01  
  2.196991366060e-06  ,-1.887566985539e-01  ,-1.533540029808e-01  
  2.197519612225e-06  ,-1.556896880078e-01  ,-1.216910472424e-01  
  2.197785644518e-06  ,-1.390198653994e-01  ,-1.057273634536e-01  
  2.197907251963e-06  ,-1.313965294436e-01  ,-9.842660740158e-02  
  2.198080501245e-06  ,-1.205325813075e-01  ,-8.802199961112e-02  
  2.198355427669e-06  ,-1.032855618254e-01  ,-7.150335778525e-02  
  2.198905280517e-06  ,-6.876969519796e-02  ,-3.844222157065e-02  
  2.199556461262e-06  ,-2.786745902593e-02  ,7.406024157248e-04  
  2.200280750828e-06  ,1.763986605364e-02  ,4.433945638800e-02  
  2.200815609382e-06  ,5.124064149324e-02  ,7.653360170562e-02  
  2.201121176319e-06  ,7.043102032998e-02  ,9.492131346648e-02  
  2.201205484295e-06  ,7.572470781402e-02  ,9.999365329655e-02  
  2.201300223084e-06  ,8.167270905845e-02  ,1.056929813808e-01  
  2.201468396658e-06  ,9.222936314528e-02  ,1.158080999254e-01  
  2.201642716961e-06  ,1.031691408932e-01  ,1.262907102073e-01  
  2.201991357567e-06  ,1.250390858689e-01  ,1.472469500111e-01  
  2.202513270738e-06  ,1.577494324251e-01  ,1.785910645839e-01  
  2.203045428457e-06  ,1.910581203838e-01  ,2.105085508639e-01  
  2.203557376476e-06  ,2.230515628303e-01  ,2.411651936604e-01  
  2.203828344779e-06  ,2.399625047521e-01  ,2.573692076147e-01  
  2.204008183168e-06  ,2.511765681308e-01  ,2.681143135590e-01  
  2.204093829921e-06  ,2.565143895464e-01  ,2.732288574576e-01  
  2.204225612065e-06  ,2.647238981032e-01  ,2.810948922320e-01  
  2.204489176353e-06  ,2.811291624350e-01  ,2.968134841861e-01  
  2.204801402247e-06  ,3.005382838544e-01  ,3.154096248711e-01  
  2.205425854033e-06  ,3.392679149264e-01  ,3.525147715305e-01  
  2.206674757605e-06  ,4.163206277967e-01  ,4.263236959751e-01  
  2.209172564751e-06  ,5.683860063005e-01  ,5.719183904888e-01  
  2.213933485752e-06  ,8.477752613401e-01  ,8.390196577164e-01  
  2.222211080795e-06  ,1.285038881557e+00  ,1.254780596168e+00  
  2.237532454735e-06  ,1.848538469102e+00  ,1.777861385976e+00  
  2.257094699150e-06  ,1.950526908834e+00  ,1.841991806714e+00  
  2.278921920067e-06  ,1.229686842495e+00  ,1.145867856173e+00  
  2.282047066098e-06  ,1.069155530481e+00  ,9.935728956267e-01  
  2.288297358161e-06  ,7.188456937131e-01  ,6.601392085710e-01  
  2.289859931177e-06  ,6.263980208337e-01  ,5.719292706782e-01  
  2.292985077208e-06  ,4.372014804084e-01  ,3.911521913263e-01  
  2.296326290077e-06  ,2.303139034050e-01  ,1.931799489465e-01  
  2.296925782418e-06  ,1.928586434614e-01  ,1.573193041713e-01  
  2.298124767100e-06  ,1.177562154301e-01  ,8.539602595683e-02  
  2.298493943369e-06  ,9.459302660228e-02  ,6.320925762740e-02  
  2.298788986361e-06  ,7.607187649288e-02  ,4.546767073264e-02  
  2.299089151626e-06  ,5.722248121679e-02  ,2.741065788599e-02  
  2.299557048088e-06  ,2.783059121336e-02  ,-7.475206345933e-04  
  2.300079333788e-06  ,-4.984683737007e-03  ,-3.218766465449e-02  
  2.300606462365e-06  ,-3.810284888784e-02  ,-6.392004974271e-02  
  2.300856475910e-06  ,-5.380747535759e-02  ,-7.896813154619e-02  
  2.300932530040e-06  ,-5.858420940747e-02  ,-8.354523091619e-02  
  2.301046698546e-06  ,-6.575415785258e-02  ,-9.041557505487e-02  
  2.301171588903e-06  ,-7.359648207428e-02  ,-9.792987930664e-02  
  2.301421369618e-06  ,-8.927761093285e-02  ,-1.129561014621e-01  
  2.301920931047e-06  ,-1.206224111780e-01  ,-1.429923752991e-01  
  2.302528525895e-06  ,-1.587049378471e-01  ,-1.794856575797e-01  
  2.303147017216e-06  ,-1.974109547897e-01  ,-2.165763213714e-01  
  2.303729745751e-06  ,-2.338109565948e-01  ,-2.514562989319e-01  
  2.303983158624e-06  ,-2.496166012426e-01  ,-2.666015137546e-01  
  2.304066640051e-06  ,-2.548200159831e-01  ,-2.715874343460e-01  
  2.304209737765e-06  ,-2.637352293068e-01  ,-2.801299186944e-01  
  2.304380658740e-06  ,-2.743768751006e-01  ,-2.903265016141e-01  
  2.304681615630e-06  ,-2.930952197617e-01  ,-3.082615418095e-01  
  2.305283529410e-06  ,-3.304516358623e-01  ,-3.440526514712e-01  
  2.306487356970e-06  ,-4.047966788310e-01  ,-4.152719236318e-01  
  2.308895012090e-06  ,-5.516445296354e-01  ,-5.558839297027e-01  
  2.313303520629e-06  ,-8.117616877259e-01  ,-8.046095210257e-01  
  2.321128120372e-06  ,-1.232164940334e+00  ,-1.204722966222e+00  
  2.335503270576e-06  ,-1.796145547928e+00  ,-1.730790706873e+00  
  2.355160882423e-06  ,-1.973770132673e+00  ,-1.867089897386e+00  
  2.377497723052e-06  ,-1.299004880698e+00  ,-1.211614881321e+00  
  2.380536069820e-06  ,-1.148155565934e+00  ,-1.068601849402e+00  
  2.386612763355e-06  ,-8.165661551360e-01  ,-7.533227436270e-01  
  2.392554601381e-06  ,-4.635541272042e-01  ,-4.162948908637e-01  
  2.394040060887e-06  ,-3.722898180061e-01  ,-3.290245448764e-01  
  2.396497634897e-06  ,-2.196163279547e-01  ,-1.829105983349e-01  
  2.398380396614e-06  ,-1.017187785911e-01  ,-7.000547121672e-02  
  2.399422174046e-06  ,-3.630388151313e-02  ,-7.342130012512e-03  
  2.399854121456e-06  ,-9.165787162724e-03  ,1.865717649203e-02  
  2.400418316672e-06  ,2.628285509471e-02  ,5.262044652820e-02  
  2.400777248392e-06  ,4.883110393090e-02  ,7.422493551650e-02  
  2.401102466235e-06  ,6.925614813465e-02  ,9.379564223633e-02  
  2.401188229403e-06  ,7.464131723565e-02  ,9.895564321740e-02  
  2.401278148597e-06  ,8.028686555532e-02  ,1.043651689134e-01  
  2.401418103097e-06  ,8.907257349485e-02  ,1.127834000662e-01  
  2.401566812029e-06  ,9.840595418261e-02  ,1.217267026845e-01  
  2.401786417892e-06  ,1.121850337978e-01  ,1.349300639278e-01  
  2.402225629618e-06  ,1.397265181842e-01  ,1.613211053403e-01  
  2.402752013138e-06  ,1.726987486574e-01  ,1.929162930460e-01  
  2.403246824821e-06  ,2.036504472046e-01  ,2.225750874617e-01  
  2.403631228214e-06  ,2.276622519563e-01  ,2.455835119465e-01  
  2.403849227546e-06  ,2.412650775222e-01  ,2.586176781944e-01  
  2.403929728741e-06  ,2.462854021737e-01  ,2.634280760745e-01  
  2.404063396813e-06  ,2.546178967924e-01  ,2.714120758635e-01  
  2.404202047462e-06  ,2.632562452125e-01  ,2.796890395060e-01  
  2.404479348758e-06  ,2.805177937306e-01  ,2.962281298200e-01  
  2.405033951351e-06  ,3.149757144792e-01  ,3.292423492030e-01  
  2.406143156538e-06  ,3.835942773912e-01  ,3.949778581872e-01  
  2.408285198459e-06  ,5.147161501810e-01  ,5.205460149423e-01  
  2.412041036138e-06  ,7.386458068266e-01  ,7.347635809739e-01  
  2.418976781616e-06  ,1.122959866866e+00  ,1.101123280052e+00  
  2.431432662258e-06  ,1.669288093127e+00  ,1.614707479419e+00  
  2.454636750469e-06  ,1.978818382881e+00  ,1.871565104162e+00  
  2.476642785320e-06  ,1.339375931665e+00  ,1.249933899724e+00  
  2.495015917072e-06  ,3.118811047513e-01  ,2.700440119173e-01  
  2.495406560326e-06  ,2.876136582484e-01  ,2.468576447668e-01  
  2.496187846834e-06  ,2.389524738751e-01  ,2.003657593204e-01  
  2.496992137009e-06  ,1.887084745723e-01  ,1.523500402881e-01  
  2.497783016140e-06  ,1.391846113762e-01  ,1.050048878231e-01  
  2.498157221550e-06  ,1.157205189611e-01  ,8.256728360247e-02  
  2.498285907047e-06  ,1.076475928419e-01  ,7.484671484922e-02  
  2.498435826698e-06  ,9.824035852285e-02  ,6.584958786334e-02  
  2.498674059013e-06  ,8.328723781460e-02  ,5.154730217467e-02  
  2.499150523642e-06  ,5.336783841468e-02  ,2.292645736704e-02  
  2.499712297419e-06  ,1.807664016610e-02  ,-1.083889784931e-02  
  2.500240264187e-06  ,-1.509610072427e-02  ,-4.258243117120e-02  
  2.500713376055e-06  ,-4.481898735564e-02  ,-7.102843846193e-02  
  2.500970374519e-06  ,-6.096098584740e-02  ,-8.647825994564e-02  
  2.501038337784e-06  ,-6.522911739931e-02  ,-9.056350726514e-02  
  2.501147116261e-06  ,-7.205984041895e-02  ,-9.710165655244e-02  
  2.501280924032e-06  ,-8.046111036906e-02  ,-1.051432703103e-01  
  2.501529028365e-06  ,-9.603474321560e-02  ,-1.200507146463e-01  
  2.501903932268e-06  ,-1.195562735234e-01  ,-1.425672245412e-01  
  2.502497929806e-06  ,-1.567885179669e-01  ,-1.782110331469e-01  
  2.503079540754e-06  ,-1.931915468388e-01  ,-2.130631158972e-01  
  2.503630976850e-06  ,-2.276465609426e-01  ,-2.460512721035e-01  
  2.503904040629e-06  ,-2.446835749200e-01  ,-2.623631839801e-01  
  2.503993657144e-06  ,-2.502710712999e-01  ,-2.677128812948e-01  
  2.504154124023e-06  ,-2.602710287871e-01  ,-2.772872483341e-01  
  2.504309212515e-06  ,-2.699295335386e-01  ,-2.865346793677e-01  
  2.504619389499e-06  ,-2.892270905356e-01  ,-3.050108273439e-01  
  2.505205936456e-06  ,-3.256423571449e-01  ,-3.398753596787e-01  
  2.506379030371e-06  ,-3.981288559969e-01  ,-4.092696529141e-01  
  2.508725218201e-06  ,-5.413821094422e-01  ,-5.463693399738e-01  
  2.512929580832e-06  ,-7.902331741934e-01  ,-7.842578590575e-01  
  2.520484469557e-06  ,-1.200059970264e+00  ,-1.174405725419e+00  
  2.534290395403e-06  ,-1.761330420479e+00  ,-1.699212923226e+00  
  2.554237089777e-06  ,-1.982307316156e+00  ,-1.876775754630e+00  
  2.576773605967e-06  ,-1.333260335161e+00  ,-1.244115502812e+00  
  2.579697586322e-06  ,-1.190889522581e+00  ,-1.109170356435e+00  
  2.585545547033e-06  ,-8.773074604928e-01  ,-8.112012123779e-01  
  2.592599011684e-06  ,-4.608392803454e-01  ,-4.136868115645e-01  
  2.594362377847e-06  ,-3.523732546199e-01  ,-3.099479288663e-01  
  2.594803219387e-06  ,-3.250747418242e-01  ,-2.838314971018e-01  
  2.595684902469e-06  ,-2.702959121787e-01  ,-2.314124318962e-01  
  2.596779579023e-06  ,-2.019999978522e-01  ,-1.660357130846e-01  
  2.597936654190e-06  ,-1.295530685283e-01  ,-9.666273535882e-02  
  2.598536425928e-06  ,-9.192667244844e-02  ,-6.062497628521e-02  
  2.598729605513e-06  ,-7.980005081276e-02  ,-4.900941369427e-02  
  2.598953495460e-06  ,-6.574197470545e-02  ,-3.554325215324e-02  
  2.599401275354e-06  ,-3.761676081183e-02  ,-8.600613130359e-03  
  2.599893293070e-06  ,-6.704581610282e-03  ,2.101411107716e-02  
  2.600356812315e-06  ,2.241870944387e-02  ,4.891683432535e-02  
  2.600721471669e-06  ,4.532752063096e-02  ,7.086659619729e-02  
  2.600950088078e-06  ,5.968693112640e-02  ,8.462525720260e-02  
  2.601010367932e-06  ,6.347262973523e-02  ,8.825261702190e-02  
  2.601113255793e-06  ,6.993366550951e-02  ,9.444345582101e-02  
  2.601250462892e-06  ,7.854869341975e-02  ,1.026980463740e-01  
  2.601463968592e-06  ,9.195143462941e-02  ,1.155405710096e-01  
  2.601849023910e-06  ,1.161122731650e-01  ,1.386918755407e-01  
  2.602477387251e-06  ,1.555017309322e-01  ,1.764361515354e-01  
  2.603081070544e-06  ,1.932872167007e-01  ,2.126435363136e-01  
  2.603651226224e-06  ,2.289105517998e-01  ,2.467783493961e-01  
  2.603929039748e-06  ,2.462424409306e-01  ,2.633856279079e-01  
  2.604017119581e-06  ,2.517336039531e-01  ,2.686471400435e-01  
  2.604174233699e-06  ,2.615237601902e-01  ,2.780277557240e-01  
  2.604334630730e-06  ,2.715119082409e-01  ,2.875979394806e-01  
  2.604655424790e-06  ,2.914672684691e-01  ,3.067177766934e-01  
  2.605233776109e-06  ,3.273681071160e-01  ,3.411136208614e-01  
  2.606390478747e-06  ,3.988337566700e-01  ,4.095741655278e-01  
  2.608703884022e-06  ,5.400915665481e-01  ,5.448364513178e-01  
  2.612967851298e-06  ,7.924415465183e-01  ,7.861640505276e-01  
  2.620498898165e-06  ,1.200785087511e+00  ,1.174986423517e+00  
  2.634400191443e-06  ,1.764588114804e+00  ,1.702150337275e+00  
  2.654686632292e-06  ,1.978361018893e+00  ,1.872368121104e+00  
  2.676990690367e-06  ,1.323062445148e+00  ,1.234454258919e+00  
  2.679968687432e-06  ,1.177161617152e+00  ,1.096145305366e+00  
  2.685924681561e-06  ,8.558381961505e-01  ,7.907508404952e-01  
  2.692911090987e-06  ,4.417365552354e-01  ,3.954172705389e-01  
  2.694657693343e-06  ,3.340933951290e-01  ,2.924531874519e-01  
  2.695094343932e-06  ,3.070127414310e-01  ,2.665424823289e-01  
  2.695967645111e-06  ,2.526832247848e-01  ,2.145484863449e-01  
  2.696877174737e-06  ,1.958982954225e-01  ,1.601880469632e-01  
  2.697846495273e-06  ,1.352054957672e-01  ,1.020709419267e-01  
  2.698337395402e-06  ,1.044170341334e-01  ,7.258365194157e-02  
  2.698455556953e-06  ,9.700214770458e-02  ,6.548166503041e-02  
  2.698564358713e-06  ,9.017342349129e-02  ,5.894095041065e-02  
  2.698781962233e-06  ,7.651289424958e-02  ,4.585613705217e-02  
  2.699217169272e-06  ,4.918174715501e-02  ,1.967519588451e-02  
  2.699742155807e-06  ,1.620065127050e-02  ,-1.192058097104e-02  
  2.700227840530e-06  ,-1.431552044747e-02  ,-4.115709735800e-02  
  2.700670125620e-06  ,-4.210212432969e-02  ,-6.778004375243e-02  
  2.700912828283e-06  ,-5.734683158195e-02  ,-8.238682510202e-02  
  2.700975052273e-06  ,-6.125476057087e-02  ,-8.613127082843e-02  
  2.701094517676e-06  ,-6.875702282291e-02  ,-9.331973750221e-02  
  2.701214937685e-06  ,-7.631825256369e-02  ,-1.005644968366e-01  
  2.701455777703e-06  ,-9.143732707358e-02  ,-1.150514653841e-01  
  2.701901974348e-06  ,-1.194334735879e-01  ,-1.418777219094e-01  
  2.702492619125e-06  ,-1.564558627976e-01  ,-1.773536500868e-01  
  2.703101238428e-06  ,-1.945484316808e-01  ,-2.138551131340e-01  
  2.703663943527e-06  ,-2.297043341692e-01  ,-2.475418534426e-01  
  2.703936308814e-06  ,-2.466956884238e-01  ,-2.638227548291e-01  
  2.704022491077e-06  ,-2.520684173247e-01  ,-2.689707624252e-01  
  2.704174552770e-06  ,-2.615436358719e-01  ,-2.780495761160e-01  
  2.704337208258e-06  ,-2.716723589422e-01  ,-2.877544151215e-01  
  2.704662519233e-06  ,-2.919082592544e-01  ,-3.071429693533e-01  
  2.705269275891e-06  ,-3.295683367165e-01  ,-3.432240269287e-01  
  2.706482789205e-06  ,-4.045156135258e-01  ,-4.150183987598e-01  
  2.708909815835e-06  ,-5.525385350237e-01  ,-5.567521610718e-01  
  2.713292992400e-06  ,-8.111570738353e-01  ,-8.040403480237e-01  
  2.721131003188e-06  ,-1.232307610158e+00  ,-1.204862582145e+00  
  2.735486781882e-06  ,-1.795689618906e+00  ,-1.730378612874e+00  
  2.755144393729e-06  ,-1.973937106074e+00  ,-1.867272344370e+00  
  2.777484214591e-06  ,-1.299650127704e+00  ,-1.212226928230e+00  
  2.780520698713e-06  ,-1.148946225812e+00  ,-1.069352695810e+00  
  2.786593666958e-06  ,-8.176613085952e-01  ,-7.543666737172e-01  
  2.792532524752e-06  ,-4.649033584835e-01  ,-4.175852780169e-01  
  2.794017239200e-06  ,-3.736985893174e-01  ,-3.303726345031e-01  
  2.796499772655e-06  ,-2.194828204289e-01  ,-1.827830681964e-01  
  2.798393337714e-06  ,-1.009067092437e-01  ,-6.922778883378e-02  
  2.799440889345e-06  ,-3.512815209114e-02  ,-6.215869070206e-03  
  2.799876701744e-06  ,-7.747038514661e-03  ,2.001634627184e-02  
  2.800447509350e-06  ,2.811691548890e-02  ,5.437764187251e-02  
  2.800761923851e-06  ,4.786851607119e-02  ,7.330254722272e-02  
  2.801078806357e-06  ,6.777042675171e-02  ,9.237197278822e-02  
  2.801162183011e-06  ,7.300588949237e-02  ,9.738851836187e-02  
  2.801252602791e-06  ,7.868304338116e-02  ,1.028283191929e-01  
  2.801401614403e-06  ,8.803757438167e-02  ,1.117915813186e-01  
  2.801556516631e-06  ,9.775985357844e-02  ,1.211075233359e-01  
  2.801804062171e-06  ,1.132918937903e-01  ,1.359906064410e-01  
  2.802299153252e-06  ,1.443344797679e-01  ,1.657365413012e-01  
  2.802798714681e-06  ,1.756219462043e-01  ,1.957173308035e-01  
  2.803301722003e-06  ,2.070815059186e-01  ,2.258627314667e-01  
  2.803668337135e-06  ,2.299785636825e-01  ,2.478029389407e-01  
  2.803884054726e-06  ,2.434372086152e-01  ,2.606989206325e-01  
  2.803958967986e-06  ,2.481084712999e-01  ,2.651748419274e-01  
  2.804084580118e-06  ,2.559379965003e-01  ,2.726768931044e-01  
  2.804230425233e-06  ,2.650236544929e-01  ,2.813824344008e-01  
  2.804522115463e-06  ,2.831780886139e-01  ,2.987769786208e-01  
  2.804936321178e-06  ,3.089165079560e-01  ,3.234370792810e-01  
  2.805764732609e-06  ,3.602320737287e-01  ,3.725985003605e-01  
  2.807421555469e-06  ,4.620966830790e-01  ,4.701636056321e-01  
  2.810735201189e-06  ,6.617983931015e-01  ,6.612912739305e-01  
  2.816433405230e-06  ,9.872805796450e-01  ,9.720710806839e-01  
  2.827004288981e-06  ,1.500400339010e+00  ,1.457543935697e+00  
  2.846086716006e-06  ,1.984904920245e+00  ,1.893007856900e+00  
  2.864543294260e-06  ,1.794856742272e+00  ,1.686006317599e+00  
  2.885422801325e-06  ,8.842316626585e-01  ,8.174500009780e-01  
  2.887603213737e-06  ,7.593713909228e-01  ,6.985191244218e-01  
  2.891964038560e-06  ,4.995679932513e-01  ,4.506252751536e-01  
  2.893054244766e-06  ,4.329596346000e-01  ,3.869721746477e-01  
  2.895234657178e-06  ,2.982981375571e-01  ,2.581753778915e-01  
  2.897101027617e-06  ,1.818961083965e-01  ,1.467554659859e-01  
  2.898326275596e-06  ,1.051147528659e-01  ,7.322748961259e-02  
  2.899220624665e-06  ,4.896470377334e-02  ,1.944414084614e-02  
  2.899672968039e-06  ,2.054766261484e-02  ,-7.778255573960e-03  
  2.900208385387e-06  ,-1.309314652037e-02  ,-4.000715140857e-02  
  2.900664966280e-06  ,-4.177802467067e-02  ,-6.748981069209e-02  
  2.900917354697e-06  ,-5.763111704200e-02  ,-8.267902086107e-02  
  2.900982791750e-06  ,-6.174081629795e-02  ,-8.661666986031e-02  
  2.901103141909e-06  ,-6.929857654075e-02  ,-9.385808406697e-02  
  2.901231361745e-06  ,-7.734944487749e-02  ,-1.015717531397e-01  
  2.901487801416e-06  ,-9.344728573852e-02  ,-1.169961075575e-01  
  2.901939166902e-06  ,-1.217660980953e-01  ,-1.441307736882e-01  
  2.902520498453e-06  ,-1.582021442603e-01  ,-1.790438785091e-01  
  2.903121201513e-06  ,-1.957967625497e-01  ,-2.150672151966e-01  
  2.903682602761e-06  ,-2.308689306805e-01  ,-2.486728500038e-01  
  2.903944583802e-06  ,-2.472116424019e-01  ,-2.643318404285e-01  
  2.904029357439e-06  ,-2.524963974638e-01  ,-2.693954318559e-01  
  2.904176785802e-06  ,-2.616827359004e-01  ,-2.781972434593e-01  
  2.904341653181e-06  ,-2.719490504724e-01  ,-2.880336883701e-01  
  2.904671387939e-06  ,-2.924595178634e-01  ,-3.076848619006e-01  
  2.905265851138e-06  ,-3.293560928976e-01  ,-3.430336670825e-01  
  2.906454777537e-06  ,-4.027918077239e-01  ,-4.133789082321e-01  
  2.908832630334e-06  ,-5.478759564410e-01  ,-5.522986397840e-01  
  2.913196435390e-06  ,-8.056078788493e-01  ,-7.987472329993e-01  
  2.920922687469e-06  ,-1.221972167593e+00  ,-1.195073300826e+00  
  2.935141375480e-06  ,-1.786028203466e+00  ,-1.721631137664e+00  
  2.954885414062e-06  ,-1.976490152485e+00  ,-1.870144296779e+00  
  2.977284839569e-06  ,-1.309146218941e+00  ,-1.221232684850e+00  
  2.980287423549e-06  ,-1.160912453875e+00  ,-1.080713742580e+00  
  2.986292591510e-06  ,-8.348884410951e-01  ,-7.707854582456e-01  
  2.993029406486e-06  ,-4.344831305915e-01  ,-3.884814882070e-01  
  2.994713610230e-06  ,-3.306288860997e-01  ,-2.891389875091e-01  
  2.995134661166e-06  ,-3.045093137612e-01  ,-2.641473503002e-01  
  2.995976763038e-06  ,-2.521149088877e-01  ,-2.140047493995e-01  
  2.996187288506e-06  ,-2.389873033325e-01  ,-2.014390656871e-01  
  2.996608339442e-06  ,-2.127013049347e-01  ,-1.762756764135e-01  
  2.997142452938e-06  ,-1.793039124618e-01  ,-1.442999039243e-01  
  2.997513445286e-06  ,-1.560759894552e-01  ,-1.220578839838e-01  
  2.997772073565e-06  ,-1.398704784425e-01  ,-1.065389426490e-01  
  2.997879850870e-06  ,-1.331144224321e-01  ,-1.000688260116e-01  
  2.998043507529e-06  ,-1.228526581563e-01  ,-9.024105526312e-02  
  2.998324301286e-06  ,-1.052386308168e-01  ,-7.337110084745e-02  
  2.998885888798e-06  ,-6.998737952455e-02  ,-3.960590436680e-02  
  2.999549083604e-06  ,-2.833096519794e-02  ,2.991510712990e-04  
  3.000292930944e-06  ,1.840513423686e-02  ,4.507511383610e-02  
  3.000828627689e-06  ,5.205833299628e-02  ,7.731943138942e-02  
  3.001139270334e-06  ,7.156718418291e-02  ,9.601226307863e-02  
  3.001225103350e-06  ,7.695651104817e-02  ,1.011762349675e-01  
  3.001318340382e-06  ,8.281008958752e-02  ,1.067850785062e-01  
  3.001488679281e-06  ,9.350238332579e-02  ,1.170301493235e-01  
  3.001655921532e-06  ,1.039976950537e-01  ,1.270868472737e-01  
  3.001990406035e-06  ,1.249794162350e-01  ,1.471919207557e-01  
  3.002515299438e-06  ,1.578765019640e-01  ,1.787148888711e-01  
  3.003044570057e-06  ,1.910044321141e-01  ,2.104590844211e-01  
  3.003556052415e-06  ,2.229688884096e-01  ,2.410878781723e-01  
  3.003827020718e-06  ,2.398799122939e-01  ,2.572919334514e-01  
  3.004008093109e-06  ,2.511709543647e-01  ,2.681107743004e-01  
  3.004093425540e-06  ,2.564891914104e-01  ,2.732065413751e-01  
  3.004225230968e-06  ,2.647001637229e-01  ,2.810739609480e-01  
  3.004488841822e-06  ,2.811083519015e-01  ,2.967953195705e-01  
  3.004798646277e-06  ,3.003670862815e-01  ,3.152473351392e-01  
  3.005418255186e-06  ,3.387973752274e-01  ,3.520656440561e-01  
  3.006657473003e-06  ,4.152583325507e-01  ,4.253077603672e-01  
  3.009135908639e-06  ,5.661774249502e-01  ,5.698059033417e-01  
  3.013875222957e-06  ,8.444582391335e-01  ,8.358538973725e-01  
  3.022099173820e-06  ,1.279643063937e+00  ,1.249677544694e+00  
  3.037334121024e-06  ,1.843745481565e+00  ,1.773587273477e+00  
  3.056938088691e-06  ,1.952678409128e+00  ,1.844275009889e+00  
  3.078795111930e-06  ,1.235960701621e+00  ,1.151820742746e+00  
  3.081920257961e-06  ,1.075880592776e+00  ,9.999634285882e-01  
  3.088170550024e-06  ,7.262751242351e-01  ,6.672274393042e-01  
  3.089733123040e-06  ,6.339597511280e-01  ,5.791500773177e-01  
  3.092858269071e-06  ,4.449728796715e-01  ,3.985846927289e-01  
  3.096200599527e-06  ,2.381569188639e-01  ,2.006900429399e-01  
  3.096850103891e-06  ,1.975909568514e-01  ,1.618521371663e-01  
  3.098149112618e-06  ,1.162291608895e-01  ,8.393476371600e-02  
  3.098642341053e-06  ,8.527836554329e-02  ,5.428801827514e-02  
  3.098865742056e-06  ,7.125244728864e-02  ,4.085213365128e-02  
  3.099125301657e-06  ,5.495200124628e-02  ,2.523672902743e-02  
  3.099568564637e-06  ,2.710705337352e-02  ,-1.439587829623e-03  
  3.100038789405e-06  ,-2.437209564561e-03  ,-2.974578471135e-02  
  3.100551948143e-06  ,-3.467818676732e-02  ,-6.063757574036e-02  
  3.100806944264e-06  ,-5.069637287386e-02  ,-7.598606087268e-02  
  3.100978307618e-06  ,-6.145920364907e-02  ,-8.629909667603e-02  
  3.101038703887e-06  ,-6.525210808134e-02  ,-8.993352126038e-02  
  3.101147389231e-06  ,-7.207698053172e-02  ,-9.647304375335e-02  
  3.101337425603e-06  ,-8.400820608464e-02  ,-1.079058801030e-01  
  3.101587578846e-06  ,-9.970917034900e-02  ,-1.229512546480e-01  
  3.102087885333e-06  ,-1.310916553395e-01  ,-1.530238265912e-01  
  3.102675549878e-06  ,-1.679118712518e-01  ,-1.883075462329e-01  
  3.103269733680e-06  ,-2.050823188029e-01  ,-2.239266374337e-01  
  3.103640306933e-06  ,-2.282289676612e-01  ,-2.461067617257e-01  
  3.103870855836e-06  ,-2.426140432230e-01  ,-2.598908863147e-01  
  3.103949610801e-06  ,-2.475250728622e-01  ,-2.645966931407e-01  
  3.104082347551e-06  ,-2.557988729101e-01  ,-2.725246754048e-01  
  3.104236295173e-06  ,-2.653892167271e-01  ,-2.817140537505e-01  
  3.104544190416e-06  ,-2.845510571914e-01  ,-3.000743329157e-01  
  3.104991458083e-06  ,-3.123388220437e-01  ,-3.266985220022e-01  
  3.105885993415e-06  ,-3.677238762815e-01  ,-3.797592104264e-01  
  3.107675064081e-06  ,-4.775792933949e-01  ,-4.849755825212e-01  
  3.111253205413e-06  ,-6.924230642924e-01  ,-6.905674025438e-01  
  3.117284450406e-06  ,-1.033425628098e+00  ,-1.016010679350e+00  
  3.128625724191e-06  ,-1.565787721065e+00  ,-1.518653168183e+00  
  3.148998591775e-06  ,-1.999010339508e+00  ,-1.900890559126e+00  
  3.167613122338e-06  ,-1.701555812051e+00  ,-1.595884909189e+00  
  3.188275072450e-06  ,-7.201521977987e-01  ,-6.610278918974e-01  
  3.191400218481e-06  ,-5.337907490357e-01  ,-4.832029822592e-01  
  3.192181504989e-06  ,-4.863257402761e-01  ,-4.378762771702e-01  
  3.193744078005e-06  ,-3.905455776103e-01  ,-3.463393533016e-01  
  3.195912569487e-06  ,-2.561156185610e-01  ,-2.177432875865e-01  
  3.197892188752e-06  ,-1.323409194055e-01  ,-9.925027903420e-02  
  3.198850705946e-06  ,-7.219658620822e-02  ,-4.165078301836e-02  
  3.199250615859e-06  ,-4.708084481156e-02  ,-1.759459406830e-02  
  3.199728104943e-06  ,-1.708346250159e-02  ,1.113950357473e-02  
  3.200282986933e-06  ,1.778035919746e-02  ,4.453780325210e-02  
  3.200652116636e-06  ,4.097083052240e-02  ,6.675479376237e-02  
  3.200878334889e-06  ,5.518040557460e-02  ,8.036832706543e-02  
  3.200938265497e-06  ,5.894442320591e-02  ,8.397450628519e-02  
  3.201052678475e-06  ,6.612968359926e-02  ,9.085851956196e-02  
  3.201173354598e-06  ,7.370734867725e-02  ,9.811819889061e-02  
  3.201414706843e-06  ,8.885939178920e-02  ,1.126353786240e-01  
  3.201820577221e-06  ,1.143278835372e-01  ,1.370372772820e-01  
  3.202451362001e-06  ,1.538714145098e-01  ,1.749256748625e-01  
  3.203075813787e-06  ,1.929584683532e-01  ,2.123770515129e-01  
  3.203651184874e-06  ,2.289079707311e-01  ,2.468216283547e-01  
  3.203935890185e-06  ,2.466695860003e-01  ,2.638393549199e-01  
  3.204023818677e-06  ,2.521511675296e-01  ,2.690912878873e-01  
  3.204182492761e-06  ,2.620382278807e-01  ,2.785640440111e-01  
  3.204342493979e-06  ,2.720013886180e-01  ,2.881095841125e-01  
  3.204662496416e-06  ,2.919068409471e-01  ,3.071802308778e-01  
  3.205302501289e-06  ,3.316272317564e-01  ,3.452327021690e-01  
  3.206582511036e-06  ,4.106498280892e-01  ,4.209259944082e-01  
  3.209142530529e-06  ,5.665764586086e-01  ,5.702130455712e-01  
  3.213654602138e-06  ,8.318722904223e-01  ,8.238370800895e-01  
  3.221792126266e-06  ,1.264757121980e+00  ,1.235589519832e+00  
  3.236714149086e-06  ,1.828302343542e+00  ,1.759764039645e+00  
  3.256449246971e-06  ,1.959089801308e+00  ,1.851121196056e+00  
  3.278395677177e-06  ,1.255594149901e+00  ,1.170448150665e+00  
  3.281520823209e-06  ,1.096951863544e+00  ,1.019983550603e+00  
  3.287771115271e-06  ,7.496013059191e-01  ,6.894789450873e-01  
  3.289333688287e-06  ,6.577122315761e-01  ,6.018284570623e-01  
  3.292458834318e-06  ,4.694053869802e-01  ,4.219491113074e-01  
  3.295804517535e-06  ,2.628473376958e-01  ,2.243306305036e-01  
  3.296599494485e-06  ,2.132538899355e-01  ,1.768539581159e-01  
  3.297903532354e-06  ,1.316297335644e-01  ,9.868924368362e-02  
  3.298470242141e-06  ,9.608052576628e-02  ,6.463912002889e-02  
  3.298669475323e-06  ,8.357498887322e-02  ,5.266002676463e-02  
  3.298882724909e-06  ,7.018605043637e-02  ,3.983421912302e-02  
  3.299309224082e-06  ,4.339932430831e-02  ,1.417266582396e-02  
  3.299813255860e-06  ,1.173341308720e-02  ,-1.616542952110e-02  
  3.300273329211e-06  ,-1.717356980106e-02  ,-4.386206642686e-02  
  3.300653960748e-06  ,-4.108667510224e-02  ,-6.677503505009e-02  
  3.300874055555e-06  ,-5.491162894267e-02  ,-8.002214902473e-02  
  3.300934882561e-06  ,-5.873195906254e-02  ,-8.368284169441e-02  
  3.301049563294e-06  ,-6.593405772041e-02  ,-9.058403741586e-02  
  3.301165361615e-06  ,-7.320547360145e-02  ,-9.755136283871e-02  
  3.301396958256e-06  ,-8.774530265521e-02  ,-1.114838940085e-01  
  3.301837427268e-06  ,-1.153848559217e-01  ,-1.379696931372e-01  
  3.302519993583e-06  ,-1.581705217222e-01  ,-1.789699747653e-01  
  3.303168380359e-06  ,-1.987466412871e-01  ,-2.178528926160e-01  
  3.303780724952e-06  ,-2.369918093932e-01  ,-2.545010999520e-01  
  3.304052438313e-06  ,-2.539349414386e-01  ,-2.707362775640e-01  
  3.304132974433e-06  ,-2.589534038680e-01  ,-2.755449708646e-01  
  3.304273417877e-06  ,-2.677008977487e-01  ,-2.839267360380e-01  
  3.304445153760e-06  ,-2.783903357199e-01  ,-2.941690923087e-01  
  3.304666436004e-06  ,-2.921517196002e-01  ,-3.073546261115e-01  
  3.305109000491e-06  ,-3.196314664203e-01  ,-3.336833717970e-01  
  3.305994129466e-06  ,-3.744002997268e-01  ,-3.861529894224e-01  
  3.307764387416e-06  ,-4.830273985818e-01  ,-4.901906478937e-01  
  3.311304903315e-06  ,-6.954695399441e-01  ,-6.934787269977e-01  
  3.317606604384e-06  ,-1.050702370834e+00  ,-1.032415562834e+00  
  3.329052186297e-06  ,-1.582317598788e+00  ,-1.534046035069e+00  
  3.349913811969e-06  ,-1.999992668490e+00  ,-1.900104807363e+00  
  3.369079685496e-06  ,-1.651341736227e+00  ,-1.547831682552e+00  
  3.389527058886e-06  ,-6.462261060583e-01  ,-5.903914707073e-01  
  3.392652204918e-06  ,-4.575863437853e-01  ,-4.103106850356e-01  
  3.393290719675e-06  ,-4.184419936577e-01  ,-3.729142607478e-01  
  3.394567749189e-06  ,-3.396640044928e-01  ,-2.976036352513e-01  
  3.396114862250e-06  ,-2.435047509057e-01  ,-2.056115023164e-01  
  3.397680229234e-06  ,-1.456265082720e-01  ,-1.119211273118e-01  
  3.398419792490e-06  ,-9.924658890414e-02  ,-6.751129253392e-02  
  3.398679538356e-06  ,-8.294325794423e-02  ,-5.189870464569e-02  
  3.398939237656e-06  ,-6.663732818750e-02  ,-3.628275237312e-02  
  3.399458636256e-06  ,-3.401324743049e-02  ,-5.036673670950e-03  
  3.399988372536e-06  ,-7.305750698702e-04  ,2.684329641796e-02  
  3.400494546356e-06  ,3.107201385893e-02  ,5.730795696521e-02  
  3.400790148141e-06  ,4.964137341354e-02  ,7.509704933234e-02  
  3.401082955958e-06  ,6.803100355928e-02  ,9.271452181054e-02  
  3.401146542007e-06  ,7.202378242288e-02  ,9.653971581176e-02  
  3.401253108593e-06  ,7.871479919978e-02  ,1.029499465090e-01  
  3.401426148327e-06  ,8.957756578704e-02  ,1.133565741820e-01  
  3.401593181031e-06  ,1.000607267366e-01  ,1.234000102495e-01  
  3.401881471934e-06  ,1.181475431807e-01  ,1.407285392746e-01  
  3.402458053740e-06  ,1.542906192626e-01  ,1.753569907762e-01  
  3.403013401391e-06  ,1.890549071826e-01  ,2.086648426306e-01  
  3.403540902497e-06  ,2.220228997613e-01  ,2.402513714038e-01  
  3.403830869781e-06  ,2.401200084702e-01  ,2.575898904095e-01  
  3.404030196095e-06  ,2.525486700616e-01  ,2.694973972286e-01  
  3.404111663537e-06  ,2.576256139713e-01  ,2.743614070151e-01  
  3.404246519046e-06  ,2.660259072821e-01  ,2.824093133126e-01  
  3.404488942312e-06  ,2.811146031758e-01  ,2.968648153564e-01  
  3.404766476439e-06  ,2.983685679288e-01  ,3.133943098037e-01  
  3.405321544694e-06  ,3.328071412710e-01  ,3.463852748907e-01  
  3.406431681203e-06  ,4.013702512420e-01  ,4.120579417448e-01  
  3.408651954221e-06  ,5.369492264636e-01  ,5.418721082985e-01  
  3.413092500256e-06  ,7.996263754439e-01  ,7.930693463870e-01  
  3.420620566892e-06  ,1.206889786170e+00  ,1.180794326314e+00  
  3.434693223523e-06  ,1.773179604918e+00  ,1.709976106654e+00  
  3.454923039960e-06  ,1.976127352226e+00  ,1.869845433419e+00  
  3.477188355016e-06  ,1.313723291213e+00  ,1.225582698821e+00  
  3.480194664286e-06  ,1.165653400933e+00  ,1.085219666614e+00  
  3.486207282828e-06  ,8.397561757815e-01  ,7.754265653832e-01  
  3.493166125106e-06  ,4.260940186911e-01  ,3.804542710990e-01  
  3.494905835675e-06  ,3.187112294145e-01  ,2.777295719163e-01  
  3.495340763317e-06  ,2.917042176017e-01  ,2.518871637977e-01  
  3.496210618602e-06  ,2.375318691304e-01  ,2.000396277556e-01  
  3.497085409896e-06  ,1.828733099781e-01  ,1.477116217076e-01  
  3.497749629157e-06  ,1.412772144400e-01  ,1.078803625869e-01  
  3.498165976914e-06  ,1.151713204895e-01  ,8.287873261841e-02  
  3.498302718351e-06  ,1.065928236474e-01  ,7.466259419306e-02  
  3.498454197967e-06  ,9.708743472857e-02  ,6.555843185740e-02  
  3.498699368635e-06  ,8.169834068246e-02  ,5.081830639273e-02  
  3.499189709971e-06  ,5.090652567182e-02  ,2.132285624853e-02  
  3.499709667364e-06  ,1.824188458056e-02  ,-9.969392669676e-03  
  3.500238658587e-06  ,-1.499522074820e-02  ,-4.181248706317e-02  
  3.500700082356e-06  ,-4.398392552069e-02  ,-6.958708442037e-02  
  3.500952843303e-06  ,-5.985996966794e-02  ,-8.479874139810e-02  
  3.501019491075e-06  ,-6.404556234230e-02  ,-8.880922521491e-02  
  3.501130562933e-06  ,-7.102042979362e-02  ,-9.549233766252e-02  
  3.501263253117e-06  ,-7.935170059175e-02  ,-1.034749233173e-01  
  3.501520391280e-06  ,-9.549268158191e-02  ,-1.189410949560e-01  
  3.501910010079e-06  ,-1.199374685564e-01  ,-1.423642915893e-01  
  3.502491527895e-06  ,-1.563875087756e-01  ,-1.772915820115e-01  
  3.503072300652e-06  ,-1.927387601329e-01  ,-2.121242850616e-01  
  3.503619825194e-06  ,-2.269504214491e-01  ,-2.449061438431e-01  
  3.503893727163e-06  ,-2.440404157594e-01  ,-2.612815350846e-01  
  3.503985683626e-06  ,-2.497740104885e-01  ,-2.667753076598e-01  
  3.504147291375e-06  ,-2.598453655963e-01  ,-2.764253022136e-01  
  3.504302077187e-06  ,-2.694853028891e-01  ,-2.856617959647e-01  
  3.504611648811e-06  ,-2.887458327750e-01  ,-3.041158269208e-01  
  3.505227532430e-06  ,-3.269810899067e-01  ,-3.407480280751e-01  
  3.506459299667e-06  ,-4.030701155358e-01  ,-4.136362951118e-01  
  3.508922834141e-06  ,-5.533246181552e-01  ,-5.575066104938e-01  
  3.513199467404e-06  ,-8.057822436791e-01  ,-7.989081556872e-01  
  3.521047909005e-06  ,-1.228191251699e+00  ,-1.200964539839e+00  
  3.535251695855e-06  ,-1.789136904357e+00  ,-1.724443000870e+00  
  3.554951030953e-06  ,-1.975855663501e+00  ,-1.869411874364e+00  
  3.577317673905e-06  ,-1.307585865504e+00  ,-1.219754550495e+00  
  3.580330316169e-06  ,-1.158716866529e+00  ,-1.078630566135e+00  
  3.586355600698e-06  ,-8.312892688691e-01  ,-7.673559930997e-01  
  3.592827175004e-06  ,-4.468773969976e-01  ,-4.003400757996e-01  
  3.594445068581e-06  ,-3.472577353828e-01  ,-3.050572695143e-01  
  3.594849541975e-06  ,-3.222025677320e-01  ,-2.810862746867e-01  
  3.595658488763e-06  ,-2.719402146522e-01  ,-2.329885917862e-01  
  3.596663385822e-06  ,-2.092619377403e-01  ,-1.729904906910e-01  
  3.597944140626e-06  ,-1.290836661787e-01  ,-9.621491972804e-02  
  3.598651759518e-06  ,-8.468712039930e-02  ,-5.369202247739e-02  
  3.598882983631e-06  ,-7.016980450116e-02  ,-3.978608010693e-02  
  3.599160890287e-06  ,-5.271671203277e-02  ,-2.306721258373e-02  
  3.599592418602e-06  ,-2.560839474023e-02  ,2.902288889272e-03  
  3.600054494297e-06  ,3.423975998110e-03  ,3.071687432537e-02  
  3.600576500600e-06  ,3.622062075553e-02  ,6.213982104615e-02  
  3.600827398902e-06  ,5.198115215193e-02  ,7.724084346860e-02  
  3.600972149713e-06  ,6.107247265344e-02  ,8.595188362249e-02  
  3.601037307369e-06  ,6.516440890561e-02  ,8.987269104837e-02  
  3.601144188276e-06  ,7.187598883845e-02  ,9.630341735584e-02  
  3.601357950090e-06  ,8.529664193276e-02  ,1.091630517087e-01  
  3.601653505309e-06  ,1.038460843525e-01  ,1.269373465964e-01  
  3.602244615747e-06  ,1.409165120391e-01  ,1.624593435408e-01  
  3.602808624698e-06  ,1.762421971739e-01  ,1.963097899229e-01  
  3.603376172675e-06  ,2.117336663286e-01  ,2.303186839448e-01  
  3.603767374722e-06  ,2.361588787717e-01  ,2.537231126364e-01  
  3.604056690080e-06  ,2.541999235214e-01  ,2.710097771619e-01  
  3.604135351913e-06  ,2.591015272126e-01  ,2.757063465192e-01  
  3.604254700901e-06  ,2.665354116339e-01  ,2.828292063232e-01  
  3.604421384359e-06  ,2.769113217608e-01  ,2.927708633964e-01  
  3.604615215870e-06  ,2.889676077849e-01  ,3.043223497257e-01  
  3.605002878891e-06  ,3.130475878683e-01  ,3.273933052370e-01  
  3.605778204935e-06  ,3.610646886016e-01  ,3.733944888973e-01  
  3.607328857021e-06  ,4.564279117980e-01  ,4.647335422512e-01  
  3.610430161195e-06  ,6.436817618129e-01  ,6.439614076145e-01  
  3.616173068719e-06  ,9.730222185040e-01  ,9.584565566535e-01  
  3.626282016473e-06  ,1.470009788188e+00  ,1.429038696290e+00  
  3.645006815629e-06  ,1.975443627184e+00  ,1.886044861080e+00  
  3.663561741548e-06  ,1.821206722885e+00  ,1.711768068261e+00  
  3.684548536973e-06  ,9.331633498465e-01  ,8.640476366065e-01  
  3.687673683004e-06  ,7.552733856931e-01  ,6.946903514047e-01  
  3.693923975067e-06  ,3.794537331773e-01  ,3.358018518416e-01  
  3.695486548083e-06  ,2.826392154715e-01  ,2.431882790680e-01  
  3.695744943531e-06  ,2.665575533200e-01  ,2.277982016423e-01  
  3.696261734428e-06  ,2.343425937079e-01  ,1.969644149304e-01  
  3.696936663898e-06  ,1.921781148355e-01  ,1.565999900992e-01  
  3.697570801439e-06  ,1.524829348451e-01  ,1.185922683628e-01  
  3.697904820280e-06  ,1.315489861328e-01  ,9.854561110319e-02  
  3.698021282168e-06  ,1.242464516845e-01  ,9.155221078987e-02  
  3.698209362762e-06  ,1.124497247288e-01  ,8.025446009307e-02  
  3.698484335752e-06  ,9.519601108750e-02  ,6.372967235037e-02  
  3.699034281733e-06  ,6.066856021971e-02  ,3.065802057757e-02  
  3.699675217928e-06  ,2.040630532458e-02  ,-7.910991342404e-03  
  3.700288028182e-06  ,-1.809709747826e-02  ,-4.479871704167e-02  
  3.700694131391e-06  ,-4.361010502762e-02  ,-6.924267511847e-02  
  3.700943306746e-06  ,-5.926103589129e-02  ,-8.423828074492e-02  
  3.701008569175e-06  ,-6.335966736526e-02  ,-8.816534788722e-02  
  3.701117452426e-06  ,-7.019718585855e-02  ,-9.471670111822e-02  
  3.701257127529e-06  ,-7.896712013632e-02  ,-1.031194132956e-01  
  3.701493962860e-06  ,-9.383399611487e-02  ,-1.173644183679e-01  
  3.701897691196e-06  ,-1.191648343762e-01  ,-1.416361003075e-01  
  3.702481723582e-06  ,-1.557733644185e-01  ,-1.767145485619e-01  
  3.703069388127e-06  ,-1.925566117229e-01  ,-2.119605415371e-01  
  3.703619892901e-06  ,-2.269546481361e-01  ,-2.449204047944e-01  
  3.703896914801e-06  ,-2.442392031161e-01  ,-2.614819395788e-01  
  3.703988917829e-06  ,-2.499756292785e-01  ,-2.669783326792e-01  
  3.704151317203e-06  ,-2.600961697829e-01  ,-2.766752933168e-01  
  3.704306289280e-06  ,-2.697475406383e-01  ,-2.859225899375e-01  
  3.704616233433e-06  ,-2.890308721458e-01  ,-3.043981694898e-01  
  3.705234724754e-06  ,-3.274269081993e-01  ,-3.411838313393e-01  
  3.706471707398e-06  ,-4.038336892497e-01  ,-4.143753633751e-01  
  3.708945672685e-06  ,-5.547034520631e-01  ,-5.588324196741e-01  
  3.713236462051e-06  ,-8.079091399026e-01  ,-8.009435117718e-01  
  3.721119176323e-06  ,-1.231722237292e+00  ,-1.204311777167e+00  
  3.735381077701e-06  ,-1.792755351255e+00  ,-1.727720580893e+00  
  3.755050610477e-06  ,-1.974876730717e+00  ,-1.868311507442e+00  
  3.777396391803e-06  ,-1.303839370212e+00  ,-1.216201337416e+00  
  3.780422072584e-06  ,-1.154012979862e+00  ,-1.074164494778e+00  
  3.786473434145e-06  ,-8.245497282689e-01  ,-7.609327454303e-01  
  3.792552362854e-06  ,-4.636909467820e-01  ,-4.164247398399e-01  
  3.794072095031e-06  ,-3.703120436877e-01  ,-3.271317346939e-01  
  3.796512532705e-06  ,-2.186859075487e-01  ,-1.820189759085e-01  
  3.798390824074e-06  ,-1.010644444196e-01  ,-6.937802757421e-02  
  3.799428317422e-06  ,-3.591794472400e-02  ,-6.971782804437e-03  
  3.799859845737e-06  ,-8.806123606221e-03  ,1.900234390109e-02  
  3.800423668424e-06  ,2.661908618281e-02  ,5.294314740199e-02  
  3.800744555617e-06  ,4.677754324259e-02  ,7.225781792981e-02  
  3.801037549699e-06  ,6.517962687094e-02  ,8.989011535575e-02  
  3.801112032222e-06  ,6.985683320066e-02  ,9.437172844548e-02  
  3.801206258783e-06  ,7.577333540585e-02  ,1.000408459668e-01  
  3.801378739724e-06  ,8.660168640628e-02  ,1.104162739195e-01  
  3.801550638588e-06  ,9.739096508751e-02  ,1.207546384394e-01  
  3.801881397801e-06  ,1.181428933838e-01  ,1.406395177036e-01  
  3.802542916225e-06  ,1.596062415520e-01  ,1.803710780964e-01  
  3.803176774370e-06  ,1.992714350278e-01  ,2.183796037081e-01  
  3.803770026850e-06  ,2.363243502497e-01  ,2.538840525388e-01  
  3.804009935545e-06  ,2.512858010539e-01  ,2.682198808218e-01  
  3.804092671914e-06  ,2.564422306098e-01  ,2.731606234151e-01  
  3.804231811507e-06  ,2.651099882671e-01  ,2.814657376049e-01  
  3.804408064304e-06  ,2.760824345294e-01  ,2.919789587384e-01  
  3.804682525067e-06  ,2.931517442999e-01  ,3.083334866999e-01  
  3.805231446592e-06  ,3.272237124507e-01  ,3.409770119901e-01  
  3.806329289643e-06  ,3.950656175711e-01  ,4.059662319513e-01  
  3.808524975745e-06  ,5.292595905987e-01  ,5.344687951450e-01  
  3.812771806685e-06  ,7.811168929993e-01  ,7.753476283765e-01  
  3.820065925090e-06  ,1.178919087508e+00  ,1.154248119135e+00  
  3.833655784098e-06  ,1.742091854208e+00  ,1.681626217672e+00  
  3.853909442393e-06  ,1.984934505595e+00  ,1.879929647680e+00  
  3.876484701602e-06  ,1.346735824697e+00  ,1.256893081236e+00  
  3.894935319392e-06  ,3.168822492397e-01  ,2.747307580332e-01  
  3.895325962646e-06  ,2.926241951035e-01  ,2.515589680063e-01  
  3.896107249154e-06  ,2.439795302459e-01  ,2.050961822276e-01  
  3.896921877010e-06  ,1.931028825059e-01  ,1.564870162950e-01  
  3.897758763475e-06  ,1.407047161445e-01  ,1.064026333991e-01  
  3.898178463994e-06  ,1.143880272418e-01  ,8.123958962425e-02  
  3.898316788679e-06  ,1.057100049497e-01  ,7.294096073894e-02  
  3.898457860766e-06  ,9.685756498782e-02  ,6.447507895725e-02  
  3.898664800642e-06  ,8.386845025401e-02  ,5.205234949459e-02  
  3.899078680394e-06  ,5.788013568837e-02  ,2.719443088439e-02  
  3.899595098762e-06  ,2.544000902867e-02  ,-3.839672185092e-03  
  3.900146627991e-06  ,-9.212875775065e-03  ,-3.699607548615e-02  
  3.900727493880e-06  ,-4.570580931361e-02  ,-7.191841891148e-02  
  3.900961116148e-06  ,-6.037953296983e-02  ,-8.596197305747e-02  
  3.901028462412e-06  ,-6.460895644149e-02  ,-9.000989198020e-02  
  3.901143259561e-06  ,-7.181767362623e-02  ,-9.690937890323e-02  
  3.901283749571e-06  ,-8.063850021105e-02  ,-1.053520364766e-01  
  3.901539444184e-06  ,-9.668842834079e-02  ,-1.207144394339e-01  
  3.901962637162e-06  ,-1.232380091331e-01  ,-1.461281915019e-01  
  3.902521337574e-06  ,-1.582547025690e-01  ,-1.796491894632e-01  
  3.903095125413e-06  ,-1.941661575391e-01  ,-2.140288132758e-01  
  3.903638086474e-06  ,-2.280903629053e-01  ,-2.465071055276e-01  
  3.903905841714e-06  ,-2.447958899234e-01  ,-2.625008524022e-01  
  3.903994526906e-06  ,-2.503252904162e-01  ,-2.677946708308e-01  
  3.904149196303e-06  ,-2.599640407586e-01  ,-2.770227637978e-01  
  3.904306473402e-06  ,-2.697590036838e-01  ,-2.864004063680e-01  
  3.904621027602e-06  ,-2.893289332905e-01  ,-3.051364726047e-01  
  3.905161567224e-06  ,-3.228914421661e-01  ,-3.372683956548e-01  
  3.906242646469e-06  ,-3.897274755248e-01  ,-4.012515657373e-01  
  3.908404804958e-06  ,-5.219744596159e-01  ,-5.278216061977e-01  
  3.912447489990e-06  ,-7.623176678131e-01  ,-7.576123837231e-01  
  3.919559069170e-06  ,-1.153045023851e+00  ,-1.129816038558e+00  
  3.932628877653e-06  ,-1.709497335688e+00  ,-1.651790129508e+00  
  3.953860052122e-06  ,-1.985312299758e+00  ,-1.880548952074e+00  
  3.976161129965e-06  ,-1.361696555265e+00  ,-1.271096856040e+00  
  3.994614727987e-06  ,-3.367547509004e-01  ,-2.937535790881e-01  
  3.997739874018e-06  ,-1.418886100888e-01  ,-1.075607289470e-01  
  3.998521160526e-06  ,-9.288480159851e-02  ,-6.070748519683e-02  
  3.999473344726e-06  ,-3.308921702626e-02  ,-3.506902504633e-03  
  4.000335563166e-06  ,2.108366502171e-02  ,4.833127484041e-02  
  4.000847324921e-06  ,5.323270764733e-02  ,7.909974923300e-02  
  4.001215430168e-06  ,7.634917366068e-02  ,1.012254100085e-01  
  4.001304685796e-06  ,8.195287479245e-02  ,1.065891392089e-01  
  4.001399168471e-06  ,8.788404061571e-02  ,1.122663995282e-01  
  4.001527621137e-06  ,9.594642634407e-02  ,1.199835173871e-01  
  4.001673373120e-06  ,1.050927115590e-01  ,1.287386058303e-01  
  4.001964877086e-06  ,1.233784799594e-01  ,1.462429306391e-01  
  4.002547885017e-06  ,1.599174423161e-01  ,1.812224235661e-01  
  4.003134152578e-06  ,1.966065768597e-01  ,2.163477215727e-01  
  4.003689872758e-06  ,2.313226584689e-01  ,2.495852247832e-01  
  4.003923681291e-06  ,2.459083172215e-01  ,2.635498423631e-01  
  4.004007337341e-06  ,2.511238439316e-01  ,2.685433035957e-01  
  4.004146639915e-06  ,2.598047800323e-01  ,2.768546252485e-01  
  4.004306012491e-06  ,2.697303083647e-01  ,2.863575353135e-01  
  4.004624757642e-06  ,2.895608312884e-01  ,3.053436051554e-01  
  4.005078730831e-06  ,3.177538687121e-01  ,3.323356807557e-01  
  4.005986677209e-06  ,3.739403279831e-01  ,3.861260209874e-01  
  4.007802569965e-06  ,4.853551118389e-01  ,4.927682207938e-01  
  4.011434355477e-06  ,7.030898853507e-01  ,7.010153630557e-01  
  4.017719665268e-06  ,1.056740271819e+00  ,1.038304558968e+00  
  4.029341080884e-06  ,1.593354103435e+00  ,1.544375759641e+00  
  4.050354698399e-06  ,1.999875830850e+00  ,1.899160590189e+00  
  4.069732168416e-06  ,1.627868054027e+00  ,1.525361174000e+00  
  4.090110996464e-06  ,6.113974685612e-01  ,5.570787559407e-01  
  4.093236142496e-06  ,4.217946688330e-01  ,3.760409304866e-01  
  4.093873353401e-06  ,3.825761346058e-01  ,3.385663957570e-01  
  4.095147775212e-06  ,3.036949146466e-01  ,2.631449308278e-01  
  4.095466380665e-06  ,2.838935977428e-01  ,2.442036757400e-01  
  4.096103591571e-06  ,2.442076249727e-01  ,2.062349594920e-01  
  4.096917940030e-06  ,1.933490930690e-01  ,1.575639075540e-01  
  4.097678551177e-06  ,1.457316636326e-01  ,1.119827646665e-01  
  4.098077157238e-06  ,1.207423088784e-01  ,8.805790076106e-02  
  4.098178648116e-06  ,1.143764774208e-01  ,8.196283280996e-02  
  4.098369522678e-06  ,1.024011179795e-01  ,7.049639804728e-02  
  4.098617068218e-06  ,8.686483338302e-02  ,5.561955899525e-02  
  4.099112159299e-06  ,5.577744352383e-02  ,2.584910214043e-02  
  4.099693583982e-06  ,1.925238887257e-02  ,-9.132655277637e-03  
  4.100246882724e-06  ,-1.551194349346e-02  ,-4.243138844071e-02  
  4.100720832782e-06  ,-4.528738846061e-02  ,-7.095376234578e-02  
  4.100981184008e-06  ,-6.163984694545e-02  ,-8.661874370195e-02  
  4.101050614106e-06  ,-6.600004621505e-02  ,-9.079570560870e-02  
  4.101157564862e-06  ,-7.271591523293e-02  ,-9.722939655016e-02  
  4.101297053700e-06  ,-8.147373650498e-02  ,-1.056190707693e-01  
  4.101532259217e-06  ,-9.623750892424e-02  ,-1.197629352631e-01  
  4.101903344696e-06  ,-1.195194213238e-01  ,-1.420677533280e-01  
  4.102494920796e-06  ,-1.566000374355e-01  ,-1.775930821233e-01  
  4.103073737776e-06  ,-1.928286368165e-01  ,-2.123025925003e-01  
  4.103623497492e-06  ,-2.271796668576e-01  ,-2.452129526510e-01  
  4.103897259763e-06  ,-2.442607154702e-01  ,-2.615773748089e-01  
  4.103987854166e-06  ,-2.499093212671e-01  ,-2.669889365082e-01  
  4.104149578331e-06  ,-2.599878406619e-01  ,-2.766444290038e-01  
  4.104304480558e-06  ,-2.696349332761e-01  ,-2.858864927939e-01  
  4.104614285013e-06  ,-2.889097338959e-01  ,-3.043516909381e-01  
  4.105220576009e-06  ,-3.265498783092e-01  ,-3.404090916114e-01  
  4.106433158001e-06  ,-4.014611530401e-01  ,-4.121609649438e-01  
  4.108858321985e-06  ,-5.494282823647e-01  ,-5.538291773684e-01  
  4.113118563971e-06  ,-8.011271547243e-01  ,-7.944971594556e-01  
  4.120871638140e-06  ,-1.219431388639e+00  ,-1.192681292443e+00  
  4.134957705816e-06  ,-1.780805031370e+00  ,-1.716893680164e+00  
  4.154731546720e-06  ,-1.977945043942e+00  ,-1.871775798312e+00  
  4.177148853621e-06  ,-1.315593693944e+00  ,-1.227348698730e+00  
  4.180133556208e-06  ,-1.168771242676e+00  ,-1.088175678413e+00  
  4.186102961382e-06  ,-8.457005820842e-01  ,-7.810892557348e-01  
  4.193072979530e-06  ,-4.318103331261e-01  ,-3.859219187433e-01  
  4.194815484067e-06  ,-3.243143524403e-01  ,-2.830925925212e-01  
  4.195251110202e-06  ,-2.972758868164e-01  ,-2.572208866564e-01  
  4.196122362470e-06  ,-2.430369973051e-01  ,-2.053111198432e-01  
  4.196998271352e-06  ,-1.883247585030e-01  ,-1.529329796767e-01  
  4.197867567843e-06  ,-1.338844665563e-01  ,-1.008023700847e-01  
  4.198272693163e-06  ,-1.084766328720e-01  ,-7.646859102463e-02  
  4.198386570631e-06  ,-1.013313538104e-01  ,-6.962497114695e-02  
  4.198514487786e-06  ,-9.330360777775e-02  ,-6.193594201637e-02  
  4.198770322097e-06  ,-7.724372498470e-02  ,-4.655306860326e-02  
  4.199281990720e-06  ,-4.511002791784e-02  ,-1.577168496285e-02  
  4.199792169226e-06  ,-1.305829985415e-02  ,1.493390665861e-02  
  4.200303279055e-06  ,1.905529673534e-02  ,4.570098465697e-02  
  4.200696064351e-06  ,4.373152753003e-02  ,6.934384514664e-02  
  4.200925844913e-06  ,5.816434946914e-02  ,8.317268260848e-02  
  4.200985647464e-06  ,6.192016036049e-02  ,8.677136318544e-02  
  4.201094286243e-06  ,6.874249001109e-02  ,9.330831372697e-02  
  4.201220550301e-06  ,7.667064556325e-02  ,1.009046579659e-01  
  4.201468188973e-06  ,9.221632779660e-02  ,1.158004032681e-01  
  4.201859623851e-06  ,1.167771572988e-01  ,1.393347835405e-01  
  4.202479512157e-06  ,1.556348381771e-01  ,1.765691830543e-01  
  4.203082357259e-06  ,1.933676848082e-01  ,2.127258381181e-01  
  4.203649532707e-06  ,2.288048439294e-01  ,2.466820011015e-01  
  4.203925809549e-06  ,2.460410244490e-01  ,2.631974566716e-01  
  4.204014029080e-06  ,2.515409651723e-01  ,2.684673436515e-01  
  4.204171003500e-06  ,2.613225420906e-01  ,2.778396763154e-01  
  4.204331190983e-06  ,2.712977818156e-01  ,2.873974295480e-01  
  4.204651565949e-06  ,2.912273966539e-01  ,3.064924792588e-01  
  4.205228799680e-06  ,3.270596420081e-01  ,3.408224059939e-01  
  4.206383267144e-06  ,3.983897290421e-01  ,4.091527601866e-01  
  4.208692202071e-06  ,5.393848014247e-01  ,5.441631439510e-01  
  4.212936797837e-06  ,7.906497142550e-01  ,7.844672370361e-01  
  4.220454433659e-06  ,1.198549709761e+00  ,1.172874329778e+00  
  4.234311023453e-06  ,1.761944063243e+00  ,1.699744102843e+00  
  4.254621306160e-06  ,1.978959005824e+00  ,1.873048263736e+00  
  4.276940265397e-06  ,1.325436743795e+00  ,1.236705396624e+00  
  4.279910439352e-06  ,1.180118395556e+00  ,1.098951961999e+00  
  4.285850787262e-06  ,8.600322326556e-01  ,7.947467037602e-01  
  4.292836451629e-06  ,4.463092465698e-01  ,3.997911037959e-01  
  4.294582867721e-06  ,3.387278403799e-01  ,2.968890435205e-01  
  4.295019471744e-06  ,3.116604885019e-01  ,2.709917315643e-01  
  4.295892679790e-06  ,2.573549858254e-01  ,2.190219513108e-01  
  4.296110981802e-06  ,2.437467510084e-01  ,2.059965348327e-01  
  4.296547585825e-06  ,2.164965286847e-01  ,1.799106210045e-01  
  4.297077135840e-06  ,1.833910002580e-01  ,1.482148200322e-01  
  4.297593461076e-06  ,1.510632933253e-01  ,1.172591880683e-01  
  4.297838352347e-06  ,1.357159559962e-01  ,1.025617730928e-01  
  4.297948341543e-06  ,1.288202640101e-01  ,9.595781255622e-02  
  4.298115746776e-06  ,1.183219911831e-01  ,8.590335345722e-02  
  4.298433746869e-06  ,9.837088011272e-02  ,6.679462212102e-02  
  4.299058664316e-06  ,5.913724466058e-02  ,2.921379580603e-02  
  4.299686282599e-06  ,1.971112651275e-02  ,-8.555783752646e-03  
  4.300333551789e-06  ,-2.095729343511e-02  ,-4.751906529200e-02  
  4.300793857971e-06  ,-4.987439677884e-02  ,-7.522558947843e-02  
  4.301070600474e-06  ,-6.725512974526e-02  ,-9.187926229509e-02  
  4.301145851338e-06  ,-7.198041455244e-02  ,-9.640694029279e-02  
  4.301242650678e-06  ,-7.805821394236e-02  ,-1.022306070471e-01  
  4.301403210690e-06  ,-8.813777471625e-02  ,-1.118885357766e-01  
  4.301588031655e-06  ,-9.973758579084e-02  ,-1.230035441923e-01  
  4.301893738290e-06  ,-1.189169063320e-01  ,-1.413814882518e-01  
  4.302505151561e-06  ,-1.572408736897e-01  ,-1.781046773019e-01  
  4.303071395686e-06  ,-1.926821640053e-01  ,-2.120656592900e-01  
  4.303621714195e-06  ,-2.270683438834e-01  ,-2.450149541776e-01  
  4.303895523032e-06  ,-2.441524100010e-01  ,-2.613847642689e-01  
  4.303987386363e-06  ,-2.498801586586e-01  ,-2.668729678395e-01  
  4.304148691433e-06  ,-2.599325879278e-01  ,-2.765048847725e-01  
  4.304303779924e-06  ,-2.695913129822e-01  ,-2.857594331952e-01  
  4.304613956908e-06  ,-2.888893346662e-01  ,-3.042494886274e-01  
  4.305224904517e-06  ,-3.268181938155e-01  ,-3.405883385151e-01  
  4.306446799735e-06  ,-4.023008058339e-01  ,-4.128961662395e-01  
  4.308890590170e-06  ,-5.513774645982e-01  ,-5.556402312355e-01  
  4.313152322272e-06  ,-8.030701988365e-01  ,-7.963161145230e-01  
  4.320954570273e-06  ,-1.223557414330e+00  ,-1.196572940128e+00  
  4.335092792014e-06  ,-1.784652370949e+00  ,-1.720378125459e+00  
  4.354830870131e-06  ,-1.977011177967e+00  ,-1.870717705909e+00  
  4.377224335173e-06  ,-1.312017859377e+00  ,-1.223957686844e+00  
  4.380221703747e-06  ,-1.164272428333e+00  ,-1.083904898013e+00  
  4.386216440896e-06  ,-8.392339025542e-01  ,-7.749271221923e-01  
  4.393193164567e-06  ,-4.244339300623e-01  ,-3.788654427022e-01  
  4.394937345484e-06  ,-3.167565535053e-01  ,-2.758579293708e-01  
  4.397428447107e-06  ,-1.613997330384e-01  ,-1.271359651452e-01  
  4.398709760705e-06  ,-8.104592834027e-02  ,-5.017772620535e-02  
  4.399867580930e-06  ,-8.320111566263e-03  ,1.948896024085e-02  
  4.400939719478e-06  ,5.903573976742e-02  ,8.402182308918e-02  
  4.401465264807e-06  ,9.203279200652e-02  ,1.156384026807e-01  
  4.401589456672e-06  ,9.982701072567e-02  ,1.231066748445e-01  
  4.401713578688e-06  ,1.076153274338e-01  ,1.305693355606e-01  
  4.401955955388e-06  ,1.228189759718e-01  ,1.451373823725e-01  
  4.402307483094e-06  ,1.448564895554e-01  ,1.662537849048e-01  
  4.402759686770e-06  ,1.731790913103e-01  ,1.933927370838e-01  
  4.403194055619e-06  ,2.003518154907e-01  ,2.194297177043e-01  
  4.403586561518e-06  ,2.248737793011e-01  ,2.429264267852e-01  
  4.403802511940e-06  ,2.383510259417e-01  ,2.558399786195e-01  
  4.403955202276e-06  ,2.478736907273e-01  ,2.649642343171e-01  
  4.404037461342e-06  ,2.530014984067e-01  ,2.698774596739e-01  
  4.404154575156e-06  ,2.602991332178e-01  ,2.768696542767e-01  
  4.404388802784e-06  ,2.748837332615e-01  ,2.908435992055e-01  
  4.404731529491e-06  ,2.961971791141e-01  ,3.112640612562e-01  
  4.405416982906e-06  ,3.387185905813e-01  ,3.520013572100e-01  
  4.406787889736e-06  ,4.232705757522e-01  ,4.329915310995e-01  
  4.409529703395e-06  ,5.898642091843e-01  ,5.924819862578e-01  
  4.414295094745e-06  ,8.682984640781e-01  ,8.585960921669e-01  
  4.423077839153e-06  ,1.326288399276e+00  ,1.293754951489e+00  
  4.438896911876e-06  ,1.879557593941e+00  ,1.805948143355e+00  
  4.458909171360e-06  ,1.922171733442e+00  ,1.813323014398e+00  
  4.480885403888e-06  ,1.130114674392e+00  ,1.051300316409e+00  
  4.484010549920e-06  ,9.629264170054e-01  ,8.924872828324e-01  
  4.490260841982e-06  ,6.024263711054e-01  ,5.489604832469e-01  
  4.491823414998e-06  ,5.081186535791e-01  ,4.588983888095e-01  
  4.494948561030e-06  ,3.160607346489e-01  ,2.752372634032e-01  
  4.495729847537e-06  ,2.674975705353e-01  ,2.287619175590e-01  
  4.497014513897e-06  ,1.873087192727e-01  ,1.519935060911e-01  
  4.498118317412e-06  ,1.181607558440e-01  ,8.577256237804e-02  
  4.498739509569e-06  ,7.917825226313e-02  ,4.843292850202e-02  
  4.498999627965e-06  ,6.284488229277e-02  ,3.278662383116e-02  
  4.499307616340e-06  ,4.350031788582e-02  ,1.425487604278e-02  
  4.499733789550e-06  ,1.672630088616e-02  ,-1.139567823700e-02  
  4.500147948699e-06  ,-9.295857451993e-03  ,-3.632737929328e-02  
  4.500677219318e-06  ,-4.254773468907e-02  ,-6.818768164664e-02  
  4.500940597342e-06  ,-5.909087357347e-02  ,-8.403910554355e-02  
  4.501009969233e-06  ,-6.344759133993e-02  ,-8.821370995347e-02  
  4.501134347362e-06  ,-7.125806202949e-02  ,-9.569775206558e-02  
  4.501262567198e-06  ,-7.930863694169e-02  ,-1.034116272628e-01  
  4.501519006869e-06  ,-9.540579558987e-02  ,-1.188363695539e-01  
  4.501979871845e-06  ,-1.243188203253e-01  ,-1.465420764353e-01  
  4.502551517641e-06  ,-1.601449549543e-01  ,-1.808726992310e-01  
  4.503138157731e-06  ,-1.968570075988e-01  ,-2.160521858907e-01  
  4.503699652111e-06  ,-2.319329786078e-01  ,-2.496630932415e-01  
  4.503951295471e-06  ,-2.476301096199e-01  ,-2.647042075690e-01  
  4.504035393899e-06  ,-2.528726401597e-01  ,-2.697275714049e-01  
  4.504179073690e-06  ,-2.618252516145e-01  ,-2.783058285112e-01  
  4.504346478922e-06  ,-2.722494414832e-01  ,-2.882939839178e-01  
  4.504681289388e-06  ,-2.930749426469e-01  ,-3.082478509746e-01  
  4.505280316068e-06  ,-3.302525088940e-01  ,-3.438672876608e-01  
  4.506478369428e-06  ,-4.042436462889e-01  ,-4.147470246267e-01  
  4.508874476148e-06  ,-5.504041565271e-01  ,-5.547005143230e-01  
  4.513278514339e-06  ,-8.103254845450e-01  ,-8.032405497645e-01  
  4.521068841411e-06  ,-1.229229000755e+00  ,-1.201942743456e+00  
  4.535411209060e-06  ,-1.793593790801e+00  ,-1.728482822054e+00  
  4.555092662765e-06  ,-1.974457523839e+00  ,-1.867860852211e+00  
  4.577447384788e-06  ,-1.301408155718e+00  ,-1.213893905993e+00  
  4.580476790858e-06  ,-1.151203284233e+00  ,-1.071495453549e+00  
  4.586535603000e-06  ,-8.209893914444e-01  ,-7.575387245283e-01  
  4.588050306035e-06  ,-7.333093297033e-01  ,-6.739630093070e-01  
  4.591079712106e-06  ,-5.531708756400e-01  ,-5.020119802856e-01  
  4.594880998326e-06  ,-3.202517666475e-01  ,-2.792773065273e-01  
  4.595831319882e-06  ,-2.611778105197e-01  ,-2.227399087489e-01  
  4.597408980323e-06  ,-1.626188475653e-01  ,-1.283732713654e-01  
  4.598188311053e-06  ,-1.137703255360e-01  ,-8.158808935721e-02  
  4.598576998530e-06  ,-8.938004091036e-02  ,-5.822515536872e-02  
  4.598955115495e-06  ,-6.564023978717e-02  ,-3.548363485226e-02  
  4.599539427279e-06  ,-2.893762780126e-02  ,-3.214402208837e-04  
  4.600175241200e-06  ,1.101067372599e-02  ,3.795358691903e-02  
  4.600770170061e-06  ,4.838649065645e-02  ,7.376644736138e-02  
  4.600986446446e-06  ,6.197033777240e-02  ,8.678274126885e-02  
  4.601052151253e-06  ,6.609657538662e-02  ,9.073661866279e-02  
  4.601165993797e-06  ,7.324516812161e-02  ,9.758664464778e-02  
  4.601315471070e-06  ,8.262995968301e-02  ,1.065792694567e-01  
  4.601553377422e-06  ,9.756284655589e-02  ,1.208887722880e-01  
  4.601982065203e-06  ,1.244563662673e-01  ,1.466599522170e-01  
  4.602532756241e-06  ,1.589698987869e-01  ,1.797335252356e-01  
  4.603101142408e-06  ,1.945424272170e-01  ,2.138218139438e-01  
  4.603643265279e-06  ,2.284136308158e-01  ,2.462790178336e-01  
  4.603906037943e-06  ,2.448081266884e-01  ,2.619887196424e-01  
  4.603993884945e-06  ,2.502852719776e-01  ,2.672370100228e-01  
  4.604145900073e-06  ,2.597586881605e-01  ,2.763144972954e-01  
  4.604304969968e-06  ,2.696654030439e-01  ,2.858070330574e-01  
  4.604623109760e-06  ,2.894583823224e-01  ,3.047720416447e-01  
  4.605153497966e-06  ,3.223910764686e-01  ,3.363254551715e-01  
  4.606214274378e-06  ,3.879788231580e-01  ,3.991586355202e-01  
  4.608335827203e-06  ,5.177894438632e-01  ,5.234723749446e-01  
  4.612400118919e-06  ,7.595651031291e-01  ,7.547449334660e-01  
  4.619382057996e-06  ,1.143939713304e+00  ,1.121041495859e+00  
  4.632438455435e-06  ,1.703256661929e+00  ,1.646015536927e+00  
  4.653538499685e-06  ,1.987655008894e+00  ,1.883344533606e+00  
  4.676009450765e-06  ,1.368661283316e+00  ,1.277692808911e+00  
  4.694445167394e-06  ,3.472516210586e-01  ,3.038024071500e-01  
  4.696639363380e-06  ,2.107629677296e-01  ,1.733618818093e-01  
  4.700521115871e-06  ,-3.274121324974e-02  ,-5.957845873814e-02  
  4.702107158216e-06  ,-1.322999780804e-01  ,-1.548689976874e-01  
  4.702551957877e-06  ,-1.601725269761e-01  ,-1.815489618091e-01  
  4.703117550077e-06  ,-1.955684368149e-01  ,-2.154320329834e-01  
  4.703658555361e-06  ,-2.293680226906e-01  ,-2.477881905078e-01  
  4.703937207075e-06  ,-2.467516967055e-01  ,-2.644297291098e-01  
  4.704022318317e-06  ,-2.520576490265e-01  ,-2.695091749666e-01  
  4.704177243827e-06  ,-2.617112669980e-01  ,-2.787506997237e-01  
  4.704330353258e-06  ,-2.712456324431e-01  ,-2.878780643064e-01  
  4.704636572121e-06  ,-2.902953156380e-01  ,-3.061145224043e-01  
  4.705166587798e-06  ,-3.232027518727e-01  ,-3.376167258693e-01  
  4.706226619152e-06  ,-3.887397045337e-01  ,-4.003514549673e-01  
  4.708346681861e-06  ,-5.184481789639e-01  ,-5.244835045605e-01  
  4.712424384622e-06  ,-7.609753074773e-01  ,-7.563558234790e-01  
  4.719425695209e-06  ,-1.146187672331e+00  ,-1.123320415341e+00  
  4.732495503692e-06  ,-1.705132699912e+00  ,-1.647788391424e+00  
  4.756188349990e-06  ,-1.962322580069e+00  ,-1.853373243731e+00  
  4.777649002342e-06  ,-1.291762900307e+00  ,-1.204787864244e+00  
  4.780621784000e-06  ,-1.143741690887e+00  ,-1.064464017801e+00  
  4.786567347316e-06  ,-8.191702233243e-01  ,-7.558301510375e-01  
  4.792937593726e-06  ,-4.401123108343e-01  ,-3.938837190965e-01  
  4.794530155329e-06  ,-3.419915449169e-01  ,-3.000293173417e-01  
  4.794928295730e-06  ,-3.173179768052e-01  ,-2.764222618513e-01  
  4.795724576531e-06  ,-2.678257783374e-01  ,-2.290595639311e-01  
  4.796715503750e-06  ,-2.060049669072e-01  ,-1.698803141937e-01  
  4.797889715252e-06  ,-1.324959929539e-01  ,-9.949017861935e-02  
  4.798484550981e-06  ,-9.518250319824e-02  ,-6.375194376051e-02  
  4.798669930739e-06  ,-8.354639918130e-02  ,-5.260618609718e-02  
  4.798877173295e-06  ,-7.053465269939e-02  ,-4.014228031486e-02  
  4.799291658407e-06  ,-4.450274168039e-02  ,-1.520498682206e-02  
  4.799796807772e-06  ,-1.276685753740e-02  ,1.519879298001e-02  
  4.800253435230e-06  ,1.592363688783e-02  ,4.268685165399e-02  
  4.800640260061e-06  ,4.022601347715e-02  ,6.597189027369e-02  
  4.800862496911e-06  ,5.418564807068e-02  ,7.934755306523e-02  
  4.800925582374e-06  ,5.814786058030e-02  ,8.314405997243e-02  
  4.801044465700e-06  ,6.561393968974e-02  ,9.029794910178e-02  
  4.801156981109e-06  ,7.267926118920e-02  ,9.706753061760e-02  
  4.801382011926e-06  ,8.680709162002e-02  ,1.106049210493e-01  
  4.801832073560e-06  ,1.150490311868e-01  ,1.376670536364e-01  
  4.802538667997e-06  ,1.593401674142e-01  ,1.801087531467e-01  
  4.803190966329e-06  ,2.001586851274e-01  ,2.192228286465e-01  
  4.803700492909e-06  ,2.319854509946e-01  ,2.497199545097e-01  
  4.803986036411e-06  ,2.497960030687e-01  ,2.667859707352e-01  
  4.804066700587e-06  ,2.548237885710e-01  ,2.716035022727e-01  
  4.804212289589e-06  ,2.638941641219e-01  ,2.802944811847e-01  
  4.804375573719e-06  ,2.740603911877e-01  ,2.900353313419e-01  
  4.804662467638e-06  ,2.919050521431e-01  ,3.071329310677e-01  
  4.805224427680e-06  ,3.267886359347e-01  ,3.405543674926e-01  
  4.806348347763e-06  ,3.962394092938e-01  ,4.070852162399e-01  
  4.808596187929e-06  ,5.335731441956e-01  ,5.385935499968e-01  
  4.812835568288e-06  ,7.848033984619e-01  ,7.788658141383e-01  
  4.820226544240e-06  ,1.187056339561e+00  ,1.161965609721e+00  
  4.833907300333e-06  ,1.749799961583e+00  ,1.688666104004e+00  
  4.853964263299e-06  ,1.984509575683e+00  ,1.879386647773e+00  
  4.876572305063e-06  ,1.342661368024e+00  ,1.253027410794e+00  
  4.895022922853e-06  ,3.114462960459e-01  ,2.695258916218e-01  
  4.895413566107e-06  ,2.871780404805e-01  ,2.463432568111e-01  
  4.896194852615e-06  ,2.385154349198e-01  ,1.998620753303e-01  
  4.897001657361e-06  ,1.881129534639e-01  ,1.517049246113e-01  
  4.897791232640e-06  ,1.386696004654e-01  ,1.044445425276e-01  
  4.898158034036e-06  ,1.156695544587e-01  ,8.245318060126e-02  
  4.898285555379e-06  ,1.076696567209e-01  ,7.480327499102e-02  
  4.898435963975e-06  ,9.823174356891e-02  ,6.577777142273e-02  
  4.898676245200e-06  ,8.314999462017e-02  ,5.135398174620e-02  
  4.899156807648e-06  ,5.297314223216e-02  ,2.248980621349e-02  
  4.899722213583e-06  ,1.745361379021e-02  ,-1.149076365008e-02  
  4.900248969631e-06  ,-1.564306378926e-02  ,-4.315867507908e-02  
  4.900704432936e-06  ,-4.425721401804e-02  ,-7.054119412030e-02  
  4.900955470936e-06  ,-6.002499458172e-02  ,-8.563154582349e-02  
  4.901021210669e-06  ,-6.415355211432e-02  ,-8.958286306701e-02  
  4.901131153299e-06  ,-7.105750013773e-02  ,-9.619054345071e-02  
  4.901260676986e-06  ,-7.918996467456e-02  ,-1.039742098522e-01  
  4.901516930392e-06  ,-9.527547503076e-02  ,-1.193703861958e-01  
  4.901897468796e-06  ,-1.191508854058e-01  ,-1.422238966908e-01  
  4.902495564153e-06  ,-1.566403366497e-01  ,-1.781113526713e-01  
  4.903081831714e-06  ,-1.933348184935e-01  ,-2.132401170255e-01  
  4.903636154911e-06  ,-2.279697906312e-01  ,-2.463984871968e-01  
  4.903909311822e-06  ,-2.450122824092e-01  ,-2.627146626419e-01  
  4.903999102959e-06  ,-2.506105487434e-01  ,-2.680743552105e-01  
  4.904157777043e-06  ,-2.604986012283e-01  ,-2.775410280698e-01  
  4.904314332368e-06  ,-2.702482765456e-01  ,-2.868752139881e-01  
  4.904627443017e-06  ,-2.897277796364e-01  ,-3.055245174855e-01  
  4.905209519627e-06  ,-3.258644879994e-01  ,-3.401204966714e-01  
  4.906373672845e-06  ,-3.977989641001e-01  ,-4.089829637824e-01  
  4.908701979281e-06  ,-5.399763335328e-01  ,-5.450478453884e-01  
  4.912914537551e-06  ,-7.893647985230e-01  ,-7.834449451672e-01  
  4.920433663489e-06  ,-1.197504722992e+00  ,-1.171991683435e+00  
  4.934221707942e-06  ,-1.759281776572e+00  ,-1.697349936759e+00  
  4.954189263942e-06  ,-1.982703898267e+00  ,-1.877239020071e+00  
  4.976737701060e-06  ,-1.334941062376e+00  ,-1.245708935444e+00  
  4.979655720951e-06  ,-1.193001808785e+00  ,-1.111175034659e+00  
  4.985491760733e-06  ,-8.803432087239e-01  ,-8.140927695271e-01  
  4.992630907061e-06  ,-4.588889298419e-01  ,-4.118203359731e-01  
  4.994415693643e-06  ,-3.490752353035e-01  ,-3.067905826083e-01  
  4.994861890288e-06  ,-3.214368105998e-01  ,-2.803484757395e-01  
  4.995754283579e-06  ,-2.659759248930e-01  ,-2.272756976269e-01  
  4.995977381902e-06  ,-2.520763346603e-01  ,-2.139719693924e-01  
  4.996423578547e-06  ,-2.242406888772e-01  ,-1.873266599541e-01  
  4.996964490699e-06  ,-1.904377224984e-01  ,-1.549641539684e-01  
  4.997510431992e-06  ,-1.562647422274e-01  ,-1.222423338946e-01  
  4.997791831108e-06  ,-1.386320880879e-01  ,-1.053566012279e-01  
  4.997914928669e-06  ,-1.309152260634e-01  ,-9.796626045802e-02  
  4.998093812453e-06  ,-1.196977232081e-01  ,-8.722301484294e-02  
  4.998361753957e-06  ,-1.028885977964e-01  ,-7.112373105785e-02  
  4.998897636967e-06  ,-6.924966766811e-02  ,-3.890256269579e-02  
  4.999538014369e-06  ,-2.902639420087e-02  ,-3.702336227281e-04  
  5.000192920404e-06  ,1.212147224067e-02  ,3.905184478812e-02  
  5.000819141703e-06  ,5.146251055136e-02  ,7.674570534805e-02  
  5.001044312218e-06  ,6.560430132390e-02  ,9.029594542173e-02  
  5.001114696922e-06  ,7.002415884214e-02  ,9.453096733472e-02  
  5.001228749013e-06  ,7.718540461977e-02  ,1.013927800480e-01  
  5.001394594280e-06  ,8.759691243261e-02  ,1.113687425835e-01  
  5.001619159436e-06  ,1.016909204615e-01  ,1.248737421608e-01  
  5.002036764478e-06  ,1.278863768643e-01  ,1.499747983862e-01  
  5.002565848833e-06  ,1.610425027065e-01  ,1.817461140828e-01  
  5.003118402516e-06  ,1.956217404209e-01  ,2.148810695547e-01  
  5.003654099261e-06  ,2.290898828131e-01  ,2.469506840524e-01  
  5.003906347981e-06  ,2.448274604093e-01  ,2.620303009516e-01  
  5.003992949339e-06  ,2.502269480992e-01  ,2.672039769598e-01  
  5.004140377702e-06  ,2.594146424854e-01  ,2.760073475350e-01  
  5.004301193828e-06  ,2.694303058270e-01  ,2.856039182033e-01  
  5.004622826079e-06  ,2.894407457823e-01  ,3.047765887175e-01  
  5.005131421337e-06  ,3.210220235424e-01  ,3.350341644111e-01  
  5.006148611853e-06  ,3.839306756939e-01  ,3.952990795271e-01  
  5.008182992885e-06  ,5.085080519612e-01  ,5.146014027105e-01  
  5.012180974433e-06  ,7.468095992326e-01  ,7.425658686948e-01  
  5.018949081847e-06  ,1.121519254651e+00  ,1.099803369468e+00  
  5.031670203159e-06  ,1.677462146698e+00  ,1.622277980643e+00  
  5.054626932094e-06  ,1.978907834726e+00  ,1.871616569813e+00  
  5.076641907642e-06  ,1.339416885043e+00  ,1.249971748031e+00  
  5.094976296375e-06  ,3.143398496260e-01  ,2.724047543868e-01  
  5.095366939628e-06  ,2.900770008409e-01  ,2.492228251847e-01  
  5.096148226136e-06  ,2.414238982515e-01  ,2.027387386769e-01  
  5.096954937750e-06  ,1.910352161241e-01  ,1.545846870379e-01  
  5.097765467787e-06  ,1.402845124495e-01  ,1.060664760822e-01  
  5.098164446378e-06  ,1.152673271578e-01  ,8.214335305872e-02  
  5.098297951469e-06  ,1.068919087614e-01  ,7.413332754947e-02  
  5.098443982849e-06  ,9.772850785913e-02  ,6.536922350534e-02  
  5.098666638793e-06  ,8.375305724969e-02  ,5.200183594043e-02  
  5.099111950682e-06  ,5.579054617025e-02  ,2.525274832228e-02  
  5.099647088634e-06  ,2.217362082639e-02  ,-6.910660349447e-03  
  5.100185113685e-06  ,-1.163097030972e-02  ,-3.925872401682e-02  
  5.100807889091e-06  ,-5.075571899210e-02  ,-7.670329742251e-02  
  5.101013897644e-06  ,-6.369429601021e-02  ,-8.908738908268e-02  
  5.101079288131e-06  ,-6.780068006115e-02  ,-9.301789985272e-02  
  5.101191349519e-06  ,-7.483722302775e-02  ,-9.975318910621e-02  
  5.101341315737e-06  ,-8.425241408968e-02  ,-1.087655115450e-01  
  5.101574938005e-06  ,-9.891590268090e-02  ,-1.228020345574e-01  
  5.101989655947e-06  ,-1.249323789407e-01  ,-1.477074105190e-01  
  5.102532710141e-06  ,-1.589670113733e-01  ,-1.802906029586e-01  
  5.103093831992e-06  ,-1.940852732409e-01  ,-2.139130468621e-01  
  5.103628690546e-06  ,-2.275038412489e-01  ,-2.459091872593e-01  
  5.103893418988e-06  ,-2.440211972534e-01  ,-2.617236960654e-01  
  5.103983256692e-06  ,-2.496227148724e-01  ,-2.670868643209e-01  
  5.104138787562e-06  ,-2.593155747282e-01  ,-2.763672837438e-01  
  5.104294155451e-06  ,-2.689920962059e-01  ,-2.856320450187e-01  
  5.104604891228e-06  ,-2.883256830759e-01  ,-3.041428499798e-01  
  5.105152602034e-06  ,-3.223355194265e-01  ,-3.367047073119e-01  
  5.106248023646e-06  ,-3.900588513382e-01  ,-4.015401778907e-01  
  5.108438866870e-06  ,-5.240401598705e-01  ,-5.297731047449e-01  
  5.112496453064e-06  ,-7.651609636420e-01  ,-7.603106992546e-01  
  5.119633364217e-06  ,-1.156856093013e+00  ,-1.133423294637e+00  
  5.132798540132e-06  ,-1.715006122998e+00  ,-1.656846420281e+00  
  5.153555857675e-06  ,-1.987533722247e+00  ,-1.883090400395e+00  
  5.176095354097e-06  ,-1.364720624147e+00  ,-1.273952708092e+00  
  5.194522130029e-06  ,-3.424883518654e-01  ,-2.992468424524e-01  
  5.197647276061e-06  ,-1.476914428094e-01  ,-1.131250078374e-01  
  5.198428562568e-06  ,-9.869622374399e-02  ,-6.628062331211e-02  
  5.199431596981e-06  ,-3.571191697741e-02  ,-6.029649811963e-03  
  5.200321941363e-06  ,2.022782752762e-02  ,4.750000951515e-02  
  5.200854751008e-06  ,5.369913568566e-02  ,7.953458293154e-02  
  5.201231051894e-06  ,7.732999092526e-02  ,1.021530642143e-01  
  5.201319201576e-06  ,8.286415356833e-02  ,1.074503447237e-01  
  5.201414359460e-06  ,8.883758659972e-02  ,1.131681820654e-01  
  5.201539575780e-06  ,9.669668708484e-02  ,1.206908681995e-01  
  5.201675432460e-06  ,1.052219247601e-01  ,1.288516601676e-01  
  5.201947145822e-06  ,1.222664945723e-01  ,1.451680901581e-01  
  5.202490572544e-06  ,1.563276660407e-01  ,1.777759606151e-01  
  5.203014534624e-06  ,1.891257913820e-01  ,2.091764156577e-01  
  5.203523129882e-06  ,2.209130809758e-01  ,2.396101082578e-01  
  5.203804109903e-06  ,2.384507130831e-01  ,2.564011951981e-01  
  5.204040107043e-06  ,2.531663963982e-01  ,2.704905111213e-01  
  5.204115718795e-06  ,2.578782884954e-01  ,2.750018424642e-01  
  5.204250737285e-06  ,2.662885896754e-01  ,2.830541539638e-01  
  5.204460750526e-06  ,2.793607358971e-01  ,2.955698388808e-01  
  5.204696468269e-06  ,2.940183312834e-01  ,3.096033946330e-01  
  5.205167903757e-06  ,3.232843489356e-01  ,3.376229386800e-01  
  5.206110774731e-06  ,3.815972436787e-01  ,3.934489241572e-01  
  5.207996516680e-06  ,4.971677839201e-01  ,5.040665519004e-01  
  5.211768000579e-06  ,7.226763613187e-01  ,7.197283749019e-01  
  5.218372940278e-06  ,1.091364323131e+00  ,1.071267594095e+00  
  5.230498015141e-06  ,1.636227721406e+00  ,1.584193536623e+00  
  5.252548753476e-06  ,1.993591987394e+00  ,1.889166617751e+00  
  5.275487601018e-06  ,1.392384944620e+00  ,1.300201420177e+00  
  5.296376048779e-06  ,2.272079909643e-01  ,1.887092163238e-01  
  5.298702120041e-06  ,8.152560871779e-02  ,4.944022599239e-02  
  5.301135107135e-06  ,-7.130576964208e-02  ,-9.674686755754e-02  
  5.301708615577e-06  ,-1.073039364163e-01  ,-1.311860464393e-01  
  5.301901259651e-06  ,-1.193886479645e-01  ,-1.427479879109e-01  
  5.302151785424e-06  ,-1.350977156809e-01  ,-1.577780939515e-01  
  5.302598587429e-06  ,-1.630927644451e-01  ,-1.845648423864e-01  
  5.303076449042e-06  ,-1.929981963713e-01  ,-2.131815380904e-01  
  5.303555800771e-06  ,-2.229531757480e-01  ,-2.418472095489e-01  
  5.303807164734e-06  ,-2.386412836172e-01  ,-2.568605615040e-01  
  5.303990728414e-06  ,-2.500884991424e-01  ,-2.678155776744e-01  
  5.304072801216e-06  ,-2.552039736347e-01  ,-2.727111334444e-01  
  5.304200438974e-06  ,-2.631560599868e-01  ,-2.803213870375e-01  
  5.304450592218e-06  ,-2.787287135173e-01  ,-2.952247171545e-01  
  5.304754203377e-06  ,-2.976060360426e-01  ,-3.132907681035e-01  
  5.305361425696e-06  ,-3.352777401836e-01  ,-3.493433503846e-01  
  5.306575870333e-06  ,-4.102414614476e-01  ,-4.210812028473e-01  
  5.309004759608e-06  ,-5.582693864487e-01  ,-5.626986242570e-01  
  5.313545143424e-06  ,-8.256130338717e-01  ,-8.181522569642e-01  
  5.321582829772e-06  ,-1.254542705837e+00  ,-1.226073791495e+00  
  5.336285805522e-06  ,-1.817227068589e+00  ,-1.749855675975e+00  
  5.356101369677e-06  ,-1.963371063866e+00  ,-1.855704167760e+00  
  5.378110384760e-06  ,-1.269496292058e+00  ,-1.183636658552e+00  
  5.381235530792e-06  ,-1.111896262827e+00  ,-1.034179690456e+00  
  5.387485822855e-06  ,-7.661897587992e-01  ,-7.053001607956e-01  
  5.393864264904e-06  ,-3.831366211594e-01  ,-3.393669299299e-01  
  5.395458875416e-06  ,-2.843603835953e-01  ,-2.448545727133e-01  
  5.395743487595e-06  ,-2.666482161112e-01  ,-2.279030735499e-01  
  5.396312711952e-06  ,-2.311613454710e-01  ,-1.939361930896e-01  
  5.396951506106e-06  ,-1.912498457285e-01  ,-1.557270106430e-01  
  5.397600358544e-06  ,-1.506311470720e-01  ,-1.168336826594e-01  
  5.397929208545e-06  ,-1.300199061011e-01  ,-9.709537801963e-02  
  5.398044028977e-06  ,-1.228199564966e-01  ,-9.019999563879e-02  
  5.398229734698e-06  ,-1.111717200826e-01  ,-7.904410508403e-02  
  5.398509131471e-06  ,-9.363978725670e-02  ,-6.225233995898e-02  
  5.399012045661e-06  ,-6.206503593531e-02  ,-3.200815219954e-02  
  5.399614518235e-06  ,-2.421994163108e-02  ,4.245903678230e-03  
  5.400237107376e-06  ,1.489775801566e-02  ,4.172252903615e-02  
  5.400792361895e-06  ,4.978042469202e-02  ,7.514427216282e-02  
  5.401090012589e-06  ,6.847412651297e-02  ,9.305578222269e-02  
  5.401172411354e-06  ,7.364812316834e-02  ,9.801335452618e-02  
  5.401270665886e-06  ,7.981708970575e-02  ,1.039243148979e-01  
  5.401433507638e-06  ,9.003949850789e-02  ,1.137190016808e-01  
  5.401623381028e-06  ,1.019558269280e-01  ,1.251371831635e-01  
  5.401978727156e-06  ,1.242470364222e-01  ,1.464967939907e-01  
  5.402510232950e-06  ,1.575591565072e-01  ,1.784171446161e-01  
  5.403049934382e-06  ,1.913399392893e-01  ,2.107866245654e-01  
  5.403567470336e-06  ,2.236818110236e-01  ,2.417767781831e-01  
  5.403838764602e-06  ,2.406124592591e-01  ,2.579994876179e-01  
  5.404011222260e-06  ,2.513660068859e-01  ,2.683032207647e-01  
  5.404154692503e-06  ,2.603064436099e-01  ,2.768695727106e-01  
  5.404325706610e-06  ,2.709563695958e-01  ,2.870737382524e-01  
  5.404667734826e-06  ,2.922324514081e-01  ,3.074587667804e-01  
  5.405351791257e-06  ,3.346809418081e-01  ,3.481269983166e-01  
  5.406719904119e-06  ,4.190947098715e-01  ,4.289871115772e-01  
  5.409186046297e-06  ,5.691980986454e-01  ,5.727007867784e-01  
  5.413944732124e-06  ,8.484152140092e-01  ,8.396174168507e-01  
  5.422156762058e-06  ,1.282421775046e+00  ,1.252293007184e+00  
  5.437615226680e-06  ,1.850517544435e+00  ,1.779630322792e+00  
  5.457198332721e-06  ,1.949077237102e+00  ,1.840490005320e+00  
  5.479037474567e-06  ,1.223952762007e+00  ,1.140424085893e+00  
  5.482162620598e-06  ,1.063012507448e+00  ,9.877331919812e-01  
  5.488412912661e-06  ,7.120656530283e-01  ,6.536692965319e-01  
  5.489975485677e-06  ,6.194986989835e-01  ,5.653399529292e-01  
  5.493100631708e-06  ,4.301137114354e-01  ,3.843727096256e-01  
  5.496441099519e-06  ,2.231467212681e-01  ,1.863164436082e-01  
  5.496990486706e-06  ,1.888117033516e-01  ,1.534424828653e-01  
  5.498089261079e-06  ,1.199831805921e-01  ,8.752746412923e-02  
  5.498367679963e-06  ,1.025167471369e-01  ,7.079766161596e-02  
  5.498586401070e-06  ,8.878984828064e-02  ,5.764900735903e-02  
  5.498800069751e-06  ,7.537598585558e-02  ,4.479966629639e-02  
  5.499227407115e-06  ,4.853867651142e-02  ,1.909027724612e-02  
  5.499745408731e-06  ,1.599627068138e-02  ,-1.208691392148e-02  
  5.500225039857e-06  ,-1.413955341002e-02  ,-4.096046966516e-02  
  5.500665927963e-06  ,-4.183843583522e-02  ,-6.750060984302e-02  
  5.500907606171e-06  ,-5.701885075130e-02  ,-8.204644258832e-02  
  5.500969376141e-06  ,-6.089828503669e-02  ,-8.576374962210e-02  
  5.501090401510e-06  ,-6.849854876519e-02  ,-9.304643706838e-02  
  5.501209284836e-06  ,-7.596333109277e-02  ,-1.001989845229e-01  
  5.501447051490e-06  ,-9.088961281356e-02  ,-1.145018873830e-01  
  5.501855157042e-06  ,-1.164969770635e-01  ,-1.390401601323e-01  
  5.502546664054e-06  ,-1.598409724034e-01  ,-1.805752533147e-01  
  5.503179870272e-06  ,-1.994649874343e-01  ,-2.185455390247e-01  
  5.503701597178e-06  ,-2.320543658006e-01  ,-2.497740749302e-01  
  5.503988537664e-06  ,-2.499519300456e-01  ,-2.669238059904e-01  
  5.504069795558e-06  ,-2.550166652477e-01  ,-2.717768358274e-01  
  5.504215733806e-06  ,-2.641086770279e-01  ,-2.804887116677e-01  
  5.504378528992e-06  ,-2.742443236788e-01  ,-2.902004423268e-01  
  5.504667145858e-06  ,-2.921958425515e-01  ,-3.074007378647e-01  
  5.505235904554e-06  ,-3.275000368058e-01  ,-3.412257166186e-01  
  5.506373421947e-06  ,-3.977835146567e-01  ,-4.085551242472e-01  
  5.508648456732e-06  ,-5.367375373908e-01  ,-5.416153668412e-01  
  5.512919874588e-06  ,-7.896728999877e-01  ,-7.835125588782e-01  
  5.520386846462e-06  ,-1.195147400063e+00  ,-1.169636817060e+00  
  5.534192772308e-06  ,-1.758416301344e+00  ,-1.696525364029e+00  
  5.554172249237e-06  ,-1.982843908462e+00  ,-1.877431730671e+00  
  5.576732607285e-06  ,-1.335179367120e+00  ,-1.245933643411e+00  
  5.579648019472e-06  ,-1.193390156553e+00  ,-1.111542901678e+00  
  5.585478843847e-06  ,-8.810718756287e-01  ,-8.147864161920e-01  
  5.592651517788e-06  ,-4.576283721388e-01  ,-4.106141189435e-01  
  5.594444686273e-06  ,-3.472813916199e-01  ,-3.050732539717e-01  
  5.594892978394e-06  ,-3.195087268881e-01  ,-2.785024599216e-01  
  5.595789562637e-06  ,-2.637788024413e-01  ,-2.251716932364e-01  
  5.596913296456e-06  ,-1.936394887817e-01  ,-1.580281574136e-01  
  5.597927506739e-06  ,-1.301266073305e-01  ,-9.720946505037e-02  
  5.598456125433e-06  ,-9.696647111763e-02  ,-6.544988938390e-02  
  5.598633425968e-06  ,-8.583800408670e-02  ,-5.479065722952e-02  
  5.598815848777e-06  ,-7.438525555397e-02  ,-4.382042386567e-02  
  5.599180694396e-06  ,-5.147280538221e-02  ,-2.187216144185e-02  
  5.599647193873e-06  ,-2.216700884301e-02  ,6.202463628522e-03  
  5.600121795857e-06  ,7.652640738580e-03  ,3.477135374510e-02  
  5.600703499937e-06  ,4.419860630028e-02  ,6.978674451831e-02  
  5.600939031417e-06  ,5.899252643677e-02  ,8.396167572633e-02  
  5.601006284548e-06  ,6.321619187944e-02  ,8.800866952681e-02  
  5.601126518292e-06  ,7.076645722163e-02  ,9.524316788297e-02  
  5.601264004787e-06  ,7.939889222893e-02  ,1.035143592067e-01  
  5.601538977778e-06  ,9.665915742077e-02  ,1.200531043871e-01  
  5.601991274586e-06  ,1.250338822280e-01  ,1.472422867608e-01  
  5.602562082192e-06  ,1.608066050211e-01  ,1.815208689387e-01  
  5.603155614069e-06  ,1.979484660021e-01  ,2.171113723522e-01  
  5.603719436755e-06  ,2.331676525094e-01  ,2.508587347601e-01  
  5.603987052297e-06  ,2.498593331673e-01  ,2.668524649497e-01  
  5.604069136741e-06  ,2.549756083477e-01  ,2.717547358765e-01  
  5.604209137807e-06  ,2.636978619774e-01  ,2.801120726858e-01  
  5.604378824780e-06  ,2.742627330279e-01  ,2.902347900086e-01  
  5.604647325078e-06  ,2.909637723953e-01  ,3.062365071470e-01  
  5.605184325675e-06  ,3.243025563856e-01  ,3.381777606626e-01  
  5.606258326868e-06  ,3.906937701994e-01  ,4.017779093666e-01  
  5.608406329254e-06  ,5.220669140159e-01  ,5.275825097352e-01  
  5.612504893640e-06  ,7.656509269042e-01  ,7.605703092726e-01  
  5.619651490549e-06  ,1.157784953129e+00  ,1.134192354250e+00  
  5.632810705999e-06  ,1.715399267402e+00  ,1.657169039147e+00  
  5.653940552572e-06  ,1.984694085647e+00  ,1.879827229914e+00  
  5.676241630415e-06  ,1.357987607131e+00  ,1.267578855395e+00  
  5.694704169134e-06  ,3.312139112127e-01  ,2.884521463448e-01  
  5.695094812388e-06  ,3.069836563469e-01  ,2.653095175052e-01  
  5.695876098895e-06  ,2.583880981164e-01  ,2.188970464784e-01  
  5.696853987599e-06  ,1.973481286013e-01  ,1.605782173300e-01  
  5.697803564096e-06  ,1.378966464679e-01  ,1.037488220608e-01  
  5.698301262880e-06  ,1.066841434965e-01  ,7.390185813310e-02  
  5.698404476704e-06  ,1.002077110223e-01  ,6.770797254182e-02  
  5.698517760454e-06  ,9.309820340496e-02  ,6.090835703824e-02  
  5.698744327953e-06  ,7.887574072802e-02  ,4.730500271930e-02  
  5.699197462952e-06  ,5.041954782637e-02  ,2.008427191273e-02  
  5.699739120161e-06  ,1.639138019819e-02  ,-1.247190376862e-02  
  5.700238215929e-06  ,-1.496740852985e-02  ,-4.247874833558e-02  
  5.700686088955e-06  ,-4.310490262227e-02  ,-6.940653325254e-02  
  5.700931864982e-06  ,-5.854244053351e-02  ,-8.418155359898e-02  
  5.700995264767e-06  ,-6.252414079141e-02  ,-8.799249895572e-02  
  5.701110387878e-06  ,-6.975357902328e-02  ,-9.491202948261e-02  
  5.701233043062e-06  ,-7.745500597529e-02  ,-1.022834893437e-01  
  5.701478353428e-06  ,-9.285429536464e-02  ,-1.170235046500e-01  
  5.701893211069e-06  ,-1.188838386062e-01  ,-1.419400707378e-01  
  5.702482458862e-06  ,-1.558194229873e-01  ,-1.772989145730e-01  
  5.703077387722e-06  ,-1.930569000420e-01  ,-2.129490100167e-01  
  5.703632083448e-06  ,-2.277156385034e-01  ,-2.461314634974e-01  
  5.703908313723e-06  ,-2.449500422812e-01  ,-2.626320067091e-01  
  5.703997767257e-06  ,-2.505272853130e-01  ,-2.679717733895e-01  
  5.704158816213e-06  ,-2.605633378362e-01  ,-2.775804970734e-01  
  5.704314160818e-06  ,-2.702375966168e-01  ,-2.868428193981e-01  
  5.704624850029e-06  ,-2.895665749848e-01  ,-3.053486747103e-01  
  5.705213818425e-06  ,-3.261309772217e-01  ,-3.403553027161e-01  
  5.706391755218e-06  ,-3.989123484717e-01  ,-4.100305743643e-01  
  5.708747628802e-06  ,-5.427375051585e-01  ,-5.476749730398e-01  
  5.712974343175e-06  ,-7.928160425122e-01  ,-7.867304534652e-01  
  5.720560524339e-06  ,-1.203879363938e+00  ,-1.178029617149e+00  
  5.734436485643e-06  ,-1.765660363628e+00  ,-1.703157382195e+00  
  5.754347417230e-06  ,-1.981375389929e+00  ,-1.875695932771e+00  
  5.776860091561e-06  ,-1.329204939688e+00  ,-1.240270404371e+00  
  5.779797110433e-06  ,-1.185859844611e+00  ,-1.104396371204e+00  
  5.785671148175e-06  ,-8.702086770114e-01  ,-8.044390477686e-01  
  5.792651597137e-06  ,-4.576235187806e-01  ,-4.106121936408e-01  
  5.794396709377e-06  ,-3.502496806085e-01  ,-3.079162873541e-01  
  5.794832987437e-06  ,-3.232290898251e-01  ,-2.820654162295e-01  
  5.795705543557e-06  ,-2.690108362657e-01  ,-2.301822922233e-01  
  5.796789975563e-06  ,-2.013500935652e-01  ,-1.654132853571e-01  
  5.797922277549e-06  ,-1.304544690978e-01  ,-9.752583646041e-02  
  5.798510594020e-06  ,-9.354799327234e-02  ,-6.217776933847e-02  
  5.798696532572e-06  ,-8.187638674843e-02  ,-5.099811454148e-02  
  5.798908780986e-06  ,-6.854988388552e-02  ,-3.823282069029e-02  
  5.799333277816e-06  ,-4.188832726172e-02  ,-1.269255229191e-02  
  5.799828834558e-06  ,-1.075459007944e-02  ,1.713412609400e-02  
  5.800284437561e-06  ,1.787150122486e-02  ,4.456024626384e-02  
  5.800659155199e-06  ,4.141298269951e-02  ,6.711603034457e-02  
  5.800876875134e-06  ,5.508872132033e-02  ,8.021954060169e-02  
  5.800936887233e-06  ,5.885786187044e-02  ,8.383101267768e-02  
  5.801049786812e-06  ,6.594809409839e-02  ,9.062469830992e-02  
  5.801166434964e-06  ,7.327286889086e-02  ,9.764283389501e-02  
  5.801399731269e-06  ,8.791936810114e-02  ,1.116769465281e-01  
  5.801823063945e-06  ,1.144838731987e-01  ,1.371314558507e-01  
  5.802489145851e-06  ,1.562382983718e-01  ,1.771418740399e-01  
  5.803130640840e-06  ,1.963869953684e-01  ,2.156137605905e-01  
  5.803728736198e-06  ,2.337479593003e-01  ,2.514134970124e-01  
  5.803997888422e-06  ,2.505348383728e-01  ,2.674984711841e-01  
  5.804080904188e-06  ,2.557089282471e-01  ,2.724561450653e-01  
  5.804227564210e-06  ,2.648454753057e-01  ,2.812104499718e-01  
  5.804396692390e-06  ,2.753747389303e-01  ,2.912990541028e-01  
  5.804682049626e-06  ,2.931221941230e-01  ,3.083033574246e-01  
  5.805252764100e-06  ,3.285450085586e-01  ,3.422410811567e-01  
  5.806394193048e-06  ,3.990624429250e-01  ,4.097928633996e-01  
  5.808677050943e-06  ,5.384680408226e-01  ,5.432820661429e-01  
  5.812990937108e-06  ,7.937731444592e-01  ,7.874361184039e-01  
  5.820504102582e-06  ,1.201046577660e+00  ,1.175234012675e+00  
  5.834417316789e-06  ,1.765094339218e+00  ,1.702611510044e+00  
  5.854343149537e-06  ,1.981411881391e+00  ,1.875770272549e+00  
  5.876867744798e-06  ,1.328845598809e+00  ,1.239928214372e+00  
  5.879803273553e-06  ,1.185547995586e+00  ,1.104099816809e+00  
  5.885674331063e-06  ,8.700286085807e-01  ,8.042670022056e-01  
  5.892651799792e-06  ,4.576111233365e-01  ,4.106002154887e-01  
  5.894396166975e-06  ,3.502832340308e-01  ,3.079483122067e-01  
  5.894832258770e-06  ,3.232742713531e-01  ,2.821085770474e-01  
  5.895704442361e-06  ,2.690793975373e-01  ,2.302478508945e-01  
  5.896788315574e-06  ,2.014538635871e-01  ,1.655125854876e-01  
  5.897922666470e-06  ,1.304300845437e-01  ,9.750243835721e-02  
  5.898511821130e-06  ,9.347097595631e-02  ,6.210395741339e-02  
  5.898698155494e-06  ,8.177450088467e-02  ,5.090047996779e-02  
  5.898911055835e-06  ,6.840703474396e-02  ,3.809594415886e-02  
  5.899336856516e-06  ,4.166351995986e-02  ,1.247715335098e-02  
  5.899832040729e-06  ,1.055314326658e-02  ,-1.732715847595e-02  
  5.900287876563e-06  ,-1.808757134527e-02  ,-4.476729862983e-02  
  5.900661895709e-06  ,-4.158513693724e-02  ,-6.728101141971e-02  
  5.900879499229e-06  ,-5.525353529504e-02  ,-8.037749084434e-02  
  5.900939185364e-06  ,-5.900219504160e-02  ,-8.396933935501e-02  
  5.901051526150e-06  ,-6.605732040332e-02  ,-9.072938708194e-02  
  5.901168779662e-06  ,-7.342009149133e-02  ,-9.778393258088e-02  
  5.901403286686e-06  ,-8.814254504143e-02  ,-1.118908261008e-01  
  5.901817911496e-06  ,-1.141606646023e-01  ,-1.368217778537e-01  
  5.902479709318e-06  ,-1.556471885991e-01  ,-1.765754767903e-01  
  5.903118876001e-06  ,-1.956513476510e-01  ,-2.149088653457e-01  
  5.903712873539e-06  ,-2.327580805767e-01  ,-2.504650171074e-01  
  5.903987567132e-06  ,-2.498914277517e-01  ,-2.668819880096e-01  
  5.904070978710e-06  ,-2.550903979194e-01  ,-2.718635055476e-01  
  5.904219687643e-06  ,-2.643549262827e-01  ,-2.807404442351e-01  
  5.904387116158e-06  ,-2.747787647986e-01  ,-2.907280436158e-01  
  5.904684627155e-06  ,-2.932823952376e-01  ,-3.084568648283e-01  
  5.905279649148e-06  ,-3.302111802332e-01  ,-3.438373502283e-01  
  5.906469693134e-06  ,-4.037097352697e-01  ,-4.142442110373e-01  
  5.908849781105e-06  ,-5.489122699704e-01  ,-5.532793278869e-01  
  5.913244878599e-06  ,-8.083928718162e-01  ,-8.013994175570e-01  
  5.921005403349e-06  ,-1.226082349199e+00  ,-1.198963743941e+00  
  5.935294126818e-06  ,-1.790326839555e+00  ,-1.725525372608e+00  
  5.955002402613e-06  ,-1.975353060119e+00  ,-1.868864743959e+00  
  5.977377986262e-06  ,-1.304716077637e+00  ,-1.217031049295e+00  
  5.980395471403e-06  ,-1.155377676420e+00  ,-1.075458823010e+00  
  5.986430441687e-06  ,-8.270100166543e-01  ,-7.632770015657e-01  
  5.992671793053e-06  ,-4.563881441963e-01  ,-4.094387913867e-01  
  5.994232130894e-06  ,-3.604259208594e-01  ,-3.176613229871e-01  
  5.996677411446e-06  ,-2.083854985669e-01  ,-1.721460846156e-01  
  5.998288785765e-06  ,-1.074669793986e-01  ,-7.550232873201e-02  
  5.999131632695e-06  ,-5.455435951020e-02  ,-2.481833488551e-02  
  5.999473893741e-06  ,-3.305472613468e-02  ,-4.222322307042e-03  
  5.999912779504e-06  ,-5.480218504677e-03  ,2.219477411372e-02  
  6.000398836756e-06  ,2.505899675232e-02  ,5.145387855751e-02  
  6.000757069984e-06  ,4.756362542325e-02  ,7.301624085565e-02  
  6.001044429565e-06  ,6.561167046273e-02  ,9.030914201432e-02  
  6.001118702540e-06  ,7.027568440529e-02  ,9.477807257549e-02  
  6.001211927930e-06  ,7.612928146063e-02  ,1.003868632090e-01  
  6.001380148070e-06  ,8.669009231434e-02  ,1.105058462465e-01  
  6.001550999196e-06  ,9.741359587682e-02  ,1.207810892844e-01  
  6.001871374162e-06  ,1.175141835384e-01  ,1.400416640640e-01  
  6.002512124093e-06  ,1.576776109891e-01  ,1.785272529031e-01  
  6.003094759496e-06  ,1.941432749096e-01  ,2.134696277082e-01  
  6.003663145663e-06  ,2.296545345591e-01  ,2.474967586089e-01  
  6.003934905590e-06  ,2.466081943258e-01  ,2.637414867872e-01  
  6.004021518590e-06  ,2.520078012874e-01  ,2.689152311139e-01  
  6.004174651304e-06  ,2.615497737738e-01  ,2.780579755769e-01  
  6.004336235771e-06  ,2.716118219990e-01  ,2.876988984195e-01  
  6.004659404704e-06  ,2.917146618230e-01  ,3.069599053930e-01  
  6.005271004239e-06  ,3.296754470289e-01  ,3.433289526545e-01  
  6.006494203309e-06  ,4.052179345299e-01  ,4.156931986726e-01  
  6.008940601448e-06  ,5.543973103176e-01  ,5.585330339885e-01  
  6.013326013187e-06  ,8.130530900429e-01  ,8.058522034143e-01  
  6.021208727458e-06  ,1.236150350731e+00  ,1.208503534348e+00  
  6.035612189868e-06  ,1.799145163444e+00  ,1.733503846255e+00  
  6.055239999393e-06  ,1.972961584883e+00  ,1.866181700483e+00  
  6.077555978397e-06  ,1.296219569534e+00  ,1.208973582803e+00  
  6.080605501035e-06  ,1.144580825652e+00  ,1.065208202937e+00  
  6.086704546312e-06  ,8.112984283468e-01  ,7.483016190824e-01  
  6.092665755847e-06  ,4.567574564538e-01  ,4.097945278399e-01  
  6.094156058231e-06  ,3.651264169772e-01  ,3.221696018684e-01  
  6.096535028616e-06  ,2.172808682941e-01  ,1.806729137057e-01  
  6.098359303275e-06  ,1.030423745053e-01  ,7.127215921131e-02  
  6.099271254340e-06  ,4.578444036304e-02  ,1.642381708299e-02  
  6.099666088546e-06  ,2.097989064947e-02  ,-7.339198665748e-03  
  6.100174218142e-06  ,-1.094639407368e-02  ,-3.792680280780e-02  
  6.100678808713e-06  ,-4.264757667472e-02  ,-6.830057710015e-02  
  6.100943350891e-06  ,-5.926380836588e-02  ,-8.422162802199e-02  
  6.101013444556e-06  ,-6.366584205844e-02  ,-8.843954619515e-02  
  6.101133049658e-06  ,-7.117657653719e-02  ,-9.563619530094e-02  
  6.101268440677e-06  ,-7.967738688892e-02  ,-1.037812956156e-01  
  6.101539222715e-06  ,-9.667452933212e-02  ,-1.200679700434e-01  
  6.101971356390e-06  ,-1.237848087218e-01  ,-1.460456027887e-01  
  6.102535924135e-06  ,-1.591683128688e-01  ,-1.799512989715e-01  
  6.103121912299e-06  ,-1.958412079360e-01  ,-2.150925229980e-01  
  6.103673907189e-06  ,-2.303262154876e-01  ,-2.481365217714e-01  
  6.103931976674e-06  ,-2.464255683789e-01  ,-2.635627766829e-01  
  6.104017157765e-06  ,-2.517359840581e-01  ,-2.686510992983e-01  
  6.104164167034e-06  ,-2.608966706927e-01  ,-2.774285796763e-01  
  6.104327846976e-06  ,-2.710896122262e-01  ,-2.871949957261e-01  
  6.104655206861e-06  ,-2.914537217363e-01  ,-3.067064797009e-01  
  6.105232347460e-06  ,-3.272795528055e-01  ,-3.410304163902e-01  
  6.106386628659e-06  ,-3.985967044058e-01  ,-4.093484209401e-01  
  6.108695191057e-06  ,-5.395656438425e-01  ,-5.443343217049e-01  
  6.112968844088e-06  ,-7.924988195814e-01  ,-7.862200151048e-01  
  6.120493930491e-06  ,-1.200535462267e+00  ,-1.174750614966e+00  
  6.134371381911e-06  ,-1.763735354085e+00  ,-1.701372778148e+00  
  6.154306155356e-06  ,-1.981726712355e+00  ,-1.876130676472e+00  
  6.176833730849e-06  ,-1.330442060711e+00  ,-1.241442333522e+00  
  6.179765161784e-06  ,-1.187475708213e+00  ,-1.105929495137e+00  
  6.185628023656e-06  ,-8.726475415072e-01  ,-8.067619714729e-01  
  6.192621883662e-06  ,-4.594407428103e-01  ,-4.123499025495e-01  
  6.194370348664e-06  ,-3.518802568065e-01  ,-3.094766216263e-01  
  6.194807464914e-06  ,-3.248115317949e-01  ,-2.835799495416e-01  
  6.195681697415e-06  ,-2.704954426892e-01  ,-2.316036444521e-01  
  6.196766688215e-06  ,-2.028057928810e-01  ,-1.668074164438e-01  
  6.197936243104e-06  ,-1.295788435523e-01  ,-9.668760390375e-02  
  6.198540205793e-06  ,-9.168942683125e-02  ,-6.039789647225e-02  
  6.198735224741e-06  ,-7.944726422534e-02  ,-4.867164583319e-02  
  6.198961652542e-06  ,-6.522972494765e-02  ,-3.505271166326e-02  
  6.199414508143e-06  ,-3.678546394875e-02  ,-7.804379361428e-03  
  6.199907457182e-06  ,-5.814628540547e-03  ,2.186661098360e-02  
  6.200373770395e-06  ,2.348414687496e-02  ,4.993752779022e-02  
  6.200736567104e-06  ,4.627574603614e-02  ,7.177502751468e-02  
  6.200974287191e-06  ,6.120671161668e-02  ,8.608136095384e-02  
  6.201037139824e-06  ,6.515388733542e-02  ,8.986345289060e-02  
  6.201137722662e-06  ,7.147000328592e-02  ,9.591544585484e-02  
  6.201283102116e-06  ,8.059785244803e-02  ,1.046614332026e-01  
  6.201483988395e-06  ,9.320796755599e-02  ,1.167444851405e-01  
  6.201862524455e-06  ,1.169590962164e-01  ,1.395032225709e-01  
  6.202480177587e-06  ,1.556765215575e-01  ,1.766035475453e-01  
  6.203075199580e-06  ,1.929200565691e-01  ,2.122916214337e-01  
  6.203638649737e-06  ,2.281255228779e-01  ,2.460260480708e-01  
  6.203916835790e-06  ,2.454814596329e-01  ,2.626563865214e-01  
  6.204006324248e-06  ,2.510606930883e-01  ,2.680022918605e-01  
  6.204165417427e-06  ,2.609745637185e-01  ,2.775014568010e-01  
  6.204323928529e-06  ,2.708456790682e-01  ,2.869595159353e-01  
  6.204640950734e-06  ,2.905675157834e-01  ,3.058556367428e-01  
  6.205230850453e-06  ,3.271867605737e-01  ,3.409398189385e-01  
  6.206410649890e-06  ,4.000756109509e-01  ,4.107636331201e-01  
  6.208770248765e-06  ,5.441052902600e-01  ,5.486808066327e-01  
  6.212996963138e-06  ,7.941206593510e-01  ,7.877836056804e-01  
  6.220665100688e-06  ,1.209119855027e+00  ,1.182897230980e+00  
  6.234566393966e-06  ,1.769479455957e+00  ,1.706599210992e+00  
  6.254432622069e-06  ,1.980639381680e+00  ,1.874856097509e+00  
  6.276915494079e-06  ,1.326601902420e+00  ,1.237802884992e+00  
  6.279863688821e-06  ,1.182488679237e+00  ,1.101197572018e+00  
  6.285760078305e-06  ,8.651742834771e-01  ,7.996433190472e-01  
  6.292728606338e-06  ,4.529119188658e-01  ,4.061060225854e-01  
  6.294470738346e-06  ,3.456692415138e-01  ,3.035325446531e-01  
  6.294906271348e-06  ,3.186842050688e-01  ,2.777150153482e-01  
  6.295777337352e-06  ,2.645402101780e-01  ,2.259017213961e-01  
  6.295995103853e-06  ,2.509716723762e-01  ,2.129147536273e-01  
  6.296430636855e-06  ,2.237999931706e-01  ,1.869048935930e-01  
  6.297021747293e-06  ,1.868562243323e-01  ,1.515350538294e-01  
  6.297554836335e-06  ,1.534831130101e-01  ,1.195786725915e-01  
  6.297814256238e-06  ,1.372264303535e-01  ,1.040104863992e-01  
  6.297933581943e-06  ,1.297456974780e-01  ,9.684624413740e-02  
  6.298104665900e-06  ,1.190169964900e-01  ,8.657109371444e-02  
  6.298396402696e-06  ,1.007143755049e-01  ,6.904128549026e-02  
  6.298979876289e-06  ,6.408529165152e-02  ,3.395558314626e-02  
  6.299655830214e-06  ,2.162440408730e-02  ,-6.721007641968e-03  
  6.300312319497e-06  ,-1.962329786028e-02  ,-4.623925660380e-02  
  6.300797352294e-06  ,-5.009388294588e-02  ,-7.543428051238e-02  
  6.301081405679e-06  ,-6.793365291015e-02  ,-9.252784235355e-02  
  6.301158996491e-06  ,-7.280580759263e-02  ,-9.719626384676e-02  
  6.301255551359e-06  ,-7.886816356165e-02  ,-1.030051521688e-01  
  6.301417415222e-06  ,-8.902939590692e-02  ,-1.127413659425e-01  
  6.301601258298e-06  ,-1.005675976423e-01  ,-1.237973738892e-01  
  6.301915626233e-06  ,-1.202897050016e-01  ,-1.426954816624e-01  
  6.302544362104e-06  ,-1.596967988560e-01  ,-1.804566579497e-01  
  6.303159966325e-06  ,-1.982205818104e-01  ,-2.173714298099e-01  
  6.303733754164e-06  ,-2.340610837518e-01  ,-2.517141739437e-01  
  6.304004070541e-06  ,-2.509202079643e-01  ,-2.678683489230e-01  
  6.304085957078e-06  ,-2.560238019080e-01  ,-2.727584683446e-01  
  6.304226144409e-06  ,-2.647570519299e-01  ,-2.811263392430e-01  
  6.304397321498e-06  ,-2.754138904477e-01  ,-2.913371697625e-01  
  6.304652084788e-06  ,-2.912596488188e-01  ,-3.065194173934e-01  
  6.305161611369e-06  ,-3.228941794719e-01  ,-3.368279253530e-01  
  6.306180664530e-06  ,-3.859069541660e-01  ,-3.971922591469e-01  
  6.308218770852e-06  ,-5.106818514478e-01  ,-5.166826609165e-01  
  6.312245809665e-06  ,-7.505871071012e-01  ,-7.461759667150e-01  
  6.319122695556e-06  ,-1.130534509129e+00  ,-1.108316277656e+00  
  6.331904911628e-06  ,-1.685446981763e+00  ,-1.629619821064e+00  
  6.355144762626e-06  ,-1.973933376218e+00  ,-1.866052563451e+00  
  6.377025627723e-06  ,-1.321415445264e+00  ,-1.232900552956e+00  
  6.395413660636e-06  ,-2.871721625801e-01  ,-2.463780560757e-01  
  6.398538806668e-06  ,-9.177724398587e-02  ,-5.959601504877e-02  
  6.399320093175e-06  ,-4.271655732745e-02  ,-1.267700178861e-02  
  6.400107060751e-06  ,6.726812690123e-03  ,3.462852557911e-02  
  6.400911909720e-06  ,5.728914024431e-02  ,8.301643601778e-02  
  6.401321412256e-06  ,8.300293524281e-02  ,1.076274602619e-01  
  6.401416721480e-06  ,8.898584998717e-02  ,1.133540229407e-01  
  6.401512112195e-06  ,9.497308137589e-02  ,1.190847999670e-01  
  6.401637165533e-06  ,1.028207972329e-01  ,1.265962495377e-01  
  6.401819169248e-06  ,1.142395625016e-01  ,1.375263177823e-01  
  6.402183176676e-06  ,1.370655152312e-01  ,1.593763079045e-01  
  6.402649396757e-06  ,1.662743672382e-01  ,1.873377591044e-01  
  6.403147747466e-06  ,1.974566136396e-01  ,2.171896879305e-01  
  6.403690149734e-06  ,2.313399445377e-01  ,2.496285403562e-01  
  6.403916670667e-06  ,2.454711630624e-01  ,2.631575141173e-01  
  6.404000047320e-06  ,2.506694169181e-01  ,2.681342378862e-01  
  6.404134879546e-06  ,2.590720976188e-01  ,2.761788323372e-01  
  6.404293972725e-06  ,2.689807195350e-01  ,2.856651861982e-01  
  6.404612159083e-06  ,2.887775581553e-01  ,3.046182891423e-01  
  6.405033349717e-06  ,3.149383843513e-01  ,3.296638370327e-01  
  6.405875730986e-06  ,3.670900423326e-01  ,3.795900775086e-01  
  6.407560493523e-06  ,4.705857827795e-01  ,4.786526415880e-01  
  6.410930018598e-06  ,6.733370962414e-01  ,6.725909330166e-01  
  6.416908364469e-06  ,1.013122785333e+00  ,9.968096746968e-01  
  6.427784722025e-06  ,1.532369310799e+00  ,1.487505698378e+00  
  6.447567503626e-06  ,1.994162958434e+00  ,1.899017736396e+00  
  6.466009180719e-06  ,1.752335391640e+00  ,1.644774720516e+00  
  6.486817162210e-06  ,8.048258191652e-01  ,7.417758810077e-01  
  6.489942308242e-06  ,6.214804375945e-01  ,5.669833934505e-01  
  6.496192600304e-06  ,2.386559412073e-01  ,2.010260037269e-01  
  6.497473727638e-06  ,1.585637903307e-01  ,1.243612192794e-01  
  6.498912062222e-06  ,6.834383853705e-02  ,3.796278147159e-02  
  6.499279888073e-06  ,4.524210741615e-02  ,1.583534402531e-02  
  6.499701684067e-06  ,1.874346848754e-02  ,-9.547494013917e-03  
  6.500294564018e-06  ,-1.850773894172e-02  ,-4.523295631664e-02  
  6.500668070937e-06  ,-4.197305325556e-02  ,-6.771339114610e-02  
  6.500898387009e-06  ,-5.643982677961e-02  ,-8.157341996780e-02  
  6.500957095256e-06  ,-6.012700754525e-02  ,-8.510600579725e-02  
  6.501070320798e-06  ,-6.723756710909e-02  ,-9.191848982899e-02  
  6.501193395076e-06  ,-7.496565899439e-02  ,-9.932243926390e-02  
  6.501439543633e-06  ,-9.041836509605e-02  ,-1.141277581677e-01  
  6.501862550346e-06  ,-1.169607201972e-01  ,-1.395586689588e-01  
  6.502467723755e-06  ,-1.548963864337e-01  ,-1.759066468844e-01  
  6.503076249925e-06  ,-1.929857438797e-01  ,-2.124021831112e-01  
  6.503640631406e-06  ,-2.282492216983e-01  ,-2.461895590065e-01  
  6.503920167876e-06  ,-2.456892363922e-01  ,-2.628992128312e-01  
  6.504009318730e-06  ,-2.512473524986e-01  ,-2.682244939795e-01  
  6.504168388626e-06  ,-2.611596523157e-01  ,-2.777214675760e-01  
  6.504327109275e-06  ,-2.710436888214e-01  ,-2.871912342592e-01  
  6.504644550575e-06  ,-2.907912988019e-01  ,-3.061107373121e-01  
  6.505231376929e-06  ,-3.272193943807e-01  ,-3.410094790718e-01  
  6.506405029638e-06  ,-3.997296112650e-01  ,-4.104664435801e-01  
  6.508752335055e-06  ,-5.430221056787e-01  ,-5.476689384342e-01  
  6.512987245066e-06  ,-7.935602141570e-01  ,-7.872508076944e-01  
  6.520607698901e-06  ,-1.206244970148e+00  ,-1.180173053231e+00  
  6.534528363688e-06  ,-1.768364476226e+00  ,-1.705587295363e+00  
  6.554770101054e-06  ,-1.977584831880e+00  ,-1.871472801221e+00  
  6.577047337038e-06  ,-1.320391233194e+00  ,-1.231922410212e+00  
  6.580036509974e-06  ,-1.173713855361e+00  ,-1.092872784718e+00  
  6.586014855845e-06  ,-8.507139065120e-01  ,-7.858687401422e-01  
  6.593007225735e-06  ,-4.358433991713e-01  ,-3.897801888658e-01  
  6.594755318208e-06  ,-3.280440704157e-01  ,-2.866628948191e-01  
  6.595192341326e-06  ,-3.009269173530e-01  ,-2.607164047271e-01  
  6.596066387562e-06  ,-2.465275629832e-01  ,-2.086539697396e-01  
  6.596950212685e-06  ,-1.913307411798e-01  ,-1.558126278255e-01  
  6.597851174144e-06  ,-1.349121846800e-01  ,-1.017880126412e-01  
  6.598293692065e-06  ,-1.071591515304e-01  ,-7.520808965355e-02  
  6.598393925657e-06  ,-1.008698146673e-01  ,-6.918424434088e-02  
  6.598517069785e-06  ,-9.314155234371e-02  ,-6.178203915642e-02  
  6.598763358040e-06  ,-7.768096131368e-02  ,-4.697317005314e-02  
  6.599255934549e-06  ,-4.674675360835e-02  ,-1.734082847152e-02  
  6.599760525120e-06  ,-1.504650850725e-02  ,1.302795762463e-02  
  6.600268561585e-06  ,1.687402184419e-02  ,4.360998505082e-02  
  6.600672895281e-06  ,4.227610848994e-02  ,6.794827047162e-02  
  6.600904771319e-06  ,5.684080387314e-02  ,8.190345773367e-02  
  6.600964154774e-06  ,6.057036818182e-02  ,8.547698918765e-02  
  6.601079405943e-06  ,6.780807817157e-02  ,9.241194574734e-02  
  6.601198452251e-06  ,7.528318641235e-02  ,9.957417800297e-02  
  6.601436544867e-06  ,9.023013934764e-02  ,1.138962249086e-01  
  6.601866815897e-06  ,1.172282729027e-01  ,1.397660750741e-01  
  6.602467239561e-06  ,1.548660549501e-01  ,1.758315906585e-01  
  6.603075486334e-06  ,1.929379898432e-01  ,2.123132228282e-01  
  6.603638563963e-06  ,2.281201686606e-01  ,2.460251180577e-01  
  6.603917774471e-06  ,2.455399925777e-01  ,2.627165693378e-01  
  6.604007181438e-06  ,2.511141257544e-01  ,2.680575549737e-01  
  6.604166484164e-06  ,2.610410155613e-01  ,2.775691368100e-01  
  6.604325134965e-06  ,2.709207831358e-01  ,2.870354293604e-01  
  6.604642436566e-06  ,2.906598825257e-01  ,3.059479785536e-01  
  6.605232801946e-06  ,3.273077240006e-01  ,3.410593573903e-01  
  6.606413532706e-06  ,4.002530809539e-01  ,4.109369174629e-01  
  6.608774994226e-06  ,5.443922042044e-01  ,5.489557760206e-01  
  6.613011394354e-06  ,7.949527769207e-01  ,7.885643403153e-01  
  6.620670591207e-06  ,1.209394633784e+00  ,1.183150692824e+00  
  6.634625528665e-06  ,1.771208161728e+00  ,1.708171535985e+00  
  6.654837463709e-06  ,1.976948501897e+00  ,1.870749716661e+00  
  6.677096818300e-06  ,1.318054488961e+00  ,1.229707098397e+00  
  6.695663665147e-06  ,2.716179897989e-01  ,2.313700085152e-01  
  6.698788811179e-06  ,7.608287552234e-02  ,4.448590687594e-02  
  6.699570097687e-06  ,2.701073781183e-02  ,-2.437562405749e-03  
  6.700418346288e-06  ,-2.628471576569e-02  ,-5.342489818660e-02  
  6.700767545687e-06  ,-4.822164448217e-02  ,-7.441623482573e-02  
  6.701062402414e-06  ,-6.674031953582e-02  ,-9.213777634782e-02  
  6.701139108470e-06  ,-7.155702048886e-02  ,-9.674728307775e-02  
  6.701238550438e-06  ,-7.780078386171e-02  ,-1.027225485349e-01  
  6.701418062864e-06  ,-8.907004808057e-02  ,-1.135072456310e-01  
  6.701601463562e-06  ,-1.005804784108e-01  ,-1.245233056963e-01  
  6.701946751406e-06  ,-1.222417590823e-01  ,-1.452551674053e-01  
  6.702508338919e-06  ,-1.574405206306e-01  ,-1.789460211847e-01  
  6.703060333809e-06  ,-1.919903472073e-01  ,-2.120179779371e-01  
  6.703590628883e-06  ,-2.251277170094e-01  ,-2.437392468313e-01  
  6.703864344588e-06  ,-2.422079456231e-01  ,-2.600899099948e-01  
  6.703963227762e-06  ,-2.483740512415e-01  ,-2.659926665361e-01  
  6.704109096160e-06  ,-2.574656439936e-01  ,-2.746959846486e-01  
  6.704264627030e-06  ,-2.671535126000e-01  ,-2.839701255299e-01  
  6.704575688770e-06  ,-2.865098843005e-01  ,-3.024998556008e-01  
  6.705197812250e-06  ,-3.251386993831e-01  ,-3.394785443294e-01  
  6.706442059210e-06  ,-4.020090334672e-01  ,-4.130602916577e-01  
  6.708758817246e-06  ,-5.434140828664e-01  ,-5.483749637367e-01  
  6.713023529580e-06  ,-7.956523790948e-01  ,-7.894749404331e-01  
  6.720602260163e-06  ,-1.205972375312e+00  ,-1.180031953413e+00  
  6.734625742963e-06  ,-1.771214415245e+00  ,-1.708220859021e+00  
  6.754864500096e-06  ,-1.976690617156e+00  ,-1.870453892644e+00  
  6.777138755849e-06  ,-1.316071501385e+00  ,-1.227810082742e+00  
  6.795717523625e-06  ,-2.682649275249e-01  ,-2.281563893770e-01  
  6.798842669657e-06  ,-7.270118976013e-02  ,-4.124303731485e-02  
  6.799623956164e-06  ,-2.362698143794e-02  ,5.682652346403e-03  
  6.800451622536e-06  ,2.837532882106e-02  ,5.543283426832e-02  
  6.800783313071e-06  ,4.921204449786e-02  ,7.537127200883e-02  
  6.801118635764e-06  ,7.027149134721e-02  ,9.552412272119e-02  
  6.801204422215e-06  ,7.565802315044e-02  ,1.006789442251e-01  
  6.801298450870e-06  ,8.156145034352e-02  ,1.063285068690e-01  
  6.801462829305e-06  ,9.187992675850e-02  ,1.162032602481e-01  
  6.801635356812e-06  ,1.027073020225e-01  ,1.265655342718e-01  
  6.801980411826e-06  ,1.243526826947e-01  ,1.472820726522e-01  
  6.802519181935e-06  ,1.581196840776e-01  ,1.796022671282e-01  
  6.803067637799e-06  ,1.924471460024e-01  ,2.124610772226e-01  
  6.803588712780e-06  ,2.250080894495e-01  ,2.436302712082e-01  
  6.803856421454e-06  ,2.417137770332e-01  ,2.596222469655e-01  
  6.803955362836e-06  ,2.478837012276e-01  ,2.655286067353e-01  
  6.804100299912e-06  ,2.569175482866e-01  ,2.741765703002e-01  
  6.804254783044e-06  ,2.665405267707e-01  ,2.833885143789e-01  
  6.804563749308e-06  ,2.857674231005e-01  ,3.017941497145e-01  
  6.805181681836e-06  ,3.241386364043e-01  ,3.385259750491e-01  
  6.806417546893e-06  ,4.005001941797e-01  ,4.116203447046e-01  
  6.808694444323e-06  ,5.395204646751e-01  ,5.446534979518e-01  
  6.812927119160e-06  ,7.900910858878e-01  ,7.841672944736e-01  
  6.820408992196e-06  ,1.196262800779e+00  ,1.170829017345e+00  
  6.834296874428e-06  ,1.761523238056e+00  ,1.699402374269e+00  
  6.854622058297e-06  ,1.978952168294e+00  ,1.873026373103e+00  
  6.876952938462e-06  ,1.324840335447e+00  ,1.236139292733e+00  
  6.879921994830e-06  ,1.179532132400e+00  ,1.098394642464e+00  
  6.885860107565e-06  ,8.595034928976e-01  ,7.942426485883e-01  
  6.892842046643e-06  ,4.459665595018e-01  ,3.994633685373e-01  
  6.894587531412e-06  ,3.384390416124e-01  ,2.966126652861e-01  
  6.895023902604e-06  ,3.113854872871e-01  ,2.707285106419e-01  
  6.895896644989e-06  ,2.571079142622e-01  ,2.187853835701e-01  
  6.896114830585e-06  ,2.435067256727e-01  ,2.057666955194e-01  
  6.896551201778e-06  ,2.162706652932e-01  ,1.796943095237e-01  
  6.897081403719e-06  ,1.831239696026e-01  ,1.479590597439e-01  
  6.897597542690e-06  ,1.508075692823e-01  ,1.170142220590e-01  
  6.897836613195e-06  ,1.358249780447e-01  ,1.026661042226e-01  
  6.897945589578e-06  ,1.289928155460e-01  ,9.612298955170e-02  
  6.898113227641e-06  ,1.184799954590e-01  ,8.605460515529e-02  
  6.898433090379e-06  ,9.841207860558e-02  ,6.683400793844e-02  
  6.899066669127e-06  ,5.863450562530e-02  ,2.873213332588e-02  
  6.899695032468e-06  ,1.916138201000e-02  ,-9.082528012209e-03  
  6.900341835996e-06  ,-2.147777624623e-02  ,-4.801781585004e-02  
  6.900798510021e-06  ,-5.016660223040e-02  ,-7.550563523987e-02  
  6.901076276978e-06  ,-6.761159223530e-02  ,-9.222088319014e-02  
  6.901151807239e-06  ,-7.235439114515e-02  ,-9.676534454578e-02  
  6.901248117635e-06  ,-7.840145008521e-02  ,-1.025595581537e-01  
  6.901409981498e-06  ,-8.856278184793e-02  ,-1.122958426152e-01  
  6.901592334459e-06  ,-1.000076016120e-01  ,-1.232623400409e-01  
  6.901899624342e-06  ,-1.192860815259e-01  ,-1.417353030762e-01  
  6.902514204109e-06  ,-1.578078951094e-01  ,-1.786480773096e-01  
  6.903081193293e-06  ,-1.932948931014e-01  ,-2.126528516429e-01  
  6.903634305770e-06  ,-2.278543625300e-01  ,-2.457681760873e-01  
  6.903903830523e-06  ,-2.446704727102e-01  ,-2.618812204057e-01  
  6.903993819566e-06  ,-2.502811963958e-01  ,-2.672572897418e-01  
  6.904151539044e-06  ,-2.601099900882e-01  ,-2.766749218582e-01  
  6.904308839427e-06  ,-2.699063062038e-01  ,-2.860612997278e-01  
  6.904623440193e-06  ,-2.894789254459e-01  ,-3.048144404577e-01  
  6.905205609934e-06  ,-3.256221149378e-01  ,-3.394424969936e-01  
  6.906369949417e-06  ,-3.975696858623e-01  ,-4.083645666375e-01  
  6.908698628383e-06  ,-5.397736061781e-01  ,-5.445331284769e-01  
  6.912910441594e-06  ,-7.891283282591e-01  ,-7.829997335149e-01  
  6.920429567533e-06  ,-1.197298587415e+00  ,-1.171681273422e+00  
  6.934219102101e-06  ,-1.759203894498e+00  ,-1.697242564423e+00  
  6.954183677869e-06  ,-1.982749927275e+00  ,-1.877313662467e+00  
  6.976732114987e-06  ,-1.335202396698e+00  ,-1.245956322540e+00  
  6.979649762349e-06  ,-1.193302277935e+00  ,-1.111460177058e+00  
  6.985485057073e-06  ,-8.807213934649e-01  ,-8.144529065775e-01  
  6.992637614446e-06  ,-4.584787254283e-01  ,-4.114277481907e-01  
  6.994425753789e-06  ,-3.484528226148e-01  ,-3.061946738300e-01  
  6.994872788625e-06  ,-3.207609307871e-01  ,-2.797013271947e-01  
  6.995766858296e-06  ,-2.651928292412e-01  ,-2.265257659500e-01  
  6.995990375714e-06  ,-2.512663990295e-01  ,-2.131963007508e-01  
  6.996437410550e-06  ,-2.233770572918e-01  ,-1.864994957072e-01  
  6.996975994395e-06  ,-1.897181956480e-01  ,-1.542748546489e-01  
  6.997517931001e-06  ,-1.557950016302e-01  ,-1.217921516571e-01  
  6.997794533806e-06  ,-1.384626805065e-01  ,-1.051940197147e-01  
  6.997917026008e-06  ,-1.307837287399e-01  ,-9.783998558604e-02  
  6.998093418503e-06  ,-1.197224314026e-01  ,-8.724634594998e-02  
  6.998365737224e-06  ,-1.026386523655e-01  ,-7.088401036128e-02  
  6.998910374666e-06  ,-6.844980881726e-02  ,-3.813606764357e-02  
  6.999556433136e-06  ,-2.786922605942e-02  ,7.386361076178e-04  
  7.000275693560e-06  ,1.732212068173e-02  ,4.403474577950e-02  
  7.000811762834e-06  ,5.099903468403e-02  ,7.630182637896e-02  
  7.001116351882e-06  ,7.012807921068e-02  ,9.463076260600e-02  
  7.001200368820e-06  ,7.540352249811e-02  ,9.968561931774e-02  
  7.001295561628e-06  ,8.138006459385e-02  ,1.054122932053e-01  
  7.001463129843e-06  ,9.189879016389e-02  ,1.154910652991e-01  
  7.001639499055e-06  ,1.029672225701e-01  ,1.260969517716e-01  
  7.001992237480e-06  ,1.250942642662e-01  ,1.472995467145e-01  
  7.002513312461e-06  ,1.577520458068e-01  ,1.785932936202e-01  
  7.003046215238e-06  ,1.911073291695e-01  ,2.105554308684e-01  
  7.003558349522e-06  ,2.231123195898e-01  ,2.412231400254e-01  
  7.003829084994e-06  ,2.400086778043e-01  ,2.574131802240e-01  
  7.004008085193e-06  ,2.511704609104e-01  ,2.681081927427e-01  
  7.004093953134e-06  ,2.565220673672e-01  ,2.732359454747e-01  
  7.004225688713e-06  ,2.647286716556e-01  ,2.810991980764e-01  
  7.004489159869e-06  ,2.811281369724e-01  ,2.968122350618e-01  
  7.004803155275e-06  ,3.006471787324e-01  ,3.155136917748e-01  
  7.005431146087e-06  ,3.395956007970e-01  ,3.528284377921e-01  
  7.006687127711e-06  ,4.170808074265e-01  ,4.270515276570e-01  
  7.009199090960e-06  ,5.699837771071e-01  ,5.734473071848e-01  
  7.013974913122e-06  ,8.501320806196e-01  ,8.412525279691e-01  
  7.022292741301e-06  ,1.288966285441e+00  ,1.258481139917e+00  
  7.037664779188e-06  ,1.851696356799e+00  ,1.780669113553e+00  
  7.057203181745e-06  ,1.949008900755e+00  ,1.840387884573e+00  
  7.079015501501e-06  ,1.225044360449e+00  ,1.141462225762e+00  
  7.082140647532e-06  ,1.064181704505e+00  ,9.888459189141e-01  
  7.088390939595e-06  ,7.133556252147e-01  ,6.549008208803e-01  
  7.089953512611e-06  ,6.208112589910e-01  ,5.665939782608e-01  
  7.093078658642e-06  ,4.314619131805e-01  ,3.856625931547e-01  
  7.096419126453e-06  ,2.245186562056e-01  ,1.876304814823e-01  
  7.096978571923e-06  ,1.895569744268e-01  ,1.541566479648e-01  
  7.098097462865e-06  ,1.194687714164e-01  ,8.703524941464e-02  
  7.098373274045e-06  ,1.021657210612e-01  ,7.046190146923e-02  
  7.098596861312e-06  ,8.813325506630e-02  ,5.702051948309e-02  
  7.098816769855e-06  ,7.432742252509e-02  ,4.379566004271e-02  
  7.099256586941e-06  ,4.670577383258e-02  ,1.733475539981e-02  
  7.099785578163e-06  ,1.347241944577e-02  ,-1.450459501535e-02  
  7.100263067247e-06  ,-1.652881447325e-02  ,-4.324935723838e-02  
  7.100660509156e-06  ,-4.149803603473e-02  ,-6.717407771418e-02  
  7.100887798430e-06  ,-5.577478859981e-02  ,-8.085401380751e-02  
  7.100948474096e-06  ,-5.958556673774e-02  ,-8.450552983091e-02  
  7.101064575097e-06  ,-6.687675701401e-02  ,-9.149204974191e-02  
  7.101181479363e-06  ,-7.421749351931e-02  ,-9.852574811807e-02  
  7.101415287895e-06  ,-8.889586430625e-02  ,-1.125909452426e-01  
  7.101835686905e-06  ,-1.152756876819e-01  ,-1.378694305345e-01  
  7.102524772478e-06  ,-1.584698463209e-01  ,-1.792608864821e-01  
  7.103170458419e-06  ,-1.988765629434e-01  ,-2.179812286472e-01  
  7.103720870061e-06  ,-2.332570953967e-01  ,-2.509261396684e-01  
  7.104019638343e-06  ,-2.518906030367e-01  ,-2.687810423263e-01  
  7.104105180321e-06  ,-2.572216498486e-01  ,-2.738892405839e-01  
  7.104247532977e-06  ,-2.660890482210e-01  ,-2.823858727799e-01  
  7.104414821794e-06  ,-2.765029491680e-01  ,-2.923641914352e-01  
  7.104680341860e-06  ,-2.930160502751e-01  ,-3.081862274132e-01  
  7.105211381992e-06  ,-3.259799396801e-01  ,-3.397689994808e-01  
  7.106273462256e-06  ,-3.916263890582e-01  ,-4.026570242843e-01  
  7.108397622785e-06  ,-5.215388170426e-01  ,-5.270653510928e-01  
  7.112585594138e-06  ,-7.703327511478e-01  ,-7.650361875398e-01  
  7.119697918376e-06  ,-1.160162373267e+00  ,-1.136443998847e+00  
  7.133013596019e-06  ,-1.721918752234e+00  ,-1.663153245499e+00  
  7.153717269382e-06  ,-1.986377582517e+00  ,-1.881732816925e+00  
  7.176232923945e-06  ,-1.358389165095e+00  ,-1.267948146682e+00  
  7.194677581271e-06  ,-3.328612927171e-01  ,-2.900251446527e-01  
  7.195068224525e-06  ,-3.086343174057e-01  ,-2.668866556601e-01  
  7.195849511033e-06  ,-2.600445720073e-01  ,-2.204803176351e-01  
  7.196825537091e-06  ,-1.991269238288e-01  ,-1.622790001161e-01  
  7.197807896143e-06  ,-1.376251024038e-01  ,-1.034897564883e-01  
  7.198321241146e-06  ,-1.054306382109e-01  ,-7.270351468563e-02  
  7.198420054471e-06  ,-9.923014842595e-02  ,-6.677347075031e-02  
  7.198521417292e-06  ,-9.286868594296e-02  ,-6.068924959691e-02  
  7.198724142933e-06  ,-8.014300030691e-02  ,-4.851751039848e-02  
  7.199129594216e-06  ,-5.468239314377e-02  ,-2.416258828321e-02  
  7.199633160332e-06  ,-2.304870589067e-02  ,6.101929765520e-03  
  7.200147716055e-06  ,9.281240131992e-03  ,3.703727738869e-02  
  7.200741527328e-06  ,4.658732210418e-02  ,7.273934827071e-02  
  7.200971377740e-06  ,6.102399074314e-02  ,8.655662046798e-02  
  7.201038712362e-06  ,6.525264030003e-02  ,9.060396722947e-02  
  7.201153113699e-06  ,7.243642460839e-02  ,9.747987346257e-02  
  7.201295699185e-06  ,8.138870035527e-02  ,1.060486924857e-01  
  7.201546923449e-06  ,9.715781228791e-02  ,1.211429022498e-01  
  7.201969138538e-06  ,1.236457238584e-01  ,1.464985671879e-01  
  7.202524393057e-06  ,1.584460815494e-01  ,1.798136263214e-01  
  7.203095480060e-06  ,1.941883354358e-01  ,2.140323650537e-01  
  7.203636857873e-06  ,2.280136711297e-01  ,2.464169723631e-01  
  7.203903728357e-06  ,2.446641016408e-01  ,2.623584263263e-01  
  7.203992506681e-06  ,2.501993536188e-01  ,2.676579956167e-01  
  7.204147106228e-06  ,2.598338310682e-01  ,2.768822531627e-01  
  7.204304080648e-06  ,2.696100355728e-01  ,2.862421914354e-01  
  7.204618029488e-06  ,2.891425365537e-01  ,3.049429208720e-01  
  7.205157172127e-06  ,3.226189096448e-01  ,3.369931965760e-01  
  7.206235457404e-06  ,3.892844222860e-01  ,4.008146430859e-01  
  7.208392027957e-06  ,5.211994382873e-01  ,5.270697089752e-01  
  7.212424282176e-06  ,7.609693547743e-01  ,7.563174862703e-01  
  7.219516489847e-06  ,1.150858024529e+00  ,1.127736563008e+00  
  7.232552025659e-06  ,1.706986029359e+00  ,1.649482058428e+00  
  7.253839824541e-06  ,1.985465644214e+00  ,1.880742769623e+00  
  7.276134941919e-06  ,1.362901257344e+00  ,1.272239726725e+00  
  7.294591520173e-06  ,3.381920320456e-01  ,2.951290779844e-01  
  7.297716666205e-06  ,1.433430879426e-01  ,1.089541937282e-01  
  7.298497952713e-06  ,9.434139327839e-02  ,6.210321280390e-02  
  7.299461126519e-06  ,3.385680208920e-02  ,4.243631858800e-03  
  7.300328280969e-06  ,-2.062613593689e-02  ,-4.789130261495e-02  
  7.300845816923e-06  ,-5.313799087735e-02  ,-7.900708721176e-02  
  7.301211174769e-06  ,-7.608199326113e-02  ,-1.009677368946e-01  
  7.301310628379e-06  ,-8.232594326937e-02  ,-1.069443178489e-01  
  7.301400629064e-06  ,-8.797572365617e-02  ,-1.123522594311e-01  
  7.301539279712e-06  ,-9.667810636935e-02  ,-1.206820150048e-01  
  7.301692575408e-06  ,-1.062975408987e-01  ,-1.298901058191e-01  
  7.301999166800e-06  ,-1.255287908011e-01  ,-1.482996311446e-01  
  7.302531138254e-06  ,-1.588685591273e-01  ,-1.802166219724e-01  
  7.303055100335e-06  ,-1.916630343374e-01  ,-2.116132850227e-01  
  7.303567234619e-06  ,-2.236670933548e-01  ,-2.422542079354e-01  
  7.303834663896e-06  ,-2.403566736719e-01  ,-2.582331701984e-01  
  7.304009449860e-06  ,-2.512555263803e-01  ,-2.686679974500e-01  
  7.304095713614e-06  ,-2.566317675129e-01  ,-2.738153425710e-01  
  7.304226471303e-06  ,-2.647774105237e-01  ,-2.816141765790e-01  
  7.304487986682e-06  ,-2.810551551238e-01  ,-2.971988330322e-01  
  7.304808408214e-06  ,-3.009734760815e-01  ,-3.162688929313e-01  
  7.305449251277e-06  ,-3.407166095309e-01  ,-3.543184890645e-01  
  7.306730937405e-06  ,-4.197725354424e-01  ,-4.299980149272e-01  
  7.309294309659e-06  ,-5.757158798837e-01  ,-5.792235977397e-01  
  7.314111855073e-06  ,-8.579124925268e-01  ,-8.488679888688e-01  
  7.322562303586e-06  ,-1.301870329675e+00  ,-1.270773045148e+00  
  7.338128056569e-06  ,-1.862499857453e+00  ,-1.790851619944e+00  
  7.358280386968e-06  ,-1.932709997740e+00  ,-1.824132721669e+00  
  7.380357947392e-06  ,-1.157301365029e+00  ,-1.077117329279e+00  
  7.383483093424e-06  ,-9.918399195636e-01  ,-9.199301921814e-01  
  7.389733385487e-06  ,-6.339441114464e-01  ,-5.789556501095e-01  
  7.391295958502e-06  ,-5.401010934123e-01  ,-4.893711007231e-01  
  7.394421104534e-06  ,-3.487404724157e-01  ,-3.064502643551e-01  
  7.394828511594e-06  ,-3.235066151465e-01  ,-2.823098908966e-01  
  7.395643325714e-06  ,-2.728840582448e-01  ,-2.338694296229e-01  
  7.396657163469e-06  ,-2.096507497258e-01  ,-1.733425225926e-01  
  7.397951329319e-06  ,-1.286329257572e-01  ,-9.576500921413e-02  
  7.398534709780e-06  ,-9.203438711918e-02  ,-6.071253111165e-02  
  7.398739996558e-06  ,-7.914767784711e-02  ,-4.836922299027e-02  
  7.398975760868e-06  ,-6.434373788305e-02  ,-3.418892476971e-02  
  7.399447289487e-06  ,-3.472608064350e-02  ,-5.817143086556e-03  
  7.399947968503e-06  ,-3.269233889674e-03  ,2.431889540133e-02  
  7.400426202646e-06  ,2.677830184985e-02  ,5.310669770912e-02  
  7.400737776613e-06  ,4.635172132596e-02  ,7.186037430638e-02  
  7.400988302385e-06  ,6.208689380090e-02  ,8.693695963088e-02  
  7.401052924531e-06  ,6.614513526217e-02  ,9.082539565003e-02  
  7.401149654021e-06  ,7.221918887839e-02  ,9.664533444188e-02  
  7.401304672664e-06  ,8.195205039973e-02  ,1.059708607346e-01  
  7.401489959290e-06  ,9.358272069468e-02  ,1.171151921195e-01  
  7.401860532543e-06  ,1.168341546104e-01  ,1.393946846551e-01  
  7.402483028552e-06  ,1.558551088413e-01  ,1.767851763258e-01  
  7.403076374164e-06  ,1.929935135832e-01  ,2.123719006960e-01  
  7.403641035041e-06  ,2.282744171293e-01  ,2.461780671509e-01  
  7.403918801999e-06  ,2.456040655525e-01  ,2.627829593220e-01  
  7.404007987777e-06  ,2.511643885199e-01  ,2.681106642261e-01  
  7.404166615294e-06  ,2.610491842329e-01  ,2.775818289321e-01  
  7.404325289378e-06  ,2.709303957790e-01  ,2.870494227078e-01  
  7.404642637545e-06  ,2.906723763615e-01  ,3.059645722360e-01  
  7.405227880651e-06  ,3.270026749005e-01  ,3.407714519489e-01  
  7.406398366863e-06  ,3.993194146075e-01  ,4.100464484146e-01  
  7.408739339286e-06  ,5.422361856070e-01  ,5.468950312032e-01  
  7.412963073427e-06  ,7.921659050914e-01  ,7.859043608575e-01  
  7.420567135984e-06  ,1.204211069633e+00  ,1.178237439097e+00  
  7.434452037985e-06  ,1.766119127952e+00  ,1.703542069574e+00  
  7.454711656744e-06  ,1.978129740829e+00  ,1.872092701023e+00  
  7.476997833425e-06  ,1.322725840136e+00  ,1.234136231927e+00  
  7.479979928309e-06  ,1.176590555735e+00  ,1.095604133671e+00  
  7.485944118077e-06  ,8.547342660950e-01  ,7.896994527909e-01  
  7.492934997851e-06  ,4.402714149064e-01  ,3.940158414398e-01  
  7.494682717795e-06  ,3.325430522657e-01  ,2.909692619270e-01  
  7.495119647780e-06  ,3.054416008173e-01  ,2.650384340564e-01  
  7.495993507752e-06  ,2.510711653013e-01  ,2.130048580843e-01  
  7.496210179949e-06  ,2.375592354126e-01  ,2.000712446814e-01  
  7.496643524343e-06  ,2.105029806515e-01  ,1.741703135629e-01  
  7.497198778862e-06  ,1.757788226730e-01  ,1.409238741964e-01  
  7.497519200394e-06  ,1.557154855683e-01  ,1.217120002868e-01  
  7.497818387771e-06  ,1.369674490815e-01  ,1.037581666095e-01  
  7.497921927558e-06  ,1.304764128439e-01  ,9.754179779269e-02  
  7.498087609844e-06  ,1.200867437143e-01  ,8.759144809089e-02  
  7.498382326873e-06  ,1.015976536036e-01  ,6.988322353890e-02  
  7.498897348257e-06  ,6.926779697204e-02  ,3.891609982529e-02  
  7.499525432201e-06  ,2.981686957905e-02  ,1.123915462098e-03  
  7.500169255497e-06  ,-1.063458640140e-02  ,-3.763065360026e-02  
  7.500782345148e-06  ,-4.915124645838e-02  ,-7.453435542068e-02  
  7.501027236419e-06  ,-6.453196518394e-02  ,-8.927159923006e-02  
  7.501100671204e-06  ,-6.914343053319e-02  ,-9.369019102947e-02  
  7.501213559141e-06  ,-7.623169912342e-02  ,-1.004820406568e-01  
  7.501377797877e-06  ,-8.654256391061e-02  ,-1.103615136818e-01  
  7.501604342094e-06  ,-1.007611126309e-01  ,-1.239857789462e-01  
  7.501997499919e-06  ,-1.254242638931e-01  ,-1.476184242480e-01  
  7.502527888125e-06  ,-1.586649919264e-01  ,-1.794706638128e-01  
  7.503076902783e-06  ,-1.930265726485e-01  ,-2.123969493854e-01  
  7.503602168715e-06  ,-2.258481630313e-01  ,-2.438469840930e-01  
  7.503864289453e-06  ,-2.422045069299e-01  ,-2.595194939407e-01  
  7.503959109733e-06  ,-2.481173087460e-01  ,-2.651850144130e-01  
  7.504121881636e-06  ,-2.582622740339e-01  ,-2.749056021347e-01  
  7.504272173816e-06  ,-2.676234342849e-01  ,-2.838750466800e-01  
  7.504572758177e-06  ,-2.863276477110e-01  ,-3.017961893505e-01  
  7.505173926899e-06  ,-3.236578115815e-01  ,-3.375616399303e-01  
  7.506376264343e-06  ,-3.979585380825e-01  ,-4.087383051280e-01  
  7.508732510457e-06  ,-5.418231753852e-01  ,-5.464960752076e-01  
  7.512885464082e-06  ,-7.876860286531e-01  ,-7.816223781217e-01  
  7.520440352807e-06  ,-1.197841330970e+00  ,-1.172196812410e+00  
  7.534217966447e-06  ,-1.759169948921e+00  ,-1.697211037921e+00  
  7.554537189851e-06  ,-1.979716719149e+00  ,-1.873904932168e+00  
  7.576862109551e-06  ,-1.329110196876e+00  ,-1.240189426870e+00  
  7.579822970280e-06  ,-1.184551058776e+00  ,-1.103159955067e+00  
  7.585744691739e-06  ,-8.660458114188e-01  ,-8.004762146134e-01  
  7.592735571513e-06  ,-4.524856422955e-01  ,-4.056986676469e-01  
  7.594483291456e-06  ,-3.448923492328e-01  ,-3.027891987727e-01  
  7.594920221442e-06  ,-3.178188629966e-01  ,-2.768869124469e-01  
  7.595794081414e-06  ,-2.634973568712e-01  ,-2.249034675115e-01  
  7.596012546407e-06  ,-2.498843497634e-01  ,-2.118738631369e-01  
  7.596449476393e-06  ,-2.226236653557e-01  ,-1.857786551605e-01  
  7.596979771467e-06  ,-1.894819440370e-01  ,-1.540490053832e-01  
  7.597512860509e-06  ,-1.561126200282e-01  ,-1.220966217174e-01  
  7.597784760134e-06  ,-1.390752984225e-01  ,-1.057810065162e-01  
  7.597907601582e-06  ,-1.313746097168e-01  ,-9.840616461426e-02  
  7.598082783358e-06  ,-1.203894522529e-01  ,-8.788545969882e-02  
  7.598354077624e-06  ,-1.033702743843e-01  ,-7.158502151415e-02  
  7.598896666156e-06  ,-6.931062889230e-02  ,-3.896088533328e-02  
  7.599542631494e-06  ,-2.873632194359e-02  ,-9.225295687785e-05  
  7.600202287273e-06  ,1.270999869331e-02  ,3.961581404733e-02  
  7.600768810796e-06  ,4.830111045292e-02  ,7.371680379942e-02  
  7.601077916758e-06  ,6.771456365029e-02  ,9.231820524419e-02  
  7.601163482020e-06  ,7.308745416177e-02  ,9.746642298669e-02  
  7.601266381523e-06  ,7.954810895979e-02  ,1.036569585158e-01  
  7.601437535329e-06  ,9.029230847390e-02  ,1.139517393035e-01  
  7.601636768511e-06  ,1.027958845341e-01  ,1.259327921030e-01  
  7.602035234874e-06  ,1.277904655318e-01  ,1.498831495821e-01  
  7.602551094448e-06  ,1.601184503206e-01  ,1.808609043104e-01  
  7.603091447806e-06  ,1.939361769212e-01  ,2.132661597515e-01  
  7.603613919770e-06  ,2.265817655232e-01  ,2.445476384627e-01  
  7.603873013711e-06  ,2.427486246356e-01  ,2.600386270196e-01  
  7.603964737343e-06  ,2.484681664707e-01  ,2.655189849898e-01  
  7.604121222818e-06  ,2.582212258249e-01  ,2.748640892733e-01  
  7.604274378816e-06  ,2.677607318772e-01  ,2.840044456211e-01  
  7.604580690810e-06  ,2.868209266127e-01  ,3.022667191354e-01  
  7.605164723197e-06  ,3.230871348761e-01  ,3.370128801574e-01  
  7.606332787970e-06  ,3.952810905483e-01  ,4.061715592783e-01  
  7.608668917516e-06  ,5.379758552003e-01  ,5.428116030623e-01  
  7.612769717077e-06  ,7.809960249571e-01  ,7.752422270955e-01  
  7.620245629648e-06  ,1.188021235203e+00  ,1.162889116257e+00  
  7.633814627031e-06  ,1.746972529245e+00  ,1.686081499237e+00  
  7.654232198099e-06  ,1.982348084471e+00  ,1.876935411792e+00  
  7.676619702676e-06  ,1.340452652742e+00  ,1.250943944050e+00  
  7.679545545677e-06  ,1.198550749161e+00  ,1.116448204415e+00  
  7.685397231678e-06  ,8.856724194210e-01  ,8.191718722499e-01  
  7.692688369850e-06  ,4.553740121205e-01  ,4.084570752776e-01  
  7.694511154393e-06  ,3.431677644409e-01  ,3.011352425869e-01  
  7.694966850528e-06  ,3.149259595190e-01  ,2.741149811947e-01  
  7.695878242800e-06  ,2.582545209555e-01  ,2.198818729864e-01  
  7.696837505052e-06  ,1.983786769941e-01  ,1.625636104666e-01  
  7.697890830884e-06  ,1.324260496799e-01  ,9.940982309057e-02  
  7.698425316909e-06  ,9.889990554938e-02  ,6.730003554936e-02  
  7.698603083106e-06  ,8.774270631259e-02  ,5.661338178881e-02  
  7.698771326529e-06  ,7.718066174687e-02  ,4.649643112602e-02  
  7.699107813375e-06  ,5.605039922788e-02  ,2.625563800517e-02  
  7.699563416379e-06  ,2.743049789909e-02  ,-1.161474806559e-03  
  7.700078530895e-06  ,-4.934236625310e-03  ,-3.216834336796e-02  
  7.700606125133e-06  ,-3.808166382620e-02  ,-6.392719805265e-02  
  7.700855766149e-06  ,-5.376289589213e-02  ,-7.895215473222e-02  
  7.700932064751e-06  ,-5.855498699152e-02  ,-8.354375683354e-02  
  7.701045988785e-06  ,-6.570958635015e-02  ,-9.039907949385e-02  
  7.701170832576e-06  ,-7.354899280854e-02  ,-9.791024607294e-02  
  7.701420520158e-06  ,-8.922429100092e-02  ,-1.129302176553e-01  
  7.701919895323e-06  ,-1.205574531304e-01  ,-1.429540683078e-01  
  7.702527490171e-06  ,-1.586400665264e-01  ,-1.794459832369e-01  
  7.703146074625e-06  ,-1.973520191409e-01  ,-2.165409595906e-01  
  7.703728616895e-06  ,-2.337405146788e-01  ,-2.514087039157e-01  
  7.703982635127e-06  ,-2.495839661478e-01  ,-2.665896440007e-01  
  7.704066093272e-06  ,-2.547859407676e-01  ,-2.715740228613e-01  
  7.704209353967e-06  ,-2.637113251322e-01  ,-2.801259787954e-01  
  7.704380042112e-06  ,-2.743384974520e-01  ,-2.903083726599e-01  
  7.704681604361e-06  ,-2.930945193540e-01  ,-3.082789610804e-01  
  7.705284728860e-06  ,-3.305259634994e-01  ,-3.441409006193e-01  
  7.706490977859e-06  ,-4.050194747275e-01  ,-4.155004631027e-01  
  7.708903475856e-06  ,-5.521556752475e-01  ,-5.563851879934e-01  
  7.713315709686e-06  ,-8.124615684950e-01  ,-8.052858706957e-01  
  7.721152230358e-06  ,-1.233357826075e+00  ,-1.205856984484e+00  
  7.735545261955e-06  ,-1.797304475055e+00  ,-1.731839969585e+00  
  7.755193933105e-06  ,-1.973433848924e+00  ,-1.866713747616e+00  
  7.777524813270e-06  ,-1.297710180756e+00  ,-1.210386863447e+00  
  7.780567630386e-06  ,-1.146531312653e+00  ,-1.067059540013e+00  
  7.786653264618e-06  ,-8.142424883473e-01  ,-7.511078109464e-01  
  7.792602553224e-06  ,-4.606227437027e-01  ,-4.134913319248e-01  
  7.794089875376e-06  ,-3.692141308206e-01  ,-3.260813215420e-01  
  7.796504981076e-06  ,-2.191575392802e-01  ,-1.824706627213e-01  
  7.798363714671e-06  ,-1.027655654706e-01  ,-7.100770823271e-02  
  7.799393198645e-06  ,-3.812414440462e-02  ,-9.085642155886e-03  
  7.799817509210e-06  ,-1.146617170725e-02  ,1.645354656971e-02  
  7.800369783496e-06  ,2.323365972152e-02  ,4.969918737779e-02  
  7.800721963128e-06  ,4.535839196923e-02  ,7.089776493644e-02  
  7.800960381707e-06  ,6.033340770038e-02  ,8.524630022813e-02  
  7.801023013150e-06  ,6.426674699852e-02  ,8.901513165686e-02  
  7.801125807879e-06  ,7.072184859870e-02  ,9.520029401335e-02  
  7.801271536579e-06  ,7.987175337766e-02  ,1.039674045170e-01  
  7.801479151664e-06  ,9.290439593658e-02  ,1.164553197499e-01  
  7.801871890394e-06  ,1.175465633041e-01  ,1.400678702427e-01  
  7.802472593455e-06  ,1.552014378373e-01  ,1.761500234577e-01  
  7.803065380273e-06  ,1.923059591767e-01  ,2.117048864475e-01  
  7.803622124908e-06  ,2.270939828814e-01  ,2.450393252021e-01  
  7.803903477458e-06  ,2.446484556313e-01  ,2.618599117495e-01  
  7.803994316334e-06  ,2.503121638226e-01  ,2.672867627354e-01  
  7.804158345522e-06  ,2.605340155181e-01  ,2.770810303963e-01  
  7.804312735522e-06  ,2.701488636168e-01  ,2.862935503855e-01  
  7.804621515522e-06  ,2.893592676811e-01  ,3.046996796100e-01  
  7.805237026611e-06  ,3.275695859200e-01  ,3.413082140600e-01  
  7.806468048790e-06  ,4.036085443425e-01  ,4.141488853774e-01  
  7.808930093149e-06  ,5.537628979220e-01  ,5.579237488931e-01  
  7.813231313327e-06  ,8.076131947894e-01  ,8.006554541993e-01  
  7.821088695625e-06  ,1.230212805937e+00  ,1.202879001841e+00  
  7.835343146423e-06  ,1.791697586103e+00  ,1.726763678958e+00  
  7.855024600128e-06  ,1.975134294981e+00  ,1.868603629751e+00  
  7.877379322151e-06  ,1.304652460181e+00  ,1.216972177468e+00  
  7.880401277641e-06  ,1.155079873022e+00  ,1.075177589241e+00  
  7.886445188621e-06  ,8.261662776802e-01  ,7.624733634687e-01  
  7.892617249588e-06  ,4.597241186631e-01  ,4.126300989552e-01  
  7.894160264829e-06  ,3.648665473881e-01  ,3.219114993963e-01  
  7.896592134336e-06  ,2.137136996488e-01  ,1.772494180129e-01  
  7.898231448332e-06  ,1.110642156189e-01  ,7.894949243529e-02  
  7.899081838975e-06  ,5.768175906166e-02  ,2.781583668675e-02  
  7.899421492318e-06  ,3.634670868835e-02  ,7.377610342769e-03  
  7.899855069542e-06  ,9.106217759574e-03  ,-1.871934263392e-02  
  7.900337774033e-06  ,-2.122257010142e-02  ,-4.777676783420e-02  
  7.900679103756e-06  ,-4.266611055626e-02  ,-6.832238205275e-02  
  7.900894728215e-06  ,-5.621002916489e-02  ,-8.129950961529e-02  
  7.900951649487e-06  ,-5.978499356918e-02  ,-8.472490610571e-02  
  7.901058786508e-06  ,-6.651325153584e-02  ,-9.117171284203e-02  
  7.901184165809e-06  ,-7.438617140913e-02  ,-9.871513307217e-02  
  7.901431292254e-06  ,-8.990044276722e-02  ,-1.135807688933e-01  
  7.901836743537e-06  ,-1.153419673973e-01  ,-1.379590407097e-01  
  7.902467714582e-06  ,-1.548958117756e-01  ,-1.758605650010e-01  
  7.903083225671e-06  ,-1.934219930310e-01  ,-2.127774698173e-01  
  7.903658131097e-06  ,-2.293415412616e-01  ,-2.471958943537e-01  
  7.903937388171e-06  ,-2.467629883465e-01  ,-2.638888764789e-01  
  7.904024688020e-06  ,-2.522053540191e-01  ,-2.691035975652e-01  
  7.904181220062e-06  ,-2.619589509634e-01  ,-2.784491221252e-01  
  7.904342245735e-06  ,-2.719859358991e-01  ,-2.880564572989e-01  
  7.904664297082e-06  ,-2.920187680838e-01  ,-3.072504038361e-01  
  7.905301694252e-06  ,-3.315772259243e-01  ,-3.451500918133e-01  
  7.906576488592e-06  ,-4.102794816954e-01  ,-4.205404583353e-01  
  7.909126077272e-06  ,-5.655849436888e-01  ,-5.692402107815e-01  
  7.913600895979e-06  ,-8.288023969753e-01  ,-8.208904141720e-01  
  7.921753321268e-06  ,-1.262867415564e+00  ,-1.233794706795e+00  
  7.936562095262e-06  ,-1.824408631989e+00  ,-1.756263011376e+00  
  7.955981288530e-06  ,-1.964794461789e+00  ,-1.857194074037e+00  
  7.978148255922e-06  ,-1.267656697131e+00  ,-1.181880820137e+00  
  7.981273401953e-06  ,-1.109917582842e+00  ,-1.032295758828e+00  
  7.987523694016e-06  ,-7.639912373866e-01  ,-7.032015115594e-01  
  7.993928958155e-06  ,-3.791463186784e-01  ,-3.355476293366e-01  
  7.995530274190e-06  ,-2.799191300778e-01  ,-2.406016793526e-01  
  7.995816050522e-06  ,-2.621289668485e-01  ,-2.235751784052e-01  
  7.996387603186e-06  ,-2.264866911560e-01  ,-1.894588613674e-01  
  7.997018294834e-06  ,-1.870721988296e-01  ,-1.517248334574e-01  
  7.997640045784e-06  ,-1.481444902866e-01  ,-1.144502740883e-01  
  7.997927917592e-06  ,-1.301008473643e-01  ,-9.717080962552e-02  
  7.998046521522e-06  ,-1.226636404715e-01  ,-9.004823166573e-02  
  7.998221936129e-06  ,-1.116609577181e-01  ,-7.951065312220e-02  
  7.998529132880e-06  ,-9.238442141604e-02  ,-6.104797774490e-02  
  7.999066599138e-06  ,-5.863890126618e-02  ,-2.872436477281e-02  
  7.999698874034e-06  ,-1.892002024295e-02  ,9.325039646081e-03  
  8.000293523498e-06  ,1.844236392278e-02  ,4.512022822265e-02  
  8.000752292998e-06  ,4.726356287684e-02  ,7.273429960143e-02  
  8.001015112229e-06  ,6.377057183836e-02  ,8.855048754675e-02  
  8.001085916027e-06  ,6.821688226306e-02  ,9.281077446653e-02  
  8.001187325414e-06  ,7.458455751833e-02  ,9.891208000262e-02  
  8.001335778233e-06  ,8.390479001857e-02  ,1.078422582273e-01  
  8.001543346751e-06  ,9.693334645454e-02  ,1.203260791635e-01  
  8.001892918680e-06  ,1.188654997614e-01  ,1.413415171675e-01  
  8.002504611347e-06  ,1.572070361075e-01  ,1.780810542592e-01  
  8.003083987121e-06  ,1.934696119836e-01  ,2.128285805724e-01  
  8.003641383681e-06  ,2.282961796974e-01  ,2.461994383411e-01  
  8.003911700059e-06  ,2.451612088103e-01  ,2.623591639504e-01  
  8.004000815988e-06  ,2.507173327796e-01  ,2.676828543068e-01  
  8.004157580860e-06  ,2.604863796827e-01  ,2.770431301403e-01  
  8.004316324793e-06  ,2.703723156311e-01  ,2.865152683173e-01  
  8.004633812658e-06  ,2.901237685388e-01  ,3.054395298831e-01  
  8.005210301332e-06  ,3.259129475888e-01  ,3.397280695115e-01  
  8.006363278680e-06  ,3.971589069365e-01  ,4.079776889548e-01  
  8.008669233374e-06  ,5.379949696695e-01  ,5.428381980748e-01  
  8.012832617812e-06  ,7.846328800975e-01  ,7.787106734631e-01  
  8.020359194331e-06  ,1.193753849855e+00  ,1.168323696018e+00  
  8.033998227172e-06  ,1.752559694783e+00  ,1.691181036738e+00  
  8.054362154059e-06  ,1.981249106910e+00  ,1.875657109247e+00  
  8.076716876082e-06  ,1.335915112222e+00  ,1.246642189397e+00  
  8.079657992773e-06  ,1.192887238630e+00  ,1.111073321662e+00  
  8.085540226154e-06  ,8.776078875643e-01  ,8.114905828214e-01  
  8.092587730341e-06  ,4.615290054934e-01  ,4.143472331615e-01  
  8.094349606387e-06  ,3.531631277186e-01  ,3.107044034121e-01  
  8.094790075399e-06  ,3.258895932487e-01  ,2.846119606994e-01  
  8.095671013422e-06  ,2.711605545272e-01  ,2.322407277550e-01  
  8.096763827331e-06  ,2.029846201018e-01  ,1.669790891968e-01  
  8.097944558091e-06  ,1.290574907359e-01  ,9.618870622836e-02  
  8.098554015584e-06  ,9.082263579337e-02  ,5.956803070607e-02  
  8.098752759822e-06  ,7.834636019925e-02  ,4.761748823107e-02  
  8.098985054955e-06  ,6.376007272384e-02  ,3.364526887103e-02  
  8.099449645221e-06  ,3.457808773603e-02  ,5.690073476423e-03  
  8.099946133286e-06  ,3.384543858753e-03  ,-2.419445855385e-02  
  8.100420735270e-06  ,-2.643480690069e-02  ,-5.276429922049e-02  
  8.100736127660e-06  ,-4.624814230821e-02  ,-7.174826213203e-02  
  8.100981624290e-06  ,-6.166749757907e-02  ,-8.652256330557e-02  
  8.101045128848e-06  ,-6.565558407942e-02  ,-9.034385890543e-02  
  8.101142510265e-06  ,-7.177062434003e-02  ,-9.620318987206e-02  
  8.101294734940e-06  ,-8.132816521521e-02  ,-1.053609163169e-01  
  8.101483025081e-06  ,-9.314750650679e-02  ,-1.166862544244e-01  
  8.101857882418e-06  ,-1.166679263032e-01  ,-1.392239291160e-01  
  8.102480564691e-06  ,-1.557007702280e-01  ,-1.766265116710e-01  
  8.103076052345e-06  ,-1.929733874828e-01  ,-2.123424664773e-01  
  8.103641458280e-06  ,-2.283008362494e-01  ,-2.461937872772e-01  
  8.103919784032e-06  ,-2.456653013764e-01  ,-2.628322997340e-01  
  8.104008958168e-06  ,-2.512248772051e-01  ,-2.681593700665e-01  
  8.104167655535e-06  ,-2.611139851954e-01  ,-2.776348092083e-01  
  8.104326585732e-06  ,-2.710110970882e-01  ,-2.871177778103e-01  
  8.104644446127e-06  ,-2.907848058876e-01  ,-3.060635983799e-01  
  8.105231458746e-06  ,-3.272244658041e-01  ,-3.409757242947e-01  
  8.106405483983e-06  ,-3.997575826213e-01  ,-4.104588086272e-01  
  8.108753534459e-06  ,-5.430946351526e-01  ,-5.477108620201e-01  
  8.112989934586e-06  ,-7.937153272820e-01  ,-7.873803688020e-01  
  8.120613368653e-06  ,-1.206529106168e+00  ,-1.180432927638e+00  
  8.134538503788e-06  ,-1.768662012697e+00  ,-1.705855111915e+00  
  8.154774280690e-06  ,-1.977545607340e+00  ,-1.871429079133e+00  
  8.177048536442e-06  ,-1.320334629262e+00  ,-1.231868885113e+00  
  8.180038454436e-06  ,-1.173614929912e+00  ,-1.092779006108e+00  
  8.186018290423e-06  ,-8.505185962081e-01  ,-7.856826944320e-01  
  8.193011405371e-06  ,-4.355870927427e-01  ,-3.895350061922e-01  
  8.194759684108e-06  ,-3.277734648825e-01  ,-2.864038637894e-01  
  8.195196753792e-06  ,-3.006528272638e-01  ,-2.604540015273e-01  
  8.196070893161e-06  ,-2.462466242850e-01  ,-2.083849407418e-01  
  8.196953880094e-06  ,-1.911013666876e-01  ,-1.555929058207e-01  
  8.197852233849e-06  ,-1.348457530120e-01  ,-1.017242951638e-01  
  8.198292330332e-06  ,-1.072445887587e-01  ,-7.528982738400e-02  
  8.198393460322e-06  ,-1.008990153274e-01  ,-6.921212154791e-02  
  8.198516930413e-06  ,-9.315029986872e-02  ,-6.179032775528e-02  
  8.198763870593e-06  ,-7.764878092569e-02  ,-4.694225764040e-02  
  8.199257750954e-06  ,-4.663265662025e-02  ,-1.723144469585e-02  
  8.199762714054e-06  ,-1.490897758348e-02  ,1.315979687066e-02  
  8.200270843651e-06  ,1.701740315007e-02  ,4.374743456642e-02  
  8.200674152892e-06  ,4.235510885899e-02  ,6.802403690110e-02  
  8.200905726250e-06  ,5.690077973326e-02  ,8.196099555728e-02  
  8.200964958366e-06  ,6.062083615684e-02  ,8.552541675923e-02  
  8.201079883572e-06  ,6.783807121240e-02  ,9.244075441896e-02  
  8.201199139427e-06  ,7.532633236005e-02  ,9.961559003904e-02  
  8.201437651139e-06  ,9.029957760853e-02  ,1.139628291824e-01  
  8.201864941936e-06  ,1.171107307115e-01  ,1.396535097301e-01  
  8.202466855716e-06  ,1.548420096835e-01  ,1.758086118462e-01  
  8.203075009357e-06  ,1.929081602592e-01  ,2.122846981780e-01  
  8.203638366383e-06  ,2.281078353513e-01  ,2.460133560266e-01  
  8.203917949419e-06  ,2.455509017851e-01  ,2.627270766095e-01  
  8.204007379670e-06  ,2.511264824682e-01  ,2.680694486839e-01  
  8.204166798811e-06  ,2.610606163045e-01  ,2.775879704894e-01  
  8.204325426329e-06  ,2.709389213419e-01  ,2.870528606679e-01  
  8.204642681364e-06  ,2.906751003405e-01  ,3.059626097051e-01  
  8.205233698670e-06  ,3.273633070738e-01  ,3.411126561848e-01  
  8.206415733282e-06  ,4.003885491189e-01  ,4.110667175883e-01  
  8.208779802505e-06  ,5.446829038112e-01  ,5.492340680075e-01  
  8.213019182865e-06  ,7.954018019610e-01  ,7.889932597845e-01  
  8.220684340183e-06  ,1.210082557717e+00  ,1.183802798600e+00  
  8.234651198570e-06  ,1.771956676799e+00  ,1.708852218080e+00  
  8.254857173149e-06  ,1.976760645619e+00  ,1.870537383963e+00  
  8.277110567275e-06  ,1.317404630215e+00  ,1.229091056791e+00  
  8.295680394355e-06  ,2.705765638651e-01  ,2.303722524931e-01  
  8.298805540387e-06  ,7.503249878720e-02  ,4.347889767544e-02  
  8.299586826894e-06  ,2.595970287322e-02  ,-3.445297750473e-03  
  8.300428463105e-06  ,-2.692031791581e-02  ,-5.403520451897e-02  
  8.300771934871e-06  ,-4.849734439035e-02  ,-7.468212187852e-02  
  8.301073357422e-06  ,-6.742825565310e-02  ,-9.279812326982e-02  
  8.301151518669e-06  ,-7.233627160495e-02  ,-9.749501158676e-02  
  8.301249982748e-06  ,-7.851854839038e-02  ,-1.034114281099e-01  
  8.301432615105e-06  ,-8.998347583049e-02  ,-1.143833662609e-01  
  8.301611801568e-06  ,-1.012292072842e-01  ,-1.251460861457e-01  
  8.301970174495e-06  ,-1.237106903598e-01  ,-1.466629522857e-01  
  8.302507547621e-06  ,-1.573909561382e-01  ,-1.789003179103e-01  
  8.303051067475e-06  ,-1.914108069789e-01  ,-2.114648586387e-01  
  8.303570931736e-06  ,-2.238979313992e-01  ,-2.425636276996e-01  
  8.303847720806e-06  ,-2.411710973341e-01  ,-2.590989423487e-01  
  8.304021528881e-06  ,-2.520084427440e-01  ,-2.694734159536e-01  
  8.304163276177e-06  ,-2.608411747128e-01  ,-2.779289146859e-01  
  8.304333917756e-06  ,-2.714675254169e-01  ,-2.881014355958e-01  
  8.304675200913e-06  ,-2.926965167192e-01  ,-3.084237394239e-01  
  8.305357767228e-06  ,-3.350511226404e-01  ,-3.489687295143e-01  
  8.306722899858e-06  ,-4.192787568934e-01  ,-4.295909041220e-01  
  8.309186434332e-06  ,-5.692214713605e-01  ,-5.730630076927e-01  
  8.313950335566e-06  ,-8.487340273237e-01  ,-8.401436414626e-01  
  8.322156405035e-06  ,-1.282404561145e+00  ,-1.252387078999e+00  
  8.337614869658e-06  ,-1.850509034895e+00  ,-1.780182503659e+00  
  8.357889389578e-06  ,-1.938882982366e+00  ,-1.830549412232e+00  
  8.380047416274e-06  ,-1.173158935423e+00  ,-1.092171010731e+00  
  8.383172562305e-06  ,-1.008735399365e+00  ,-9.359996213734e-01  
  8.389422854368e-06  ,-6.524187970918e-01  ,-5.965961643675e-01  
  8.390985427383e-06  ,-5.588614220077e-01  ,-5.072987853157e-01  
  8.394110573415e-06  ,-3.679359091135e-01  ,-3.248190217357e-01  
  8.394891859923e-06  ,-3.195780997844e-01  ,-2.785580347296e-01  
  8.396454432938e-06  ,-2.223141690974e-01  ,-1.854702171074e-01  
  8.397794978652e-06  ,-1.384347970432e-01  ,-1.051554366715e-01  
  8.398447649512e-06  ,-9.749839915494e-02  ,-6.594909683929e-02  
  8.398668629076e-06  ,-8.362811361974e-02  ,-5.266382306456e-02  
  8.398887070786e-06  ,-6.991315846243e-02  ,-3.952676779957e-02  
  8.399323954206e-06  ,-4.247401664757e-02  ,-1.324222663412e-02  
  8.399830407422e-06  ,-1.065576552669e-02  ,1.723961903382e-02  
  8.400293880101e-06  ,1.846476902209e-02  ,4.513896172998e-02  
  8.400671112310e-06  ,4.216410611404e-02  ,6.784562037042e-02  
  8.400890881155e-06  ,5.596840628494e-02  ,8.107210479105e-02  
  8.400949764024e-06  ,5.966657929878e-02  ,8.461552297682e-02  
  8.401061220054e-06  ,6.666607095914e-02  ,9.132215907610e-02  
  8.401180755306e-06  ,7.417203100863e-02  ,9.851379574433e-02  
  8.401419825811e-06  ,8.918070727273e-02  ,1.128948580491e-01  
  8.401805533055e-06  ,1.133841636628e-01  ,1.360866156646e-01  
  8.402429612312e-06  ,1.525088559225e-01  ,1.735766167930e-01  
  8.403052201454e-06  ,1.914817297611e-01  ,2.109213180569e-01  
  8.403621425811e-06  ,2.270503413312e-01  ,2.450033078488e-01  
  8.403916981030e-06  ,2.454905163122e-01  ,2.626723504349e-01  
  8.404008064378e-06  ,2.511691634163e-01  ,2.681134460623e-01  
  8.404175609309e-06  ,2.616094499489e-01  ,2.781168827095e-01  
  8.404330627952e-06  ,2.712627324722e-01  ,2.873661087932e-01  
  8.404640665237e-06  ,2.905497677953e-01  ,3.058454209058e-01  
  8.405260739807e-06  ,3.290393188482e-01  ,3.427209936466e-01  
  8.406500888947e-06  ,4.056292842737e-01  ,4.160884261024e-01  
  8.408981187228e-06  ,5.568470078767e-01  ,5.608810324741e-01  
  8.413345737342e-06  ,8.141852114033e-01  ,8.069351656399e-01  
  8.421289546374e-06  ,1.240138276034e+00  ,1.212282145875e+00  
  8.435687048320e-06  ,1.801194537998e+00  ,1.735352961576e+00  
  8.455624801997e-06  ,1.968855323204e+00  ,1.861714697500e+00  
  8.477711303119e-06  ,1.288771971440e+00  ,1.201921694463e+00  
  8.480813352350e-06  ,1.133846893394e+00  ,1.055021656142e+00  
  8.487017450813e-06  ,7.932893743551e-01  ,7.311358653981e-01  
  8.493070302490e-06  ,4.319745678052e-01  ,3.860899206470e-01  
  8.494583515409e-06  ,3.386877327581e-01  ,2.968581898161e-01  
  8.494961818639e-06  ,3.152381743453e-01  ,2.744222033069e-01  
  8.495718425099e-06  ,2.682087979988e-01  ,2.294167652180e-01  
  8.496664648835e-06  ,2.091830157053e-01  ,1.729144038554e-01  
  8.497887847904e-06  ,1.326130639320e-01  ,9.959453029769e-02  
  8.498495256487e-06  ,9.451061320043e-02  ,6.310098109902e-02  
  8.498697842430e-06  ,8.179415482784e-02  ,5.092046919444e-02  
  8.498913606588e-06  ,6.824685977187e-02  ,3.794361132797e-02  
  8.499345134903e-06  ,4.114348505579e-02  ,1.197995363887e-02  
  8.499840598512e-06  ,1.001544898507e-02  ,-1.784143797831e-02  
  8.500298576389e-06  ,-1.875983267214e-02  ,-4.541064302224e-02  
  8.500671431381e-06  ,-4.218414948527e-02  ,-6.785427784449e-02  
  8.500889570411e-06  ,-5.588608205466e-02  ,-8.098294441763e-02  
  8.500948278658e-06  ,-5.957329245346e-02  ,-8.451592857652e-02  
  8.501059106044e-06  ,-6.653331751415e-02  ,-9.118487963042e-02  
  8.501178548165e-06  ,-7.403344744835e-02  ,-9.837107281937e-02  
  8.501417432405e-06  ,-8.903047447038e-02  ,-1.127412432606e-01  
  8.501802580856e-06  ,-1.131989693394e-01  ,-1.358999205636e-01  
  8.502421165310e-06  ,-1.519796550400e-01  ,-1.730609215959e-01  
  8.503044313245e-06  ,-1.909883698755e-01  ,-2.104405653378e-01  
  8.503611023031e-06  ,-2.264009288842e-01  ,-2.443735423032e-01  
  8.503910256974e-06  ,-2.450712206899e-01  ,-2.622633415097e-01  
  8.504039827228e-06  ,-2.531489564634e-01  ,-2.700032660514e-01  
  8.504181388259e-06  ,-2.619694280360e-01  ,-2.784547662300e-01  
  8.504359689966e-06  ,-2.730717657842e-01  ,-2.890925182938e-01  
  8.504716293380e-06  ,-2.952503887813e-01  ,-3.103424677244e-01  
  8.505429500207e-06  ,-3.394936883421e-01  ,-3.527303871041e-01  
  8.506855913863e-06  ,-4.274468745268e-01  ,-4.369800904001e-01  
  8.509594002232e-06  ,-5.937233110654e-01  ,-5.961659692839e-01  
  8.514469662175e-06  ,-8.781661365269e-01  ,-8.680070054736e-01  
  8.523297110066e-06  ,-1.336568967487e+00  ,-1.303456998513e+00  
  8.539482751355e-06  ,-1.891819389715e+00  ,-1.816076320063e+00  
  8.558672466740e-06  ,-1.926227099340e+00  ,-1.816650224763e+00  
  8.580228486523e-06  ,-1.163925883240e+00  ,-1.083450799722e+00  
  8.583353632554e-06  ,-9.988952353037e-01  ,-9.266817550859e-01  
  8.589603924617e-06  ,-6.416536688470e-01  ,-5.863423023268e-01  
  8.591166497633e-06  ,-5.479286517502e-01  ,-4.968722843720e-01  
  8.594291643664e-06  ,-3.567472166568e-01  ,-3.141271768992e-01  
  8.595072930172e-06  ,-3.083421911709e-01  ,-2.678167869274e-01  
  8.596635503188e-06  ,-2.110041587081e-01  ,-1.746507442823e-01  
  8.597925012425e-06  ,-1.302829972716e-01  ,-9.735569106444e-02  
  8.598560733214e-06  ,-9.040098808007e-02  ,-5.915770454075e-02  
  8.598774145782e-06  ,-7.700365449422e-02  ,-4.632500957511e-02  
  8.599020527169e-06  ,-6.153238152838e-02  ,-3.150514127595e-02  
  8.599513289943e-06  ,-3.057970315869e-02  ,-1.853763345468e-03  
  8.600046751514e-06  ,2.937483206997e-03  ,3.025690721111e-02  
  8.600562145427e-06  ,3.531880288714e-02  ,6.128151094678e-02  
  8.600822030991e-06  ,5.164398958673e-02  ,7.692336638345e-02  
  8.600975326687e-06  ,6.127199443206e-02  ,8.614853828186e-02  
  8.601038097829e-06  ,6.521404858428e-02  ,8.992569079741e-02  
  8.601146387361e-06  ,7.201407202263e-02  ,9.644108813595e-02  
  8.601353513502e-06  ,8.501813569479e-02  ,1.089014138533e-01  
  8.601630488835e-06  ,1.024018404142e-01  ,1.255584999509e-01  
  8.602184439503e-06  ,1.371446743216e-01  ,1.588497512701e-01  
  8.602745561354e-06  ,1.722948817054e-01  ,1.925317318982e-01  
  8.603319256060e-06  ,2.081772503289e-01  ,2.269149659537e-01  
  8.603720330127e-06  ,2.332234018108e-01  ,2.509142626751e-01  
  8.603959167801e-06  ,2.481209290778e-01  ,2.651888198034e-01  
  8.604031426791e-06  ,2.526253778223e-01  ,2.695048510158e-01  
  8.604159739759e-06  ,2.606208712630e-01  ,2.771658339149e-01  
  8.604311172809e-06  ,2.700515750047e-01  ,2.862018675410e-01  
  8.604597554501e-06  ,2.878695107137e-01  ,3.032737602665e-01  
  8.604988896247e-06  ,3.121798311492e-01  ,3.265652967722e-01  
  8.605771579739e-06  ,3.606552472113e-01  ,3.730053323941e-01  
  8.607336946722e-06  ,4.569227746535e-01  ,4.652099990894e-01  
  8.610467680689e-06  ,6.459133040930e-01  ,6.460977970494e-01  
  8.616199412342e-06  ,9.744680072638e-01  ,9.598347756971e-01  
  8.626356043812e-06  ,1.473159661833e+00  ,1.431994144964e+00  
  8.645119585987e-06  ,1.976538156599e+00  ,1.886874826430e+00  
  8.663662590977e-06  ,1.818578805682e+00  ,1.709192557267e+00  
  8.684640445706e-06  ,9.280517863526e-01  ,8.591809567365e-01  
  8.687765591737e-06  ,7.499230501925e-01  ,6.895867082225e-01  
  8.694015883800e-06  ,3.737822514634e-01  ,3.303750346968e-01  
  8.694848206785e-06  ,3.222853641349e-01  ,2.811170131494e-01  
  8.696512852754e-06  ,2.186659188394e-01  ,1.819501690197e-01  
  8.697841105010e-06  ,1.355433991991e-01  ,1.023620352075e-01  
  8.698499177542e-06  ,9.426452060694e-02  ,6.282877898225e-02  
  8.698719854426e-06  ,8.041223803779e-02  ,4.956111371550e-02  
  8.698953197297e-06  ,6.576069870783e-02  ,3.552730247826e-02  
  8.699419883039e-06  ,3.644780591537e-02  ,7.448464067184e-03  
  8.699920934584e-06  ,4.967821493350e-03  ,-2.270872487153e-02  
  8.700394977774e-06  ,-2.481654863349e-02  ,-5.124349212277e-02  
  8.700759311166e-06  ,-4.770440304676e-02  ,-7.317220170942e-02  
  8.701049976941e-06  ,-6.596003379006e-02  ,-9.066337220595e-02  
  8.701125064824e-06  ,-7.067519020939e-02  ,-9.518114720018e-02  
  8.701217964251e-06  ,-7.650827843763e-02  ,-1.007700920173e-01  
  8.701386813033e-06  ,-8.710846883657e-02  ,-1.109264568310e-01  
  8.701556500006e-06  ,-9.775881030319e-02  ,-1.211312518429e-01  
  8.701870355714e-06  ,-1.174503030722e-01  ,-1.399992043607e-01  
  8.702498067129e-06  ,-1.567971197019e-01  ,-1.777011040907e-01  
  8.703074462671e-06  ,-1.928739710698e-01  ,-2.122698986404e-01  
  8.703633628745e-06  ,-2.278121007117e-01  ,-2.457469687547e-01  
  8.703909626190e-06  ,-2.450318859376e-01  ,-2.622462917064e-01  
  8.703999789856e-06  ,-2.506533675247e-01  ,-2.676325011657e-01  
  8.704159325413e-06  ,-2.605950591369e-01  ,-2.771580142297e-01  
  8.704316299833e-06  ,-2.703707617783e-01  ,-2.865243554437e-01  
  8.704630248673e-06  ,-2.899022035435e-01  ,-3.052374791195e-01  
  8.705219030805e-06  ,-3.264540927652e-01  ,-3.402561240888e-01  
  8.706396595068e-06  ,-3.992103303473e-01  ,-4.099511426670e-01  
  8.708751723595e-06  ,-5.429851296269e-01  ,-5.476216896429e-01  
  8.712974712677e-06  ,-7.928373569432e-01  ,-7.865524041411e-01  
  8.720592186280e-06  ,-1.205467369446e+00  ,-1.179432175231e+00  
  8.734445795842e-06  ,-1.765935047324e+00  ,-1.703372900426e+00  
  8.754696473904e-06  ,-1.978270207770e+00  ,-1.872243310367e+00  
  8.776982650585e-06  ,-1.323441227121e+00  ,-1.234814907547e+00  
  8.779963627882e-06  ,-1.177418605553e+00  ,-1.096390121857e+00  
  8.785925582476e-06  ,-8.557870342027e-01  ,-7.907026708406e-01  
  8.792917207308e-06  ,-4.413617380846e-01  ,-3.950587912706e-01  
  8.794665113516e-06  ,-3.336337137508e-01  ,-2.920132197986e-01  
  8.795102090068e-06  ,-3.065317968609e-01  ,-2.660821016447e-01  
  8.795976043172e-06  ,-2.521597785182e-01  ,-2.140472965978e-01  
  8.796883710153e-06  ,-1.954896335272e-01  ,-1.597966289395e-01  
  8.797846325167e-06  ,-1.352161593941e-01  ,-1.020810200868e-01  
  8.798333220609e-06  ,-1.046789854868e-01  ,-7.283442083818e-02  
  8.798448518343e-06  ,-9.744387377318e-02  ,-6.590463245466e-02  
  8.798552593641e-06  ,-9.091188686725e-02  ,-5.964815369630e-02  
  8.798760744236e-06  ,-7.784506723702e-02  ,-4.713257736261e-02  
  8.799177045427e-06  ,-5.170200054780e-02  ,-2.208979159284e-02  
  8.799682474189e-06  ,-1.995040425990e-02  ,8.327912300185e-03  
  8.800177192740e-06  ,1.113329071413e-02  ,3.810794382262e-02  
  8.800810212694e-06  ,5.090166813414e-02  ,7.621104821132e-02  
  8.801014288753e-06  ,6.371885763799e-02  ,8.849202876627e-02  
  8.801081099506e-06  ,6.791442663492e-02  ,9.251211736458e-02  
  8.801193964161e-06  ,7.500139049885e-02  ,9.930271305301e-02  
  8.801348261029e-06  ,8.468841023724e-02  ,1.085844345437e-01  
  8.801587191835e-06  ,9.968488395532e-02  ,1.229541024791e-01  
  8.802011176437e-06  ,1.262818818565e-01  ,1.484398094425e-01  
  8.802551902324e-06  ,1.601690476650e-01  ,1.809115204633e-01  
  8.803112651646e-06  ,1.952621319979e-01  ,2.145387651549e-01  
  8.803652166814e-06  ,2.289692622897e-01  ,2.468372914645e-01  
  8.803908653051e-06  ,2.449712023257e-01  ,2.621701745958e-01  
  8.803995522164e-06  ,2.503873324381e-01  ,2.673597814399e-01  
  8.804144463927e-06  ,2.596692164968e-01  ,2.762533744226e-01  
  8.804305000655e-06  ,2.696673135626e-01  ,2.858330839555e-01  
  8.804626074113e-06  ,2.896426758398e-01  ,3.049720865586e-01  
  8.805142865010e-06  ,3.217317070723e-01  ,3.357160245309e-01  
  8.806176446803e-06  ,3.856469232167e-01  ,3.969448451297e-01  
  8.808243610390e-06  ,5.121906739679e-01  ,5.181286022289e-01  
  8.812273629434e-06  ,7.522070219610e-01  ,7.477249806030e-01  
  8.819130398758e-06  ,1.130933736729e+00  ,1.108749069084e+00  
  8.831987120636e-06  ,1.688222103355e+00  ,1.632197873761e+00  
  8.855238892563e-06  ,1.972972980380e+00  ,1.864981541943e+00  
  8.876985647209e-06  ,1.323300055675e+00  ,1.234693950438e+00  
  8.879853375681e-06  ,1.183011219222e+00  ,1.101733744487e+00  
  8.885588832624e-06  ,8.748625623926e-01  ,8.088886998081e-01  
  8.892838247545e-06  ,4.461992506344e-01  ,3.996884385659e-01  
  8.894650601275e-06  ,3.345327333644e-01  ,2.928760105127e-01  
  8.895103689708e-06  ,3.064324756575e-01  ,2.659896203438e-01  
  8.896009866573e-06  ,2.500514084100e-01  ,2.120315795175e-01  
  8.896929827012e-06  ,1.926056968390e-01  ,1.570375528787e-01  
  8.897874746896e-06  ,1.334344017440e-01  ,1.003766026165e-01  
  8.898344599135e-06  ,1.039650248217e-01  ,7.215246504543e-02  
  8.898465950467e-06  ,9.634986738786e-02  ,6.485862552728e-02  
  8.898580840748e-06  ,8.913886778878e-02  ,5.795172117819e-02  
  8.898810621310e-06  ,7.471347873996e-02  ,4.413418476346e-02  
  8.899270182434e-06  ,4.585177250963e-02  ,1.648682035072e-02  
  8.899754377041e-06  ,1.543279251424e-02  ,-1.265467690102e-02  
  8.900242203806e-06  ,-1.521796707796e-02  ,-4.202025551078e-02  
  8.900654965971e-06  ,-4.114982177780e-02  ,-6.686617651686e-02  
  8.900887843180e-06  ,-5.577759923477e-02  ,-8.088184579292e-02  
  8.900949717924e-06  ,-5.966368400997e-02  ,-8.460536079616e-02  
  8.901069206610e-06  ,-6.716760015876e-02  ,-9.179541225408e-02  
  8.901185156271e-06  ,-7.444836084892e-02  ,-9.877133197316e-02  
  8.901417055592e-06  ,-8.900682206756e-02  ,-1.127211842596e-01  
  8.901855615392e-06  ,-1.165257271596e-01  ,-1.390901585452e-01  
  8.902542186394e-06  ,-1.595605311329e-01  ,-1.803274545195e-01  
  8.903181353077e-06  ,-1.995576901128e-01  ,-2.186540016796e-01  
  8.903702055529e-06  ,-2.320829702747e-01  ,-2.498201129659e-01  
  8.903989228845e-06  ,-2.499950176858e-01  ,-2.669831933419e-01  
  8.904070556588e-06  ,-2.550640918095e-01  ,-2.718402339970e-01  
  8.904216378421e-06  ,-2.641488246237e-01  ,-2.805448754154e-01  
  8.904379429720e-06  ,-2.743003834350e-01  ,-2.902715670970e-01  
  8.904667254962e-06  ,-2.922026242283e-01  ,-3.074241553786e-01  
  8.905236944981e-06  ,-3.275645261889e-01  ,-3.413034960344e-01  
  8.906376325019e-06  ,-3.979622742129e-01  ,-4.087406617934e-01  
  8.908655085094e-06  ,-5.371387202831e-01  ,-5.420109072474e-01  
  8.912929483183e-06  ,-7.902275379489e-01  ,-7.840501163053e-01  
  8.920406885870e-06  ,-1.196156737659e+00  ,-1.170598002711e+00  
  8.934226222761e-06  ,-1.759416685340e+00  ,-1.697438362380e+00  
  8.954199739225e-06  ,-1.982617417750e+00  ,-1.877167436188e+00  
  8.976754136808e-06  ,-1.334171907200e+00  ,-1.244978436782e+00  
  8.979672901757e-06  ,-1.192135213449e+00  ,-1.110351812881e+00  
  8.985510431655e-06  ,-8.792896891001e-01  ,-8.130888749205e-01  
  8.992618285544e-06  ,-4.596607702726e-01  ,-4.125588108145e-01  
  8.994395249017e-06  ,-3.503400193943e-01  ,-3.080013073763e-01  
  8.994839489885e-06  ,-3.228258932052e-01  ,-2.816783088308e-01  
  8.995727971621e-06  ,-2.676143783743e-01  ,-2.288445678035e-01  
  8.995950092055e-06  ,-2.537772396298e-01  ,-2.156007190281e-01  
  8.996394332923e-06  ,-2.260665642782e-01  ,-1.890752485427e-01  
  8.996992055751e-06  ,-1.887135573783e-01  ,-1.533139427020e-01  
  8.997539859690e-06  ,-1.544213313158e-01  ,-1.204776496879e-01  
  8.997821119107e-06  ,-1.367962365695e-01  ,-1.035990143619e-01  
  8.997941073455e-06  ,-1.292759798170e-01  ,-9.639690473592e-02  
  8.998117116705e-06  ,-1.182360666643e-01  ,-8.582366936641e-02  
  8.998398422688e-06  ,-1.005876164822e-01  ,-6.892037633999e-02  
  8.998961034656e-06  ,-6.526852720134e-02  ,-3.508951601086e-02  
  8.999618362129e-06  ,-2.397844016782e-02  ,4.465294605508e-03  
  9.000287238002e-06  ,1.804745099125e-02  ,4.472895209578e-02  
  9.000790990382e-06  ,4.969427669118e-02  ,7.505094306109e-02  
  9.001078722492e-06  ,6.776516034646e-02  ,9.236595288726e-02  
  9.001157465816e-06  ,7.270969609352e-02  ,9.710372990661e-02  
  9.001254812308e-06  ,7.882176371382e-02  ,1.029602532045e-01  
  9.001416280359e-06  ,8.895816098039e-02  ,1.126726694423e-01  
  9.001603569329e-06  ,1.007126200094e-01  ,1.239359017130e-01  
  9.001920591533e-06  ,1.206011177324e-01  ,1.429934577016e-01  
  9.002554635942e-06  ,1.603402536855e-01  ,1.810728264679e-01  
  9.003162323922e-06  ,1.983679840900e-01  ,2.175122722662e-01  
  9.003739371389e-06  ,2.344115954986e-01  ,2.520496428959e-01  
  9.004005263984e-06  ,2.509946015513e-01  ,2.679392464749e-01  
  9.004087290220e-06  ,2.561068762914e-01  ,2.728376846945e-01  
  9.004227011889e-06  ,2.648110775441e-01  ,2.811777240872e-01  
  9.004398817621e-06  ,2.755069987570e-01  ,2.914260038004e-01  
  9.004655303858e-06  ,2.914597511921e-01  ,3.067107663768e-01  
  9.005168276332e-06  ,3.233074506791e-01  ,3.372234980547e-01  
  9.006194221281e-06  ,3.867427078707e-01  ,3.979924683860e-01  
  9.008246111177e-06  ,5.123425614767e-01  ,5.182722685848e-01  
  9.012291031383e-06  ,7.532200264280e-01  ,7.486917818422e-01  
  9.019208895467e-06  ,1.134998141705e+00  ,1.112555721984e+00  
  9.032058166765e-06  ,1.690611330400e+00  ,1.634377928417e+00  
  9.055435108446e-06  ,1.970915556767e+00  ,1.862720537018e+00  
  9.077190803789e-06  ,1.313607274460e+00  ,1.225498621941e+00  
  9.080079393886e-06  ,1.171531099098e+00  ,1.090843739849e+00  
  9.085856574081e-06  ,8.597039557356e-01  ,7.944544379005e-01  
  9.093183475040e-06  ,4.250288541569e-01  ,3.794416205246e-01  
  9.095015200280e-06  ,3.119255911006e-01  ,2.712397459851e-01  
  9.095342001371e-06  ,2.916272600214e-01  ,2.518158542698e-01  
  9.095995603554e-06  ,2.509405233788e-01  ,2.128763120604e-01  
  9.096824760042e-06  ,1.991755046043e-01  ,1.633221527772e-01  
  9.097685208969e-06  ,1.453144510252e-01  ,1.117488373288e-01  
  9.098136015661e-06  ,1.170506662993e-01  ,8.468088343855e-02  
  9.098280766472e-06  ,1.079701150747e-01  ,7.598393512560e-02  
  9.098438346252e-06  ,9.808224109602e-02  ,6.651345629625e-02  
  9.098669663496e-06  ,8.356317589520e-02  ,5.260671374364e-02  
  9.099132297985e-06  ,5.451257363090e-02  ,2.477935732592e-02  
  9.099682430230e-06  ,1.995316611162e-02  ,-8.327871169816e-03  
  9.100215426140e-06  ,-1.353552021789e-02  ,-4.041193296438e-02  
  9.100736501120e-06  ,-4.627160123620e-02  ,-7.177703504442e-02  
  9.101010356523e-06  ,-6.347191326639e-02  ,-8.825763837031e-02  
  9.101084745914e-06  ,-6.814340458417e-02  ,-9.273372164067e-02  
  9.101191137876e-06  ,-7.482393441361e-02  ,-9.913484836077e-02  
  9.101338356692e-06  ,-8.406665651093e-02  ,-1.079908137258e-01  
  9.101566903252e-06  ,-9.841167895282e-02  ,-1.217361804555e-01  
  9.101922901306e-06  ,-1.207459806468e-01  ,-1.431371512350e-01  
  9.102503860328e-06  ,-1.571599941790e-01  ,-1.780299731628e-01  
  9.103070942644e-06  ,-1.926538309362e-01  ,-2.120411211480e-01  
  9.103613531176e-06  ,-2.265575065974e-01  ,-2.445279165063e-01  
  9.103885291103e-06  ,-2.435143147003e-01  ,-2.607757208334e-01  
  9.103978365153e-06  ,-2.493177707498e-01  ,-2.663364436537e-01  
  9.104140950792e-06  ,-2.594503465227e-01  ,-2.760451164990e-01  
  9.104294362903e-06  ,-2.690050123695e-01  ,-2.851999260324e-01  
  9.104601187125e-06  ,-2.880953766485e-01  ,-3.034909591160e-01  
  9.105214835569e-06  ,-3.261940306878e-01  ,-3.399923891100e-01  
  9.106442132458e-06  ,-4.020135418739e-01  ,-4.126227740313e-01  
  9.108896726236e-06  ,-5.517480538476e-01  ,-5.559962837428e-01  
  9.113137596712e-06  ,-8.022227430401e-01  ,-7.955208661793e-01  
  9.120948785409e-06  ,-1.223269875903e+00  ,-1.196307301034e+00  
  9.135064655408e-06  ,-1.783853670667e+00  ,-1.719654931846e+00  
  9.155154400930e-06  ,-1.973835830943e+00  ,-1.867236884424e+00  
  9.177339249715e-06  ,-1.306559782158e+00  ,-1.218791997023e+00  
  9.180378341541e-06  ,-1.156256047390e+00  ,-1.076299881296e+00  
  9.186456525192e-06  ,-8.255175405068e-01  ,-7.618579029829e-01  
  9.192478084430e-06  ,-4.682295663089e-01  ,-4.207666230632e-01  
  9.193983474240e-06  ,-3.757825308323e-01  ,-3.323673598855e-01  
  9.196493574843e-06  ,-2.198698842514e-01  ,-1.831544183800e-01  
  9.198411354288e-06  ,-9.977612006668e-02  ,-6.814532649749e-02  
  9.199469522998e-06  ,-3.332931022034e-02  ,-4.492916214936e-03  
  9.199912879109e-06  ,-5.473960164654e-03  ,2.219378118793e-02  
  9.200495514512e-06  ,3.113283756226e-02  ,5.726699280740e-02  
  9.200801733375e-06  ,5.036906755443e-02  ,7.569818357410e-02  
  9.201104320079e-06  ,6.937255862307e-02  ,9.390682395126e-02  
  9.201167230919e-06  ,7.332284661078e-02  ,9.769193844101e-02  
  9.201278884854e-06  ,8.033308863966e-02  ,1.044091019096e-01  
  9.201455556747e-06  ,9.142345849523e-02  ,1.150354909382e-01  
  9.201622170355e-06  ,1.018798569460e-01  ,1.250548756032e-01  
  9.201955397572e-06  ,1.227839935100e-01  ,1.450857109145e-01  
  9.202516985085e-06  ,1.579820835867e-01  ,1.788137570188e-01  
  9.203065161552e-06  ,1.922922801945e-01  ,2.116910067490e-01  
  9.203595642891e-06  ,2.254407513878e-01  ,2.434544488558e-01  
  9.203865027945e-06  ,2.422505661914e-01  ,2.595615583469e-01  
  9.203961710870e-06  ,2.482794796504e-01  ,2.653383633034e-01  
  9.204110349953e-06  ,2.575437664439e-01  ,2.742151602423e-01  
  9.204265880823e-06  ,2.672315845583e-01  ,2.834976469606e-01  
  9.204576942563e-06  ,2.865878496845e-01  ,3.020436330449e-01  
  9.205199066043e-06  ,3.252164292930e-01  ,3.390531741717e-01  
  9.206443313003e-06  ,4.020862034565e-01  ,4.126905670838e-01  
  9.208796951413e-06  ,5.457195937075e-01  ,5.502246974485e-01  
  9.213056448340e-06  ,7.975495803214e-01  ,7.910438055154e-01  
  9.220700744033e-06  ,1.210903021760e+00  ,1.184579562215e+00  
  9.234765950084e-06  ,1.775288647499e+00  ,1.711884275879e+00  
  9.254960003734e-06  ,1.975768247678e+00  ,1.869431266815e+00  
  9.277204457164e-06  ,1.312960269130e+00  ,1.224860283416e+00  
  9.280216354370e-06  ,1.164545701042e+00  ,1.084168995259e+00  
  9.286240148783e-06  ,8.378815485612e-01  ,7.736405333939e-01  
  9.293042528868e-06  ,4.336782810372e-01  ,3.877114949083e-01  
  9.294743123889e-06  ,3.287998611835e-01  ,2.873881752506e-01  
  9.295168272644e-06  ,3.024218946023e-01  ,2.621490339692e-01  
  9.296018570155e-06  ,2.495088278371e-01  ,2.115094671130e-01  
  9.296900253236e-06  ,1.944551519305e-01  ,1.588057808094e-01  
  9.297825335950e-06  ,1.365319038402e-01  ,1.033406988374e-01  
  9.298291649163e-06  ,1.072873262903e-01  ,7.533227799988e-02  
  9.298391568433e-06  ,1.010177346523e-01  ,6.932732956465e-02  
  9.298516319092e-06  ,9.318866854573e-02  ,6.182855427109e-02  
  9.298765820410e-06  ,7.752636253581e-02  ,4.682642860230e-02  
  9.299264823046e-06  ,4.618842368708e-02  ,1.680723568781e-02  
  9.299771183129e-06  ,1.437686417387e-02  ,-1.366831320995e-02  
  9.300279964652e-06  ,-1.759047107766e-02  ,-4.429529874217e-02  
  9.300679641735e-06  ,-4.269990504219e-02  ,-6.835326341960e-02  
  9.300910260487e-06  ,-5.718555834946e-02  ,-8.223275323229e-02  
  9.300969515886e-06  ,-6.090706139917e-02  ,-8.579856967778e-02  
  9.301082578447e-06  ,-6.800729752722e-02  ,-9.260181912059e-02  
  9.301203510683e-06  ,-7.560079087106e-02  ,-9.987750770563e-02  
  9.301445375156e-06  ,-9.078439433047e-02  ,-1.144263457718e-01  
  9.301861117553e-06  ,-1.168708490985e-01  ,-1.394226656550e-01  
  9.302468246739e-06  ,-1.549291477794e-01  ,-1.758911928962e-01  
  9.303075096529e-06  ,-1.929136118859e-01  ,-2.122890679211e-01  
  9.303639291745e-06  ,-2.281655980672e-01  ,-2.460679046730e-01  
  9.303918967914e-06  ,-2.456144114003e-01  ,-2.627871564965e-01  
  9.304008305032e-06  ,-2.511841644181e-01  ,-2.681239522754e-01  
  9.304167607758e-06  ,-2.611110089808e-01  ,-2.776355031512e-01  
  9.304326351691e-06  ,-2.709965274606e-01  ,-2.871073178768e-01  
  9.304643839557e-06  ,-2.907470988673e-01  ,-3.060308812753e-01  
  9.305234018672e-06  ,-3.273831422330e-01  ,-3.411309948731e-01  
  9.306414376903e-06  ,-4.003050502505e-01  ,-4.109861583756e-01  
  9.308775093365e-06  ,-5.443981981071e-01  ,-5.489611033941e-01  
  9.313017453957e-06  ,-7.953021307121e-01  ,-7.888978079595e-01  
  9.320673670579e-06  ,-1.209548728395e+00  ,-1.183296575454e+00  
  9.334639038850e-06  ,-1.771602252145e+00  ,-1.708529553535e+00  
  9.354847993661e-06  ,-1.976848232224e+00  ,-1.870637240284e+00  
  9.377107348252e-06  ,-1.317556802537e+00  ,-1.229235028780e+00  
  9.395677175332e-06  ,-2.707769601871e-01  ,-2.305639937605e-01  
  9.398802321363e-06  ,-7.523461321990e-02  ,-4.367249686173e-02  
  9.399583607871e-06  ,-2.616194290383e-02  ,3.251545134026e-03  
  9.400426454801e-06  ,2.679414383145e-02  ,5.391420758914e-02  
  9.400771044154e-06  ,4.844139543329e-02  ,7.462832358722e-02  
  9.401070930023e-06  ,6.727582417348e-02  ,9.265199701114e-02  
  9.401148742024e-06  ,7.216192371809e-02  ,9.732791139444e-02  
  9.401247427292e-06  ,7.835810788609e-02  ,1.032576367558e-01  
  9.401429361157e-06  ,8.977923081731e-02  ,1.141876525142e-01  
  9.401609455660e-06  ,1.010819981610e-01  ,1.250049573639e-01  
  9.401969644666e-06  ,1.236774639251e-01  ,1.466309185330e-01  
  9.402507390320e-06  ,1.573811033132e-01  ,1.788906668275e-01  
  9.403051841497e-06  ,1.914592169297e-01  ,2.115109904054e-01  
  9.403572171420e-06  ,2.239753332094e-01  ,2.426374565791e-01  
  9.403846073389e-06  ,2.410683420997e-01  ,2.590003069262e-01  
  9.404017739423e-06  ,2.517722399803e-01  ,2.692470345583e-01  
  9.404160255060e-06  ,2.606529724583e-01  ,2.777484865199e-01  
  9.404330780223e-06  ,2.712722115435e-01  ,2.879142037114e-01  
  9.404671830550e-06  ,2.924870289678e-01  ,3.082229483582e-01  
  9.405353931203e-06  ,3.348135018997e-01  ,3.487410305333e-01  
  9.406718132511e-06  ,4.189858671113e-01  ,4.293103714227e-01  
  9.409182412043e-06  ,5.689791909640e-01  ,5.728311015694e-01  
  9.413932157174e-06  ,8.476996542199e-01  ,8.391564537815e-01  
  9.422132266179e-06  ,1.281240327913e+00  ,1.251286228523e+00  
  9.437560928479e-06  ,1.849220686707e+00  ,1.779032627854e+00  
  9.457844389096e-06  ,1.939574685417e+00  ,1.831268220217e+00  
  9.480008376256e-06  ,1.175144681752e+00  ,1.094056321957e+00  
  9.483133522287e-06  ,1.010852741197e+00  ,9.380137240074e-01  
  9.489383814350e-06  ,6.547370796996e-01  ,5.988097606600e-01  
  9.490946387365e-06  ,5.612162463306e-01  ,5.095490673479e-01  
  9.494071533397e-06  ,3.703467219710e-01  ,3.271259797143e-01  
  9.494852819905e-06  ,3.219992978926e-01  ,2.808755807359e-01  
  9.496415392920e-06  ,2.247517566026e-01  ,1.878045810751e-01  
  9.497773074970e-06  ,1.398077123243e-01  ,1.064709414470e-01  
  9.498432265088e-06  ,9.846387035244e-02  ,6.687449310777e-02  
  9.498656131752e-06  ,8.441265045650e-02  ,5.341593931425e-02  
  9.498872640967e-06  ,7.081924938826e-02  ,4.039533629191e-02  
  9.499305659398e-06  ,4.362324698082e-02  ,1.434375309041e-02  
  9.499816210434e-06  ,1.154777485318e-02  ,-1.638446258137e-02  
  9.500280288473e-06  ,-1.761081655455e-02  ,-4.432024165122e-02  
  9.500661804765e-06  ,-4.157942401451e-02  ,-6.728488425279e-02  
  9.500882551499e-06  ,-5.544524162275e-02  ,-8.057031193421e-02  
  9.500942493748e-06  ,-5.920997612756e-02  ,-8.417750695487e-02  
  9.501055905554e-06  ,-6.633233576140e-02  ,-9.100187261613e-02  
  9.501173368614e-06  ,-7.370822875572e-02  ,-9.806887907667e-02  
  9.501408294734e-06  ,-8.845690311901e-02  ,-1.122008154432e-01  
  9.501819007989e-06  ,-1.142294468722e-01  ,-1.368960951560e-01  
  9.502458081540e-06  ,-1.542923607813e-01  ,-1.752851700628e-01  
  9.503085513558e-06  ,-1.935650708753e-01  ,-2.129171983937e-01  
  9.503666006919e-06  ,-2.298331224875e-01  ,-2.476693564338e-01  
  9.503946614411e-06  ,-2.473382504225e-01  ,-2.644424206558e-01  
  9.504033262335e-06  ,-2.527397842687e-01  ,-2.696179870574e-01  
  9.504189282149e-06  ,-2.624611344830e-01  ,-2.789325592779e-01  
  9.504351471975e-06  ,-2.725602406913e-01  ,-2.886089404118e-01  
  9.504675851628e-06  ,-2.927369620820e-01  ,-3.079406341372e-01  
  9.505322934553e-06  ,-3.328932508432e-01  ,-3.464128215051e-01  
  9.506617100403e-06  ,-4.127765943186e-01  ,-4.229338087704e-01  
  9.509205432102e-06  ,-5.703656687894e-01  ,-5.738167764760e-01  
  9.513745815918e-06  ,-8.370807227819e-01  ,-8.287947606203e-01  
  9.522012980148e-06  ,-1.275476278477e+00  ,-1.245725315036e+00  
  9.537039311096e-06  ,-1.836488802275e+00  ,-1.767091289832e+00  
  9.556360156700e-06  ,-1.960208529044e+00  ,-1.852231705969e+00  
  9.578449638054e-06  ,-1.252953289290e+00  ,-1.167932577891e+00  
  9.581574784085e-06  ,-1.094115298590e+00  ,-1.017284775088e+00  
  9.587825076148e-06  ,-7.464569147274e-01  ,-6.864781599365e-01  
  9.589387649164e-06  ,-6.545094035362e-01  ,-5.987693840544e-01  
  9.592512795195e-06  ,-4.661089572876e-01  ,-4.187960913998e-01  
  9.595858105883e-06  ,-2.595091164557e-01  ,-2.211338840574e-01  
  9.596633711323e-06  ,-2.111161162145e-01  ,-1.748059076348e-01  
  9.597919495270e-06  ,-1.306289121021e-01  ,-9.772962402280e-02  
  9.598478661343e-06  ,-9.555213908466e-02  ,-6.413199118238e-02  
  9.598675007425e-06  ,-8.322769896557e-02  ,-5.232637592704e-02  
  9.598888163880e-06  ,-6.984451931915e-02  ,-3.950609341021e-02  
  9.599314476788e-06  ,-4.306936418648e-02  ,-1.385564235977e-02  
  9.599816552788e-06  ,-1.152626446348e-02  ,1.636476487449e-02  
  9.600275741383e-06  ,1.732512540297e-02  ,4.400810711970e-02  
  9.600654975936e-06  ,4.115044777434e-02  ,6.683693727147e-02  
  9.600874535233e-06  ,5.494175661298e-02  ,8.005179605315e-02  
  9.600935187615e-06  ,5.875111794637e-02  ,8.370197370415e-02  
  9.601049484178e-06  ,6.592908942670e-02  ,9.058004158858e-02  
  9.601165445480e-06  ,7.321073950113e-02  ,9.755716639680e-02  
  9.601397368085e-06  ,8.777102813791e-02  ,1.115092859058e-01  
  9.601834204938e-06  ,1.151827276191e-01  ,1.377767096396e-01  
  9.602512952831e-06  ,1.577295199642e-01  ,1.785480372688e-01  
  9.603159570094e-06  ,1.981958084315e-01  ,2.173256726920e-01  
  9.603768561926e-06  ,2.362329509505e-01  ,2.537745268061e-01  
  9.604045257863e-06  ,2.534874252713e-01  ,2.703080353888e-01  
  9.604125584435e-06  ,2.584929781122e-01  ,2.751043575349e-01  
  9.604267541278e-06  ,2.673349781601e-01  ,2.835766754705e-01  
  9.604437740479e-06  ,2.779290724664e-01  ,2.937276739406e-01  
  9.604663306806e-06  ,2.919572139184e-01  ,3.071687994348e-01  
  9.605114439461e-06  ,3.199688099035e-01  ,3.340070912293e-01  
  9.606016704772e-06  ,3.757935781206e-01  ,3.874881502965e-01  
  9.607821235392e-06  ,4.864927537096e-01  ,4.935092181456e-01  
  9.611430296633e-06  ,7.028511329456e-01  ,7.005367864795e-01  
  9.617796072695e-06  ,1.060813187679e+00  ,1.042034955138e+00  
  9.629426429007e-06  ,1.596589543822e+00  ,1.547328041084e+00  
  9.650574156974e-06  ,1.999674651163e+00  ,1.898561647827e+00  
  9.670136401389e-06  ,1.612981621902e+00  ,1.511175749463e+00  
  9.690443703864e-06  ,5.914605509944e-01  ,5.380162983328e-01  
  9.693568849895e-06  ,4.013375602059e-01  ,3.563696633755e-01  
  9.694101380143e-06  ,3.685036651843e-01  ,3.249863316468e-01  
  9.695166440640e-06  ,3.025356787771e-01  ,2.619182756646e-01  
  9.696462096605e-06  ,2.218356243147e-01  ,1.847245340252e-01  
  9.697762781713e-06  ,1.404528672737e-01  ,1.068389562238e-01  
  9.698374101851e-06  ,1.021137763440e-01  ,7.013653221001e-02  
  9.698559923988e-06  ,9.045178126437e-02  ,5.897121717137e-02  
  9.698738644790e-06  ,7.923254534056e-02  ,4.822931416859e-02  
  9.699096086394e-06  ,5.678693394315e-02  ,2.673728876086e-02  
  9.699571247172e-06  ,2.693852011559e-02  ,-1.845736211937e-03  
  9.700098003220e-06  ,-6.157714179285e-03  ,-3.354201568221e-02  
  9.700640964281e-06  ,-4.027025193684e-02  ,-6.621455774393e-02  
  9.700888649520e-06  ,-5.582824328933e-02  ,-8.111664584504e-02  
  9.700958289165e-06  ,-6.020198910851e-02  ,-8.530608184021e-02  
  9.701089675497e-06  ,-6.845295879842e-02  ,-9.320944866914e-02  
  9.701212586794e-06  ,-7.617064909855e-02  ,-1.006021064976e-01  
  9.701458409388e-06  ,-9.160250749020e-02  ,-1.153843294656e-01  
  9.701950054575e-06  ,-1.224489145811e-01  ,-1.449331670738e-01  
  9.702548336197e-06  ,-1.599456999599e-01  ,-1.808538714844e-01  
  9.703157607425e-06  ,-1.980730969229e-01  ,-2.173793215017e-01  
  9.703737076331e-06  ,-2.342683860247e-01  ,-2.520535892157e-01  
  9.704005530063e-06  ,-2.510111875956e-01  ,-2.680925772067e-01  
  9.704087451525e-06  ,-2.561169279451e-01  ,-2.729836382706e-01  
  9.704227871686e-06  ,-2.648646244511e-01  ,-2.813634637325e-01  
  9.704398583114e-06  ,-2.754924047096e-01  ,-2.915441971958e-01  
  9.704655535012e-06  ,-2.914741199846e-01  ,-3.068533933032e-01  
  9.705169438809e-06  ,-3.233795303743e-01  ,-3.374150589199e-01  
  9.706197246403e-06  ,-3.869291926184e-01  ,-3.982819289293e-01  
  9.708252861589e-06  ,-5.127525378796e-01  ,-5.187558198876e-01  
  9.712299271911e-06  ,-7.536996466025e-01  ,-7.492127324567e-01  
  9.719226076692e-06  ,-1.135886831826e+00  ,-1.113433787707e+00  
  9.732085778803e-06  ,-1.691537630084e+00  ,-1.635242076890e+00  
  9.755489542574e-06  ,-1.970331513627e+00  ,-1.862079027344e+00  
  9.777221396059e-06  ,-1.312157234044e+00  ,-1.224124025333e+00  
  9.780116319150e-06  ,-1.169649929321e+00  ,-1.089058113818e+00  
  9.785906165332e-06  ,-8.568895601812e-01  ,-7.917732570642e-01  
  9.793225615710e-06  ,-4.224411867457e-01  ,-3.769663032770e-01  
  9.795055478305e-06  ,-3.094255679764e-01  ,-2.688466336448e-01  
  9.795381906867e-06  ,-2.891464934577e-01  ,-2.494409096170e-01  
  9.796034763992e-06  ,-2.484992557855e-01  ,-2.105386878810e-01  
  9.796864106745e-06  ,-1.967154168115e-01  ,-1.609659683143e-01  
  9.797682646155e-06  ,-1.454750512755e-01  ,-1.119018504966e-01  
  9.798113662243e-06  ,-1.184527365761e-01  ,-8.602295706183e-02  
  9.798210205469e-06  ,-1.123968595906e-01  ,-8.022297699927e-02  
  9.798403291922e-06  ,-1.002820595040e-01  ,-6.861972581432e-02  
  9.798631698783e-06  ,-8.594642615190e-02  ,-5.488879970646e-02  
  9.799088512506e-06  ,-5.726262186676e-02  ,-2.741304120214e-02  
  9.799636223312e-06  ,-2.285626583956e-02  ,5.547287082021e-03  
  9.800193247344e-06  ,1.214201415856e-02  ,3.907743699148e-02  
  9.800817047205e-06  ,5.133095282912e-02  ,7.662517578565e-02  
  9.801009807695e-06  ,6.343744672191e-02  ,8.822512396892e-02  
  9.801077619620e-06  ,6.769590459027e-02  ,9.230544589383e-02  
  9.801187899854e-06  ,7.462062551412e-02  ,9.894054266540e-02  
  9.801345642615e-06  ,8.452403774449e-02  ,1.084295558128e-01  
  9.801591651473e-06  ,9.996474203338e-02  ,1.232247493863e-01  
  9.802029047120e-06  ,1.274024695296e-01  ,1.495159390211e-01  
  9.802578993101e-06  ,1.618656859338e-01  ,1.825394906195e-01  
  9.803147938062e-06  ,1.974685305766e-01  ,2.166550309656e-01  
  9.803701050539e-06  ,2.320202513501e-01  ,2.497626443463e-01  
  9.803944358561e-06  ,2.471975986543e-01  ,2.643053092141e-01  
  9.804028422065e-06  ,2.524380963312e-01  ,2.693265955314e-01  
  9.804169750266e-06  ,2.612444739179e-01  ,2.777645197597e-01  
  9.804337691009e-06  ,2.717024099151e-01  ,2.877847618573e-01  
  9.804673572496e-06  ,2.925953014737e-01  ,3.078027182770e-01  
  9.805262540892e-06  ,3.291509417969e-01  ,3.428255250992e-01  
  9.806440477684e-06  ,4.019116909115e-01  ,4.125254721939e-01  
  9.808796351269e-06  ,5.456833163160e-01  ,5.501913899668e-01  
  9.813159411266e-06  ,8.034781091059e-01  ,7.967073639998e-01  
  9.820833509281e-06  ,1.217531628627e+00  ,1.190861814684e+00  
  9.834997062996e-06  ,1.781929262564e+00  ,1.717913659359e+00  
  9.854779844597e-06  ,1.977493338955e+00  ,1.871282961720e+00  
  9.877203111961e-06  ,1.313024026227e+00  ,1.224910188231e+00  
  9.895772939041e-06  ,2.648141335278e-01  ,2.248515937416e-01  
  9.898898085073e-06  ,6.922152922209e-02  ,3.790821775674e-02  
  9.902567496017e-06  ,-1.611456620320e-01  ,-1.825213195665e-01  
  9.903987017885e-06  ,-2.498571879140e-01  ,-2.674377729323e-01  
  9.904397544876e-06  ,-2.754277919638e-01  ,-2.919154818157e-01  
  9.904515101068e-06  ,-2.827417943624e-01  ,-2.989168732371e-01  
  9.904630806256e-06  ,-2.899368674616e-01  ,-3.058044012584e-01  
  9.904862216633e-06  ,-3.043154257412e-01  ,-3.195683076217e-01  
  9.905325037386e-06  ,-3.330235319452e-01  ,-3.470488044989e-01  
  9.906250678893e-06  ,-3.902224804349e-01  ,-4.017989001620e-01  
  9.908101961907e-06  ,-5.035823969736e-01  ,-5.102840897538e-01  
  9.911804527935e-06  ,-7.248158989337e-01  ,-7.218290528285e-01  
  9.918819249567e-06  ,-1.114755623323e+00  ,-1.093486039843e+00  
  9.930962205824e-06  ,-1.652825215754e+00  ,-1.599544657144e+00  
  9.953760982450e-06  ,-1.986055689285e+00  ,-1.879916174603e+00  
  9.976106763776e-06  ,-1.364196477468e+00  ,-1.273481941987e+00  
  9.978835911449e-06  ,-1.233944272371e+00  ,-1.150020548730e+00  
  9.984294206794e-06  ,-9.472674053963e-01  ,-8.777565089287e-01  
  9.995210797485e-06  ,-2.997804339309e-01  ,-2.594370801855e-01  
  9.997186691459e-06  ,-1.765353449187e-01  ,-1.414871979944e-01  
  9.997680664953e-06  ,-1.455992038790e-01  ,-1.118755636890e-01  
  9.998011424165e-06  ,-1.248646459325e-01  ,-9.202397960730e-02  
  9.998198247474e-06  ,-1.131470072559e-01  ,-8.080414065832e-02  
  9.998458505567e-06  ,-9.681709845208e-02  ,-6.516729695455e-02  
  9.998841279145e-06  ,-7.278850034237e-02  ,-4.215677223891e-02  
  9.999456697103e-06  ,-3.413507034125e-02  ,-5.137079537463e-03  
  1.000006447821e-05  ,4.051282950052e-03  ,3.143945550018e-02  
  1.000063780039e-05  ,4.007149902800e-02  ,6.594418036864e-02  
  1.000092990972e-05  ,5.841964013058e-02  ,8.352131791493e-02  
  1.000100537013e-05  ,6.315876591666e-02  ,8.806138799042e-02  
  1.000114213485e-05  ,7.174705143634e-02  ,9.628902885839e-02  
  1.000127435937e-05  ,8.004897283416e-02  ,1.042424299900e-01  
  1.000153880842e-05  ,9.664852858824e-02  ,1.201453871560e-01  
  1.000206770651e-05  ,1.298264825044e-01  ,1.519318854590e-01  
  1.000268368326e-05  ,1.684210968594e-01  ,1.889088026128e-01  
  1.000329798363e-05  ,2.068478779171e-01  ,2.257251155442e-01  
  1.000367270127e-05  ,2.302509490744e-01  ,2.481470724907e-01  
  1.000391251683e-05  ,2.452121408748e-01  ,2.624808292277e-01  
  1.000398895513e-05  ,2.499779544953e-01  ,2.670467284675e-01  
  1.000412073727e-05  ,2.581909734444e-01  ,2.749151740408e-01  
  1.000428094804e-05  ,2.681697668165e-01  ,2.844752069456e-01  
  1.000460136957e-05  ,2.881067205151e-01  ,3.035751147115e-01  
  1.000502982452e-05  ,3.147196512342e-01  ,3.290697362296e-01  
  1.000588673442e-05  ,3.677696412814e-01  ,3.798861076367e-01  
  1.000760055422e-05  ,4.730318290371e-01  ,4.806917523546e-01  
  1.001102819383e-05  ,6.791423169941e-01  ,6.779193637424e-01  
  1.001708104550e-05  ,1.022462631117e+00  ,1.005569204685e+00  
  1.002805873096e-05  ,1.543376067072e+00  ,1.497934951035e+00  
  1.004815145671e-05  ,1.996628393082e+00  ,1.900273187515e+00  
  1.006639047801e-05  ,1.740662222449e+00  ,1.633457390118e+00  
  1.008704646766e-05  ,7.916154144266e-01  ,7.291874130185e-01  
  1.009017161369e-05  ,6.077699981567e-01  ,5.538938439053e-01  
  1.009642190575e-05  ,2.243451306555e-01  ,1.873235473037e-01  
  1.009758307874e-05  ,1.517137633068e-01  ,1.177977300632e-01  
  1.009894001573e-05  ,6.658846751458e-02  ,3.627762021891e-02  
  1.009928632803e-05  ,4.483757567106e-02  ,1.544414185843e-02  
  1.009965885706e-05  ,2.143423283049e-02  ,-6.973504349438e-03  
  1.010024708040e-05  ,-1.552436329407e-02  ,-4.237818228649e-02  
  1.010069951690e-05  ,-4.394840567801e-02  ,-6.960903602270e-02  
  1.010095516495e-05  ,-6.000577757027e-02  ,-8.499293681400e-02  
  1.010102293031e-05  ,-6.426154462342e-02  ,-8.907027010939e-02  
  1.010113364128e-05  ,-7.121372572582e-02  ,-9.573101616064e-02  
  1.010127268774e-05  ,-7.994402521935e-02  ,-1.040951559436e-01  
  1.010152032641e-05  ,-9.548861054025e-02  ,-1.189885117765e-01  
  1.010191958440e-05  ,-1.205379528406e-01  ,-1.429888948865e-01  
  1.010249206839e-05  ,-1.564213649535e-01  ,-1.773703737552e-01  
  1.010307069910e-05  ,-1.926385999663e-01  ,-2.120719547338e-01  
  1.010361496402e-05  ,-2.266469548587e-01  ,-2.446566267569e-01  
  1.010388872629e-05  ,-2.437285463564e-01  ,-2.610228290184e-01  
  1.010398150930e-05  ,-2.495137810142e-01  ,-2.665657043427e-01  
  1.010414430448e-05  ,-2.596592832271e-01  ,-2.762860912027e-01  
  1.010429787958e-05  ,-2.692239620745e-01  ,-2.854498718555e-01  
  1.010460502976e-05  ,-2.883342965098e-01  ,-3.037588235381e-01  
  1.010521933013e-05  ,-3.264726477927e-01  ,-3.402959709615e-01  
  1.010644793087e-05  ,-4.023704243909e-01  ,-4.129971117269e-01  
  1.010890513235e-05  ,-5.522557101994e-01  ,-5.565078799560e-01  
  1.011315717870e-05  ,-8.033496485309e-01  ,-7.966011043706e-01  
  1.012098028833e-05  ,-1.224835248786e+00  ,-1.197792940454e+00  
  1.013511701995e-05  ,-1.785339000466e+00  ,-1.721002510945e+00  
  1.015484615737e-05  ,-1.976865733544e+00  ,-1.870548381042e+00  
  1.017723664218e-05  ,-1.311434131742e+00  ,-1.223404107104e+00  
  1.018023624593e-05  ,-1.163529375354e+00  ,-1.083199534386e+00  
  1.018623545343e-05  ,-8.381494197088e-01  ,-7.738936977639e-01  
  1.019317492419e-05  ,-4.255538320017e-01  ,-3.799372844868e-01  
  1.019490979189e-05  ,-3.184658273323e-01  ,-2.774945182402e-01  
  1.019742920572e-05  ,-1.613522236570e-01  ,-1.270912054634e-01  
  1.019871964628e-05  ,-8.042530594831e-02  ,-4.958385771894e-02  
  1.019988771105e-05  ,-7.055308292524e-03  ,2.070016483819e-02  
  1.020098033869e-05  ,6.158675945085e-02  ,8.646562230346e-02  
  1.020150374198e-05  ,9.444775527250e-02  ,1.179519526451e-01  
  1.020162777086e-05  ,1.022312888299e-01  ,1.254100075942e-01  
  1.020175170662e-05  ,1.100074274417e-01  ,1.328610184046e-01  
  1.020199957812e-05  ,1.255545837468e-01  ,1.477582459480e-01  
  1.020237178119e-05  ,1.488855490504e-01  ,1.701140786243e-01  
  1.020284181969e-05  ,1.783196898830e-01  ,1.983181367889e-01  
  1.020326971585e-05  ,2.050812041145e-01  ,2.239610596873e-01  
  1.020360895009e-05  ,2.262715190844e-01  ,2.442653762937e-01  
  1.020380611108e-05  ,2.385755535605e-01  ,2.560547813281e-01  
  1.020388821881e-05  ,2.436968982147e-01  ,2.609618720273e-01  
  1.020401753295e-05  ,2.517593700228e-01  ,2.686869853357e-01  
  1.020415185295e-05  ,2.601295456249e-01  ,2.767068407820e-01  
  1.020442049294e-05  ,2.768558518165e-01  ,2.927328057553e-01  
  1.020495777294e-05  ,3.102481162573e-01  ,3.247255732391e-01  
  1.020603233292e-05  ,3.767579888605e-01  ,3.884409434330e-01  
  1.020790280118e-05  ,4.914621511402e-01  ,4.982918096051e-01  
  1.021157630995e-05  ,7.114328208246e-01  ,7.087588544304e-01  
  1.021788769677e-05  ,1.065689168906e+00  ,1.046682018031e+00  
  1.022979670480e-05  ,1.610493015450e+00  ,1.560260334161e+00  
  1.025107556298e-05  ,1.998858357534e+00  ,1.898480969567e+00  
  1.027199381306e-05  ,1.541274246512e+00  ,1.443822618955e+00  
  1.029310279801e-05  ,4.299807824471e-01  ,3.835818610656e-01  
  1.029521801784e-05  ,2.993318830241e-01  ,2.586724832407e-01  
  1.029944845751e-05  ,3.465270293520e-02  ,5.412630758474e-03  
  1.029994606316e-05  ,3.388950162098e-03  ,-2.451895653052e-02  
  1.030094127446e-05  ,-5.913339957025e-02  ,-8.439092710839e-02  
  1.030138719171e-05  ,-8.713223915239e-02  ,-1.112061741880e-01  
  1.030149427052e-05  ,-9.385330582252e-02  ,-1.176433218265e-01  
  1.030160140754e-05  ,-1.005769630836e-01  ,-1.240830120410e-01  
  1.030174951112e-05  ,-1.098696886887e-01  ,-1.329830501036e-01  
  1.030201819768e-05  ,-1.267221560799e-01  ,-1.491242375352e-01  
  1.030255557080e-05  ,-1.603988036336e-01  ,-1.813803823151e-01  
  1.030310141896e-05  ,-1.945597213495e-01  ,-2.141011803396e-01  
  1.030361923432e-05  ,-2.269135352779e-01  ,-2.450911825873e-01  
  1.030387553429e-05  ,-2.429058255809e-01  ,-2.604092659861e-01  
  1.030396582601e-05  ,-2.485360395256e-01  ,-2.658020860266e-01  
  1.030411975035e-05  ,-2.581294820395e-01  ,-2.749909796832e-01  
  1.030427320903e-05  ,-2.676878934491e-01  ,-2.841462465650e-01  
  1.030458012638e-05  ,-2.867858290888e-01  ,-3.024384343230e-01  
  1.030512839598e-05  ,-3.208343981235e-01  ,-3.350493356823e-01  
  1.030622493518e-05  ,-3.886359148947e-01  ,-3.999816103725e-01  
  1.030841801358e-05  ,-5.227755736231e-01  ,-5.284032768341e-01  
  1.031240854455e-05  ,-7.600548096641e-01  ,-7.553217981736e-01  
  1.031951788855e-05  ,-1.150929898960e+00  ,-1.127738593689e+00  
  1.033254746390e-05  ,-1.706836650999e+00  ,-1.649321451144e+00  
  1.035343889190e-05  ,-1.988339576181e+00  ,-1.884096738576e+00  
  1.037597242785e-05  ,-1.370356569978e+00  ,-1.279298376872e+00  
  1.039439026309e-05  ,-3.506484464269e-01  ,-3.070598618361e-01  
  1.039658408654e-05  ,-2.142164552619e-01  ,-1.766751600087e-01  
  1.039706902621e-05  ,-1.838983907875e-01  ,-1.476970317097e-01  
  1.039763825057e-05  ,-1.482569770203e-01  ,-1.136254819573e-01  
  1.039800421377e-05  ,-1.253168012527e-01  ,-9.169197804630e-02  
  1.039810585599e-05  ,-1.189423533294e-01  ,-8.559672402074e-02  
  1.039828341264e-05  ,-1.078040935912e-01  ,-7.494569692003e-02  
  1.039856569651e-05  ,-9.008945254363e-02  ,-5.800439270029e-02  
  1.039893170628e-05  ,-6.711027369286e-02  ,-3.602561724945e-02  
  1.039948053468e-05  ,-3.263752013841e-02  ,-3.048241520634e-03  
  1.040004780326e-05  ,3.003566069689e-03  ,3.105287583412e-02  
  1.040058722529e-05  ,3.689436042302e-02  ,6.348425541471e-02  
  1.040087304819e-05  ,5.484835816240e-02  ,8.066685298435e-02  
  1.040095630843e-05  ,6.007759201962e-02  ,8.567161365670e-02  
  1.040106556421e-05  ,6.693886991339e-02  ,9.223849374346e-02  
  1.040119511118e-05  ,7.507340895299e-02  ,1.000241921551e-01  
  1.040145420512e-05  ,9.133862186753e-02  ,1.155924759016e-01  
  1.040197239300e-05  ,1.238498158256e-01  ,1.467127550081e-01  
  1.040258678650e-05  ,1.623537485215e-01  ,1.835723727386e-01  
  1.040320825806e-05  ,2.012396720891e-01  ,2.208000090154e-01  
  1.040367540946e-05  ,2.304199776138e-01  ,2.487368465051e-01  
  1.040394023103e-05  ,2.469402448621e-01  ,2.645532916218e-01  
  1.040402010358e-05  ,2.519196022697e-01  ,2.693205162980e-01  
  1.040416343413e-05  ,2.608510143783e-01  ,2.778714300333e-01  
  1.040432189867e-05  ,2.707193133064e-01  ,2.873193089944e-01  
  1.040463882774e-05  ,2.904355386239e-01  ,3.061954823173e-01  
  1.040514686420e-05  ,3.219797086365e-01  ,3.363951364329e-01  
  1.040616293713e-05  ,3.848139805167e-01  ,3.965475807455e-01  
  1.040819508299e-05  ,5.092426950735e-01  ,5.156373031889e-01  
  1.041221839651e-05  ,7.489903081835e-01  ,7.448809845981e-01  
  1.041901332602e-05  ,1.124859170276e+00  ,1.103053244774e+00  
  1.043177617058e-05  ,1.681078501339e+00  ,1.625640208589e+00  
  1.045480144485e-05  ,1.977289849526e+00  ,1.871762412108e+00  
  1.047641706928e-05  ,1.349874443213e+00  ,1.259941677035e+00  
  1.047941592797e-05  ,1.205060512503e+00  ,1.122668650116e+00  
  1.048541364535e-05  ,8.847476340440e-01  ,8.183144605646e-01  
  1.049255726203e-05  ,4.633915043976e-01  ,4.161358832296e-01  
  1.049434316620e-05  ,3.535614108304e-01  ,3.110913960452e-01  
  1.049478964224e-05  ,3.259164456083e-01  ,2.846434061693e-01  
  1.049568259433e-05  ,2.704396058473e-01  ,2.315560754158e-01  
  1.049679179951e-05  ,2.012360734098e-01  ,1.653098675673e-01  
  1.049794216916e-05  ,1.292072787854e-01  ,9.633661372223e-02  
  1.049854045078e-05  ,9.167405018870e-02  ,6.038781049670e-02  
  1.049873395633e-05  ,7.952689810877e-02  ,4.875249784257e-02  
  1.049895868446e-05  ,6.541611532078e-02  ,3.523575101081e-02  
  1.049940814074e-05  ,3.718547144327e-02  ,8.191920803955e-03  
  1.049989997219e-05  ,6.284922366004e-03  ,-2.141186530816e-02  
  1.050036437619e-05  ,-2.289393129263e-02  ,-4.936800421230e-02  
  1.050072787139e-05  ,-4.572952286946e-02  ,-7.124774556177e-02  
  1.050095981728e-05  ,-6.029795977086e-02  ,-8.520677129823e-02  
  1.050102106338e-05  ,-6.414430245618e-02  ,-8.889226084868e-02  
  1.050112295007e-05  ,-7.054239911913e-02  ,-9.502282888392e-02  
  1.050126348665e-05  ,-7.936636210443e-02  ,-1.034776677529e-01  
  1.050147135784e-05  ,-9.241522165702e-02  ,-1.159811728254e-01  
  1.050185408486e-05  ,-1.164297240021e-01  ,-1.389923742926e-01  
  1.050247816411e-05  ,-1.555503948486e-01  ,-1.764792655097e-01  
  1.050307849465e-05  ,-1.931261251936e-01  ,-2.124858131293e-01  
  1.050364604262e-05  ,-2.285869938008e-01  ,-2.464650968655e-01  
  1.050392413554e-05  ,-2.459366421650e-01  ,-2.630894651259e-01  
  1.050401276253e-05  ,-2.514620170695e-01  ,-2.683837813709e-01  
  1.050417069155e-05  ,-2.613031099324e-01  ,-2.778132432759e-01  
  1.050433034353e-05  ,-2.712450265931e-01  ,-2.873391708062e-01  
  1.050464964747e-05  ,-2.911081393900e-01  ,-3.063707058214e-01  
  1.050523191034e-05  ,-3.272524581722e-01  ,-3.409999681668e-01  
  1.050639643609e-05  ,-3.992005425485e-01  ,-4.099228754469e-01  
  1.050872548759e-05  ,-5.413984034758e-01  ,-5.460851813802e-01  
  1.051297380864e-05  ,-7.927852082525e-01  ,-7.865032320081e-01  
  1.052054657876e-05  ,-1.203179545158e+00  ,-1.177262152313e+00  
  1.053445383250e-05  ,-1.766172035697e+00  ,-1.703591948038e+00  
  1.055472239196e-05  ,-1.978030150324e+00  ,-1.871985949879e+00  
  1.057701452911e-05  ,-1.321938823541e+00  ,-1.233389293614e+00  
  1.057999736905e-05  ,-1.175704237256e+00  ,-1.094761817822e+00  
  1.058596304893e-05  ,-8.536587495878e-01  ,-7.886744491024e-01  
  1.059295169353e-05  ,-4.392480671260e-01  ,-3.930369496781e-01  
  1.059469885468e-05  ,-3.315432127183e-01  ,-2.900122334836e-01  
  1.059513564497e-05  ,-3.044482201477e-01  ,-2.640874441566e-01  
  1.059600922554e-05  ,-2.500913693856e-01  ,-2.120666110104e-01  
  1.059690748617e-05  ,-1.940028416309e-01  ,-1.583723257740e-01  
  1.059784476921e-05  ,-1.353136994335e-01  ,-1.021737185498e-01  
  1.059831583216e-05  ,-1.057700204948e-01  ,-7.387872600623e-02  
  1.059841873167e-05  ,-9.931316020551e-02  ,-6.769438564516e-02  
  1.059852475110e-05  ,-9.265944199121e-02  ,-6.132135576962e-02  
  1.059873678997e-05  ,-7.934899562238e-02  ,-4.857249245020e-02  
  1.059916086770e-05  ,-5.271813057008e-02  ,-2.306256122518e-02  
  1.059967421271e-05  ,-2.046946205176e-02  ,7.831242277358e-03  
  1.060017964147e-05  ,1.128714631779e-02  ,3.825592528221e-02  
  1.060080996059e-05  ,5.088583278698e-02  ,7.619641594144e-02  
  1.060101224385e-05  ,6.359043756209e-02  ,8.836951032681e-02  
  1.060107917102e-05  ,6.779332581250e-02  ,9.239660812924e-02  
  1.060119160493e-05  ,7.485325999804e-02  ,9.916129794645e-02  
  1.060134625105e-05  ,8.456223254930e-02  ,1.084640464767e-01  
  1.060158648571e-05  ,9.964057169602e-02  ,1.229121456658e-01  
  1.060201377650e-05  ,1.264449224437e-01  ,1.485965232570e-01  
  1.060255580624e-05  ,1.604135490061e-01  ,1.811462708955e-01  
  1.060311795255e-05  ,1.955936036121e-01  ,2.148568280601e-01  
  1.060365951663e-05  ,2.294280221170e-01  ,2.472772927697e-01  
  1.060391432648e-05  ,2.453249864752e-01  ,2.625095730234e-01  
  1.060400054367e-05  ,2.507003574550e-01  ,2.676601201201e-01  
  1.060414813501e-05  ,2.598979235953e-01  ,2.764729138841e-01  
  1.060430978933e-05  ,2.699654442242e-01  ,2.861191322924e-01  
  1.060463309796e-05  ,2.900793377187e-01  ,3.053908426080e-01  
  1.060514737429e-05  ,3.220113401516e-01  ,3.359842938444e-01  
  1.060617592694e-05  ,3.856148721216e-01  ,3.969144772643e-01  
  1.060823303224e-05  ,5.115481659350e-01  ,5.175137564505e-01  
  1.061227571727e-05  ,7.523285713852e-01  ,7.478414137023e-01  
  1.061911609532e-05  ,1.130192391351e+00  ,1.107991454186e+00  
  1.063198324801e-05  ,1.688091628099e+00  ,1.632060352132e+00  
  1.065517243506e-05  ,1.973652828902e+00  ,1.865728412302e+00  
  1.067707714202e-05  ,1.318984079959e+00  ,1.230592793035e+00  
  1.067993555726e-05  ,1.178843848866e+00  ,1.097773671804e+00  
  1.068565238775e-05  ,8.712698506662e-01  ,8.054643949251e-01  
  1.069324601950e-05  ,4.211880163895e-01  ,3.757576637410e-01  
  1.069514442743e-05  ,3.039028209072e-01  ,2.635513652525e-01  
  1.069548291662e-05  ,2.828650950421e-01  ,2.434192560762e-01  
  1.069615989500e-05  ,2.406960668366e-01  ,2.030596405687e-01  
  1.069690290415e-05  ,1.942893783964e-01  ,1.586340237253e-01  
  1.069767711261e-05  ,1.458218110665e-01  ,1.122253780946e-01  
  1.069807273844e-05  ,1.210194426658e-01  ,8.847294691318e-02  
  1.069817512571e-05  ,1.145974335364e-01  ,8.232243764152e-02  
  1.069836665220e-05  ,1.025812383226e-01  ,7.081386286927e-02  
  1.069861401148e-05  ,8.705671241008e-02  ,5.594445990462e-02  
  1.069910873003e-05  ,5.599282674208e-02  ,2.618919798880e-02  
  1.069969341434e-05  ,1.926304719927e-02  ,-8.996753666732e-03  
  1.070024792380e-05  ,-1.557735443695e-02  ,-4.237555713391e-02  
  1.070071945242e-05  ,-4.520068009493e-02  ,-7.075798102817e-02  
  1.070097919829e-05  ,-6.151513966437e-02  ,-8.638960098504e-02  
  1.070104845376e-05  ,-6.586438167624e-02  ,-9.055686087904e-02  
  1.070115552093e-05  ,-7.258757626653e-02  ,-9.699878565202e-02  
  1.070129507962e-05  ,-8.134980433657e-02  ,-1.053942536574e-01  
  1.070153047140e-05  ,-9.612530726755e-02  ,-1.195519340963e-01  
  1.070190304700e-05  ,-1.195007498777e-01  ,-1.419502982475e-01  
  1.070249341238e-05  ,-1.565055516286e-01  ,-1.774089020880e-01  
  1.070307213623e-05  ,-1.927284770879e-01  ,-2.121183929692e-01  
  1.070362152341e-05  ,-2.270564342366e-01  ,-2.450114666495e-01  
  1.070389584448e-05  ,-2.441724559767e-01  ,-2.614116904924e-01  
  1.070398761468e-05  ,-2.498943916210e-01  ,-2.668942565736e-01  
  1.070414901288e-05  ,-2.599526136589e-01  ,-2.765316067042e-01  
  1.070430414794e-05  ,-2.696142248148e-01  ,-2.857888096108e-01  
  1.070461441805e-05  ,-2.889180053321e-01  ,-3.042841663708e-01  
  1.070522536566e-05  ,-3.268467788726e-01  ,-3.406225281303e-01  
  1.070644726088e-05  ,-4.023291881183e-01  ,-4.129294227471e-01  
  1.070889105131e-05  ,-5.514053162442e-01  ,-5.556717483080e-01  
  1.071315501859e-05  ,-8.032253533220e-01  ,-7.964676533264e-01  
  1.072095875671e-05  ,-1.223765477150e+00  ,-1.196771828756e+00  
  1.073509995868e-05  ,-1.784855584880e+00  ,-1.720562947233e+00  
  1.075483803680e-05  ,-1.976943050318e+00  ,-1.870640708995e+00  
  1.077723150184e-05  ,-1.311677964594e+00  ,-1.223635211297e+00  
  1.078022961547e-05  ,-1.163868197916e+00  ,-1.083521045307e+00  
  1.078622584274e-05  ,-8.386976549488e-01  ,-7.744160658721e-01  
  1.079320331147e-05  ,-4.238108817443e-01  ,-3.782693945779e-01  
  1.079494767865e-05  ,-3.161154795307e-01  ,-2.752442473865e-01  
  1.079743915280e-05  ,-1.607292593234e-01  ,-1.264936909676e-01  
  1.079871916255e-05  ,-8.045567494081e-02  ,-4.961213312334e-02  
  1.079987456133e-05  ,-7.881523546919e-03  ,1.990934171021e-02  
  1.080093235751e-05  ,5.857337383550e-02  ,8.357898827785e-02  
  1.080145129045e-05  ,9.115567862791e-02  ,1.147981358154e-01  
  1.080157387578e-05  ,9.884924305494e-02  ,1.221699547596e-01  
  1.080169641455e-05  ,1.065384197473e-01  ,1.295376129320e-01  
  1.080192570617e-05  ,1.209218935210e-01  ,1.433197564569e-01  
  1.080226643053e-05  ,1.422837359081e-01  ,1.637887066222e-01  
  1.080271164929e-05  ,1.701719478970e-01  ,1.905114123990e-01  
  1.080315719401e-05  ,1.980472490340e-01  ,2.172216232839e-01  
  1.080363002648e-05  ,2.275872355277e-01  ,2.455265515951e-01  
  1.080387217035e-05  ,2.426960264956e-01  ,2.600033560819e-01  
  1.080395969139e-05  ,2.481535729971e-01  ,2.652325539623e-01  
  1.080410919195e-05  ,2.574716123599e-01  ,2.741606343913e-01  
  1.080424956554e-05  ,2.662156221685e-01  ,2.825386027507e-01  
  1.080453031273e-05  ,2.836879399318e-01  ,2.992791603126e-01  
  1.080509180711e-05  ,3.185650131272e-01  ,3.326939913907e-01  
  1.080621479587e-05  ,3.880109671014e-01  ,3.992202855855e-01  
  1.080842352049e-05  ,5.231095457751e-01  ,5.285907704992e-01  
  1.081234848635e-05  ,7.565630020036e-01  ,7.518930844722e-01  
  1.081944739954e-05  ,1.147304963191e+00  ,1.124247741519e+00  
  1.083241737024e-05  ,1.702561888188e+00  ,1.645375254401e+00  
  1.085339522497e-05  ,1.988633544298e+00  ,1.884480777216e+00  
  1.087591684000e-05  ,1.372898466840e+00  ,1.281709742673e+00  
  1.087875178592e-05  ,1.238099774213e+00  ,1.153968250489e+00  
  1.088442167775e-05  ,9.402059183368e-01  ,8.710891707325e-01  
  1.089576146142e-05  ,2.655289268846e-01  ,2.266593517364e-01  
  1.089758610861e-05  ,1.515239386815e-01  ,1.175222539902e-01  
  1.089926826344e-05  ,4.597231444354e-02  ,1.644206747856e-02  
  1.089968745174e-05  ,1.963767109870e-02  ,-8.780267884211e-03  
  1.090034999461e-05  ,-2.199036709988e-02  ,-4.865329938314e-02  
  1.090073286133e-05  ,-4.604296709126e-02  ,-7.169345856605e-02  
  1.090098394589e-05  ,-6.181329854464e-02  ,-8.680051897647e-02  
  1.090105040740e-05  ,-6.598706550081e-02  ,-9.079880849953e-02  
  1.090115344660e-05  ,-7.245732768381e-02  ,-9.699709435759e-02  
  1.090130390176e-05  ,-8.190365383903e-02  ,-1.060461933882e-01  
  1.090151174968e-05  ,-9.495032943146e-02  ,-1.185448228808e-01  
  1.090189605994e-05  ,-1.190625213470e-01  ,-1.416446420625e-01  
  1.090248176870e-05  ,-1.557761909410e-01  ,-1.768177984173e-01  
  1.090306244833e-05  ,-1.921225925069e-01  ,-2.116395983132e-01  
  1.090361025227e-05  ,-2.263528116676e-01  ,-2.444337117289e-01  
  1.090388964904e-05  ,-2.437860924974e-01  ,-2.611353444753e-01  
  1.090398354964e-05  ,-2.496409773678e-01  ,-2.667444471489e-01  
  1.090414939491e-05  ,-2.599764135798e-01  ,-2.766459282100e-01  
  1.090430159630e-05  ,-2.694553632912e-01  ,-2.857267770733e-01  
  1.090460599908e-05  ,-2.883945643367e-01  ,-3.038702208232e-01  
  1.090521480465e-05  ,-3.261921139461e-01  ,-3.400779369190e-01  
  1.090643241578e-05  ,-4.014154672126e-01  ,-4.121278362730e-01  
  1.090886763805e-05  ,-5.499910839093e-01  ,-5.543768463547e-01  
  1.091310105795e-05  ,-8.001191964693e-01  ,-7.935542424208e-01  
  1.092086903328e-05  ,-1.219301657717e+00  ,-1.192568933801e+00  
  1.093492827886e-05  ,-1.779962676568e+00  ,-1.716131520704e+00  
  1.095505676740e-05  ,-1.974815569490e+00  ,-1.868332201015e+00  
  1.097726545805e-05  ,-1.310066613963e+00  ,-1.222117516113e+00  
  1.098029188389e-05  ,-1.160684236308e+00  ,-1.080503897650e+00  
  1.098634473556e-05  ,-8.319101332707e-01  ,-7.679503777944e-01  
  1.099272988313e-05  ,-4.528337790936e-01  ,-4.060388418743e-01  
  1.099432617003e-05  ,-3.546124421614e-01  ,-3.120974266941e-01  
  1.099472524175e-05  ,-3.299080896114e-01  ,-2.884630337901e-01  
  1.099552338520e-05  ,-2.803477112908e-01  ,-2.410390356045e-01  
  1.099653405645e-05  ,-2.173415893326e-01  ,-1.807293299014e-01  
  1.099759706804e-05  ,-1.508373074098e-01  ,-1.170507546646e-01  
  1.099809374237e-05  ,-1.197021186980e-01  ,-8.723252163866e-02  
  1.099826082164e-05  ,-1.092214370902e-01  ,-7.719441692230e-02  
  1.099845807576e-05  ,-9.684407225058e-02  ,-6.533925979977e-02  
  1.099872354926e-05  ,-8.018027181829e-02  ,-4.937775704247e-02  
  1.099925449626e-05  ,-4.683709917340e-02  ,-1.743737382127e-02  
  1.099978041412e-05  ,-1.379687835779e-02  ,1.421569791638e-02  
  1.100030810149e-05  ,1.935828528081e-02  ,4.598121905534e-02  
  1.100070866333e-05  ,4.452295197726e-02  ,7.009249035242e-02  
  1.100094349632e-05  ,5.927294173929e-02  ,8.422547161410e-02  
  1.100100518480e-05  ,6.314712689553e-02  ,8.793763892398e-02  
  1.100111157676e-05  ,6.982823305200e-02  ,9.433938353841e-02  
  1.100124310279e-05  ,7.808659923363e-02  ,1.022522637286e-01  
  1.100147756325e-05  ,9.280470035944e-02  ,1.163552563674e-01  
  1.100186233917e-05  ,1.169474742361e-01  ,1.394893993077e-01  
  1.100248138928e-05  ,1.557524236392e-01  ,1.766737880551e-01  
  1.100308050910e-05  ,1.932521049928e-01  ,2.126074839857e-01  
  1.100364610130e-05  ,2.285906561960e-01  ,2.464695772486e-01  
  1.100392247127e-05  ,2.458328660637e-01  ,2.629910064612e-01  
  1.100401104005e-05  ,2.513546488687e-01  ,2.682818836989e-01  
  1.100416852669e-05  ,2.611682531392e-01  ,2.776850120170e-01  
  1.100432806225e-05  ,2.711030135307e-01  ,2.872040881473e-01  
  1.100464713337e-05  ,2.909518548773e-01  ,3.062219601657e-01  
  1.100522595035e-05  ,3.268830217271e-01  ,3.406470327523e-01  
  1.100638358431e-05  ,3.984092575355e-01  ,4.091659511107e-01  
  1.100869885223e-05  ,5.397871487545e-01  ,5.445438459177e-01  
  1.101292780177e-05  ,7.901304869451e-01  ,7.839556174981e-01  
  1.102046331899e-05  ,1.198996591778e+00  ,1.173290687756e+00  
  1.103429904716e-05  ,1.761587882734e+00  ,1.699416198250e+00  
  1.105460634963e-05  ,1.979094743408e+00  ,1.873199925818e+00  
  1.107692232864e-05  ,1.326280508292e+00  ,1.237505931909e+00  
  1.107989101247e-05  ,1.181103660830e+00  ,1.099887621176e+00  
  1.108582838015e-05  ,8.613030835496e-01  ,7.959576601276e-01  
  1.109281553464e-05  ,4.475902620848e-01  ,4.010163985605e-01  
  1.109456232326e-05  ,3.399999683570e-01  ,2.981066457053e-01  
  1.109499902041e-05  ,3.129297214524e-01  ,2.722067470098e-01  
  1.109587241472e-05  ,2.586176397790e-01  ,2.202310077506e-01  
  1.109609076330e-05  ,2.450075978855e-01  ,2.072039389877e-01  
  1.109652746046e-05  ,2.177535691110e-01  ,1.811145279551e-01  
  1.109705440277e-05  ,1.848132968445e-01  ,1.495771213495e-01  
  1.109757184559e-05  ,1.524175196931e-01  ,1.185564705107e-01  
  1.109784453684e-05  ,1.353282658993e-01  ,1.021909231747e-01  
  1.109795952025e-05  ,1.281193354090e-01  ,9.528695651170e-02  
  1.109812583118e-05  ,1.176894730696e-01  ,8.529798392901e-02  
  1.109843535624e-05  ,9.826988255295e-02  ,6.669829470575e-02  
  1.109903047137e-05  ,6.090786200494e-02  ,3.091030972708e-02  
  1.109971732176e-05  ,1.776096389340e-02  ,-1.042375565972e-02  
  1.110034670956e-05  ,-2.178397342217e-02  ,-4.831078928172e-02  
  1.110080627069e-05  ,-5.065406424103e-02  ,-7.597231733038e-02  
  1.110108762323e-05  ,-6.832408675482e-02  ,-9.290320718173e-02  
  1.110116425944e-05  ,-7.313626834716e-02  ,-9.751415626319e-02  
  1.110125975493e-05  ,-7.913207559092e-02  ,-1.032592690065e-01  
  1.110142385397e-05  ,-8.943355134740e-02  ,-1.131298508961e-01  
  1.110160222552e-05  ,-1.006282932594e-01  ,-1.238567345818e-01  
  1.110192390434e-05  ,-1.208088881374e-01  ,-1.431941425985e-01  
  1.110256726198e-05  ,-1.611310045856e-01  ,-1.818320683251e-01  
  1.110316479854e-05  ,-1.985227015972e-01  ,-2.176619698039e-01  
  1.110374743394e-05  ,-2.349146815347e-01  ,-2.525330765492e-01  
  1.110401104480e-05  ,-2.513549449377e-01  ,-2.682858696992e-01  
  1.110409216299e-05  ,-2.564105180598e-01  ,-2.731299672546e-01  
  1.110423216406e-05  ,-2.651319442837e-01  ,-2.814864925199e-01  
  1.110440345756e-05  ,-2.757957526480e-01  ,-2.917039807219e-01  
  1.110465533375e-05  ,-2.914616095256e-01  ,-3.067138314312e-01  
  1.110515908613e-05  ,-3.227375947565e-01  ,-3.366787813640e-01  
  1.110616659090e-05  ,-3.850392612706e-01  ,-3.963619078558e-01  
  1.110818160042e-05  ,-5.084234353804e-01  ,-5.145211601000e-01  
  1.111219895348e-05  ,-7.478574268646e-01  ,-7.435679060055e-01  
  1.111902368530e-05  ,-1.125397298618e+00  ,-1.103436564009e+00  
  1.113173884615e-05  ,-1.679806852344e+00  ,-1.624420608821e+00  
  1.115480882391e-05  ,-1.977220125042e+00  ,-1.869719314560e+00  
  1.117684168085e-05  ,-1.330069059309e+00  ,-1.241103472728e+00  
  1.119521779284e-05  ,-2.993458614196e-01  ,-2.580367158967e-01  
  1.119560843609e-05  ,-2.750555725623e-01  ,-2.348265330567e-01  
  1.119638972260e-05  ,-2.263543807702e-01  ,-1.882939127152e-01  
  1.119721878595e-05  ,-1.745265700644e-01  ,-1.387621149110e-01  
  1.119768393501e-05  ,-1.453942843734e-01  ,-1.109119085405e-01  
  1.119815686062e-05  ,-1.157431591173e-01  ,-8.256050021535e-02  
  1.119825822344e-05  ,-1.093844430663e-01  ,-7.647969222907e-02  
  1.119843901643e-05  ,-9.804018310748e-02  ,-6.563059627910e-02  
  1.119867068292e-05  ,-8.349917938014e-02  ,-5.172315788385e-02  
  1.119911315428e-05  ,-5.571495147253e-02  ,-2.514619544634e-02  
  1.119965089993e-05  ,-2.193416447416e-02  ,7.172185217202e-03  
  1.120018715547e-05  ,1.175925725419e-02  ,3.941218487097e-02  
  1.120081319050e-05  ,5.108870867493e-02  ,7.705083308144e-02  
  1.120101738298e-05  ,6.391317460428e-02  ,8.932513358770e-02  
  1.120108295973e-05  ,6.803124041471e-02  ,9.326664474984e-02  
  1.120119469516e-05  ,7.504728794794e-02  ,9.998201046739e-02  
  1.120134547628e-05  ,8.451359599371e-02  ,1.090428566021e-01  
  1.120157905198e-05  ,9.917407436383e-02  ,1.230758831116e-01  
  1.120199325770e-05  ,1.251582408348e-01  ,1.479492750158e-01  
  1.120253500804e-05  ,1.591109353996e-01  ,1.804527102905e-01  
  1.120309501230e-05  ,1.941590842523e-01  ,2.140067442708e-01  
  1.120362940520e-05  ,2.275484525431e-01  ,2.459737735002e-01  
  1.120389352828e-05  ,2.440280128850e-01  ,2.617515485510e-01  
  1.120398326121e-05  ,2.496229964591e-01  ,2.671082787663e-01  
  1.120413846612e-05  ,2.592955481551e-01  ,2.763689435532e-01  
  1.120429388057e-05  ,2.689749819088e-01  ,2.856361874676e-01  
  1.120460470948e-05  ,2.883143828213e-01  ,3.041519630147e-01  
  1.120514981258e-05  ,3.221625430781e-01  ,3.365580324914e-01  
  1.120624001879e-05  ,3.895655371402e-01  ,4.010850355411e-01  
  1.120842043120e-05  ,5.229221945776e-01  ,5.287174025481e-01  
  1.121247056681e-05  ,7.636579688396e-01  ,7.588849252451e-01  
  1.121957991082e-05  ,1.154114760393e+00  ,1.130826886982e+00  
  1.123270634371e-05  ,1.712018623199e+00  ,1.654106049089e+00  
  1.125353518683e-05  ,1.987678089853e+00  ,1.883278371437e+00  
  1.127606276232e-05  ,1.366216884200e+00  ,1.275372394840e+00  
  1.129448953826e-05  ,3.445057246346e-01  ,3.011780973046e-01  
  1.129761468429e-05  ,1.497335753810e-01  ,1.150818809703e-01  
  1.129839597080e-05  ,1.007414781964e-01  ,6.824079103856e-02  
  1.129942266080e-05  ,3.627330278281e-02  ,6.570379320604e-03  
  1.130032995525e-05  ,-2.073132875253e-02  ,-4.797860926116e-02  
  1.130086853910e-05  ,-5.456514960438e-02  ,-8.036039095086e-02  
  1.130126477029e-05  ,-7.944695210926e-02  ,-1.041764610514e-01  
  1.130135010272e-05  ,-8.480402312684e-02  ,-1.093042848813e-01  
  1.130144404988e-05  ,-9.070121078494e-02  ,-1.149491966126e-01  
  1.130157182734e-05  ,-9.872069261629e-02  ,-1.226254865246e-01  
  1.130168845221e-05  ,-1.060388380103e-01  ,-1.296308470751e-01  
  1.130192170195e-05  ,-1.206707601859e-01  ,-1.436377511222e-01  
  1.130238820143e-05  ,-1.499143806818e-01  ,-1.716335272122e-01  
  1.130288487576e-05  ,-1.810140441233e-01  ,-2.014077121151e-01  
  1.130335426233e-05  ,-2.103646853560e-01  ,-2.295084007938e-01  
  1.130370881684e-05  ,-2.325049206287e-01  ,-2.507061731158e-01  
  1.130393154263e-05  ,-2.463985044398e-01  ,-2.640084200194e-01  
  1.130400337088e-05  ,-2.508765945631e-01  ,-2.682959172081e-01  
  1.130412621233e-05  ,-2.585320991327e-01  ,-2.756255934373e-01  
  1.130428118441e-05  ,-2.681844842413e-01  ,-2.848671503593e-01  
  1.130457748469e-05  ,-2.866215607074e-01  ,-3.025194250222e-01  
  1.130495229546e-05  ,-3.099081174701e-01  ,-3.248144766581e-01  
  1.130570191700e-05  ,-3.563491023016e-01  ,-3.692763445631e-01  
  1.130720116008e-05  ,-4.486125546575e-01  ,-4.575956230290e-01  
  1.131019964624e-05  ,-6.299519432299e-01  ,-6.310902885277e-01  
  1.131573095727e-05  ,-9.486596230939e-01  ,-9.353995771506e-01  
  1.132548525739e-05  ,-1.435607813687e+00  ,-1.396807798590e+00  
  1.134353354383e-05  ,-1.958871932469e+00  ,-1.872989974901e+00  
  1.136220767904e-05  ,-1.854709821819e+00  ,-1.744711365450e+00  
  1.138332858491e-05  ,-1.000258369317e+00  ,-9.278999261966e-01  
  1.138645373094e-05  ,-8.256774514991e-01  ,-7.618330077345e-01  
  1.139270402301e-05  ,-4.544162728892e-01  ,-4.075213457164e-01  
  1.139426659602e-05  ,-3.582956566334e-01  ,-3.156123565213e-01  
  1.139670181829e-05  ,-2.068602569762e-01  ,-1.706844082068e-01  
  1.139830294806e-05  ,-1.065784110088e-01  ,-7.465161463301e-02  
  1.139914225597e-05  ,-5.388712506806e-02  ,-2.417975078377e-02  
  1.139948600713e-05  ,-3.229372117924e-02  ,-3.493894856481e-03  
  1.139992633644e-05  ,-4.628413773316e-03  ,2.301022511339e-02  
  1.140041444260e-05  ,2.603946098019e-02  ,5.239264342098e-02  
  1.140073253583e-05  ,4.602252091358e-02  ,7.153900044106e-02  
  1.140097146663e-05  ,6.102957356298e-02  ,8.591808009054e-02  
  1.140103346943e-05  ,6.492339197502e-02  ,8.964900636951e-02  
  1.140113174725e-05  ,7.109479560374e-02  ,9.556227518982e-02  
  1.140128036305e-05  ,8.042589134340e-02  ,1.045029228456e-01  
  1.140147310026e-05  ,9.252458351616e-02  ,1.160958068298e-01  
  1.140185210198e-05  ,1.163053471120e-01  ,1.388827093134e-01  
  1.140247729882e-05  ,1.554961915877e-01  ,1.764363317894e-01  
  1.140307604611e-05  ,1.929729972491e-01  ,2.123476272585e-01  
  1.140364331469e-05  ,2.284167148155e-01  ,2.463100709080e-01  
  1.140392257176e-05  ,2.458391321380e-01  ,2.630039754789e-01  
  1.140401146650e-05  ,2.513812312019e-01  ,2.683142567799e-01  
  1.140417011730e-05  ,2.612673377552e-01  ,2.777867439597e-01  
  1.140432895437e-05  ,2.711585492393e-01  ,2.872639839930e-01  
  1.140464662850e-05  ,2.909204703892e-01  ,3.061983636413e-01  
  1.140522972956e-05  ,3.271172813818e-01  ,3.408775705281e-01  
  1.140639593169e-05  ,3.991694875791e-01  ,4.098995794055e-01  
  1.140872833594e-05  ,5.415706869181e-01  ,5.462554308083e-01  
  1.141296324595e-05  ,7.921758587317e-01  ,7.859122495007e-01  
  1.142054495677e-05  ,1.203098135181e+00  ,1.177181227014e+00  
  1.143443134889e-05  ,1.765508746545e+00  ,1.702986928417e+00  
  1.145469990834e-05  ,1.978238472798e+00  ,1.872219771279e+00  
  1.147699204549e-05  ,1.322998592395e+00  ,1.234394533436e+00  
  1.147997227773e-05  ,1.176979238176e+00  ,1.095972838762e+00  
  1.148593274220e-05  ,8.553804168675e-01  ,7.903149771535e-01  
  1.149292138680e-05  ,4.411056030404e-01  ,3.948137785794e-01  
  1.149466854795e-05  ,3.334209433907e-01  ,2.918095602142e-01  
  1.149510533824e-05  ,3.063301178021e-01  ,2.658890248422e-01  
  1.149597891882e-05  ,2.519805372302e-01  ,2.138756432231e-01  
  1.149688565448e-05  ,1.953680527875e-01  ,1.596801408358e-01  
  1.149784584805e-05  ,1.352460689052e-01  ,1.021095891655e-01  
  1.149833134651e-05  ,1.047965771093e-01  ,7.294697796759e-02  
  1.149843320991e-05  ,9.840457708185e-02  ,6.682473437895e-02  
  1.149852978807e-05  ,9.234329882503e-02  ,6.101913466606e-02  
  1.149872294437e-05  ,8.021824786120e-02  ,4.940562842599e-02  
  1.149910925697e-05  ,5.595973095116e-02  ,2.616851465882e-02  
  1.149960127469e-05  ,2.505199507433e-02  ,-3.440350021694e-03  
  1.150012588869e-05  ,-7.909799309225e-03  ,-3.501945108163e-02  
  1.150069399546e-05  ,-4.360156654162e-02  ,-6.921634301228e-02  
  1.150093157585e-05  ,-5.852428179838e-02  ,-8.351464319716e-02  
  1.150099854959e-05  ,-6.273043098663e-02  ,-8.754484363989e-02  
  1.150111873677e-05  ,-7.027783356653e-02  ,-9.477658168529e-02  
  1.150125466330e-05  ,-7.881240831072e-02  ,-1.029539869064e-01  
  1.150152651636e-05  ,-9.587709074638e-02  ,-1.193053502800e-01  
  1.150198132773e-05  ,-1.244101195684e-01  ,-1.466461526413e-01  
  1.150255101775e-05  ,-1.601136469352e-01  ,-1.808583636125e-01  
  1.150313570207e-05  ,-1.967034622749e-01  ,-2.159198298401e-01  
  1.150369514754e-05  ,-2.316518550977e-01  ,-2.494076990760e-01  
  1.150394758252e-05  ,-2.473986114948e-01  ,-2.644960267885e-01  
  1.150403184393e-05  ,-2.526513775138e-01  ,-2.695290875115e-01  
  1.150417596610e-05  ,-2.616316750785e-01  ,-2.781336860935e-01  
  1.150434278926e-05  ,-2.720197689547e-01  ,-2.880870430905e-01  
  1.150467643557e-05  ,-2.927732568716e-01  ,-3.079715009726e-01  
  1.150527061937e-05  ,-3.296515957621e-01  ,-3.433035766440e-01  
  1.150645898698e-05  ,-4.030508716568e-01  ,-4.136152442911e-01  
  1.150883572219e-05  ,-5.480627893833e-01  ,-5.524679745102e-01  
  1.151321293829e-05  ,-8.065568378024e-01  ,-7.996471304198e-01  
  1.152094515083e-05  ,-1.223089197343e+00  ,-1.196128323517e+00  
  1.153519066093e-05  ,-1.787419664127e+00  ,-1.722891781323e+00  
  1.155492575882e-05  ,-1.976101029215e+00  ,-1.869707662398e+00  
  1.157731624363e-05  ,-1.307653864207e+00  ,-1.219817352268e+00  
  1.158032404301e-05  ,-1.159038108277e+00  ,-1.078934212344e+00  
  1.158633964179e-05  ,-8.322011725826e-01  ,-7.682244621725e-01  
  1.159289540765e-05  ,-4.426975783163e-01  ,-3.963410346362e-01  
  1.159453434912e-05  ,-3.417319191651e-01  ,-2.997677551134e-01  
  1.159494408449e-05  ,-3.163384665700e-01  ,-2.754723631739e-01  
  1.159576355522e-05  ,-2.653985336095e-01  ,-2.267247526765e-01  
  1.159678465729e-05  ,-2.016825498452e-01  ,-1.657313683249e-01  
  1.159787132447e-05  ,-1.336489591079e-01  ,-1.005849507035e-01  
  1.159843449523e-05  ,-9.832391588444e-02  ,-6.675200414617e-02  
  1.159860127182e-05  ,-8.785640284612e-02  ,-5.672586144821e-02  
  1.159877871206e-05  ,-7.671695894267e-02  ,-4.605575375076e-02  
  1.159913359252e-05  ,-5.443126555998e-02  ,-2.470793983691e-02  
  1.159959496973e-05  ,-2.544811586486e-02  ,3.057487502383e-03  
  1.160009751139e-05  ,6.126811643123e-03  ,3.330799485759e-02  
  1.160064391834e-05  ,4.045582332799e-02  ,6.619924833626e-02  
  1.160088992720e-05  ,5.590849105362e-02  ,8.100534397083e-02  
  1.160095950864e-05  ,6.027857614103e-02  ,8.519263084796e-02  
  1.160108987052e-05  ,6.846520501939e-02  ,9.303688045381e-02  
  1.160121427193e-05  ,7.627645233335e-02  ,1.005215180418e-01  
  1.160146307475e-05  ,9.189533255518e-02  ,1.154875177433e-01  
  1.160196068041e-05  ,1.231152959686e-01  ,1.454030744270e-01  
  1.160255681999e-05  ,1.604770391664e-01  ,1.812043969145e-01  
  1.160316581182e-05  ,1.985860532691e-01  ,2.177217444912e-01  
  1.160374714337e-05  ,2.348965506849e-01  ,2.525148448752e-01  
  1.160400917098e-05  ,2.512381423629e-01  ,2.681731234850e-01  
  1.160409042887e-05  ,2.563024587007e-01  ,2.730256083154e-01  
  1.160423022039e-05  ,2.650108972354e-01  ,2.813697060299e-01  
  1.160440174672e-05  ,2.756892839897e-01  ,2.916011827827e-01  
  1.160465581152e-05  ,2.914913080964e-01  ,3.067415264380e-01  
  1.160516394112e-05  ,3.230386407774e-01  ,3.369664899343e-01  
  1.160618020031e-05  ,3.858783345855e-01  ,3.971650251511e-01  
  1.160821271870e-05  ,5.103141796927e-01  ,5.163308600399e-01  
  1.161224497292e-05  ,7.505383753607e-01  ,7.461296521470e-01  
  1.161911440823e-05  ,1.130104934599e+00  ,1.107908389276e+00  
  1.163189662430e-05  ,1.685166603161e+00  ,1.629362068352e+00  
  1.165511561367e-05  ,1.974227279319e+00  ,1.866377392406e+00  
  1.167701137993e-05  ,1.322087300097e+00  ,1.233537262683e+00  
  1.169539643261e-05  ,2.882433724214e-01  ,2.474041485554e-01  
  1.169852157864e-05  ,9.285855885533e-02  ,6.051650853234e-02  
  1.169930286515e-05  ,4.379877276957e-02  ,1.360060895079e-02  
  1.170010389570e-05  ,-6.527947624058e-03  ,-3.454035589691e-02  
  1.170085733566e-05  ,-5.386147549705e-02  ,-7.982879711870e-02  
  1.170124690789e-05  ,-7.832549815554e-02  ,-1.032392538367e-01  
  1.170133725782e-05  ,-8.399767359929e-02  ,-1.086674372230e-01  
  1.170143410373e-05  ,-9.007691414628e-02  ,-1.144852893163e-01  
  1.170156220715e-05  ,-9.811697058174e-02  ,-1.221798221338e-01  
  1.170168639902e-05  ,-1.059100132711e-01  ,-1.296381362597e-01  
  1.170193478275e-05  ,-1.214911434049e-01  ,-1.445505195397e-01  
  1.170243155021e-05  ,-1.526302627147e-01  ,-1.743549136428e-01  
  1.170293632704e-05  ,-1.842333181119e-01  ,-2.046053163281e-01  
  1.170341819334e-05  ,-2.143588802901e-01  ,-2.334427381750e-01  
  1.170372729931e-05  ,-2.336582952641e-01  ,-2.519173963439e-01  
  1.170397335473e-05  ,-2.490054092008e-01  ,-2.666088098839e-01  
  1.170404139949e-05  ,-2.532469495455e-01  ,-2.706691451070e-01  
  1.170416449705e-05  ,-2.609172288975e-01  ,-2.780117482647e-01  
  1.170432461468e-05  ,-2.708883940467e-01  ,-2.875569524755e-01  
  1.170455257916e-05  ,-2.850727659679e-01  ,-3.011353679224e-01  
  1.170488589951e-05  ,-3.057860542916e-01  ,-3.209636645850e-01  
  1.170555254021e-05  ,-3.471097725234e-01  ,-3.605208601891e-01  
  1.170688582161e-05  ,-4.292824253502e-01  ,-4.391730284573e-01  
  1.170955238441e-05  ,-5.912257587206e-01  ,-5.941185413075e-01  
  1.171463889578e-05  ,-8.877070960081e-01  ,-8.773503189171e-01  
  1.172347081402e-05  ,-1.344668119061e+00  ,-1.311212692465e+00  
  1.173984719017e-05  ,-1.899124153140e+00  ,-1.823130523279e+00  
  1.175972831944e-05  ,-1.907318666335e+00  ,-1.798175687538e+00  
  1.178160918453e-05  ,-1.092305326256e+00  ,-1.015380138863e+00  
  1.178473433056e-05  ,-9.228223310563e-01  ,-8.543137285079e-01  
  1.179098462263e-05  ,-5.589099719447e-01  ,-5.073837011315e-01  
  1.179254719564e-05  ,-4.640067598018e-01  ,-4.167218740919e-01  
  1.179567234167e-05  ,-2.710778683485e-01  ,-2.321751425448e-01  
  1.179643667811e-05  ,-2.234227897717e-01  ,-1.865587074428e-01  
  1.179776772434e-05  ,-1.401430782148e-01  ,-1.068158136402e-01  
  1.179833890447e-05  ,-1.043223457555e-01  ,-7.250816420638e-02  
  1.179850314321e-05  ,-9.401562673033e-02  ,-6.263605066683e-02  
  1.179866181729e-05  ,-8.405573454504e-02  ,-5.309582809709e-02  
  1.179897916546e-05  ,-6.412993159039e-02  ,-3.400873568992e-02  
  1.179949539756e-05  ,-3.170377843418e-02  ,-2.945086088536e-03  
  1.180008501788e-05  ,5.341824736826e-03  ,3.254692853582e-02  
  1.180062369486e-05  ,3.918539629557e-02  ,6.497350657515e-02  
  1.180088004140e-05  ,5.528758779488e-02  ,8.040215177871e-02  
  1.180095160190e-05  ,5.978200470020e-02  ,8.470862802034e-02  
  1.180107225474e-05  ,6.735901119852e-02  ,9.196884585666e-02  
  1.180119889132e-05  ,7.531075456284e-02  ,9.958779480091e-02  
  1.180145216450e-05  ,9.121053946652e-02  ,1.148231898767e-01  
  1.180195871085e-05  ,1.229917792575e-01  ,1.452770002118e-01  
  1.180255606114e-05  ,1.604295134281e-01  ,1.811516047852e-01  
  1.180316812634e-05  ,1.987307598450e-01  ,2.178535967187e-01  
  1.180375141367e-05  ,2.351630024703e-01  ,2.527637403825e-01  
  1.180401502452e-05  ,2.516030139968e-01  ,2.685164868670e-01  
  1.180409609615e-05  ,2.566556045430e-01  ,2.733577850746e-01  
  1.180423549186e-05  ,2.653391893824e-01  ,2.816781514719e-01  
  1.180440715789e-05  ,2.760260282416e-01  ,2.919178260327e-01  
  1.180465479657e-05  ,2.914282173699e-01  ,3.066752210501e-01  
  1.180515007391e-05  ,3.221787484363e-01  ,3.361370933875e-01  
  1.180614062860e-05  ,3.834383901482e-01  ,3.948227812483e-01  
  1.180812173798e-05  ,5.047848336546e-01  ,5.110329377852e-01  
  1.181208395674e-05  ,7.411512564221e-01  ,7.371556933000e-01  
  1.181883120253e-05  ,1.115379091650e+00  ,1.093916973805e+00  
  1.183137798026e-05  ,1.667393243366e+00  ,1.612963307130e+00  
  1.185414695456e-05  ,1.983051005476e+00  ,1.876363119551e+00  
  1.187646889403e-05  ,1.347469952885e+00  ,1.257599532008e+00  
  1.187922486379e-05  ,1.214619822431e+00  ,1.131720677658e+00  
  1.188473680332e-05  ,9.226844881131e-01  ,8.544232546290e-01  
  1.189576068237e-05  ,2.655774427268e-01  ,2.268464157168e-01  
  1.189598322190e-05  ,2.517123187151e-01  ,2.135782939532e-01  
  1.189642830096e-05  ,2.239458395021e-01  ,1.869997856169e-01  
  1.189697042383e-05  ,1.900666234506e-01  ,1.545664956770e-01  
  1.189751701705e-05  ,1.558522524580e-01  ,1.218076241737e-01  
  1.189779687948e-05  ,1.383156506122e-01  ,1.050150112929e-01  
  1.189791809111e-05  ,1.307169492534e-01  ,9.773830366326e-02  
  1.189809483286e-05  ,1.196337242260e-01  ,8.712434084499e-02  
  1.189836188960e-05  ,1.028800861202e-01  ,7.107921498288e-02  
  1.189889600310e-05  ,6.935226483373e-02  ,3.896645387515e-02  
  1.189953498352e-05  ,2.921680790998e-02  ,5.204608259775e-04  
  1.190018821317e-05  ,-1.182571354173e-02  ,-3.879859224193e-02  
  1.190081210617e-05  ,-5.102059985673e-02  ,-7.635055816396e-02  
  1.190104263179e-05  ,-6.549877340204e-02  ,-9.022245862579e-02  
  1.190111392453e-05  ,-6.997565773211e-02  ,-9.451192560133e-02  
  1.190122739454e-05  ,-7.710036415402e-02  ,-1.013384167158e-01  
  1.190139310011e-05  ,-8.750312112132e-02  ,-1.113055463099e-01  
  1.190161687364e-05  ,-1.015474854486e-01  ,-1.247623878545e-01  
  1.190202744720e-05  ,-1.273021476570e-01  ,-1.494400195586e-01  
  1.190255504144e-05  ,-1.603656498448e-01  ,-1.811213064474e-01  
  1.190310517368e-05  ,-1.947945170828e-01  ,-2.141109319158e-01  
  1.190363640008e-05  ,-2.279850947528e-01  ,-2.459134706320e-01  
  1.190389311915e-05  ,-2.440024985373e-01  ,-2.612607071652e-01  
  1.190398161808e-05  ,-2.495205623687e-01  ,-2.665478282877e-01  
  1.190413288815e-05  ,-2.589480279294e-01  ,-2.755806487378e-01  
  1.190429065419e-05  ,-2.687741026915e-01  ,-2.849952653759e-01  
  1.190460618628e-05  ,-2.884062032698e-01  ,-3.038048604681e-01  
  1.190512679560e-05  ,-3.207351448405e-01  ,-3.347778950328e-01  
  1.190616801424e-05  ,-3.851270190175e-01  ,-3.964621070711e-01  
  1.190825045151e-05  ,-5.126061680561e-01  ,-5.185405952575e-01  
  1.191220521969e-05  ,-7.482225691267e-01  ,-7.439268848559e-01  
  1.191909626169e-05  ,-1.129164039170e+00  ,-1.107020931651e+00  
  1.193181440277e-05  ,-1.682378681445e+00  ,-1.626792270465e+00  
  1.195509299678e-05  ,-1.974454180308e+00  ,-1.866643864495e+00  
  1.197697386188e-05  ,-1.323855196860e+00  ,-1.235215165461e+00  
  1.199536189479e-05  ,-2.903906218041e-01  ,-2.494603316638e-01  
  1.199848704083e-05  ,-9.502623863796e-02  ,-6.260300300374e-02  
  1.199926832733e-05  ,-4.596830125641e-02  ,-1.568842377818e-02  
  1.200007010294e-05  ,4.404693909906e-03  ,3.249705715672e-02  
  1.200081544039e-05  ,5.123002711904e-02  ,7.729946592910e-02  
  1.200120156673e-05  ,7.547873606826e-02  ,1.005039802594e-01  
  1.200129530435e-05  ,8.136391273485e-02  ,1.061360298698e-01  
  1.200139650419e-05  ,8.771680028895e-02  ,1.122157987767e-01  
  1.200153825149e-05  ,9.661357645603e-02  ,1.207303007744e-01  
  1.200168905589e-05  ,1.060767151821e-01  ,1.297870833686e-01  
  1.200199066471e-05  ,1.249956374867e-01  ,1.478943345222e-01  
  1.200253194939e-05  ,1.589193631719e-01  ,1.803647667556e-01  
  1.200305870544e-05  ,1.918885058968e-01  ,2.119235577195e-01  
  1.200357493754e-05  ,2.241480396083e-01  ,2.428043739511e-01  
  1.200384250652e-05  ,2.408458613586e-01  ,2.587888941314e-01  
  1.200401303168e-05  ,2.514787941922e-01  ,2.689676715031e-01  
  1.200415512822e-05  ,2.603335877632e-01  ,2.774442793255e-01  
  1.200432441938e-05  ,2.708762361629e-01  ,2.875366620115e-01  
  1.200466300170e-05  ,2.919382491819e-01  ,3.076991019015e-01  
  1.200534016635e-05  ,3.339608044429e-01  ,3.479262172904e-01  
  1.200669449564e-05  ,4.175335583532e-01  ,4.279216809521e-01  
  1.200912971791e-05  ,5.658043504856e-01  ,5.697954021926e-01  
  1.201384519036e-05  ,8.427473154211e-01  ,8.344315360481e-01  
  1.202196483310e-05  ,1.273144674573e+00  ,1.243630194746e+00  
  1.203726236518e-05  ,1.841993766756e+00  ,1.772058948803e+00  
  1.205692295726e-05  ,1.952883780049e+00  ,1.844501785576e+00  
  1.207881872352e-05  ,1.234793996515e+00  ,1.150710475141e+00  
  1.208194386955e-05  ,1.074629681248e+00  ,9.987728874836e-01  
  1.208819416161e-05  ,7.248926391126e-01  ,6.659077453315e-01  
  1.208975673463e-05  ,6.325525208125e-01  ,5.778057680221e-01  
  1.209288188066e-05  ,4.435263817935e-01  ,3.972008839971e-01  
  1.209622421112e-05  ,2.366838493781e-01  ,1.992792039357e-01  
  1.209686458852e-05  ,1.966852928665e-01  ,1.609843581889e-01  
  1.209814534332e-05  ,1.164655916165e-01  ,8.416068954768e-02  
  1.209861966591e-05  ,8.670176934081e-02  ,5.565101342090e-02  
  1.209883661750e-05  ,7.308120512336e-02  ,4.260350575099e-02  
  1.209908686388e-05  ,5.736616562648e-02  ,2.754900754792e-02  
  1.209958735663e-05  ,2.592642136107e-02  ,-2.571137113450e-03  
  1.210005646381e-05  ,-3.547724050983e-03  ,-3.081020735781e-02  
  1.210059616524e-05  ,-3.745597710697e-02  ,-6.329959845006e-02  
  1.210085027661e-05  ,-5.341810169086e-02  ,-7.859441943642e-02  
  1.210093126675e-05  ,-5.850486841296e-02  ,-8.346859808850e-02  
  1.210104217562e-05  ,-6.547012727878e-02  ,-9.014281145296e-02  
  1.210116836983e-05  ,-7.339435855863e-02  ,-9.773561013360e-02  
  1.210142075825e-05  ,-8.923923590467e-02  ,-1.129186121681e-01  
  1.210192553509e-05  ,-1.209111636631e-01  ,-1.432683014504e-01  
  1.210254011485e-05  ,-1.594307869326e-01  ,-1.801804604493e-01  
  1.210316978205e-05  ,-1.988342757592e-01  ,-2.179395162970e-01  
  1.210376033369e-05  ,-2.357195669122e-01  ,-2.532845111497e-01  
  1.210402669195e-05  ,-2.523302588341e-01  ,-2.692011086769e-01  
  1.210410771701e-05  ,-2.573797102877e-01  ,-2.740394890733e-01  
  1.210424734555e-05  ,-2.660773764185e-01  ,-2.823735002145e-01  
  1.210441964022e-05  ,-2.768027896266e-01  ,-2.926503183206e-01  
  1.210465857103e-05  ,-2.916628406630e-01  ,-3.068885235853e-01  
  1.210513643264e-05  ,-3.213328066880e-01  ,-3.353156416379e-01  
  1.210609215587e-05  ,-3.804488121318e-01  ,-3.919491835856e-01  
  1.210800360232e-05  ,-4.975990008177e-01  ,-5.041447253307e-01  
  1.211182649523e-05  ,-7.261021421871e-01  ,-7.227656756262e-01  
  1.211840982824e-05  ,-1.093305837257e+00  ,-1.072934962437e+00  
  1.213062132984e-05  ,-1.640671020162e+00  ,-1.588245987034e+00  
  1.215270187050e-05  ,-1.992799410821e+00  ,-1.888131469353e+00  
  1.217570926338e-05  ,-1.382353367745e+00  ,-1.290684737518e+00  
  1.219667221695e-05  ,-2.087100992938e-01  ,-1.709724801593e-01  
  1.221249128967e-05  ,7.648612096736e-01  ,7.618635974973e-01  
  1.222007598072e-05  ,1.179429406564e+00  ,1.156449211453e+00  
  1.222221839517e-05  ,1.285391006427e+00  ,1.256590899067e+00  
  1.222564789742e-05  ,1.442703956256e+00  ,1.404549765620e+00  
  1.223250690192e-05  ,1.705506875441e+00  ,1.648656999155e+00  
  1.224622491091e-05  ,1.985951011739e+00  ,1.893380579108e+00  
  1.226464572638e-05  ,1.792008146891e+00  ,1.682316548346e+00  
  1.228531661719e-05  ,8.902110075353e-01  ,8.231487180016e-01  
  1.228757116288e-05  ,7.612340172136e-01  ,7.003081263160e-01  
  1.229208025425e-05  ,4.924940953559e-01  ,4.438732275066e-01  
  1.229627940148e-05  ,2.332401505679e-01  ,1.958861860569e-01  
  1.229710278377e-05  ,1.817862233579e-01  ,1.466316874419e-01  
  1.229833902135e-05  ,1.043150119030e-01  ,7.244632866906e-02  
  1.229955719128e-05  ,2.782159513767e-02  ,-8.227223207499e-04  
  1.230009596139e-05  ,-6.029422711227e-03  ,-3.325188860990e-02  
  1.230066835224e-05  ,-4.199072433777e-02  ,-6.770522062438e-02  
  1.230097275503e-05  ,-6.111048785055e-02  ,-8.602405877607e-02  
  1.230105332607e-05  ,-6.617035094061e-02  ,-9.087204053560e-02  
  1.230117528276e-05  ,-7.382841633955e-02  ,-9.820948400175e-02  
  1.230132278097e-05  ,-8.308886017563e-02  ,-1.070823087903e-01  
  1.230161628728e-05  ,-1.015106908222e-01  ,-1.247333097897e-01  
  1.230202700054e-05  ,-1.272741399332e-01  ,-1.494191720422e-01  
  1.230256865775e-05  ,-1.612184183626e-01  ,-1.819441893739e-01  
  1.230313853403e-05  ,-1.968805364567e-01  ,-2.161152771420e-01  
  1.230368251955e-05  ,-2.308637371626e-01  ,-2.486770265005e-01  
  1.230392945973e-05  ,-2.462686282556e-01  ,-2.634372457104e-01  
  1.230401410531e-05  ,-2.515457167332e-01  ,-2.684934325537e-01  
  1.230415731944e-05  ,-2.604700939419e-01  ,-2.770441524088e-01  
  1.230432255935e-05  ,-2.707604429598e-01  ,-2.869035200391e-01  
  1.230465303916e-05  ,-2.913189744224e-01  ,-3.066005435107e-01  
  1.230521807257e-05  ,-3.263946922372e-01  ,-3.402046285575e-01  
  1.230634813938e-05  ,-3.962265757028e-01  ,-4.070979179118e-01  
  1.230860827300e-05  ,-5.343049120042e-01  ,-5.393145250189e-01  
  1.231283871267e-05  ,-7.849851156434e-01  ,-7.790536253097e-01  
  1.232023788426e-05  ,-1.187629705104e+00  ,-1.162517342748e+00  
  1.233392460081e-05  ,-1.750326151479e+00  ,-1.689148506549e+00  
  1.235397560332e-05  ,-1.984420941723e+00  ,-1.879279745792e+00  
  1.237658066485e-05  ,-1.342272020551e+00  ,-1.252658347975e+00  
  1.239502830241e-05  ,-3.111124078151e-01  ,-2.692065461236e-01  
  1.239541894566e-05  ,-2.868435317902e-01  ,-2.460232031494e-01  
  1.239620023217e-05  ,-2.381798365376e-01  ,-1.995408772485e-01  
  1.239700694378e-05  ,-1.877822678117e-01  ,-1.513883266635e-01  
  1.239779447015e-05  ,-1.384666705271e-01  ,-1.042500068618e-01  
  1.239815531108e-05  ,-1.158403559312e-01  ,-8.261600270638e-02  
  1.239828176140e-05  ,-1.079076927666e-01  ,-7.503040716131e-02  
  1.239843347385e-05  ,-9.838801352376e-02  ,-6.592672999259e-02  
  1.239867766663e-05  ,-8.306076060776e-02  ,-5.126816259480e-02  
  1.239916605219e-05  ,-5.239249216294e-02  ,-2.193391469894e-02  
  1.239974216833e-05  ,-1.619986424591e-02  ,1.269073052098e-02  
  1.240026808619e-05  ,1.684415304466e-02  ,4.430840854028e-02  
  1.240070068553e-05  ,4.402181470331e-02  ,7.031630094497e-02  
  1.240094431951e-05  ,5.932464193195e-02  ,8.496164049574e-02  
  1.240100769601e-05  ,6.330483252530e-02  ,8.877094779500e-02  
  1.240111730104e-05  ,7.018767982559e-02  ,9.535841017717e-02  
  1.240124393763e-05  ,7.813901360263e-02  ,1.029686866674e-01  
  1.240149721080e-05  ,9.403784504451e-02  ,1.181861236735e-01  
  1.240188049661e-05  ,1.180863685086e-01  ,1.412052556819e-01  
  1.240249144422e-05  ,1.563822671463e-01  ,1.778646292219e-01  
  1.240308572115e-05  ,1.935780530180e-01  ,2.134732917244e-01  
  1.240364693613e-05  ,2.286427667656e-01  ,2.470430782922e-01  
  1.240392074497e-05  ,2.457252216045e-01  ,2.633975103083e-01  
  1.240400926718e-05  ,2.512441392569e-01  ,2.686812338490e-01  
  1.240416631145e-05  ,2.610302564634e-01  ,2.780503113247e-01  
  1.240432484584e-05  ,2.709027840535e-01  ,2.875021091017e-01  
  1.240464191461e-05  ,2.906274349736e-01  ,3.063860936953e-01  
  1.240521393293e-05  ,3.261380755532e-01  ,3.403826990532e-01  
  1.240635796958e-05  ,3.968319643053e-01  ,4.080578244317e-01  
  1.240864604288e-05  ,5.365914329775e-01  ,5.418097624406e-01  
  1.241282134825e-05  ,7.839815106228e-01  ,7.783045736201e-01  
  1.242028384978e-05  ,1.189952235216e+00  ,1.164831185852e+00  
  1.243395268494e-05  ,1.751179222287e+00  ,1.689961042797e+00  
  1.245434641415e-05  ,1.981383970105e+00  ,1.875805932568e+00  
  1.247671901757e-05  ,1.335814974678e+00  ,1.246546299366e+00  
  1.247965678149e-05  ,1.192948325308e+00  ,1.111130239598e+00  
  1.248553230935e-05  ,8.780548400071e-01  ,8.119158915544e-01  
  1.249258651906e-05  ,4.616030578573e-01  ,4.144179311890e-01  
  1.249435007149e-05  ,3.531343636430e-01  ,3.106767856640e-01  
  1.249479095960e-05  ,3.258347798383e-01  ,2.845594184058e-01  
  1.249567273581e-05  ,2.710533325740e-01  ,2.321380172614e-01  
  1.249676666731e-05  ,2.028070998093e-01  ,1.668090448384e-01  
  1.249794385904e-05  ,1.291013218156e-01  ,9.623060994738e-02  
  1.249855191955e-05  ,9.095419747048e-02  ,5.969397747688e-02  
  1.249874991873e-05  ,7.852473398385e-02  ,4.778828177325e-02  
  1.249898111956e-05  ,6.400721481523e-02  ,3.388194607907e-02  
  1.249944352122e-05  ,3.496281214629e-02  ,6.058575948815e-03  
  1.249993907796e-05  ,3.827842425104e-03  ,-2.376980791165e-02  
  1.250041200356e-05  ,-2.588622444822e-02  ,-5.223874635421e-02  
  1.250077154064e-05  ,-4.847258154132e-02  ,-7.387968493917e-02  
  1.250109773637e-05  ,-6.895913964719e-02  ,-9.350931772137e-02  
  1.250118519920e-05  ,-7.445105660068e-02  ,-9.877160061025e-02  
  1.250127283666e-05  ,-7.995337456509e-02  ,-1.040438815825e-01  
  1.250141009032e-05  ,-8.856961281998e-02  ,-1.122997278142e-01  
  1.250155579574e-05  ,-9.771461282699e-02  ,-1.210625173347e-01  
  1.250177013963e-05  ,-1.111638361606e-01  ,-1.339497957793e-01  
  1.250219882741e-05  ,-1.380465513581e-01  ,-1.597095855588e-01  
  1.250271710842e-05  ,-1.705137089914e-01  ,-1.908207995306e-01  
  1.250322188526e-05  ,-2.020915307919e-01  ,-2.210795922449e-01  
  1.250363762766e-05  ,-2.280617227067e-01  ,-2.459645905614e-01  
  1.250386670973e-05  ,-2.423554573324e-01  ,-2.596607774169e-01  
  1.250394809568e-05  ,-2.474306065460e-01  ,-2.645237024157e-01  
  1.250408595470e-05  ,-2.560236539187e-01  ,-2.727573467590e-01  
  1.250422667754e-05  ,-2.647902549844e-01  ,-2.811571827741e-01  
  1.250450812323e-05  ,-2.823077601666e-01  ,-2.979414740916e-01  
  1.250504605515e-05  ,-3.157267051203e-01  ,-3.299601767328e-01  
  1.250612191898e-05  ,-3.822845708214e-01  ,-3.937218872119e-01  
  1.250827364666e-05  ,-5.140147438228e-01  ,-5.198731850037e-01  
  1.251205481631e-05  ,-7.394503580231e-01  ,-7.355314252521e-01  
  1.251893691761e-05  ,-1.120886347410e+00  ,-1.099151783940e+00  
  1.253145538313e-05  ,-1.670073972156e+00  ,-1.615435292193e+00  
  1.255451642019e-05  ,-1.979901682615e+00  ,-1.874740320287e+00  
  1.257617376787e-05  ,-1.361114856659e+00  ,-1.270599912053e+00  
  1.257914356930e-05  ,-1.218673891791e+00  ,-1.135588100304e+00  
  1.258508317215e-05  ,-9.033216295754e-01  ,-8.360043579196e-01  
  1.259303592188e-05  ,-4.340835240013e-01  ,-3.880890425556e-01  
  1.259502410931e-05  ,-3.113726578725e-01  ,-2.706973885232e-01  
  1.259537852412e-05  ,-2.893568032958e-01  ,-2.496301731707e-01  
  1.259608735373e-05  ,-2.452202126337e-01  ,-2.073889732553e-01  
  1.259687376251e-05  ,-1.961116598498e-01  ,-1.603778120435e-01  
  1.259770534044e-05  ,-1.440528677193e-01  ,-1.105307223044e-01  
  1.259813207244e-05  ,-1.172980005267e-01  ,-8.490826562965e-02  
  1.259822668317e-05  ,-1.113631561039e-01  ,-7.922427427146e-02  
  1.259841590464e-05  ,-9.949056819662e-02  ,-6.785315435236e-02  
  1.259863788537e-05  ,-8.555806872711e-02  ,-5.450854014234e-02  
  1.259908184684e-05  ,-5.768126480116e-02  ,-2.780619826649e-02  
  1.259961894057e-05  ,-2.394209803889e-02  ,4.514455158789e-03  
  1.260017773412e-05  ,1.116730595726e-02  ,3.815054471721e-02  
  1.260078495644e-05  ,4.931526885325e-02  ,7.470035628115e-02  
  1.260099336315e-05  ,6.240471670951e-02  ,8.724195741636e-02  
  1.260105923093e-05  ,6.654116026317e-02  ,9.120531763374e-02  
  1.260117227021e-05  ,7.363926097348e-02  ,9.800645608592e-02  
  1.260132267881e-05  ,8.308244643274e-02  ,1.070543726812e-01  
  1.260156347226e-05  ,9.819636390954e-02  ,1.215363152020e-01  
  1.260199481431e-05  ,1.252558538400e-01  ,1.474647571543e-01  
  1.260254392210e-05  ,1.596692408891e-01  ,1.804402110125e-01  
  1.260311137694e-05  ,1.951824226273e-01  ,2.144695330221e-01  
  1.260365480367e-05  ,2.291338505704e-01  ,2.470017193156e-01  
  1.260391347851e-05  ,2.452721092549e-01  ,2.624650238287e-01  
  1.260400018464e-05  ,2.506779771688e-01  ,2.676447321167e-01  
  1.260414945237e-05  ,2.599799934286e-01  ,2.765575034437e-01  
  1.260431047804e-05  ,2.700083212402e-01  ,2.861660595982e-01  
  1.260463252939e-05  ,2.900439909690e-01  ,3.053626102082e-01  
  1.260515407003e-05  ,3.224265502571e-01  ,3.363873945127e-01  
  1.260619715131e-05  ,3.869233309353e-01  ,3.981725405838e-01  
  1.260828331388e-05  ,5.146017263247e-01  ,5.204408587202e-01  
  1.261234462536e-05  ,7.563384305809e-01  ,7.516755322079e-01  
  1.261925876416e-05  ,1.137576660455e+00  ,1.115060760068e+00  
  1.263222277440e-05  ,1.696114577183e+00  ,1.639466181897e+00  
  1.265567422188e-05  ,1.968307096890e+00  ,1.859856210273e+00  
  1.267723620213e-05  ,1.311455006911e+00  ,1.223465243210e+00  
  1.268015086926e-05  ,1.167888337014e+00  ,1.087389877807e+00  
  1.268598020352e-05  ,8.526838870385e-01  ,7.877677037890e-01  
  1.269284442342e-05  ,4.458209806369e-01  ,3.993374966143e-01  
  1.269456047840e-05  ,3.401141962997e-01  ,2.982273852756e-01  
  1.269498949214e-05  ,3.135210125549e-01  ,2.727835181686e-01  
  1.269584751963e-05  ,2.601686327179e-01  ,2.217256235780e-01  
  1.269606202650e-05  ,2.467994843603e-01  ,2.089290374186e-01  
  1.269649104025e-05  ,2.200281715474e-01  ,1.833015805439e-01  
  1.269701155644e-05  ,1.874937245104e-01  ,1.521526195944e-01  
  1.269752993058e-05  ,1.550433257739e-01  ,1.210795852679e-01  
  1.269778082888e-05  ,1.393217073019e-01  ,1.060237538293e-01  
  1.269790024772e-05  ,1.318356651061e-01  ,9.885441032415e-02  
  1.269807051677e-05  ,1.211587782275e-01  ,8.862885993739e-02  
  1.269835037920e-05  ,1.036023417808e-01  ,7.181371176030e-02  
  1.269891010407e-05  ,6.846680088776e-02  ,3.815866402995e-02  
  1.269956938732e-05  ,2.705536736460e-02  ,-1.512406688114e-03  
  1.270028762329e-05  ,-1.807165837310e-02  ,-4.474736310571e-02  
  1.270081512440e-05  ,-5.121017890675e-02  ,-7.649888497778e-02  
  1.270111831646e-05  ,-7.025144127299e-02  ,-9.474386344208e-02  
  1.270120186774e-05  ,-7.549763519649e-02  ,-9.977073468475e-02  
  1.270129664145e-05  ,-8.144785557218e-02  ,-1.054722330393e-01  
  1.270146439593e-05  ,-9.197825662704e-02  ,-1.155622743055e-01  
  1.270163906548e-05  ,-1.029400162284e-01  ,-1.260660266266e-01  
  1.270198840458e-05  ,-1.248539063996e-01  ,-1.470645305080e-01  
  1.270251218039e-05  ,-1.576811373148e-01  ,-1.785208725920e-01  
  1.270304554883e-05  ,-1.910656490796e-01  ,-2.105112341965e-01  
  1.270355833504e-05  ,-2.231114153349e-01  ,-2.412182121817e-01  
  1.270382967587e-05  ,-2.400455354030e-01  ,-2.574445350509e-01  
  1.270400876920e-05  ,-2.512130981994e-01  ,-2.681451492447e-01  
  1.270409463714e-05  ,-2.565646899398e-01  ,-2.732729179272e-01  
  1.270422644257e-05  ,-2.647756211729e-01  ,-2.811403619772e-01  
  1.270449005343e-05  ,-2.811837233123e-01  ,-2.968617631574e-01  
  1.270480358317e-05  ,-3.006737587098e-01  ,-3.155355311029e-01  
  1.270543064266e-05  ,-3.395644288594e-01  ,-3.527951458844e-01  
  1.270668476164e-05  ,-4.169354101917e-01  ,-4.269092002391e-01  
  1.270919299960e-05  ,-5.696169070243e-01  ,-5.730937213736e-01  
  1.271396733164e-05  ,-8.497008749071e-01  ,-8.408392702143e-01  
  1.272227621913e-05  ,-1.288172346939e+00  ,-1.257729496660e+00  
  1.273763633608e-05  ,-1.851020267816e+00  ,-1.780065938699e+00  
  1.275718069911e-05  ,-1.949325362855e+00  ,-1.840722788667e+00  
  1.277899599909e-05  ,-1.226012730212e+00  ,-1.142381212121e+00  
  1.278212114513e-05  ,-1.065219011880e+00  ,-9.898315637706e-01  
  1.278837143719e-05  ,-7.145002677598e-01  ,-6.559930086862e-01  
  1.278993401020e-05  ,-6.219759865154e-01  ,-5.677062969868e-01  
  1.279305915624e-05  ,-4.326583504550e-01  ,-3.868069383472e-01  
  1.279639999657e-05  ,-2.257129835729e-01  ,-1.887741670181e-01  
  1.279696801021e-05  ,-1.902175884810e-01  ,-1.547894571954e-01  
  1.279810403749e-05  ,-1.190564106514e-01  ,-8.664051072711e-02  
  1.279837421417e-05  ,-1.021067284305e-01  ,-7.040560944662e-02  
  1.279859999004e-05  ,-8.793686159761e-02  ,-5.683260342058e-02  
  1.279882250629e-05  ,-7.396723947802e-02  ,-4.345083074102e-02  
  1.279926753878e-05  ,-4.601783426346e-02  ,-1.667589426901e-02  
  1.279979056954e-05  ,-1.315880894453e-02  ,1.480487639595e-02  
  1.280026861742e-05  ,1.687752979729e-02  ,4.358330064011e-02  
  1.280066270657e-05  ,4.163607349506e-02  ,6.730617206602e-02  
  1.280088887825e-05  ,5.584260939521e-02  ,8.091883224226e-02  
  1.280094916975e-05  ,5.962925638784e-02  ,8.454722682615e-02  
  1.280106439763e-05  ,6.686561288733e-02  ,9.148120618533e-02  
  1.280118172099e-05  ,7.423266522459e-02  ,9.854012627911e-02  
  1.280141636772e-05  ,8.896364441709e-02  ,1.126558673888e-01  
  1.280182573055e-05  ,1.146511460826e-01  ,1.372709329956e-01  
  1.280247309288e-05  ,1.552327227865e-01  ,1.761588925452e-01  
  1.280309977984e-05  ,1.944572201312e-01  ,2.137464099731e-01  
  1.280368455728e-05  ,2.309909154198e-01  ,2.487545559671e-01  
  1.280396139292e-05  ,2.482596565614e-01  ,2.653017639649e-01  
  1.280404657401e-05  ,2.535694539874e-01  ,2.703896260847e-01  
  1.280419914793e-05  ,2.630756462252e-01  ,2.794983879276e-01  
  1.280436380576e-05  ,2.733279446717e-01  ,2.893219136227e-01  
  1.280469312142e-05  ,2.938103257954e-01  ,3.089471636636e-01  
  1.280533498894e-05  ,3.336400610878e-01  ,3.471077627961e-01  
  1.280661872398e-05  ,4.128764096800e-01  ,4.230113091193e-01  
  1.280918619405e-05  ,5.692069984067e-01  ,5.726936889594e-01  
  1.281374669443e-05  ,8.371308539367e-01  ,8.288334711039e-01  
  1.282199150692e-05  ,1.274436760698e+00  ,1.244737111127e+00  
  1.283702677857e-05  ,1.836176821758e+00  ,1.766813224789e+00  
  1.285635358464e-05  ,1.960290447967e+00  ,1.852324483226e+00  
  1.287844902645e-05  ,1.252983241333e+00  ,1.167960581293e+00  
  1.288157417249e-05  ,1.094147466215e+00  ,1.017315322955e+00  
  1.288782446455e-05  ,7.464925656985e-01  ,6.865120439359e-01  
  1.288938703756e-05  ,6.545457153579e-01  ,5.988039533329e-01  
  1.289251218360e-05  ,4.661463269695e-01  ,4.188317560446e-01  
  1.289585749428e-05  ,2.595472194754e-01  ,2.211703167897e-01  
  1.289663328599e-05  ,2.111426914763e-01  ,1.748313148873e-01  
  1.289791925620e-05  ,1.306439012665e-01  ,9.774394708401e-02  
  1.289847851541e-05  ,9.556129818273e-02  ,6.414073306265e-02  
  1.289867488477e-05  ,8.323539894114e-02  ,5.233372099035e-02  
  1.289888801794e-05  ,6.985368329534e-02  ,3.951484182989e-02  
  1.289931428428e-05  ,4.308145678701e-02  ,1.386719831679e-02  
  1.289981636028e-05  ,1.153835966863e-02  ,-1.635320422350e-02  
  1.290027554888e-05  ,-1.731303045026e-02  ,-4.399654489532e-02  
  1.290065487656e-05  ,-4.114420536210e-02  ,-6.683098155853e-02  
  1.290087445914e-05  ,-5.493697760131e-02  ,-8.004724196453e-02  
  1.290093513481e-05  ,-5.874780148050e-02  ,-8.369882088765e-02  
  1.290104945466e-05  ,-6.592723545531e-02  ,-9.057828988119e-02  
  1.290116540432e-05  ,-7.320815479594e-02  ,-9.755471408922e-02  
  1.290139730364e-05  ,-8.776698268230e-02  ,-1.115054332835e-01  
  1.290183455959e-05  ,-1.152049737961e-01  ,-1.377980503745e-01  
  1.290251377314e-05  ,-1.577809009070e-01  ,-1.785972959565e-01  
  1.290316057667e-05  ,-1.982587418964e-01  ,-2.173859999435e-01  
  1.290376994103e-05  ,-2.363189957103e-01  ,-2.538569968134e-01  
  1.290404528655e-05  ,-2.534892130521e-01  ,-2.703097675503e-01  
  1.290412570625e-05  ,-2.585005679005e-01  ,-2.751116490126e-01  
  1.290426750011e-05  ,-2.673324149314e-01  ,-2.835742381575e-01  
  1.290443800199e-05  ,-2.779453445246e-01  ,-2.937432837405e-01  
  1.290466422025e-05  ,-2.920139921903e-01  ,-3.072232191863e-01  
  1.290511665675e-05  ,-3.201063312805e-01  ,-3.341388657113e-01  
  1.290602152977e-05  ,-3.760913375311e-01  ,-3.877734024148e-01  
  1.290783127579e-05  ,-4.871046385016e-01  ,-4.940951199509e-01  
  1.291145076785e-05  ,-7.040551898629e-01  ,-7.016879824982e-01  
  1.291782995496e-05  ,-1.062617334713e+00  ,-1.043751210285e+00  
  1.292949011359e-05  ,-1.598996269922e+00  ,-1.549566185563e+00  
  1.295069148574e-05  ,-1.999528100933e+00  ,-1.898203559145e+00  
  1.297032525573e-05  ,-1.605937501326e+00  ,-1.504456288162e+00  
  1.299060871634e-05  ,-5.815483551311e-01  ,-5.285353765706e-01  
  1.299373386237e-05  ,-3.911750678941e-01  ,-3.466380230019e-01  
  1.299426145661e-05  ,-3.586133465210e-01  ,-3.155132996976e-01  
  1.299531664509e-05  ,-2.932033216751e-01  ,-2.529761108798e-01  
  1.299660634059e-05  ,-2.128261837629e-01  ,-1.760888588842e-01  
  1.299787405688e-05  ,-1.334776601539e-01  ,-1.001487795902e-01  
  1.299847382862e-05  ,-9.585544036437e-02  ,-6.413237565240e-02  
  1.299867741573e-05  ,-8.307651140923e-02  ,-5.189761436097e-02  
  1.299888845343e-05  ,-6.982633756359e-02  ,-3.921102662805e-02  
  1.299931052882e-05  ,-4.331736457106e-02  ,-1.382771274444e-02  
  1.299981185976e-05  ,-1.182113105945e-02  ,1.633411933609e-02  
  1.300026909258e-05  ,1.690738396478e-02  ,4.384794029395e-02  
  1.300065032947e-05  ,4.085856335667e-02  ,6.678800370514e-02  
  1.300087042428e-05  ,5.468355496910e-02  ,8.002992303679e-02  
  1.300093181008e-05  ,5.853899245151e-02  ,8.372282122448e-02  
  1.300104764333e-05  ,6.581348802307e-02  ,9.069070990999e-02  
  1.300116146259e-05  ,7.296065403055e-02  ,9.753634901050e-02  
  1.300138910111e-05  ,8.725209607507e-02  ,1.112257631809e-01  
  1.300184437815e-05  ,1.158208623790e-01  ,1.385922000128e-01  
  1.300253495384e-05  ,1.591075405215e-01  ,1.800587648772e-01  
  1.300318930108e-05  ,2.000545793306e-01  ,2.192849198132e-01  
  1.300370506752e-05  ,2.322709396743e-01  ,2.501471976312e-01  
  1.300399279963e-05  ,2.502176154465e-01  ,2.673392903979e-01  
  1.300407426707e-05  ,2.552953228663e-01  ,2.722034475276e-01  
  1.300421908773e-05  ,2.643175634100e-01  ,2.808461830598e-01  
  1.300438316349e-05  ,2.745327640407e-01  ,2.906315944312e-01  
  1.300466572675e-05  ,2.921076341323e-01  ,3.074667300909e-01  
  1.300523085329e-05  ,3.271869366461e-01  ,3.410681094222e-01  
  1.300636110637e-05  ,3.970251339871e-01  ,4.079562183655e-01  
  1.300862161252e-05  ,5.351125487433e-01  ,5.401626052311e-01  
  1.301287589404e-05  ,7.871332885411e-01  ,7.811560441391e-01  
  1.302030412290e-05  ,1.190975800414e+00  ,1.165716769680e+00  
  1.303404299352e-05  ,1.753913152320e+00  ,1.692430414246e+00  
  1.305406121347e-05  ,1.983743682745e+00  ,1.878477954376e+00  
  1.307664839360e-05  ,1.339114219273e+00  ,1.249664367851e+00  
  1.309510497186e-05  ,3.063528666321e-01  ,2.646478747710e-01  
  1.309549561511e-05  ,2.820752231548e-01  ,2.414552291961e-01  
  1.309627690162e-05  ,2.333961486806e-01  ,1.949572225846e-01  
  1.309708845611e-05  ,1.826827115085e-01  ,1.465019056223e-01  
  1.309770294275e-05  ,1.442031273308e-01  ,1.097216842450e-01  
  1.309808511097e-05  ,1.202434692085e-01  ,8.681449631268e-02  
  1.309820825509e-05  ,1.125192114315e-01  ,7.942867773800e-02  
  1.309837281979e-05  ,1.021942253184e-01  ,6.955546171743e-02  
  1.309866260081e-05  ,8.400654789734e-02  ,5.216195258444e-02  
  1.309923666805e-05  ,4.795696433622e-02  ,1.768079292822e-02  
  1.309978950113e-05  ,1.322593786848e-02  ,-1.554564428621e-02  
  1.310034261360e-05  ,-2.152663196127e-02  ,-4.879817675743e-02  
  1.310075085885e-05  ,-4.717347809214e-02  ,-7.334115458621e-02  
  1.310099602952e-05  ,-6.257216829523e-02  ,-8.807819353128e-02  
  1.310106133852e-05  ,-6.667351015015e-02  ,-9.200343903312e-02  
  1.310116143241e-05  ,-7.295875935085e-02  ,-9.801892629336e-02  
  1.310130352895e-05  ,-8.188024923995e-02  ,-1.065574263750e-01  
  1.310150839664e-05  ,-9.473988870369e-02  ,-1.188658618499e-01  
  1.310186737492e-05  ,-1.172633371591e-01  ,-1.404249343532e-01  
  1.310250235065e-05  ,-1.570654317063e-01  ,-1.785256806899e-01  
  1.310309662759e-05  ,-1.942600960263e-01  ,-2.141329087898e-01  
  1.310366669014e-05  ,-2.298757659128e-01  ,-2.482298302808e-01  
  1.310393975392e-05  ,-2.469104961020e-01  ,-2.645384152985e-01  
  1.310402616901e-05  ,-2.522976642134e-01  ,-2.696959541643e-01  
  1.310417974410e-05  ,-2.618670123039e-01  ,-2.788574116015e-01  
  1.310434102589e-05  ,-2.719100025450e-01  ,-2.884723166364e-01  
  1.310466358946e-05  ,-2.919747834854e-01  ,-3.076817471561e-01  
  1.310528198765e-05  ,-3.303560953912e-01  ,-3.444261772830e-01  
  1.310651878403e-05  ,-4.067302335450e-01  ,-4.175374522930e-01  
  1.310899237679e-05  ,-5.575222341849e-01  ,-5.618380511935e-01  
  1.311344037341e-05  ,-8.196127489530e-01  ,-8.123269997652e-01  
  1.312135289000e-05  ,-1.243258314121e+00  ,-1.215341593613e+00  
  1.313595155762e-05  ,-1.808356054969e+00  ,-1.741854374521e+00  
  1.315585652874e-05  ,-1.966243701038e+00  ,-1.858853966382e+00  
  1.317792216824e-05  ,-1.278612216195e+00  ,-1.192282890557e+00  
  1.318104731427e-05  ,-1.121706733734e+00  ,-1.043489569459e+00  
  1.318729760633e-05  ,-7.771000767591e-01  ,-7.156982431117e-01  
  1.319342123853e-05  ,-4.104192528385e-01  ,-3.654681927247e-01  
  1.319495214657e-05  ,-3.158382770779e-01  ,-2.749862707607e-01  
  1.319533487359e-05  ,-2.920703179880e-01  ,-2.522428012429e-01  
  1.319610032761e-05  ,-2.444111697717e-01  ,-2.066292860450e-01  
  1.319691123018e-05  ,-1.937687065592e-01  ,-1.581477807927e-01  
  1.319775482216e-05  ,-1.409517413098e-01  ,-1.075726297257e-01  
  1.319818113507e-05  ,-1.142204726725e-01  ,-8.197180730482e-02  
  1.319832239342e-05  ,-1.053583389915e-01  ,-7.348390662352e-02  
  1.319846628276e-05  ,-9.632901285696e-02  ,-6.483560794136e-02  
  1.319868970705e-05  ,-8.230488562656e-02  ,-5.140276992935e-02  
  1.319913655562e-05  ,-5.424515747933e-02  ,-2.452432401210e-02  
  1.319967197297e-05  ,-2.061018149724e-02  ,7.697495375515e-03  
  1.320019770456e-05  ,1.242206406367e-02  ,3.934437771523e-02  
  1.320075770883e-05  ,4.760375360829e-02  ,7.305284974458e-02  
  1.320104404395e-05  ,6.558745465092e-02  ,9.028418842087e-02  
  1.320112303175e-05  ,7.054752784311e-02  ,9.503681754741e-02  
  1.320122724674e-05  ,7.709108445284e-02  ,1.013067451764e-01  
  1.320138196271e-05  ,8.680400192612e-02  ,1.106133051943e-01  
  1.320159782000e-05  ,1.003518353831e-01  ,1.235948902866e-01  
  1.320192243248e-05  ,1.207165770495e-01  ,1.431086993043e-01  
  1.320257165745e-05  ,1.614062808169e-01  ,1.820987642046e-01  
  1.320317543387e-05  ,1.991876279166e-01  ,2.183019501159e-01  
  1.320369352862e-05  ,2.315508198006e-01  ,2.493126898520e-01  
  1.320397474147e-05  ,2.490918624204e-01  ,2.661202594609e-01  
  1.320405457910e-05  ,2.540683617298e-01  ,2.708885947148e-01  
  1.320420214716e-05  ,2.632624549233e-01  ,2.796980166771e-01  
  1.320436172928e-05  ,2.731986993339e-01  ,2.892184028135e-01  
  1.320466622520e-05  ,2.921386164112e-01  ,3.073652010989e-01  
  1.320522222478e-05  ,3.266520827696e-01  ,3.404316523788e-01  
  1.320633422393e-05  ,3.953695344481e-01  ,4.062594102313e-01  
  1.320855822224e-05  ,5.312737698002e-01  ,5.363986380886e-01  
  1.321279164213e-05  ,7.822640559047e-01  ,7.764445621642e-01  
  1.322012599367e-05  ,1.181965793827e+00  ,1.157139291493e+00  
  1.323374565500e-05  ,1.744858602261e+00  ,1.684154487880e+00  
  1.325392480749e-05  ,1.984816000822e+00  ,1.879772780063e+00  
  1.327651496786e-05  ,1.345329285852e+00  ,1.255558450760e+00  
  1.329496558565e-05  ,3.150044423044e-01  ,2.729328580671e-01  
  1.329535622891e-05  ,2.907428428821e-01  ,2.497573031084e-01  
  1.329613751541e-05  ,2.420919379969e-01  ,2.032881155284e-01  
  1.329694767292e-05  ,1.914895867031e-01  ,1.549406894289e-01  
  1.329776602607e-05  ,1.402495209742e-01  ,1.059631756610e-01  
  1.329817049946e-05  ,1.148876307377e-01  ,8.171326531342e-02  
  1.329830535497e-05  ,1.064273949638e-01  ,7.362299373582e-02  
  1.329844931416e-05  ,9.739393058575e-02  ,6.498408934428e-02  
  1.329866419356e-05  ,8.390656081130e-02  ,5.208494504134e-02  
  1.329909395236e-05  ,5.692096497414e-02  ,2.627322809056e-02  
  1.329962126720e-05  ,2.379592197185e-02  ,-5.416124900193e-03  
  1.330016525272e-05  ,-1.038308792383e-02  ,-3.811913914588e-02  
  1.330076651457e-05  ,-4.815687650172e-02  ,-7.426727365158e-02  
  1.330098844874e-05  ,-6.209608527190e-02  ,-8.760788473972e-02  
  1.330105498010e-05  ,-6.627421965659e-02  ,-9.160671773613e-02  
  1.330116769341e-05  ,-7.335188647367e-02  ,-9.838077667810e-02  
  1.330131342211e-05  ,-8.250132971742e-02  ,-1.071379646976e-01  
  1.330155286515e-05  ,-9.753069773998e-02  ,-1.215235107209e-01  
  1.330196893351e-05  ,-1.236328660424e-01  ,-1.465089124400e-01  
  1.330252064900e-05  ,-1.582115738482e-01  ,-1.796104954834e-01  
  1.330308838324e-05  ,-1.937445312239e-01  ,-2.136276115997e-01  
  1.330362640829e-05  ,-2.273613732801e-01  ,-2.458114997467e-01  
  1.330389253372e-05  ,-2.439659896599e-01  ,-2.617085711084e-01  
  1.330398310484e-05  ,-2.496132483258e-01  ,-2.671152057059e-01  
  1.330414063805e-05  ,-2.594308626376e-01  ,-2.765145077972e-01  
  1.330429526088e-05  ,-2.690609213971e-01  ,-2.857342398064e-01  
  1.330460450654e-05  ,-2.883017652071e-01  ,-3.041551887898e-01  
  1.330517065754e-05  ,-3.234550975208e-01  ,-3.378099913176e-01  
  1.330630295952e-05  ,-3.934437096824e-01  ,-4.048104954392e-01  
  1.330856756350e-05  ,-5.318395890070e-01  ,-5.372602071212e-01  
  1.331266389271e-05  ,-7.748704957434e-01  ,-7.696012438559e-01  
  1.331999004861e-05  ,-1.175064597704e+00  ,-1.150710012171e+00  
  1.333340109368e-05  ,-1.734175635690e+00  ,-1.674418606549e+00  
  1.335371435662e-05  ,-1.986398898293e+00  ,-1.881636173656e+00  
  1.337631345769e-05  ,-1.354670930731e+00  ,-1.264418758290e+00  
  1.339474619409e-05  ,-3.286095781507e-01  ,-2.859656041308e-01  
  1.339513683734e-05  ,-3.043741740781e-01  ,-2.628176593327e-01  
  1.339591812385e-05  ,-2.557694971956e-01  ,-2.163953299032e-01  
  1.339689899278e-05  ,-1.945339730907e-01  ,-1.578883164551e-01  
  1.339780498338e-05  ,-1.378076819889e-01  ,-1.036634372841e-01  
  1.339827856091e-05  ,-1.081084920340e-01  ,-7.526375673463e-02  
  1.339838151862e-05  ,-1.016483717416e-01  ,-6.908553580062e-02  
  1.339850761970e-05  ,-9.373467025283e-02  ,-6.151683936417e-02  
  1.339875982185e-05  ,-7.790297824951e-02  ,-4.637431346217e-02  
  1.339925537860e-05  ,-4.678167561511e-02  ,-1.660383643491e-02  
  1.339976127302e-05  ,-1.499951797755e-02  ,1.380384484873e-02  
  1.340027024081e-05  ,1.697952664399e-02  ,4.440441369959e-02  
  1.340067806696e-05  ,4.260098161716e-02  ,6.892438562369e-02  
  1.340091108387e-05  ,5.723727181442e-02  ,8.293249027416e-02  
  1.340097030434e-05  ,6.095657866187e-02  ,8.649227563109e-02  
  1.340108525283e-05  ,6.817523673635e-02  ,9.340144871033e-02  
  1.340120225023e-05  ,7.552165088089e-02  ,1.004330629557e-01  
  1.340143624503e-05  ,9.021131906800e-02  ,1.144937357635e-01  
  1.340181054357e-05  ,1.136984759066e-01  ,1.369763857161e-01  
  1.340243518162e-05  ,1.528577647329e-01  ,1.744636756547e-01  
  1.340305404547e-05  ,1.915970603112e-01  ,2.115514461786e-01  
  1.340362131405e-05  ,2.270433647204e-01  ,2.454878778255e-01  
  1.340391682271e-05  ,2.454806436908e-01  ,2.631400705449e-01  
  1.340400820873e-05  ,2.511781616982e-01  ,2.685949892989e-01  
  1.340417631246e-05  ,2.616532504232e-01  ,2.786240513629e-01  
  1.340433035321e-05  ,2.712456295455e-01  ,2.878079751464e-01  
  1.340463843472e-05  ,2.904111063099e-01  ,3.061572772495e-01  
  1.340525459773e-05  ,3.286586535280e-01  ,3.427752720939e-01  
  1.340648692377e-05  ,4.047700230861e-01  ,4.156378196808e-01  
  1.340895157583e-05  ,5.550597966576e-01  ,5.594659829562e-01  
  1.341328930385e-05  ,8.109452272539e-01  ,8.040412196216e-01  
  1.342118542917e-05  ,1.234999239901e+00  ,1.207516416128e+00  
  1.343549203403e-05  ,1.795834898377e+00  ,1.730538058449e+00  
  1.345547747142e-05  ,1.970461526582e+00  ,1.863465819720e+00  
  1.347759675510e-05  ,1.294267365610e+00  ,1.207133659878e+00  
  1.348067868776e-05  ,1.140806833645e+00  ,1.061630936465e+00  
  1.348684255309e-05  ,8.033650813699e-01  ,7.407419060942e-01  
  1.349286187715e-05  ,4.447518563710e-01  ,3.983122516441e-01  
  1.349436670817e-05  ,3.521054253198e-01  ,3.097004385289e-01  
  1.349672034658e-05  ,2.057022989450e-01  ,1.695767864828e-01  
  1.349830322243e-05  ,1.065611964708e-01  ,7.463464538185e-02  
  1.349912865363e-05  ,5.474146998963e-02  ,2.499747750331e-02  
  1.349946816727e-05  ,3.341448115373e-02  ,4.566861408069e-03  
  1.349990169793e-05  ,6.176491403031e-03  ,-2.152782158666e-02  
  1.350038375049e-05  ,-2.411117061260e-02  ,-5.054588566129e-02  
  1.350074161119e-05  ,-4.659259010636e-02  ,-7.208598731540e-02  
  1.350098440699e-05  ,-6.184225632855e-02  ,-8.669755282561e-02  
  1.350104852855e-05  ,-6.586907802109e-02  ,-9.055592504829e-02  
  1.350114798216e-05  ,-7.211421099168e-02  ,-9.653984983008e-02  
  1.350129738958e-05  ,-8.149482303946e-02  ,-1.055279516341e-01  
  1.350149268793e-05  ,-9.375397778646e-02  ,-1.172746090186e-01  
  1.350186717273e-05  ,-1.172506550312e-01  ,-1.397893258564e-01  
  1.350248137997e-05  ,-1.557518402503e-01  ,-1.766821182169e-01  
  1.350307258354e-05  ,-1.927564518524e-01  ,-2.121409505416e-01  
  1.350363361226e-05  ,-2.278110717082e-01  ,-2.457305741068e-01  
  1.350391212428e-05  ,-2.451876621442e-01  ,-2.623805816264e-01  
  1.350400221809e-05  ,-2.508047345100e-01  ,-2.677627050396e-01  
  1.350416235901e-05  ,-2.607840395447e-01  ,-2.773244994262e-01  
  1.350431949641e-05  ,-2.705697636547e-01  ,-2.867006754382e-01  
  1.350463377121e-05  ,-2.901211920885e-01  ,-3.054334005149e-01  
  1.350522506792e-05  ,-3.268283225696e-01  ,-3.406015728445e-01  
  1.350640766132e-05  ,-3.998916272700e-01  ,-4.105921169444e-01  
  1.350877284813e-05  ,-5.442624513866e-01  ,-5.488352097122e-01  
  1.351301148343e-05  ,-7.949579129095e-01  ,-7.885718604316e-01  
  1.352066024948e-05  ,-1.208877041090e+00  ,-1.182661536974e+00  
  1.353456899333e-05  ,-1.769555572573e+00  ,-1.706666717659e+00  
  1.355478986907e-05  ,-1.977399014654e+00  ,-1.871254227643e+00  
  1.357705518413e-05  ,-1.320020868367e+00  ,-1.231571941420e+00  
  1.358004770983e-05  ,-1.173143997349e+00  ,-1.092332417427e+00  
  1.358603276122e-05  ,-8.496955928529e-01  ,-7.848987192740e-01  
  1.359302811134e-05  ,-4.345625630731e-01  ,-3.885549836745e-01  
  1.359477694887e-05  ,-3.267033066538e-01  ,-2.853795150197e-01  
  1.359521415826e-05  ,-2.995716544004e-01  ,-2.594189614987e-01  
  1.359608857702e-05  ,-2.451439306642e-01  ,-2.073290201799e-01  
  1.359696867685e-05  ,-1.901758920434e-01  ,-1.547064135278e-01  
  1.359785706546e-05  ,-1.345428633479e-01  ,-1.014338659123e-01  
  1.359828668456e-05  ,-1.075988109369e-01  ,-7.562875378327e-02  
  1.359839156312e-05  ,-1.010180677707e-01  ,-6.932581415692e-02  
  1.359851638363e-05  ,-9.318461773976e-02  ,-6.182286686410e-02  
  1.359876602465e-05  ,-7.751353946032e-02  ,-4.681239059993e-02  
  1.359926530668e-05  ,-4.615804405090e-02  ,-1.677647729183e-02  
  1.359977175990e-05  ,-1.434062570006e-02  ,1.370459255792e-02  
  1.360028063455e-05  ,1.763256052581e-02  ,4.433709725606e-02  
  1.360068007880e-05  ,4.272736067779e-02  ,6.838097627454e-02  
  1.360091065099e-05  ,5.721008437656e-02  ,8.225762290924e-02  
  1.360096990639e-05  ,6.093158607751e-02  ,8.582342892098e-02  
  1.360108284089e-05  ,6.802377800262e-02  ,9.261895334883e-02  
  1.360120388955e-05  ,7.562457845698e-02  ,9.990162532869e-02  
  1.360144598685e-05  ,9.082278848268e-02  ,1.144644236864e-01  
  1.360186089106e-05  ,1.168566421480e-01  ,1.394102814327e-01  
  1.360246839277e-05  ,1.549382956298e-01  ,1.759011060572e-01  
  1.360307514943e-05  ,1.929169201384e-01  ,2.122933095309e-01  
  1.360363943778e-05  ,2.281747135841e-01  ,2.460776450618e-01  
  1.360391911395e-05  ,2.456235173681e-01  ,2.627968566512e-01  
  1.360400843942e-05  ,2.511925415206e-01  ,2.681329443347e-01  
  1.360416769558e-05  ,2.611164798782e-01  ,2.776416935369e-01  
  1.360432648608e-05  ,2.710048935487e-01  ,2.871162656026e-01  
  1.360464406708e-05  ,2.907612426318e-01  ,3.060453321367e-01  
  1.360523415306e-05  ,3.273914722986e-01  ,3.411398181541e-01  
  1.360641432503e-05  ,4.003018568240e-01  ,4.109838398076e-01  
  1.360877466896e-05  ,5.443725388746e-01  ,5.489371156453e-01  
  1.361301777461e-05  ,7.953206165675e-01  ,7.889158358149e-01  
  1.362067399123e-05  ,1.209564773588e+00  ,1.183311950188e+00  
  1.363463935950e-05  ,1.771611601717e+00  ,1.708538729343e+00  
  1.365484831432e-05  ,1.976845175453e+00  ,1.870633754306e+00  
  1.367710766891e-05  ,1.317541644903e+00  ,1.229220651984e+00  
  1.369567749599e-05  ,2.707569983689e-01  ,2.305448721367e-01  
  1.369880264202e-05  ,7.521448016700e-02  ,4.365319730464e-02  
  1.369958392853e-05  ,2.614179731744e-02  ,-3.270858693375e-03  
  1.370042668232e-05  ,-2.680843818446e-02  ,-5.392792396726e-02  
  1.370077113198e-05  ,-4.844691194224e-02  ,-7.463364013199e-02  
  1.370107120411e-05  ,-6.729303589780e-02  ,-9.266850491332e-02  
  1.370114906268e-05  ,-7.218205790477e-02  ,-9.734721601372e-02  
  1.370124772466e-05  ,-7.837677792774e-02  ,-1.032755401713e-01  
  1.370142975166e-05  ,-8.980374214020e-02  ,-1.142111460751e-01  
  1.370160975303e-05  ,-1.011006586684e-01  ,-1.250228514468e-01  
  1.370196975577e-05  ,-1.236844316098e-01  ,-1.466376210216e-01  
  1.370250740829e-05  ,-1.573822291848e-01  ,-1.788917763057e-01  
  1.370305176634e-05  ,-1.914545163183e-01  ,-2.115065208730e-01  
  1.370357200313e-05  ,-2.239648257499e-01  ,-2.426274266327e-01  
  1.370384590510e-05  ,-2.410578452185e-01  ,-2.589902862497e-01  
  1.370401768755e-05  ,-2.517690065290e-01  ,-2.692439666037e-01  
  1.370416015662e-05  ,-2.606468399935e-01  ,-2.777426429827e-01  
  1.370433068178e-05  ,-2.712660834851e-01  ,-2.879083639516e-01  
  1.370467173211e-05  ,-2.924809102495e-01  ,-3.082171167174e-01  
  1.370535383276e-05  ,-3.348074039679e-01  ,-3.487352173775e-01  
  1.370671803407e-05  ,-4.189798191418e-01  ,-4.293046041466e-01  
  1.370918194107e-05  ,-5.689508217593e-01  ,-5.728039823029e-01  
  1.371393168620e-05  ,-8.476728517770e-01  ,-8.391308908059e-01  
  1.372213179521e-05  ,-1.281217605394e+00  ,-1.251264753239e+00  
  1.373756045751e-05  ,-1.849209414524e+00  ,-1.779022157335e+00  
  1.375784391813e-05  ,-1.939581904205e+00  ,-1.831275772831e+00  
  1.378000790529e-05  ,-1.175168626554e+00  ,-1.094079061303e+00  
  1.378313305132e-05  ,-1.010878275046e+00  ,-9.380378648426e-01  
  1.378938334338e-05  ,-6.547650409230e-01  ,-5.988364607926e-01  
  1.379094591640e-05  ,-5.612446492438e-01  ,-5.095762105582e-01  
  1.379407106243e-05  ,-3.703758020700e-01  ,-3.271538079403e-01  
  1.379485234893e-05  ,-3.220285037207e-01  ,-2.809035370463e-01  
  1.379641492195e-05  ,-2.247811610419e-01  ,-1.878327410136e-01  
  1.379777279026e-05  ,-1.398255571196e-01  ,-1.064880400834e-01  
  1.379843207351e-05  ,-9.847589264327e-02  ,-6.688601680067e-02  
  1.379865598674e-05  ,-8.442175338962e-02  ,-5.342466704642e-02  
  1.379887247268e-05  ,-7.082981672688e-02  ,-4.040546693458e-02  
  1.379930544454e-05  ,-4.363674357508e-02  ,-1.435669026769e-02  
  1.379981608871e-05  ,-1.155542286007e-02  ,1.637712793065e-02  
  1.380028016675e-05  ,1.760316871647e-02  ,4.431290706062e-02  
  1.380066172961e-05  ,4.157470273684e-02  ,6.728035366577e-02  
  1.380088249962e-05  ,5.544198349524e-02  ,8.056718332828e-02  
  1.380094245351e-05  ,5.920744931446e-02  ,8.417507908715e-02  
  1.380105587696e-05  ,6.633054028755e-02  ,9.100014554604e-02  
  1.380117331674e-05  ,7.370497158958e-02  ,9.806575148075e-02  
  1.380140819629e-05  ,8.845072395484e-02  ,1.121948881235e-01  
  1.380181909581e-05  ,1.142349559924e-01  ,1.369013678224e-01  
  1.380245835563e-05  ,1.543095309250e-01  ,1.753016171302e-01  
  1.380308578765e-05  ,1.935822114957e-01  ,2.129336174229e-01  
  1.380366637414e-05  ,2.298560427613e-01  ,2.476913133271e-01  
  1.380394684193e-05  ,2.473524363126e-01  ,2.644560082167e-01  
  1.380403345493e-05  ,2.527517885103e-01  ,2.696294841892e-01  
  1.380418940490e-05  ,2.624687802877e-01  ,2.789398802892e-01  
  1.380435164129e-05  ,2.725707797769e-01  ,2.886190335358e-01  
  1.380467611407e-05  ,2.927532744907e-01  ,3.079562584812e-01  
  1.380532319700e-05  ,3.329095108178e-01  ,3.464283945033e-01  
  1.380661736285e-05  ,4.127927292912e-01  ,4.229492586422e-01  
  1.380920569455e-05  ,5.703814740054e-01  ,5.738318991436e-01  
  1.381374682342e-05  ,8.371382143896e-01  ,8.288496480533e-01  
  1.382201547777e-05  ,1.275597150508e+00  ,1.245839670231e+00  
  1.383704478895e-05  ,1.836625076687e+00  ,1.767214308219e+00  
  1.385636265432e-05  ,1.960177374991e+00  ,1.852197803223e+00  
  1.387845511591e-05  ,1.252685000157e+00  ,1.167677761190e+00  
  1.388158026194e-05  ,1.093827167989e+00  ,1.017011169147e+00  
  1.388783055400e-05  ,7.461375909070e-01  ,6.861735174207e-01  
  1.388939312702e-05  ,6.541841622541e-01  ,5.984588286288e-01  
  1.389251827305e-05  ,4.657742442749e-01  ,4.184759979384e-01  
  1.389586321121e-05  ,2.591910479475e-01  ,2.208293292653e-01  
  1.389663686087e-05  ,2.109193289196e-01  ,1.746174075313e-01  
  1.389792096844e-05  ,1.305365478527e-01  ,9.764108682554e-02  
  1.389847948258e-05  ,9.550059792869e-02  ,6.408255183362e-02  
  1.389867315111e-05  ,8.334423332193e-02  ,5.243793943837e-02  
  1.389888677323e-05  ,6.993184312493e-02  ,3.958968044199e-02  
  1.389931401746e-05  ,4.309821793593e-02  ,1.388322216464e-02  
  1.389981693165e-05  ,1.150246025368e-02  ,-1.638763197620e-02  
  1.390027667904e-05  ,-1.738403782323e-02  ,-4.406461212873e-02  
  1.390065605329e-05  ,-4.121812556762e-02  ,-6.690184142584e-02  
  1.390087572900e-05  ,-5.501673500431e-02  ,-8.012369584089e-02  
  1.390093625333e-05  ,-5.881804970403e-02  ,-8.376616312625e-02  
  1.390105037527e-05  ,-6.598504777430e-02  ,-9.063371601021e-02  
  1.390116656940e-05  ,-7.328131011016e-02  ,-9.762484315651e-02  
  1.390139895767e-05  ,-8.787080814872e-02  ,-1.116049521898e-01  
  1.390183183640e-05  ,-1.150341545766e-01  ,-1.376343875977e-01  
  1.390250853538e-05  ,-1.574528264248e-01  ,-1.782829363053e-01  
  1.390315394193e-05  ,-1.978439177437e-01  ,-2.169885135357e-01  
  1.390376069858e-05  ,-2.357423339553e-01  ,-2.533044452899e-01  
  1.390404484510e-05  ,-2.534616997894e-01  ,-2.702834253241e-01  
  1.390413031723e-05  ,-2.587878513452e-01  ,-2.753869440880e-01  
  1.390426796671e-05  ,-2.673614687043e-01  ,-2.836020979027e-01  
  1.390444286909e-05  ,-2.782481821719e-01  ,-2.940334732011e-01  
  1.390467099655e-05  ,-2.924351905340e-01  ,-3.076268070074e-01  
  1.390512725148e-05  ,-3.207634180167e-01  ,-3.347684494352e-01  
  1.390603976134e-05  ,-3.772163633437e-01  ,-3.888510111639e-01  
  1.390786478106e-05  ,-4.891461736955e-01  ,-4.960498185262e-01  
  1.391151482049e-05  ,-7.078206953089e-01  ,-7.052879852012e-01  
  1.391797596398e-05  ,-1.070378157348e+00  ,-1.051133557210e+00  
  1.392968827668e-05  ,-1.606444132832e+00  ,-1.556487357516e+00  
  1.395115488950e-05  ,-1.998683766416e+00  ,-1.898183810481e+00  
  1.397435003701e-05  ,-1.442793837226e+00  ,-1.347977349023e+00  
  1.399536067430e-05  ,-2.904664951132e-01  ,-2.491933554162e-01  
  1.399848582033e-05  ,-9.510283812457e-02  ,-6.242142486483e-02  
  1.399926710683e-05  ,-4.604496712915e-02  ,-1.551838488379e-02  
  1.400005928982e-05  ,3.725286903053e-03  ,3.207144312607e-02  
  1.400079894621e-05  ,5.019399991154e-02  ,7.651583003846e-02  
  1.400118302364e-05  ,7.431445610715e-02  ,9.958937074685e-02  
  1.400127905463e-05  ,8.034374763020e-02  ,1.053573316239e-01  
  1.400138089476e-05  ,8.673696398170e-02  ,1.114735964612e-01  
  1.400155037218e-05  ,9.737424623451e-02  ,1.216504116186e-01  
  1.400170497173e-05  ,1.070753158672e-01  ,1.309318866115e-01  
  1.400201417083e-05  ,1.264696488506e-01  ,1.494882856611e-01  
  1.400253058919e-05  ,1.588341695826e-01  ,1.804569183644e-01  
  1.400304738009e-05  ,1.911801839385e-01  ,2.114103162506e-01  
  1.400355187753e-05  ,2.227082058831e-01  ,2.415826633754e-01  
  1.400382070379e-05  ,2.394858684638e-01  ,2.576394262048e-01  
  1.400401174133e-05  ,2.513983625331e-01  ,2.690402207921e-01  
  1.400409311564e-05  ,2.564698807440e-01  ,2.738939221474e-01  
  1.400422403631e-05  ,2.646257615318e-01  ,2.816995465010e-01  
  1.400446869475e-05  ,2.798549844169e-01  ,2.962748193449e-01  
  1.400475922083e-05  ,2.979177784766e-01  ,3.135620462634e-01  
  1.400534027299e-05  ,3.339674105377e-01  ,3.480636134296e-01  
  1.400650237729e-05  ,4.057208558862e-01  ,4.167320759379e-01  
  1.400882658591e-05  ,5.475106919318e-01  ,5.523894030593e-01  
  1.401331556072e-05  ,8.124530158236e-01  ,8.055910729692e-01  
  1.402108651628e-05  ,1.230104839780e+00  ,1.202935018033e+00  
  1.403547060718e-05  ,1.795241904010e+00  ,1.730024638176e+00  
  1.405549776783e-05  ,1.970242760775e+00  ,1.863239944480e+00  
  1.407764387359e-05  ,1.292008900326e+00  ,1.204988864065e+00  
  1.408072617879e-05  ,1.138354654424e+00  ,1.059300275092e+00  
  1.408689078917e-05  ,8.005886514364e-01  ,7.380941630211e-01  
  1.409291011324e-05  ,4.417964716172e-01  ,3.954852170832e-01  
  1.409441494425e-05  ,3.491215979485e-01  ,3.068445747261e-01  
  1.409677230795e-05  ,2.024545111036e-01  ,1.664660937041e-01  
  1.409833674362e-05  ,1.044579311876e-01  ,7.261916615024e-02  
  1.409915956711e-05  ,5.279982073495e-02  ,2.313657327612e-02  
  1.409950485495e-05  ,3.110962608557e-02  ,2.357927081024e-03  
  1.409994495144e-05  ,3.458801470886e-03  ,-2.413238460640e-02  
  1.410043519964e-05  ,-2.734354797959e-02  ,-5.364369782885e-02  
  1.410073527177e-05  ,-4.619437980362e-02  ,-7.170524456966e-02  
  1.410101392349e-05  ,-6.369591902686e-02  ,-8.847445323170e-02  
  1.410108411029e-05  ,-6.810349009648e-02  ,-9.269765341175e-02  
  1.410117684673e-05  ,-7.392661640938e-02  ,-9.827722937384e-02  
  1.410134120188e-05  ,-8.424526677143e-02  ,-1.081641561567e-01  
  1.410151298433e-05  ,-9.502781750823e-02  ,-1.184959475330e-01  
  1.410185654923e-05  ,-1.165843021569e-01  ,-1.391515377983e-01  
  1.410254367903e-05  ,-1.596540167698e-01  ,-1.804219890914e-01  
  1.410319327652e-05  ,-2.003031095092e-01  ,-2.193729893129e-01  
  1.410370522454e-05  ,-2.322807388327e-01  ,-2.500141421070e-01  
  1.410399146653e-05  ,-2.501345124967e-01  ,-2.671212848336e-01  
  1.410407244503e-05  ,-2.551817768435e-01  ,-2.719574002493e-01  
  1.410421682331e-05  ,-2.641765331603e-01  ,-2.805757812779e-01  
  1.410438034027e-05  ,-2.743570544878e-01  ,-2.903301696638e-01  
  1.410466197222e-05  ,-2.918742574690e-01  ,-3.071137579196e-01  
  1.410522179022e-05  ,-3.266251454692e-01  ,-3.404075756404e-01  
  1.410634142622e-05  ,-3.958131270990e-01  ,-4.066858347087e-01  
  1.410858069822e-05  ,-5.326351085708e-01  ,-5.377030018284e-01  
  1.411281039282e-05  ,-7.833482036455e-01  ,-7.774809314814e-01  
  1.412017901703e-05  ,-1.184651665930e+00  ,-1.159687639392e+00  
  1.413382103011e-05  ,-1.747168361493e+00  ,-1.686263432325e+00  
  1.415393163725e-05  ,-1.984763177175e+00  ,-1.879694236519e+00  
  1.417653371855e-05  ,-1.344457290318e+00  ,-1.254730997359e+00  
  1.419498135611e-05  ,-3.140258842280e-01  ,-2.719965202629e-01  
  1.419537199936e-05  ,-2.897624462005e-01  ,-2.488189739872e-01  
  1.419615328587e-05  ,-2.411083073333e-01  ,-2.023464240507e-01  
  1.419696195326e-05  ,-1.905964292298e-01  ,-1.540852118551e-01  
  1.419777155198e-05  ,-1.399031704714e-01  ,-1.056302612690e-01  
  1.419816736407e-05  ,-1.150843072778e-01  ,-8.189963377223e-02  
  1.419830042678e-05  ,-1.067366020547e-01  ,-7.391700994944e-02  
  1.419844578296e-05  ,-9.761553876406e-02  ,-6.519437407084e-02  
  1.419866701863e-05  ,-8.372921213232e-02  ,-5.191371402036e-02  
  1.419910948999e-05  ,-5.594509579591e-02  ,-2.533819902283e-02  
  1.419964229963e-05  ,-2.247450384744e-02  ,6.681836021247e-03  
  1.420018097661e-05  ,1.137103454733e-02  ,3.906587295214e-02  
  1.420079918854e-05  ,5.020922116527e-02  ,7.623273552908e-02  
  1.420100917849e-05  ,6.339793270474e-02  ,8.885512432284e-02  
  1.420107437107e-05  ,6.749190901480e-02  ,9.277341884857e-02  
  1.420118683992e-05  ,7.455407396167e-02  ,9.953265296074e-02  
  1.420133524617e-05  ,8.387138883551e-02  ,1.084505323691e-01  
  1.420156840277e-05  ,9.850578249101e-02  ,1.224580423510e-01  
  1.420198163060e-05  ,1.244291123500e-01  ,1.472722635496e-01  
  1.420252691997e-05  ,1.586043525212e-01  ,1.799875912474e-01  
  1.420308943880e-05  ,1.938105420434e-01  ,2.136918297995e-01  
  1.420362439049e-05  ,2.272354123782e-01  ,2.456918758620e-01  
  1.420389037622e-05  ,2.438314415941e-01  ,2.615807001405e-01  
  1.420398101719e-05  ,2.494831023182e-01  ,2.669915407537e-01  
  1.420413824772e-05  ,2.592819417923e-01  ,2.763728536369e-01  
  1.420429256787e-05  ,2.688932516607e-01  ,2.855746220410e-01  
  1.420460120817e-05  ,2.880966853352e-01  ,3.039597294463e-01  
  1.420516288882e-05  ,3.229733907164e-01  ,3.373496603370e-01  
  1.420628625011e-05  ,3.924142873022e-01  ,4.038258368611e-01  
  1.420853297269e-05  ,5.297441237594e-01  ,5.352559187506e-01  
  1.421261291062e-05  ,7.719163915993e-01  ,7.667803424666e-01  
  1.421988765752e-05  ,1.169852597531e+00  ,1.145765642188e+00  
  1.423322121655e-05  ,1.728517818157e+00  ,1.669238724600e+00  
  1.425365666901e-05  ,1.986817633399e+00  ,1.882160294388e+00  
  1.427624086892e-05  ,1.358022732742e+00  ,1.267598361262e+00  
  1.429466764485e-05  ,3.334768928444e-01  ,2.906204896310e-01  
  1.429505828810e-05  ,3.092511475077e-01  ,2.674830165834e-01  
  1.429583957461e-05  ,2.606635831841e-01  ,2.210784529795e-01  
  1.429681504188e-05  ,1.997830701380e-01  ,1.629122637024e-01  
  1.429781081197e-05  ,1.374423290157e-01  ,1.033205692018e-01  
  1.429833011744e-05  ,1.048736954632e-01  ,7.217614597355e-02  
  1.429843717297e-05  ,9.815587169422e-02  ,6.575124209071e-02  
  1.429853515975e-05  ,9.200614470465e-02  ,5.986944138948e-02  
  1.429873113330e-05  ,7.970413340352e-02  ,4.810278362321e-02  
  1.429912308041e-05  ,5.509151373091e-02  ,2.455883422633e-02  
  1.429961640197e-05  ,2.410159141661e-02  ,-5.089911174471e-03  
  1.430013114396e-05  ,-8.239994784560e-03  ,-3.603649206254e-02  
  1.430070847083e-05  ,-4.451085956813e-02  ,-7.074789433341e-02  
  1.430094665657e-05  ,-5.947141902365e-02  ,-8.506658879862e-02  
  1.430101413089e-05  ,-6.370894408885e-02  ,-8.912243724146e-02  
  1.430113198977e-05  ,-7.111002372754e-02  ,-9.620634099416e-02  
  1.430126847509e-05  ,-7.967954736635e-02  ,-1.044088185371e-01  
  1.430154144574e-05  ,-9.681404231795e-02  ,-1.208100320964e-01  
  1.430197539549e-05  ,-1.240381052803e-01  ,-1.468705435055e-01  
  1.430253651734e-05  ,-1.592054668473e-01  ,-1.805371781024e-01  
  1.430311300601e-05  ,-1.952842912300e-01  ,-2.150783742111e-01  
  1.430366108935e-05  ,-2.295261866923e-01  ,-2.478619980686e-01  
  1.430392265129e-05  ,-2.458440915704e-01  ,-2.634851682285e-01  
  1.430400883356e-05  ,-2.512171096811e-01  ,-2.686294366996e-01  
  1.430415835740e-05  ,-2.605347552495e-01  ,-2.775503948236e-01  
  1.430431928994e-05  ,-2.705569097572e-01  ,-2.871458541751e-01  
  1.430464115502e-05  ,-2.905802152360e-01  ,-3.063165651576e-01  
  1.430515878411e-05  ,-3.227188664789e-01  ,-3.370862193257e-01  
  1.430619404228e-05  ,-3.867316732298e-01  ,-3.983684954989e-01  
  1.430826455863e-05  ,-5.134628858019e-01  ,-5.196632372258e-01  
  1.431231394918e-05  ,-7.545537768144e-01  ,-7.501870054240e-01  
  1.431919307025e-05  ,-1.134179297723e+00  ,-1.111899526072e+00  
  1.433212280782e-05  ,-1.692777842415e+00  ,-1.636417887072e+00  
  1.435541928323e-05  ,-1.971084269843e+00  ,-1.864923228030e+00  
  1.437679052861e-05  ,-1.332467589172e+00  ,-1.243450619045e+00  
  1.437986314805e-05  ,-1.182516081854e+00  ,-1.101279209019e+00  
  1.438600838692e-05  ,-8.510817404553e-01  ,-7.862462200064e-01  
  1.439291433008e-05  ,-4.415380608684e-01  ,-3.952388400108e-01  
  1.439464081587e-05  ,-3.351388907990e-01  ,-2.934629763533e-01  
  1.439507243732e-05  ,-3.083727879458e-01  ,-2.678530379455e-01  
  1.439593568021e-05  ,-2.546754171036e-01  ,-2.164638024921e-01  
  1.439685107717e-05  ,-1.975301030309e-01  ,-1.617581870046e-01  
  1.439784423956e-05  ,-1.353469016215e-01  ,-1.022134863078e-01  
  1.439834910953e-05  ,-1.036820104405e-01  ,-7.188645349456e-02  
  1.439847553657e-05  ,-9.574824973168e-02  ,-6.428738558422e-02  
  1.439859651537e-05  ,-8.815496998205e-02  ,-5.701424968525e-02  
  1.439883847298e-05  ,-7.296469998868e-02  ,-4.246389563278e-02  
  1.439932238819e-05  ,-4.257239027414e-02  ,-1.334991584079e-02  
  1.439985547723e-05  ,-9.080602328195e-03  ,1.873594338173e-02  
  1.440034432845e-05  ,2.163437253146e-02  ,4.816361518337e-02  
  1.440072794022e-05  ,4.573384612574e-02  ,7.125423877398e-02  
  1.440096193501e-05  ,6.043096032766e-02  ,8.533651663814e-02  
  1.440102396110e-05  ,6.432627745941e-02  ,8.906892162714e-02  
  1.440112695373e-05  ,7.079379957805e-02  ,9.526599453872e-02  
  1.440126576736e-05  ,7.950955062808e-02  ,1.036171183607e-01  
  1.440147999484e-05  ,9.295731683090e-02  ,1.165028238251e-01  
  1.440186118517e-05  ,1.168750901538e-01  ,1.394212779471e-01  
  1.440248070094e-05  ,1.557093052416e-01  ,1.766335743421e-01  
  1.440307814438e-05  ,1.931042198903e-01  ,2.124667601297e-01  
  1.440364317778e-05  ,2.284081691408e-01  ,2.462955981524e-01  
  1.440392052564e-05  ,2.457115453175e-01  ,2.628755920816e-01  
  1.440400946695e-05  ,2.512565916560e-01  ,2.681887459735e-01  
  1.440416765209e-05  ,2.611137705373e-01  ,2.776336014374e-01  
  1.440432686168e-05  ,2.710282756635e-01  ,2.871332453160e-01  
  1.440464528087e-05  ,2.908366970126e-01  ,3.061123435776e-01  
  1.440522912699e-05  ,3.270799308465e-01  ,3.408363156501e-01  
  1.440639681924e-05  ,3.992241318735e-01  ,4.099469703644e-01  
  1.440873220373e-05  ,5.418046235873e-01  ,5.464752873964e-01  
  1.441296487856e-05  ,7.922700477687e-01  ,7.859992995918e-01  
  1.442055403996e-05  ,1.203553992679e+00  ,1.177611860964e+00  
  1.443444341231e-05  ,1.765864739058e+00  ,1.703310279135e+00  
  1.445470899153e-05  ,1.978154431118e+00  ,1.872124029169e+00  
  1.447699814845e-05  ,1.322710993802e+00  ,1.234121923935e+00  
  1.447997987080e-05  ,1.176593477701e+00  ,1.095606731662e+00  
  1.448594331551e-05  ,8.547798555790e-01  ,7.897428109752e-01  
  1.449293345023e-05  ,4.403662691762e-01  ,3.941065647899e-01  
  1.449468098390e-05  ,3.326504787876e-01  ,2.910720823537e-01  
  1.449511786732e-05  ,3.055521573865e-01  ,2.651442651772e-01  
  1.449599163416e-05  ,2.511879546059e-01  ,2.131166844770e-01  
  1.449620888844e-05  ,2.376398088056e-01  ,2.001484111128e-01  
  1.449664339698e-05  ,2.105109383636e-01  ,1.741779691823e-01  
  1.449719948969e-05  ,1.757343325737e-01  ,1.408813088965e-01  
  1.449752019062e-05  ,1.556534564496e-01  ,1.216526347205e-01  
  1.449782040245e-05  ,1.368411596997e-01  ,1.036372550525e-01  
  1.449792387239e-05  ,1.303544753672e-01  ,9.742505066976e-02  
  1.449808983408e-05  ,1.199472430018e-01  ,8.745787495557e-02  
  1.449838501677e-05  ,1.014288605231e-01  ,6.972158450324e-02  
  1.449889612659e-05  ,6.934451018084e-02  ,3.898961281193e-02  
  1.449952169597e-05  ,3.005159774604e-02  ,1.348815047878e-03  
  1.450016319096e-05  ,-1.025354532664e-02  ,-3.726555263354e-02  
  1.450077330038e-05  ,-4.858311633827e-02  ,-7.398997156067e-02  
  1.450102224290e-05  ,-6.421837571711e-02  ,-8.897109876661e-02  
  1.450109624812e-05  ,-6.886568544983e-02  ,-9.342403435346e-02  
  1.450120914770e-05  ,-7.595472072364e-02  ,-1.002166167323e-01  
  1.450137268794e-05  ,-8.622179689133e-02  ,-1.100541288469e-01  
  1.450160088526e-05  ,-1.005441884143e-01  ,-1.237778940357e-01  
  1.450199585916e-05  ,-1.253213748108e-01  ,-1.475198083290e-01  
  1.450252764435e-05  ,-1.586497234459e-01  ,-1.794560096558e-01  
  1.450307796286e-05  ,-1.930928682627e-01  ,-2.124604537809e-01  
  1.450360425325e-05  ,-2.259782998374e-01  ,-2.439716607097e-01  
  1.450386665338e-05  ,-2.423519431599e-01  ,-2.596607449296e-01  
  1.450396099636e-05  ,-2.482349328263e-01  ,-2.652976992857e-01  
  1.450412306977e-05  ,-2.583363015368e-01  ,-2.749765131639e-01  
  1.450427392074e-05  ,-2.677322095053e-01  ,-2.839792504607e-01  
  1.450457562269e-05  ,-2.865057753618e-01  ,-3.019668431127e-01  
  1.450517902659e-05  ,-3.239740068256e-01  ,-3.378645180160e-01  
  1.450638583438e-05  ,-3.985477994670e-01  ,-4.093023496565e-01  
  1.450878678398e-05  ,-5.451049686078e-01  ,-5.496393925706e-01  
  1.451293079691e-05  ,-7.903033645682e-01  ,-7.841378178292e-01  
  1.452059148388e-05  ,-1.205432153311e+00  ,-1.179402234441e+00  
  1.453437654810e-05  ,-1.763888379265e+00  ,-1.701507673723e+00  
  1.455428151922e-05  ,-1.981934888038e+00  ,-1.876344621044e+00  
  1.457678823309e-05  ,-1.332575145717e+00  ,-1.243467180560e+00  
  1.457971891896e-05  ,-1.189812407441e+00  ,-1.108149333454e+00  
  1.458558029072e-05  ,-8.753451626586e-01  ,-8.093325722149e-01  
  1.459260171787e-05  ,-4.606738191207e-01  ,-4.135290457123e-01  
  1.459435707466e-05  ,-3.527012461185e-01  ,-3.102622014288e-01  
  1.459479591386e-05  ,-3.255276491959e-01  ,-2.842653189319e-01  
  1.459567359225e-05  ,-2.710000169820e-01  ,-2.320867626177e-01  
  1.459676249461e-05  ,-2.030679249607e-01  ,-1.670585665753e-01  
  1.459794210778e-05  ,-1.292111269802e-01  ,-9.633559838633e-02  
  1.459855063395e-05  ,-9.103489030718e-02  ,-5.977110491021e-02  
  1.459874860985e-05  ,-7.860690990747e-02  ,-4.786683612408e-02  
  1.459897964770e-05  ,-6.409964720276e-02  ,-3.397033248962e-02  
  1.459944172339e-05  ,-3.507575551024e-02  ,-6.166626124161e-03  
  1.459993718700e-05  ,-3.946654554557e-03  ,2.365611970444e-02  
  1.460040974008e-05  ,2.574401725281e-02  ,5.210262948891e-02  
  1.460076946342e-05  ,4.834210407774e-02  ,7.375479722485e-02  
  1.460109859282e-05  ,6.901291960535e-02  ,9.356097497462e-02  
  1.460118734786e-05  ,7.458596679124e-02  ,9.890099528263e-02  
  1.460127626588e-05  ,8.016866628853e-02  ,1.042502971774e-01  
  1.460141342641e-05  ,8.877901944692e-02  ,1.125004992139e-01  
  1.460155875930e-05  ,9.790059609568e-02  ,1.212408440169e-01  
  1.460176947103e-05  ,1.111218919220e-01  ,1.339097168762e-01  
  1.460219089450e-05  ,1.375492962343e-01  ,1.592332067262e-01  
  1.460270312192e-05  ,1.696380939621e-01  ,1.899818547427e-01  
  1.460321013393e-05  ,2.013569379567e-01  ,2.203757840020e-01  
  1.460364641199e-05  ,2.286100494396e-01  ,2.464900938258e-01  
  1.460388245569e-05  ,2.433374850535e-01  ,2.606018379644e-01  
  1.460396369030e-05  ,2.484028885705e-01  ,2.654554182891e-01  
  1.460410327227e-05  ,2.571027588885e-01  ,2.737914051480e-01  
  1.460424576463e-05  ,2.659789269324e-01  ,2.822962089025e-01  
  1.460453074934e-05  ,2.837150951755e-01  ,2.992899761657e-01  
  1.460501969369e-05  ,3.140910266712e-01  ,3.283931687858e-01  
  1.460599758239e-05  ,3.746134158497e-01  ,3.863734648446e-01  
  1.460795335980e-05  ,4.945408178219e-01  ,5.012284633303e-01  
  1.461161308499e-05  ,7.135918594259e-01  ,7.108146077610e-01  
  1.461808167906e-05  ,1.075983187464e+00  ,1.056468915799e+00  
  1.462990128012e-05  ,1.614380326308e+00  ,1.563861618094e+00  
  1.465161525221e-05  ,1.997425533535e+00  ,1.894515314064e+00  
  1.467179440470e-05  ,1.549228484755e+00  ,1.450434900481e+00  
  1.469235800715e-05  ,4.755612210589e-01  ,4.270845539819e-01  
  1.469548315318e-05  ,2.828503811928e-01  ,2.428469390103e-01  
  1.469626443969e-05  ,2.341737872545e-01  ,1.963003556819e-01  
  1.469759101556e-05  ,1.512165100825e-01  ,1.169442770198e-01  
  1.469816452400e-05  ,1.152624578945e-01  ,8.253909781408e-02  
  1.469836848365e-05  ,1.024663164787e-01  ,7.029263207898e-02  
  1.469857316507e-05  ,8.962066322449e-02  ,5.799797732437e-02  
  1.469897763846e-05  ,6.422582619890e-02  ,3.369021473724e-02  
  1.469951091377e-05  ,3.072898518694e-02  ,1.623184847650e-03  
  1.470007864801e-05  ,-4.941595081704e-03  ,-3.252925308943e-02  
  1.470062198160e-05  ,-3.907776953969e-02  ,-6.521616049865e-02  
  1.470089821187e-05  ,-5.642882709253e-02  ,-8.183174418635e-02  
  1.470097038937e-05  ,-6.096191875644e-02  ,-8.617280048540e-02  
  1.470109206667e-05  ,-6.860311226656e-02  ,-9.349039174357e-02  
  1.470122149722e-05  ,-7.673009867412e-02  ,-1.012733359796e-01  
  1.470148035833e-05  ,-9.298013121911e-02  ,-1.168358379231e-01  
  1.470199808055e-05  ,-1.254606743144e-01  ,-1.479435022167e-01  
  1.470259785229e-05  ,-1.630467280615e-01  ,-1.839425661984e-01  
  1.470321308398e-05  ,-2.015413528645e-01  ,-2.208128985850e-01  
  1.470366691747e-05  ,-2.298899551749e-01  ,-2.479654760028e-01  
  1.470392652364e-05  ,-2.460855512760e-01  ,-2.634776746117e-01  
  1.470400667559e-05  ,-2.510825938861e-01  ,-2.682638283907e-01  
  1.470414893511e-05  ,-2.599477689608e-01  ,-2.767548290749e-01  
  1.470430705040e-05  ,-2.697949263870e-01  ,-2.861862966502e-01  
  1.470462328098e-05  ,-2.894690273476e-01  ,-3.050296059507e-01  
  1.470511446051e-05  ,-3.199701153482e-01  ,-3.342417545432e-01  
  1.470609681956e-05  ,-3.807364858795e-01  ,-3.924353067443e-01  
  1.470806153766e-05  ,-5.011238939970e-01  ,-5.076944499782e-01  
  1.471199022881e-05  ,-7.356782420623e-01  ,-7.320410139423e-01  
  1.471859442345e-05  ,-1.102999476004e+00  ,-1.082264297400e+00  
  1.473102348201e-05  ,-1.654990006272e+00  ,-1.601541796029e+00  
  1.475341396682e-05  ,-1.988507831583e+00  ,-1.882797246128e+00  
  1.477598028533e-05  ,-1.369996929484e+00  ,-1.278976738535e+00  
  1.477866659216e-05  ,-1.242299229225e+00  ,-1.157944826469e+00  
  1.478403920583e-05  ,-9.613479459480e-01  ,-8.911560942105e-01  
  1.479478443317e-05  ,-3.262393620060e-01  ,-2.849052431453e-01  
  1.479689816288e-05  ,-1.945858700256e-01  ,-1.588928124501e-01  
  1.479742659531e-05  ,-1.615157050035e-01  ,-1.272334641795e-01  
  1.479793714635e-05  ,-1.295222102946e-01  ,-9.659722883413e-02  
  1.479807155948e-05  ,-1.210933831654e-01  ,-8.852518767155e-02  
  1.479825780071e-05  ,-1.094109640416e-01  ,-7.733685281621e-02  
  1.479851237774e-05  ,-9.343604163598e-02  ,-6.203681851606e-02  
  1.479895382464e-05  ,-6.572130314225e-02  ,-3.549102465031e-02  
  1.479951438769e-05  ,-3.051073754071e-02  ,-1.762304693206e-03  
  1.480009506732e-05  ,5.973246910232e-03  ,3.318951875177e-02  
  1.480065693423e-05  ,4.127346476363e-02  ,6.700976670473e-02  
  1.480093060337e-05  ,5.846320477604e-02  ,8.347956994573e-02  
  1.480100363070e-05  ,6.304952864877e-02  ,8.787387636935e-02  
  1.480113166427e-05  ,7.108958505996e-02  ,9.557738039049e-02  
  1.480126826601e-05  ,7.966642078981e-02  ,1.037952786644e-01  
  1.480154146948e-05  ,9.681553274465e-02  ,1.202269355579e-01  
  1.480203032070e-05  ,1.274823285246e-01  ,1.496113444589e-01  
  1.480261640200e-05  ,1.642083335057e-01  ,1.848021862112e-01  
  1.480326301926e-05  ,2.046626588283e-01  ,2.235654775981e-01  
  1.480366572315e-05  ,2.298154105550e-01  ,2.476663664918e-01  
  1.480391368778e-05  ,2.452851587073e-01  ,2.624888862607e-01  
  1.480399180246e-05  ,2.501554537379e-01  ,2.671553568975e-01  
  1.480412810152e-05  ,2.586498039425e-01  ,2.752941436049e-01  
  1.480428710157e-05  ,2.685529079539e-01  ,2.847825945917e-01  
  1.480460510166e-05  ,2.883387668083e-01  ,3.037395658571e-01  
  1.480505087921e-05  ,3.160260057737e-01  ,3.302657383303e-01  
  1.480594243431e-05  ,3.712091256278e-01  ,3.831296738523e-01  
  1.480772554451e-05  ,4.806587151714e-01  ,4.879511475421e-01  
  1.481129176492e-05  ,6.946954883324e-01  ,6.927595780052e-01  
  1.481746904129e-05  ,1.043338085547e+00  ,1.025458148988e+00  
  1.482886991972e-05  ,1.575287440070e+00  ,1.527508869422e+00  
  1.484954081053e-05  ,1.999791898091e+00  ,1.900615451718e+00  
  1.486847720617e-05  ,1.672400592780e+00  ,1.567960399621e+00  
  1.488900802606e-05  ,6.770013399011e-01  ,6.198512612869e-01  
  1.489213317209e-05  ,4.892708743394e-01  ,4.406493544657e-01  
  1.489291445860e-05  ,4.415301848066e-01  ,3.950546886565e-01  
  1.489447703162e-05  ,3.452797674814e-01  ,3.030343640217e-01  
  1.489486767487e-05  ,3.210780739687e-01  ,2.798830751089e-01  
  1.489564896138e-05  ,2.725332661647e-01  ,2.334393482324e-01  
  1.489662703635e-05  ,2.115331694932e-01  ,1.750602764507e-01  
  1.489779193462e-05  ,1.386255995967e-01  ,1.052608178584e-01  
  1.489832241596e-05  ,1.053569248531e-01  ,7.340311870051e-02  
  1.489843730624e-05  ,9.814750804129e-02  ,6.649895625921e-02  
  1.489854728380e-05  ,9.124516798977e-02  ,5.988870214738e-02  
  1.489876723891e-05  ,7.743730262239e-02  ,4.666466530505e-02  
  1.489920714913e-05  ,4.981113867045e-02  ,2.020476558892e-02  
  1.489973679227e-05  ,1.653764071646e-02  ,-1.166701972975e-02  
  1.490022778554e-05  ,-1.431206512413e-02  ,-4.121951990709e-02  
  1.490067635705e-05  ,-4.249356922706e-02  ,-6.821776790439e-02  
  1.490092157429e-05  ,-5.789613108484e-02  ,-8.297419774139e-02  
  1.490098486930e-05  ,-6.187129013302e-02  ,-8.678265574656e-02  
  1.490110247206e-05  ,-6.925651364548e-02  ,-9.385823346464e-02  
  1.490122545320e-05  ,-7.697847657233e-02  ,-1.012562320774e-01  
  1.490147141549e-05  ,-9.241883997370e-02  ,-1.160495531496e-01  
  1.490190266441e-05  ,-1.194767541483e-01  ,-1.419742409083e-01  
  1.490249060835e-05  ,-1.563299091256e-01  ,-1.772847210709e-01  
  1.490309419851e-05  ,-1.941081937923e-01  ,-2.134818847337e-01  
  1.490365289893e-05  ,-2.290149597769e-01  ,-2.469271950712e-01  
  1.490392330844e-05  ,-2.458850677923e-01  ,-2.630906785982e-01  
  1.490401074798e-05  ,-2.513364435152e-01  ,-2.683136513346e-01  
  1.490416490515e-05  ,-2.609426517622e-01  ,-2.775172923092e-01  
  1.490432560486e-05  ,-2.709500355841e-01  ,-2.871051701130e-01  
  1.490464700428e-05  ,-2.909438307382e-01  ,-3.062604067334e-01  
  1.490520607723e-05  ,-3.256510839164e-01  ,-3.395103432000e-01  
  1.490632422311e-05  ,-3.947535452955e-01  ,-4.057029780712e-01  
  1.490856051487e-05  ,-5.314126437547e-01  ,-5.365601885951e-01  
  1.491276711268e-05  ,-7.808453755797e-01  ,-7.751081011075e-01  
  1.492009624881e-05  ,-1.180457646206e+00  ,-1.155718300684e+00  
  1.493364885492e-05  ,-1.741877956930e+00  ,-1.681430793110e+00  
  1.495420053644e-05  ,-1.982610827434e+00  ,-1.877278048831e+00  
  1.497658208055e-05  ,-1.342206076601e+00  ,-1.252606833079e+00  
  1.497950308067e-05  ,-1.200685654526e+00  ,-1.118473921173e+00  
  1.498534508092e-05  ,-8.886091527183e-01  ,-8.219689657425e-01  
  1.499284781558e-05  ,-4.456132053639e-01  ,-3.991179821197e-01  
  1.499472349925e-05  ,-3.300160741013e-01  ,-2.885445105379e-01  
  1.499740161044e-05  ,-1.630803732678e-01  ,-1.287432141077e-01  
  1.499878276182e-05  ,-7.646269147003e-02  ,-4.578524825037e-02  
  1.500003930224e-05  ,2.469431774492e-03  ,2.982787978818e-02  
  1.500131707681e-05  ,8.273076504219e-02  ,1.067272886979e-01  
  1.500172229526e-05  ,1.081622084738e-01  ,1.310951625874e-01  
  1.500186178410e-05  ,1.169126579265e-01  ,1.394797523977e-01  
  1.500202243724e-05  ,1.269879995373e-01  ,1.491338881186e-01  
  1.500234374353e-05  ,1.471287219607e-01  ,1.684327397718e-01  
  1.500276186080e-05  ,1.733151763652e-01  ,1.935247271755e-01  
  1.500316489065e-05  ,1.985284603197e-01  ,2.176840890060e-01  
  1.500356885181e-05  ,2.237680670176e-01  ,2.418683804266e-01  
  1.500378708398e-05  ,2.373885389140e-01  ,2.549191389593e-01  
  1.500395658468e-05  ,2.479598801161e-01  ,2.650481707036e-01  
  1.500403579367e-05  ,2.528975568623e-01  ,2.697792071436e-01  
  1.500415458386e-05  ,2.602996756957e-01  ,2.768714917616e-01  
  1.500439216425e-05  ,2.750929346710e-01  ,2.910453151035e-01  
  1.500470150305e-05  ,2.943312348959e-01  ,3.094775489458e-01  
  1.500532018063e-05  ,3.327226293907e-01  ,3.462583262718e-01  
  1.500655753580e-05  ,4.091138962455e-01  ,4.194336983635e-01  
  1.500903224615e-05  ,5.599275624114e-01  ,5.638331119637e-01  
  1.501352271108e-05  ,8.243290609303e-01  ,8.166245265382e-01  
  1.502157678870e-05  ,1.254247072549e+00  ,1.225642415507e+00  
  1.503624996213e-05  ,1.816285351438e+00  ,1.748963803377e+00  
  1.505606552628e-05  ,1.963798864653e+00  ,1.856194466847e+00  
  1.507806858090e-05  ,1.271524831316e+00  ,1.185561994874e+00  
  1.508119372693e-05  ,1.114078589333e+00  ,1.036253361776e+00  
  1.508744401900e-05  ,7.686153241697e-01  ,7.076134193111e-01  
  1.509378520814e-05  ,3.880107195708e-01  ,3.440310239985e-01  
  1.509537050543e-05  ,2.898553221756e-01  ,2.501155259658e-01  
  1.509565353436e-05  ,2.722486146855e-01  ,2.332654289054e-01  
  1.509621959222e-05  ,2.369720212147e-01  ,1.995007296023e-01  
  1.509695189116e-05  ,1.912257628442e-01  ,1.557060966100e-01  
  1.509762411980e-05  ,1.491423821420e-01  ,1.154100301007e-01  
  1.509797359859e-05  ,1.272365717011e-01  ,9.443173506562e-02  
  1.509808479851e-05  ,1.202630660499e-01  ,8.775312894715e-02  
  1.509827234359e-05  ,1.084985647864e-01  ,7.648574479759e-02  
  1.509854866700e-05  ,9.115834936091e-02  ,5.987740456199e-02  
  1.509900617921e-05  ,6.243345711712e-02  ,3.236281234800e-02  
  1.509957400659e-05  ,2.676515654312e-02  ,-1.805911860277e-03  
  1.510019762018e-05  ,-1.241676255033e-02  ,-3.934395030099e-02  
  1.510080549443e-05  ,-5.060530618353e-02  ,-7.593307446371e-02  
  1.510100051337e-05  ,-6.285375852221e-02  ,-8.766899897813e-02  
  1.510106780143e-05  ,-6.707935986571e-02  ,-9.171782483977e-02  
  1.510117805838e-05  ,-7.400269458612e-02  ,-9.835157076037e-02  
  1.510133447401e-05  ,-8.382291527390e-02  ,-1.077608413159e-01  
  1.510157973781e-05  ,-9.921711304521e-02  ,-1.225114796080e-01  
  1.510202337332e-05  ,-1.270466959646e-01  ,-1.491780621872e-01  
  1.510257397122e-05  ,-1.615511851373e-01  ,-1.822410720553e-01  
  1.510314440630e-05  ,-1.972477065190e-01  ,-2.164462911338e-01  
  1.510369742564e-05  ,-2.317940288769e-01  ,-2.495486548644e-01  
  1.510394268944e-05  ,-2.470935287864e-01  ,-2.642083308829e-01  
  1.510402686936e-05  ,-2.523413171894e-01  ,-2.692365912844e-01  
  1.510416891934e-05  ,-2.611927125213e-01  ,-2.777176299435e-01  
  1.510433627801e-05  ,-2.716144511470e-01  ,-2.877031665185e-01  
  1.510467099534e-05  ,-2.924351152787e-01  ,-3.076518767203e-01  
  1.510525754230e-05  ,-3.288411493001e-01  ,-3.425312864876e-01  
  1.510643063621e-05  ,-4.013059281106e-01  ,-4.119476525850e-01  
  1.510877682404e-05  ,-5.445028329492e-01  ,-5.490635552033e-01  
  1.511312498288e-05  ,-8.014966805976e-01  ,-7.948165739401e-01  
  1.512077076869e-05  ,-1.214401794445e+00  ,-1.187896587887e+00  
  1.513488216834e-05  ,-1.778639690625e+00  ,-1.714927312376e+00  
  1.515469177203e-05  ,-1.978313616794e+00  ,-1.872214064943e+00  
  1.517713590102e-05  ,-1.316206562505e+00  ,-1.227928259125e+00  
  1.518011389808e-05  ,-1.169773319583e+00  ,-1.089125645628e+00  
  1.518606989221e-05  ,-8.475830242335e-01  ,-7.828823626293e-01  
  1.519303245978e-05  ,-4.342958660878e-01  ,-3.882995104932e-01  
  1.519477310167e-05  ,-3.269417841039e-01  ,-2.856075802726e-01  
  1.519520826215e-05  ,-2.999379333859e-01  ,-2.597693668145e-01  
  1.519607858309e-05  ,-2.457671207973e-01  ,-2.079254500802e-01  
  1.519695737907e-05  ,-1.908825241014e-01  ,-1.553829041367e-01  
  1.519785005176e-05  ,-1.349825453941e-01  ,-1.018548666968e-01  
  1.519828623669e-05  ,-1.076269108647e-01  ,-7.565559306515e-02  
  1.519839075436e-05  ,-1.010688188000e-01  ,-6.937434951213e-02  
  1.519851580770e-05  ,-9.322076516755e-02  ,-6.185741626013e-02  
  1.519876591438e-05  ,-7.752046263507e-02  ,-4.681894958433e-02  
  1.519926612774e-05  ,-4.610646943387e-02  ,-1.672700015513e-02  
  1.519977295348e-05  ,-1.426563258597e-02  ,1.377650777577e-02  
  1.520028201440e-05  ,1.771925551630e-02  ,4.442022706322e-02  
  1.520068103956e-05  ,4.278771273208e-02  ,6.843886795506e-02  
  1.520091154189e-05  ,5.726603854460e-02  ,8.231130111367e-02  
  1.520097083222e-05  ,6.098973052293e-02  ,8.587920583701e-02  
  1.520108346404e-05  ,6.806290887532e-02  ,9.265651206309e-02  
  1.520120483866e-05  ,7.568417016835e-02  ,9.995878978845e-02  
  1.520144758788e-05  ,9.092328068811e-02  ,1.145607789584e-01  
  1.520186067601e-05  ,1.168431537163e-01  ,1.393974188294e-01  
  1.520246901592e-05  ,1.549773314728e-01  ,1.759385715284e-01  
  1.520307549318e-05  ,1.929384179355e-01  ,2.123139673766e-01  
  1.520363987466e-05  ,2.282019845268e-01  ,2.461038324409e-01  
  1.520391936456e-05  ,2.456391450061e-01  ,2.628118863175e-01  
  1.520400864347e-05  ,2.512052610049e-01  ,2.681451871211e-01  
  1.520416780650e-05  ,2.611233895646e-01  ,2.776483689842e-01  
  1.520432664357e-05  ,2.710146974595e-01  ,2.871257135565e-01  
  1.520464431770e-05  ,2.907768221747e-01  ,3.060603125254e-01  
  1.520523365862e-05  ,3.273608247904e-01  ,3.411105084157e-01  
  1.520641234047e-05  ,4.001796859190e-01  ,4.108668676894e-01  
  1.520876970417e-05  ,5.440723631358e-01  ,5.486498294986e-01  
  1.521301206477e-05  ,7.949914295736e-01  ,7.886014502417e-01  
  1.522065934069e-05  ,1.208831551287e+00  ,1.182616876846e+00  
  1.523461725838e-05  ,1.770966761107e+00  ,1.707952504599e+00  
  1.525483515389e-05  ,1.976970467828e+00  ,1.870776975757e+00  
  1.527709450848e-05  ,1.318163640719e+00  ,1.229810595630e+00  
  1.528009187705e-05  ,1.170895316222e+00  ,1.090197774006e+00  
  1.528608661420e-05  ,8.466312494306e-01  ,7.819786752606e-01  
  1.529308345444e-05  ,4.311676747837e-01  ,3.853074326891e-01  
  1.529483266450e-05  ,3.232491137395e-01  ,2.820730864945e-01  
  1.529742621161e-05  ,1.615397351363e-01  ,1.272716217803e-01  
  1.529874831713e-05  ,7.862528749996e-02  ,4.786027389605e-02  
  1.529994897820e-05  ,3.205793066861e-03  ,-2.438764920094e-02  
  1.530110549457e-05  ,-6.944630960994e-02  ,-9.399585444865e-02  
  1.530161120273e-05  ,-1.011916292409e-01  ,-1.244134362067e-01  
  1.530173187885e-05  ,-1.087634769735e-01  ,-1.316686994033e-01  
  1.530185879483e-05  ,-1.167251574654e-01  ,-1.392975332733e-01  
  1.530211262680e-05  ,-1.326428249545e-01  ,-1.545498468527e-01  
  1.530255048811e-05  ,-1.600804752677e-01  ,-1.808408185553e-01  
  1.530306532323e-05  ,-1.923023916345e-01  ,-2.117160769737e-01  
  1.530354681700e-05  ,-2.223922182243e-01  ,-2.405479600924e-01  
  1.530379087008e-05  ,-2.376247436029e-01  ,-2.551434109625e-01  
  1.530397757697e-05  ,-2.492686342658e-01  ,-2.663001515948e-01  
  1.530405863696e-05  ,-2.543212572541e-01  ,-2.711413346375e-01  
  1.530418506400e-05  ,-2.621983902847e-01  ,-2.786887630571e-01  
  1.530442874455e-05  ,-2.773693150215e-01  ,-2.932244474891e-01  
  1.530472723344e-05  ,-2.959302241650e-01  ,-3.110076768119e-01  
  1.530532421121e-05  ,-3.329723463429e-01  ,-3.464958362995e-01  
  1.530651816675e-05  ,-4.066922590736e-01  ,-4.171127664281e-01  
  1.530890607783e-05  ,-5.523128064762e-01  ,-5.565437155701e-01  
  1.531337493607e-05  ,-8.158605777573e-01  ,-8.085518540006e-01  
  1.532126659104e-05  ,-1.239006380831e+00  ,-1.211217055150e+00  
  1.533574008891e-05  ,-1.802640583157e+00  ,-1.736664783214e+00  
  1.535568678328e-05  ,-1.968166994067e+00  ,-1.860972665370e+00  
  1.537777626464e-05  ,-1.285648048365e+00  ,-1.198957311468e+00  
  1.538088539192e-05  ,-1.130115294780e+00  ,-1.051476394557e+00  
  1.538710364649e-05  ,-7.883148868447e-01  ,-7.263924203899e-01  
  1.539316618392e-05  ,-4.260904081954e-01  ,-3.804609183785e-01  
  1.539468181828e-05  ,-3.325987837731e-01  ,-2.910300022212e-01  
  1.539506072687e-05  ,-3.090997576063e-01  ,-2.685459259508e-01  
  1.539581854405e-05  ,-2.619736448514e-01  ,-2.234464792634e-01  
  1.539676607163e-05  ,-2.028443341453e-01  ,-1.668434053187e-01  
  1.539781660350e-05  ,-1.370792949226e-01  ,-1.038698155278e-01  
  1.539835742252e-05  ,-1.031603889769e-01  ,-7.138407192762e-02  
  1.539850552609e-05  ,-9.386607109064e-02  ,-6.248180918602e-02  
  1.539863986937e-05  ,-8.543352450179e-02  ,-5.440473368650e-02  
  1.539890855593e-05  ,-6.856401613990e-02  ,-3.824571193591e-02  
  1.539944592906e-05  ,-3.481154602798e-02  ,-5.912345697091e-03  
  1.539998432664e-05  ,-9.847863193701e-04  ,2.649502453934e-02  
  1.540049999995e-05  ,3.141463134863e-02  ,5.753705514338e-02  
  1.540079904763e-05  ,5.020037037527e-02  ,7.553656981674e-02  
  1.540109450971e-05  ,6.875652280220e-02  ,9.331656540749e-02  
  1.540115223425e-05  ,7.238120349472e-02  ,9.678968284213e-02  
  1.540126590217e-05  ,7.951801422772e-02  ,1.036281147452e-01  
  1.540143598496e-05  ,9.019499490209e-02  ,1.138583893566e-01  
  1.540160290124e-05  ,1.006706962732e-01  ,1.238962560596e-01  
  1.540191196064e-05  ,1.200598051858e-01  ,1.424753286470e-01  
  1.540253007943e-05  ,1.588022415989e-01  ,1.795996331175e-01  
  1.540309921066e-05  ,1.944216270459e-01  ,2.137313737518e-01  
  1.540365595529e-05  ,2.292057328311e-01  ,2.470620327918e-01  
  1.540392394337e-05  ,2.459246588778e-01  ,2.630819856912e-01  
  1.540401088233e-05  ,2.513448176334e-01  ,2.682754689555e-01  
  1.540416280432e-05  ,2.608117804139e-01  ,2.773464238482e-01  
  1.540432399298e-05  ,2.708496911232e-01  ,2.869643041207e-01  
  1.540464637029e-05  ,2.909044191744e-01  ,3.061793864243e-01  
  1.540518774810e-05  ,3.245147459444e-01  ,3.383808361796e-01  
  1.540627050372e-05  ,3.914440958998e-01  ,4.024965398041e-01  
  1.540843601497e-05  ,5.238672283209e-01  ,5.293060936001e-01  
  1.541259269389e-05  ,7.707444053638e-01  ,7.654373961094e-01  
  1.541972960504e-05  ,1.161783529099e+00  ,1.138046550542e+00  
  1.543306167396e-05  ,1.723453402481e+00  ,1.664581385282e+00  
  1.545398588451e-05  ,1.984340365857e+00  ,1.879368182731e+00  
  1.547622735771e-05  ,1.358645836608e+00  ,1.268207450666e+00  
  1.549465115341e-05  ,3.344985304179e-01  ,2.916052488431e-01  
  1.549504179666e-05  ,3.102748316758e-01  ,2.684687482636e-01  
  1.549582308317e-05  ,2.616908977245e-01  ,2.220675437697e-01  
  1.549679761911e-05  ,2.008722693326e-01  ,1.639603875475e-01  
  1.549781723107e-05  ,1.370399561296e-01  ,1.029424266290e-01  
  1.549834678108e-05  ,1.038281140255e-01  ,7.118247062182e-02  
  1.549846775989e-05  ,9.623631001822e-02  ,6.392156611585e-02  
  1.549858557219e-05  ,8.884187678511e-02  ,5.684912108657e-02  
  1.549882119680e-05  ,7.404946056485e-02  ,4.269995896514e-02  
  1.549929244603e-05  ,4.445326632559e-02  ,1.438733054968e-02  
  1.549982879470e-05  ,1.075709455754e-02  ,-1.785272697504e-02  
  1.550031429316e-05  ,-1.974730049436e-02  ,-4.704317850131e-02  
  1.550070298063e-05  ,-4.416598533958e-02  ,-7.041267732073e-02  
  1.550093017677e-05  ,-5.843641264031e-02  ,-8.407091053835e-02  
  1.550098924591e-05  ,-6.214614849452e-02  ,-8.762160664776e-02  
  1.550109647606e-05  ,-6.887999892326e-02  ,-9.406687965457e-02  
  1.550122122672e-05  ,-7.671311500226e-02  ,-1.015644810745e-01  
  1.550146448818e-05  ,-9.198404657653e-02  ,-1.161818164162e-01  
  1.550184800681e-05  ,-1.160484747829e-01  ,-1.392175133617e-01  
  1.550248829108e-05  ,-1.561847557945e-01  ,-1.776408428078e-01  
  1.550309746918e-05  ,-1.943127245696e-01  ,-2.141439771203e-01  
  1.550367386472e-05  ,-2.303235648800e-01  ,-2.486213940654e-01  
  1.550394823235e-05  ,-2.474391279038e-01  ,-2.650083530851e-01  
  1.550403415850e-05  ,-2.527956404787e-01  ,-2.701368453892e-01  
  1.550418761718e-05  ,-2.623574255624e-01  ,-2.792915942392e-01  
  1.550434990014e-05  ,-2.724624001728e-01  ,-2.889663935264e-01  
  1.550467446605e-05  ,-2.926508411566e-01  ,-3.082952836301e-01  
  1.550530301566e-05  ,-3.316591031155e-01  ,-3.456418688527e-01  
  1.550656011487e-05  ,-4.092725157918e-01  ,-4.199427784313e-01  
  1.550907431329e-05  ,-5.624645308560e-01  ,-5.665436910947e-01  
  1.551357669915e-05  ,-8.274185123664e-01  ,-8.197629323245e-01  
  1.552161289538e-05  ,-1.256013361270e+00  ,-1.227408397818e+00  
  1.553641570891e-05  ,-1.820620716620e+00  ,-1.752894123235e+00  
  1.555621339167e-05  ,-1.962018004169e+00  ,-1.854261126056e+00  
  1.557820452536e-05  ,-1.264920091313e+00  ,-1.179295269345e+00  
  1.558132967139e-05  ,-1.106974735132e+00  ,-1.029504501051e+00  
  1.558757996346e-05  ,-7.607226509433e-01  ,-7.000860981829e-01  
  1.558914253647e-05  ,-6.690427076162e-01  ,-6.126395207722e-01  
  1.559226768250e-05  ,-4.810717909819e-01  ,-4.330993963991e-01  
  1.559561522836e-05  ,-2.746328502809e-01  ,-2.356103148609e-01  
  1.559645211483e-05  ,-2.224589169347e-01  ,-1.856659481221e-01  
  1.559784537340e-05  ,-1.352758236693e-01  ,-1.021801258380e-01  
  1.559844710092e-05  ,-9.753282743272e-02  ,-6.602902692309e-02  
  1.559865625268e-05  ,-8.440505882850e-02  ,-5.345394326075e-02  
  1.559887872236e-05  ,-7.043738229659e-02  ,-4.007376532333e-02  
  1.559932366172e-05  ,-4.249238967683e-02  ,-1.330258914264e-02  
  1.559983430589e-05  ,-1.041082084536e-02  ,1.743379841535e-02  
  1.560030210922e-05  ,1.898179720432e-02  ,4.559580468246e-02  
  1.560067999336e-05  ,4.272199299434e-02  ,6.834314383066e-02  
  1.560090120575e-05  ,5.661686273954e-02  ,8.165727295126e-02  
  1.560095936684e-05  ,6.026967101887e-02  ,8.515744861244e-02  
  1.560106992648e-05  ,6.721280513033e-02  ,9.181050581301e-02  
  1.560119144079e-05  ,7.484295365223e-02  ,9.912169436015e-02  
  1.560143446941e-05  ,9.009986741853e-02  ,1.137414983644e-01  
  1.560185039808e-05  ,1.161984688532e-01  ,1.387506504817e-01  
  1.560246488471e-05  ,1.547185392340e-01  ,1.756633366760e-01  
  1.560307620485e-05  ,1.929829248880e-01  ,2.123310030941e-01  
  1.560364421849e-05  ,2.284731307086e-01  ,2.463394541970e-01  
  1.560392477941e-05  ,2.459767906197e-01  ,2.631118909147e-01  
  1.560401352281e-05  ,2.515094080407e-01  ,2.684132994563e-01  
  1.560417224346e-05  ,2.613997831494e-01  ,2.778902508508e-01  
  1.560433163932e-05  ,2.713256913653e-01  ,2.874011041106e-01  
  1.560465043104e-05  ,2.911568480313e-01  ,3.064025352855e-01  
  1.560523530162e-05  ,3.274626643822e-01  ,3.411874153328e-01  
  1.560640504277e-05  ,3.997304197052e-01  ,4.104181046825e-01  
  1.560874452508e-05  ,5.425498075171e-01  ,5.471776770436e-01  
  1.561300253189e-05  ,7.944417781126e-01  ,7.880666104043e-01  
  1.562060212410e-05  ,1.205965555090e+00  ,1.179894434876e+00  
  1.563454961097e-05  ,1.768987719946e+00  ,1.706152173792e+00  
  1.565479134834e-05  ,1.977385079043e+00  ,1.871253561378e+00  
  1.567706560409e-05  ,1.319528945871e+00  ,1.231104604383e+00  
  1.568005701220e-05  ,1.172670574146e+00  ,1.091882605946e+00  
  1.568603982842e-05  ,8.492935932663e-01  ,7.845153191694e-01  
  1.569303219831e-05  ,4.343119026348e-01  ,3.883151793947e-01  
  1.569478029078e-05  ,3.264961468196e-01  ,2.851812060588e-01  
  1.569521731390e-05  ,2.993756146366e-01  ,2.592312650059e-01  
  1.569609136014e-05  ,2.449703798500e-01  ,2.071628000500e-01  
  1.569697062178e-05  ,1.900542420077e-01  ,1.545898490764e-01  
  1.569785742714e-05  ,1.345201898478e-01  ,1.014120693365e-01  
  1.569828541643e-05  ,1.076783747524e-01  ,7.570487910499e-02  
  1.569839106333e-05  ,1.010494306744e-01  ,6.935577530868e-02  
  1.569851618652e-05  ,9.319698935142e-02  ,6.183463941764e-02  
  1.569876643289e-05  ,7.748790791979e-02  ,4.678776337971e-02  
  1.569926692565e-05  ,4.605634853899e-02  ,1.667898483842e-02  
  1.569977375139e-05  ,1.421549965284e-02  ,-1.382453719409e-02  
  1.570028281231e-05  ,-1.776938774722e-02  ,-4.446825784632e-02  
  1.570068146494e-05  ,-4.281443412587e-02  ,-6.846446900178e-02  
  1.570091187414e-05  ,-5.728690582476e-02  ,-8.233129303344e-02  
  1.570097116447e-05  ,-6.101059665330e-02  ,-8.589919663808e-02  
  1.570108364495e-05  ,-6.807426916511e-02  ,-9.266739457512e-02  
  1.570120513598e-05  ,-7.570283824946e-02  ,-9.997667471825e-02  
  1.570144811804e-05  ,-9.095655688137e-02  ,-1.145926611711e-01  
  1.570186036798e-05  ,-1.168238323637e-01  ,-1.393789010200e-01  
  1.570246926668e-05  ,-1.549930397239e-01  ,-1.759536189667e-01  
  1.570307565081e-05  ,-1.929482756977e-01  ,-2.123234078271e-01  
  1.570364021855e-05  ,-2.282234507011e-01  ,-2.461243951215e-01  
  1.570391966189e-05  ,-2.456576850237e-01  ,-2.628296445248e-01  
  1.570400889423e-05  ,-2.512208918517e-01  ,-2.681601576308e-01  
  1.570416798741e-05  ,-2.611346591372e-01  ,-2.776591603442e-01  
  1.570432687104e-05  ,-2.710288583328e-01  ,-2.871392748740e-01  
  1.570464463831e-05  ,-2.907967525025e-01  ,-3.060794008516e-01  
  1.570523351357e-05  ,-3.273518337254e-01  ,-3.411018869666e-01  
  1.570641126410e-05  ,-4.001134226473e-01  ,-4.108033892315e-01  
  1.570876676515e-05  ,-5.438946609041e-01  ,-5.484797227048e-01  
  1.571300912574e-05  ,-7.948219776190e-01  ,-7.884395926143e-01  
  1.572065193132e-05  ,-1.208460633713e+00  ,-1.182265235976e+00  
  1.573460537866e-05  ,-1.770619795835e+00  ,-1.707636363775e+00  
  1.575482625440e-05  ,-1.977055002863e+00  ,-1.870872858335e+00  
  1.577708858923e-05  ,-1.318443326504e+00  ,-1.230075698439e+00  
  1.578008484021e-05  ,-1.171253733178e+00  ,-1.090537577352e+00  
  1.578607734219e-05  ,-8.471590187248e-01  ,-7.824815431090e-01  
  1.579307343737e-05  ,-4.317822447434e-01  ,-3.858953314485e-01  
  1.579482246116e-05  ,-3.238817628042e-01  ,-2.826786742676e-01  
  1.579742792920e-05  ,-1.614321680303e-01  ,-1.271687459811e-01  
  1.579875431881e-05  ,-7.824848122092e-02  ,-4.749943209369e-02  
  1.579995945022e-05  ,-2.547817084566e-03  ,2.501794706928e-02  
  1.580112323091e-05  ,7.056003385664e-02  ,9.506292017998e-02  
  1.580162260607e-05  ,1.019071984445e-01  ,1.250990292904e-01  
  1.580174602960e-05  ,1.096512682189e-01  ,1.325193190647e-01  
  1.580187618193e-05  ,1.178157411766e-01  ,1.403424731520e-01  
  1.580213648659e-05  ,1.341386414404e-01  ,1.559830921030e-01  
  1.580259926078e-05  ,1.631349310980e-01  ,1.837675556066e-01  
  1.580307842624e-05  ,1.931218472271e-01  ,2.125012104053e-01  
  1.580357966405e-05  ,2.244431414475e-01  ,2.425130530929e-01  
  1.580381845516e-05  ,2.393455987248e-01  ,2.567922154608e-01  
  1.580398267061e-05  ,2.495861782080e-01  ,2.666043444818e-01  
  1.580407024986e-05  ,2.550449766870e-01  ,2.718347025138e-01  
  1.580419586199e-05  ,2.628709771101e-01  ,2.793331319710e-01  
  1.580444708625e-05  ,2.785105753600e-01  ,2.943178457762e-01  
  1.580479158247e-05  ,2.999282809818e-01  ,3.148380834038e-01  
  1.580548057492e-05  ,3.426557968084e-01  ,3.557725159706e-01  
  1.580685855980e-05  ,4.276092806744e-01  ,4.371462417210e-01  
  1.580961452956e-05  ,5.949548153549e-01  ,5.973525785914e-01  
  1.581454085345e-05  ,8.821827595582e-01  ,8.718449493178e-01  
  1.582345770831e-05  ,1.344058443475e+00  ,1.310528683074e+00  
  1.583965825076e-05  ,1.895368092198e+00  ,1.819169238816e+00  
  1.585849331851e-05  ,1.929225571108e+00  ,1.819656015048e+00  
  1.588019834990e-05  ,1.165465216836e+00  ,1.084901819513e+00  
  1.588332349593e-05  ,1.000535244305e+00  ,9.282940400211e-01  
  1.588957378800e-05  ,6.434468241709e-01  ,5.881491627862e-01  
  1.589113636101e-05  ,5.497494985166e-01  ,4.986982848215e-01  
  1.589426150704e-05  ,3.586102291932e-01  ,3.159663207732e-01  
  1.589504279355e-05  ,3.102129535671e-01  ,2.696601495186e-01  
  1.589660536657e-05  ,2.128870358857e-01  ,1.764999688279e-01  
  1.589790586541e-05  ,1.314834607956e-01  ,9.854622033669e-02  
  1.589854493896e-05  ,9.139234481261e-02  ,6.014544338481e-02  
  1.589875981836e-05  ,7.790319751980e-02  ,4.722398387169e-02  
  1.589900312638e-05  ,6.262517823788e-02  ,3.258832966517e-02  
  1.589948974243e-05  ,3.205905560471e-02  ,3.305546019443e-03  
  1.590004602140e-05  ,-2.891609072610e-03  ,-3.018033863782e-02  
  1.590055582738e-05  ,-3.492188957577e-02  ,-6.087027629237e-02  
  1.590081785499e-05  ,-5.138169057513e-02  ,-7.664192801793e-02  
  1.590097555118e-05  ,-6.128609326771e-02  ,-8.613241623536e-02  
  1.590103730951e-05  ,-6.516454342424e-02  ,-8.984881261571e-02  
  1.590114611127e-05  ,-7.199673598840e-02  ,-9.639536006955e-02  
  1.590134692770e-05  ,-8.460470983788e-02  ,-1.084767473134e-01  
  1.590161696468e-05  ,-1.015531980815e-01  ,-1.247175747323e-01  
  1.590215703864e-05  ,-1.354270293811e-01  ,-1.571775880872e-01  
  1.590278381873e-05  ,-1.746896025226e-01  ,-1.948017777996e-01  
  1.590334810708e-05  ,-2.099800809237e-01  ,-2.286191697316e-01  
  1.590375411716e-05  ,-2.353316885782e-01  ,-2.529120343473e-01  
  1.590400566739e-05  ,-2.510197476611e-01  ,-2.679445721091e-01  
  1.590407622671e-05  ,-2.554174431076e-01  ,-2.721584511152e-01  
  1.590420516832e-05  ,-2.634506273454e-01  ,-2.798557912099e-01  
  1.590435979115e-05  ,-2.730780640859e-01  ,-2.890806063379e-01  
  1.590459816317e-05  ,-2.879073560433e-01  ,-3.032894397781e-01  
  1.590501199635e-05  ,-3.136133809856e-01  ,-3.279189672780e-01  
  1.590583966273e-05  ,-3.648620718793e-01  ,-3.770170023230e-01  
  1.590749499547e-05  ,-4.665849661129e-01  ,-4.744469377842e-01  
  1.591080566096e-05  ,-6.659744893593e-01  ,-6.652740357313e-01  
  1.591672589230e-05  ,-1.003220969645e+00  ,-9.872168904806e-01  
  1.592738022255e-05  ,-1.515913534329e+00  ,-1.472050827483e+00  
  1.594693948674e-05  ,-1.990762516446e+00  ,-1.896978404453e+00  
  1.596538712429e-05  ,-1.770838787099e+00  ,-1.662705168703e+00  
  1.598622490811e-05  ,-8.387509661273e-01  ,-7.741119889266e-01  
  1.598935005414e-05  ,-6.567410416942e-01  ,-6.006567286919e-01  
  1.599560034620e-05  ,-2.755590363242e-01  ,-2.363630970713e-01  
  1.599713646966e-05  ,-1.796783361237e-01  ,-1.445947147118e-01  
  1.599882905530e-05  ,-7.355603275234e-02  ,-4.296924808186e-02  
  1.600042068558e-05  ,2.643168530734e-02  ,5.281252358212e-02  
  1.600140788751e-05  ,8.843134171398e-02  ,1.122143619017e-01  
  1.600174996229e-05  ,1.098979942980e-01  ,1.327824522109e-01  
  1.600193136065e-05  ,1.212765230070e-01  ,1.436848098554e-01  
  1.600214253804e-05  ,1.345180069823e-01  ,1.563722475326e-01  
  1.600256489283e-05  ,1.609826302646e-01  ,1.817297477030e-01  
  1.600303567639e-05  ,1.904481733979e-01  ,2.099626956505e-01  
  1.600349146566e-05  ,2.189356242003e-01  ,2.372581544855e-01  
  1.600375209628e-05  ,2.352055947336e-01  ,2.528471101596e-01  
  1.600400876878e-05  ,2.512130720766e-01  ,2.681843037266e-01  
  1.600407377510e-05  ,2.552646642465e-01  ,2.720661975620e-01  
  1.600420378773e-05  ,2.633646377825e-01  ,2.798268479958e-01  
  1.600441417350e-05  ,2.764626067787e-01  ,2.923759297427e-01  
  1.600465599141e-05  ,2.915024899117e-01  ,3.067852291240e-01  
  1.600513962722e-05  ,3.215309185936e-01  ,3.355534281229e-01  
  1.600610689885e-05  ,3.813581856288e-01  ,3.928637802539e-01  
  1.600804144210e-05  ,4.999014300966e-01  ,5.063853250245e-01  
  1.601191052860e-05  ,7.310193223479e-01  ,7.274910796279e-01  
  1.601852217382e-05  ,1.099209835051e+00  ,1.078608752173e+00  
  1.603085735506e-05  ,1.649106801510e+00  ,1.596079175387e+00  
  1.605313161081e-05  ,1.990328697078e+00  ,1.885023588771e+00  
  1.607582011885e-05  ,1.377311304331e+00  ,1.285910480048e+00  
  1.609710195726e-05  ,1.818379390022e-01  ,1.451950620529e-01  
  1.609982179171e-05  ,1.119709857696e-02  ,-1.787435270148e-02  
  1.610315890676e-05  ,-1.981543350088e-01  ,-2.181424077145e-01  
  1.610447039521e-05  ,-2.799607756315e-01  ,-2.964266838686e-01  
  1.610485964148e-05  ,-3.041555070636e-01  ,-3.195807281052e-01  
  1.610525247334e-05  ,-3.285269878091e-01  ,-3.429039394322e-01  
  1.610569205760e-05  ,-3.557395132888e-01  ,-3.689455901296e-01  
  1.610657122611e-05  ,-4.099558564914e-01  ,-4.208265984318e-01  
  1.610832956313e-05  ,-5.174092693750e-01  ,-5.236312208385e-01  
  1.611184623717e-05  ,-7.272577903380e-01  ,-7.242467293548e-01  
  1.611887958525e-05  ,-1.117901133097e+00  ,-1.096519772454e+00  
  1.613152322053e-05  ,-1.672415295959e+00  ,-1.617674513308e+00  
  1.615442630528e-05  ,-1.980694433880e+00  ,-1.875576974462e+00  
  1.617618796109e-05  ,-1.360461314395e+00  ,-1.269972354431e+00  
  1.619473394631e-05  ,-3.293686458215e-01  ,-2.866789930980e-01  
  1.619512458956e-05  ,-3.051347380753e-01  ,-2.635322673698e-01  
  1.619590587607e-05  ,-2.565327099912e-01  ,-2.171139502047e-01  
  1.619688562742e-05  ,-1.953697445661e-01  ,-1.586779864674e-01  
  1.619780288702e-05  ,-1.379390868532e-01  ,-1.037810765043e-01  
  1.619828344947e-05  ,-1.078017826174e-01  ,-7.496294491498e-02  
  1.619838375291e-05  ,-1.015081683765e-01  ,-6.894405793813e-02  
  1.619850894595e-05  ,-9.365143100129e-02  ,-6.142996274875e-02  
  1.619875933203e-05  ,-7.793373175345e-02  ,-4.639671111673e-02  
  1.619923961508e-05  ,-4.777184997725e-02  ,-1.754454295179e-02  
  1.619974122542e-05  ,-1.625910755038e-02  ,1.260476351397e-02  
  1.620024795803e-05  ,1.557950486268e-02  ,4.307035952153e-02  
  1.620068009170e-05  ,4.272817095026e-02  ,6.905149121796e-02  
  1.620092088516e-05  ,5.785284976899e-02  ,8.352686572751e-02  
  1.620098245722e-05  ,6.171980710707e-02  ,8.722793310510e-02  
  1.620109846509e-05  ,6.900489881607e-02  ,9.420062721231e-02  
  1.620121793049e-05  ,7.650615876094e-02  ,1.013803895114e-01  
  1.620145686130e-05  ,9.150534003759e-02  ,1.157372096182e-01  
  1.620187902982e-05  ,1.179943682524e-01  ,1.410932526013e-01  
  1.620248085047e-05  ,1.557186715844e-01  ,1.772067273205e-01  
  1.620309170494e-05  ,1.939522572461e-01  ,2.138101326810e-01  
  1.620365524823e-05  ,2.291615995835e-01  ,2.475194596090e-01  
  1.620392817231e-05  ,2.461883530395e-01  ,2.638210606912e-01  
  1.620401568171e-05  ,2.516439782212e-01  ,2.690443446690e-01  
  1.620417123587e-05  ,2.613370168434e-01  ,2.783245827484e-01  
  1.620433114395e-05  ,2.712948540362e-01  ,2.878583296319e-01  
  1.620465096012e-05  ,2.911897371905e-01  ,3.069058249817e-01  
  1.620521478281e-05  ,3.261907601042e-01  ,3.404154369490e-01  
  1.620634242818e-05  ,3.958748369219e-01  ,4.071255816772e-01  
  1.620859771893e-05  ,5.336658526715e-01  ,5.389974460580e-01  
  1.621279537604e-05  ,7.824799685365e-01  ,7.768614902735e-01  
  1.622016847060e-05  ,1.184117703059e+00  ,1.159292263030e+00  
  1.623380601332e-05  ,1.746708975260e+00  ,1.685880009330e+00  
  1.625430107043e-05  ,1.981769777294e+00  ,1.876278541094e+00  
  1.627667367384e-05  ,1.337933992997e+00  ,1.248555733784e+00  
  1.627960584984e-05  ,1.195515325043e+00  ,1.113566659376e+00  
  1.628547020183e-05  ,8.815593080602e-01  ,8.152540182443e-01  
  1.629259444699e-05  ,4.611183660050e-01  ,4.139534451332e-01  
  1.629437550828e-05  ,3.515611207440e-01  ,3.091703498811e-01  
  1.629482077361e-05  ,3.239863950738e-01  ,2.827895304436e-01  
  1.629571130425e-05  ,2.686521658071e-01  ,2.298386259582e-01  
  1.629593393691e-05  ,2.547840595744e-01  ,2.165651928475e-01  
  1.629637920224e-05  ,2.270111349439e-01  ,1.899802341887e-01  
  1.629697701820e-05  ,1.896541581853e-01  ,1.542152429504e-01  
  1.629753050320e-05  ,1.550074550128e-01  ,1.210395921035e-01  
  1.629781837501e-05  ,1.369682488766e-01  ,1.037643893609e-01  
  1.629793933053e-05  ,1.293852617309e-01  ,9.650219873502e-02  
  1.629811765552e-05  ,1.182022710076e-01  ,8.579192339349e-02  
  1.629839369953e-05  ,1.008840044418e-01  ,6.920486261721e-02  
  1.629894578755e-05  ,6.622601301229e-02  ,3.600727629787e-02  
  1.629959473312e-05  ,2.546298083212e-02  ,-3.042535383444e-03  
  1.630027683378e-05  ,-1.739376000963e-02  ,-4.410214625153e-02  
  1.630079390407e-05  ,-4.987729245740e-02  ,-7.522583420138e-02  
  1.630108694472e-05  ,-6.828147926674e-02  ,-9.286022918256e-02  
  1.630116732950e-05  ,-7.332903644368e-02  ,-9.769672680265e-02  
  1.630126443152e-05  ,-7.942568344908e-02  ,-1.035384826692e-01  
  1.630142741297e-05  ,-8.965694583684e-02  ,-1.133418094823e-01  
  1.630161321182e-05  ,-1.013177025606e-01  ,-1.245152698755e-01  
  1.630195011777e-05  ,-1.224528774938e-01  ,-1.447674472028e-01  
  1.630251040143e-05  ,-1.575697092824e-01  ,-1.784175847034e-01  
  1.630305895042e-05  ,-1.919038277047e-01  ,-2.113177318861e-01  
  1.630358831417e-05  ,-2.249832032810e-01  ,-2.430149532843e-01  
  1.630385998097e-05  ,-2.419357870649e-01  ,-2.592588602633e-01  
  1.630395870116e-05  ,-2.480918357544e-01  ,-2.651574825103e-01  
  1.630410608296e-05  ,-2.572778931500e-01  ,-2.739593198837e-01  
  1.630426212606e-05  ,-2.669977791909e-01  ,-2.832725313997e-01  
  1.630457421225e-05  ,-2.864180684525e-01  ,-3.018798590862e-01  
  1.630519838464e-05  ,-3.251741852806e-01  ,-3.390115868208e-01  
  1.630644672942e-05  ,-4.022964781245e-01  ,-4.128908493017e-01  
  1.630877801609e-05  ,-5.445749018447e-01  ,-5.491278561649e-01  
  1.631305241418e-05  ,-7.973171259014e-01  ,-7.908208489488e-01  
  1.632066690755e-05  ,-1.209210285140e+00  ,-1.182973922933e+00  
  1.633473956418e-05  ,-1.774524536920e+00  ,-1.711190275069e+00  
  1.635494553876e-05  ,-1.975909092839e+00  ,-1.869595576975e+00  
  1.637719893288e-05  ,-1.313222082461e+00  ,-1.225108035136e+00  
  1.638020859492e-05  ,-1.164942033951e+00  ,-1.084544465854e+00  
  1.638622791898e-05  ,-8.385792235040e-01  ,-7.743052039545e-01  
  1.639308915865e-05  ,-4.308176895099e-01  ,-3.849743050110e-01  
  1.639480446857e-05  ,-3.249972968008e-01  ,-2.837477676705e-01  
  1.639523329605e-05  ,-2.983827028841e-01  ,-2.582816986283e-01  
  1.639609095101e-05  ,-2.449958926660e-01  ,-2.071876962774e-01  
  1.639695931618e-05  ,-1.907613674951e-01  ,-1.552673132181e-01  
  1.639784034733e-05  ,-1.355908959852e-01  ,-1.024378307467e-01  
  1.639827052523e-05  ,-1.086126473407e-01  ,-7.660004404662e-02  
  1.639838287766e-05  ,-1.015630914774e-01  ,-6.984809471681e-02  
  1.639851156315e-05  ,-9.348716737199e-02  ,-6.211290806418e-02  
  1.639876893415e-05  ,-7.733086731636e-02  ,-4.663765444288e-02  
  1.639928367613e-05  ,-4.500415707918e-02  ,-1.567131453195e-02  
  1.639979534476e-05  ,-1.285877956989e-02  ,1.512406611822e-02  
  1.640030766531e-05  ,1.933088025736e-02  ,4.596409007321e-02  
  1.640069993837e-05  ,4.397488102444e-02  ,6.957612181380e-02  
  1.640093011475e-05  ,5.843251709079e-02  ,8.342876331676e-02  
  1.640099018505e-05  ,6.220512823752e-02  ,8.704354855688e-02  
  1.640109798564e-05  ,6.897479233474e-02  ,9.353004921542e-02  
  1.640122562340e-05  ,7.698916257947e-02  ,1.012090184278e-01  
  1.640146841920e-05  ,9.223077774515e-02  ,1.158134344279e-01  
  1.640185785173e-05  ,1.166660014619e-01  ,1.392274928184e-01  
  1.640247988208e-05  ,1.556580105298e-01  ,1.765906614873e-01  
  1.640308291345e-05  ,1.934024672497e-01  ,2.127584894397e-01  
  1.640365083395e-05  ,2.288860665120e-01  ,2.467591921078e-01  
  1.640392701766e-05  ,2.461163555800e-01  ,2.632690204793e-01  
  1.640401510913e-05  ,2.516082880068e-01  ,2.685312396844e-01  
  1.640417189729e-05  ,2.613782190454e-01  ,2.778924234813e-01  
  1.640433224775e-05  ,2.713635668663e-01  ,2.874598714808e-01  
  1.640465294868e-05  ,2.913133501535e-01  ,3.065742631535e-01  
  1.640522943736e-05  ,3.270991689860e-01  ,3.408597403191e-01  
  1.640638241470e-05  ,3.983372418989e-01  ,4.091020139382e-01  
  1.640868836940e-05  ,5.391529066366e-01  ,5.439407989896e-01  
  1.641293743551e-05  ,7.906865167441e-01  ,7.844896638443e-01  
  1.642044762076e-05  ,1.198206995815e+00  ,1.172543125636e+00  
  1.643430272043e-05  ,1.761697154152e+00  ,1.699517463096e+00  
  1.645461598337e-05  ,1.979007362726e+00  ,1.873105246389e+00  
  1.647693494261e-05  ,1.325687177386e+00  ,1.236942910867e+00  
  1.647990437151e-05  ,1.180426183340e+00  ,1.099244165790e+00  
  1.648584322930e-05  ,8.604609408333e-01  ,7.951551625245e-01  
  1.649282814861e-05  ,4.468177699915e-01  ,4.002775152204e-01  
  1.649457437844e-05  ,3.392535201295e-01  ,2.973921985808e-01  
  1.649501093589e-05  ,3.121902488054e-01  ,2.714988665491e-01  
  1.649588405081e-05  ,2.578926439816e-01  ,2.195367860005e-01  
  1.649610232954e-05  ,2.442863274455e-01  ,2.065132386473e-01  
  1.649653888699e-05  ,2.170398726745e-01  ,1.804309944398e-01  
  1.649706704002e-05  ,1.840226574460e-01  ,1.488198233173e-01  
  1.649758364466e-05  ,1.516783080467e-01  ,1.178483283954e-01  
  1.649784134161e-05  ,1.355285672001e-01  ,1.023824974785e-01  
  1.649795293734e-05  ,1.285320998055e-01  ,9.568201671027e-02  
  1.649812027272e-05  ,1.180381143608e-01  ,8.563164996794e-02  
  1.649843319711e-05  ,9.840538071075e-02  ,6.682783983353e-02  
  1.649903939497e-05  ,6.034743291925e-02  ,3.037323491141e-02  
  1.649973686245e-05  ,1.653323163162e-02  ,-1.160018493231e-02  
  1.650036550519e-05  ,-2.296486352933e-02  ,-4.944255762280e-02  
  1.650076429751e-05  ,-4.801761478731e-02  ,-7.344652902475e-02  
  1.650104592946e-05  ,-6.570586084773e-02  ,-9.039481578738e-02  
  1.650112087764e-05  ,-7.041226565472e-02  ,-9.490439505430e-02  
  1.650122022648e-05  ,-7.665031425124e-02  ,-1.008816004576e-01  
  1.650139077493e-05  ,-8.735716500684e-02  ,-1.111405703272e-01  
  1.650157715586e-05  ,-9.905508362831e-02  ,-1.223495790603e-01  
  1.650191275795e-05  ,-1.201098109694e-01  ,-1.425245722069e-01  
  1.650251187776e-05  ,-1.576621814881e-01  ,-1.785084028889e-01  
  1.650307923947e-05  ,-1.931727051941e-01  ,-2.125357211199e-01  
  1.650362853353e-05  ,-2.274940393654e-01  ,-2.454228678822e-01  
  1.650389801171e-05  ,-2.443076081217e-01  ,-2.615334837254e-01  
  1.650398781449e-05  ,-2.499068479927e-01  ,-2.668985521513e-01  
  1.650414739661e-05  ,-2.598519219396e-01  ,-2.764276046434e-01  
  1.650430299733e-05  ,-2.695425900677e-01  ,-2.857127601055e-01  
  1.650461419877e-05  ,-2.889043720811e-01  ,-3.042639064423e-01  
  1.650520018694e-05  ,-3.252859195509e-01  ,-3.391203639653e-01  
  1.650637216326e-05  ,-3.977060090048e-01  ,-4.084951054250e-01  
  1.650871611592e-05  ,-5.408315257730e-01  ,-5.455457704842e-01  
  1.651291377303e-05  ,-7.893206616258e-01  ,-7.831833228744e-01  
  1.652045972106e-05  ,-1.198815647328e+00  ,-1.173120008361e+00  
  1.653424776551e-05  ,-1.760059923746e+00  ,-1.698021734660e+00  
  1.655420042035e-05  ,-1.982611787188e+00  ,-1.877148636957e+00  
  1.657674289700e-05  ,-1.334697942723e+00  ,-1.245478272394e+00  
  1.657966277954e-05  ,-1.192645817566e+00  ,-1.110837326610e+00  
  1.658550254461e-05  ,-8.797347579601e-01  ,-8.135132246018e-01  
  1.659261784908e-05  ,-4.596874599732e-01  ,-4.125843167137e-01  
  1.659439667520e-05  ,-3.502517949831e-01  ,-3.079168436476e-01  
  1.659484138173e-05  ,-3.227085834093e-01  ,-2.815660042824e-01  
  1.659573079479e-05  ,-2.674385878044e-01  ,-2.286762619708e-01  
  1.659595314805e-05  ,-2.535867766634e-01  ,-2.154183580444e-01  
  1.659639785458e-05  ,-2.258467087717e-01  ,-1.888647266003e-01  
  1.659699632247e-05  ,-1.884466661713e-01  ,-1.530583511109e-01  
  1.659754319508e-05  ,-1.542123872054e-01  ,-1.202775143950e-01  
  1.659782273155e-05  ,-1.366951607282e-01  ,-1.035021702184e-01  
  1.659794263933e-05  ,-1.291777983163e-01  ,-9.630283042253e-02  
  1.659811793753e-05  ,-1.181845831123e-01  ,-8.577431704496e-02  
  1.659840124585e-05  ,-1.004104559032e-01  ,-6.875064797105e-02  
  1.659896786251e-05  ,-6.483974762926e-02  ,-3.467874080861e-02  
  1.659962854274e-05  ,-2.333881814425e-02  ,5.078106579052e-03  
  1.660029192381e-05  ,1.834185692394e-02  ,4.501106035369e-02  
  1.660079018139e-05  ,4.964346181808e-02  ,7.500228514602e-02  
  1.660107595772e-05  ,6.759154416609e-02  ,9.219962606350e-02  
  1.660115408404e-05  ,7.249735314857e-02  ,9.690029430336e-02  
  1.660125154695e-05  ,7.861675428924e-02  ,1.027638427830e-01  
  1.660141233979e-05  ,8.871081230631e-02  ,1.124356879094e-01  
  1.660160025741e-05  ,1.005047892266e-01  ,1.237367836983e-01  
  1.660191076035e-05  ,1.199845247547e-01  ,1.424026495642e-01  
  1.660253176625e-05  ,1.589078922414e-01  ,1.797003084489e-01  
  1.660315817381e-05  ,1.981085088853e-01  ,2.172636615914e-01  
  1.660372795696e-05  ,2.336993338308e-01  ,2.513671791107e-01  
  1.660397480401e-05  ,2.490957612235e-01  ,2.661198404647e-01  
  1.660405847170e-05  ,2.543109577525e-01  ,2.711169075384e-01  
  1.660419975333e-05  ,2.631133544609e-01  ,2.795510549660e-01  
  1.660437223428e-05  ,2.738525455581e-01  ,2.898408205146e-01  
  1.660467975699e-05  ,2.929796982600e-01  ,3.081670646344e-01  
  1.660529480242e-05  ,3.311501840001e-01  ,3.447371450292e-01  
  1.660652489327e-05  ,4.071060596966e-01  ,4.174974450299e-01  
  1.660898507499e-05  ,5.570816198310e-01  ,5.610987488356e-01  
  1.661342934631e-05  ,8.189806986427e-01  ,8.115103324147e-01  
  1.662138358616e-05  ,1.244768506344e+00  ,1.216664012122e+00  
  1.663594500088e-05  ,1.808180040215e+00  ,1.741661989523e+00  
  1.665549830460e-05  ,1.970236964325e+00  ,1.863162491392e+00  
  1.667776361965e-05  ,1.286256550976e+00  ,1.199523680168e+00  
  1.668084778749e-05  ,1.132063900961e+00  ,1.053321740661e+00  
  1.668701612317e-05  ,7.933659495426e-01  ,7.312058241269e-01  
  1.669303619229e-05  ,4.340669386639e-01  ,3.880907649002e-01  
  1.669454120957e-05  ,3.413071955336e-01  ,2.993647877126e-01  
  1.669491746389e-05  ,3.179899223544e-01  ,2.770557266433e-01  
  1.669566997253e-05  ,2.712253517058e-01  ,2.323044119420e-01  
  1.669661954903e-05  ,2.120009671880e-01  ,1.756127468144e-01  
  1.669776265435e-05  ,1.404608496763e-01  ,1.071102239608e-01  
  1.669828195982e-05  ,1.078952439347e-01  ,7.592088887450e-02  
  1.669839702473e-05  ,1.006753417507e-01  ,6.900565100443e-02  
  1.669853995946e-05  ,9.170488822669e-02  ,6.041350207677e-02  
  1.669882582892e-05  ,7.375861471047e-02  ,4.322332419907e-02  
  1.669939756785e-05  ,3.784966857084e-02  ,8.824482134050e-03  
  1.669996586089e-05  ,2.145023350801e-03  ,-2.538189224762e-02  
  1.670049904306e-05  ,-3.135451574409e-02  ,-5.747799266265e-02  
  1.670081117582e-05  ,-5.096216357917e-02  ,-7.626507150693e-02  
  1.670111958329e-05  ,-7.033098947161e-02  ,-9.482381721164e-02  
  1.670117924614e-05  ,-7.407727273347e-02  ,-9.841346694645e-02  
  1.670129207587e-05  ,-8.116122910183e-02  ,-1.052012808538e-01  
  1.670146525531e-05  ,-9.203219576955e-02  ,-1.156174681388e-01  
  1.670162586189e-05  ,-1.021115007926e-01  ,-1.252755401566e-01  
  1.670194707504e-05  ,-1.222620556204e-01  ,-1.445843071347e-01  
  1.670258950135e-05  ,-1.625237641455e-01  ,-1.831645275379e-01  
  1.670316887713e-05  ,-1.987776995877e-01  ,-2.179043407674e-01  
  1.670368520236e-05  ,-2.310311757442e-01  ,-2.488101728765e-01  
  1.670396250366e-05  ,-2.483289066243e-01  ,-2.653847288579e-01  
  1.670404305142e-05  ,-2.533499077905e-01  ,-2.701957414372e-01  
  1.670419068933e-05  ,-2.625487854393e-01  ,-2.790098151653e-01  
  1.670434922372e-05  ,-2.724202956461e-01  ,-2.884682492901e-01  
  1.670466629249e-05  ,-2.921427988980e-01  ,-3.073649967107e-01  
  1.670522070882e-05  ,-3.265581108145e-01  ,-3.403376141168e-01  
  1.670632954147e-05  ,-3.950811287117e-01  ,-4.059795227059e-01  
  1.670854720679e-05  ,-5.306064825606e-01  ,-5.357568559617e-01  
  1.671277764645e-05  ,-7.814546613840e-01  ,-7.756692340658e-01  
  1.672009411660e-05  ,-1.180349497256e+00  ,-1.155604722535e+00  
  1.673369440642e-05  ,-1.743282576263e+00  ,-1.682713481677e+00  
  1.675391230193e-05  ,-1.984912486206e+00  ,-1.879895076972e+00  
  1.677649650183e-05  ,-1.346187587156e+00  ,-1.256372724378e+00  
  1.679494711962e-05  ,-3.161501626222e-01  ,-2.740298685766e-01  
  1.679533776288e-05  ,-2.918907236388e-01  ,-2.508566134040e-01  
  1.679611904938e-05  ,-2.432436206842e-01  ,-2.043913233145e-01  
  1.679693162833e-05  ,-1.924930424609e-01  ,-1.559024799986e-01  
  1.679776106421e-05  ,-1.405605142523e-01  ,-1.062631377530e-01  
  1.679817508367e-05  ,-1.146000712246e-01  ,-8.144080224786e-02  
  1.679831208122e-05  ,-1.060053689800e-01  ,-7.322188779018e-02  
  1.679845429417e-05  ,-9.708139707566e-02  ,-6.468763547848e-02  
  1.679866090809e-05  ,-8.411281098504e-02  ,-5.228459078879e-02  
  1.679907413591e-05  ,-5.816555370031e-02  ,-2.746604503933e-02  
  1.679959074054e-05  ,-2.571382149169e-02  ,3.579040447337e-03  
  1.680014552940e-05  ,9.143850176879e-03  ,3.693128550144e-02  
  1.680072453265e-05  ,4.551979793633e-02  ,7.174158715589e-02  
  1.680095903967e-05  ,6.024912342645e-02  ,8.583831916811e-02  
  1.680102642086e-05  ,6.448074875098e-02  ,8.988833571662e-02  
  1.680114142756e-05  ,7.170263949944e-02  ,9.680041489438e-02  
  1.680128145191e-05  ,8.049425078654e-02  ,1.052150901400e-01  
  1.680153863663e-05  ,9.663774778887e-02  ,1.206670204267e-01  
  1.680196234184e-05  ,1.232194887368e-01  ,1.461115086308e-01  
  1.680252150791e-05  ,1.582653717186e-01  ,1.796603918421e-01  
  1.680309576141e-05  ,1.942059298071e-01  ,2.140678234838e-01  
  1.680363909500e-05  ,2.281533171130e-01  ,2.465682619171e-01  
  1.680390675711e-05  ,2.448529734533e-01  ,2.625563655260e-01  
  1.680399531425e-05  ,2.503743713583e-01  ,2.678425148854e-01  
  1.680414977410e-05  ,2.600000365039e-01  ,2.770580672924e-01  
  1.680430721418e-05  ,2.698051224933e-01  ,2.864453886899e-01  
  1.680462209434e-05  ,2.893952531324e-01  ,3.052007696909e-01  
  1.680516114384e-05  ,3.228651894087e-01  ,3.372440244391e-01  
  1.680623924286e-05  ,3.895177176176e-01  ,4.010514591993e-01  
  1.680839544088e-05  ,5.214064661042e-01  ,5.272786817023e-01  
  1.681240385324e-05  ,7.597821526024e-01  ,7.551907805829e-01  
  1.681952809841e-05  ,1.151454478852e+00  ,1.128307015925e+00  
  1.683252787144e-05  ,1.706194681654e+00  ,1.648754601230e+00  
  1.685379778892e-05  ,1.985781750044e+00  ,1.881106195271e+00  
  1.687609886677e-05  ,1.364559275102e+00  ,1.273812172539e+00  
  1.689454650432e-05  ,3.409793915821e-01  ,2.977996330409e-01  
  1.689767165036e-05  ,1.461640989733e-01  ,1.116589469641e-01  
  1.689845293686e-05  ,9.716657872917e-02  ,6.481226918778e-02  
  1.689944069759e-05  ,3.514019882359e-02  ,5.477809529294e-03  
  1.690032126308e-05  ,-2.018521197522e-02  ,-4.746363696582e-02  
  1.690084904358e-05  ,-5.334065607505e-02  ,-7.919565845147e-02  
  1.690121849925e-05  ,-7.654186875568e-02  ,-1.014027154612e-01  
  1.690130802263e-05  ,-8.216235782056e-02  ,-1.067825810047e-01  
  1.690140304082e-05  ,-8.812711163580e-02  ,-1.124920626086e-01  
  1.690153058544e-05  ,-9.613246436030e-02  ,-1.201546805145e-01  
  1.690167547595e-05  ,-1.052246537083e-01  ,-1.288580907202e-01  
  1.690196525697e-05  ,-1.234023034630e-01  ,-1.462591165703e-01  
  1.690254481901e-05  ,-1.597254154808e-01  ,-1.810323392385e-01  
  1.690313220416e-05  ,-1.964847466116e-01  ,-2.162251886829e-01  
  1.690368568916e-05  ,-2.310615576517e-01  ,-2.493296613591e-01  
  1.690392056872e-05  ,-2.457142312145e-01  ,-2.633585664617e-01  
  1.690400435282e-05  ,-2.509378042337e-01  ,-2.683597758004e-01  
  1.690414414434e-05  ,-2.596493064360e-01  ,-2.767004354463e-01  
  1.690430295813e-05  ,-2.695401489900e-01  ,-2.861702187976e-01  
  1.690462058569e-05  ,-2.893014591582e-01  ,-3.050901845652e-01  
  1.690507129925e-05  ,-3.172928509021e-01  ,-3.318894291121e-01  
  1.690597272637e-05  ,-3.730791925563e-01  ,-3.852971724557e-01  
  1.690777558061e-05  ,-4.837098386159e-01  ,-4.911899311351e-01  
  1.691138128909e-05  ,-6.999674726894e-01  ,-6.980284784546e-01  
  1.691762860092e-05  ,-1.051878114315e+00  ,-1.033678117956e+00  
  1.692917104038e-05  ,-1.586873958442e+00  ,-1.538345825063e+00  
  1.695004458698e-05  ,-1.999998037924e+00  ,-1.899859305831e+00  
  1.696928496631e-05  ,-1.644030914182e+00  ,-1.540803648090e+00  
  1.698970253738e-05  ,-6.357821112598e-01  ,-5.804012333123e-01  
  1.699282768341e-05  ,-4.468462602759e-01  ,-3.999416220884e-01  
  1.699749398204e-05  ,-1.572951425312e-01  ,-1.229386207493e-01  
  1.699809272932e-05  ,-1.197656560946e-01  ,-8.701692241137e-02  
  1.699929022389e-05  ,-4.459285262612e-02  ,-1.504362058824e-02  
  1.700023458498e-05  ,1.473927567446e-02  ,4.177711488688e-02  
  1.700085475268e-05  ,5.369924097913e-02  ,7.909282771084e-02  
  1.700124087902e-05  ,7.794698227523e-02  ,1.023186881026e-01  
  1.700132979705e-05  ,8.352931037309e-02  ,1.076658834913e-01  
  1.700142762084e-05  ,8.966999363697e-02  ,1.135479677223e-01  
  1.700155774989e-05  ,9.783724872714e-02  ,1.213710924892e-01  
  1.700168298949e-05  ,1.056960864497e-01  ,1.288991212501e-01  
  1.700193346870e-05  ,1.214087316053e-01  ,1.439506306263e-01  
  1.700243442711e-05  ,1.528104960317e-01  ,1.740317930081e-01  
  1.700295019355e-05  ,1.851008546247e-01  ,2.049647871784e-01  
  1.700343476069e-05  ,2.153938118937e-01  ,2.339843893950e-01  
  1.700373236482e-05  ,2.339743881481e-01  ,2.517838170923e-01  
  1.700405674447e-05  ,2.542033131840e-01  ,2.711620355081e-01  
  1.700413709432e-05  ,2.592100831613e-01  ,2.759581980505e-01  
  1.700425255504e-05  ,2.664017853069e-01  ,2.828473410877e-01  
  1.700441015810e-05  ,2.762127317650e-01  ,2.922454432210e-01  
  1.700456731879e-05  ,2.859893971514e-01  ,3.016105910696e-01  
  1.700485519060e-05  ,3.038790996435e-01  ,3.187469353672e-01  
  1.700543093421e-05  ,3.395824815493e-01  ,3.529451794741e-01  
  1.700658242144e-05  ,4.106443187192e-01  ,4.210028030068e-01  
  1.700888539591e-05  ,5.510637395875e-01  ,5.554344852639e-01  
  1.701349134483e-05  ,8.225330471269e-01  ,8.149668405101e-01  
  1.702140833177e-05  ,1.245985100436e+00  ,1.217847669882e+00  
  1.703607703485e-05  ,1.811709678375e+00  ,1.744857267026e+00  
  1.705595816412e-05  ,1.965065359907e+00  ,1.857587804894e+00  
  1.707800294199e-05  ,1.274705544319e+00  ,1.188577263357e+00  
  1.708112808802e-05  ,1.117501321401e+00  ,1.039494894970e+00  
  1.708737838008e-05  ,7.724211833053e-01  ,7.112359397364e-01  
  1.709364133813e-05  ,3.968745970873e-01  ,3.525077701754e-01  
  1.709520707764e-05  ,3.000115159825e-01  ,2.598344593796e-01  
  1.709549676553e-05  ,2.820036627088e-01  ,2.426014141959e-01  
  1.709607614130e-05  ,2.459193793720e-01  ,2.080653489964e-01  
  1.709682138563e-05  ,1.993864701993e-01  ,1.635194238657e-01  
  1.709760993645e-05  ,1.500310518323e-01  ,1.162609980920e-01  
  1.709802279175e-05  ,1.241517849901e-01  ,9.147731773745e-02  
  1.709813151202e-05  ,1.173331523329e-01  ,8.494694971502e-02  
  1.709833502928e-05  ,1.045654986779e-01  ,7.271862946637e-02  
  1.709858783680e-05  ,8.869972774906e-02  ,5.752231280276e-02  
  1.709909345182e-05  ,5.695240203928e-02  ,2.711221532936e-02  
  1.709968921887e-05  ,1.952664386274e-02  ,-8.740743504853e-03  
  1.710025536987e-05  ,-1.604518979617e-02  ,-4.282059721004e-02  
  1.710072261440e-05  ,-4.539930218067e-02  ,-7.094532786749e-02  
  1.710098231370e-05  ,-6.171079397416e-02  ,-8.657422789870e-02  
  1.710105158082e-05  ,-6.606075346266e-02  ,-9.074220736289e-02  
  1.710115773995e-05  ,-7.272690910373e-02  ,-9.712952776308e-02  
  1.710129816011e-05  ,-8.154319661837e-02  ,-1.055768593561e-01  
  1.710152929109e-05  ,-9.605123174010e-02  ,-1.194783544457e-01  
  1.710189907272e-05  ,-1.192514837564e-01  ,-1.417089984370e-01  
  1.710249372218e-05  ,-1.565249575202e-01  ,-1.774252725042e-01  
  1.710307347049e-05  ,-1.928119207517e-01  ,-2.121963280970e-01  
  1.710362453405e-05  ,-2.272443743185e-01  ,-2.451897044041e-01  
  1.710389876199e-05  ,-2.443543960963e-01  ,-2.615842591266e-01  
  1.710398918177e-05  ,-2.499920828667e-01  ,-2.669861265143e-01  
  1.710415083608e-05  ,-2.600661967362e-01  ,-2.766387489853e-01  
  1.710430583144e-05  ,-2.697190366396e-01  ,-2.858875902114e-01  
  1.710461582216e-05  ,-2.890053024030e-01  ,-3.043662476977e-01  
  1.710522071617e-05  ,-3.265585668931e-01  ,-3.403450089550e-01  
  1.710643050420e-05  ,-4.012978020583e-01  ,-4.119404075355e-01  
  1.710885008025e-05  ,-5.489303437626e-01  ,-5.533020942171e-01  
  1.711311404752e-05  ,-8.008671307420e-01  ,-7.942152083256e-01  
  1.712085371065e-05  ,-1.218538373897e+00  ,-1.191818339610e+00  
  1.713493381786e-05  ,-1.780121348087e+00  ,-1.716268694148e+00  
  1.715471659946e-05  ,-1.978083915249e+00  ,-1.871938179353e+00  
  1.717713986682e-05  ,-1.316018938649e+00  ,-1.227751731049e+00  
  1.718012233424e-05  ,-1.169343339594e+00  ,-1.088718578091e+00  
  1.718608726906e-05  ,-8.465939716733e-01  ,-7.819404405371e-01  
  1.719305579709e-05  ,-4.328644112639e-01  ,-3.869302314830e-01  
  1.719479792910e-05  ,-3.254027156212e-01  ,-2.841343839837e-01  
  1.719523346210e-05  ,-2.983723861172e-01  ,-2.582706163411e-01  
  1.719610452811e-05  ,-2.441492207618e-01  ,-2.063761834726e-01  
  1.719698080952e-05  ,-1.894170145699e-01  ,-1.539791770067e-01  
  1.719785923297e-05  ,-1.344069826470e-01  ,-1.013031450393e-01  
  1.719827860753e-05  ,-1.081055675531e-01  ,-7.611354786345e-02  
  1.719838831733e-05  ,-1.012217464948e-01  ,-6.952033847422e-02  
  1.719851500048e-05  ,-9.327142938154e-02  ,-6.190546513522e-02  
  1.719876836679e-05  ,-7.736648903449e-02  ,-4.667099637436e-02  
  1.719927509940e-05  ,-4.554291119640e-02  ,-1.618668990841e-02  
  1.719978378779e-05  ,-1.358490941910e-02  ,1.442908936208e-02  
  1.720029396630e-05  ,1.847018451524e-02  ,4.514009639548e-02  
  1.720068917303e-05  ,4.329863553923e-02  ,6.892879258570e-02  
  1.720091895359e-05  ,5.773153676422e-02  ,8.275770335260e-02  
  1.720097845346e-05  ,6.146836304139e-02  ,8.633819297989e-02  
  1.720108878026e-05  ,6.839674252903e-02  ,9.297675674319e-02  
  1.720121273930e-05  ,7.618022426075e-02  ,1.004344743451e-01  
  1.720146065737e-05  ,9.174360377736e-02  ,1.153471761890e-01  
  1.720186014819e-05  ,1.168100459932e-01  ,1.393660444213e-01  
  1.720247519361e-05  ,1.553643175121e-01  ,1.763097227794e-01  
  1.720307934257e-05  ,1.931791527090e-01  ,2.125449560136e-01  
  1.720364521416e-05  ,2.285352812796e-01  ,2.464234918477e-01  
  1.720392284142e-05  ,2.458559471597e-01  ,2.630199095847e-01  
  1.720401151497e-05  ,2.513842528445e-01  ,2.683169778913e-01  
  1.720416942072e-05  ,2.612239451689e-01  ,2.777449991200e-01  
  1.720432900284e-05  ,2.711615669131e-01  ,2.872667133791e-01  
  1.720464816709e-05  ,2.910161144043e-01  ,3.062898506516e-01  
  1.720523005743e-05  ,3.271376047607e-01  ,3.408969104820e-01  
  1.720639383812e-05  ,3.990405906136e-01  ,4.097760192548e-01  
  1.720872139950e-05  ,5.411511271381e-01  ,5.458537764643e-01  
  1.721296226997e-05  ,7.921195511781e-01  ,7.858585240284e-01  
  1.722053056975e-05  ,1.202375893934e+00  ,1.176496386441e+00  
  1.723441845198e-05  ,1.765127877301e+00  ,1.702640721239e+00  
  1.725469297190e-05  ,1.978302543366e+00  ,1.872294886666e+00  
  1.727699106951e-05  ,1.323044580397e+00  ,1.234437768048e+00  
  1.727997055669e-05  ,1.177066664909e+00  ,1.096055555953e+00  
  1.728592953105e-05  ,8.555627909695e-01  ,7.904886184305e-01  
  1.729291743059e-05  ,4.413480545672e-01  ,3.950456718505e-01  
  1.729466440548e-05  ,3.336775776445e-01  ,2.920551886531e-01  
  1.729510114920e-05  ,3.065902147826e-01  ,2.661380039970e-01  
  1.729597463664e-05  ,2.522474479282e-01  ,2.141312137965e-01  
  1.729688239676e-05  ,1.955717614067e-01  ,1.598752636461e-01  
  1.729784594309e-05  ,1.352401109409e-01  ,1.021039595321e-01  
  1.729833339733e-05  ,1.046678971550e-01  ,7.282380138690e-02  
  1.729844885804e-05  ,9.742255514019e-02  ,6.588421393608e-02  
  1.729855317781e-05  ,9.087522017608e-02  ,5.961303378316e-02  
  1.729876181735e-05  ,7.777769239055e-02  ,4.706804344317e-02  
  1.729917909643e-05  ,5.157317505260e-02  ,2.196638549354e-02  
  1.729968527025e-05  ,1.977473109056e-02  ,-8.496210535059e-03  
  1.730017943001e-05  ,-1.127386030791e-02  ,-3.824262124664e-02  
  1.730081543020e-05  ,-5.122938657150e-02  ,-7.652505356623e-02  
  1.730101734093e-05  ,-6.391053392454e-02  ,-8.867568763589e-02  
  1.730108443108e-05  ,-6.812363448862e-02  ,-9.271257558465e-02  
  1.730119692321e-05  ,-7.518718165640e-02  ,-9.948073545437e-02  
  1.730135231438e-05  ,-8.494286053275e-02  ,-1.088282476048e-01  
  1.730159166428e-05  ,-9.996554563353e-02  ,-1.232230348870e-01  
  1.730201574201e-05  ,-1.265681717616e-01  ,-1.487141394883e-01  
  1.730255544345e-05  ,-1.603908272474e-01  ,-1.811240365221e-01  
  1.730311563397e-05  ,-1.954486211184e-01  ,-2.147174629413e-01  
  1.730365542854e-05  ,-2.291728538041e-01  ,-2.470323723967e-01  
  1.730391061092e-05  ,-2.450932923638e-01  ,-2.622871589805e-01  
  1.730399717736e-05  ,-2.504905127174e-01  ,-2.674586462304e-01  
  1.730414535078e-05  ,-2.597244672925e-01  ,-2.763063138545e-01  
  1.730430639973e-05  ,-2.697544173079e-01  ,-2.859165424241e-01  
  1.730462849765e-05  ,-2.897933448323e-01  ,-3.051164450456e-01  
  1.730514305337e-05  ,-3.217433879392e-01  ,-3.357272157849e-01  
  1.730617216481e-05  ,-3.853829235128e-01  ,-3.966919645261e-01  
  1.730823038770e-05  ,-5.113875300974e-01  ,-5.173596938989e-01  
  1.731226115181e-05  ,-7.514805343237e-01  ,-7.470307753692e-01  
  1.731909854962e-05  ,-1.129282688410e+00  ,-1.107127306172e+00  
  1.733194186045e-05  ,-1.686695651771e+00  ,-1.630773430012e+00  
  1.735511018588e-05  ,-1.974281823859e+00  ,-1.866428181467e+00  
  1.737703873469e-05  ,-1.320797152180e+00  ,-1.232311810345e+00  
  1.739542676760e-05  ,-2.863571367626e-01  ,-2.455968149900e-01  
  1.739855191364e-05  ,-9.095456866672e-02  ,-5.869093176611e-02  
  1.739933320014e-05  ,-4.189320648469e-02  ,-1.177339322452e-02  
  1.740013348563e-05  ,8.387125036314e-03  ,3.632330111445e-02  
  1.740089418991e-05  ,5.617621985223e-02  ,8.204771857691e-02  
  1.740129097989e-05  ,8.109242329759e-02  ,1.058909476883e-01  
  1.740138272681e-05  ,8.685196670643e-02  ,1.114027576758e-01  
  1.740147457850e-05  ,9.261736464190e-02  ,1.169202747931e-01  
  1.740161804874e-05  ,1.016212236236e-01  ,1.255372175607e-01  
  1.740177092534e-05  ,1.112131274448e-01  ,1.347171912600e-01  
  1.740207667854e-05  ,1.303890180153e-01  ,1.530702873624e-01  
  1.740255360883e-05  ,1.602759261610e-01  ,1.816765172377e-01  
  1.740310523119e-05  ,1.947981133111e-01  ,2.147213868489e-01  
  1.740361401272e-05  ,2.265875678935e-01  ,2.451517855458e-01  
  1.740385354888e-05  ,2.415346100641e-01  ,2.594600968713e-01  
  1.740394413164e-05  ,2.471834503730e-01  ,2.648675721136e-01  
  1.740409461009e-05  ,2.565630040747e-01  ,2.738463770000e-01  
  1.740423973343e-05  ,2.656033368407e-01  ,2.825004694679e-01  
  1.740452998011e-05  ,2.836672519813e-01  ,2.997926252612e-01  
  1.740511047347e-05  ,3.197228265701e-01  ,3.343074655348e-01  
  1.740627146019e-05  ,3.915030300922e-01  ,4.030163059824e-01  
  1.740854165210e-05  ,5.302699700026e-01  ,5.358103342444e-01  
  1.741248300924e-05  ,7.643804578086e-01  ,7.596187194000e-01  
  1.741979128374e-05  ,1.164935836744e+00  ,1.141122028381e+00  
  1.743289089455e-05  ,1.717984317755e+00  ,1.659583843467e+00  
  1.745378828301e-05  ,1.985852753977e+00  ,1.881092485159e+00  
  1.747617578758e-05  ,1.361021873276e+00  ,1.270453105614e+00  
  1.749461448445e-05  ,3.367698345381e-01  ,2.937731717979e-01  
  1.749773963048e-05  ,1.419038736497e-01  ,1.075791243051e-01  
  1.749852091699e-05  ,9.290008720649e-02  ,6.072563210543e-02  
  1.749947328745e-05  ,3.309281531116e-02  ,3.513552075383e-03  
  1.750033569215e-05  ,-2.109176913838e-02  ,-4.833608474139e-02  
  1.750084745391e-05  ,-5.324080934279e-02  ,-7.910470118261e-02  
  1.750121574542e-05  ,-7.636896713037e-02  ,-1.012416519448e-01  
  1.750130496612e-05  ,-8.197047353062e-02  ,-1.066033039162e-01  
  1.750139946044e-05  ,-8.790236788584e-02  ,-1.122812862172e-01  
  1.750152770356e-05  ,-9.595159911191e-02  ,-1.199858457056e-01  
  1.750167331584e-05  ,-1.050891177530e-01  ,-1.287325790731e-01  
  1.750196454041e-05  ,-1.233573664473e-01  ,-1.462202036198e-01  
  1.750254698955e-05  ,-1.598613585712e-01  ,-1.811663521058e-01  
  1.750313390904e-05  ,-1.965913488476e-01  ,-2.163308911802e-01  
  1.750368925669e-05  ,-2.312842094001e-01  ,-2.495462758501e-01  
  1.750392325149e-05  ,-2.458815166403e-01  ,-2.635220918887e-01  
  1.750400691918e-05  ,-2.510977778404e-01  ,-2.685162725152e-01  
  1.750414629160e-05  ,-2.597830802015e-01  ,-2.768318011726e-01  
  1.750430559433e-05  ,-2.697042743740e-01  ,-2.863305916305e-01  
  1.750462419978e-05  ,-2.895261490373e-01  ,-3.053084401594e-01  
  1.750507770731e-05  ,-3.176903755088e-01  ,-3.322730130081e-01  
  1.750598472236e-05  ,-3.738196666513e-01  ,-3.860087793611e-01  
  1.750779875247e-05  ,-4.851224184365e-01  ,-4.925440627193e-01  
  1.751142681270e-05  ,-7.026461889549e-01  ,-7.005902384635e-01  
  1.751770690708e-05  ,-1.056059599745e+00  ,-1.037656490156e+00  
  1.752931789188e-05  ,-1.592473057522e+00  ,-1.543555954252e+00  
  1.755031064777e-05  ,-1.999904757061e+00  ,-1.899270512390e+00  
  1.756966129570e-05  ,-1.630451057022e+00  ,-1.527827247879e+00  
  1.759004906444e-05  ,-6.151013292064e-01  ,-5.606204989570e-01  
  1.759317421048e-05  ,-4.255976492863e-01  ,-3.795946121559e-01  
  1.759381198017e-05  ,-3.863604059745e-01  ,-3.420947315500e-01  
  1.759508751957e-05  ,-3.074364393799e-01  ,-2.666416325011e-01  
  1.759540640442e-05  ,-2.876233521247e-01  ,-2.476929733547e-01  
  1.759604417412e-05  ,-2.479125706845e-01  ,-2.097069173384e-01  
  1.759685516982e-05  ,-1.972742098420e-01  ,-1.612537373623e-01  
  1.759766504793e-05  ,-1.465778291145e-01  ,-1.127313566181e-01  
  1.759809182650e-05  ,-1.198222803579e-01  ,-8.711823173172e-02  
  1.759822859122e-05  ,-1.112434557606e-01  ,-7.890506668312e-02  
  1.759839550751e-05  ,-1.007705503768e-01  ,-6.887814431321e-02  
  1.759865222658e-05  ,-8.465780057261e-02  ,-5.345070297983e-02  
  1.759916566471e-05  ,-5.241682968615e-02  ,-2.257811298642e-02  
  1.759970378290e-05  ,-1.861160094973e-02  ,9.796092673954e-03  
  1.760025242502e-05  ,1.586016580316e-02  ,4.281191548676e-02  
  1.760070854026e-05  ,4.451522090964e-02  ,7.025890093208e-02  
  1.760096172030e-05  ,6.041747545593e-02  ,8.549143971157e-02  
  1.760102856597e-05  ,6.461546010576e-02  ,8.951270054393e-02  
  1.760113726296e-05  ,7.144113787324e-02  ,9.605109818610e-02  
  1.760127146654e-05  ,7.986735643142e-02  ,1.041225029220e-01  
  1.760151733570e-05  ,9.530091258965e-02  ,1.189069678619e-01  
  1.760189787411e-05  ,1.191763066419e-01  ,1.417787981721e-01  
  1.760249131285e-05  ,1.563740386318e-01  ,1.774140420665e-01  
  1.760307515897e-05  ,1.929175171382e-01  ,2.124231266342e-01  
  1.760362724700e-05  ,2.274137288181e-01  ,2.454707120352e-01  
  1.760390156806e-05  ,2.445293851649e-01  ,2.618674016700e-01  
  1.760399161531e-05  ,2.501437871420e-01  ,2.672459089428e-01  
  1.760415273412e-05  ,2.601844408209e-01  ,2.768646205427e-01  
  1.760430831155e-05  ,2.698734423040e-01  ,2.861463546575e-01  
  1.760461946643e-05  ,2.892318732085e-01  ,3.046907339257e-01  
  1.760521653733e-05  ,3.262995231876e-01  ,3.401980147511e-01  
  1.760641067913e-05  ,4.000774112393e-01  ,4.108613827386e-01  
  1.760879896274e-05  ,5.458411727864e-01  ,5.504165285444e-01  
  1.761304206839e-05  ,7.967209281577e-01  ,7.903030648406e-01  
  1.762070871583e-05  ,1.211301627381e+00  ,1.184983488969e+00  
  1.763468600503e-05  ,1.772969766166e+00  ,1.709780505818e+00  
  1.765452839127e-05  ,1.979795177476e+00  ,1.873888737836e+00  
  1.767699636212e-05  ,1.322795178368e+00  ,1.234177692923e+00  
  1.767995536021e-05  ,1.177838479492e+00  ,1.096783050109e+00  
  1.768587335637e-05  ,8.587517626948e-01  ,7.935243604707e-01  
  1.769283517888e-05  ,4.463871985931e-01  ,3.998653851554e-01  
  1.769457563451e-05  ,3.391757420612e-01  ,2.973175845752e-01  
  1.769501074842e-05  ,3.122018838244e-01  ,2.715098066385e-01  
  1.769588097623e-05  ,2.580842112771e-01  ,2.197199638987e-01  
  1.769609853319e-05  ,2.445230714180e-01  ,2.067396770841e-01  
  1.769653364709e-05  ,2.173671580136e-01  ,1.807441503071e-01  
  1.769705993748e-05  ,1.844670258684e-01  ,1.492451421972e-01  
  1.769757598332e-05  ,1.521582934360e-01  ,1.183078214712e-01  
  1.769784182935e-05  ,1.354979924183e-01  ,1.023530691048e-01  
  1.769795562532e-05  ,1.283635575119e-01  ,9.552045636788e-02  
  1.769812202938e-05  ,1.179279323360e-01  ,8.552597973203e-02  
  1.769843309112e-05  ,9.841203184758e-02  ,6.683407049064e-02  
  1.769903686755e-05  ,6.050616310446e-02  ,3.052515468387e-02  
  1.769973191359e-05  ,1.684416696923e-02  ,-1.130242001652e-02  
  1.770036074259e-05  ,-2.266564018228e-02  ,-4.915598255565e-02  
  1.770075990744e-05  ,-4.774185771277e-02  ,-7.318242245379e-02  
  1.770103734844e-05  ,-6.516698812414e-02  ,-8.987858837723e-02  
  1.770111122560e-05  ,-6.980618277042e-02  ,-9.432376445151e-02  
  1.770121122636e-05  ,-7.608523274225e-02  ,-1.003402517998e-01  
  1.770137935337e-05  ,-8.664020689731e-02  ,-1.104536877117e-01  
  1.770156878438e-05  ,-9.852973061099e-02  ,-1.218462854592e-01  
  1.770191500355e-05  ,-1.202506515269e-01  ,-1.426596306518e-01  
  1.770250341315e-05  ,-1.571319842406e-01  ,-1.780004458114e-01  
  1.770306965728e-05  ,-1.925734444877e-01  ,-2.119615840033e-01  
  1.770361429472e-05  ,-2.266051726660e-01  ,-2.445712400844e-01  
  1.770388726537e-05  ,-2.436374379913e-01  ,-2.608914210993e-01  
  1.770398025793e-05  ,-2.494357691054e-01  ,-2.664472577713e-01  
  1.770414295998e-05  ,-2.595755203211e-01  ,-2.761628477588e-01  
  1.770429662821e-05  ,-2.691460514957e-01  ,-2.853328970986e-01  
  1.770460396465e-05  ,-2.882680728165e-01  ,-3.036543350695e-01  
  1.770521863755e-05  ,-3.264297154349e-01  ,-3.402162448534e-01  
  1.770644798335e-05  ,-4.023736543873e-01  ,-4.129660229634e-01  
  1.770890667495e-05  ,-5.523488654027e-01  ,-5.565700948659e-01  
  1.771315797624e-05  ,-8.033955388625e-01  ,-7.966268031386e-01  
  1.772098406610e-05  ,-1.225022884815e+00  ,-1.197961747066e+00  
  1.773512228784e-05  ,-1.785488157610e+00  ,-1.721135043347e+00  
  1.775484844503e-05  ,-1.976843929337e+00  ,-1.870524655587e+00  
  1.777723594960e-05  ,-1.311466986273e+00  ,-1.223435466182e+00  
  1.778023592588e-05  ,-1.163545731315e+00  ,-1.083215189207e+00  
  1.778623587844e-05  ,-8.381251735927e-01  ,-7.738706420261e-01  
  1.779317013380e-05  ,-4.258479243056e-01  ,-3.802186934665e-01  
  1.779490369764e-05  ,-3.188438488784e-01  ,-2.778564300734e-01  
  1.779743056205e-05  ,-1.612672804685e-01  ,-1.270099876374e-01  
  1.779872342405e-05  ,-8.018813306532e-02  ,-4.935677344174e-02  
  1.779989409652e-05  ,-6.654099514031e-03  ,2.108445756348e-02  
  1.780099082199e-05  ,6.224512844953e-02  ,8.709636967766e-02  
  1.780151254889e-05  ,9.500048890548e-02  ,1.184815084691e-01  
  1.780163627510e-05  ,1.027649233395e-01  ,1.259212671519e-01  
  1.780175990817e-05  ,1.105219624152e-01  ,1.333539806512e-01  
  1.780200717431e-05  ,1.260309216316e-01  ,1.482146136656e-01  
  1.780238375459e-05  ,1.496357625263e-01  ,1.708328817917e-01  
  1.780285807718e-05  ,1.793370867313e-01  ,1.992929596394e-01  
  1.780328629930e-05  ,2.061176530827e-01  ,2.249541289038e-01  
  1.780362539385e-05  ,2.272980470248e-01  ,2.452489246629e-01  
  1.780382357929e-05  ,2.396652408378e-01  ,2.570988355434e-01  
  1.780390254381e-05  ,2.445902330596e-01  ,2.618177832992e-01  
  1.780402808609e-05  ,2.524171552392e-01  ,2.693171964316e-01  
  1.780416678330e-05  ,2.610596503378e-01  ,2.775979656156e-01  
  1.780444417773e-05  ,2.783296070703e-01  ,2.941447925930e-01  
  1.780499896659e-05  ,3.128047983496e-01  ,3.271749807360e-01  
  1.780610854431e-05  ,3.814596755582e-01  ,3.929443554251e-01  
  1.780815708144e-05  ,5.069333219776e-01  ,5.131040416755e-01  
  1.781185368701e-05  ,7.276938139758e-01  ,7.243022497687e-01  
  1.781859646245e-05  ,1.103106342901e+00  ,1.082260781479e+00  
  1.783080051346e-05  ,1.647083496182e+00  ,1.594182190482e+00  
  1.785337577267e-05  ,1.988763293379e+00  ,1.883146156757e+00  
  1.787597487374e-05  ,1.370244629532e+00  ,1.279210406539e+00  
  1.787866155310e-05  ,1.242547341132e+00  ,1.158178969413e+00  
  1.788403491183e-05  ,9.615845247674e-01  ,8.913802096453e-01  
  1.789478162928e-05  ,3.264131744972e-01  ,2.850713496130e-01  
  1.789689647658e-05  ,1.946913203922e-01  ,1.589936021851e-01  
  1.789742518841e-05  ,1.616038144025e-01  ,1.273176830925e-01  
  1.789793648450e-05  ,1.295637078805e-01  ,9.663682984893e-02  
  1.789807099077e-05  ,1.211290508257e-01  ,8.855920841923e-02  
  1.789825767438e-05  ,1.094188899474e-01  ,7.734430841907e-02  
  1.789851173917e-05  ,9.347611979976e-02  ,6.207507273679e-02  
  1.789895607317e-05  ,6.558009942684e-02  ,3.535564458120e-02  
  1.789951766069e-05  ,3.030511306500e-02  ,1.565205222178e-03  
  1.790009945790e-05  ,-6.249113936204e-03  ,-3.345392414582e-02  
  1.790066309432e-05  ,-4.166043165022e-02  ,-6.738062877707e-02  
  1.790093499395e-05  ,-5.873895464486e-02  ,-8.374387820299e-02  
  1.790100811441e-05  ,-6.333110798571e-02  ,-8.814377093621e-02  
  1.790113428534e-05  ,-7.125416729071e-02  ,-9.573517613012e-02  
  1.790127279629e-05  ,-7.995083989327e-02  ,-1.040678969151e-01  
  1.790154981819e-05  ,-9.733947882657e-02  ,-1.207290638531e-01  
  1.790202591029e-05  ,-1.272057761043e-01  ,-1.493464459786e-01  
  1.790260323715e-05  ,-1.633839403035e-01  ,-1.840123345314e-01  
  1.790325497669e-05  ,-2.041599751555e-01  ,-2.230838888314e-01  
  1.790367095192e-05  ,-2.301417646694e-01  ,-2.479791463220e-01  
  1.790392389913e-05  ,-2.459219004255e-01  ,-2.630990586795e-01  
  1.790400217679e-05  ,-2.508021597796e-01  ,-2.677750724254e-01  
  1.790413998925e-05  ,-2.593904413271e-01  ,-2.760038501181e-01  
  1.790429966450e-05  ,-2.693350911301e-01  ,-2.855320956600e-01  
  1.790461901501e-05  ,-2.892038082800e-01  ,-3.045684256524e-01  
  1.790508663208e-05  ,-3.182440032342e-01  ,-3.323907280926e-01  
  1.790602186621e-05  ,-3.761120995599e-01  ,-3.878262682722e-01  
  1.790789233447e-05  ,-4.908246460902e-01  ,-4.976848311309e-01  
  1.791163327098e-05  ,-7.147765614186e-01  ,-7.119580887930e-01  
  1.791803108454e-05  ,-1.073302135108e+00  ,-1.053968360291e+00  
  1.792993562222e-05  ,-1.615653104379e+00  ,-1.565065515399e+00  
  1.795146780015e-05  ,-1.997874032397e+00  ,-1.895191527473e+00  
  1.797159926892e-05  ,-1.556953435840e+00  ,-1.457770155869e+00  
  1.799206750393e-05  ,-4.932705129470e-01  ,-4.440383919452e-01  
  1.799416074455e-05  ,-3.648369112173e-01  ,-3.213151104758e-01  
  1.799468405471e-05  ,-3.324602205054e-01  ,-2.903710193350e-01  
  1.799573067502e-05  ,-2.674460454705e-01  ,-2.282165586261e-01  
  1.799599233009e-05  ,-2.511445741639e-01  ,-2.126270336334e-01  
  1.799651564025e-05  ,-2.184918244748e-01  ,-1.813950683113e-01  
  1.799711457380e-05  ,-1.810484877568e-01  ,-1.455728806675e-01  
  1.799756379724e-05  ,-1.529217369451e-01  ,-1.186586808218e-01  
  1.799784994610e-05  ,-1.349891689774e-01  ,-1.014970344639e-01  
  1.799796214719e-05  ,-1.279546187879e-01  ,-9.476446785677e-02  
  1.799813304488e-05  ,-1.172370054086e-01  ,-8.450649090726e-02  
  1.799843227882e-05  ,-9.846300827646e-02  ,-6.653635894667e-02  
  1.799903074671e-05  ,-6.089056955649e-02  ,-3.056813123041e-02  
  1.799971918036e-05  ,-1.764418956787e-02  ,1.083851916067e-02  
  1.800034754370e-05  ,2.183638081011e-02  ,4.864469808455e-02  
  1.800080803615e-05  ,5.076495580726e-02  ,7.634906341621e-02  
  1.800108864364e-05  ,6.838816314579e-02  ,9.322739372061e-02  
  1.800115373144e-05  ,7.247521327247e-02  ,9.714178158391e-02  
  1.800125707333e-05  ,7.896371711960e-02  ,1.033562341229e-01  
  1.800140482765e-05  ,8.823927263642e-02  ,1.122398818078e-01  
  1.800157253557e-05  ,9.876513739272e-02  ,1.223215059340e-01  
  1.800185793937e-05  ,1.166714985081e-01  ,1.394724990757e-01  
  1.800242874697e-05  ,1.524546433599e-01  ,1.737473089849e-01  
  1.800298400149e-05  ,1.872158482545e-01  ,2.070441870976e-01  
  1.800350880176e-05  ,2.200183051409e-01  ,2.384650079414e-01  
  1.800380631276e-05  ,2.385881348730e-01  ,2.562525955145e-01  
  1.800410116949e-05  ,2.569717325797e-01  ,2.738615963072e-01  
  1.800422280022e-05  ,2.645487778533e-01  ,2.811193072594e-01  
  1.800439528116e-05  ,2.752869127902e-01  ,2.914047897317e-01  
  1.800468394459e-05  ,2.932399718832e-01  ,3.086007757897e-01  
  1.800526127145e-05  ,3.290722679014e-01  ,3.429207093684e-01  
  1.800641592518e-05  ,4.004003623964e-01  ,4.112304678078e-01  
  1.800872523264e-05  ,5.413829825903e-01  ,5.461978112672e-01  
  1.801309872345e-05  ,7.999847628283e-01  ,7.934663465455e-01  
  1.802070129589e-05  ,1.210930618065e+00  ,1.184732088195e+00  
  1.803473818973e-05  ,1.774484700865e+00  ,1.711190983518e+00  
  1.805480409340e-05  ,1.977264835754e+00  ,1.871057855132e+00  
  1.807698298172e-05  ,1.323425628024e+00  ,1.234807041506e+00  
  1.807997699753e-05  ,1.176739459932e+00  ,1.095750710632e+00  
  1.808596502916e-05  ,8.535462298564e-01  ,7.885698207062e-01  
  1.809297304527e-05  ,4.379391543423e-01  ,3.917851756068e-01  
  1.809472504929e-05  ,3.299200164334e-01  ,2.884586868003e-01  
  1.809516305030e-05  ,3.027462471364e-01  ,2.624582760245e-01  
  1.809603905231e-05  ,2.482318982701e-01  ,2.102862288157e-01  
  1.809693032802e-05  ,1.925743640550e-01  ,1.570041463100e-01  
  1.809784879834e-05  ,1.350611204494e-01  ,1.019313828503e-01  
  1.809830565863e-05  ,1.064083426140e-01  ,7.448967950873e-02  
  1.809840045563e-05  ,1.004600446979e-01  ,6.879245887623e-02  
  1.809851880344e-05  ,9.303274151323e-02  ,6.167850091790e-02  
  1.809875549907e-05  ,7.817437970394e-02  ,4.744704002020e-02  
  1.809922889034e-05  ,4.844551017391e-02  ,1.896928289474e-02  
  1.809972947622e-05  ,1.699730560498e-02  ,-1.115797593533e-02  
  1.810023630197e-05  ,-1.484715415357e-02  ,-4.166704279537e-02  
  1.810068012374e-05  ,-4.273018346524e-02  ,-6.838238568521e-02  
  1.810092473562e-05  ,-5.809467964678e-02  ,-8.310394863319e-02  
  1.810098806555e-05  ,-6.207202016912e-02  ,-8.691490366192e-02  
  1.810110391044e-05  ,-6.934683552597e-02  ,-9.388543842442e-02  
  1.810122821872e-05  ,-7.715211000979e-02  ,-1.013640449004e-01  
  1.810147683528e-05  ,-9.275901000877e-02  ,-1.163185048912e-01  
  1.810189974886e-05  ,-1.192938912837e-01  ,-1.417445433906e-01  
  1.810248322245e-05  ,-1.558672549721e-01  ,-1.767901682007e-01  
  1.810307675433e-05  ,-1.930172886250e-01  ,-2.123884460124e-01  
  1.810363023934e-05  ,-2.276005226482e-01  ,-2.455264740628e-01  
  1.810390451383e-05  ,-2.447130838921e-01  ,-2.619235417545e-01  
  1.810399491033e-05  ,-2.503491922851e-01  ,-2.673239222806e-01  
  1.810415446917e-05  ,-2.602925306544e-01  ,-2.768512857210e-01  
  1.810431139703e-05  ,-2.700655338840e-01  ,-2.862153043926e-01  
  1.810462525273e-05  ,-2.895916109895e-01  ,-3.049238092312e-01  
  1.810521915714e-05  ,-3.264619240994e-01  ,-3.402484038435e-01  
  1.810640696595e-05  ,-3.998488179272e-01  ,-4.105488213359e-01  
  1.810878258357e-05  ,-5.448510364017e-01  ,-5.493942914998e-01  
  1.811303239475e-05  ,-7.961633875090e-01  ,-7.897202532496e-01  
  1.812067520032e-05  ,-1.209625273993e+00  ,-1.183368703242e+00  
  1.813464205871e-05  ,-1.771690297452e+00  ,-1.708609485770e+00  
  1.815449934612e-05  ,-1.980053103901e+00  ,-1.874192081725e+00  
  1.817697625766e-05  ,-1.323742359664e+00  ,-1.235090827574e+00  
  1.817993153046e-05  ,-1.179048228683e+00  ,-1.097930776559e+00  
  1.818584207604e-05  ,-8.605263524298e-01  ,-7.952149475247e-01  
  1.819280389855e-05  ,-4.483028049869e-01  ,-4.016975983857e-01  
  1.819454435418e-05  ,-3.411125104629e-01  ,-2.991712886344e-01  
  1.819497946809e-05  ,-3.141430403061e-01  ,-2.733679903936e-01  
  1.819584969590e-05  ,-2.600330550368e-01  ,-2.215860254441e-01  
  1.819606725285e-05  ,-2.464736096171e-01  ,-2.086074810894e-01  
  1.819650236676e-05  ,-2.193208116659e-01  ,-1.826151660795e-01  
  1.819702688763e-05  ,-1.865346573881e-01  ,-1.512255457706e-01  
  1.819754656563e-05  ,-1.540012389561e-01  ,-1.200733058039e-01  
  1.819778931486e-05  ,-1.387898078656e-01  ,-1.055062009012e-01  
  1.819790652181e-05  ,-1.314423074037e-01  ,-9.846961575567e-02  
  1.819807567327e-05  ,-1.208353792225e-01  ,-8.831118126731e-02  
  1.819836280002e-05  ,-1.028229587870e-01  ,-7.105948033187e-02  
  1.819893705352e-05  ,-6.677448525422e-02  ,-3.653026526601e-02  
  1.819960695385e-05  ,-2.469519061909e-02  ,3.780370633768e-03  
  1.820029752954e-05  ,1.869405983340e-02  ,4.535012193628e-02  
  1.820080640419e-05  ,5.066244992279e-02  ,7.598019330713e-02  
  1.820110079526e-05  ,6.915122030131e-02  ,9.369560206088e-02  
  1.820118161077e-05  ,7.422574454193e-02  ,9.855793036115e-02  
  1.820127725760e-05  ,8.023092770165e-02  ,1.043120355094e-01  
  1.820144238109e-05  ,9.059646535087e-02  ,1.142440076884e-01  
  1.820162166069e-05  ,1.018478752322e-01  ,1.250252047770e-01  
  1.820197886946e-05  ,1.242559605064e-01  ,1.464970705519e-01  
  1.820250832635e-05  ,1.574397331068e-01  ,1.782948100068e-01  
  1.820304728272e-05  ,1.911740940285e-01  ,2.106201691720e-01  
  1.820356379422e-05  ,2.234522814455e-01  ,2.415496320098e-01  
  1.820383597324e-05  ,2.404383458729e-01  ,2.578256098305e-01  
  1.820401089890e-05  ,2.513458509718e-01  ,2.682769661107e-01  
  1.820409805906e-05  ,2.567779170877e-01  ,2.734818075525e-01  
  1.820422988777e-05  ,2.649901822576e-01  ,2.813504754409e-01  
  1.820449354519e-05  ,2.814009363456e-01  ,2.970743103800e-01  
  1.820481508431e-05  ,3.013881638099e-01  ,3.162243103069e-01  
  1.820545816254e-05  ,3.412683229038e-01  ,3.544315805766e-01  
  1.820674431902e-05  ,4.205945620541e-01  ,4.304175096159e-01  
  1.820931663197e-05  ,5.770589247776e-01  ,5.802189228615e-01  
  1.821416770500e-05  ,8.610810780535e-01  ,8.517034660528e-01  
  1.822265838665e-05  ,1.306447337811e+00  ,1.275006254860e+00  
  1.823831652683e-05  ,1.866782161985e+00  ,1.794056623435e+00  
  1.825740491432e-05  ,1.946125860117e+00  ,1.837270143364e+00  
  1.827931260150e-05  ,1.210235548343e+00  ,1.127397938486e+00  
  1.828243774754e-05  ,1.048330177682e+00  ,9.737422965821e-01  
  1.828868803960e-05  ,6.958852607181e-01  ,6.382085810896e-01  
  1.829519835692e-05  ,3.005532437492e-01  ,2.603262258917e-01  
  1.829682593626e-05  ,1.991019681640e-01  ,1.632134209448e-01  
  1.829863363337e-05  ,8.582498441837e-02  ,5.473349449644e-02  
  1.829949669000e-05  ,3.162258202865e-02  ,2.813711158284e-03  
  1.829994353857e-05  ,3.547574130755e-03  ,-2.408147443724e-02  
  1.830050466043e-05  ,-3.170742134447e-02  ,-5.785715353550e-02  
  1.830080282335e-05  ,-5.043753085017e-02  ,-7.580218522074e-02  
  1.830109623653e-05  ,-6.886495734746e-02  ,-9.345768641491e-02  
  1.830115037547e-05  ,-7.226448927697e-02  ,-9.671486013286e-02  
  1.830125865336e-05  ,-7.906291616087e-02  ,-1.032286385735e-01  
  1.830143241487e-05  ,-8.997090747316e-02  ,-1.136796299466e-01  
  1.830159683987e-05  ,-1.002903299058e-01  ,-1.235671418116e-01  
  1.830190361753e-05  ,-1.195365331563e-01  ,-1.420081680951e-01  
  1.830251717284e-05  ,-1.579938436941e-01  ,-1.788571533766e-01  
  1.830308453455e-05  ,-1.935038467732e-01  ,-2.128822756858e-01  
  1.830363690197e-05  ,-2.280164238308e-01  ,-2.459511247436e-01  
  1.830390540227e-05  ,-2.447684863893e-01  ,-2.620020828897e-01  
  1.830399487909e-05  ,-2.503472444897e-01  ,-2.673472897829e-01  
  1.830415157411e-05  ,-2.601121745310e-01  ,-2.767033265580e-01  
  1.830430906076e-05  ,-2.699200854796e-01  ,-2.861004161021e-01  
  1.830462403405e-05  ,-2.895158456686e-01  ,-3.048749472266e-01  
  1.830519512105e-05  ,-3.249718547939e-01  ,-3.388433494054e-01  
  1.830633729506e-05  ,-3.955586893179e-01  ,-4.064600046020e-01  
  1.830862164307e-05  ,-5.351143981153e-01  ,-5.400928315800e-01  
  1.831277459669e-05  ,-7.812782687018e-01  ,-7.755142566709e-01  
  1.832020282555e-05  ,-1.185856605617e+00  ,-1.160837272110e+00  
  1.833375990200e-05  ,-1.745295930920e+00  ,-1.684550753498e+00  
  1.835419833470e-05  ,-1.982629025535e+00  ,-1.877266437573e+00  
  1.837659477997e-05  ,-1.341614414494e+00  ,-1.252045273888e+00  
  1.837951615262e-05  ,-1.200028696675e+00  ,-1.117850273265e+00  
  1.838535889793e-05  ,-8.878313160193e-01  ,-8.212280093115e-01  
  1.839280649829e-05  ,-4.481436134466e-01  ,-4.015391250253e-01  
  1.839466839838e-05  ,-3.334302096590e-01  ,-2.918131235992e-01  
  1.839735545028e-05  ,-1.659708715614e-01  ,-1.315128299189e-01  
  1.839874647367e-05  ,-7.874102583104e-02  ,-4.796912003455e-02  
  1.840002089548e-05  ,1.312901938454e-03  ,2.871848613307e-02  
  1.840138770450e-05  ,8.716442785769e-02  ,1.109743415588e-01  
  1.840182659026e-05  ,1.147050739985e-01  ,1.373633981885e-01  
  1.840197741795e-05  ,1.241649353209e-01  ,1.464277957547e-01  
  1.840216896772e-05  ,1.361748256215e-01  ,1.579356721849e-01  
  1.840255206726e-05  ,1.601793776880e-01  ,1.809369558314e-01  
  1.840301810108e-05  ,1.893488729015e-01  ,2.088873259833e-01  
  1.840345205083e-05  ,2.164738332222e-01  ,2.348782895208e-01  
  1.840371785029e-05  ,2.330686516420e-01  ,2.507790919950e-01  
  1.840399957537e-05  ,2.506399973722e-01  ,2.676152758683e-01  
  1.840406370857e-05  ,2.546373258640e-01  ,2.714453113891e-01  
  1.840419197498e-05  ,2.626288655751e-01  ,2.791023339683e-01  
  1.840434811120e-05  ,2.723510458077e-01  ,2.884174340100e-01  
  1.840453400319e-05  ,2.839174718760e-01  ,2.994993736340e-01  
  1.840478532059e-05  ,2.995392785220e-01  ,3.144664628149e-01  
  1.840528795538e-05  ,3.307259024545e-01  ,3.443446170671e-01  
  1.840629322497e-05  ,3.928440029498e-01  ,4.038495490200e-01  
  1.840830376414e-05  ,5.158432860067e-01  ,5.216357356042e-01  
  1.841232484249e-05  ,7.551875990554e-01  ,7.505910318797e-01  
  1.841945579318e-05  ,1.147736906022e+00  ,1.124664587555e+00  
  1.843239894179e-05  ,1.701954044242e+00  ,1.644817261893e+00  
  1.845611562995e-05  ,1.963200171298e+00  ,1.854332551937e+00  
  1.847756138114e-05  ,1.295961032881e+00  ,1.208772035563e+00  
  1.848052745727e-05  ,1.148598611530e+00  ,1.069076428268e+00  
  1.848645960955e-05  ,8.253410196971e-01  ,7.617118459361e-01  
  1.849305635361e-05  ,4.328302733233e-01  ,3.869152601889e-01  
  1.849470553962e-05  ,3.311289896466e-01  ,2.896301793926e-01  
  1.849511783613e-05  ,3.055540946854e-01  ,2.651593106008e-01  
  1.849594242913e-05  ,2.542548160886e-01  ,2.160642489099e-01  
  1.849684124855e-05  ,1.981446246526e-01  ,1.623492533472e-01  
  1.849781708834e-05  ,1.370489027410e-01  ,1.038458435643e-01  
  1.849831515966e-05  ,1.058122162659e-01  ,7.392897890785e-02  
  1.849842082984e-05  ,9.918149029909e-02  ,6.757800521314e-02  
  1.849852745464e-05  ,9.248975586563e-02  ,6.116845525751e-02  
  1.849874070422e-05  ,7.910324872632e-02  ,4.834653216522e-02  
  1.849916720340e-05  ,5.232018443067e-02  ,2.269038900026e-02  
  1.849968231791e-05  ,1.996022287686e-02  ,-8.310519525149e-03  
  1.850018541837e-05  ,-1.165011373169e-02  ,-3.859550971008e-02  
  1.850075259382e-05  ,-4.728245849759e-02  ,-7.273615242962e-02  
  1.850103855641e-05  ,-6.524284689068e-02  ,-8.994535026229e-02  
  1.850111749764e-05  ,-7.020002509501e-02  ,-9.469525895086e-02  
  1.850122306306e-05  ,-7.682841031574e-02  ,-1.010465392569e-01  
  1.850137670800e-05  ,-8.647414880494e-02  ,-1.102888288708e-01  
  1.850159826964e-05  ,-1.003800516604e-01  ,-1.236136653198e-01  
  1.850192972734e-05  ,-1.211740879898e-01  ,-1.435390519845e-01  
  1.850252046525e-05  ,-1.582000646759e-01  ,-1.790187819783e-01  
  1.850308307722e-05  ,-1.934127091858e-01  ,-2.127609261014e-01  
  1.850362873911e-05  ,-2.275068730881e-01  ,-2.454306373924e-01  
  1.850389467828e-05  ,-2.440997293030e-01  ,-2.613298839999e-01  
  1.850398436464e-05  ,-2.496917847905e-01  ,-2.666881076814e-01  
  1.850414301544e-05  ,-2.595789755168e-01  ,-2.761617673742e-01  
  1.850429845318e-05  ,-2.692596744545e-01  ,-2.854374381912e-01  
  1.850460932865e-05  ,-2.886015795055e-01  ,-3.039696728945e-01  
  1.850519187092e-05  ,-3.247703552371e-01  ,-3.386225290480e-01  
  1.850635695546e-05  ,-3.967695121083e-01  ,-4.075945885577e-01  
  1.850868712455e-05  ,-5.390775854942e-01  ,-5.438640380169e-01  
  1.851286913544e-05  ,-7.867428863295e-01  ,-7.807189703933e-01  
  1.852037187010e-05  ,-1.194392766621e+00  ,-1.168924825055e+00  
  1.853408987909e-05  ,-1.755326962778e+00  ,-1.693706319068e+00  
  1.855408425718e-05  ,-1.983558933449e+00  ,-1.878255864657e+00  
  1.857665057569e-05  ,-1.339012380174e+00  ,-1.249569047356e+00  
  1.859510119348e-05  ,-3.065874652009e-01  ,-2.648740433164e-01  
  1.859549183674e-05  ,-2.823102504965e-01  ,-2.416817020585e-01  
  1.859627312325e-05  ,-2.336319273162e-01  ,-1.951843532914e-01  
  1.859708430521e-05  ,-1.829424287151e-01  ,-1.467518531822e-01  
  1.859771071277e-05  ,-1.437161886723e-01  ,-1.092577869531e-01  
  1.859809660628e-05  ,-1.195224960218e-01  ,-8.612667182732e-02  
  1.859822124052e-05  ,-1.117045956623e-01  ,-7.865125264158e-02  
  1.859838359333e-05  ,-1.015181822948e-01  ,-6.891047081472e-02  
  1.859866853147e-05  ,-8.363424080884e-02  ,-5.180733318654e-02  
  1.859923840776e-05  ,-4.784768645569e-02  ,-1.757762676973e-02  
  1.859978816747e-05  ,-1.330973197279e-02  ,1.546418033342e-02  
  1.860033839285e-05  ,2.126144934477e-02  ,4.854319936468e-02  
  1.860074612587e-05  ,4.687617831729e-02  ,7.305546529777e-02  
  1.860098980642e-05  ,6.218134976740e-02  ,8.770301464935e-02  
  1.860105460319e-05  ,6.625055093906e-02  ,9.159750163717e-02  
  1.860115524424e-05  ,7.257020239946e-02  ,9.764591813348e-02  
  1.860129568768e-05  ,8.138797827253e-02  ,1.060854466497e-01  
  1.860150348903e-05  ,9.443187985930e-02  ,1.185702321308e-01  
  1.860186474906e-05  ,1.170986326902e-01  ,1.402664776158e-01  
  1.860250102864e-05  ,1.569826236234e-01  ,1.784456527313e-01  
  1.860309698196e-05  ,1.942822563482e-01  ,2.141534095032e-01  
  1.860366797583e-05  ,2.299560126905e-01  ,2.483059795516e-01  
  1.860394127244e-05  ,2.470051774528e-01  ,2.646284011719e-01  
  1.860402758276e-05  ,2.523857827287e-01  ,2.697796621930e-01  
  1.860418106472e-05  ,2.619492744572e-01  ,2.789355219984e-01  
  1.860434250949e-05  ,2.720023538691e-01  ,2.885600954328e-01  
  1.860466539902e-05  ,2.920872628968e-01  ,3.077888135362e-01  
  1.860528482167e-05  ,3.305317145075e-01  ,3.445937192583e-01  
  1.860652366696e-05  ,4.070306206622e-01  ,4.178244601775e-01  
  1.860900135753e-05  ,5.580641210851e-01  ,5.623560177856e-01  
  1.861345680473e-05  ,8.205543762569e-01  ,8.132255652812e-01  
  1.862138273237e-05  ,1.244726517157e+00  ,1.216731512133e+00  
  1.863600673196e-05  ,1.809834161356e+00  ,1.743187838445e+00  
  1.865589978216e-05  ,1.965744678729e+00  ,1.858309462847e+00  
  1.867795648096e-05  ,1.276953664965e+00  ,1.190709720594e+00  
  1.868108162699e-05  ,1.119921153896e+00  ,1.041793725779e+00  
  1.868733191905e-05  ,7.751130906831e-01  ,7.138033009873e-01  
  1.869352186141e-05  ,4.042294415645e-01  ,3.595455241949e-01  
  1.869506934700e-05  ,3.085646347540e-01  ,2.680229961761e-01  
  1.869545621840e-05  ,2.845256318576e-01  ,2.450192800275e-01  
  1.869622996119e-05  ,2.363250962244e-01  ,1.988858766360e-01  
  1.869703443763e-05  ,1.860623394759e-01  ,1.507662594505e-01  
  1.869781330270e-05  ,1.372862014457e-01  ,1.040595216250e-01  
  1.869814601769e-05  ,1.164232915356e-01  ,8.407893865174e-02  
  1.869826932480e-05  ,1.086879610924e-01  ,7.667036572364e-02  
  1.869843062987e-05  ,9.856648929543e-02  ,6.697614451101e-02  
  1.869869680186e-05  ,8.185948081922e-02  ,5.097365590760e-02  
  1.869922914585e-05  ,4.842946082082e-02  ,1.895082715575e-02  
  1.869976083791e-05  ,1.502685622125e-02  ,-1.304874175724e-02  
  1.870029634839e-05  ,-1.861984922768e-02  ,-4.528460396288e-02  
  1.870070594405e-05  ,-4.435213702811e-02  ,-6.993932955063e-02  
  1.870094357101e-05  ,-5.927763271893e-02  ,-8.424025583754e-02  
  1.870100589977e-05  ,-6.319202777049e-02  ,-8.799089529111e-02  
  1.870111311828e-05  ,-6.992503079815e-02  ,-9.444227129872e-02  
  1.870124399239e-05  ,-7.814245175809e-02  ,-1.023157996291e-01  
  1.870148315603e-05  ,-9.315572502885e-02  ,-1.167014236913e-01  
  1.870186802508e-05  ,-1.173041173824e-01  ,-1.398406323184e-01  
  1.870248288424e-05  ,-1.558460692463e-01  ,-1.767725167139e-01  
  1.870307995515e-05  ,-1.932174620813e-01  ,-2.125828308049e-01  
  1.870364349844e-05  ,-2.284281846184e-01  ,-2.463220387847e-01  
  1.870391944931e-05  ,-2.456444297109e-01  ,-2.628184040691e-01  
  1.870400832077e-05  ,-2.511851455203e-01  ,-2.681273644543e-01  
  1.870416608682e-05  ,-2.610162629513e-01  ,-2.775471714435e-01  
  1.870432534298e-05  ,-2.709337323734e-01  ,-2.870495790093e-01  
  1.870464385530e-05  ,-2.907480772943e-01  ,-3.060342029626e-01  
  1.870522518685e-05  ,-3.268356947017e-01  ,-3.406088249020e-01  
  1.870638784995e-05  ,-3.986719006075e-01  ,-4.094240117858e-01  
  1.870871317615e-05  ,-5.406536941616e-01  ,-5.453787151999e-01  
  1.871293393006e-05  ,-7.904842012621e-01  ,-7.842973084470e-01  
  1.872049626937e-05  ,-1.200652994286e+00  ,-1.174863717059e+00  
  1.873433944812e-05  ,-1.762788427109e+00  ,-1.700509333479e+00  
  1.875463184943e-05  ,-1.978863058095e+00  ,-1.872931300391e+00  
  1.877694186797e-05  ,-1.325361336539e+00  ,-1.236634523928e+00  
  1.877991390457e-05  ,-1.179942605225e+00  ,-1.098785225937e+00  
  1.878585797777e-05  ,-8.596243224211e-01  ,-7.943583096747e-01  
  1.879284587731e-05  ,-4.457319281925e-01  ,-3.992389168306e-01  
  1.879459285220e-05  ,-3.381095434286e-01  ,-2.962972566946e-01  
  1.879502959592e-05  ,-3.110321230257e-01  ,-2.703902211383e-01  
  1.879590308336e-05  ,-2.567067307428e-01  ,-2.184012361060e-01  
  1.879612145522e-05  ,-2.430935788250e-01  ,-2.053710728476e-01  
  1.879655819894e-05  ,-2.158335931507e-01  ,-1.792757353763e-01  
  1.879709035666e-05  ,-1.825637953050e-01  ,-1.474225597655e-01  
  1.879760677503e-05  ,-1.502291293478e-01  ,-1.164601647630e-01  
  1.879785441370e-05  ,-1.347091001182e-01  ,-1.015973214432e-01  
  1.879796265667e-05  ,-1.279226727805e-01  ,-9.509798141964e-02  
  1.879813036458e-05  ,-1.174051236127e-01  ,-8.502503020783e-02  
  1.879845805043e-05  ,-9.684566203875e-02  ,-6.533355579994e-02  
  1.879901526073e-05  ,-6.186312440578e-02  ,-3.182481595463e-02  
  1.879967016676e-05  ,-2.072366277206e-02  ,7.585905588530e-03  
  1.880030141720e-05  ,1.893831830504e-02  ,4.558481387462e-02  
  1.880077713677e-05  ,4.882409279157e-02  ,7.421937790760e-02  
  1.880105192350e-05  ,6.608227293651e-02  ,9.075559629517e-02  
  1.880112661557e-05  ,7.077256546552e-02  ,9.524973796802e-02  
  1.880122531248e-05  ,7.696964124528e-02  ,1.011876848251e-01  
  1.880138165826e-05  ,8.678489082981e-02  ,1.105923366458e-01  
  1.880157576916e-05  ,9.896806198598e-02  ,1.222663109798e-01  
  1.880189390896e-05  ,1.189276105477e-01  ,1.413918736087e-01  
  1.880253018854e-05  ,1.588090751862e-01  ,1.796075084193e-01  
  1.880317028654e-05  ,1.988658172030e-01  ,2.179911355276e-01  
  1.880374994171e-05  ,2.350711580891e-01  ,2.526833762753e-01  
  1.880401248155e-05  ,2.514445026637e-01  ,2.683720378399e-01  
  1.880409396063e-05  ,2.565225345360e-01  ,2.732376514190e-01  
  1.880423396170e-05  ,2.652438959728e-01  ,2.815941088226e-01  
  1.880440702472e-05  ,2.760177404250e-01  ,2.919170195889e-01  
  1.880465904060e-05  ,2.916920293471e-01  ,3.069349355828e-01  
  1.880516307238e-05  ,3.229847729755e-01  ,3.369159115076e-01  
  1.880617113594e-05  ,3.853194884718e-01  ,3.966306259375e-01  
  1.880818726305e-05  ,5.087675324007e-01  ,5.148508365375e-01  
  1.881221504692e-05  ,7.487951582924e-01  ,7.444642536654e-01  
  1.881904797438e-05  ,1.126658562905e+00  ,1.104634773358e+00  
  1.883178846720e-05  ,1.681496943117e+00  ,1.625979643089e+00  
  1.885489420775e-05  ,1.976405608372e+00  ,1.868804816627e+00  
  1.887689130190e-05  ,1.327739044678e+00  ,1.238894557679e+00  
  1.889527039412e-05  ,2.960776473215e-01  ,2.549068051594e-01  
  1.889566103737e-05  ,2.717815670156e-01  ,2.316905139942e-01  
  1.889644232388e-05  ,2.230702724224e-01  ,1.851475590839e-01  
  1.889727799963e-05  ,1.708199579330e-01  ,1.352112899284e-01  
  1.889773029644e-05  ,1.424888645498e-01  ,1.081267803725e-01  
  1.889815702844e-05  ,1.157326320746e-01  ,8.254345628832e-02  
  1.889833865963e-05  ,1.043377088565e-01  ,7.164651312307e-02  
  1.889858043097e-05  ,8.916458955418e-02  ,5.713521816592e-02  
  1.889905680246e-05  ,5.925417711592e-02  ,2.852553331547e-02  
  1.889962844826e-05  ,2.334475426268e-02  ,-5.828533990974e-03  
  1.890020996607e-05  ,-1.319246188425e-02  ,-4.078930805912e-02  
  1.890084354482e-05  ,-5.299528081539e-02  ,-7.888086299478e-02  
  1.890102596763e-05  ,-6.445228638374e-02  ,-8.984631386814e-02  
  1.890109332554e-05  ,-6.868216272033e-02  ,-9.389481432204e-02  
  1.890120184790e-05  ,-7.549638967843e-02  ,-1.004169636163e-01  
  1.890136028915e-05  ,-8.544347565940e-02  ,-1.099379335646e-01  
  1.890160527356e-05  ,-1.008195637667e-01  ,-1.246558762321e-01  
  1.890203750036e-05  ,-1.279325191973e-01  ,-1.506097341687e-01  
  1.890258306913e-05  ,-1.621209487613e-01  ,-1.833387751675e-01  
  1.890314819567e-05  ,-1.974846372100e-01  ,-2.171947964449e-01  
  1.890369776912e-05  ,-2.318154644020e-01  ,-2.500630473374e-01  
  1.890394186876e-05  ,-2.470423588199e-01  ,-2.646414221374e-01  
  1.890402579257e-05  ,-2.522742006876e-01  ,-2.696504441024e-01  
  1.890416742345e-05  ,-2.610995276345e-01  ,-2.780999081671e-01  
  1.890433371110e-05  ,-2.714546607208e-01  ,-2.880140144255e-01  
  1.890466628639e-05  ,-2.921424197237e-01  ,-3.078205728991e-01  
  1.890524100555e-05  ,-3.278162112527e-01  ,-3.419741496657e-01  
  1.890639044387e-05  ,-3.988316092347e-01  ,-4.099583688539e-01  
  1.890868932051e-05  ,-5.392104542155e-01  ,-5.443045036713e-01  
  1.891302704854e-05  ,-7.958552271214e-01  ,-7.896358387316e-01  
  1.892049849076e-05  ,-1.200764616441e+00  ,-1.175076963194e+00  
  1.893448621077e-05  ,-1.767125678631e+00  ,-1.704497726004e+00  
  1.895441502375e-05  ,-1.980792560832e+00  ,-1.875048389332e+00  
  1.897693663878e-05  ,-1.325607377695e+00  ,-1.236857233116e+00  
  1.897987961812e-05  ,-1.181681339400e+00  ,-1.100428368634e+00  
  1.898576557679e-05  ,-8.648627886952e-01  ,-7.993454884228e-01  
  1.899272441906e-05  ,-4.531681742436e-01  ,-4.063510795210e-01  
  1.899446412963e-05  ,-3.460782226843e-01  ,-3.039239723782e-01  
  1.899489905728e-05  ,-3.191316790618e-01  ,-2.781433326821e-01  
  1.899576891256e-05  ,-2.650648951289e-01  ,-2.264040563461e-01  
  1.899598637638e-05  ,-2.515156914890e-01  ,-2.134356278167e-01  
  1.899642130402e-05  ,-2.243826996558e-01  ,-1.874628690738e-01  
  1.899701064495e-05  ,-1.875507425356e-01  ,-1.522001752606e-01  
  1.899754578290e-05  ,-1.540502732752e-01  ,-1.201219213597e-01  
  1.899781256025e-05  ,-1.373327409063e-01  ,-1.041124200784e-01  
  1.899793295698e-05  ,-1.297848823839e-01  ,-9.688389215754e-02  
  1.899810501882e-05  ,-1.189948608682e-01  ,-8.655001115334e-02  
  1.899839247154e-05  ,-1.009610633716e-01  ,-6.927767826778e-02  
  1.899896737696e-05  ,-6.487023927922e-02  ,-3.470760515356e-02  
  1.899963588031e-05  ,-2.287781613965e-02  ,5.520103058894e-03  
  1.900030056523e-05  ,1.888478960062e-02  ,4.553159035972e-02  
  1.900079509751e-05  ,4.995225535406e-02  ,7.529849445254e-02  
  1.900108115324e-05  ,6.791780110297e-02  ,9.251257304832e-02  
  1.900115938434e-05  ,7.283016072481e-02  ,9.721951915933e-02  
  1.900125627681e-05  ,7.891370968851e-02  ,1.030487156302e-01  
  1.900141797769e-05  ,8.906470203565e-02  ,1.127751177068e-01  
  1.900160331089e-05  ,1.006964022173e-01  ,1.239207193562e-01  
  1.900192079875e-05  ,1.206141140084e-01  ,1.430062648696e-01  
  1.900255577448e-05  ,1.604115600146e-01  ,1.811415007925e-01  
  1.900316234488e-05  ,1.983692942244e-01  ,2.175138657225e-01  
  1.900373985801e-05  ,2.344419597258e-01  ,2.520790684565e-01  
  1.900400551777e-05  ,2.510104212828e-01  ,2.679547318528e-01  
  1.900408755565e-05  ,2.561234162496e-01  ,2.728538590127e-01  
  1.900422725403e-05  ,2.648261579323e-01  ,2.811924979143e-01  
  1.900439908305e-05  ,2.755235170220e-01  ,2.914421528624e-01  
  1.900465556929e-05  ,2.914762504088e-01  ,3.067268934460e-01  
  1.900516854176e-05  ,3.233239085874e-01  ,3.372395778992e-01  
  1.900619448671e-05  ,3.867590703512e-01  ,3.980084409123e-01  
  1.900824637660e-05  ,5.123586822287e-01  ,5.182879755795e-01  
  1.901229204187e-05  ,7.532788419982e-01  ,7.487482157168e-01  
  1.901921065101e-05  ,1.135088961449e+00  ,1.112642139872e+00  
  1.903206141242e-05  ,1.690720278362e+00  ,1.634478349896e+00  
  1.905543835410e-05  ,1.970880894506e+00  ,1.862682130936e+00  
  1.907719404945e-05  ,1.313453491249e+00  ,1.225352727305e+00  
  1.908008301207e-05  ,1.171346838932e+00  ,1.090668809766e+00  
  1.908586093733e-05  ,8.594564170303e-01  ,7.942185966713e-01  
  1.909318634817e-05  ,4.248524518781e-01  ,3.792728933403e-01  
  1.909501770088e-05  ,3.117703953924e-01  ,2.710912017415e-01  
  1.909534440884e-05  ,2.914776101737e-01  ,2.516726007120e-01  
  1.909599782476e-05  ,2.508020632907e-01  ,2.127437385138e-01  
  1.909682679498e-05  ,1.990482807714e-01  ,1.632003053914e-01  
  1.909768472934e-05  ,1.453445074695e-01  ,1.117775821612e-01  
  1.909813441844e-05  ,1.171508503131e-01  ,8.477679744236e-02  
  1.909827879672e-05  ,1.080936972585e-01  ,7.610226285979e-02  
  1.909843670247e-05  ,9.818539870780e-02  ,6.661222588936e-02  
  1.909866932356e-05  ,8.358451584255e-02  ,5.262711981978e-02  
  1.909913456576e-05  ,5.437013820827e-02  ,2.464288033597e-02  
  1.909968702631e-05  ,1.966440024665e-02  ,-8.604547670224e-03  
  1.910021974282e-05  ,-1.380673889398e-02  ,-4.067181632431e-02  
  1.910073001446e-05  ,-4.586414039570e-02  ,-7.138665560502e-02  
  1.910100014457e-05  ,-6.283059734226e-02  ,-8.764317569762e-02  
  1.910107316026e-05  ,-6.741587470438e-02  ,-9.203664732660e-02  
  1.910118028564e-05  ,-7.414254131830e-02  ,-9.848197559168e-02  
  1.910132508302e-05  ,-8.323337671973e-02  ,-1.071923996086e-01  
  1.910155784381e-05  ,-9.784314307211e-02  ,-1.211914337191e-01  
  1.910192115275e-05  ,-1.206363157241e-01  ,-1.430320938003e-01  
  1.910250034226e-05  ,-1.569396298173e-01  ,-1.778188387220e-01  
  1.910306938035e-05  ,-1.925561253789e-01  ,-2.119475221364e-01  
  1.910361196888e-05  ,-2.264599763657e-01  ,-2.444344867461e-01  
  1.910388466013e-05  ,-2.434749645359e-01  ,-2.607380392486e-01  
  1.910397801358e-05  ,-2.492958529825e-01  ,-2.663154653958e-01  
  1.910414125114e-05  ,-2.594690586897e-01  ,-2.760630681365e-01  
  1.910429438386e-05  ,-2.690063170328e-01  ,-2.852011982478e-01  
  1.910460064929e-05  ,-2.880619356409e-01  ,-3.034589404337e-01  
  1.910521318014e-05  ,-3.260914095089e-01  ,-3.398940947228e-01  
  1.910643824186e-05  ,-4.017740745960e-01  ,-4.123934245518e-01  
  1.910888836529e-05  ,-5.512430871500e-01  ,-5.555129677620e-01  
  1.911312402036e-05  ,-8.014412718888e-01  ,-7.947744420254e-01  
  1.912092328813e-05  ,-1.222002044205e+00  ,-1.195105915791e+00  
  1.913501829650e-05  ,-1.782534662769e+00  ,-1.718458373114e+00  
  1.915511996295e-05  ,-1.974183531506e+00  ,-1.867626039848e+00  
  1.917731077220e-05  ,-1.307913963928e+00  ,-1.220076381011e+00  
  1.918034539368e-05  ,-1.157944579137e+00  ,-1.077903096020e+00  
  1.918641463663e-05  ,-8.279140985202e-01  ,-7.641420548639e-01  
  1.919256509091e-05  ,-4.629129726317e-01  ,-4.156809634262e-01  
  1.919410270448e-05  ,-3.684218787306e-01  ,-3.253234315437e-01  
  1.919654388722e-05  ,-2.167275520599e-01  ,-1.801437176193e-01  
  1.919840988513e-05  ,-9.986831514729e-02  ,-6.823205301308e-02  
  1.919944179054e-05  ,-3.507153710416e-02  ,-6.160671271538e-03  
  1.919987201500e-05  ,-8.041512851679e-03  ,1.973512679857e-02  
  1.920043499950e-05  ,2.733097390995e-02  ,5.362544944959e-02  
  1.920075095068e-05  ,4.717924623571e-02  ,7.264292700427e-02  
  1.920107933502e-05  ,6.780362468525e-02  ,9.240456118987e-02  
  1.920116375941e-05  ,7.310487172356e-02  ,9.748413321426e-02  
  1.920125202551e-05  ,7.864679985862e-02  ,1.027943542467e-01  
  1.920139230597e-05  ,8.745327166412e-02  ,1.112324622622e-01  
  1.920154096834e-05  ,9.678408179827e-02  ,1.201732773278e-01  
  1.920177622042e-05  ,1.115453108924e-01  ,1.343177060020e-01  
  1.920224672459e-05  ,1.410486847680e-01  ,1.625886577226e-01  
  1.920274693794e-05  ,1.723810535648e-01  ,1.926124365474e-01  
  1.920325618513e-05  ,2.042355067473e-01  ,2.231363069317e-01  
  1.920359649039e-05  ,2.254936621498e-01  ,2.435061496863e-01  
  1.920380538605e-05  ,2.385303235074e-01  ,2.559978397492e-01  
  1.920388859972e-05  ,2.437206532035e-01  ,2.609711443479e-01  
  1.920402182541e-05  ,2.520269259575e-01  ,2.689300370090e-01  
  1.920416250169e-05  ,2.607929277668e-01  ,2.773293347838e-01  
  1.920444385424e-05  ,2.783094790569e-01  ,2.941127966697e-01  
  1.920500655934e-05  ,3.132759847528e-01  ,3.276143874929e-01  
  1.920613196954e-05  ,3.829044033876e-01  ,3.943177541637e-01  
  1.920810823604e-05  ,5.039639016516e-01  ,5.102524357844e-01  
  1.921190952226e-05  ,7.309604667922e-01  ,7.274189991937e-01  
  1.921852414772e-05  ,1.099313445039e+00  ,1.078650930407e+00  
  1.923092787429e-05  ,1.651609659414e+00  ,1.598377434119e+00  
  1.925321405097e-05  ,1.989813235876e+00  ,1.886240396207e+00  
  1.927552108928e-05  ,1.390873713944e+00  ,1.298781035711e+00  
  1.927834411427e-05  ,1.258114281943e+00  ,1.172935478503e+00  
  1.928399016425e-05  ,9.640488585190e-01  ,8.937106084961e-01  
  1.929528226420e-05  ,2.953400254775e-01  ,2.553100093386e-01  
  1.929729056820e-05  ,1.700331237241e-01  ,1.353656203879e-01  
  1.929779264420e-05  ,1.385811228960e-01  ,1.052532814998e-01  
  1.929842212513e-05  ,9.910020529227e-02  ,6.744458307193e-02  
  1.929877183675e-05  ,7.714862722960e-02  ,4.642008795419e-02  
  1.929911679864e-05  ,5.548605818401e-02  ,2.567090220928e-02  
  1.929960313528e-05  ,2.493509949246e-02  ,-3.594100706936e-03  
  1.930012588665e-05  ,-7.909670574577e-03  ,-3.505885442699e-02  
  1.930068803295e-05  ,-4.322701905277e-02  ,-6.889476266715e-02  
  1.930092589274e-05  ,-5.816735303233e-02  ,-8.320903383789e-02  
  1.930099244738e-05  ,-6.234720520659e-02  ,-8.721378718438e-02  
  1.930111358916e-05  ,-6.995459875809e-02  ,-9.450255711919e-02  
  1.930124751335e-05  ,-7.836351068029e-02  ,-1.025590595697e-01  
  1.930151536172e-05  ,-9.517702417325e-02  ,-1.186687296006e-01  
  1.930197552820e-05  ,-1.240464278597e-01  ,-1.463302861188e-01  
  1.930255360013e-05  ,-1.602753807890e-01  ,-1.810441257841e-01  
  1.930315262681e-05  ,-1.977616914005e-01  ,-2.169628415973e-01  
  1.930371933659e-05  ,-2.331614019512e-01  ,-2.508815418341e-01  
  1.930399188814e-05  ,-2.501607949980e-01  ,-2.671693603242e-01  
  1.930407375140e-05  ,-2.552631871741e-01  ,-2.720581047630e-01  
  1.930421442767e-05  ,-2.640273287292e-01  ,-2.804551960291e-01  
  1.930438350929e-05  ,-2.745542856167e-01  ,-2.905411352477e-01  
  1.930464665448e-05  ,-2.909220856421e-01  ,-3.062228856953e-01  
  1.930517294487e-05  ,-3.235969217861e-01  ,-3.375267492267e-01  
  1.930622552564e-05  ,-3.886723072602e-01  ,-3.998642475674e-01  
  1.930833068719e-05  ,-5.174774914261e-01  ,-5.232075198218e-01  
  1.931239348879e-05  ,-7.591797153658e-01  ,-7.543999488083e-01  
  1.931943056216e-05  ,-1.146438258586e+00  ,-1.123427151184e+00  
  1.933242586484e-05  ,-1.702841881655e+00  ,-1.645634533626e+00  
  1.935617831578e-05  ,-1.962444282910e+00  ,-1.853520031544e+00  
  1.937761214604e-05  ,-1.293529964575e+00  ,-1.206466050476e+00  
  1.938058381011e-05  ,-1.145698191625e+00  ,-1.066322241215e+00  
  1.938652713826e-05  ,-8.214743418181e-01  ,-7.580264764446e-01  
  1.939289440443e-05  ,-4.427590487274e-01  ,-3.964153695137e-01  
  1.939448622098e-05  ,-3.447110380158e-01  ,-3.026321442258e-01  
  1.939488417511e-05  ,-3.200547371469e-01  ,-2.790419755451e-01  
  1.939568008339e-05  ,-2.705959229521e-01  ,-2.317119134369e-01  
  1.939667045181e-05  ,-2.088204001789e-01  ,-1.725767797505e-01  
  1.939792606091e-05  ,-1.302172589960e-01  ,-9.730858066167e-02  
  1.939855209594e-05  ,-9.094312586842e-02  ,-5.969197263891e-02  
  1.939876113129e-05  ,-7.782076610886e-02  ,-4.712237130475e-02  
  1.939900169192e-05  ,-6.271526436185e-02  ,-3.265254881059e-02  
  1.939948281316e-05  ,-3.249437795421e-02  ,-3.701598315874e-03  
  1.940004197923e-05  ,2.637632106570e-03  ,2.995683738974e-02  
  1.940054796679e-05  ,3.442806803850e-02  ,6.041595213346e-02  
  1.940081157764e-05  ,5.098740241711e-02  ,7.628246981634e-02  
  1.940097977450e-05  ,6.155132682213e-02  ,8.640460851643e-02  
  1.940103999614e-05  ,6.533325968162e-02  ,9.002841228081e-02  
  1.940114934506e-05  ,7.219978861294e-02  ,9.660765912911e-02  
  1.940133975396e-05  ,8.415437148007e-02  ,1.080625466108e-01  
  1.940159256147e-05  ,1.000218472183e-01  ,1.232670524863e-01  
  1.940209817649e-05  ,1.317368706928e-01  ,1.536574662647e-01  
  1.940269021825e-05  ,1.688302408233e-01  ,1.892020381171e-01  
  1.940327769654e-05  ,2.055799959798e-01  ,2.244171431014e-01  
  1.940364477733e-05  ,2.285080137676e-01  ,2.463872603780e-01  
  1.940387439491e-05  ,2.428347660288e-01  ,2.601151936390e-01  
  1.940395254451e-05  ,2.477079852563e-01  ,2.647846684013e-01  
  1.940408421024e-05  ,2.559149476415e-01  ,2.726484377334e-01  
  1.940423887964e-05  ,2.655501666938e-01  ,2.818806199214e-01  
  1.940454821843e-05  ,2.848015680283e-01  ,3.003263305051e-01  
  1.940498337891e-05  ,3.118374108126e-01  ,3.262295816401e-01  
  1.940585369985e-05  ,3.657292142619e-01  ,3.778589122250e-01  
  1.940759434174e-05  ,4.726525533008e-01  ,4.802667757821e-01  
  1.941107562553e-05  ,6.819446998931e-01  ,6.805540563550e-01  
  1.941701299321e-05  ,1.018785445411e+00  ,1.002040400713e+00  
  1.942809796702e-05  ,1.544942811779e+00  ,1.499189600489e+00  
  1.944803870093e-05  ,1.996204666132e+00  ,1.900046873741e+00  
  1.946645951639e-05  ,1.738521901842e+00  ,1.631442221445e+00  
  1.948723173510e-05  ,7.809120255833e-01  ,7.189713650881e-01  
  1.949035688113e-05  ,5.966695730554e-01  ,5.432724979926e-01  
  1.949660717319e-05  ,2.127741667780e-01  ,1.762295543266e-01  
  1.949763665717e-05  ,1.483568176457e-01  ,1.145666128506e-01  
  1.949891331415e-05  ,6.826522331907e-02  ,3.786868752578e-02  
  1.949923774037e-05  ,4.788960752658e-02  ,1.835303745543e-02  
  1.949956523995e-05  ,2.731592996129e-02  ,-1.353469884028e-03  
  1.950005297359e-05  ,-3.328427103342e-03  ,-3.070815702150e-02  
  1.950051048580e-05  ,-3.207339398891e-02  ,-5.824521730175e-02  
  1.950076948661e-05  ,-4.834356071742e-02  ,-7.383238668455e-02  
  1.950102476213e-05  ,-6.437658163270e-02  ,-8.919277488249e-02  
  1.950107753319e-05  ,-6.769047735010e-02  ,-9.236768973873e-02  
  1.950118307532e-05  ,-7.431770154126e-02  ,-9.871702073060e-02  
  1.950135499747e-05  ,-8.511129186763e-02  ,-1.090577531102e-01  
  1.950153963217e-05  ,-9.670022612907e-02  ,-1.201609597426e-01  
  1.950188631700e-05  ,-1.184514346452e-01  ,-1.410009992070e-01  
  1.950257968666e-05  ,-1.619091203463e-01  ,-1.826390812661e-01  
  1.950320851566e-05  ,-2.012557756655e-01  ,-2.203385656420e-01  
  1.950368367644e-05  ,-2.309359405839e-01  ,-2.487758207425e-01  
  1.950395473787e-05  ,-2.478447363071e-01  ,-2.649761968306e-01  
  1.950403407491e-05  ,-2.527904307230e-01  ,-2.697146222013e-01  
  1.950417791769e-05  ,-2.617532426537e-01  ,-2.783017378782e-01  
  1.950433857083e-05  ,-2.717571780665e-01  ,-2.878862151665e-01  
  1.950465438231e-05  ,-2.914024669137e-01  ,-3.067073743376e-01  
  1.950518067270e-05  ,-3.240760687109e-01  ,-3.380088101370e-01  
  1.950623325348e-05  ,-3.891485929206e-01  ,-4.003413102583e-01  
  1.950833841502e-05  ,-5.179464959723e-01  ,-5.236736721748e-01  
  1.951245411574e-05  ,-7.627025324412e-01  ,-7.577781432740e-01  
  1.951946511209e-05  ,-1.148216370393e+00  ,-1.125121293247e+00  
  1.953258707463e-05  ,-1.708132566039e+00  ,-1.650503434382e+00  
  1.955358281076e-05  ,-1.987344219794e+00  ,-1.882944876237e+00  
  1.957606866300e-05  ,-1.365946095529e+00  ,-1.275116880445e+00  
  1.959450735986e-05  ,-3.434026437635e-01  ,-3.001176062723e-01  
  1.959763250589e-05  ,-1.486169302282e-01  ,-1.140086832497e-01  
  1.959841379240e-05  ,-9.962311959468e-02  ,-6.716602443620e-02  
  1.959942688509e-05  ,-3.600792596731e-02  ,-6.311855841622e-03  
  1.960032402813e-05  ,2.035893627427e-02  ,4.762641771400e-02  
  1.960085963174e-05  ,5.400569016167e-02  ,7.982888448477e-02  
  1.960124240532e-05  ,7.804280945573e-02  ,1.028362296603e-01  
  1.960132913474e-05  ,8.348773249589e-02  ,1.080480930431e-01  
  1.960142431590e-05  ,8.946254660059e-02  ,1.137672544853e-01  
  1.960154755316e-05  ,9.719733163782e-02  ,1.211709467267e-01  
  1.960167453900e-05  ,1.051658644473e-01  ,1.287988266979e-01  
  1.960192851066e-05  ,1.210977820928e-01  ,1.440500955680e-01  
  1.960243645399e-05  ,1.529374763194e-01  ,1.745310991121e-01  
  1.960294793635e-05  ,1.849596388113e-01  ,2.051884577078e-01  
  1.960343613565e-05  ,2.154797003855e-01  ,2.344087346736e-01  
  1.960373462453e-05  ,2.341153946781e-01  ,2.522510859407e-01  
  1.960406026147e-05  ,2.544224990467e-01  ,2.716937900951e-01  
  1.960414168235e-05  ,2.594959229374e-01  ,2.765512590116e-01  
  1.960425564130e-05  ,2.665939717256e-01  ,2.833471668975e-01  
  1.960441284855e-05  ,2.763801569129e-01  ,2.927167643952e-01  
  1.960456849584e-05  ,2.860625932996e-01  ,3.019869935686e-01  
  1.960485306145e-05  ,3.037468741473e-01  ,3.189182627187e-01  
  1.960542219268e-05  ,3.390411970422e-01  ,3.527088653432e-01  
  1.960656045513e-05  ,4.092934424298e-01  ,4.199623792660e-01  
  1.960883698003e-05  ,5.481387963306e-01  ,5.528399802425e-01  
  1.961339002983e-05  ,8.167263591440e-01  ,8.095587540382e-01  
  1.962123996155e-05  ,1.237692510622e+00  ,1.210064810216e+00  
  1.963575369255e-05  ,1.803010652823e+00  ,1.737029967930e+00  
  1.965570932762e-05  ,1.967914778448e+00  ,1.860686926636e+00  
  1.967780774967e-05  ,1.284132042637e+00  ,1.197518237464e+00  
  1.968091873960e-05  ,1.128385947458e+00  ,1.049833539677e+00  
  1.968714071946e-05  ,7.861735676057e-01  ,7.243503817062e-01  
  1.969320549206e-05  ,4.236769811915e-01  ,3.781521073068e-01  
  1.969472168522e-05  ,3.301284900415e-01  ,2.886654603985e-01  
  1.969510073350e-05  ,3.066160249827e-01  ,2.661682180369e-01  
  1.969585883008e-05  ,2.594639984570e-01  ,2.210433941974e-01  
  1.969680840658e-05  ,2.001978888044e-01  ,1.643087056817e-01  
  1.969779877500e-05  ,1.381968364353e-01  ,1.049392318767e-01  
  1.969831463458e-05  ,1.058451617748e-01  ,7.395476830853e-02  
  1.969841205092e-05  ,9.973240403600e-02  ,6.809995545855e-02  
  1.969852477587e-05  ,9.265788711781e-02  ,6.132381829505e-02  
  1.969875022579e-05  ,7.850545589317e-02  ,4.776835473293e-02  
  1.969920112561e-05  ,5.018948898956e-02  ,2.064387154326e-02  
  1.969973747428e-05  ,1.649479038187e-02  ,-1.163575213187e-02  
  1.970023601126e-05  ,-1.482888866038e-02  ,-4.164613621278e-02  
  1.970067629400e-05  ,-4.248960853854e-02  ,-6.814867450294e-02  
  1.970091950889e-05  ,-5.776641281096e-02  ,-8.278631521700e-02  
  1.970098219854e-05  ,-6.170356182457e-02  ,-8.655878521043e-02  
  1.970109907953e-05  ,-6.904348222369e-02  ,-9.359174846465e-02  
  1.970122175799e-05  ,-7.674647129048e-02  ,-1.009723946163e-01  
  1.970146711493e-05  ,-9.214891510566e-02  ,-1.157310381414e-01  
  1.970189789818e-05  ,-1.191778166096e-01  ,-1.416306138145e-01  
  1.970248276876e-05  ,-1.558388352345e-01  ,-1.767604450435e-01  
  1.970307937400e-05  ,-1.931811184122e-01  ,-2.125431427524e-01  
  1.970363481478e-05  ,-2.278861365820e-01  ,-2.457980325000e-01  
  1.970390853049e-05  ,-2.449635595076e-01  ,-2.621615064940e-01  
  1.970399832163e-05  ,-2.505618429990e-01  ,-2.675256682327e-01  
  1.970415687929e-05  ,-2.604426744464e-01  ,-2.769931819165e-01  
  1.970431480832e-05  ,-2.702779072183e-01  ,-2.864168668192e-01  
  1.970463066637e-05  ,-2.899281710931e-01  ,-3.052444284243e-01  
  1.970521823778e-05  ,-3.264049339270e-01  ,-3.401921474027e-01  
  1.970639338061e-05  ,-3.990124222129e-01  ,-4.097465983313e-01  
  1.970874366626e-05  ,-5.424978695629e-01  ,-5.471434257214e-01  
  1.971296442017e-05  ,-7.922436019748e-01  ,-7.859773699259e-01  
  1.972057146296e-05  ,-1.204428125298e+00  ,-1.178443002900e+00  
  1.973441166147e-05  ,-1.764927224819e+00  ,-1.702454382326e+00  
  1.975467426046e-05  ,-1.978474908688e+00  ,-1.872478434704e+00  
  1.977696341738e-05  ,-1.324347027562e+00  ,-1.235673848119e+00  
  1.977994141444e-05  ,-1.178546535027e+00  ,-1.097460863694e+00  
  1.978589740857e-05  ,-8.573866739988e-01  ,-7.922267788585e-01  
  1.979288828835e-05  ,-4.431337907382e-01  ,-3.967538166553e-01  
  1.979463600829e-05  ,-3.354366849787e-01  ,-2.937389625335e-01  
  1.979507293827e-05  ,-3.083416881627e-01  ,-2.678147234343e-01  
  1.979594679825e-05  ,-2.539825215341e-01  ,-2.157926960813e-01  
  1.979686303340e-05  ,-1.967825302130e-01  ,-1.610351663171e-01  
  1.979784986280e-05  ,-1.349943913635e-01  ,-1.018692416994e-01  
  1.979835054181e-05  ,-1.035921384775e-01  ,-7.179401703995e-02  
  1.979847727153e-05  ,-9.563936378207e-02  ,-6.417680557735e-02  
  1.979859894883e-05  ,-8.800221998014e-02  ,-5.686171898540e-02  
  1.979884230341e-05  ,-7.272418624917e-02  ,-4.222742101434e-02  
  1.979932901259e-05  ,-4.215626006339e-02  ,-1.294543745920e-02  
  1.979986144971e-05  ,-8.705344146229e-03  ,1.910103317179e-02  
  1.980035095285e-05  ,2.205057130619e-02  ,4.856772330164e-02  
  1.980073447149e-05  ,4.614410978137e-02  ,7.165250362474e-02  
  1.980097112055e-05  ,6.100783887123e-02  ,8.589433307027e-02  
  1.980103398483e-05  ,6.495575805465e-02  ,8.967711609831e-02  
  1.980113609271e-05  ,7.136765555995e-02  ,9.582085141884e-02  
  1.980127781672e-05  ,8.026602992453e-02  ,1.043469091175e-01  
  1.980148703834e-05  ,9.339939239772e-02  ,1.169312724446e-01  
  1.980186562096e-05  ,1.171533220217e-01  ,1.396925825020e-01  
  1.980248187711e-05  ,1.557829815941e-01  ,1.767086322500e-01  
  1.980307634031e-05  ,1.929913964262e-01  ,2.123628918567e-01  
  1.980363923167e-05  ,2.281618483795e-01  ,2.460636234850e-01  
  1.980391662610e-05  ,2.454683842063e-01  ,2.626465588618e-01  
  1.980400604471e-05  ,2.510432682170e-01  ,2.679882755144e-01  
  1.980416485849e-05  ,2.609397451326e-01  ,2.774707374334e-01  
  1.980432346273e-05  ,2.708166815116e-01  ,2.869343378959e-01  
  1.980464067120e-05  ,2.905501383285e-01  ,3.058415216553e-01  
  1.980522898767e-05  ,3.270712945993e-01  ,3.408316055595e-01  
  1.980640562061e-05  ,3.997659937923e-01  ,4.104692435029e-01  
  1.980875888649e-05  ,5.434182699090e-01  ,5.480249532053e-01  
  1.981298038546e-05  ,7.931645730968e-01  ,7.868571925520e-01  
  1.982063213173e-05  ,1.207469132805e+00  ,1.181326202777e+00  
  1.983449319187e-05  ,1.767331054671e+00  ,1.704641959670e+00  
  1.985472598854e-05  ,1.977996734553e+00  ,1.871928517152e+00  
  1.987700024429e-05  ,1.322612216850e+00  ,1.234029352683e+00  
  1.987998494688e-05  ,1.176335553830e+00  ,1.095362791964e+00  
  1.988595435205e-05  ,8.541528817755e-01  ,7.891458402171e-01  
  1.989294746700e-05  ,4.395071400750e-01  ,3.932848172964e-01  
  1.989469574574e-05  ,3.317358489649e-01  ,2.901966498779e-01  
  1.989513281542e-05  ,3.046239325418e-01  ,2.642556922891e-01  
  1.989600695479e-05  ,2.502329243622e-01  ,2.122022086856e-01  
  1.989690623987e-05  ,1.940807792846e-01  ,1.584470426596e-01  
  1.989784538556e-05  ,1.352750617771e-01  ,1.021368038861e-01  
  1.989831756610e-05  ,1.056612263621e-01  ,7.377460841047e-02  
  1.989842169961e-05  ,9.912690873356e-02  ,6.751607587447e-02  
  1.989852572834e-05  ,9.259810628354e-02  ,6.126268880128e-02  
  1.989873378580e-05  ,7.953760404653e-02  ,4.875322246970e-02  
  1.989914990073e-05  ,5.340696337857e-02  ,2.372249160010e-02  
  1.989965700587e-05  ,2.155053980526e-02  ,-6.795477516810e-03  
  1.990016569426e-05  ,-1.041083032611e-02  ,-3.741627178999e-02  
  1.990077878391e-05  ,-4.892755455997e-02  ,-7.432001995971e-02  
  1.990099284840e-05  ,-6.237239025540e-02  ,-8.720235029079e-02  
  1.990105866963e-05  ,-6.650591174796e-02  ,-9.116297675926e-02  
  1.990117310589e-05  ,-7.369173239940e-02  ,-9.804827911715e-02  
  1.990132202437e-05  ,-8.304136220786e-02  ,-1.070066969710e-01  
  1.990156286439e-05  ,-9.815821608890e-02  ,-1.214916827078e-01  
  1.990199052771e-05  ,-1.249870465018e-01  ,-1.471994956833e-01  
  1.990253889044e-05  ,-1.593540997013e-01  ,-1.801310221302e-01  
  1.990310550710e-05  ,-1.948153664583e-01  ,-2.141110573960e-01  
  1.990364707118e-05  ,-2.286511960589e-01  ,-2.465328952143e-01  
  1.990390774836e-05  ,-2.449147870941e-01  ,-2.621164842458e-01  
  1.990399517627e-05  ,-2.503657703013e-01  ,-2.673394838967e-01  
  1.990414602724e-05  ,-2.597666109356e-01  ,-2.763470517703e-01  
  1.990430579563e-05  ,-2.697168072233e-01  ,-2.858808588245e-01  
  1.990462533241e-05  ,-2.895965643367e-01  ,-3.049282490676e-01  
  1.990515097087e-05  ,-3.222343697256e-01  ,-3.361979273620e-01  
  1.990620224779e-05  ,-3.872374973688e-01  ,-3.984687209565e-01  
  1.990830480164e-05  ,-5.159062677929e-01  ,-5.216860089044e-01  
  1.991235791748e-05  ,-7.571115103158e-01  ,-7.524117654105e-01  
  1.991930334871e-05  ,-1.139879592863e+00  ,-1.117192166348e+00  
  1.993228524034e-05  ,-1.698191106410e+00  ,-1.641357502513e+00  
  1.995579629248e-05  ,-1.966932608637e+00  ,-1.858360487904e+00  
  1.997742085760e-05  ,-1.302673321041e+00  ,-1.215131416480e+00  
  1.998024325040e-05  ,-1.163171385562e+00  ,-1.082904954427e+00  
  1.998588781026e-05  ,-8.579314873250e-01  ,-7.927638528838e-01  
  1.999320279029e-05  ,-4.238428843919e-01  ,-3.783086153154e-01  
  1.999380423841e-05  ,-3.868376612637e-01  ,-3.429178155639e-01  
  1.999500713465e-05  ,-3.124261582354e-01  ,-2.717334806297e-01  
  1.999646018413e-05  ,-2.219550469502e-01  ,-1.851430688267e-01  
  1.999781451342e-05  ,-1.372103094471e-01  ,-1.039974763590e-01  
  1.999846178261e-05  ,-9.661143695188e-02  ,-6.511331805057e-02  
  1.999868234307e-05  ,-8.276718360488e-02  ,-5.185263133918e-02  
  1.999890669868e-05  ,-6.868064189087e-02  ,-3.835929560868e-02  
  1.999935540990e-05  ,-4.049802250360e-02  ,-1.136184714289e-02  
  1.999984444738e-05  ,-9.773620292875e-03  ,1.807280489059e-02  
  2.000000000000e-05  ,7.857546894914e-15  ,2.743656884771e-02  
