  Time                 , V(D2:2)              , V(D1:2)              
  0.000000000000e+00  ,0.000000000000e+00  ,1.176793038016e-15  
  2.500000000000e-10  ,6.283120710969e-01  ,6.270206987650e-01  
  4.737968146801e-10  ,1.190737303481e+00  ,1.187978202606e+00  
  9.213904440403e-10  ,2.315383388918e+00  ,2.308497020119e+00  
  1.816577702761e-09  ,4.563079856537e+00  ,4.542644589862e+00  
  3.606952220201e-09  ,9.045871781007e+00  ,8.971709601556e+00  
  5.228198558092e-09  ,1.308089523082e+01  ,1.233827886520e+01  
  6.633936852217e-09  ,1.655246504754e+01  ,1.062516963147e+01  
  7.954179733992e-09  ,1.978362943849e+01  ,8.114207862932e+00  
  1.040653833747e-08  ,2.569105156297e+01  ,5.291037223022e+00  
  1.505570062995e-08  ,3.644391716032e+01  ,4.433725559100e+00  
  2.011762508750e-08  ,4.726166349690e+01  ,3.993632286431e+00  
  2.568991431594e-08  ,5.778124318896e+01  ,3.657721099053e+00  
  2.891042777896e-08  ,6.307417353938e+01  ,3.476594088738e+00  
  3.244982609153e-08  ,6.814524095742e+01  ,3.271290784272e+00  
  3.350017169118e-08  ,6.949073494793e+01  ,3.205829447090e+00  
  3.531122156978e-08  ,7.163221385530e+01  ,3.094271562722e+00  
  3.893332132697e-08  ,7.521353010705e+01  ,2.876504831004e+00  
  4.617752084136e-08  ,7.942386001177e+01  ,2.446265796387e+00  
  5.358563312888e-08  ,7.949297175031e+01  ,2.010672532472e+00  
  6.078512915969e-08  ,7.545167360180e+01  ,1.590759734080e+00  
  7.034124383330e-08  ,6.421354233343e+01  ,1.030982460780e+00  
  7.897348651290e-08  ,4.908519977836e+01  ,5.132256120296e-01  
  8.363307961822e-08  ,3.934582058504e+01  ,2.082835962277e-01  
  8.628287860751e-08  ,3.341771859689e+01  ,9.919305689244e-03  
  8.796410211921e-08  ,2.953383103307e+01  ,-1.287549102094e-01  
  9.025254794955e-08  ,2.411693108792e+01  ,-3.392816955943e-01  
  9.482943961024e-08  ,1.293796295513e+01  ,-8.617728046713e-01  
  9.873354384303e-08  ,3.182111786470e+00  ,-1.698683392585e+00  
  1.020088190734e-07  ,-5.045362381257e+00  ,-5.193266105892e+00  
  1.039813602865e-07  ,-9.980179659324e+00  ,-1.003904847541e+01  
  1.065547908247e-07  ,-1.635780278065e+01  ,-1.634335052306e+01  
  1.094661051929e-07  ,-2.344179161403e+01  ,-2.323214131218e+01  
  1.116599286497e-07  ,-2.865362561884e+01  ,-1.356653851385e+01  
  1.140407616794e-07  ,-3.415501062670e+01  ,-4.608974101805e+00  
  1.166182900369e-07  ,-3.989465924457e+01  ,-4.353555091926e+00  
  1.193388695419e-07  ,-4.566851020219e+01  ,-4.120027576867e+00  
  1.220378423631e-07  ,-5.106716527820e+01  ,-3.921786910716e+00  
  1.258994782865e-07  ,-5.814425664840e+01  ,-3.663478801038e+00  
  1.285932357013e-07  ,-6.258067570633e+01  ,-3.495492437371e+00  
  1.312840128839e-07  ,-6.656502320024e+01  ,-3.333982420574e+00  
  1.321865575910e-07  ,-6.779630580703e+01  ,-3.278717674356e+00  
  1.339532765150e-07  ,-7.004788708317e+01  ,-3.171129544540e+00  
  1.372289242744e-07  ,-7.364696815586e+01  ,-2.974639574838e+00  
  1.437802197933e-07  ,-7.847760430148e+01  ,-2.585674021296e+00  
  1.501251342297e-07  ,-7.999938182502e+01  ,-2.213090909751e+00  
  1.577053549290e-07  ,-7.766749140166e+01  ,-1.769870509146e+00  
  1.698244693279e-07  ,-6.497967957392e+01  ,-1.060957398972e+00  
  1.800794484615e-07  ,-4.686113279575e+01  ,-4.462327233569e-01  
  1.849983217716e-07  ,-3.632299805873e+01  ,-1.122959412700e-01  
  1.864556553364e-07  ,-3.302269287331e+01  ,2.735145619805e-03  
  1.885675224066e-07  ,-2.811917697882e+01  ,1.811052036590e-01  
  1.912754359245e-07  ,-2.165370175274e+01  ,4.359682062146e-01  
  1.966912629604e-07  ,-8.300795983621e+00  ,1.161706472817e+00  
  2.008986058235e-07  ,2.258142792277e+00  ,2.833906137003e+00  
  2.058472814560e-07  ,1.461330908750e+01  ,1.462066591336e+01  
  2.089292141199e-07  ,2.214839304032e+01  ,2.203729015344e+01  
  2.116274418831e-07  ,2.857737940228e+01  ,1.542055490328e+01  
  2.137836399078e-07  ,3.356954043905e+01  ,6.417414109016e+00  
  2.160154613256e-07  ,3.857434138692e+01  ,4.350007416759e+00  
  2.197277131081e-07  ,4.646747064225e+01  ,3.682321227921e+00  
  2.236392679214e-07  ,5.409936946522e+01  ,3.971433122010e+00  
  2.281349482536e-07  ,6.185669478616e+01  ,3.459545426417e+00  
  2.301086070538e-07  ,6.488142395595e+01  ,3.371749247586e+00  
  2.312496634722e-07  ,6.651709908659e+01  ,3.321509402289e+00  
  2.328943791389e-07  ,6.872385615747e+01  ,3.233683737629e+00  
  2.357121887207e-07  ,7.207522256976e+01  ,3.067271200256e+00  
  2.404932262897e-07  ,7.645843365402e+01  ,2.779815730298e+00  
  2.462987186909e-07  ,7.945977517936e+01  ,2.439304618151e+00  
  2.539191725254e-07  ,7.939438058963e+01  ,1.990328277922e+00  
  2.614964129925e-07  ,7.483870861401e+01  ,1.548630784309e+00  
  2.710584881306e-07  ,6.312219901280e+01  ,9.886009077953e-01  
  2.796981813908e-07  ,4.763437935924e+01  ,4.680523687165e-01  
  2.842855038643e-07  ,3.790995869707e+01  ,1.630489131047e-01  
  2.855655136108e-07  ,3.504719561876e+01  ,6.402072280681e-02  
  2.876922818422e-07  ,3.016764750707e+01  ,-1.080615144075e-01  
  2.900448026657e-07  ,2.461424482102e+01  ,-3.152595792959e-01  
  2.947498443127e-07  ,1.313533370027e+01  ,-8.456577229173e-01  
  2.984751346111e-07  ,3.830939063362e+00  ,-1.619848470302e+00  
  3.018059166670e-07  ,-4.536329117113e+00  ,-4.701737145781e+00  
  3.039252343178e-07  ,-9.840206243642e+00  ,-9.901031128052e+00  
  3.066290500164e-07  ,-1.654044866546e+01  ,-1.652403561167e+01  
  3.093347283602e-07  ,-2.312590017675e+01  ,-2.295368530222e+01  
  3.115903916359e-07  ,-2.849038639997e+01  ,-1.410926982670e+01  
  3.140852185488e-07  ,-3.425601468523e+01  ,-4.414005284066e+00  
  3.164202305079e-07  ,-3.946242368896e+01  ,-4.381903781969e+00  
  3.188964309692e-07  ,-4.475114569041e+01  ,-4.189227500373e+00  
  3.214814099073e-07  ,-4.998294070992e+01  ,-3.976516090602e+00  
  3.251012744904e-07  ,-5.674823615812e+01  ,-3.716819898233e+00  
  3.276758226156e-07  ,-6.111853265398e+01  ,-3.552503576940e+00  
  3.300939085484e-07  ,-6.485980554266e+01  ,-3.403960796721e+00  
  3.311401563287e-07  ,-6.636379848323e+01  ,-3.340843275588e+00  
  3.327248948216e-07  ,-6.850483606801e+01  ,-3.245053275831e+00  
  3.353065209985e-07  ,-7.162695288294e+01  ,-3.089476759564e+00  
  3.403185265660e-07  ,-7.632808967841e+01  ,-2.791064019047e+00  
  3.458043890595e-07  ,-7.930606100624e+01  ,-2.467844880030e+00  
  3.534293132424e-07  ,-7.953617522400e+01  ,-2.019334721732e+00  
  3.609529095292e-07  ,-7.531046919361e+01  ,-1.580128269073e+00  
  3.706043916345e-07  ,-6.381689979245e+01  ,-1.015247213931e+00  
  3.793230610490e-07  ,-4.838849073583e+01  ,-4.915383300377e-01  
  3.839901047349e-07  ,-3.856208538653e+01  ,-1.838085747685e-01  
  3.853472279906e-07  ,-3.553953172250e+01  ,-8.011978849630e-02  
  3.873782562613e-07  ,-3.089713437880e+01  ,8.235048043143e-02  
  3.895910786986e-07  ,-2.569672330708e+01  ,2.733427343212e-01  
  3.940167235732e-07  ,-1.494921665926e+01  ,7.595049507868e-01  
  3.982322620749e-07  ,-4.440526619730e+00  ,1.541678612626e+00  
  4.017828362584e-07  ,4.478413868379e+00  ,4.643348493405e+00  
  4.041342394948e-07  ,1.036128883107e+01  ,1.041464631952e+01  
  4.071021782756e-07  ,1.770198636106e+01  ,1.767051620731e+01  
  4.099140273929e-07  ,2.451577225314e+01  ,2.278577471526e+01  
  4.118131803870e-07  ,2.901290256924e+01  ,1.224033648169e+01  
  4.138710307479e-07  ,3.376877834861e+01  ,5.233104351413e+00  
  4.173918026090e-07  ,4.156778595882e+01  ,4.116782349838e+00  
  4.208607929349e-07  ,4.875564828789e+01  ,4.061100820183e+00  
  4.249668079019e-07  ,5.650952430812e+01  ,3.712014914899e+00  
  4.277440118194e-07  ,6.122897202407e+01  ,3.540173385958e+00  
  4.301106887460e-07  ,6.488448456953e+01  ,3.400746251797e+00  
  4.311800333261e-07  ,6.641971388604e+01  ,3.337622691208e+00  
  4.327597426772e-07  ,6.855002784170e+01  ,3.242910629418e+00  
  4.353588777184e-07  ,7.168546333952e+01  ,3.086464564624e+00  
  4.403537469506e-07  ,7.635455287444e+01  ,2.788875860363e+00  
  4.459036844373e-07  ,7.933847371919e+01  ,2.462022493264e+00  
  4.535241382718e-07  ,7.951019642160e+01  ,2.013749830900e+00  
  4.610462444425e-07  ,7.523101229350e+01  ,1.574690260944e+00  
  4.706709044576e-07  ,6.371595345517e+01  ,1.011340000196e+00  
  4.793672221303e-07  ,4.830005987396e+01  ,4.887646364669e-01  
  4.840171294808e-07  ,3.850256239966e+01  ,1.818792492406e-01  
  4.853479894400e-07  ,3.553781718977e+01  ,8.006989207851e-02  
  4.874095650911e-07  ,3.082453721763e+01  ,-8.492593144743e-02  
  4.896253677607e-07  ,2.561509730857e+01  ,-2.764707450602e-01  
  4.940569730997e-07  ,1.484982848407e+01  ,-7.650119055562e-01  
  4.982427092791e-07  ,4.414310172655e+00  ,-1.545524702285e+00  
  5.017794998884e-07  ,-4.470041780445e+00  ,-4.635477815877e+00  
  5.041193547249e-07  ,-1.032419328091e+01  ,-1.037806838388e+01  
  5.070731374025e-07  ,-1.763080058456e+01  ,-1.760029163429e+01  
  5.098760458231e-07  ,-2.442488943676e+01  ,-2.291124169905e+01  
  5.117796691656e-07  ,-2.893439742763e+01  ,-1.240079179472e+01  
  5.138393821716e-07  ,-3.369665369688e+01  ,-5.282513997824e+00  
  5.172584536076e-07  ,-4.128107242755e+01  ,-4.126113402749e+00  
  5.207684221268e-07  ,-4.857138575769e+01  ,-4.068986580528e+00  
  5.248513402939e-07  ,-5.630373546424e+01  ,-3.719508535289e+00  
  5.276535036564e-07  ,-6.108232387225e+01  ,-3.545635208651e+00  
  5.300026717186e-07  ,-6.472530615962e+01  ,-3.407281745005e+00  
  5.310923191309e-07  ,-6.629658390407e+01  ,-3.342958124269e+00  
  5.326783614755e-07  ,-6.844436217876e+01  ,-3.247839764538e+00  
  5.352070885301e-07  ,-7.151530029388e+01  ,-3.095574187147e+00  
  5.400305944085e-07  ,-7.610824713255e+01  ,-2.808032623929e+00  
  5.455216723084e-07  ,-7.920954893113e+01  ,-2.484457938788e+00  
  5.531123238206e-07  ,-7.961789452064e+01  ,-2.037902406943e+00  
  5.606627421975e-07  ,-7.555335274425e+01  ,-1.597058222708e+00  
  5.704095917344e-07  ,-6.411094238767e+01  ,-1.026688301663e+00  
  5.792117076516e-07  ,-4.861105772589e+01  ,-4.985494228202e-01  
  5.839361208081e-07  ,-3.868090368834e+01  ,-1.877471720242e-01  
  5.862767207026e-07  ,-3.343177953711e+01  ,-1.032289645768e-02  
  5.881136613488e-07  ,-2.918417510095e+01  ,1.415594879639e-01  
  5.904382424951e-07  ,-2.367153366823e+01  ,3.573746331690e-01  
  5.950874047875e-07  ,-1.229774263385e+01  ,8.998952794433e-01  
  5.986465471387e-07  ,-3.400573159921e+00  ,1.680504227938e+00  
  6.019080387950e-07  ,4.792553272784e+00  ,4.949479849583e+00  
  6.038887756467e-07  ,9.749264985083e+00  ,9.811473201176e+00  
  6.064473050237e-07  ,1.609327620435e+01  ,1.608222420428e+01  
  6.092047649026e-07  ,2.281301952588e+01  ,2.266279521485e+01  
  6.117103951573e-07  ,2.877201093926e+01  ,1.387185834313e+01  
  6.141731845737e-07  ,3.445567253107e+01  ,4.435154640018e+00  
  6.165339010358e-07  ,3.971068064075e+01  ,4.371495383846e+00  
  6.190261202455e-07  ,4.502095071963e+01  ,4.174124965774e+00  
  6.216479795575e-07  ,5.030912330671e+01  ,3.962219444125e+00  
  6.253017442822e-07  ,5.710223860041e+01  ,3.703462488527e+00  
  6.278893309236e-07  ,6.146339301417e+01  ,3.539170593326e+00  
  6.305864410996e-07  ,6.557665589238e+01  ,3.373671187820e+00  
  6.316058667898e-07  ,6.701029856853e+01  ,3.312394853356e+00  
  6.332066240311e-07  ,6.912225620087e+01  ,3.215900245232e+00  
  6.360505106449e-07  ,7.244012448331e+01  ,3.044914142939e+00  
  6.417382838726e-07  ,7.732045626759e+01  ,2.707042050741e+00  
  6.476175370216e-07  ,7.977601996847e+01  ,2.361390900967e+00  
  6.552916350365e-07  ,7.889709251857e+01  ,1.910208699523e+00  
  6.650787177086e-07  ,7.119048695416e+01  ,1.339236530746e+00  
  6.745275440216e-07  ,5.740190728402e+01  ,7.832649060067e-01  
  6.841194214821e-07  ,3.827700956689e+01  ,1.725313019914e-01  
  6.889108898640e-07  ,2.730964511835e+01  ,-1.916281808466e-01  
  6.900452407598e-07  ,2.461319717942e+01  ,-3.042900218767e-01  
  6.910987528563e-07  ,2.208084328541e+01  ,-4.173149086945e-01  
  6.932057770491e-07  ,1.694637925770e+01  ,-6.626129349688e-01  
  6.974198254347e-07  ,6.477587036639e+00  ,-1.378684353765e+00  
  7.009677919149e-07  ,-2.431951649777e+00  ,-2.982060224537e+00  
  7.050231429338e-07  ,-1.257220232523e+01  ,-1.260306279871e+01  
  7.081088008881e-07  ,-2.015992987032e+01  ,-2.009450113269e+01  
  7.108450266123e-07  ,-2.673224967590e+01  ,-1.954255224017e+01  
  7.128864856958e-07  ,-3.150980120764e+01  ,-8.830561833126e+00  
  7.149380030632e-07  ,-3.618033873227e+01  ,-4.651567535688e+00  
  7.183257820606e-07  ,-4.355520493445e+01  ,-3.330781549302e+00  
  7.219363334179e-07  ,-5.087052622331e+01  ,-4.219253787332e+00  
  7.258493783474e-07  ,-5.805770056280e+01  ,-3.563903061674e+00  
  7.285755457878e-07  ,-6.255296975551e+01  ,-3.440073847334e+00  
  7.313594552279e-07  ,-6.667000779038e+01  ,-3.344590403685e+00  
  7.322579952478e-07  ,-6.789144851197e+01  ,-3.284865094991e+00  
  7.340431543589e-07  ,-7.015672035423e+01  ,-3.168574032141e+00  
  7.373195471764e-07  ,-7.373561841880e+01  ,-2.968310762096e+00  
  7.438723328114e-07  ,-7.852222449890e+01  ,-2.579629401829e+00  
  7.503014388084e-07  ,-7.999641280637e+01  ,-2.202680552379e+00  
  7.578727188110e-07  ,-7.756558723658e+01  ,-1.760157627076e+00  
  7.697593750954e-07  ,-6.507497377239e+01  ,-1.064801738191e+00  
  7.798876943588e-07  ,-4.725087601764e+01  ,-4.580380599485e-01  
  7.853035213947e-07  ,-3.563791044192e+01  ,-9.156606424058e-02  
  7.868487718105e-07  ,-3.212028961276e+01  ,3.230874517806e-02  
  7.889040144682e-07  ,-2.732588621978e+01  ,2.100044254010e-01  
  7.915526958704e-07  ,-2.098206994682e+01  ,4.713020681110e-01  
  7.968500586748e-07  ,-7.903751357572e+00  ,1.199331605860e+00  
  8.010052474737e-07  ,2.526042524297e+00  ,2.958271386255e+00  
  8.057512673140e-07  ,1.437599315737e+01  ,1.438599202300e+01  
  8.090637954473e-07  ,2.247321267145e+01  ,2.235075436127e+01  
  8.118063541651e-07  ,2.899691370953e+01  ,1.455737383514e+01  
  8.140918197632e-07  ,3.427100666215e+01  ,5.795513125114e+00  
  8.164402427673e-07  ,3.950616714531e+01  ,4.290936606653e+00  
  8.200917723179e-07  ,4.720922344431e+01  ,3.791912826671e+00  
  8.238781573772e-07  ,5.454014019536e+01  ,3.901617955118e+00  
  8.278068485260e-07  ,6.133049372140e+01  ,3.603780286964e+00  
  8.300911965370e-07  ,6.485581523234e+01  ,3.421125206274e+00  
  8.312935339808e-07  ,6.657829326496e+01  ,3.336895939092e+00  
  8.329725223184e-07  ,6.882418264470e+01  ,3.229823282280e+00  
  8.355019944310e-07  ,7.184441113773e+01  ,3.076681378828e+00  
  8.404253380895e-07  ,7.640805544851e+01  ,2.785480886282e+00  
  8.461950677037e-07  ,7.942913105830e+01  ,2.444473225424e+00  
  8.538587349057e-07  ,7.941289239692e+01  ,1.994507668370e+00  
  8.613271968961e-07  ,7.498793363543e+01  ,1.558098676229e+00  
  8.708549993634e-07  ,6.343510383668e+01  ,1.000473658220e+00  
  8.794678705335e-07  ,4.809816820736e+01  ,4.824020741165e-01  
  8.840626435876e-07  ,3.840225321443e+01  ,1.785214604708e-01  
  8.853370653987e-07  ,3.556241257978e+01  ,8.083926645050e-02  
  8.874686765075e-07  ,3.068739173004e+01  ,-8.981568301567e-02  
  8.896908121705e-07  ,2.545922277408e+01  ,-2.824435284250e-01  
  8.941350834966e-07  ,1.465688283638e+01  ,-7.757708805140e-01  
  8.982641952634e-07  ,4.360391272755e+00  ,-1.553325002261e+00  
  9.017752813697e-07  ,-4.459456010760e+00  ,-4.625637403056e+00  
  9.040912943482e-07  ,-1.025425559271e+01  ,-1.030910842908e+01  
  9.070171373487e-07  ,-1.749349034971e+01  ,-1.746481586545e+01  
  9.098032819629e-07  ,-2.425068206550e+01  ,-2.312826370580e+01  
  9.117173361182e-07  ,-2.878828753015e+01  ,-1.271220524928e+01  
  9.137830095887e-07  ,-3.356810248580e+01  ,-5.375615622277e+00  
  9.170228945613e-07  ,-4.077283008387e+01  ,-4.145775314308e+00  
  9.206159370542e-07  ,-4.826631229486e+01  ,-4.081458519736e+00  
  9.246653276086e-07  ,-5.597066269088e+01  ,-3.729275099609e+00  
  9.275989937186e-07  ,-6.099376440648e+01  ,-3.547967232035e+00  
  9.299578475356e-07  ,-6.465903243865e+01  ,-3.409754912300e+00  
  9.310772972703e-07  ,-6.627544624892e+01  ,-3.343812179376e+00  
  9.326778682470e-07  ,-6.844372040441e+01  ,-3.247878573692e+00  
  9.351685973406e-07  ,-7.147189117109e+01  ,-3.097903611416e+00  
  9.399243029356e-07  ,-7.602551651532e+01  ,-2.814333538706e+00  
  9.454250665903e-07  ,-7.917513750615e+01  ,-2.490124501062e+00  
  9.530082675219e-07  ,-7.964299904764e+01  ,-2.044014441253e+00  
  9.605631562471e-07  ,-7.563526468635e+01  ,-1.602863021655e+00  
  9.703457685709e-07  ,-6.420675920288e+01  ,-1.030434224312e+00  
  9.791776868105e-07  ,-4.867893817880e+01  ,-5.006936829038e-01  
  9.839207264185e-07  ,-3.871476627632e+01  ,-1.888818160201e-01  
  9.863045396805e-07  ,-3.336824783855e+01  ,-8.269058969146e-03  
  9.881185697913e-07  ,-2.917268864540e+01  ,1.419081365519e-01  
  9.904412882924e-07  ,-2.366422141812e+01  ,3.576806119361e-01  
  9.950867252946e-07  ,-1.229943008505e+01  ,8.998678423725e-01  
  9.988537388444e-07  ,-2.880245897851e+00  ,1.742949791874e+00  
  1.002102191985e-06  ,5.279544897177e+00  ,5.421026949486e+00  
  1.004007677972e-06  ,1.004580308099e+01  ,1.010392081016e+01  
  1.006471584976e-06  ,1.615304622634e+01  ,1.614102461686e+01  
  1.009159381926e-06  ,2.270367238233e+01  ,2.256079484599e+01  
  1.012142221868e-06  ,2.978201081949e+01  ,1.004368756388e+01  
  1.014250736177e-06  ,3.463147439772e+01  ,4.066616960024e+00  
  1.016818951309e-06  ,4.033099751647e+01  ,4.393240545228e+00  
  1.020467128098e-06  ,4.796752559634e+01  ,4.020575045439e+00  
  1.024202849209e-06  ,5.513429357817e+01  ,3.787881548631e+00  
  1.027517612517e-06  ,6.086121580613e+01  ,3.567798816851e+00  
  1.029915954411e-06  ,6.459697644414e+01  ,3.416005381047e+00  
  1.031105998397e-06  ,6.631581951447e+01  ,3.343216777935e+00  
  1.032759095967e-06  ,6.854918991577e+01  ,3.242868209375e+00  
  1.035191338003e-06  ,7.149754999377e+01  ,3.096276608613e+00  
  1.039906810462e-06  ,7.601182021119e+01  ,2.815530244815e+00  
  1.045482824981e-06  ,7.919579901201e+01  ,2.486624681801e+00  
  1.053086887538e-06  ,7.962410983695e+01  ,2.039482776761e+00  
  1.060617934406e-06  ,7.559029983825e+01  ,1.599621180952e+00  
  1.070373724639e-06  ,6.416482089921e+01  ,1.028782891997e+00  
  1.079181801021e-06  ,4.867073220958e+01  ,5.004134911485e-01  
  1.083912174642e-06  ,3.873357345656e+01  ,1.894181381748e-01  
  1.086288164794e-06  ,3.340564713694e+01  ,9.480805837632e-03  
  1.088105175138e-06  ,2.920403240860e+01  ,-1.408051201128e-01  
  1.090426776052e-06  ,2.369905998440e+01  ,-3.562539334717e-01  
  1.095069977880e-06  ,1.234101880294e+01  ,-8.973029611060e-01  
  1.098845187068e-06  ,2.901724817667e+00  ,-1.739756043780e+00  
  1.102094757795e-06  ,-5.260901329189e+00  ,-5.402886307926e+00  
  1.104001733899e-06  ,-1.003098207178e+01  ,-1.008928941042e+01  
  1.106474581599e-06  ,-1.616042237151e+01  ,-1.614831847805e+01  
  1.109173181891e-06  ,-2.273692733794e+01  ,-2.259229450548e+01  
  1.112147081137e-06  ,-2.979334532912e+01  ,-9.986156145609e+00  
  1.114267516375e-06  ,-3.466948644144e+01  ,-4.018214289880e+00  
  1.116841319442e-06  ,-4.037953808831e+01  ,-4.397503892586e+00  
  1.120487633586e-06  ,-4.800876005183e+01  ,-4.017126349154e+00  
  1.124220374465e-06  ,-5.516620040939e+01  ,-3.787464295691e+00  
  1.127506825566e-06  ,-6.084361681832e+01  ,-3.568962423738e+00  
  1.129898461938e-06  ,-6.457103184480e+01  ,-3.417227298803e+00  
  1.131086829543e-06  ,-6.628886107244e+01  ,-3.344436035981e+00  
  1.132739368320e-06  ,-6.852361571839e+01  ,-3.244062385589e+00  
  1.135163042188e-06  ,-7.146561761722e+01  ,-3.097964709786e+00  
  1.139853182673e-06  ,-7.596968753182e+01  ,-2.818714560242e+00  
  1.145411315799e-06  ,-7.917018010977e+01  ,-2.490826172709e+00  
  1.153007927775e-06  ,-7.964307962073e+01  ,-2.044113449497e+00  
  1.160546425223e-06  ,-7.564895375755e+01  ,-1.603792382719e+00  
  1.170329037547e-06  ,-6.423183456531e+01  ,-1.031406042708e+00  
  1.179160955787e-06  ,-4.871230054273e+01  ,-5.017323271161e-01  
  1.183906230569e-06  ,-3.874664409439e+01  ,-1.898852577784e-01  
  1.186310160398e-06  ,-3.335540840546e+01  ,-7.854889683471e-03  
  1.188113387167e-06  ,-2.918481670399e+01  ,1.414496589035e-01  
  1.190434243023e-06  ,-2.368113513911e+01  ,3.569916112068e-01  
  1.195075954735e-06  ,-1.232617691771e+01  ,8.982650523401e-01  
  1.198848183692e-06  ,-2.894198424323e+00  ,1.740913139870e+00  
  1.202097381890e-06  ,5.267482104289e+00  ,5.409289702834e+00  
  1.204003985465e-06  ,1.003659618789e+01  ,1.009483166735e+01  
  1.206473480403e-06  ,1.615771181069e+01  ,1.614563826911e+01  
  1.209167982876e-06  ,2.272439932836e+01  ,2.258043402458e+01  
  1.212145234883e-06  ,2.978903892287e+01  ,1.000795040954e+01  
  1.214261199772e-06  ,3.465517862456e+01  ,4.036413039996e+00  
  1.216832767665e-06  ,4.036098242784e+01  ,4.395883655866e+00  
  1.220479826868e-06  ,4.799306388112e+01  ,4.018438683518e+00  
  1.224213312805e-06  ,5.515334582035e+01  ,3.787647862842e+00  
  1.227510939777e-06  ,6.085033000704e+01  ,3.568518630154e+00  
  1.229905183852e-06  ,6.458100400375e+01  ,3.416758086808e+00  
  1.231094296515e-06  ,6.629936523361e+01  ,3.343961395944e+00  
  1.232747021556e-06  ,6.853354021828e+01  ,3.243599059867e+00  
  1.235174048185e-06  ,7.147804481162e+01  ,3.097307993298e+00  
  1.239873874426e-06  ,7.598596956563e+01  ,2.817485933603e+00  
  1.245438713074e-06  ,7.918004268979e+01  ,2.489216427662e+00  
  1.253038305283e-06  ,7.963583953605e+01  ,2.042331899549e+00  
  1.260573822498e-06  ,7.562652681315e+01  ,1.602194282207e+00  
  1.270346004009e-06  ,6.420640621673e+01  ,1.030410157160e+00  
  1.279168981552e-06  ,4.869629850842e+01  ,5.012247975626e-01  
  1.283908295870e-06  ,3.874210278251e+01  ,1.897207265975e-01  
  1.286301422358e-06  ,3.337536830574e+01  ,8.501163158521e-03  
  1.288109864533e-06  ,2.919305971565e+01  ,-1.411715020335e-01  
  1.290431092918e-06  ,2.368869728630e+01  ,-3.566803524958e-01  
  1.295073549688e-06  ,1.233214924692e+01  ,-8.978754373937e-01  
  1.298847268760e-06  ,2.896496391000e+00  ,-1.740535203166e+00  
  1.302096466959e-06  ,-5.265187618907e+00  ,-5.407056953674e+00  
  1.304003070533e-06  ,-1.003431487873e+01  ,-1.009257970623e+01  
  1.306474055588e-06  ,-1.615912761347e+01  ,-1.614703797437e+01  
  1.309170048177e-06  ,-2.272937613392e+01  ,-2.258514654806e+01  
  1.312146182597e-06  ,-2.979124948775e+01  ,-9.998355767762e+00  
  1.314264010131e-06  ,-3.466154457340e+01  ,-4.028744286322e+00  
  1.316836695611e-06  ,-4.036950565445e+01  ,-4.396553171706e+00  
  1.320483382285e-06  ,-4.800021275287e+01  ,-4.017861945763e+00  
  1.324216868222e-06  ,-5.515981821063e+01  ,-3.787533594391e+00  
  1.327509279788e-06  ,-6.084762151212e+01  ,-3.568702462283e+00  
  1.329902406275e-06  ,-6.457688373566e+01  ,-3.416952907343e+00  
  1.331091146410e-06  ,-6.629493426825e+01  ,-3.344161800637e+00  
  1.332743685186e-06  ,-6.852921419536e+01  ,-3.243801072948e+00  
  1.335169594228e-06  ,-7.147301674746e+01  ,-3.097573617740e+00  
  1.339864950120e-06  ,-7.597895109919e+01  ,-2.818015926894e+00  
  1.345426808536e-06  ,-7.917576445307e+01  ,-2.489915829156e+00  
  1.353024910629e-06  ,-7.963904091802e+01  ,-2.043117490393e+00  
  1.360561917961e-06  ,-7.563627854978e+01  ,-1.602888631702e+00  
  1.370338569820e-06  ,-6.421755039389e+01  ,-1.030846518397e+00  
  1.379166017711e-06  ,-4.870220827232e+01  ,-5.014133095571e-01  
  1.383908312261e-06  ,-3.874206673970e+01  ,-1.897304286744e-01  
  1.386305536568e-06  ,-3.336597071912e+01  ,-8.196710644138e-03  
  1.388112116098e-06  ,-2.918779106372e+01  ,1.413531188605e-01  
  1.390432971954e-06  ,-2.368418649699e+01  ,3.568660396711e-01  
  1.395074683666e-06  ,-1.232933330617e+01  ,8.980656182780e-01  
  1.398847657681e-06  ,-2.895519568323e+00  ,1.740705794090e+00  
  1.402096855879e-06  ,5.266162962574e+00  ,5.408006319960e+00  
  1.404003459454e-06  ,1.003528462191e+01  ,1.009353704214e+01  
  1.406473699450e-06  ,1.615825099009e+01  ,1.614617149287e+01  
  1.409168946981e-06  ,2.272672256768e+01  ,2.258263432034e+01  
  1.412145826459e-06  ,2.979041879116e+01  ,1.000282671705e+01  
  1.414262908936e-06  ,3.465905020676e+01  ,4.032172905980e+00  
  1.416835221887e-06  ,4.036630789982e+01  ,4.396240993382e+00  
  1.420482281089e-06  ,4.799799864411e+01  ,4.018077771399e+00  
  1.424215767026e-06  ,5.515781363356e+01  ,3.787554420595e+00  
  1.427509668708e-06  ,6.084825610252e+01  ,3.568645388777e+00  
  1.429903167725e-06  ,6.457801332160e+01  ,3.416896498269e+00  
  1.431092094123e-06  ,6.629626739896e+01  ,3.344100737690e+00  
  1.432744819164e-06  ,6.853068462526e+01  ,3.243732407474e+00  
  1.435170728207e-06  ,7.147429702640e+01  ,3.097506263004e+00  
  1.439867574215e-06  ,7.598101542243e+01  ,2.817859921652e+00  
  1.445430177689e-06  ,7.917697637818e+01  ,2.489718006590e+00  
  1.453029769897e-06  ,7.963788116112e+01  ,2.042832377278e+00  
  1.460566777229e-06  ,7.563229930265e+01  ,1.602605229348e+00  
  1.470341938972e-06  ,6.421250031984e+01  ,1.030648755408e+00  
  1.479167896748e-06  ,4.869846160825e+01  ,5.012951609991e-01  
  1.483908701181e-06  ,3.874121153909e+01  ,1.896992602714e-01  
  1.486303690314e-06  ,3.337018795932e+01  ,8.333163496612e-03  
  1.488111387432e-06  ,2.918949615633e+01  ,-1.412956734852e-01  
  1.490432615817e-06  ,2.368504144278e+01  ,-3.568302825193e-01  
  1.495075072587e-06  ,1.232836751999e+01  ,-8.981123931194e-01  
  1.498847301543e-06  ,2.896414053472e+00  ,-1.740598355585e+00  
  1.502096499741e-06  ,-5.265269831815e+00  ,-5.407139563994e+00  
  1.504003103316e-06  ,-1.003439661959e+01  ,-1.009266113970e+01  
  1.506473343313e-06  ,-1.615737436469e+01  ,-1.614530592261e+01  
  1.509169708431e-06  ,-2.272855744521e+01  ,-2.258437283504e+01  
  1.512145842850e-06  ,-2.979045702414e+01  ,-1.000080144566e+01  
  1.514263297856e-06  ,-3.465993117184e+01  ,-4.030382218289e+00  
  1.516835610807e-06  ,-4.036715180505e+01  ,-4.396418038374e+00  
  1.520482297480e-06  ,-4.799803160150e+01  ,-4.018014338483e+00  
  1.524215783417e-06  ,-5.515784347213e+01  ,-3.787577737484e+00  
  1.527510057628e-06  ,-6.084889068384e+01  ,-3.568634086332e+00  
  1.529903556645e-06  ,-6.457859025828e+01  ,-3.416876030416e+00  
  1.531092296779e-06  ,-6.629655246331e+01  ,-3.344089517400e+00  
  1.532745021820e-06  ,-6.853094739989e+01  ,-3.243720137914e+00  
  1.535171303391e-06  ,-7.147494638419e+01  ,-3.097471499173e+00  
  1.539868894458e-06  ,-7.598205383615e+01  ,-2.817781774274e+00  
  1.545431497931e-06  ,-7.917745104369e+01  ,-2.489640449909e+00  
  1.553031090140e-06  ,-7.963756573942e+01  ,-2.042754954490e+00  
  1.560568097472e-06  ,-7.563121785342e+01  ,-1.602528205121e+00  
  1.570343259215e-06  ,-6.421052119150e+01  ,-1.030571248765e+00  
  1.579169216990e-06  ,-4.869582903698e+01  ,-5.012132078327e-01  
  1.583910021424e-06  ,-3.873830840119e+01  ,-1.896082097049e-01  
  1.586303520441e-06  ,-3.337057598063e+01  ,-8.345337997246e-03  
  1.588112148881e-06  ,-2.918771435162e+01  ,1.413610959320e-01  
  1.590433377266e-06  ,-2.368321350069e+01  ,3.569050591545e-01  
  1.595075834036e-06  ,-1.232647664595e+01  ,8.982301279524e-01  
  1.598848062992e-06  ,-2.894501576414e+00  ,1.740859852373e+00  
  1.602097261190e-06  ,5.267179411842e+00  ,5.408995362628e+00  
  1.604003864765e-06  ,1.003629523390e+01  ,1.009453463712e+01  
  1.606473359704e-06  ,1.615741471151e+01  ,1.614534481367e+01  
  1.609168234706e-06  ,2.272500617341e+01  ,2.258100877666e+01  
  1.612145486712e-06  ,2.978962632398e+01  ,1.000617912934e+01  
  1.614261824131e-06  ,3.465659292816e+01  ,4.035026545788e+00  
  1.616833764553e-06  ,4.036314562663e+01  ,4.395996330775e+00  
  1.620480823755e-06  ,4.799506838210e+01  ,4.018302318275e+00  
  1.624214309692e-06  ,5.515516065469e+01  ,3.787605842983e+00  
  1.627510446548e-06  ,6.084952525608e+01  ,3.568566350292e+00  
  1.629904318094e-06  ,6.457971978839e+01  ,3.416816660218e+00  
  1.631093244493e-06  ,6.629788552269e+01  ,3.344027503480e+00  
  1.632746155798e-06  ,6.853241772728e+01  ,3.243651500405e+00  
  1.635172809899e-06  ,7.147664705267e+01  ,3.097381915118e+00  
  1.639871146023e-06  ,7.598382446364e+01  ,2.817647940291e+00  
  1.645435239613e-06  ,7.917879554642e+01  ,2.489420447614e+00  
  1.653034831822e-06  ,7.963667106292e+01  ,2.042535632912e+00  
  1.660571839154e-06  ,7.562815222665e+01  ,1.602309827157e+00  
  1.670345510781e-06  ,6.420714569635e+01  ,1.030439053026e+00  
  1.679169978440e-06  ,4.869431066490e+01  ,5.011644284049e-01  
  1.683910037816e-06  ,3.873827235730e+01  ,1.896038380780e-01  
  1.686302046716e-06  ,3.337394219573e+01  ,8.454907345980e-03  
  1.688111047685e-06  ,2.919029116361e+01  ,-1.412712965150e-01  
  1.690432276070e-06  ,2.368585703683e+01  ,-3.567966401983e-01  
  1.695074732840e-06  ,1.232921119537e+01  ,-8.980587626312e-01  
  1.698847706854e-06  ,2.895396061975e+00  ,-1.740711470326e+00  
  1.702096905053e-06  ,-5.266286281834e+00  ,-5.408126023413e+00  
  1.704003508627e-06  ,-1.003540723302e+01  ,-1.009365799468e+01  
  1.706473748624e-06  ,-1.615837203026e+01  ,-1.614629100610e+01  
  1.709168996155e-06  ,-2.272684106310e+01  ,-2.258274620251e+01  
  1.712145875633e-06  ,-2.979053349007e+01  ,-1.000246611895e+01  
  1.714262958109e-06  ,-3.465916159344e+01  ,-4.032036830682e+00  
  1.716835271060e-06  ,-4.036641460081e+01  ,-4.396252612680e+00  
  1.720482330263e-06  ,-4.799809751623e+01  ,-4.018069131452e+00  
  1.724215816200e-06  ,-5.515790314923e+01  ,-3.787553112309e+00  
  1.727509717882e-06  ,-6.084833633744e+01  ,-3.568643414957e+00  
  1.729903216898e-06  ,-6.457808626815e+01  ,-3.416893774474e+00  
  1.731091957033e-06  ,-6.629607455979e+01  ,-3.344109280189e+00  
  1.732744682074e-06  ,-6.853050686438e+01  ,-3.243740757505e+00  
  1.735170591116e-06  ,-7.147414225374e+01  ,-3.097514471137e+00  
  1.739868182182e-06  ,-7.598149362467e+01  ,-2.817823763978e+00  
  1.745430785656e-06  ,-7.917719497696e+01  ,-2.489682423770e+00  
  1.753030377865e-06  ,-7.963773592751e+01  ,-2.042796630187e+00  
  1.760567385197e-06  ,-7.563180131510e+01  ,-1.602569819836e+00  
  1.770342546940e-06  ,-6.421158895166e+01  ,-1.030613077598e+00  
  1.779168504715e-06  ,-4.869724932850e+01  ,-5.012574220089e-01  
  1.783909309149e-06  ,-3.873987466220e+01  ,-1.896573318169e-01  
  1.786303553224e-06  ,-3.337050109940e+01  ,-8.343217688994e-03  
  1.788111622870e-06  ,-2.918894522828e+01  ,1.413162498054e-01  
  1.790432851255e-06  ,-2.368447624883e+01  ,3.568533836647e-01  
  1.795075308025e-06  ,-1.232778286693e+01  ,8.981487154151e-01  
  1.798847536981e-06  ,-2.895822720232e+00  ,1.740679175262e+00  
  1.802096735179e-06  ,5.265860269798e+00  ,5.407713368786e+00  
  1.804003338754e-06  ,1.003498366730e+01  ,1.009324042082e+01  
  1.806473578751e-06  ,1.615795389133e+01  ,1.614587824395e+01  
  1.809169198811e-06  ,2.272732940729e+01  ,2.258320946250e+01  
  1.812145705760e-06  ,2.979013725715e+01  ,1.000271921098e+01  
  1.814262788236e-06  ,3.465877680275e+01  ,4.031977902612e+00  
  1.816835101187e-06  ,4.036604599697e+01  ,4.396275488691e+00  
  1.820481787860e-06  ,4.799700692048e+01  ,4.018110786973e+00  
  1.824215273798e-06  ,5.515691575693e+01  ,3.787588559865e+00  
  1.827509920537e-06  ,6.084866700104e+01  ,3.568628891118e+00  
  1.829903419554e-06  ,6.457838689473e+01  ,3.416880662273e+00  
  1.831092345953e-06  ,6.629662163293e+01  ,3.344085233306e+00  
  1.832745070994e-06  ,6.853101116097e+01  ,3.243717160691e+00  
  1.835171352565e-06  ,7.147500189816e+01  ,3.097468794508e+00  
  1.839868943632e-06  ,7.598209251043e+01  ,2.817778734997e+00  
  1.845432292163e-06  ,7.917773652742e+01  ,2.489593669104e+00  
  1.853031884372e-06  ,7.963737592199e+01  ,2.042708454753e+00  
  1.860568891704e-06  ,7.563056721237e+01  ,1.602481814269e+00  
  1.870344053447e-06  ,6.420933053399e+01  ,1.030524609295e+00  
  1.879170011222e-06  ,4.869424529404e+01  ,5.011639054454e-01  
  1.883910815656e-06  ,3.873656189899e+01  ,1.895534340347e-01  
  1.886303197086e-06  ,3.337131457996e+01  ,8.369377546852e-03  
  1.888112384319e-06  ,2.918716341841e+01  ,-1.413821051496e-01  
  1.890433612704e-06  ,2.368264830255e+01  ,-3.569281349360e-01  
  1.895076069474e-06  ,1.232589199070e+01  ,-8.982663539071e-01  
  1.898848298430e-06  ,2.893910242661e+00  ,-1.740940656841e+00  
  1.902097496629e-06  ,-5.267769848894e+00  ,-5.409569177067e+00  
  1.904004100204e-06  ,-1.003688227983e+01  ,-1.009511391748e+01  
  1.906473595142e-06  ,-1.615799423809e+01  ,-1.614591713467e+01  
  1.909168097615e-06  ,-2.272467582007e+01  ,-2.258069503226e+01  
  1.912145349622e-06  ,-2.978930655557e+01  ,-1.000710399354e+01  
  1.914261687040e-06  ,-3.465628239009e+01  ,-4.035380889366e+00  
  1.916833254933e-06  ,-4.036203978108e+01  ,-4.395960947086e+00  
  1.920480314136e-06  ,-4.799404366551e+01  ,-4.018365024272e+00  
  1.924213800073e-06  ,-5.515423289860e+01  ,-3.787630248046e+00  
  1.927510681987e-06  ,-6.084990939885e+01  ,-3.568544626512e+00  
  1.929904926062e-06  ,-6.458062161760e+01  ,-3.416776733832e+00  
  1.931094038725e-06  ,-6.629900264826e+01  ,-3.343978035751e+00  
  1.932746763766e-06  ,-6.853320598788e+01  ,-3.243614634771e+00  
  1.935173790395e-06  ,-7.147775383101e+01  ,-3.097323245038e+00  
  1.939872871578e-06  ,-7.598518117959e+01  ,-2.817545568373e+00  
  1.945437710226e-06  ,-7.917968271475e+01  ,-2.489275190356e+00  
  1.953037302434e-06  ,-7.963607970960e+01  ,-2.042390813200e+00  
  1.960574309766e-06  ,-7.562612743673e+01  ,-1.602165636926e+00  
  1.970347981393e-06  ,-6.420344144121e+01  ,-1.030293998036e+00  
  1.979170958936e-06  ,-4.869235545980e+01  ,-5.011023459041e-01  
  1.983910273254e-06  ,-3.873775463481e+01  ,-1.895848022956e-01  
  1.986300792038e-06  ,-3.337680801713e+01  ,-8.547904147896e-03  
  1.988110538065e-06  ,-2.919148366830e+01  ,1.412308982565e-01  
  1.990431766450e-06  ,-2.368708042286e+01  ,3.567463923174e-01  
  1.995074223220e-06  ,-1.233047670581e+01  ,8.979791961170e-01  
  1.998847197235e-06  ,-2.896676036499e+00  ,1.740536203839e+00  
  2.002096395433e-06  ,5.265008245278e+00  ,5.406883976425e+00  
  2.004002999008e-06  ,1.003413653500e+01  ,1.009240409831e+01  
  2.006473611534e-06  ,1.615803458485e+01  ,1.614595822090e+01  
  2.009169976652e-06  ,2.272920377862e+01  ,2.258498429013e+01  
  2.012146111071e-06  ,2.979108265359e+01  ,9.998894741925e+00  
  2.014263938606e-06  ,3.466138255896e+01  ,4.028946733699e+00  
  2.016836624086e-06  ,4.036935045703e+01  ,4.396535737499e+00  
  2.020483310759e-06  ,4.800006894241e+01  ,4.017874709334e+00  
  2.024216796696e-06  ,5.515968801007e+01  ,3.787535443691e+00  
  2.027509208262e-06  ,6.084750480485e+01  ,3.568705308513e+00  
  2.029902334750e-06  ,6.457677762784e+01  ,3.416956871308e+00  
  2.031091074884e-06  ,6.629483365222e+01  ,3.344166041726e+00  
  2.032743799925e-06  ,6.852936298132e+01  ,3.243794113146e+00  
  2.035169336438e-06  ,7.147272568585e+01  ,3.097589165762e+00  
  2.039865437388e-06  ,7.597933446230e+01  ,2.817986862096e+00  
  2.045427295804e-06  ,7.917593978415e+01  ,2.489887353839e+00  
  2.053025397897e-06  ,7.963892470597e+01  ,2.043088817094e+00  
  2.060562405229e-06  ,7.563587960635e+01  ,1.602860270527e+00  
  2.070339057088e-06  ,6.421682006501e+01  ,1.030817928440e+00  
  2.079166504979e-06  ,4.870123671117e+01  ,5.013830639651e-01  
  2.083908799529e-06  ,3.874099528055e+01  ,1.896968249912e-01  
  2.086305651307e-06  ,3.336570862704e+01  ,8.187792694784e-03  
  2.088112417102e-06  ,2.918708670606e+01  ,-1.413787532284e-01  
  2.090433645487e-06  ,2.368256960397e+01  ,-3.569317261677e-01  
  2.095076102257e-06  ,1.232581058296e+01  ,-8.982728438254e-01  
  2.098848331213e-06  ,2.893827905036e+00  ,-1.740952408137e+00  
  2.102097529411e-06  ,-5.267852061628e+00  ,-5.409649093633e+00  
  2.104004132986e-06  ,-1.003696402036e+01  ,-1.009519459031e+01  
  2.106473627925e-06  ,-1.615807493160e+01  ,-1.614599684286e+01  
  2.109167757869e-06  ,-2.272385711650e+01  ,-2.257991995048e+01  
  2.112145382404e-06  ,-2.978938302198e+01  ,-1.000786450283e+01  
  2.114261347294e-06  ,-3.465551279297e+01  ,-4.036534722373e+00  
  2.116832915187e-06  ,-4.036130254496e+01  ,-4.395855434647e+00  
  2.120479974389e-06  ,-4.799336051428e+01  ,-4.018432630453e+00  
  2.124213460326e-06  ,-5.515361438669e+01  ,-3.787636207406e+00  
  2.127511087298e-06  ,-6.085057070011e+01  ,-3.568508317709e+00  
  2.129905331373e-06  ,-6.458122282399e+01  ,-3.416748741168e+00  
  2.131094444036e-06  ,-6.629957272270e+01  ,-3.343952298540e+00  
  2.132747169077e-06  ,-6.853373148105e+01  ,-3.243590127039e+00  
  2.135174195707e-06  ,-7.147821132444e+01  ,-3.097299167739e+00  
  2.139874021947e-06  ,-7.598608553284e+01  ,-2.817477184222e+00  
  2.145438860595e-06  ,-7.918009563640e+01  ,-2.489207748855e+00  
  2.153038452804e-06  ,-7.963580419924e+01  ,-2.042323253238e+00  
  2.160573970020e-06  ,-7.562640590289e+01  ,-1.602185670495e+00  
  2.170346151531e-06  ,-6.420618504006e+01  ,-1.030401495293e+00  
  2.179169129074e-06  ,-4.869600434624e+01  ,-5.012156399909e-01  
  2.183908443391e-06  ,-3.874177839684e+01  ,-1.897105528888e-01  
  2.186301569879e-06  ,-3.337503135011e+01  ,-8.489941511479e-03  
  2.188110198319e-06  ,-2.919227866726e+01  ,1.411993868974e-01  
  2.190431426704e-06  ,-2.368789601016e+01  ,3.567131716329e-01  
  2.195073883474e-06  ,-1.233132037767e+01  ,8.979272157389e-01  
  2.198846857488e-06  ,-2.897529352434e+00  ,1.740419744750e+00  
  2.202096055686e-06  ,5.264156220159e+00  ,5.406055965096e+00  
  2.204002659261e-06  ,1.003328940156e+01  ,1.009156817578e+01  
  2.206473644316e-06  ,1.615811527835e+01  ,1.614603839120e+01  
  2.209170754492e-06  ,2.273107813638e+01  ,2.258675932541e+01  
  2.212146143854e-06  ,2.979115911927e+01  ,9.996729211556e+00  
  2.214264343917e-06  ,3.466230063845e+01  ,4.027104847827e+00  
  2.216837029397e-06  ,4.037022990638e+01  ,4.396717531424e+00  
  2.220483343542e-06  ,4.800013485557e+01  ,4.017808123439e+00  
  2.224216829479e-06  ,5.515974768537e+01  ,3.787558438087e+00  
  2.227509241045e-06  ,6.084755829572e+01  ,3.568717490564e+00  
  2.229902367532e-06  ,6.457682626063e+01  ,3.416958666830e+00  
  2.231091107666e-06  ,6.629487976795e+01  ,3.344165237132e+00  
  2.232743832707e-06  ,6.852940549143e+01  ,3.243792068890e+00  
  2.235169369221e-06  ,7.147276269973e+01  ,3.097586950857e+00  
  2.239865470171e-06  ,7.597936025368e+01  ,2.817985064575e+00  
  2.245427328587e-06  ,7.917595157946e+01  ,2.489885354458e+00  
  2.253025430679e-06  ,7.963891688675e+01  ,2.043086951253e+00  
  2.260562438011e-06  ,7.563585276548e+01  ,1.602858323920e+00  
  2.270339089870e-06  ,6.421677092919e+01  ,1.030815996250e+00  
  2.279166537762e-06  ,4.870117134579e+01  ,5.013810291848e-01  
  2.283908832312e-06  ,3.874092319429e+01  ,1.896945644867e-01  
  2.286305311561e-06  ,3.336648469064e+01  ,8.213451963261e-03  
  2.288112077355e-06  ,2.918788172342e+01  ,-1.413507983133e-01  
  2.290433305740e-06  ,2.368338520619e+01  ,-3.568982884593e-01  
  2.295075762510e-06  ,1.232665426259e+01  ,-8.982200236489e-01  
  2.298847991467e-06  ,2.894681222072e+00  ,-1.740835615568e+00  
  2.302097189665e-06  ,-5.267000038511e+00  ,-5.408821055418e+00  
  2.304003793240e-06  ,-1.003611689074e+01  ,-1.009435866564e+01  
  2.306473660707e-06  ,-1.615815562509e+01  ,-1.614607700939e+01  
  2.309168535709e-06  ,-2.272573151297e+01  ,-2.258169544730e+01  
  2.312145415187e-06  ,-2.978945948836e+01  ,-1.000569931971e+01  
  2.314262125134e-06  ,-3.465727475950e+01  ,-4.033978963067e+00  
  2.316834065557e-06  ,-4.036379878202e+01  ,-4.396092908645e+00  
  2.320481124759e-06  ,-4.799567361829e+01  ,-4.018241439512e+00  
  2.324214610696e-06  ,-5.515570862095e+01  ,-3.787600945579e+00  
  2.327510375023e-06  ,-6.084940855383e+01  ,-3.568580134255e+00  
  2.329904246569e-06  ,-6.457961368929e+01  ,-3.416823632756e+00  
  2.331093172967e-06  ,-6.629778491649e+01  ,-3.344032687686e+00  
  2.332745898008e-06  ,-6.853208348178e+01  ,-3.243667103195e+00  
  2.335172552109e-06  ,-7.147635604954e+01  ,-3.097397219467e+00  
  2.339870888233e-06  ,-7.598362175720e+01  ,-2.817663273472e+00  
  2.345434981823e-06  ,-7.917870294951e+01  ,-2.489435580176e+00  
  2.353034574032e-06  ,-7.963673273861e+01  ,-2.042550759121e+00  
  2.360571581364e-06  ,-7.562836347221e+01  ,-1.602324861702e+00  
  2.370345252991e-06  ,-6.420753218560e+01  ,-1.030454185895e+00  
  2.379169720650e-06  ,-4.869482471570e+01  ,-5.011804309028e-01  
  2.383909780025e-06  ,-3.873883922822e+01  ,-1.896216169931e-01  
  2.386302161455e-06  ,-3.337368011684e+01  ,-8.446365257232e-03  
  2.388110976160e-06  ,-2.919045853314e+01  ,1.412648761811e-01  
  2.390432204545e-06  ,-2.368602874050e+01  ,3.567896328886e-01  
  2.395074661314e-06  ,-1.232938881106e+01  ,8.980477681807e-01  
  2.398847635329e-06  ,-2.895575707562e+00  ,1.740686929774e+00  
  2.402096833527e-06  ,5.266106908369e+00  ,5.407951702133e+00  
  2.404003437102e-06  ,1.003522888959e+01  ,1.009348201074e+01  
  2.406473677099e-06  ,1.615819597183e+01  ,1.614611713683e+01  
  2.409169297159e-06  ,2.272756639752e+01  ,2.258343307615e+01  
  2.412145804107e-06  ,2.979036665527e+01  ,1.000199279447e+01  
  2.414262886584e-06  ,3.465899957643e+01  ,4.031704114192e+00  
  2.416835199535e-06  ,4.036625939934e+01  ,4.396298897754e+00  
  2.420481886208e-06  ,4.799720466691e+01  ,4.018093429006e+00  
  2.424215372145e-06  ,5.515709479079e+01  ,3.787585951211e+00  
  2.427510018885e-06  ,6.084882746926e+01  ,3.568624944057e+00  
  2.429903517902e-06  ,6.457853278610e+01  ,3.416875207395e+00  
  2.431092444301e-06  ,6.629675997170e+01  ,3.344079404305e+00  
  2.432745169342e-06  ,6.853113868263e+01  ,3.243711182683e+00  
  2.435171450913e-06  ,7.147511292557e+01  ,3.097462849959e+00  
  2.439869041979e-06  ,7.598216985846e+01  ,2.817772925467e+00  
  2.445432390511e-06  ,7.917777187469e+01  ,2.489587864657e+00  
  2.453031982720e-06  ,7.963735241394e+01  ,2.042702699664e+00  
  2.460568990052e-06  ,7.563048664190e+01  ,1.602476065293e+00  
  2.470344151795e-06  ,6.420918309519e+01  ,1.030518832831e+00  
  2.479168619454e-06  ,4.869702053841e+01  ,5.012490833645e-01  
  2.483909423888e-06  ,3.873962235786e+01  ,1.896477266638e-01  
  2.486303295434e-06  ,3.337108993720e+01  ,8.362021381091e-03  
  2.488111551344e-06  ,2.918911259899e+01  ,-1.413108194142e-01  
  2.490432779729e-06  ,2.368464795345e+01  ,-3.568463203805e-01  
  2.495075236499e-06  ,1.232796048311e+01  ,-8.981374948703e-01  
  2.498847465456e-06  ,2.896002365782e+00  ,-1.740654557895e+00  
  2.502096663654e-06  ,-5.265680896272e+00  ,-5.407539041347e+00  
  2.504003267229e-06  ,-1.003480532376e+01  ,-1.009306443084e+01  
  2.506473507226e-06  ,-1.615777783271e+01  ,-1.614570436629e+01  
  2.509169499815e-06  ,-2.272805474034e+01  ,-2.258389626923e+01  
  2.512145634234e-06  ,-2.978997042200e+01  ,-1.000224302940e+01  
  2.514263089240e-06  ,-3.465945862417e+01  ,-4.030931827339e+00  
  2.516835402191e-06  ,-4.036669913633e+01  ,-4.396372010269e+00  
  2.520482088864e-06  ,-4.799761214293e+01  ,-4.018049938761e+00  
  2.524215574801e-06  ,-5.515746370739e+01  ,-3.787583673334e+00  
  2.527509849012e-06  ,-6.084855029653e+01  ,-3.568642676475e+00  
  2.529903348029e-06  ,-6.457828079153e+01  ,-3.416887636853e+00  
  2.531092274427e-06  ,-6.629652102253e+01  ,-3.344090420044e+00  
  2.532744999468e-06  ,-6.853091841754e+01  ,-3.243721455359e+00  
  2.535171281040e-06  ,-7.147492115052e+01  ,-3.097472904569e+00  
  2.539868127048e-06  ,-7.598145025944e+01  ,-2.817827339154e+00  
  2.545431475580e-06  ,-7.917744300873e+01  ,-2.489641476905e+00  
  2.553029577672e-06  ,-7.963792707453e+01  ,-2.042843904671e+00  
  2.560566585004e-06  ,-7.563245674885e+01  ,-1.602616270269e+00  
  2.570341746747e-06  ,-6.421278846813e+01  ,-1.030660001160e+00  
  2.579167704523e-06  ,-4.869884489887e+01  ,-5.013070933923e-01  
  2.583908508956e-06  ,-3.874163422516e+01  ,-1.897125181551e-01  
  2.586303870618e-06  ,-3.336977611110e+01  ,-8.319635438333e-03  
  2.588111381471e-06  ,-2.918951010385e+01  ,1.412947415692e-01  
  2.590432609856e-06  ,-2.368505575146e+01  ,3.568297227913e-01  
  2.595075066626e-06  ,-1.232838232132e+01  ,8.981115687798e-01  
  2.598847295582e-06  ,-2.896429023921e+00  ,1.740596342533e+00  
  2.602096493781e-06  ,5.265254884025e+00  ,5.407125038048e+00  
  2.604003097355e-06  ,1.003438175763e+01  ,1.009264647480e+01  
  2.606473337352e-06  ,1.615735969312e+01  ,1.614529143401e+01  
  2.609169702470e-06  ,2.272854308223e+01  ,2.258435926963e+01  
  2.612145836890e-06  ,2.979044312125e+01  ,1.000084490127e+01  
  2.614263291895e-06  ,3.465991767051e+01  ,4.030398630265e+00  
  2.616835604846e-06  ,4.036713887169e+01  ,4.396416639436e+00  
  2.620482291520e-06  ,4.799801961700e+01  ,4.018015382729e+00  
  2.624215777457e-06  ,5.515783262175e+01  ,3.787577897127e+00  
  2.627510051668e-06  ,6.084888095853e+01  ,3.568634326234e+00  
  2.629903550684e-06  ,6.457858141642e+01  ,3.416876360760e+00  
  2.631092290819e-06  ,6.629654407911e+01  ,3.344089870197e+00  
  2.632745015860e-06  ,6.853093967127e+01  ,3.243720499678e+00  
  2.635171297431e-06  ,7.147493965522e+01  ,3.097471858974e+00  
  2.639868888497e-06  ,7.598204914835e+01  ,2.817782126064e+00  
  2.645431491971e-06  ,7.917744890104e+01  ,2.489640801483e+00  
  2.653031084180e-06  ,7.963756716375e+01  ,2.042755303183e+00  
  2.660568091512e-06  ,7.563122273610e+01  ,1.602528553484e+00  
  2.670343253255e-06  ,6.421053012686e+01  ,1.030571598831e+00  
  2.679169211030e-06  ,4.869584092236e+01  ,5.012135778322e-01  
  2.683910015464e-06  ,3.873832150805e+01  ,1.896086207746e-01  
  2.686303514481e-06  ,3.337058959538e+01  ,8.345791430218e-03  
  2.688112142920e-06  ,2.918772829927e+01  ,-1.413605968883e-01  
  2.690433371305e-06  ,2.368322780948e+01  ,-3.569044729318e-01  
  2.695075828075e-06  ,1.232649144732e+01  ,-8.982292032300e-01  
  2.698848057032e-06  ,2.894516546874e+00  ,-1.740857804127e+00  
  2.702097255230e-06  ,-5.267164464078e+00  ,-5.408980835688e+00  
  2.704003858805e-06  ,-1.003628037199e+01  ,-1.009451997178e+01  
  2.706473353744e-06  ,-1.615740003995e+01  ,-1.614533032450e+01  
  2.709168228745e-06  ,-2.272499181025e+01  ,-2.258099520528e+01  
  2.712145480752e-06  ,-2.978961242103e+01  ,-1.000622238055e+01  
  2.714261818171e-06  ,-3.465657942653e+01  ,-4.035042904089e+00  
  2.716833758593e-06  ,-4.036313269284e+01  ,-4.395994940631e+00  
  2.720480817795e-06  ,-4.799505639719e+01  ,-4.018303360020e+00  
  2.724214303732e-06  ,-5.515514980383e+01  ,-3.787606004155e+00  
  2.727510440588e-06  ,-6.084951553091e+01  ,-3.568566590953e+00  
  2.729904312134e-06  ,-6.457971094682e+01  ,-3.416816990803e+00  
  2.731093238533e-06  ,-6.629787713886e+01  ,-3.344027856399e+00  
  2.732746149838e-06  ,-6.853240999911e+01  ,-3.243651862230e+00  
  2.735172803938e-06  ,-7.147664032433e+01  ,-3.097382274962e+00  
  2.739871140063e-06  ,-7.598381977684e+01  ,-2.817648292127e+00  
  2.745435233653e-06  ,-7.917879340551e+01  ,-2.489420799210e+00  
  2.753034825861e-06  ,-7.963667248901e+01  ,-2.042535981619e+00  
  2.760571833193e-06  ,-7.562815711100e+01  ,-1.602310175526e+00  
  2.770345504820e-06  ,-6.420715463256e+01  ,-1.030439403097e+00  
  2.779169972479e-06  ,-4.869432255049e+01  ,-5.011647984104e-01  
  2.783910031855e-06  ,-3.873828546416e+01  ,-1.896042491510e-01  
  2.786302040756e-06  ,-3.337395581020e+01  ,-8.455360754608e-03  
  2.788111041725e-06  ,-2.919030511107e+01  ,1.412707974988e-01  
  2.790432270110e-06  ,-2.368587134547e+01  ,3.567960540253e-01  
  2.795074726880e-06  ,-1.232922599667e+01  ,8.980578380563e-01  
  2.798847700894e-06  ,-2.895411032429e+00  ,1.740709422360e+00  
  2.802096899092e-06  ,5.266271334058e+00  ,5.408111496590e+00  
  2.804003502667e-06  ,1.003539237108e+01  ,1.009364332934e+01  
  2.806473742664e-06  ,1.615835735874e+01  ,1.614627651698e+01  
  2.809168990195e-06  ,2.272682670004e+01  ,2.258273263246e+01  
  2.812145869672e-06  ,2.979051958719e+01  ,1.000250937425e+01  
  2.814262952149e-06  ,3.465914809204e+01  ,4.032053183539e+00  
  2.816835265100e-06  ,4.036640166737e+01  ,4.396251221309e+00  
  2.820482324302e-06  ,4.799808553175e+01  ,4.018070173591e+00  
  2.824215810239e-06  ,5.515789229886e+01  ,3.787553273084e+00  
  2.827509711921e-06  ,6.084832661201e+01  ,3.568643655491e+00  
  2.829903210938e-06  ,6.457807742616e+01  ,3.416894105039e+00  
  2.831092137337e-06  ,6.629632818497e+01  ,3.344098180559e+00  
  2.832744676113e-06  ,6.853049913562e+01  ,3.243741095941e+00  
  2.835170957685e-06  ,7.147455609941e+01  ,3.097492433577e+00  
  2.839867803693e-06  ,7.598119592360e+01  ,2.817846382738e+00  
  2.845431152225e-06  ,7.917732676521e+01  ,2.489660550592e+00  
  2.853029254317e-06  ,7.963800430215e+01  ,2.042862806302e+00  
  2.860566261649e-06  ,7.563272159399e+01  ,1.602635171463e+00  
  2.870341423392e-06  ,6.421327317743e+01  ,1.030678992281e+00  
  2.879167381167e-06  ,4.869948965508e+01  ,5.013271650599e-01  
  2.883908930659e-06  ,3.874070693525e+01  ,1.896845409704e-01  
  2.886304292321e-06  ,3.336881285862e+01  ,8.288635064732e-03  
  2.888111803174e-06  ,2.918852331394e+01  ,-1.413296338576e-01  
  2.890433031559e-06  ,2.368404340953e+01  ,-3.568712183733e-01  
  2.895075488329e-06  ,1.232733512583e+01  ,-8.981770803860e-01  
  2.898847717285e-06  ,2.895369863647e+00  ,-1.740741262911e+00  
  2.902096915483e-06  ,-5.266312440474e+00  ,-5.408152808440e+00  
  2.904003519058e-06  ,-1.003543324144e+01  ,-1.009368405055e+01  
  2.906473386526e-06  ,-1.615748073358e+01  ,-1.614541049592e+01  
  2.909169006586e-06  ,-2.272686619850e+01  ,-2.258277062902e+01  
  2.912145513535e-06  ,-2.978968888731e+01  ,-1.000405851506e+01  
  2.914262223482e-06  ,-3.465749753541e+01  ,-4.033200531434e+00  
  2.916834163904e-06  ,-4.036401218845e+01  ,-4.396176389661e+00  
  2.920480850577e-06  ,-4.799512231422e+01  ,-4.018236840386e+00  
  2.924214336514e-06  ,-5.515520948358e+01  ,-3.787628918538e+00  
  2.927510473371e-06  ,-6.084956901936e+01  ,-3.568578746307e+00  
  2.929904344916e-06  ,-6.457975957548e+01  ,-3.416818781097e+00  
  2.931093271315e-06  ,-6.629792324994e+01  ,-3.344027050442e+00  
  2.932745996356e-06  ,-6.853221099794e+01  ,-3.243661129059e+00  
  2.935172650456e-06  ,-7.147646706863e+01  ,-3.097391256988e+00  
  2.939870986581e-06  ,-7.598369909088e+01  ,-2.817657505192e+00  
  2.945435080171e-06  ,-7.917873827611e+01  ,-2.489429774888e+00  
  2.953034672379e-06  ,-7.963670920977e+01  ,-2.042545018985e+00  
  2.960571679711e-06  ,-7.562828288200e+01  ,-1.602319110249e+00  
  2.970345351338e-06  ,-6.420738473933e+01  ,-1.030448409306e+00  
  2.979169818997e-06  ,-4.869462860421e+01  ,-5.011743261234e-01  
  2.983909878373e-06  ,-3.873862296562e+01  ,-1.896148345356e-01  
  2.986302259803e-06  ,-3.337345547744e+01  ,-8.438884118980e-03  
  2.988111260772e-06  ,-2.918979254100e+01  ,1.412886456614e-01  
  2.990432489157e-06  ,-2.368534550227e+01  ,3.568176187189e-01  
  2.995074945927e-06  ,-1.232868204825e+01  ,8.980919268035e-01  
  2.998847919941e-06  ,-2.894860867716e+00  ,1.740784726333e+00  
  3.002097118139e-06  ,5.266820665153e+00  ,5.408645359078e+00  
  3.004003721714e-06  ,1.003593854752e+01  ,1.009418228079e+01  
  3.006473589182e-06  ,1.615797956655e+01  ,1.614590294510e+01  
  3.009168836713e-06  ,2.272645685050e+01  ,2.258238197141e+01  
  3.012145716190e-06  ,2.979016158728e+01  ,1.000356607385e+01  
  3.014262798667e-06  ,3.465880043029e+01  ,4.032456450383e+00  
  3.016834739089e-06  ,4.036526028496e+01  ,4.396211297015e+00  
  3.020481798291e-06  ,4.799702789362e+01  ,4.018135969266e+00  
  3.024215284228e-06  ,5.515693474540e+01  ,3.787578028607e+00  
  3.027509930968e-06  ,6.084868402043e+01  ,3.568622544052e+00  
  3.029903429985e-06  ,6.457840236809e+01  ,3.416878471186e+00  
  3.031092356384e-06  ,6.629663630526e+01  ,3.344084095610e+00  
  3.032745081425e-06  ,6.853102468603e+01  ,3.243716536348e+00  
  3.035171362996e-06  ,7.147501367383e+01  ,3.097468257711e+00  
  3.039868954062e-06  ,7.598210071405e+01  ,2.817778051237e+00  
  3.045432302594e-06  ,7.917774027641e+01  ,2.489593077806e+00  
  3.053031894803e-06  ,7.963737342875e+01  ,2.042707819065e+00  
  3.060568902135e-06  ,7.563055866705e+01  ,1.602481216742e+00  
  3.070344063878e-06  ,6.420931489656e+01  ,1.030523999180e+00  
  3.079168531537e-06  ,4.869719584515e+01  ,5.012545407209e-01  
  3.083909335971e-06  ,3.873981568200e+01  ,1.896537896963e-01  
  3.086303207517e-06  ,3.337129075422e+01  ,8.368709353996e-03  
  3.088111463428e-06  ,2.918931832529e+01  ,-1.413034588414e-01  
  3.090432691813e-06  ,2.368485900689e+01  ,-3.568376740586e-01  
  3.095075148582e-06  ,1.232817880293e+01  ,-8.981238564814e-01  
  3.098847377539e-06  ,2.896223180089e+00  ,-1.740624352389e+00  
  3.102096575737e-06  ,-5.265460416272e+00  ,-5.407324772040e+00  
  3.104003179312e-06  ,-1.003458610975e+01  ,-1.009284811679e+01  
  3.106473419309e-06  ,-1.615756142719e+01  ,-1.614549065111e+01  
  3.109169411898e-06  ,-2.272784288585e+01  ,-2.258369612243e+01  
  3.112145546317e-06  ,-2.978976535357e+01  ,-1.000288111941e+01  
  3.114262628794e-06  ,-3.465841563868e+01  ,-4.031885509176e+00  
  3.116834569216e-06  ,-4.036489167752e+01  ,-4.396295128315e+00  
  3.120481255889e-06  ,-4.799593728420e+01  ,-4.018158463389e+00  
  3.124214741826e-06  ,-5.515594733738e+01  ,-3.787620968617e+00  
  3.127510133624e-06  ,-6.084901468144e+01  ,-3.568612280871e+00  
  3.129904005170e-06  ,-6.457925560241e+01  ,-3.416843111896e+00  
  3.131092931569e-06  ,-6.629744536808e+01  ,-3.344048906038e+00  
  3.132745656610e-06  ,-6.853177048482e+01  ,-3.243681668825e+00  
  3.135171938181e-06  ,-7.147566300587e+01  ,-3.097433806070e+00  
  3.139870274305e-06  ,-7.598313899115e+01  ,-2.817699744149e+00  
  3.145433622837e-06  ,-7.917821472269e+01  ,-2.489515587209e+00  
  3.153033215046e-06  ,-7.963705778654e+01  ,-2.042630359751e+00  
  3.160570222378e-06  ,-7.562947700841e+01  ,-1.602404221010e+00  
  3.170345384121e-06  ,-6.420733559043e+01  ,-1.030446499017e+00  
  3.179169851780e-06  ,-4.869456323360e+01  ,-5.011725868915e-01  
  3.183909911156e-06  ,-3.873855087800e+01  ,-1.896130162034e-01  
  3.186302292585e-06  ,-3.337338059757e+01  ,-8.436482658938e-03  
  3.188111293554e-06  ,-2.918971582972e+01  ,1.412913790437e-01  
  3.190432521939e-06  ,-2.368526680455e+01  ,3.568208385773e-01  
  3.195074978709e-06  ,-1.232860064095e+01  ,8.980970105478e-01  
  3.198847952724e-06  ,-2.894778530128e+00  ,1.740795989481e+00  
  3.202097150922e-06  ,5.266902877948e+00  ,5.408725257487e+00  
  3.204003754497e-06  ,1.003602028817e+01  ,1.009426294048e+01  
  3.206473621964e-06  ,1.615806026006e+01  ,1.614598263593e+01  
  3.209168496966e-06  ,2.272563815255e+01  ,2.258160685454e+01  
  3.212145376444e-06  ,2.978936911900e+01  ,1.000596225047e+01  
  3.214262086391e-06  ,3.465718699921e+01  ,4.034079599146e+00  
  3.216834026814e-06  ,4.036371471272e+01  ,4.396084532880e+00  
  3.220481086016e-06  ,4.799559571685e+01  ,4.018247986359e+00  
  3.224214571953e-06  ,5.515563809092e+01  ,3.787602065195e+00  
  3.227510336280e-06  ,6.084934533998e+01  ,3.568581737078e+00  
  3.229904207826e-06  ,6.457955621881e+01  ,3.416825787013e+00  
  3.231093134224e-06  ,6.629773042133e+01  ,3.344034979037e+00  
  3.232745859265e-06  ,6.853203324797e+01  ,3.243669448981e+00  
  3.235172513366e-06  ,7.147631231456e+01  ,3.097399552673e+00  
  3.239870849490e-06  ,7.598359129221e+01  ,2.817665557389e+00  
  3.245434943080e-06  ,7.917868903276e+01  ,2.489437863076e+00  
  3.253034535289e-06  ,7.963674200734e+01  ,2.042553024716e+00  
  3.260571542621e-06  ,7.562839521967e+01  ,1.602327125382e+00  
  3.270345214248e-06  ,6.420759027033e+01  ,1.030456461100e+00  
  3.279169681907e-06  ,4.869490197161e+01  ,5.011828358550e-01  
  3.283909741282e-06  ,3.873892442247e+01  ,1.896242889037e-01  
  3.286302495241e-06  ,3.337291770305e+01  ,8.421160332351e-03  
  3.288111496210e-06  ,2.918924161382e+01  ,-1.413078665536e-01  
  3.290432724595e-06  ,2.368478030902e+01  ,-3.568407959562e-01  
  3.295075181365e-06  ,1.232809739555e+01  ,-8.981285594729e-01  
  3.298847410321e-06  ,2.896140842553e+00  ,-1.740635484012e+00  
  3.302096608520e-06  ,-5.265542629159e+00  ,-5.407404664315e+00  
  3.304003212094e-06  ,-1.003466785057e+01  ,-1.009292877283e+01  
  3.306473452091e-06  ,-1.615764212079e+01  ,-1.614557033689e+01  
  3.309169444680e-06  ,-2.272792188246e+01  ,-2.258377072494e+01  
  3.312145579100e-06  ,-2.978984181979e+01  ,-1.000264154983e+01  
  3.314262661576e-06  ,-3.465848989679e+01  ,-4.031795049021e+00  
  3.316834974527e-06  ,-4.036577116004e+01  ,-4.396309074336e+00  
  3.320481288671e-06  ,-4.799600320055e+01  ,-4.018144676922e+00  
  3.324214774609e-06  ,-5.515600701634e+01  ,-3.787622908976e+00  
  3.327510166407e-06  ,-6.084906817049e+01  ,-3.568612658394e+00  
  3.329904037952e-06  ,-6.457930423171e+01  ,-3.416841759971e+00  
  3.331092964351e-06  ,-6.629749147982e+01  ,-3.344047112045e+00  
  3.332745689392e-06  ,-6.853181299081e+01  ,-3.243679670124e+00  
  3.335172343493e-06  ,-7.147612055225e+01  ,-3.097409375938e+00  
  3.339870679617e-06  ,-7.598345771365e+01  ,-2.817675825068e+00  
  3.345434028149e-06  ,-7.917836034930e+01  ,-2.489491717428e+00  
  3.353033620358e-06  ,-7.963696085761e+01  ,-2.042606624897e+00  
  3.360570627689e-06  ,-7.562914491555e+01  ,-1.602380548788e+00  
  3.370345789433e-06  ,-6.420672792576e+01  ,-1.030422698244e+00  
  3.379170257092e-06  ,-4.869375501100e+01  ,-5.011474266311e-01  
  3.383910316467e-06  ,-3.873765960956e+01  ,-1.895850631545e-01  
  3.386301952839e-06  ,-3.337415662358e+01  ,-8.461955192960e-03  
  3.388111140072e-06  ,-2.919007497774e+01  ,1.412794521055e-01  
  3.390432368457e-06  ,-2.368563525274e+01  ,3.568056949859e-01  
  3.395074825227e-06  ,-1.232898177500e+01  ,8.980729916523e-01  
  3.398847799242e-06  ,-2.895164019719e+00  ,1.740743178005e+00  
  3.402096997440e-06  ,5.266517972539e+00  ,5.408351189436e+00  
  3.404003601015e-06  ,1.003563759321e+01  ,1.009388530766e+01  
  3.406473841012e-06  ,1.615859943897e+01  ,1.614651558777e+01  
  3.409168716013e-06  ,2.272616599758e+01  ,2.258210680455e+01  
  3.412145595491e-06  ,2.978988005289e+01  ,1.000442966102e+01  
  3.414262305439e-06  ,3.465768318175e+01  ,4.033496295647e+00  
  3.416834245861e-06  ,4.036419002684e+01  ,4.396133537595e+00  
  3.420481305063e-06  ,4.799603615871e+01  ,4.018210392558e+00  
  3.424214791000e-06  ,5.515603685580e+01  ,3.787595908198e+00  
  3.427510182798e-06  ,6.084909491499e+01  ,3.568596855911e+00  
  3.429904054344e-06  ,6.457932854634e+01  ,3.416836779604e+00  
  3.431092980742e-06  ,6.629751453566e+01  ,3.344044853833e+00  
  3.432745705783e-06  ,6.853183424378e+01  ,3.243678728468e+00  
  3.435172359884e-06  ,7.147613905572e+01  ,3.097408646654e+00  
  3.439870696008e-06  ,7.598347060291e+01  ,2.817674699938e+00  
  3.445434789598e-06  ,7.917863389987e+01  ,2.489446866386e+00  
  3.453034381807e-06  ,7.963677872460e+01  ,2.042562035621e+00  
  3.460571389139e-06  ,7.562852098734e+01  ,1.602336073648e+00  
  3.470345060766e-06  ,6.420782037427e+01  ,1.030465470185e+00  
  3.479169528425e-06  ,4.869520802318e+01  ,5.011923633438e-01  
  3.483909587801e-06  ,3.873926192222e+01  ,1.896348739978e-01  
  3.486302341759e-06  ,3.337326827770e+01  ,8.432835787804e-03  
  3.488111156464e-06  ,2.919003662216e+01  ,-1.412794807835e-01  
  3.490432384849e-06  ,2.368559590393e+01  ,-3.568073873890e-01  
  3.495074841619e-06  ,1.232894107138e+01  ,-8.980758467925e-01  
  3.498847815633e-06  ,2.895122850931e+00  ,-1.740748919869e+00  
  3.502097013831e-06  ,-5.266559078947e+00  ,-5.408391139090e+00  
  3.504003617406e-06  ,-1.003567846356e+01  ,-1.009392563743e+01  
  3.506473857403e-06  ,-1.615863978566e+01  ,-1.614655543264e+01  
  3.509168732405e-06  ,-2.272620549614e+01  ,-2.258214412122e+01  
  3.512145611882e-06  ,-2.978991828598e+01  ,-1.000431058224e+01  
  3.514262321830e-06  ,-3.465772031099e+01  ,-4.033451276594e+00  
  3.516834262252e-06  ,-4.036422559448e+01  ,-4.396137365751e+00  
  3.520481321454e-06  ,-4.799606911685e+01  ,-4.018207526380e+00  
  3.524214807391e-06  ,-5.515606669525e+01  ,-3.787595466129e+00  
  3.527510199189e-06  ,-6.084912165947e+01  ,-3.568596194658e+00  
  3.529904070735e-06  ,-6.457935286094e+01  ,-3.416835870704e+00  
  3.531092997134e-06  ,-6.629753759148e+01  ,-3.344043883437e+00  
  3.532745722175e-06  ,-6.853185549673e+01  ,-3.243677733542e+00  
  3.535172376275e-06  ,-7.147615755917e+01  ,-3.097407657156e+00  
  3.539870712399e-06  ,-7.598348349214e+01  ,-2.817673732449e+00  
  3.545434805989e-06  ,-7.917863978794e+01  ,-2.489445899532e+00  
  3.553034398198e-06  ,-7.963677480343e+01  ,-2.042561076696e+00  
  3.560571405530e-06  ,-7.562850755593e+01  ,-1.602335115641e+00  
  3.570345077157e-06  ,-6.420779580013e+01  ,-1.030464507495e+00  
  3.579169544816e-06  ,-4.869517533812e+01  ,-5.011913458341e-01  
  3.583909604192e-06  ,-3.873922587860e+01  ,-1.896337435608e-01  
  3.586302358150e-06  ,-3.337323083772e+01  ,-8.431588900135e-03  
  3.588111172855e-06  ,-2.918999826657e+01  ,1.412808530852e-01  
  3.590432401240e-06  ,-2.368555655512e+01  ,3.568089993805e-01  
  3.595074858010e-06  ,-1.232890036775e+01  ,8.980783894206e-01  
  3.598847832024e-06  ,-2.895081682143e+00  ,1.740754551994e+00  
  3.602097030222e-06  ,5.266600185353e+00  ,5.408431087999e+00  
  3.604003633797e-06  ,1.003571933390e+01  ,1.009396596715e+01  
  3.606473873794e-06  ,1.615868013235e+01  ,1.614659527772e+01  
  3.609168748796e-06  ,2.272624499470e+01  ,2.258218144009e+01  
  3.612145628273e-06  ,2.978995651906e+01  ,1.000419163229e+01  
  3.614262338221e-06  ,3.465775744022e+01  ,4.033406297638e+00  
  3.616834278643e-06  ,4.036426116212e+01  ,4.396141188876e+00  
  3.620481337845e-06  ,4.799610207498e+01  ,4.018204661493e+00  
  3.624214823782e-06  ,5.515609653468e+01  ,3.787595023313e+00  
  3.627510215580e-06  ,6.084914840394e+01  ,3.568595532931e+00  
  3.629904087126e-06  ,6.457937717553e+01  ,3.416834961596e+00  
  3.631093013525e-06  ,6.629756064729e+01  ,3.344042912902e+00  
  3.632745738566e-06  ,6.853187674966e+01  ,3.243676738518e+00  
  3.635172392666e-06  ,7.147617606260e+01  ,3.097406667580e+00  
  3.639870728791e-06  ,7.598349638135e+01  ,2.817672764900e+00  
  3.645434822381e-06  ,7.917864567598e+01  ,2.489444932642e+00  
  3.653034414589e-06  ,7.963677088223e+01  ,2.042560117751e+00  
  3.660571421921e-06  ,7.562849412449e+01  ,1.602334157625e+00  
  3.670345093548e-06  ,6.420777122598e+01  ,1.030463544801e+00  
  3.679169561207e-06  ,4.869514265304e+01  ,5.011903283230e-01  
  3.683909620583e-06  ,3.873918983497e+01  ,1.896326131229e-01  
  3.686302374542e-06  ,3.337319339774e+01  ,8.430342010917e-03  
  3.688111189246e-06  ,2.918995991098e+01  ,-1.412822253887e-01  
  3.690432417631e-06  ,2.368551720630e+01  ,-3.568106113752e-01  
  3.695074874401e-06  ,1.232885966412e+01  ,-8.980809320544e-01  
  3.698847848415e-06  ,2.895040513354e+00  ,-1.740760184149e+00  
  3.702097046614e-06  ,-5.266641291759e+00  ,-5.408471036925e+00  
  3.704003650188e-06  ,-1.003576020424e+01  ,-1.009400629688e+01  
  3.706473890185e-06  ,-1.615872047903e+01  ,-1.614663512281e+01  
  3.709168765187e-06  ,-2.272628449325e+01  ,-2.258221875889e+01  
  3.712145644665e-06  ,-2.978999475213e+01  ,-1.000407268217e+01  
  3.714262354612e-06  ,-3.465779456944e+01  ,-4.033361318804e+00  
  3.716834295034e-06  ,-4.036429672974e+01  ,-4.396145012015e+00  
  3.720481354237e-06  ,-4.799613503310e+01  ,-4.018201796602e+00  
  3.724214840174e-06  ,-5.515612637409e+01  ,-3.787594580508e+00  
  3.727510231972e-06  ,-6.084917514839e+01  ,-3.568594871210e+00  
  3.729904103518e-06  ,-6.457940149011e+01  ,-3.416834052489e+00  
  3.731093029916e-06  ,-6.629758370308e+01  ,-3.344041942368e+00  
  3.732745754957e-06  ,-6.853189800257e+01  ,-3.243675743494e+00  
  3.735172409058e-06  ,-7.147619456601e+01  ,-3.097405678003e+00  
  3.739870745182e-06  ,-7.598350927055e+01  ,-2.817671797349e+00  
  3.745434838772e-06  ,-7.917865156401e+01  ,-2.489443965751e+00  
  3.753034430981e-06  ,-7.963676696102e+01  ,-2.042559158806e+00  
  3.760571438313e-06  ,-7.562848069304e+01  ,-1.602333199609e+00  
  3.770345109940e-06  ,-6.420774665181e+01  ,-1.030462582107e+00  
  3.779169577599e-06  ,-4.869510996795e+01  ,-5.011893108115e-01  
  3.783909636974e-06  ,-3.873915379133e+01  ,-1.896314826842e-01  
  3.786302390933e-06  ,-3.337315595775e+01  ,-8.429095120911e-03  
  3.788111205637e-06  ,-2.918992155537e+01  ,1.412835976935e-01  
  3.790432434022e-06  ,-2.368547785747e+01  ,3.568122233710e-01  
  3.795074890792e-06  ,-1.232881896049e+01  ,8.980834746948e-01  
  3.798847864807e-06  ,-2.894999344565e+00  ,1.740765816332e+00  
  3.802097063005e-06  ,5.266682398163e+00  ,5.408510985866e+00  
  3.804003666580e-06  ,1.003580107458e+01  ,1.009404662660e+01  
  3.806473906577e-06  ,1.615876082571e+01  ,1.614667496788e+01  
  3.809168781579e-06  ,2.272632399179e+01  ,2.258225607761e+01  
  3.812145661056e-06  ,2.979003298520e+01  ,1.000395373193e+01  
  3.814262371004e-06  ,3.465783169865e+01  ,4.033316340106e+00  
  3.816834683955e-06  ,4.036514064933e+01  ,4.396154961879e+00  
  3.820481370628e-06  ,4.799616799120e+01  ,4.018190917375e+00  
  3.824214856565e-06  ,5.515615621349e+01  ,3.787596946080e+00  
  3.827510248363e-06  ,6.084920189282e+01  ,3.568595900001e+00  
  3.829904119909e-06  ,6.457942580466e+01  ,3.416833606361e+00  
  3.831093046308e-06  ,6.629760675885e+01  ,3.344041117428e+00  
  3.832745771348e-06  ,6.853191925547e+01  ,3.243674739263e+00  
  3.835172425449e-06  ,7.147621306941e+01  ,3.097404654775e+00  
  3.839870761573e-06  ,7.598352215972e+01  ,2.817670844821e+00  
  3.845434855163e-06  ,7.917865745201e+01  ,2.489442988866e+00  
  3.853034447372e-06  ,7.963676303978e+01  ,2.042558205646e+00  
  3.860571454704e-06  ,7.562846726156e+01  ,1.602332237248e+00  
  3.870345126331e-06  ,6.420772207763e+01  ,1.030461618374e+00  
  3.879169593990e-06  ,4.869507728285e+01  ,5.011882932614e-01  
  3.883909653366e-06  ,3.873911774768e+01  ,1.896303522490e-01  
  3.886302407324e-06  ,3.337311851775e+01  ,8.427848225589e-03  
  3.888111222029e-06  ,2.918988319976e+01  ,-1.412849700078e-01  
  3.890432450414e-06  ,2.368543850864e+01  ,-3.568138353772e-01  
  3.895074907184e-06  ,1.232877825686e+01  ,-8.980860173455e-01  
  3.898847881198e-06  ,2.894958175775e+00  ,-1.740771448548e+00  
  3.902097079396e-06  ,-5.266723504565e+00  ,-5.408550934824e+00  
  3.904003682971e-06  ,-1.003584194491e+01  ,-1.009408695633e+01  
  3.906473922968e-06  ,-1.615880117238e+01  ,-1.614671481296e+01  
  3.909168797970e-06  ,-2.272636349033e+01  ,-2.258229339627e+01  
  3.912145677447e-06  ,-2.979007121826e+01  ,-1.000383478269e+01  
  3.914262387395e-06  ,-3.465786882785e+01  ,-4.033271361890e+00  
  3.916834700346e-06  ,-4.036517621669e+01  ,-4.396158788205e+00  
  3.920481387019e-06  ,-4.799620094929e+01  ,-4.018188051710e+00  
  3.924214872956e-06  ,-5.515618605287e+01  ,-3.787596503565e+00  
  3.927510264754e-06  ,-6.084922863724e+01  ,-3.568595238449e+00  
  3.929904136300e-06  ,-6.457945011920e+01  ,-3.416832697298e+00  
  3.931093062699e-06  ,-6.629762981460e+01  ,-3.344040146907e+00  
  3.932745787740e-06  ,-6.853194050835e+01  ,-3.243673744238e+00  
  3.935172441840e-06  ,-7.147623157278e+01  ,-3.097403665195e+00  
  3.939870777965e-06  ,-7.598353504887e+01  ,-2.817669877272e+00  
  3.945434871554e-06  ,-7.917866333999e+01  ,-2.489442021974e+00  
  3.953034463763e-06  ,-7.963675911853e+01  ,-2.042557246700e+00  
  3.960571471095e-06  ,-7.562845383007e+01  ,-1.602331279232e+00  
  3.970345142722e-06  ,-6.420769750342e+01  ,-1.030460655680e+00  
  3.979169610381e-06  ,-4.869504459774e+01  ,-5.011872757494e-01  
  3.983909669757e-06  ,-3.873908170402e+01  ,-1.896292218094e-01  
  3.986302423716e-06  ,-3.337308107774e+01  ,-8.426601333879e-03  
  3.988111238420e-06  ,-2.918984484414e+01  ,1.412863423149e-01  
  3.990432466805e-06  ,-2.368539915980e+01  ,3.568154473770e-01  
  3.995074923575e-06  ,-1.232873755322e+01  ,8.980885599980e-01  
  3.998847897589e-06  ,-2.894917006986e+00  ,1.740777080790e+00  
  4.002097095788e-06  ,5.266764610964e+00  ,5.408590883794e+00  
  4.004003699362e-06  ,1.003588281524e+01  ,1.009412728605e+01  
  4.006473566830e-06  ,1.615792454824e+01  ,1.614584861117e+01  
  4.009168814361e-06  ,2.272640298887e+01  ,2.258233108500e+01  
  4.012145693839e-06  ,2.979010945131e+01  ,1.000372841754e+01  
  4.014262776315e-06  ,3.465874979987e+01  ,4.032517818292e+00  
  4.016834716737e-06  ,4.036521178404e+01  ,4.396206078692e+00  
  4.020481775939e-06  ,4.799698295119e+01  ,4.018139877373e+00  
  4.024215261877e-06  ,5.515689405582e+01  ,3.787578631473e+00  
  4.027509908617e-06  ,6.084864755031e+01  ,3.568623445952e+00  
  4.029903407633e-06  ,6.457836921088e+01  ,3.416879710731e+00  
  4.031092334032e-06  ,6.629660486456e+01  ,3.344085418997e+00  
  4.032745059073e-06  ,6.853099570375e+01  ,3.243717893164e+00  
  4.035171340644e-06  ,7.147498844024e+01  ,3.097469607109e+00  
  4.039868931711e-06  ,7.598208313487e+01  ,2.817779370598e+00  
  4.045432280242e-06  ,7.917773224285e+01  ,2.489594396282e+00  
  4.053031872451e-06  ,7.963737877140e+01  ,2.042709126709e+00  
  4.060568879783e-06  ,7.563057697843e+01  ,1.602482523125e+00  
  4.070344041526e-06  ,6.420934840531e+01  ,1.030525311938e+00  
  4.079169999301e-06  ,4.869426906527e+01  ,5.011646452183e-01  
  4.083910803735e-06  ,3.873658811308e+01  ,1.895542559677e-01  
  4.086303185165e-06  ,3.337134180935e+01  ,8.370284254082e-03  
  4.088112372398e-06  ,2.918719131379e+01  ,-1.413811071585e-01  
  4.090433600783e-06  ,2.368267692020e+01  ,-3.569269625409e-01  
  4.095076057553e-06  ,1.232592159351e+01  ,-8.982645044395e-01  
  4.098848286510e-06  ,2.893940183608e+00  ,-1.740936560073e+00  
  4.102097484708e-06  ,-5.267739953361e+00  ,-5.409540123020e+00  
  4.104004088283e-06  ,-1.003685255601e+01  ,-1.009508458680e+01  
  4.106473583221e-06  ,-1.615796489500e+01  ,-1.614588815637e+01  
  4.109168085694e-06  ,-2.272464709368e+01  ,-2.258066788910e+01  
  4.112145337701e-06  ,-2.978927874959e+01  ,-1.000719049977e+01  
  4.114261675119e-06  ,-3.465625538675e+01  ,-4.035413608184e+00  
  4.116833243012e-06  ,-4.036201391322e+01  ,-4.395958169039e+00  
  4.120480302215e-06  ,-4.799401969539e+01  ,-4.018367107056e+00  
  4.124213788152e-06  ,-5.515421119654e+01  ,-3.787630570705e+00  
  4.127510670066e-06  ,-6.084988994866e+01  ,-3.568545107988e+00  
  4.129904914141e-06  ,-6.458060393490e+01  ,-3.416777395045e+00  
  4.131094026804e-06  ,-6.629898588120e+01  ,-3.343978741603e+00  
  4.132746751845e-06  ,-6.853319053203e+01  ,-3.243615358417e+00  
  4.135173778474e-06  ,-7.147774037515e+01  ,-3.097323964722e+00  
  4.139872859657e-06  ,-7.598517180754e+01  ,-2.817546272044e+00  
  4.145437698305e-06  ,-7.917967843523e+01  ,-2.489275893546e+00  
  4.153037290514e-06  ,-7.963608256408e+01  ,-2.042391510614e+00  
  4.160572807729e-06  ,-7.562735848514e+01  ,-1.602253418788e+00  
  4.170346479356e-06  ,-6.420569353144e+01  ,-1.030382229182e+00  
  4.179169456899e-06  ,-4.869535064878e+01  ,-5.011955852558e-01  
  4.183908771217e-06  ,-3.874105753683e+01  ,-1.896883876836e-01  
  4.186301525176e-06  ,-3.337513345795e+01  ,-8.493247940750e-03  
  4.188110339880e-06  ,-2.919194741810e+01  ,1.412116587902e-01  
  4.190431568265e-06  ,-2.368755618244e+01  ,3.567270615564e-01  
  4.195074025035e-06  ,-1.233096884790e+01  ,8.979490700076e-01  
  4.198846999049e-06  ,-2.897173804164e+00  ,1.740468335704e+00  
  4.202096197248e-06  ,5.264511230702e+00  ,5.406400970848e+00  
  4.204002800822e-06  ,1.003364237397e+01  ,1.009191647810e+01  
  4.206473785877e-06  ,1.615846372734e+01  ,1.614638250817e+01  
  4.209170150995e-06  ,2.272962389447e+01  ,2.258538241094e+01  
  4.212146285415e-06  ,2.979148931161e+01  ,9.997687557222e+00  
  4.214264485478e-06  ,3.466262128989e+01  ,4.027774672537e+00  
  4.216837170959e-06  ,4.037053706545e+01  ,4.396624508288e+00  
  4.220484230161e-06  ,4.800191748759e+01  ,4.017759771867e+00  
  4.224216971040e-06  ,5.516000537346e+01  ,3.787541565908e+00  
  4.227508637547e-06  ,6.084657356709e+01  ,3.568753987770e+00  
  4.229901391506e-06  ,6.457537830048e+01  ,3.417019129079e+00  
  4.231090131640e-06  ,6.629350674710e+01  ,3.344225100150e+00  
  4.232742856681e-06  ,6.852813981840e+01  ,3.243851244323e+00  
  4.235168020666e-06  ,7.147124002091e+01  ,3.097667829548e+00  
  4.239862631500e-06  ,7.597712665645e+01  ,2.818153412677e+00  
  4.245423744857e-06  ,7.917466164056e+01  ,2.490095967782e+00  
  4.253021846950e-06  ,7.963977116928e+01  ,2.043297072309e+00  
  4.260560344398e-06  ,7.563756675980e+01  ,1.602980353737e+00  
  4.270338486373e-06  ,6.421767546399e+01  ,1.030851376064e+00  
  4.279165934265e-06  ,4.870237465473e+01  ,5.014187862586e-01  
  4.283908228815e-06  ,3.874225023025e+01  ,1.897366305301e-01  
  4.286305825651e-06  ,3.336531038240e+01  ,8.175001930676e-03  
  4.288112218916e-06  ,2.918755046659e+01  ,-1.413612803462e-01  
  4.290433447301e-06  ,2.368304537226e+01  ,-3.569122812571e-01  
  4.295075904071e-06  ,1.232630272958e+01  ,-8.982422940510e-01  
  4.298848133028e-06  ,2.894325673346e+00  ,-1.740884367265e+00  
  4.302097331226e-06  ,-5.267355048216e+00  ,-5.409166070139e+00  
  4.304003934801e-06  ,-1.003646986155e+01  ,-1.009470696639e+01  
  4.306473429739e-06  ,-1.615758710242e+01  ,-1.614551507690e+01  
  4.309168304741e-06  ,-2.272517494072e+01  ,-2.258116833473e+01  
  4.312145184219e-06  ,-2.978892074728e+01  ,-1.000731786563e+01  
  4.314261521637e-06  ,-3.465590771830e+01  ,-4.035307680189e+00  
  4.316833089530e-06  ,-4.036168086407e+01  ,-4.395985072275e+00  
  4.320480148733e-06  ,-4.799371107941e+01  ,-4.018374179136e+00  
  4.324213634670e-06  ,-5.515393178175e+01  ,-3.787642396854e+00  
  4.327510516584e-06  ,-6.084963952675e+01  ,-3.568555666350e+00  
  4.329904760659e-06  ,-6.458037626934e+01  ,-3.416787072659e+00  
  4.331093873322e-06  ,-6.629877000450e+01  ,-3.343988192369e+00  
  4.332746598363e-06  ,-6.853299153710e+01  ,-3.243624653057e+00  
  4.335173624992e-06  ,-7.147756713000e+01  ,-3.097333150040e+00  
  4.339872706175e-06  ,-7.598505114137e+01  ,-2.817555373326e+00  
  4.345437544823e-06  ,-7.917962333539e+01  ,-2.489284923927e+00  
  4.353037137032e-06  ,-7.963611931458e+01  ,-2.042400505656e+00  
  4.360572654247e-06  ,-7.562748426731e+01  ,-1.602262378858e+00  
  4.370346325874e-06  ,-6.420592364769e+01  ,-1.030391241115e+00  
  4.379169303417e-06  ,-4.869565669869e+01  ,-5.012051128580e-01  
  4.383909362793e-06  ,-3.873975670179e+01  ,-1.896486948673e-01  
  4.386302116752e-06  ,-3.337378222555e+01  ,-8.449327978663e-03  
  4.388110931456e-06  ,-2.919056313902e+01  ,1.412607714491e-01  
  4.390432159841e-06  ,-2.368613605523e+01  ,3.567852593725e-01  
  4.395074616611e-06  ,-1.232949982083e+01  ,8.980409211568e-01  
  4.398847590625e-06  ,-2.895687986051e+00  ,1.740671602273e+00  
  4.402096788824e-06  ,5.265994799935e+00  ,5.407842747228e+00  
  4.404003392398e-06  ,1.003511742493e+01  ,1.009337201675e+01  
  4.406473632395e-06  ,1.615808593526e+01  ,1.614600846284e+01  
  4.409169252455e-06  ,2.272745867471e+01  ,2.258333127030e+01  
  4.412145759404e-06  ,2.979026238343e+01  ,1.000231528723e+01  
  4.414262841880e-06  ,3.465889831571e+01  ,4.031826162770e+00  
  4.416835154831e-06  ,4.036616239831e+01  ,4.396288535469e+00  
  4.420481841505e-06  ,4.799711478222e+01  ,4.018101223463e+00  
  4.424215327442e-06  ,5.515701341182e+01  ,3.787587167051e+00  
  4.427509974182e-06  ,6.084875452923e+01  ,3.568626754049e+00  
  4.429903473198e-06  ,6.457846647191e+01  ,3.416877688802e+00  
  4.431092399597e-06  ,6.629669709052e+01  ,3.344082052382e+00  
  4.432745124638e-06  ,6.853108071832e+01  ,3.243713897070e+00  
  4.435171406209e-06  ,7.147506245865e+01  ,3.097465549313e+00  
  4.439868997276e-06  ,7.598213470035e+01  ,2.817775564699e+00  
  4.445432345808e-06  ,7.917775580784e+01  ,2.489590501873e+00  
  4.453031938016e-06  ,7.963736309951e+01  ,2.042705315126e+00  
  4.460568945348e-06  ,7.563052326493e+01  ,1.602478678126e+00  
  4.470344107091e-06  ,6.420925011290e+01  ,1.030521458377e+00  
  4.479168574750e-06  ,4.869710967748e+01  ,5.012518583687e-01  
  4.483909379184e-06  ,3.873972065831e+01  ,1.896508096539e-01  
  4.486303250730e-06  ,3.337119204759e+01  ,8.365422105641e-03  
  4.488111506641e-06  ,2.918921720562e+01  ,-1.413070767042e-01  
  4.490432735026e-06  ,2.368475526879e+01  ,-3.568419239126e-01  
  4.495075191796e-06  ,1.232807149321e+01  ,-8.981305600598e-01  
  4.498847420752e-06  ,2.896114644254e+00  ,-1.740639199047e+00  
  4.502096618950e-06  ,-5.265568787794e+00  ,-5.407430090785e+00  
  4.504003222525e-06  ,-1.003469385901e+01  ,-1.009295444063e+01  
  4.506473462522e-06  ,-1.615766779601e+01  ,-1.614559569756e+01  
  4.509169455111e-06  ,-2.272794701773e+01  ,-2.258379449993e+01  
  4.512145589530e-06  ,-2.978986614993e+01  ,-1.000256748099e+01  
  4.514262672007e-06  ,-3.465851352435e+01  ,-4.031766936917e+00  
  4.516834984958e-06  ,-4.036579379368e+01  ,-4.396311447291e+00  
  4.520481299102e-06  ,-4.799602417392e+01  ,-4.018142871214e+00  
  4.524214785039e-06  ,-5.515602600508e+01  ,-3.787622619082e+00  
  4.527510176837e-06  ,-6.084908518971e+01  ,-3.568612232365e+00  
  4.529904048383e-06  ,-6.457931970465e+01  ,-3.416841179618e+00  
  4.531092974782e-06  ,-6.629750615171e+01  ,-3.344046493413e+00  
  4.532745699823e-06  ,-6.853182651542e+01  ,-3.243679036345e+00  
  4.535172353923e-06  ,-7.147613232718e+01  ,-3.097408745777e+00  
  4.539870690048e-06  ,-7.598346591590e+01  ,-2.817675208961e+00  
  4.545434038579e-06  ,-7.917836409687e+01  ,-2.489491101927e+00  
  4.553033630788e-06  ,-7.963695836295e+01  ,-2.042606014525e+00  
  4.560570638120e-06  ,-7.562913636888e+01  ,-1.602379939089e+00  
  4.570345799863e-06  ,-6.420671228720e+01  ,-1.030422085599e+00  
  4.579170267522e-06  ,-4.869373421106e+01  ,-5.011467791113e-01  
  4.583910326898e-06  ,-3.873763667243e+01  ,-1.895843437667e-01  
  4.586301963270e-06  ,-3.337413279829e+01  ,-8.461161726120e-03  
  4.588111150503e-06  ,-2.919005056965e+01  ,1.412803253931e-01  
  4.590432378888e-06  ,-2.368561021260e+01  ,3.568067207995e-01  
  4.595074835658e-06  ,-1.232895587271e+01  ,8.980746096840e-01  
  4.598847809672e-06  ,-2.895137821409e+00  ,1.740746762061e+00  
  4.602097007871e-06  ,5.266544131153e+00  ,5.408376611448e+00  
  4.604003611445e-06  ,1.003566360160e+01  ,1.009391097202e+01  
  4.606473851442e-06  ,1.615862511413e+01  ,1.614654094373e+01  
  4.609168726444e-06  ,2.272619113302e+01  ,2.258213055298e+01  
  4.612145605922e-06  ,2.978990438303e+01  ,1.000435396578e+01  
  4.614262315869e-06  ,3.465770680944e+01  ,4.033467672601e+00  
  4.616834256291e-06  ,4.036421266079e+01  ,4.396135970480e+00  
  4.620481315494e-06  ,4.799605713207e+01  ,4.018208569453e+00  
  4.624214801431e-06  ,5.515605584453e+01  ,3.787595626396e+00  
  4.627510193229e-06  ,6.084911193420e+01  ,3.568596434810e+00  
  4.629904064775e-06  ,6.457934401926e+01  ,3.416836201080e+00  
  4.631092991173e-06  ,6.629752920754e+01  ,3.344044236220e+00  
  4.632745716214e-06  ,6.853184776838e+01  ,3.243678095271e+00  
  4.635172370315e-06  ,7.147615083064e+01  ,3.097408016924e+00  
  4.639870706439e-06  ,7.598347880514e+01  ,2.817674084226e+00  
  4.645434800029e-06  ,7.917863764682e+01  ,2.489446251093e+00  
  4.653034392238e-06  ,7.963677622931e+01  ,2.042561425382e+00  
  4.660571399570e-06  ,7.562851244009e+01  ,1.602335464002e+00  
  4.670345071197e-06  ,6.420780473619e+01  ,1.030464857563e+00  
  4.679169538856e-06  ,4.869518722361e+01  ,5.011917158374e-01  
  4.683909598231e-06  ,3.873923898538e+01  ,1.896341546284e-01  
  4.686302352190e-06  ,3.337324445227e+01  ,8.432042314036e-03  
  4.688111166894e-06  ,2.919001221407e+01  ,-1.412803540665e-01  
  4.690432395279e-06  ,2.368557086379e+01  ,-3.568084132010e-01  
  4.695074852049e-06  ,1.232891516908e+01  ,-8.980774648274e-01  
  4.698847826064e-06  ,2.895096652623e+00  ,-1.740752503944e+00  
  4.702097024262e-06  ,-5.266585237558e+00  ,-5.408416561110e+00  
  4.704003627837e-06  ,-1.003570447195e+01  ,-1.009395130179e+01  
  4.706473867834e-06  ,-1.615866546081e+01  ,-1.614658078859e+01  
  4.709168742836e-06  ,-2.272623063158e+01  ,-2.258216786959e+01  
  4.712145622313e-06  ,-2.978994261611e+01  ,-1.000423488687e+01  
  4.714262332261e-06  ,-3.465774393867e+01  ,-4.033422653619e+00  
  4.716834272683e-06  ,-4.036424822843e+01  ,-4.396139798646e+00  
  4.720481331885e-06  ,-4.799609009020e+01  ,-4.018205703272e+00  
  4.724214817822e-06  ,-5.515608568397e+01  ,-3.787595184334e+00  
  4.727510209620e-06  ,-6.084913867867e+01  ,-3.568595773559e+00  
  4.729904081166e-06  ,-6.457936833386e+01  ,-3.416835292181e+00  
  4.731093007565e-06  ,-6.629755226335e+01  ,-3.344043265824e+00  
  4.732745732605e-06  ,-6.853186902132e+01  ,-3.243677100345e+00  
  4.735172386706e-06  ,-7.147616933408e+01  ,-3.097407027426e+00  
  4.739870722830e-06  ,-7.598349169437e+01  ,-2.817673116737e+00  
  4.745434816420e-06  ,-7.917864353488e+01  ,-2.489445284239e+00  
  4.753034408629e-06  ,-7.963677230813e+01  ,-2.042560466459e+00  
  4.760571415961e-06  ,-7.562849900866e+01  ,-1.602334505995e+00  
  4.770345087588e-06  ,-6.420778016205e+01  ,-1.030463894872e+00  
  4.779169555247e-06  ,-4.869515453854e+01  ,-5.011906983275e-01  
  4.783909614623e-06  ,-3.873920294176e+01  ,-1.896330241914e-01  
  4.786302368581e-06  ,-3.337320701229e+01  ,-8.430795425692e-03  
  4.788111183286e-06  ,-2.918997385848e+01  ,1.412817263692e-01  
  4.790432411671e-06  ,-2.368553151497e+01  ,3.568100251952e-01  
  4.795074868441e-06  ,-1.232887446546e+01  ,8.980800074584e-01  
  4.798847842455e-06  ,-2.895055483834e+00  ,1.740758136088e+00  
  4.802097040653e-06  ,5.266626343965e+00  ,5.408456510031e+00  
  4.804003644228e-06  ,1.003574534229e+01  ,1.009399163151e+01  
  4.806473884225e-06  ,1.615870580750e+01  ,1.614662063367e+01  
  4.809168759227e-06  ,2.272627013013e+01  ,2.258220518842e+01  
  4.812145638704e-06  ,2.978998084919e+01  ,1.000411593681e+01  
  4.814262348652e-06  ,3.465778106789e+01  ,4.033377674743e+00  
  4.816834289074e-06  ,4.036428379605e+01  ,4.396143621780e+00  
  4.820481348276e-06  ,4.799612304832e+01  ,4.018202838383e+00  
  4.824214834213e-06  ,5.515611552339e+01  ,3.787594741526e+00  
  4.827510226011e-06  ,6.084916542313e+01  ,3.568595111837e+00  
  4.829904097557e-06  ,6.457939264844e+01  ,3.416834383074e+00  
  4.831093023956e-06  ,6.629757531915e+01  ,3.344042295290e+00  
  4.832745748997e-06  ,6.853189027424e+01  ,3.243676105321e+00  
  4.835172403097e-06  ,7.147618783750e+01  ,3.097406037849e+00  
  4.839870739222e-06  ,7.598350458357e+01  ,2.817672149188e+00  
  4.845434832811e-06  ,7.917864942291e+01  ,2.489444317348e+00  
  4.853034425020e-06  ,7.963676838692e+01  ,2.042559507514e+00  
  4.860571432352e-06  ,7.562848557721e+01  ,1.602333547979e+00  
  4.870345103979e-06  ,6.420775558788e+01  ,1.030462932178e+00  
  4.879169571638e-06  ,4.869512185345e+01  ,5.011896808159e-01  
  4.883909631014e-06  ,3.873916689812e+01  ,1.896318937531e-01  
  4.886302384973e-06  ,3.337316957231e+01  ,8.429548535919e-03  
  4.888111199677e-06  ,2.918993550288e+01  ,-1.412830986734e-01  
  4.890432428062e-06  ,2.368549216615e+01  ,-3.568116371898e-01  
  4.895074884832e-06  ,1.232883376183e+01  ,-8.980825500969e-01  
  4.898847858846e-06  ,2.895014315046e+00  ,-1.740763768260e+00  
  4.902097057045e-06  ,-5.266667450367e+00  ,-5.408496458964e+00  
  4.904003660619e-06  ,-1.003578621263e+01  ,-1.009403196124e+01  
  4.906473900616e-06  ,-1.615874615417e+01  ,-1.614666047875e+01  
  4.909168775618e-06  ,-2.272630962868e+01  ,-2.258224250717e+01  
  4.912145655096e-06  ,-2.979001908226e+01  ,-1.000399698661e+01  
  4.914262365043e-06  ,-3.465781819711e+01  ,-4.033332695992e+00  
  4.916834305465e-06  ,-4.036431936367e+01  ,-4.396147444927e+00  
  4.920481364667e-06  ,-4.799615600643e+01  ,-4.018199973486e+00  
  4.924214850605e-06  ,-5.515614536279e+01  ,-3.787594298730e+00  
  4.927510242403e-06  ,-6.084919216757e+01  ,-3.568594450117e+00  
  4.929904113948e-06  ,-6.457941696300e+01  ,-3.416833473966e+00  
  4.931093040347e-06  ,-6.629759837493e+01  ,-3.344041324756e+00  
  4.932745765388e-06  ,-6.853191152714e+01  ,-3.243675110297e+00  
  4.935172419488e-06  ,-7.147620634090e+01  ,-3.097405048273e+00  
  4.939870755613e-06  ,-7.598351747274e+01  ,-2.817671181637e+00  
  4.945434849203e-06  ,-7.917865531092e+01  ,-2.489443350458e+00  
  4.953034441411e-06  ,-7.963676446569e+01  ,-2.042558548568e+00  
  4.960571448743e-06  ,-7.562847214574e+01  ,-1.602332589963e+00  
  4.970345120370e-06  ,-6.420773101370e+01  ,-1.030461969484e+00  
  4.979169588029e-06  ,-4.869508916835e+01  ,-5.011886633045e-01  
  4.983909647405e-06  ,-3.873913085448e+01  ,-1.896307633142e-01  
  4.986302401364e-06  ,-3.337313213231e+01  ,-8.428301645408e-03  
  4.988111216068e-06  ,-2.918989714727e+01  ,1.412844709789e-01  
  4.990432444453e-06  ,-2.368545281732e+01  ,3.568132491873e-01  
  4.995074901223e-06  ,-1.232879305819e+01  ,8.980850927408e-01  
  4.998847875237e-06  ,-2.894973146258e+00  ,1.740769400462e+00  
  5.002097073436e-06  ,5.266708556769e+00  ,5.408536407913e+00  
  5.004003677011e-06  ,1.003582708296e+01  ,1.009407229096e+01  
  5.006473917007e-06  ,1.615878650085e+01  ,1.614670032383e+01  
  5.009168792009e-06  ,2.272634912722e+01  ,2.258227982583e+01  
  5.012145671487e-06  ,2.979005731532e+01  ,1.000387803629e+01  
  5.014262381434e-06  ,3.465785532631e+01  ,4.033287717377e+00  
  5.016834694386e-06  ,4.036516328309e+01  ,4.396157396839e+00  
  5.020481381059e-06  ,4.799618896452e+01  ,4.018189093763e+00  
  5.024214866996e-06  ,5.515617520218e+01  ,3.787596664483e+00  
  5.027510258794e-06  ,6.084921891199e+01  ,3.568595479016e+00  
  5.029904130340e-06  ,6.457944127754e+01  ,3.416833027869e+00  
  5.031093056738e-06  ,6.629762143069e+01  ,3.344040499825e+00  
  5.032745781779e-06  ,6.853193278002e+01  ,3.243674106066e+00  
  5.035172435880e-06  ,7.147622484428e+01  ,3.097404025043e+00  
  5.039870772004e-06  ,7.598353036190e+01  ,2.817670229108e+00  
  5.045434865594e-06  ,7.917866119891e+01  ,2.489442373572e+00  
  5.053034457803e-06  ,7.963676054444e+01  ,2.042557595408e+00  
  5.060571465135e-06  ,7.562845871425e+01  ,1.602331627601e+00  
  5.070345136762e-06  ,6.420770643951e+01  ,1.030461005751e+00  
  5.079169604421e-06  ,4.869505648324e+01  ,5.011876457542e-01  
  5.083909663796e-06  ,3.873909481082e+01  ,1.896296328788e-01  
  5.086302417755e-06  ,3.337309469231e+01  ,8.427054749545e-03  
  5.088111232460e-06  ,2.918985879165e+01  ,-1.412858432935e-01  
  5.090432460845e-06  ,2.368541346848e+01  ,-3.568148611942e-01  
  5.095074917614e-06  ,1.232875235456e+01  ,-8.980876353957e-01  
  5.098847891629e-06  ,2.894931977469e+00  ,-1.740775032697e+00  
  5.102097089827e-06  ,-5.266749663169e+00  ,-5.408576356880e+00  
  5.104003693402e-06  ,-1.003586795329e+01  ,-1.009411262068e+01  
  5.106473560870e-06  ,-1.615790987667e+01  ,-1.614583412200e+01  
  5.109168808401e-06  ,-2.272638862575e+01  ,-2.258231751461e+01  
  5.112145687878e-06  ,-2.979009554837e+01  ,-1.000377167239e+01  
  5.114262770355e-06  ,-3.465873629841e+01  ,-4.032534171684e+00  
  5.116834710777e-06  ,-4.036519885045e+01  ,-4.396204688536e+00  
  5.120481769979e-06  ,-4.799697096653e+01  ,-4.018140919128e+00  
  5.124215255916e-06  ,-5.515688320525e+01  ,-3.787578792429e+00  
  5.127509902656e-06  ,-6.084863782494e+01  ,-3.568623686572e+00  
  5.129903401673e-06  ,-6.457836036895e+01  ,-3.416880041316e+00  
  5.131092328072e-06  ,-6.629659648036e+01  ,-3.344085771920e+00  
  5.132745053113e-06  ,-6.853098797514e+01  ,-3.243718254993e+00  
  5.135171334684e-06  ,-7.147498171128e+01  ,-3.097469966956e+00  
  5.139868925750e-06  ,-7.598207844707e+01  ,-2.817779722436e+00  
  5.145432274282e-06  ,-7.917773010056e+01  ,-2.489594747879e+00  
  5.153031866491e-06  ,-7.963738019610e+01  ,-2.042709475417e+00  
  5.160568873823e-06  ,-7.563058186147e+01  ,-1.602482871495e+00  
  5.170344035566e-06  ,-6.420935734098e+01  ,-1.030525662008e+00  
  5.179169993341e-06  ,-4.869428095088e+01  ,-5.011650152224e-01  
  5.183910797775e-06  ,-3.873660122014e+01  ,-1.895546670479e-01  
  5.186303179204e-06  ,-3.337135542407e+01  ,-8.370737682999e-03  
  5.188112366438e-06  ,-2.918720526150e+01  ,1.413806081067e-01  
  5.190433594823e-06  ,-2.368269122904e+01  ,3.569263763072e-01  
  5.195076051593e-06  ,-1.232593639493e+01  ,8.982635796852e-01  
  5.198848280549e-06  ,-2.893955154098e+00  ,1.740934511677e+00  
  5.202097478747e-06  ,5.267725005577e+00  ,5.409525595978e+00  
  5.204004082322e-06  ,1.003683769408e+01  ,1.009506992144e+01  
  5.206473577261e-06  ,1.615795022344e+01  ,1.614587366720e+01  
  5.209168079734e-06  ,2.272463273047e+01  ,2.258065431746e+01  
  5.212145331740e-06  ,2.978926484659e+01  ,1.000723375057e+01  
  5.214261669159e-06  ,3.465624188507e+01  ,4.035429966906e+00  
  5.216833237052e-06  ,4.036200097928e+01  ,4.395956780103e+00  
  5.220480296254e-06  ,4.799400771031e+01  ,4.018368148422e+00  
  5.224213782191e-06  ,5.515420034550e+01  ,3.787630732047e+00  
  5.227510664105e-06  ,6.084988022356e+01  ,3.568545348733e+00  
  5.229904908180e-06  ,6.458059509354e+01  ,3.416777725654e+00  
  5.231094020844e-06  ,6.629897749766e+01  ,3.343979094531e+00  
  5.232746745884e-06  ,6.853318280409e+01  ,3.243615720241e+00  
  5.235173772514e-06  ,7.147773364721e+01  ,3.097324324563e+00  
  5.239872853696e-06  ,7.598516712150e+01  ,2.817546623880e+00  
  5.245437692344e-06  ,7.917967629546e+01  ,2.489276245141e+00  
  5.253037284553e-06  ,7.963608399132e+01  ,2.042391859321e+00  
  5.260572801769e-06  ,7.562736336992e+01  ,1.602253767157e+00  
  5.270346473396e-06  ,6.420570246803e+01  ,1.030382579254e+00  
  5.279169450939e-06  ,4.869536253424e+01  ,5.011959552614e-01  
  5.283908765256e-06  ,3.874107064342e+01  ,1.896887987446e-01  
  5.286301519215e-06  ,3.337514707234e+01  ,8.493701340732e-03  
  5.288110333920e-06  ,2.919196136545e+01  ,-1.412111597927e-01  
  5.290431562304e-06  ,2.368757049100e+01  ,-3.567264754131e-01  
  5.295074019074e-06  ,1.233098364917e+01  ,-8.979481455265e-01  
  5.298846993089e-06  ,2.897188774632e+00  ,-1.740466288195e+00  
  5.302096191287e-06  ,-5.264496282878e+00  ,-5.406386444242e+00  
  5.304002794862e-06  ,-1.003362751196e+01  ,-1.009190181272e+01  
  5.306473779917e-06  ,-1.615844905580e+01  ,-1.614636801903e+01  
  5.309170145035e-06  ,-2.272960953153e+01  ,-2.258536884286e+01  
  5.312146279454e-06  ,-2.979147540877e+01  ,-9.997730819579e+00  
  5.314264479518e-06  ,-3.466260778878e+01  ,-4.027791017974e+00  
  5.316837164998e-06  ,-4.037052413244e+01  ,-4.396623115645e+00  
  5.320484224200e-06  ,-4.800190550362e+01  ,-4.017760814420e+00  
  5.324216965079e-06  ,-5.515999452345e+01  ,-3.787541726234e+00  
  5.327508631587e-06  ,-6.084656384125e+01  ,-3.568754228145e+00  
  5.329901385546e-06  ,-6.457536945778e+01  ,-3.417019459613e+00  
  5.331090125680e-06  ,-6.629349836204e+01  ,-3.344225453065e+00  
  5.332742850721e-06  ,-6.852813208890e+01  ,-3.243851606161e+00  
  5.335168014705e-06  ,-7.147123329055e+01  ,-3.097668189405e+00  
  5.339862625539e-06  ,-7.597712196584e+01  ,-2.818153764517e+00  
  5.345423738897e-06  ,-7.917465949430e+01  ,-2.490096319381e+00  
  5.353021840990e-06  ,-7.963977258928e+01  ,-2.043297421018e+00  
  5.360560338438e-06  ,-7.563757163904e+01  ,-1.602980702108e+00  
  5.370338480413e-06  ,-6.421768439756e+01  ,-1.030851726128e+00  
  5.379165928304e-06  ,-4.870238653918e+01  ,-5.014191562425e-01  
  5.383908222854e-06  ,-3.874226333672e+01  ,-1.897370415769e-01  
  5.386305819690e-06  ,-3.336532399763e+01  ,-8.175455401657e-03  
  5.388112212956e-06  ,-2.918756441427e+01  ,1.413607813036e-01  
  5.390433441341e-06  ,-2.368305968108e+01  ,3.569116950306e-01  
  5.395075898111e-06  ,-1.232631753099e+01  ,8.982413693161e-01  
  5.398848127067e-06  ,-2.894340643834e+00  ,1.740882318969e+00  
  5.402097325265e-06  ,5.267340100428e+00  ,5.409151543150e+00  
  5.404003928840e-06  ,1.003645499962e+01  ,1.009469230102e+01  
  5.406473423779e-06  ,1.615757243085e+01  ,1.614550058771e+01  
  5.409168298781e-06  ,2.272516057754e+01  ,2.258115476345e+01  
  5.412145178258e-06  ,2.978890684426e+01  ,1.000736111882e+01  
  5.414261515677e-06  ,3.465589421658e+01  ,4.035324039829e+00  
  5.416833083570e-06  ,4.036166793009e+01  ,4.395983683248e+00  
  5.420480142772e-06  ,4.799369909429e+01  ,4.018375220531e+00  
  5.424213628709e-06  ,5.515392093065e+01  ,3.787642558177e+00  
  5.427510510623e-06  ,6.084962980159e+01  ,3.568555907088e+00  
  5.429904754698e-06  ,6.458036742792e+01  ,3.416787403266e+00  
  5.431093867362e-06  ,6.629876162090e+01  ,3.343988545296e+00  
  5.432746592402e-06  ,6.853298380910e+01  ,3.243625014880e+00  
  5.435173619032e-06  ,7.147756040199e+01  ,3.097333509883e+00  
  5.439872700214e-06  ,7.598504645526e+01  ,2.817555725163e+00  
  5.445437538862e-06  ,7.917962119555e+01  ,2.489285275523e+00  
  5.453037131071e-06  ,7.963612074175e+01  ,2.042400854362e+00  
  5.460572648287e-06  ,7.562748915202e+01  ,1.602262727228e+00  
  5.470346319914e-06  ,6.420593258422e+01  ,1.030391591187e+00  
  5.479169297457e-06  ,4.869566858411e+01  ,5.012054828629e-01  
  5.483909356833e-06  ,3.873976980852e+01  ,1.896491059343e-01  
  5.486302110791e-06  ,3.337379584005e+01  ,8.449781389041e-03  
  5.488110925496e-06  ,2.919057708648e+01  ,-1.412602724359e-01  
  5.490432153881e-06  ,2.368615036387e+01  ,-3.567846732035e-01  
  5.495074610651e-06  ,1.232951462215e+01  ,-8.980399965956e-01  
  5.498847584665e-06  ,2.895702956529e+00  ,-1.740669554380e+00  
  5.502096782863e-06  ,-5.265979852130e+00  ,-5.407828220419e+00  
  5.504003386438e-06  ,-1.003510256296e+01  ,-1.009335735138e+01  
  5.506473626435e-06  ,-1.615807126370e+01  ,-1.614599397368e+01  
  5.509169246495e-06  ,-2.272744431166e+01  ,-2.258331770067e+01  
  5.512145753443e-06  ,-2.979024848051e+01  ,-1.000235854514e+01  
  5.514262835920e-06  ,-3.465888481426e+01  ,-4.031842516463e+00  
  5.516835148871e-06  ,-4.036614946482e+01  ,-4.396287143991e+00  
  5.520481835544e-06  ,-4.799710279758e+01  ,-4.018102265556e+00  
  5.524215321481e-06  ,-5.515700256128e+01  ,-3.787587327831e+00  
  5.527509968221e-06  ,-6.084874480388e+01  ,-3.568626994583e+00  
  5.529903467238e-06  ,-6.457845763000e+01  ,-3.416878019366e+00  
  5.531092393637e-06  ,-6.629668870635e+01  ,-3.344082405300e+00  
  5.532745118678e-06  ,-6.853107298972e+01  ,-3.243714258901e+00  
  5.535171400249e-06  ,-7.147505572971e+01  ,-3.097465909162e+00  
  5.539868991315e-06  ,-7.598213001259e+01  ,-2.817775916536e+00  
  5.545432339847e-06  ,-7.917775366558e+01  ,-2.489590853471e+00  
  5.553031932056e-06  ,-7.963736452425e+01  ,-2.042705663834e+00  
  5.560568939388e-06  ,-7.563052814800e+01  ,-1.602479026496e+00  
  5.570344101131e-06  ,-6.420925904859e+01  ,-1.030521808446e+00  
  5.579168568790e-06  ,-4.869712156269e+01  ,-5.012522283682e-01  
  5.583909373224e-06  ,-3.873973376505e+01  ,-1.896512207185e-01  
  5.586303244770e-06  ,-3.337120566231e+01  ,-8.365875534850e-03  
  5.588111500680e-06  ,-2.918923115318e+01  ,1.413065776770e-01  
  5.590432729065e-06  ,-2.368476957751e+01  ,3.568413377179e-01  
  5.595075185835e-06  ,-1.232808629456e+01  ,8.981296354212e-01  
  5.598847414792e-06  ,-2.896129614730e+00  ,1.740637151215e+00  
  5.602096612990e-06  ,5.265553839984e+00  ,5.407415564039e+00  
  5.604003216565e-06  ,1.003467899703e+01  ,1.009293977526e+01  
  5.606473456562e-06  ,1.615765312444e+01  ,1.614558120838e+01  
  5.609169449151e-06  ,2.272793265470e+01  ,2.258378093063e+01  
  5.612145583570e-06  ,2.978985224698e+01  ,1.000261074117e+01  
  5.614262666047e-06  ,3.465850002287e+01  ,4.031783291555e+00  
  5.616834978998e-06  ,4.036578086015e+01  ,4.396310055729e+00  
  5.620481293142e-06  ,4.799601218912e+01  ,4.018143913251e+00  
  5.624214779079e-06  ,5.515601515436e+01  ,3.787622779883e+00  
  5.627510170877e-06  ,6.084907546443e+01  ,3.568612472906e+00  
  5.629904042423e-06  ,6.457931086296e+01  ,3.416841510185e+00  
  5.631092968822e-06  ,6.629749776776e+01  ,3.344046846331e+00  
  5.632745693862e-06  ,6.853181878706e+01  ,3.243679398173e+00  
  5.635172347963e-06  ,7.147612559864e+01  ,3.097409105626e+00  
  5.639870684087e-06  ,7.598346122890e+01  ,2.817675560797e+00  
  5.645434032619e-06  ,7.917836195540e+01  ,2.489491453525e+00  
  5.653033624828e-06  ,7.963695978848e+01  ,2.042606363232e+00  
  5.660570632160e-06  ,7.562914125270e+01  ,1.602380287460e+00  
  5.670345793903e-06  ,6.420672122353e+01  ,1.030422435670e+00  
  5.679170261562e-06  ,4.869374609675e+01  ,5.011471491188e-01  
  5.683910320938e-06  ,3.873764977938e+01  ,1.895847548434e-01  
  5.686301957309e-06  ,3.337414641276e+01  ,8.461615134197e-03  
  5.688111144543e-06  ,2.919006451715e+01  ,-1.412798263729e-01  
  5.690432372928e-06  ,2.368562452127e+01  ,-3.568061346206e-01  
  5.695074829698e-06  ,1.232897067404e+01  ,-8.980736850938e-01  
  5.698847803712e-06  ,2.895152791891e+00  ,-1.740744714025e+00  
  5.702097001910e-06  ,-5.266529183354e+00  ,-5.408362084565e+00  
  5.704003605485e-06  ,-1.003564873965e+01  ,-1.009389630665e+01  
  5.706473845482e-06  ,-1.615861044259e+01  ,-1.614652645459e+01  
  5.709168720484e-06  ,-2.272617676989e+01  ,-2.258211698243e+01  
  5.712145599961e-06  ,-2.978989048008e+01  ,-1.000439722029e+01  
  5.714262309909e-06  ,-3.465769330788e+01  ,-4.033484028647e+00  
  5.716834250331e-06  ,-4.036419972709e+01  ,-4.396134580257e+00  
  5.720481309533e-06  ,-4.799604514728e+01  ,-4.018209611228e+00  
  5.724214795470e-06  ,-5.515604499382e+01  ,-3.787595787425e+00  
  5.727510187268e-06  ,-6.084910220892e+01  ,-3.568596675440e+00  
  5.729904058814e-06  ,-6.457933517758e+01  ,-3.416836531665e+00  
  5.731092985213e-06  ,-6.629752082360e+01  ,-3.344044589142e+00  
  5.732745710254e-06  ,-6.853184004002e+01  ,-3.243678457099e+00  
  5.735172364354e-06  ,-7.147614410210e+01  ,-3.097408376770e+00  
  5.739870700479e-06  ,-7.598347411815e+01  ,-2.817674436061e+00  
  5.745434794068e-06  ,-7.917863550571e+01  ,-2.489446602691e+00  
  5.753034386277e-06  ,-7.963677765519e+01  ,-2.042561774090e+00  
  5.760571393609e-06  ,-7.562851732424e+01  ,-1.602335812371e+00  
  5.770345065236e-06  ,-6.420781367225e+01  ,-1.030465207633e+00  
  5.779169532895e-06  ,-4.869519910910e+01  ,-5.011920858416e-01  
  5.783909592271e-06  ,-3.873925209217e+01  ,-1.896345656971e-01  
  5.786302346230e-06  ,-3.337325806682e+01  ,-8.432495728300e-03  
  5.788111160934e-06  ,-2.919002616157e+01  ,1.412798550472e-01  
  5.790432389319e-06  ,-2.368558517246e+01  ,3.568078270226e-01  
  5.795074846089e-06  ,-1.232892997041e+01  ,8.980765402341e-01  
  5.798847820103e-06  ,-2.895111623103e+00  ,1.740750455897e+00  
  5.802097018301e-06  ,5.266570289763e+00  ,5.408402034223e+00  
  5.804003621876e-06  ,1.003568960999e+01  ,1.009393663642e+01  
  5.806473861873e-06  ,1.615865078928e+01  ,1.614656629946e+01  
  5.809168736875e-06  ,2.272621626845e+01  ,2.258215429908e+01  
  5.812145616353e-06  ,2.978992871316e+01  ,1.000427814143e+01  
  5.814262326300e-06  ,3.465773043712e+01  ,4.033439009620e+00  
  5.816834266722e-06  ,4.036423529473e+01  ,4.396138408417e+00  
  5.820481325924e-06  ,4.799607810541e+01  ,4.018206745050e+00  
  5.824214811862e-06  ,5.515607483326e+01  ,3.787595345360e+00  
  5.827510203660e-06  ,6.084912895340e+01  ,3.568596014187e+00  
  5.829904075205e-06  ,6.457935949218e+01  ,3.416835622768e+00  
  5.831093001604e-06  ,6.629754387942e+01  ,3.344043618747e+00  
  5.832745726645e-06  ,6.853186129297e+01  ,3.243677462173e+00  
  5.835172380745e-06  ,7.147616260555e+01  ,3.097407387273e+00  
  5.839870716870e-06  ,7.598348700737e+01  ,2.817673468573e+00  
  5.845434810460e-06  ,7.917864139377e+01  ,2.489445635835e+00  
  5.853034402668e-06  ,7.963677373402e+01  ,2.042560815166e+00  
  5.860571410000e-06  ,7.562850389282e+01  ,1.602334854365e+00  
  5.870345081627e-06  ,6.420778909811e+01  ,1.030464244943e+00  
  5.879169549286e-06  ,4.869516642403e+01  ,5.011910683319e-01  
  5.883909608662e-06  ,3.873921604854e+01  ,1.896334352603e-01  
  5.886302362621e-06  ,3.337322062684e+01  ,8.431248840449e-03  
  5.888111177325e-06  ,2.918998780598e+01  ,-1.412812273493e-01  
  5.890432405710e-06  ,2.368554582365e+01  ,-3.568094390140e-01  
  5.895074862480e-06  ,1.232888926679e+01  ,-8.980790828643e-01  
  5.898847836494e-06  ,2.895070454316e+00  ,-1.740756088029e+00  
  5.902097034693e-06  ,-5.266611396167e+00  ,-5.408441983136e+00  
  5.904003638268e-06  ,-1.003573048033e+01  ,-1.009397696615e+01  
  5.906473878264e-06  ,-1.615869113596e+01  ,-1.614660614454e+01  
  5.909168753266e-06  ,-2.272625576701e+01  ,-2.258219161793e+01  
  5.912145632744e-06  ,-2.978996694624e+01  ,-1.000415919142e+01  
  5.914262342691e-06  ,-3.465776756635e+01  ,-4.033394030695e+00  
  5.916834283113e-06  ,-4.036427086236e+01  ,-4.396142231546e+00  
  5.920481342316e-06  ,-4.799611106354e+01  ,-4.018203880161e+00  
  5.924214828253e-06  ,-5.515610467268e+01  ,-3.787594902547e+00  
  5.927510220051e-06  ,-6.084915569786e+01  ,-3.568595352462e+00  
  5.929904091597e-06  ,-6.457938380677e+01  ,-3.416834713659e+00  
  5.931093017995e-06  ,-6.629756693522e+01  ,-3.344042648212e+00  
  5.932745743036e-06  ,-6.853188254590e+01  ,-3.243676467149e+00  
  5.935172397137e-06  ,-7.147618110898e+01  ,-3.097406397695e+00  
  5.939870733261e-06  ,-7.598349989658e+01  ,-2.817672501023e+00  
  5.945434826851e-06  ,-7.917864728181e+01  ,-2.489444668945e+00  
  5.953034419060e-06  ,-7.963676981282e+01  ,-2.042559856222e+00  
  5.960571426392e-06  ,-7.562849046138e+01  ,-1.602333896349e+00  
  5.970345098019e-06  ,-6.420776452395e+01  ,-1.030463282249e+00  
  5.979169565678e-06  ,-4.869513373895e+01  ,-5.011900508205e-01  
  5.983909625053e-06  ,-3.873918000491e+01  ,-1.896323048220e-01  
  5.986302379012e-06  ,-3.337318318686e+01  ,-8.430001950910e-03  
  5.988111193717e-06  ,-2.918994945038e+01  ,1.412825996531e-01  
  5.990432422101e-06  ,-2.368550647482e+01  ,3.568110510088e-01  
  5.995074878871e-06  ,-1.232884856316e+01  ,8.980816254998e-01  
  5.998847852886e-06  ,-2.895029285529e+00  ,1.740761720192e+00  
  6.002097051084e-06  ,5.266652502571e+00  ,5.408481932064e+00  
  6.004003654659e-06  ,1.003577135067e+01  ,1.009401729587e+01  
  6.006473894656e-06  ,1.615873148264e+01  ,1.614664598962e+01  
  6.009168769658e-06  ,2.272629526556e+01  ,2.258222893671e+01  
  6.012145649135e-06  ,2.979000517931e+01  ,1.000404024129e+01  
  6.014262359083e-06  ,3.465780469556e+01  ,4.033349051901e+00  
  6.016834299505e-06  ,4.036430642998e+01  ,4.396146054687e+00  
  6.020481358707e-06  ,4.799614402165e+01  ,4.018201015269e+00  
  6.024214844644e-06  ,5.515613451209e+01  ,3.787594459746e+00  
  6.027510236442e-06  ,6.084918244231e+01  ,3.568594690742e+00  
  6.029904107988e-06  ,6.457940812134e+01  ,3.416833804552e+00  
  6.031093034387e-06  ,6.629758999100e+01  ,3.344041677677e+00  
  6.032745759428e-06  ,6.853190379881e+01  ,3.243675472125e+00  
  6.035172413528e-06  ,7.147619961238e+01  ,3.097405408120e+00  
  6.039870749652e-06  ,7.598351278577e+01  ,2.817671533474e+00  
  6.045434843242e-06  ,7.917865316982e+01  ,2.489443702055e+00  
  6.053034435451e-06  ,7.963676589160e+01  ,2.042558897276e+00  
  6.060571442783e-06  ,7.562847702992e+01  ,1.602332938333e+00  
  6.070345114410e-06  ,6.420773994978e+01  ,1.030462319555e+00  
  6.079169582069e-06  ,4.869510105386e+01  ,5.011890333092e-01  
  6.083909641445e-06  ,3.873914396127e+01  ,1.896311743833e-01  
  6.086302395403e-06  ,3.337314574687e+01  ,8.428755060809e-03  
  6.088111210108e-06  ,2.918991109478e+01  ,-1.412839719581e-01  
  6.090432438493e-06  ,2.368546712600e+01  ,-3.568126630056e-01  
  6.095074895263e-06  ,1.232880785953e+01  ,-8.980841681415e-01  
  6.098847869277e-06  ,2.894988116741e+00  ,-1.740767352383e+00  
  6.102097067475e-06  ,-5.266693608972e+00  ,-5.408521881007e+00  
  6.104003671050e-06  ,-1.003581222101e+01  ,-1.009405762559e+01  
  6.106473911047e-06  ,-1.615877182932e+01  ,-1.614668583470e+01  
  6.109168786049e-06  ,-2.272633476410e+01  ,-2.258226625541e+01  
  6.112145665526e-06  ,-2.979004341238e+01  ,-1.000392129101e+01  
  6.114262375474e-06  ,-3.465784182477e+01  ,-4.033304073237e+00  
  6.116834688425e-06  ,-4.036515034950e+01  ,-4.396156005430e+00  
  6.120481375098e-06  ,-4.799617697975e+01  ,-4.018190135828e+00  
  6.124214861035e-06  ,-5.515616435148e+01  ,-3.787596825396e+00  
  6.127510252833e-06  ,-6.084920918674e+01  ,-3.568595719579e+00  
  6.129904124379e-06  ,-6.457943243589e+01  ,-3.416833358435e+00  
  6.131093050778e-06  ,-6.629761304677e+01  ,-3.344040852741e+00  
  6.132745775819e-06  ,-6.853192505170e+01  ,-3.243674467893e+00  
  6.135172429919e-06  ,-7.147621811577e+01  ,-3.097404384891e+00  
  6.139870766044e-06  ,-7.598352567494e+01  ,-2.817670580944e+00  
  6.145434859633e-06  ,-7.917865905782e+01  ,-2.489442725168e+00  
  6.153034451842e-06  ,-7.963676197036e+01  ,-2.042557944115e+00  
  6.160571459174e-06  ,-7.562846359844e+01  ,-1.602331975971e+00  
  6.170345130801e-06  ,-6.420771537559e+01  ,-1.030461355822e+00  
  6.179169598460e-06  ,-4.869506836875e+01  ,-5.011880157589e-01  
  6.183909657836e-06  ,-3.873910791762e+01  ,-1.896300439480e-01  
  6.186302411795e-06  ,-3.337310830687e+01  ,-8.427508165134e-03  
  6.188111226499e-06  ,-2.918987273916e+01  ,1.412853442723e-01  
  6.190432454884e-06  ,-2.368542777716e+01  ,3.568142750129e-01  
  6.195074911654e-06  ,-1.232876715589e+01  ,8.980867107935e-01  
  6.198847885668e-06  ,-2.894946947949e+00  ,1.740772984608e+00  
  6.202097083867e-06  ,5.266734715375e+00  ,5.408561829971e+00  
  6.204003687441e-06  ,1.003585309134e+01  ,1.009409795532e+01  
  6.206473554909e-06  ,1.615789520511e+01  ,1.614581963283e+01  
  6.209168802440e-06  ,2.272637426264e+01  ,2.258230394421e+01  
  6.212145681918e-06  ,2.979008164543e+01  ,1.000381492722e+01  
  6.214262764394e-06  ,3.465872279695e+01  ,4.032550525094e+00  
  6.216834704816e-06  ,4.036518591685e+01  ,4.396203298384e+00  
  6.220481764019e-06  ,4.799695898187e+01  ,4.018141960884e+00  
  6.224215249956e-06  ,5.515687235468e+01  ,3.787578953388e+00  
  6.227509896696e-06  ,6.084862809956e+01  ,3.568623927192e+00  
  6.229903395712e-06  ,6.457835152701e+01  ,3.416880371901e+00  
  6.231092322111e-06  ,6.629658809615e+01  ,3.344086124844e+00  
  6.232745047152e-06  ,6.853098024652e+01  ,3.243718616823e+00  
  6.235171328723e-06  ,7.147497498231e+01  ,3.097470326804e+00  
  6.239868919790e-06  ,7.598207375928e+01  ,2.817780074273e+00  
  6.245432268322e-06  ,7.917772795826e+01  ,2.489595099477e+00  
  6.253031860530e-06  ,7.963738162080e+01  ,2.042709824125e+00  
  6.260568867862e-06  ,7.563058674450e+01  ,1.602483219865e+00  
  6.270344029605e-06  ,6.420936627665e+01  ,1.030526012078e+00  
  6.279169987380e-06  ,4.869429283650e+01  ,5.011653852267e-01  
  6.283910791814e-06  ,3.873661432720e+01  ,1.895550781276e-01  
  6.286303173244e-06  ,3.337136903878e+01  ,8.371191111799e-03  
  6.288112360477e-06  ,2.918721920921e+01  ,-1.413801090548e-01  
  6.290433588862e-06  ,2.368270553788e+01  ,-3.569257900736e-01  
  6.295076045632e-06  ,1.232595119635e+01  ,-8.982626549315e-01  
  6.298848274589e-06  ,2.893970124588e+00  ,-1.740932463286e+00  
  6.302097472787e-06  ,-5.267710057794e+00  ,-5.409511068938e+00  
  6.304004076362e-06  ,-1.003682283215e+01  ,-1.009505525608e+01  
  6.306473571300e-06  ,-1.615793555188e+01  ,-1.614585917803e+01  
  6.309168073773e-06  ,-2.272461836726e+01  ,-2.258064074580e+01  
  6.312145325780e-06  ,-2.978925094359e+01  ,-1.000727700132e+01  
  6.314261663198e-06  ,-3.465622838338e+01  ,-4.035446325639e+00  
  6.316833231091e-06  ,-4.036198804534e+01  ,-4.395955391171e+00  
  6.320480290294e-06  ,-4.799399572524e+01  ,-4.018369189785e+00  
  6.324213776231e-06  ,-5.515418949445e+01  ,-3.787630893393e+00  
  6.327510658145e-06  ,-6.084987049845e+01  ,-3.568545589479e+00  
  6.329904902220e-06  ,-6.458058625218e+01  ,-3.416778056263e+00  
  6.331094014883e-06  ,-6.629896911412e+01  ,-3.343979447457e+00  
  6.332746739924e-06  ,-6.853317507616e+01  ,-3.243616082063e+00  
  6.335173766553e-06  ,-7.147772691926e+01  ,-3.097324684405e+00  
  6.339872847736e-06  ,-7.598516243546e+01  ,-2.817546975717e+00  
  6.345437686384e-06  ,-7.917967415569e+01  ,-2.489276596737e+00  
  6.353037278593e-06  ,-7.963608541856e+01  ,-2.042392208028e+00  
  6.360572795808e-06  ,-7.562736825470e+01  ,-1.602254115526e+00  
  6.370346467435e-06  ,-6.420571140462e+01  ,-1.030382929327e+00  
  6.379169444978e-06  ,-4.869537441971e+01  ,-5.011963252667e-01  
  6.383908759296e-06  ,-3.874108375002e+01  ,-1.896892098061e-01  
  6.386301513255e-06  ,-3.337516068672e+01  ,-8.494154740722e-03  
  6.388110327959e-06  ,-2.919197531281e+01  ,1.412106607955e-01  
  6.390431556344e-06  ,-2.368758479956e+01  ,3.567258892711e-01  
  6.395074013114e-06  ,-1.233099845044e+01  ,8.979472210456e-01  
  6.398846987128e-06  ,-2.897203745100e+00  ,1.740464240690e+00  
  6.402096185327e-06  ,5.264481335055e+00  ,5.406371917639e+00  
  6.404002788901e-06  ,1.003361264996e+01  ,1.009188714734e+01  
  6.406473773956e-06  ,1.615843438425e+01  ,1.614635352989e+01  
  6.409170139074e-06  ,2.272959516860e+01  ,2.258535527476e+01  
  6.412146273494e-06  ,2.979146150594e+01  ,9.997774081922e+00  
  6.414264473557e-06  ,3.466259428767e+01  ,4.027807363430e+00  
  6.416837159038e-06  ,4.037051119943e+01  ,4.396621723005e+00  
  6.420484218240e-06  ,4.800189351965e+01  ,4.017761856971e+00  
  6.424216959119e-06  ,5.515998367344e+01  ,3.787541886563e+00  
  6.427508625627e-06  ,6.084655411542e+01  ,3.568754468523e+00  
  6.429901379585e-06  ,6.457536061508e+01  ,3.417019790149e+00  
  6.431090119719e-06  ,6.629348997698e+01  ,3.344225805981e+00  
  6.432742844760e-06  ,6.852812435939e+01  ,3.243851968000e+00  
  6.435168008745e-06  ,7.147122656018e+01  ,3.097668549261e+00  
  6.439862619579e-06  ,7.597711727523e+01  ,2.818154116358e+00  
  6.445423732936e-06  ,7.917465734803e+01  ,2.490096670981e+00  
  6.453021835029e-06  ,7.963977400928e+01  ,2.043297769728e+00  
  6.460558842361e-06  ,7.563879624241e+01  ,1.603068136031e+00  
  6.470336984336e-06  ,6.421992665040e+01  ,1.030939605204e+00  
  6.479164432228e-06  ,4.870536948097e+01  ,5.015120184688e-01  
  6.483906726778e-06  ,3.874555301488e+01  ,1.898402079275e-01  
  6.486305813730e-06  ,3.336533761286e+01  ,8.176662731913e-03  
  6.488111275673e-06  ,2.918975767227e+01  ,-1.412806386573e-01  
  6.490432131529e-06  ,2.368620402123e+01  ,-3.567835210665e-01  
  6.495073843241e-06  ,1.233142028612e+01  ,-8.979357508979e-01  
  6.498846817255e-06  ,2.897630403008e+00  ,-1.740417240117e+00  
  6.502096015453e-06  ,-5.264055322384e+00  ,-5.405958062780e+00  
  6.504002619028e-06  ,-1.003318908303e+01  ,-1.009146922861e+01  
  6.506473604083e-06  ,-1.615801624539e+01  ,-1.614594062207e+01  
  6.509170714259e-06  ,-2.273098118714e+01  ,-2.258666788531e+01  
  6.512146103621e-06  ,-2.979106527501e+01  ,-9.997028765292e+00  
  6.514264303684e-06  ,-3.466220950579e+01  ,-4.027217517469e+00  
  6.516836989164e-06  ,-4.037014260837e+01  ,-4.396707845940e+00  
  6.520483303308e-06  ,-4.800005396212e+01  ,-4.017815243238e+00  
  6.524216789246e-06  ,-5.515967444748e+01  ,-3.787559482032e+00  
  6.527509200811e-06  ,-6.084749264781e+01  ,-3.568719090789e+00  
  6.529902327299e-06  ,-6.457676657491e+01  ,-3.416960890293e+00  
  6.531091067433e-06  ,-6.629482317136e+01  ,-3.344167615374e+00  
  6.532743792474e-06  ,-6.852935331991e+01  ,-3.243794509299e+00  
  6.535169328988e-06  ,-7.147271727359e+01  ,-3.097589378480e+00  
  6.539865429938e-06  ,-7.597932860061e+01  ,-2.817987438070e+00  
  6.545427288353e-06  ,-7.917593710338e+01  ,-2.489887727070e+00  
  6.553025390446e-06  ,-7.963892648306e+01  ,-2.043089304552e+00  
  6.560562397778e-06  ,-7.563588570654e+01  ,-1.602860675252e+00  
  6.570339049637e-06  ,-6.421683123224e+01  ,-1.030818359120e+00  
  6.579166497529e-06  ,-4.870125156695e+01  ,-5.013835265671e-01  
  6.583908792078e-06  ,-3.874101166381e+01  ,-1.896973390809e-01  
  6.586305643857e-06  ,-3.336572564604e+01  ,-8.188359685553e-03  
  6.588112409651e-06  ,-2.918710414071e+01  ,1.413781293208e-01  
  6.590433638036e-06  ,-2.368258749003e+01  ,3.569309933183e-01  
  6.595076094806e-06  ,-1.232582908474e+01  ,8.982716878451e-01  
  6.598848323762e-06  ,-2.893846618157e+00  ,1.740949847585e+00  
  6.602097521961e-06  ,5.267833376892e+00  ,5.409630934801e+00  
  6.604004125535e-06  ,1.003694544294e+01  ,1.009517625859e+01  
  6.606473620474e-06  ,1.615805659214e+01  ,1.614597873139e+01  
  6.609167750418e-06  ,2.272383916242e+01  ,2.257990298519e+01  
  6.612145374954e-06  ,2.978936564323e+01  ,1.000791856203e+01  
  6.614261339843e-06  ,3.465549591577e+01  ,4.036555172789e+00  
  6.616832907736e-06  ,4.036128637742e+01  ,4.395853698544e+00  
  6.620479966938e-06  ,4.799334553281e+01  ,4.018433932133e+00  
  6.624213452876e-06  ,5.515360082274e+01  ,3.787636409212e+00  
  6.627511079848e-06  ,6.085055854391e+01  ,3.568508618666e+00  
  6.629905323923e-06  ,6.458121177248e+01  ,3.416749154427e+00  
  6.631094436586e-06  ,6.629956224347e+01  ,3.343952739696e+00  
  6.632747161627e-06  ,6.853372182134e+01  ,3.243590579315e+00  
  6.635174188256e-06  ,7.147820291472e+01  ,3.097299617540e+00  
  6.639874014497e-06  ,7.598607967594e+01  ,2.817477624017e+00  
  6.645438853145e-06  ,7.918009296237e+01  ,2.489208188349e+00  
  6.653038445353e-06  ,7.963580598397e+01  ,2.042323689123e+00  
  6.660573962569e-06  ,7.562641200952e+01  ,1.602186105957e+00  
  6.670346144080e-06  ,6.420619621065e+01  ,1.030401932884e+00  
  6.679169121623e-06  ,4.869601920297e+01  ,5.012161024967e-01  
  6.683908435941e-06  ,3.874179478000e+01  ,1.897110667112e-01  
  6.686301562428e-06  ,3.337504836812e+01  ,8.490508262687e-03  
  6.688110190868e-06  ,2.919229610144e+01  ,-1.411987631549e-01  
  6.690431419253e-06  ,2.368791389585e+01  ,-3.567124389620e-01  
  6.695073876023e-06  ,1.233133887926e+01  ,-8.979260601599e-01  
  6.698846850038e-06  ,2.897548065530e+00  ,-1.740417185478e+00  
  6.702096048236e-06  ,-5.264137535360e+00  ,-5.406037806887e+00  
  6.704002651811e-06  ,-1.003327082403e+01  ,-1.009154984404e+01  
  6.706473636866e-06  ,-1.615809693889e+01  ,-1.614602027974e+01  
  6.709170747042e-06  ,-2.273106018279e+01  ,-2.258674236660e+01  
  6.712146136403e-06  ,-2.979114174068e+01  ,-9.996783296210e+00  
  6.714264336467e-06  ,-3.466228376202e+01  ,-4.027125281338e+00  
  6.716837021947e-06  ,-4.037021374006e+01  ,-4.396715790328e+00  
  6.720483336091e-06  ,-4.800011987529e+01  ,-4.017809426518e+00  
  6.724216822028e-06  ,-5.515973412278e+01  ,-3.787558638403e+00  
  6.727509233594e-06  ,-6.084754613869e+01  ,-3.568717791036e+00  
  6.729902360082e-06  ,-6.457681520771e+01  ,-3.416959080009e+00  
  6.731091100216e-06  ,-6.629486928709e+01  ,-3.344165678278e+00  
  6.732743825257e-06  ,-6.852939583003e+01  ,-3.243792521185e+00  
  6.735169361770e-06  ,-7.147275428748e+01  ,-3.097587400674e+00  
  6.739865462720e-06  ,-7.597935439200e+01  ,-2.817985504373e+00  
  6.745427321136e-06  ,-7.917594889871e+01  ,-2.489885793958e+00  
  6.753025423229e-06  ,-7.963891866386e+01  ,-2.043087387139e+00  
  6.760562430561e-06  ,-7.563585886569e+01  ,-1.602858759383e+00  
  6.770339082420e-06  ,-6.421678209644e+01  ,-1.030816433832e+00  
  6.779166530311e-06  ,-4.870118620159e+01  ,-5.013814916687e-01  
  6.783908824861e-06  ,-3.874093957756e+01  ,-1.896950783046e-01  
  6.786305304110e-06  ,-3.336650170956e+01  ,-8.214018792254e-03  
  6.788112069905e-06  ,-2.918789915800e+01  ,1.413501745128e-01  
  6.790433298290e-06  ,-2.368340309221e+01  ,3.568975556839e-01  
  6.795075755060e-06  ,-1.232667276435e+01  ,8.982188677533e-01  
  6.798847984016e-06  ,-2.894699935195e+00  ,1.740833055312e+00  
  6.802097182214e-06  ,5.266981353753e+00  ,5.408802896726e+00  
  6.804003785789e-06  ,1.003609831329e+01  ,1.009434033392e+01  
  6.806473653257e-06  ,1.615813728563e+01  ,1.614605889792e+01  
  6.809168528259e-06  ,2.272571355902e+01  ,2.258167848369e+01  
  6.812145407736e-06  ,2.978944210961e+01  ,1.000575338707e+01  
  6.814262117684e-06  ,3.465725788250e+01  ,4.033999408787e+00  
  6.816834058106e-06  ,4.036378261482e+01  ,4.396091170941e+00  
  6.820481117308e-06  ,4.799565863722e+01  ,4.018242741709e+00  
  6.824214603245e-06  ,5.515569505746e+01  ,3.787601146929e+00  
  6.827510367572e-06  ,6.084939639730e+01  ,3.568580435056e+00  
  6.829904239118e-06  ,6.457960263726e+01  ,3.416824045989e+00  
  6.831093165517e-06  ,6.629777443664e+01  ,3.344033128838e+00  
  6.832745890558e-06  ,6.853207382142e+01  ,3.243667555479e+00  
  6.835172544658e-06  ,7.147634763896e+01  ,3.097397669275e+00  
  6.839870880783e-06  ,7.598361589854e+01  ,2.817663713268e+00  
  6.845434974372e-06  ,7.917870027321e+01  ,2.489436019673e+00  
  6.853034566581e-06  ,7.963673452107e+01  ,2.042551195006e+00  
  6.860571573913e-06  ,7.562836957751e+01  ,1.602325297165e+00  
  6.870345245540e-06  ,6.420754335577e+01  ,1.030454623484e+00  
  6.879169713199e-06  ,4.869483957265e+01  ,5.011808934100e-01  
  6.883909772575e-06  ,3.873885561177e+01  ,1.896221308318e-01  
  6.886302154005e-06  ,3.337369713499e+01  ,8.446932021584e-03  
  6.888110968709e-06  ,2.919047596749e+01  ,-1.412642524125e-01  
  6.890432197094e-06  ,2.368604662632e+01  ,-3.567889001742e-01  
  6.895074653864e-06  ,1.232940731272e+01  ,-8.980466124707e-01  
  6.898847627878e-06  ,2.895594420679e+00  ,-1.740684369869e+00  
  6.902096826076e-06  ,-5.266088223596e+00  ,-5.407933543586e+00  
  6.904003429651e-06  ,-1.003521031212e+01  ,-1.009346367901e+01  
  6.906473669648e-06  ,-1.615817763237e+01  ,-1.614609902537e+01  
  6.909169289708e-06  ,-2.272754844369e+01  ,-2.258341611418e+01  
  6.912145796657e-06  ,-2.979034927660e+01  ,-1.000204686708e+01  
  6.914262879133e-06  ,-3.465898269962e+01  ,-4.031724556171e+00  
  6.916835192084e-06  ,-4.036624323248e+01  ,-4.396297158389e+00  
  6.920481878757e-06  ,-4.799718968610e+01  ,-4.018094731629e+00  
  6.924215364695e-06  ,-5.515708122761e+01  ,-3.787586152171e+00  
  6.927510011435e-06  ,-6.084881531257e+01  ,-3.568625244721e+00  
  6.929903510451e-06  ,-6.457852173372e+01  ,-3.416875620599e+00  
  6.931092436850e-06  ,-6.629674949149e+01  ,-3.344079845453e+00  
  6.932745161891e-06  ,-6.853112902190e+01  ,-3.243711634971e+00  
  6.935171443462e-06  ,-7.147510451441e+01  ,-3.097463299771e+00  
  6.939869034529e-06  ,-7.598216399877e+01  ,-2.817773365264e+00  
  6.945432383060e-06  ,-7.917776919689e+01  ,-2.489588304155e+00  
  6.953031975269e-06  ,-7.963735419489e+01  ,-2.042703135549e+00  
  6.960568982601e-06  ,-7.563049274576e+01  ,-1.602476500756e+00  
  6.970344144344e-06  ,-6.420919426484e+01  ,-1.030519270419e+00  
  6.979168612003e-06  ,-4.869703539496e+01  ,-5.012495458644e-01  
  6.983909416437e-06  ,-3.873963874131e+01  ,-1.896482404960e-01  
  6.986303287983e-06  ,-3.337110695564e+01  ,-8.362588169336e-03  
  6.988111543894e-06  ,-2.918913003347e+01  ,1.413101956276e-01  
  6.990432772279e-06  ,-2.368466583938e+01  ,3.568455876337e-01  
  6.995075229049e-06  ,-1.232797898484e+01  ,8.981363390634e-01  
  6.998847458005e-06  ,-2.896021078900e+00  ,1.740651998067e+00  
  7.002096656203e-06  ,5.265662211488e+00  ,5.407520882875e+00  
  7.004003259778e-06  ,1.003478674626e+01  ,1.009304609910e+01  
  7.006473499775e-06  ,1.615775949322e+01  ,1.614568625480e+01  
  7.009169492364e-06  ,2.272803678654e+01  ,2.258387930768e+01  
  7.012145626783e-06  ,2.978995304329e+01  ,1.000229710486e+01  
  7.014263081789e-06  ,3.465944174741e+01  ,4.030952267471e+00  
  7.016835022211e-06  ,4.036587462810e+01  ,4.396363975000e+00  
  7.020482081413e-06  ,4.799759716220e+01  ,4.018059296776e+00  
  7.024215567350e-06  ,5.515745014429e+01  ,3.787581051656e+00  
  7.027509841561e-06  ,6.084853813977e+01  ,3.568641277964e+00  
  7.029903340578e-06  ,6.457826973907e+01  ,3.416887584666e+00  
  7.031092266977e-06  ,6.629651054224e+01  ,3.344090714840e+00  
  7.032744992018e-06  ,6.853090875672e+01  ,3.243721916898e+00  
  7.035171273589e-06  ,7.147491273927e+01  ,3.097473388197e+00  
  7.039868119597e-06  ,7.598144439924e+01  ,2.817827763852e+00  
  7.045431468129e-06  ,7.917744033039e+01  ,2.489641926443e+00  
  7.053029570222e-06  ,7.963792885406e+01  ,2.042844334745e+00  
  7.060566577554e-06  ,7.563246285137e+01  ,1.602616710097e+00  
  7.070341739297e-06  ,6.421279963665e+01  ,1.030660439789e+00  
  7.079167697072e-06  ,4.869885975509e+01  ,5.013075559245e-01  
  7.083908501506e-06  ,3.874165060835e+01  ,1.897130319687e-01  
  7.086303863168e-06  ,3.336979312968e+01  ,8.320202242743e-03  
  7.088111374021e-06  ,2.918952753829e+01  ,-1.412941177831e-01  
  7.090432602406e-06  ,2.368507363736e+01  ,-3.568289900468e-01  
  7.095075059175e-06  ,1.232840082302e+01  ,-8.981104129961e-01  
  7.098847288132e-06  ,2.896447737032e+00  ,-1.740593782839e+00  
  7.102096486330e-06  ,-5.265236199237e+00  ,-5.407106879649e+00  
  7.104003089905e-06  ,-1.003436318013e+01  ,-1.009262814306e+01  
  7.106473329902e-06  ,-1.615734135362e+01  ,-1.614527332249e+01  
  7.109169695020e-06  ,-2.272852512847e+01  ,-2.258434230850e+01  
  7.112145829439e-06  ,-2.979042574258e+01  ,-1.000089897639e+01  
  7.114263284445e-06  ,-3.465990079380e+01  ,-4.030419069349e+00  
  7.116835597396e-06  ,-4.036712270494e+01  ,-4.396414900057e+00  
  7.120482284069e-06  ,-4.799800463635e+01  ,-4.018016685361e+00  
  7.124215770006e-06  ,-5.515781905873e+01  ,-3.787578097948e+00  
  7.127510044217e-06  ,-6.084886880186e+01  ,-3.568634626866e+00  
  7.129903543234e-06  ,-6.457857036405e+01  ,-3.416876773963e+00  
  7.131092283368e-06  ,-6.629653359883e+01  ,-3.344090311345e+00  
  7.132745008409e-06  ,-6.853093001047e+01  ,-3.243720951967e+00  
  7.135171289980e-06  ,-7.147493124398e+01  ,-3.097472308787e+00  
  7.139868881047e-06  ,-7.598204328858e+01  ,-2.817782565861e+00  
  7.145431484520e-06  ,-7.917744622272e+01  ,-2.489641240982e+00  
  7.153031076729e-06  ,-7.963756894417e+01  ,-2.042755739068e+00  
  7.160568084061e-06  ,-7.563122883946e+01  ,-1.602528988948e+00  
  7.170343245804e-06  ,-6.421054129608e+01  ,-1.030572036418e+00  
  7.179169203579e-06  ,-4.869585577912e+01  ,-5.012140403338e-01  
  7.183910008013e-06  ,-3.873833789166e+01  ,-1.896091346135e-01  
  7.186303507030e-06  ,-3.337060661388e+01  ,-8.346358224178e-03  
  7.188112135470e-06  ,-2.918774573387e+01  ,1.413599730812e-01  
  7.190433363855e-06  ,-2.368324569551e+01  ,3.569037401527e-01  
  7.195075820625e-06  ,-1.232650994910e+01  ,8.982280473231e-01  
  7.198848049581e-06  ,-2.894535260006e+00  ,1.740855243817e+00  
  7.202097247779e-06  ,5.267145779314e+00  ,5.408962676960e+00  
  7.204003851354e-06  ,1.003626179453e+01  ,1.009450164004e+01  
  7.206473346293e-06  ,1.615738170044e+01  ,1.614531221298e+01  
  7.209168221295e-06  ,2.272497385623e+01  ,2.258097824100e+01  
  7.212145473301e-06  ,2.978959504229e+01  ,1.000627644467e+01  
  7.214261810720e-06  ,3.465656254944e+01  ,4.035063352039e+00  
  7.216833751142e-06  ,4.036311652554e+01  ,4.395993202949e+00  
  7.220480810344e-06  ,4.799504141601e+01  ,4.018304662203e+00  
  7.224214296281e-06  ,5.515513624022e+01  ,3.787606205623e+00  
  7.227510433137e-06  ,6.084950337441e+01  ,3.568566891779e+00  
  7.229904304683e-06  ,6.457969989481e+01  ,3.416817404037e+00  
  7.231093231082e-06  ,6.629786665904e+01  ,3.344028297550e+00  
  7.232746142387e-06  ,6.853240033888e+01  ,3.243652314514e+00  
  7.235172796488e-06  ,7.147663191388e+01  ,3.097382724770e+00  
  7.239871132612e-06  ,7.598381391833e+01  ,2.817648731923e+00  
  7.245435226202e-06  ,7.917879072936e+01  ,2.489421238707e+00  
  7.253034818411e-06  ,7.963667427162e+01  ,2.042536417505e+00  
  7.260571825743e-06  ,7.562816321644e+01  ,1.602310610989e+00  
  7.270345497370e-06  ,6.420716580285e+01  ,1.030439840686e+00  
  7.279169965029e-06  ,4.869433740753e+01  ,5.011652609190e-01  
  7.283910024405e-06  ,3.873830184778e+01  ,1.896047629934e-01  
  7.286302405834e-06  ,3.337312192142e+01  ,8.427775332332e-03  
  7.288111593068e-06  ,2.918901496613e+01  ,-1.413164078819e-01  
  7.290432821453e-06  ,2.368454779247e+01  ,-3.568502948675e-01  
  7.295075278223e-06  ,1.232785687371e+01  ,-8.981434845051e-01  
  7.298847507179e-06  ,2.895897572580e+00  ,-1.740668726860e+00  
  7.302096705377e-06  ,-5.265785530800e+00  ,-5.407640723293e+00  
  7.304003308952e-06  ,-1.003490935746e+01  ,-1.009316708455e+01  
  7.306473548949e-06  ,-1.615788053355e+01  ,-1.614580578532e+01  
  7.309169541538e-06  ,-2.272815528136e+01  ,-2.258399122221e+01  
  7.312145675957e-06  ,-2.979006774249e+01  ,-1.000193843658e+01  
  7.314263130963e-06  ,-3.465955313379e+01  ,-4.030816813346e+00  
  7.316835443914e-06  ,-4.036678967018e+01  ,-4.396381817997e+00  
  7.320482130587e-06  ,-4.799769603478e+01  ,-4.018042624760e+00  
  7.324215616524e-06  ,-5.515753966050e+01  ,-3.787582557632e+00  
  7.327509890735e-06  ,-6.084861837418e+01  ,-3.568640998351e+00  
  7.329903389752e-06  ,-6.457834268508e+01  ,-3.416885324912e+00  
  7.331092316151e-06  ,-6.629657971195e+01  ,-3.344087950717e+00  
  7.332745041192e-06  ,-6.853097251790e+01  ,-3.243718923169e+00  
  7.335171322763e-06  ,-7.147496825334e+01  ,-3.097470386086e+00  
  7.339868913829e-06  ,-7.598206907148e+01  ,-2.817780596467e+00  
  7.345432262361e-06  ,-7.917772581597e+01  ,-2.489595366722e+00  
  7.353031854570e-06  ,-7.963738304549e+01  ,-2.042710237398e+00  
  7.360568861902e-06  ,-7.563059162753e+01  ,-1.602483529262e+00  
  7.370344023645e-06  ,-6.420937521231e+01  ,-1.030526353363e+00  
  7.379169981420e-06  ,-4.869430472212e+01  ,-5.011657553511e-01  
  7.383910785854e-06  ,-3.873662743425e+01  ,-1.895554895339e-01  
  7.386303167284e-06  ,-3.337138265348e+01  ,-8.371644721290e-03  
  7.388112168252e-06  ,-2.918766902176e+01  ,1.413640731494e-01  
  7.390433769166e-06  ,-2.368227269550e+01  ,3.569429972759e-01  
  7.395076970994e-06  ,-1.232365327297e+01  ,8.983934712336e-01  
  7.398848454893e-06  ,-2.893517267642e+00  ,1.741009629233e+00  
  7.402097653091e-06  ,5.268162227758e+00  ,5.409951743776e+00  
  7.404004256666e-06  ,1.003727240495e+01  ,1.009549924720e+01  
  7.406473379076e-06  ,1.615746239408e+01  ,1.614539159931e+01  
  7.409167509019e-06  ,2.272325745037e+01  ,2.257935228673e+01  
  7.412145133555e-06  ,2.978880257158e+01  ,1.000962169439e+01  
  7.414260725915e-06  ,3.465410523009e+01  ,4.037915767727e+00  
  7.416832293808e-06  ,4.035995416697e+01  ,4.395749205270e+00  
  7.420479353011e-06  ,4.799211105247e+01  ,4.018528993905e+00  
  7.424213584006e-06  ,5.515383954743e+01  ,3.787608932896e+00  
  7.427511210978e-06  ,6.085077249226e+01  ,3.568488406948e+00  
  7.429905455053e-06  ,6.458140627824e+01  ,3.416737735018e+00  
  7.431094567716e-06  ,6.629974667708e+01  ,3.343943653664e+00  
  7.432747292757e-06  ,6.853389183152e+01  ,3.243582687986e+00  
  7.435174691915e-06  ,7.147877140169e+01  ,3.097269579531e+00  
  7.439874518156e-06  ,7.598647559239e+01  ,2.817447749375e+00  
  7.445440101862e-06  ,7.918054106928e+01  ,2.489134659086e+00  
  7.453039694071e-06  ,7.963550680262e+01  ,2.042250572117e+00  
  7.460575211287e-06  ,7.562538848257e+01  ,1.602113177337e+00  
  7.470347392797e-06  ,6.420432397378e+01  ,1.030328606224e+00  
  7.479170370340e-06  ,4.869352918271e+01  ,5.011385869068e-01  
  7.483909684658e-06  ,3.873904893708e+01  ,1.896249488662e-01  
  7.486301321030e-06  ,3.337559974961e+01  ,8.508126089218e-03  
  7.488110694528e-06  ,2.919111754926e+01  ,-1.412426566427e-01  
  7.490431922913e-06  ,2.368670482256e+01  ,-3.567618613090e-01  
  7.495074379683e-06  ,1.233008817227e+01  ,-8.980037784794e-01  
  7.498847353697e-06  ,2.896283061974e+00  ,-1.740590066433e+00  
  7.502096551895e-06  ,-5.265400625036e+00  ,-5.407265304592e+00  
  7.504003155470e-06  ,-1.003452666183e+01  ,-1.009278906592e+01  
  7.506473767996e-06  ,-1.615841971271e+01  ,-1.614633856297e+01  
  7.509169388056e-06  ,-2.272778543372e+01  ,-2.258364117912e+01  
  7.512145895004e-06  ,-2.979057867445e+01  ,-1.000138677033e+01  
  7.514263350010e-06  ,-3.466004930850e+01  ,-4.030759093598e+00  
  7.516835662961e-06  ,-4.036726497193e+01  ,-4.396368281472e+00  
  7.520482722163e-06  ,-4.799888549292e+01  ,-4.017993072708e+00  
  7.524216208100e-06  ,-5.515861655731e+01  ,-3.787545541138e+00  
  7.527509737253e-06  ,-6.084836794508e+01  ,-3.568653404695e+00  
  7.529903236270e-06  ,-6.457811500461e+01  ,-3.416895684107e+00  
  7.531091976404e-06  ,-6.629610180886e+01  ,-3.344109086882e+00  
  7.532744701445e-06  ,-6.853053198282e+01  ,-3.243739547486e+00  
  7.535170610487e-06  ,-7.147416412386e+01  ,-3.097513106700e+00  
  7.539868201554e-06  ,-7.598150886104e+01  ,-2.817822728391e+00  
  7.545430805027e-06  ,-7.917720194164e+01  ,-2.489681226029e+00  
  7.553030397236e-06  ,-7.963773129950e+01  ,-2.042795537826e+00  
  7.560567404568e-06  ,-7.563178544741e+01  ,-1.602568662375e+00  
  7.570342566311e-06  ,-6.421155991260e+01  ,-1.030611934146e+00  
  7.579168524086e-06  ,-4.869721070167e+01  ,-5.012562195618e-01  
  7.583909328520e-06  ,-3.873983206542e+01  ,-1.896559960552e-01  
  7.586303572595e-06  ,-3.337045685141e+01  ,-8.341744130098e-03  
  7.588111642241e-06  ,-2.918889989872e+01  ,1.413178715914e-01  
  7.590432870626e-06  ,-2.368442974550e+01  ,3.568552887842e-01  
  7.595075327396e-06  ,-1.232773476257e+01  ,8.981517205270e-01  
  7.598847556353e-06  ,-2.895774066257e+00  ,1.740685830967e+00  
  7.602096754551e-06  ,5.265908850094e+00  ,5.407760580780e+00  
  7.604003358126e-06  ,1.003503196863e+01  ,1.009328808320e+01  
  7.606473598123e-06  ,1.615800157383e+01  ,1.614592533367e+01  
  7.609169218183e-06  ,2.272737608717e+01  ,2.258325356403e+01  
  7.612145725131e-06  ,2.979018244163e+01  ,1.000257862469e+01  
  7.614262807608e-06  ,3.465882068241e+01  ,4.031924753183e+00  
  7.616835120559e-06  ,4.036608803077e+01  ,4.396280010892e+00  
  7.620481807232e-06  ,4.799704587055e+01  ,4.018107400206e+00  
  7.624215293169e-06  ,5.515695102119e+01  ,3.787588037285e+00  
  7.627509939909e-06  ,6.084869860844e+01  ,3.568628109369e+00  
  7.629903438926e-06  ,6.457841563093e+01  ,3.416879587937e+00  
  7.631092365324e-06  ,6.629664888151e+01  ,3.344084086322e+00  
  7.632745090365e-06  ,6.853103627890e+01  ,3.243715984744e+00  
  7.635171371937e-06  ,7.147502376723e+01  ,3.097467625000e+00  
  7.639868963003e-06  ,7.598210774570e+01  ,2.817777591529e+00  
  7.645432311535e-06  ,7.917774348981e+01  ,2.489592526412e+00  
  7.653031903744e-06  ,7.963737129168e+01  ,2.042707321455e+00  
  7.660568911076e-06  ,7.563055134250e+01  ,1.602480682067e+00  
  7.670344072819e-06  ,6.420930149308e+01  ,1.030523471570e+00  
  7.679168540478e-06  ,4.869717801740e+01  ,5.012539859584e-01  
  7.683909344912e-06  ,3.873979602197e+01  ,1.896531733272e-01  
  7.686303216457e-06  ,3.337127033220e+01  ,8.368029362285e-03  
  7.688111472368e-06  ,2.918929740403e+01  ,-1.413042072662e-01  
  7.690432700753e-06  ,2.368483754388e+01  ,-3.568385532742e-01  
  7.695075157523e-06  ,1.232815660096e+01  ,-8.981252433859e-01  
  7.698847386479e-06  ,2.896200724446e+00  ,-1.740627424063e+00  
  7.702096584678e-06  ,-5.265482837919e+00  ,-5.407346562059e+00  
  7.704003188252e-06  ,-1.003460840265e+01  ,-1.009287011477e+01  
  7.706473428249e-06  ,-1.615758343450e+01  ,-1.614551238481e+01  
  7.709169420838e-06  ,-2.272786443034e+01  ,-2.258371647633e+01  
  7.712145555258e-06  ,-2.978978620795e+01  ,-1.000281622483e+01  
  7.714262637734e-06  ,-3.465843589085e+01  ,-4.031860975686e+00  
  7.716834950685e-06  ,-4.036571942591e+01  ,-4.396303445917e+00  
  7.720481637359e-06  ,-4.799670430763e+01  ,-4.018117234181e+00  
  7.724215123296e-06  ,-5.515664177982e+01  ,-3.787600355235e+00  
  7.727510142565e-06  ,-6.084902926934e+01  ,-3.568615266563e+00  
  7.729903641582e-06  ,-6.457871625464e+01  ,-3.416867018975e+00  
  7.731092567980e-06  ,-6.629693394226e+01  ,-3.344071669932e+00  
  7.732745293021e-06  ,-6.853129904982e+01  ,-3.243703713703e+00  
  7.735171574593e-06  ,-7.147525254996e+01  ,-3.097455496699e+00  
  7.739869165659e-06  ,-7.598226712842e+01  ,-2.817765595716e+00  
  7.745432514191e-06  ,-7.917781632549e+01  ,-2.489580605669e+00  
  7.753032106400e-06  ,-7.963732284972e+01  ,-2.042695452163e+00  
  7.760569113731e-06  ,-7.563038531743e+01  ,-1.602468851190e+00  
  7.770344275475e-06  ,-6.420899767889e+01  ,-1.030511572691e+00  
  7.779168743134e-06  ,-4.869677391985e+01  ,-5.012414062799e-01  
  7.783909547567e-06  ,-3.873935039292e+01  ,-1.896391972166e-01  
  7.786303046584e-06  ,-3.337165835086e+01  ,-8.380765217101e-03  
  7.788111488760e-06  ,-2.918925904829e+01  ,1.413060118308e-01  
  7.790432717144e-06  ,-2.368479819495e+01  ,3.568401385089e-01  
  7.795075173914e-06  ,-1.232811589728e+01  ,8.981276856759e-01  
  7.798847402871e-06  ,-2.896159555679e+00  ,1.740633020725e+00  
  7.802096601069e-06  ,5.265523944360e+00  ,5.407386509942e+00  
  7.804003204644e-06  ,1.003464927306e+01  ,1.009291044418e+01  
  7.806473444641e-06  ,1.615762378129e+01  ,1.614555222962e+01  
  7.809169437230e-06  ,2.272790392864e+01  ,2.258375378963e+01  
  7.812145571649e-06  ,2.978982444106e+01  ,1.000269712655e+01  
  7.814262654126e-06  ,3.465847301990e+01  ,4.031815958935e+00  
  7.816834967077e-06  ,4.036575499309e+01  ,4.396307277734e+00  
  7.820481281221e-06  ,4.799598821953e+01  ,4.018145995838e+00  
  7.824214767158e-06  ,5.515599345291e+01  ,3.787623102179e+00  
  7.827510158956e-06  ,6.084905601386e+01  ,3.568612954399e+00  
  7.829904030502e-06  ,6.457929317957e+01  ,3.416842171468e+00  
  7.831092956901e-06  ,6.629748099985e+01  ,3.344047552244e+00  
  7.832745681941e-06  ,6.853180333033e+01  ,3.243680121874e+00  
  7.835172336042e-06  ,7.147611214155e+01  ,3.097409825351e+00  
  7.839870672166e-06  ,7.598345185488e+01  ,2.817676264498e+00  
  7.845434020698e-06  ,7.917835767245e+01  ,2.489492156734e+00  
  7.853033612907e-06  ,7.963696263952e+01  ,2.042607060657e+00  
  7.860570620239e-06  ,7.562915102032e+01  ,1.602380984204e+00  
  7.870345781982e-06  ,6.420673909619e+01  ,1.030423135815e+00  
  7.879170249641e-06  ,4.869376986814e+01  ,5.011478891334e-01  
  7.883910309017e-06  ,3.873767599327e+01  ,1.895855769973e-01  
  7.886301945388e-06  ,3.337417364171e+01  ,8.462521950962e-03  
  7.888111132622e-06  ,2.919009241214e+01  ,-1.412788283325e-01  
  7.890432361007e-06  ,2.368565313862e+01  ,-3.568049622634e-01  
  7.895074817777e-06  ,1.232900027670e+01  ,-8.980718359151e-01  
  7.898847791791e-06  ,2.895182732861e+00  ,-1.740740617964e+00  
  7.902096989989e-06  ,-5.266499287748e+00  ,-5.408333030795e+00  
  7.904003593564e-06  ,-1.003561901572e+01  ,-1.009386697591e+01  
  7.906473833561e-06  ,-1.615858109951e+01  ,-1.614649747631e+01  
  7.909168708563e-06  ,-2.272614804363e+01  ,-2.258208984131e+01  
  7.912145588040e-06  ,-2.978986267416e+01  ,-1.000448372926e+01  
  7.914262297988e-06  ,-3.465766630477e+01  ,-4.033516740798e+00  
  7.916834238410e-06  ,-4.036417385968e+01  ,-4.396131799816e+00  
  7.920481297612e-06  ,-4.799602117769e+01  ,-4.018211694781e+00  
  7.924214783549e-06  ,-5.515602329237e+01  ,-3.787596109488e+00  
  7.927510175347e-06  ,-6.084908275836e+01  ,-3.568597156699e+00  
  7.929904046893e-06  ,-6.457931749420e+01  ,-3.416837192837e+00  
  7.931092973292e-06  ,-6.629750405570e+01  ,-3.344045294986e+00  
  7.932745698333e-06  ,-6.853182458331e+01  ,-3.243679180753e+00  
  7.935172352433e-06  ,-7.147613064503e+01  ,-3.097409096463e+00  
  7.939870688558e-06  ,-7.598346474414e+01  ,-2.817675139735e+00  
  7.945434037089e-06  ,-7.917836356150e+01  ,-2.489491261747e+00  
  7.953033629298e-06  ,-7.963695871934e+01  ,-2.042606042329e+00  
  7.960570636630e-06  ,-7.562913758985e+01  ,-1.602380060043e+00  
  7.970345798373e-06  ,-6.420671452131e+01  ,-1.030422180612e+00  
  7.979170266032e-06  ,-4.869373718251e+01  ,-5.011468713896e-01  
  7.983910325408e-06  ,-3.873763994921e+01  ,-1.895844461783e-01  
  7.986301961780e-06  ,-3.337413620195e+01  ,-8.461274865996e-03  
  7.988111149013e-06  ,-2.919005405657e+01  ,1.412802007804e-01  
  7.990432377398e-06  ,-2.368561378982e+01  ,3.568065743380e-01  
  7.995074834168e-06  ,-1.232895957309e+01  ,8.980743785800e-01  
  7.998847808182e-06  ,-2.895141564078e+00  ,1.740746250078e+00  
  8.002097006381e-06  ,5.266540394155e+00  ,5.408372979687e+00  
  8.004003609955e-06  ,1.003565988607e+01  ,1.009390730564e+01  
  8.006473849952e-06  ,1.615862144620e+01  ,1.614653732141e+01  
  8.009168724954e-06  ,2.272618754219e+01  ,2.258212716034e+01  
  8.012145604432e-06  ,2.978990090725e+01  ,1.000436478170e+01  
  8.014262314379e-06  ,3.465770343401e+01  ,4.033471762339e+00  
  8.016834254801e-06  ,4.036420942733e+01  ,4.396135622842e+00  
  8.020481314003e-06  ,4.799605413583e+01  ,4.018208829928e+00  
  8.024214799941e-06  ,5.515605313182e+01  ,3.787595666647e+00  
  8.027510191739e-06  ,6.084910950285e+01  ,3.568596494965e+00  
  8.029904063284e-06  ,6.457934180882e+01  ,3.416836283728e+00  
  8.031092989683e-06  ,6.629752711153e+01  ,3.344044324451e+00  
  8.032745714724e-06  ,6.853184583627e+01  ,3.243678185730e+00  
  8.035172368824e-06  ,7.147614914849e+01  ,3.097408106888e+00  
  8.039870704949e-06  ,7.598347763338e+01  ,2.817674172184e+00  
  8.045434798539e-06  ,7.917863711154e+01  ,2.489446338995e+00  
  8.053034390748e-06  ,7.963677658579e+01  ,2.042561512561e+00  
  8.060571398079e-06  ,7.562851366114e+01  ,1.602335551095e+00  
  8.070345069706e-06  ,6.420780697023e+01  ,1.030464945081e+00  
  8.079169537365e-06  ,4.869519019502e+01  ,5.011918083395e-01  
  8.083909596741e-06  ,3.873924226212e+01  ,1.896342573974e-01  
  8.086302350700e-06  ,3.337324785595e+01  ,8.432155668972e-03  
  8.088111165404e-06  ,2.919001570099e+01  ,-1.412802293093e-01  
  8.090432393789e-06  ,2.368557444100e+01  ,-3.568082666552e-01  
  8.095074850559e-06  ,1.232891886947e+01  ,-8.980772336756e-01  
  8.098847824573e-06  ,2.895100395292e+00  ,-1.740751991926e+00  
  8.102097022772e-06  ,-5.266581500559e+00  ,-5.408412929339e+00  
  8.104003626347e-06  ,-1.003570075641e+01  ,-1.009394763540e+01  
  8.106473866343e-06  ,-1.615866179288e+01  ,-1.614657716626e+01  
  8.109168741345e-06  ,-2.272622704075e+01  ,-2.258216447692e+01  
  8.112145620823e-06  ,-2.978993914033e+01  ,-1.000424570063e+01  
  8.114262330770e-06  ,-3.465774056324e+01  ,-4.033426742667e+00  
  8.116834271193e-06  ,-4.036424499496e+01  ,-4.396139451084e+00  
  8.120481330395e-06  ,-4.799608709396e+01  ,-4.018205963719e+00  
  8.124214816332e-06  ,-5.515608297125e+01  ,-3.787595224592e+00  
  8.127510208130e-06  ,-6.084913624732e+01  ,-3.568595833717e+00  
  8.129904079676e-06  ,-6.457936612341e+01  ,-3.416835374829e+00  
  8.131093006074e-06  ,-6.629755016734e+01  ,-3.344043354055e+00  
  8.132745731115e-06  ,-6.853186708921e+01  ,-3.243677190803e+00  
  8.135172385216e-06  ,-7.147616765192e+01  ,-3.097407117388e+00  
  8.139870721340e-06  ,-7.598349052260e+01  ,-2.817673204697e+00  
  8.145434814930e-06  ,-7.917864299959e+01  ,-2.489445372139e+00  
  8.153034407139e-06  ,-7.963677266460e+01  ,-2.042560553637e+00  
  8.160571414471e-06  ,-7.562850022971e+01  ,-1.602334593089e+00  
  8.170345086098e-06  ,-6.420778239609e+01  ,-1.030463982391e+00  
  8.179169553757e-06  ,-4.869515750995e+01  ,-5.011907908294e-01  
  8.183909613132e-06  ,-3.873920621850e+01  ,-1.896331269602e-01  
  8.186302367091e-06  ,-3.337321041598e+01  ,-8.430908781548e-03  
  8.188111181796e-06  ,-2.918997734540e+01  ,1.412816016114e-01  
  8.190432410181e-06  ,-2.368553509219e+01  ,3.568098786492e-01  
  8.195074866950e-06  ,-1.232887816584e+01  ,8.980797763069e-01  
  8.198847840965e-06  ,-2.895059226507e+00  ,1.740757624065e+00  
  8.202097039163e-06  ,5.266622606961e+00  ,5.408452878254e+00  
  8.204003642738e-06  ,1.003574162675e+01  ,1.009398796512e+01  
  8.206473882735e-06  ,1.615870213956e+01  ,1.614661701134e+01  
  8.209168757737e-06  ,2.272626653930e+01  ,2.258220179575e+01  
  8.212145637214e-06  ,2.978997737341e+01  ,1.000412675061e+01  
  8.214262347162e-06  ,3.465777769246e+01  ,4.033381763783e+00  
  8.216834287584e-06  ,4.036428056259e+01  ,4.396143274217e+00  
  8.220481346786e-06  ,4.799612005208e+01  ,4.018203098830e+00  
  8.224214832723e-06  ,5.515611281067e+01  ,3.787594781782e+00  
  8.227510224521e-06  ,6.084916299178e+01  ,3.568595171993e+00  
  8.229904096067e-06  ,6.457939043799e+01  ,3.416834465721e+00  
  8.231093022466e-06  ,6.629757322314e+01  ,3.344042383521e+00  
  8.232745747507e-06  ,6.853188834213e+01  ,3.243676195779e+00  
  8.235172401607e-06  ,7.147618615535e+01  ,3.097406127814e+00  
  8.239870737731e-06  ,7.598350341181e+01  ,2.817672237147e+00  
  8.245434831321e-06  ,7.917864888762e+01  ,2.489444405250e+00  
  8.253034423530e-06  ,7.963676874340e+01  ,2.042559594692e+00  
  8.260571430862e-06  ,7.562848679827e+01  ,1.602333635073e+00  
  8.270345102489e-06  ,6.420775782193e+01  ,1.030463019697e+00  
  8.279169570148e-06  ,4.869512482487e+01  ,5.011897733187e-01  
  8.283909629524e-06  ,3.873917017486e+01  ,1.896319965212e-01  
  8.286302383482e-06  ,3.337317297599e+01  ,8.429661891896e-03  
  8.288111198187e-06  ,2.918993898980e+01  ,-1.412829739155e-01  
  8.290432426572e-06  ,2.368549574337e+01  ,-3.568114906424e-01  
  8.295074883342e-06  ,1.232883746221e+01  ,-8.980823189451e-01  
  8.298847857356e-06  ,2.895018057719e+00  ,-1.740763256236e+00  
  8.302097055554e-06  ,-5.266663713363e+00  ,-5.408492827186e+00  
  8.304003659129e-06  ,-1.003578249708e+01  ,-1.009402829484e+01  
  8.306473899126e-06  ,-1.615874248624e+01  ,-1.614665685642e+01  
  8.309168774128e-06  ,-2.272630603784e+01  ,-2.258223911450e+01  
  8.312145653605e-06  ,-2.979001560647e+01  ,-1.000400780044e+01  
  8.314262363553e-06  ,-3.465781482168e+01  ,-4.033336785029e+00  
  8.316834303975e-06  ,-4.036431613020e+01  ,-4.396147097360e+00  
  8.320481363177e-06  ,-4.799615301019e+01  ,-4.018200233937e+00  
  8.324214849114e-06  ,-5.515614265008e+01  ,-3.787594338984e+00  
  8.327510240912e-06  ,-6.084918973622e+01  ,-3.568594510273e+00  
  8.329904112458e-06  ,-6.457941475255e+01  ,-3.416833556613e+00  
  8.331093038857e-06  ,-6.629759627892e+01  ,-3.344041412987e+00  
  8.332745763898e-06  ,-6.853190959503e+01  ,-3.243675200755e+00  
  8.335172417998e-06  ,-7.147620465875e+01  ,-3.097405138236e+00  
  8.339870754123e-06  ,-7.598351630099e+01  ,-2.817671269597e+00  
  8.345434847712e-06  ,-7.917865477564e+01  ,-2.489443438358e+00  
  8.353034439921e-06  ,-7.963676482217e+01  ,-2.042558635747e+00  
  8.360571447253e-06  ,-7.562847336680e+01  ,-1.602332677057e+00  
  8.370345118880e-06  ,-6.420773324775e+01  ,-1.030462057003e+00  
  8.379169586539e-06  ,-4.869509213977e+01  ,-5.011887558067e-01  
  8.383909645915e-06  ,-3.873913413122e+01  ,-1.896308660833e-01  
  8.386302399874e-06  ,-3.337313553600e+01  ,-8.428415000161e-03  
  8.388111214578e-06  ,-2.918990063419e+01  ,1.412843462212e-01  
  8.390432442963e-06  ,-2.368545639454e+01  ,3.568131026397e-01  
  8.395074899733e-06  ,-1.232879675858e+01  ,8.980848615871e-01  
  8.398847873747e-06  ,-2.894976888936e+00  ,1.740768888434e+00  
  8.402097071946e-06  ,5.266704819760e+00  ,5.408532776129e+00  
  8.404003675520e-06  ,1.003582336742e+01  ,1.009406862456e+01  
  8.406473915517e-06  ,1.615878283291e+01  ,1.614669670149e+01  
  8.409168790519e-06  ,2.272634553638e+01  ,2.258227643317e+01  
  8.412145669997e-06  ,2.979005383953e+01  ,1.000388885012e+01  
  8.414262379944e-06  ,3.465785195088e+01  ,4.033291806401e+00  
  8.416834692895e-06  ,4.036516004965e+01  ,4.396157048984e+00  
  8.420481379569e-06  ,4.799618596829e+01  ,4.018189354283e+00  
  8.424214865506e-06  ,5.515617248947e+01  ,3.787596704711e+00  
  8.427510257304e-06  ,6.084921648065e+01  ,3.568595539158e+00  
  8.429904128849e-06  ,6.457943906710e+01  ,3.416833110513e+00  
  8.431093055248e-06  ,6.629761933468e+01  ,3.344040588055e+00  
  8.432745780289e-06  ,6.853193084792e+01  ,3.243674196524e+00  
  8.435172434390e-06  ,7.147622316213e+01  ,3.097404115006e+00  
  8.439870770514e-06  ,7.598352919015e+01  ,2.817670317068e+00  
  8.445434864104e-06  ,7.917866066363e+01  ,2.489442461472e+00  
  8.453034456313e-06  ,7.963676090093e+01  ,2.042557682586e+00  
  8.460571463644e-06  ,7.562845993532e+01  ,1.602331714695e+00  
  8.470345135272e-06  ,6.420770867356e+01  ,1.030461093270e+00  
  8.479169602931e-06  ,4.869505945466e+01  ,5.011877382562e-01  
  8.483909662306e-06  ,3.873909808756e+01  ,1.896297356477e-01  
  8.486302416265e-06  ,3.337309809599e+01  ,8.427168105857e-03  
  8.488111230969e-06  ,2.918986227858e+01  ,-1.412857185354e-01  
  8.490432459354e-06  ,2.368541704570e+01  ,-3.568147146465e-01  
  8.495074916124e-06  ,1.232875605494e+01  ,-8.980874042429e-01  
  8.498847890139e-06  ,2.894935720142e+00  ,-1.740774520667e+00  
  8.502097088337e-06  ,-5.266745926165e+00  ,-5.408572725099e+00  
  8.504003691912e-06  ,-1.003586423775e+01  ,-1.009410895429e+01  
  8.506473559380e-06  ,-1.615790620873e+01  ,-1.614583049966e+01  
  8.509168806910e-06  ,-2.272638503492e+01  ,-2.258231412196e+01  
  8.512145686388e-06  ,-2.979009207259e+01  ,-1.000378248624e+01  
  8.514262768865e-06  ,-3.465873292300e+01  ,-4.032538260092e+00  
  8.516834709287e-06  ,-4.036519561700e+01  ,-4.396204340994e+00  
  8.520481768489e-06  ,-4.799696797033e+01  ,-4.018141179571e+00  
  8.524215254426e-06  ,-5.515688049257e+01  ,-3.787578832669e+00  
  8.527509901166e-06  ,-6.084863539356e+01  ,-3.568623746727e+00  
  8.529903400183e-06  ,-6.457835815843e+01  ,-3.416880123964e+00  
  8.531092326581e-06  ,-6.629659438428e+01  ,-3.344085860152e+00  
  8.532745051622e-06  ,-6.853098604295e+01  ,-3.243718345452e+00  
  8.535171333194e-06  ,-7.147498002901e+01  ,-3.097470056919e+00  
  8.539868924260e-06  ,-7.598207727511e+01  ,-2.817779810396e+00  
  8.545432272792e-06  ,-7.917772956498e+01  ,-2.489594835780e+00  
  8.553031865001e-06  ,-7.963738055228e+01  ,-2.042709562595e+00  
  8.560568872333e-06  ,-7.563058308224e+01  ,-1.602482958589e+00  
  8.570344034076e-06  ,-6.420935957493e+01  ,-1.030525749527e+00  
  8.579169991851e-06  ,-4.869428392234e+01  ,-5.011651077251e-01  
  8.583910796285e-06  ,-3.873660449696e+01  ,-1.895547698200e-01  
  8.586303177714e-06  ,-3.337135882780e+01  ,-8.370851042882e-03  
  8.588112364948e-06  ,-2.918720874848e+01  ,1.413804833423e-01  
  8.590433593333e-06  ,-2.368269480631e+01  ,3.569262297462e-01  
  8.595076050103e-06  ,-1.232594009535e+01  ,8.982633484918e-01  
  8.598848279059e-06  ,-2.893958896787e+00  ,1.740933999570e+00  
  8.602097477257e-06  ,5.267721268563e+00  ,5.409521964151e+00  
  8.604004080832e-06  ,1.003683397853e+01  ,1.009506625503e+01  
  8.606473575771e-06  ,1.615794655549e+01  ,1.614587004485e+01  
  8.609168078244e-06  ,2.272462913960e+01  ,2.258065092448e+01  
  8.612145330250e-06  ,2.978926137078e+01  ,1.000724456345e+01  
  8.614261667669e-06  ,3.465623850959e+01  ,4.035434056664e+00  
  8.616833235562e-06  ,4.036199774574e+01  ,4.395956432863e+00  
  8.620480294764e-06  ,4.799400471399e+01  ,4.018368408766e+00  
  8.624213780701e-06  ,5.515419763269e+01  ,3.787630772385e+00  
  8.627510662615e-06  ,6.084987779224e+01  ,3.568545408921e+00  
  8.629904906690e-06  ,6.458059288316e+01  ,3.416777808308e+00  
  8.631094019353e-06  ,6.629897540174e+01  ,3.343979182764e+00  
  8.632746744394e-06  ,6.853318087208e+01  ,3.243615810697e+00  
  8.635173771024e-06  ,7.147773196519e+01  ,3.097324414526e+00  
  8.639872852206e-06  ,7.598516594997e+01  ,2.817546711843e+00  
  8.645437690854e-06  ,7.917967576051e+01  ,2.489276333042e+00  
  8.653037283063e-06  ,7.963608434814e+01  ,2.042391946500e+00  
  8.660572800279e-06  ,7.562736459113e+01  ,1.602253854251e+00  
  8.670346471906e-06  ,6.420570470222e+01  ,1.030382666774e+00  
  8.679169449449e-06  ,4.869536550566e+01  ,5.011960477643e-01  
  8.683908763766e-06  ,3.874107392013e+01  ,1.896889015124e-01  
  8.686301517725e-06  ,3.337515047599e+01  ,8.493814693595e-03  
  8.688110332429e-06  ,2.919196485236e+01  ,-1.412110350400e-01  
  8.690431560814e-06  ,2.368757406821e+01  ,-3.567263288747e-01  
  8.695074017584e-06  ,1.233098734956e+01  ,-8.979479144025e-01  
  8.698846991599e-06  ,2.897192517320e+00  ,-1.740465776309e+00  
  8.702096189797e-06  ,-5.264492545850e+00  ,-5.406382812521e+00  
  8.704002793372e-06  ,-1.003362379639e+01  ,-1.009189814631e+01  
  8.706473778427e-06  ,-1.615844538784e+01  ,-1.614636439668e+01  
  8.709170143545e-06  ,-2.272960594073e+01  ,-2.258536545077e+01  
  8.712146277964e-06  ,-2.979147193300e+01  ,-9.997741635373e+00  
  8.714264478028e-06  ,-3.466260441344e+01  ,-4.027795104416e+00  
  8.716837163508e-06  ,-4.037052089913e+01  ,-4.396622767478e+00  
  8.720484222710e-06  ,-4.800190250757e+01  ,-4.017761075060e+00  
  8.724216963589e-06  ,-5.515999181090e+01  ,-3.787541766319e+00  
  8.727508630097e-06  ,-6.084656140975e+01  ,-3.568754288242e+00  
  8.729901384056e-06  ,-6.457536724707e+01  ,-3.417019542248e+00  
  8.731090124190e-06  ,-6.629349626574e+01  ,-3.344225541298e+00  
  8.732742849231e-06  ,-6.852813015649e+01  ,-3.243851696622e+00  
  8.735168013215e-06  ,-7.147123160793e+01  ,-3.097668279370e+00  
  8.739862624049e-06  ,-7.597712079317e+01  ,-2.818153852479e+00  
  8.745423737407e-06  ,-7.917465895772e+01  ,-2.490096407283e+00  
  8.753021839499e-06  ,-7.963977294429e+01  ,-2.043297508197e+00  
  8.760560336947e-06  ,-7.563757285887e+01  ,-1.602980789202e+00  
  8.770338478923e-06  ,-6.421768663099e+01  ,-1.030851813646e+00  
  8.779165926814e-06  ,-4.870238951035e+01  ,-5.014192487397e-01  
  8.783908221364e-06  ,-3.874226661340e+01  ,-1.897371443403e-01  
  8.786305818200e-06  ,-3.336532740149e+01  ,-8.175568771503e-03  
  8.788112211466e-06  ,-2.918756790125e+01  ,1.413606565410e-01  
  8.790433439851e-06  ,-2.368306325835e+01  ,3.569115484713e-01  
  8.795075896621e-06  ,-1.232632123141e+01  ,8.982411381277e-01  
  8.798848125577e-06  ,-2.894344386524e+00  ,1.740881806886e+00  
  8.802097323775e-06  ,5.267336363411e+00  ,5.409147911334e+00  
  8.804003927350e-06  ,1.003645128406e+01  ,1.009468863461e+01  
  8.806473422289e-06  ,1.615756876289e+01  ,1.614549696535e+01  
  8.809168297291e-06  ,2.272515698668e+01  ,2.258115137057e+01  
  8.812145176768e-06  ,2.978890336844e+01  ,1.000737193231e+01  
  8.814261514187e-06  ,3.465589084110e+01  ,4.035328129816e+00  
  8.816833082080e-06  ,4.036166469654e+01  ,4.395983335986e+00  
  8.820480141282e-06  ,4.799369609796e+01  ,4.018375480885e+00  
  8.824213627219e-06  ,5.515391821783e+01  ,3.787642598510e+00  
  8.827510509133e-06  ,6.084962737025e+01  ,3.568555967272e+00  
  8.829904753208e-06  ,6.458036521753e+01  ,3.416787485920e+00  
  8.831093865871e-06  ,6.629875952496e+01  ,3.343988633529e+00  
  8.832746590912e-06  ,6.853298187707e+01  ,3.243625105339e+00  
  8.835173617542e-06  ,7.147755871996e+01  ,3.097333599845e+00  
  8.839872698724e-06  ,7.598504528371e+01  ,2.817555813124e+00  
  8.845437537372e-06  ,7.917962066058e+01  ,2.489285363422e+00  
  8.853037129581e-06  ,7.963612109855e+01  ,2.042400941541e+00  
  8.860572646797e-06  ,7.562749037322e+01  ,1.602262814322e+00  
  8.870346318424e-06  ,6.420593481839e+01  ,1.030391678706e+00  
  8.879169295967e-06  ,4.869567155552e+01  ,5.012055753658e-01  
  8.883909355342e-06  ,3.873977308526e+01  ,1.896492087031e-01  
  8.886302109301e-06  ,3.337379924374e+01  ,8.449894744418e-03  
  8.888110924005e-06  ,2.919058057341e+01  ,-1.412601476792e-01  
  8.890432152390e-06  ,2.368615394110e+01  ,-3.567845266606e-01  
  8.895074609160e-06  ,1.232951832255e+01  ,-8.980397654507e-01  
  8.898847583175e-06  ,2.895706699222e+00  ,-1.740669042397e+00  
  8.902096781373e-06  ,-5.265976115103e+00  ,-5.407824588644e+00  
  8.904003384948e-06  ,-1.003509884739e+01  ,-1.009335368497e+01  
  8.906473624945e-06  ,-1.615806759574e+01  ,-1.614599035132e+01  
  8.909169245005e-06  ,-2.272744072082e+01  ,-2.258331430819e+01  
  8.912145751953e-06  ,-2.979024500471e+01  ,-1.000236935981e+01  
  8.914262834430e-06  ,-3.465888143883e+01  ,-4.031846604964e+00  
  8.916835147381e-06  ,-4.036614623139e+01  ,-4.396286796119e+00  
  8.920481834054e-06  ,-4.799709980137e+01  ,-4.018102526083e+00  
  8.924215319991e-06  ,-5.515699984859e+01  ,-3.787587368026e+00  
  8.927509966731e-06  ,-6.084874237249e+01  ,-3.568627054718e+00  
  8.929903465748e-06  ,-6.457845541948e+01  ,-3.416878102009e+00  
  8.931092392147e-06  ,-6.629668661026e+01  ,-3.344082493529e+00  
  8.932745117187e-06  ,-6.853107105754e+01  ,-3.243714349360e+00  
  8.935171398759e-06  ,-7.147505404744e+01  ,-3.097465999127e+00  
  8.939868989825e-06  ,-7.598212884063e+01  ,-2.817776004496e+00  
  8.945432338357e-06  ,-7.917775313001e+01  ,-2.489590941373e+00  
  8.953031930566e-06  ,-7.963736488043e+01  ,-2.042705751012e+00  
  8.960568937898e-06  ,-7.563052936878e+01  ,-1.602479113590e+00  
  8.970344099641e-06  ,-6.420926128256e+01  ,-1.030521895966e+00  
  8.979168567300e-06  ,-4.869712453406e+01  ,-5.012523208701e-01  
  8.983909371734e-06  ,-3.873973704179e+01  ,-1.896513234864e-01  
  8.986303243279e-06  ,-3.337120906606e+01  ,-8.365988894278e-03  
  8.988111499190e-06  ,-2.918923464014e+01  ,1.413064529178e-01  
  8.990432727575e-06  ,-2.368477315476e+01  ,3.568411911662e-01  
  8.995075184345e-06  ,-1.232808999498e+01  ,8.981294042579e-01  
  8.998847413301e-06  ,-2.896133357421e+00  ,1.740636639248e+00  
  9.002096611500e-06  ,5.265550102956e+00  ,5.407411932281e+00  
  9.004003215075e-06  ,1.003467528146e+01  ,1.009293610885e+01  
  9.006473455071e-06  ,1.615764945647e+01  ,1.614557758602e+01  
  9.009169447660e-06  ,2.272792906387e+01  ,2.258377753824e+01  
  9.012145582080e-06  ,2.978984877117e+01  ,1.000262155643e+01  
  9.014262664556e-06  ,3.465849664743e+01  ,4.031787380298e+00  
  9.016834977508e-06  ,4.036577762671e+01  ,4.396309707833e+00  
  9.020481291652e-06  ,4.799600919286e+01  ,4.018144173765e+00  
  9.024214777589e-06  ,5.515601244163e+01  ,3.787622820084e+00  
  9.027510169387e-06  ,6.084907303306e+01  ,3.568612533042e+00  
  9.029904040933e-06  ,6.457930865250e+01  ,3.416841592830e+00  
  9.031092967331e-06  ,6.629749567173e+01  ,3.344046934561e+00  
  9.032745692372e-06  ,6.853181685493e+01  ,3.243679488632e+00  
  9.035172346473e-06  ,7.147612391647e+01  ,3.097409195590e+00  
  9.039870682597e-06  ,7.598346005712e+01  ,2.817675648757e+00  
  9.045434031129e-06  ,7.917836142002e+01  ,2.489491541425e+00  
  9.053033623338e-06  ,7.963696014486e+01  ,2.042606450411e+00  
  9.060570630670e-06  ,7.562914247368e+01  ,1.602380374554e+00  
  9.070345792413e-06  ,6.420672345766e+01  ,1.030422523190e+00  
  9.079170260072e-06  ,4.869374906824e+01  ,5.011472416223e-01  
  9.083910319447e-06  ,3.873765305618e+01  ,1.895848576150e-01  
  9.086301955819e-06  ,3.337414981645e+01  ,8.461728489273e-03  
  9.088111143053e-06  ,2.919006800410e+01  ,-1.412797016142e-01  
  9.090432371438e-06  ,2.368562809852e+01  ,-3.568059880727e-01  
  9.095074828207e-06  ,1.232897437445e+01  ,-8.980734539422e-01  
  9.098847802222e-06  ,2.895156534591e+00  ,-1.740744202006e+00  
  9.102097000420e-06  ,-5.266525446323e+00  ,-5.408358452765e+00  
  9.104003603995e-06  ,-1.003564502408e+01  ,-1.009389264023e+01  
  9.106473843992e-06  ,-1.615860677463e+01  ,-1.614652283223e+01  
  9.109168718994e-06  ,-2.272617317904e+01  ,-2.258211358972e+01  
  9.112145598471e-06  ,-2.978988700426e+01  ,-1.000440803414e+01  
  9.114262308419e-06  ,-3.465768993243e+01  ,-4.033488117750e+00  
  9.116834248841e-06  ,-4.036419649359e+01  ,-4.396134232693e+00  
  9.120481308043e-06  ,-4.799604215101e+01  ,-4.018209871680e+00  
  9.124214793980e-06  ,-5.515604228108e+01  ,-3.787595827683e+00  
  9.127510185778e-06  ,-6.084909977755e+01  ,-3.568596735598e+00  
  9.129904057324e-06  ,-6.457933296711e+01  ,-3.416836614314e+00  
  9.131092983723e-06  ,-6.629751872757e+01  ,-3.344044677374e+00  
  9.132745708764e-06  ,-6.853183810790e+01  ,-3.243678547557e+00  
  9.135172362864e-06  ,-7.147614241993e+01  ,-3.097408466733e+00  
  9.139870698988e-06  ,-7.598347294637e+01  ,-2.817674524022e+00  
  9.145434792578e-06  ,-7.917863497042e+01  ,-2.489446690592e+00  
  9.153034384787e-06  ,-7.963677801167e+01  ,-2.042561861269e+00  
  9.160571392119e-06  ,-7.562851854531e+01  ,-1.602335899466e+00  
  9.170345063746e-06  ,-6.420781590631e+01  ,-1.030465295153e+00  
  9.179169531405e-06  ,-4.869520208053e+01  ,-5.011921783443e-01  
  9.183909590781e-06  ,-3.873925536893e+01  ,-1.896346684667e-01  
  9.186302344739e-06  ,-3.337326147053e+01  ,-8.432609083604e-03  
  9.188111159444e-06  ,-2.919002964852e+01  ,1.412797302890e-01  
  9.190432387829e-06  ,-2.368558874971e+01  ,3.568076804735e-01  
  9.195074844599e-06  ,-1.232893367083e+01  ,8.980763090809e-01  
  9.198847818613e-06  ,-2.895115365805e+00  ,1.740749943876e+00  
  9.202097016811e-06  ,5.266566552729e+00  ,5.408398402420e+00  
  9.204003620386e-06  ,1.003568589442e+01  ,1.009393297000e+01  
  9.206473860383e-06  ,1.615864712132e+01  ,1.614656267709e+01  
  9.209168735385e-06  ,2.272621267759e+01  ,2.258215090637e+01  
  9.212145614862e-06  ,2.978992523735e+01  ,1.000428895529e+01  
  9.214262324810e-06  ,3.465772706166e+01  ,4.033443098706e+00  
  9.216834265232e-06  ,4.036423206124e+01  ,4.396138060853e+00  
  9.220481324434e-06  ,4.799607510915e+01  ,4.018207005500e+00  
  9.224214810371e-06  ,5.515607212052e+01  ,3.787595385618e+00  
  9.227510202169e-06  ,6.084912652203e+01  ,3.568596074346e+00  
  9.229904073715e-06  ,6.457935728172e+01  ,3.416835705416e+00  
  9.231093000114e-06  ,6.629754178339e+01  ,3.344043706978e+00  
  9.232745725155e-06  ,6.853185936084e+01  ,3.243677552632e+00  
  9.235172379255e-06  ,7.147616092338e+01  ,3.097407477236e+00  
  9.239870715380e-06  ,7.598348583560e+01  ,2.817673556535e+00  
  9.245434808969e-06  ,7.917864085848e+01  ,2.489445723737e+00  
  9.253034401178e-06  ,7.963677409050e+01  ,2.042560902345e+00  
  9.260571408510e-06  ,7.562850511389e+01  ,1.602334941459e+00  
  9.270345080137e-06  ,6.420779133217e+01  ,1.030464332462e+00  
  9.279169547796e-06  ,4.869516939547e+01  ,5.011911608346e-01  
  9.283909607172e-06  ,3.873921932531e+01  ,1.896335380301e-01  
  9.286302361131e-06  ,3.337322403055e+01  ,8.431362195799e-03  
  9.288111175835e-06  ,2.918999129293e+01  ,-1.412811025890e-01  
  9.290432404220e-06  ,2.368554940090e+01  ,-3.568092924677e-01  
  9.295074860990e-06  ,1.232889296721e+01  ,-8.980788517101e-01  
  9.298847835004e-06  ,2.895074197023e+00  ,-1.740755576004e+00  
  9.302097033203e-06  ,-5.266607659129e+00  ,-5.408438351326e+00  
  9.304003636777e-06  ,-1.003572676476e+01  ,-1.009397329972e+01  
  9.306473876774e-06  ,-1.615868746800e+01  ,-1.614660252217e+01  
  9.309168751776e-06  ,-2.272625217615e+01  ,-2.258218822524e+01  
  9.312145631254e-06  ,-2.978996347043e+01  ,-1.000417000532e+01  
  9.314262341201e-06  ,-3.465776419088e+01  ,-4.033398119780e+00  
  9.316834281623e-06  ,-4.036426762887e+01  ,-4.396141883981e+00  
  9.320481340826e-06  ,-4.799610806727e+01  ,-4.018204140610e+00  
  9.324214826763e-06  ,-5.515610195994e+01  ,-3.787594942803e+00  
  9.327510218561e-06  ,-6.084915326649e+01  ,-3.568595412621e+00  
  9.329904090106e-06  ,-6.457938159630e+01  ,-3.416834796308e+00  
  9.331093016505e-06  ,-6.629756483919e+01  ,-3.344042736444e+00  
  9.332745741546e-06  ,-6.853188061377e+01  ,-3.243676557607e+00  
  9.335172395647e-06  ,-7.147617942681e+01  ,-3.097406487659e+00  
  9.339870731771e-06  ,-7.598349872481e+01  ,-2.817672588984e+00  
  9.345434825361e-06  ,-7.917864674652e+01  ,-2.489444756846e+00  
  9.353034417570e-06  ,-7.963677016930e+01  ,-2.042559943400e+00  
  9.360571424901e-06  ,-7.562849168245e+01  ,-1.602333983443e+00  
  9.370345096528e-06  ,-6.420776675802e+01  ,-1.030463369768e+00  
  9.379169564187e-06  ,-4.869513671039e+01  ,-5.011901433235e-01  
  9.383909623563e-06  ,-3.873918328168e+01  ,-1.896324075918e-01  
  9.386302377522e-06  ,-3.337318659058e+01  ,-8.430115307898e-03  
  9.388111192226e-06  ,-2.918995293734e+01  ,1.412824748941e-01  
  9.390432420611e-06  ,-2.368551005208e+01  ,3.568109044601e-01  
  9.395074877381e-06  ,-1.232885226358e+01  ,8.980813943461e-01  
  9.398847851396e-06  ,-2.895033028236e+00  ,1.740761208164e+00  
  9.402097049594e-06  ,5.266648765533e+00  ,5.408478300253e+00  
  9.404003653169e-06  ,1.003576763510e+01  ,1.009401362944e+01  
  9.406473893166e-06  ,1.615872781467e+01  ,1.614664236725e+01  
  9.409168768167e-06  ,2.272629167469e+01  ,2.258222554402e+01  
  9.412145647645e-06  ,2.979000170350e+01  ,1.000405105520e+01  
  9.414262357593e-06  ,3.465780132010e+01  ,4.033353140975e+00  
  9.416834298015e-06  ,4.036430319648e+01  ,4.396145707121e+00  
  9.420481357217e-06  ,4.799614102539e+01  ,4.018201275720e+00  
  9.424214843154e-06  ,5.515613179935e+01  ,3.787594500001e+00  
  9.427510234952e-06  ,6.084918001094e+01  ,3.568594750899e+00  
  9.429904106498e-06  ,6.457940591087e+01  ,3.416833887199e+00  
  9.431093032896e-06  ,6.629758789497e+01  ,3.344041765911e+00  
  9.432745757937e-06  ,6.853190186668e+01  ,3.243675562584e+00  
  9.435172412038e-06  ,7.147619793022e+01  ,3.097405498082e+00  
  9.439870748162e-06  ,7.598351161400e+01  ,2.817671621434e+00  
  9.445434841752e-06  ,7.917865263454e+01  ,2.489443789956e+00  
  9.453034433961e-06  ,7.963676624808e+01  ,2.042558984455e+00  
  9.460571441293e-06  ,7.562847825099e+01  ,1.602333025428e+00  
  9.470345112920e-06  ,6.420774218385e+01  ,1.030462407075e+00  
  9.479169580579e-06  ,4.869510402530e+01  ,5.011891258121e-01  
  9.483909639955e-06  ,3.873914723805e+01  ,1.896312771533e-01  
  9.486302393913e-06  ,3.337314915058e+01  ,8.428868416385e-03  
  9.488111208618e-06  ,2.918991458173e+01  ,-1.412838471994e-01  
  9.490432437003e-06  ,2.368547070325e+01  ,-3.568125164567e-01  
  9.495074893773e-06  ,1.232881155995e+01  ,-8.980839369857e-01  
  9.498847867787e-06  ,2.894991859448e+00  ,-1.740766840354e+00  
  9.502097065985e-06  ,-5.266689871935e+00  ,-5.408518249195e+00  
  9.504003669560e-06  ,-1.003580850543e+01  ,-1.009405395916e+01  
  9.506473909557e-06  ,-1.615876816135e+01  ,-1.614668221233e+01  
  9.509168784559e-06  ,-2.272633117323e+01  ,-2.258226286271e+01  
  9.512145664036e-06  ,-2.979003993656e+01  ,-1.000393210493e+01  
  9.514262373984e-06  ,-3.465783844931e+01  ,-4.033308162299e+00  
  9.516834686935e-06  ,-4.036514711603e+01  ,-4.396155657570e+00  
  9.520481373608e-06  ,-4.799617398349e+01  ,-4.018190396350e+00  
  9.524214859545e-06  ,-5.515616163875e+01  ,-3.787596865625e+00  
  9.527510251343e-06  ,-6.084920675537e+01  ,-3.568595779722e+00  
  9.529904122889e-06  ,-6.457943022542e+01  ,-3.416833441080e+00  
  9.531093049288e-06  ,-6.629761095074e+01  ,-3.344040940971e+00  
  9.532745774329e-06  ,-6.853192311957e+01  ,-3.243674558352e+00  
  9.535172428429e-06  ,-7.147621643361e+01  ,-3.097404474854e+00  
  9.539870764554e-06  ,-7.598352450317e+01  ,-2.817670668905e+00  
  9.545434858143e-06  ,-7.917865852254e+01  ,-2.489442813069e+00  
  9.553034450352e-06  ,-7.963676232684e+01  ,-2.042558031294e+00  
  9.560571457684e-06  ,-7.562846481951e+01  ,-1.602332063066e+00  
  9.570345129311e-06  ,-6.420771760966e+01  ,-1.030461443341e+00  
  9.579169596970e-06  ,-4.869507134019e+01  ,-5.011881082616e-01  
  9.583909656346e-06  ,-3.873911119439e+01  ,-1.896301467180e-01  
  9.586302410305e-06  ,-3.337311171058e+01  ,-8.427621522290e-03  
  9.588111225009e-06  ,-2.918987622612e+01  ,1.412852195131e-01  
  9.590432453394e-06  ,-2.368543135441e+01  ,3.568141284649e-01  
  9.595074910164e-06  ,-1.232877085631e+01  ,8.980864796382e-01  
  9.598847884178e-06  ,-2.894950690659e+00  ,1.740772472574e+00  
  9.602097082376e-06  ,5.266730978335e+00  ,5.408558198155e+00  
  9.604003685951e-06  ,1.003584937577e+01  ,1.009409428889e+01  
  9.606473925948e-06  ,1.615880850802e+01  ,1.614672205740e+01  
  9.609168800950e-06  ,2.272637067177e+01  ,2.258230018136e+01  
  9.612145680428e-06  ,2.979007816962e+01  ,1.000381315568e+01  
  9.614262390375e-06  ,3.465787557851e+01  ,4.033263184114e+00  
  9.616834703326e-06  ,4.036518268338e+01  ,4.396159483898e+00  
  9.620481389999e-06  ,4.799620694158e+01  ,4.018187530686e+00  
  9.624214875936e-06  ,5.515619147813e+01  ,3.787596423111e+00  
  9.627510267734e-06  ,6.084923349979e+01  ,3.568595118170e+00  
  9.629904139280e-06  ,6.457945453996e+01  ,3.416832532017e+00  
  9.631093065679e-06  ,6.629763400649e+01  ,3.344039970452e+00  
  9.632745790720e-06  ,6.853194437245e+01  ,3.243673563326e+00  
  9.635172444820e-06  ,7.147623493698e+01  ,3.097403485274e+00  
  9.639870780945e-06  ,7.598353739232e+01  ,2.817669701355e+00  
  9.645434874535e-06  ,7.917866441051e+01  ,2.489441846178e+00  
  9.653034466743e-06  ,7.963675840558e+01  ,2.042557072349e+00  
  9.660571474075e-06  ,7.562845138801e+01  ,1.602331105050e+00  
  9.670345145702e-06  ,6.420769303545e+01  ,1.030460480647e+00  
  9.679169613361e-06  ,4.869503865507e+01  ,5.011870907503e-01  
  9.683909672737e-06  ,3.873907515073e+01  ,1.896290162777e-01  
  9.686302426696e-06  ,3.337307427057e+01  ,8.426374630168e-03  
  9.688111427665e-06  ,2.918940201062e+01  ,-1.413021277570e-01  
  9.690432656050e-06  ,2.368494485920e+01  ,-3.568340547652e-01  
  9.695075112820e-06  ,1.232826761108e+01  ,-8.981179262154e-01  
  9.698847341776e-06  ,2.896313002974e+00  ,-1.740611934278e+00  
  9.702096539974e-06  ,-5.265370729356e+00  ,-5.407237606956e+00  
  9.704003143549e-06  ,-1.003449693781e+01  ,-1.009276012108e+01  
  9.706473383546e-06  ,-1.615747339768e+01  ,-1.614540371133e+01  
  9.709169748664e-06  ,-2.272865439522e+01  ,-2.258446434353e+01  
  9.712145883083e-06  ,-2.979055086859e+01  ,-1.000050482134e+01  
  9.714263338089e-06  ,-3.466002230577e+01  ,-4.030270412989e+00  
  9.716835651040e-06  ,-4.036723910515e+01  ,-4.396427606519e+00  
  9.720482337713e-06  ,-4.799811249676e+01  ,-4.018007253633e+00  
  9.724215823650e-06  ,-5.515791671213e+01  ,-3.787576676900e+00  
  9.727509725332e-06  ,-6.084834849417e+01  ,-3.568656568801e+00  
  9.729903224349e-06  ,-6.457809732058e+01  ,-3.416896970198e+00  
  9.731091964483e-06  ,-6.629608504015e+01  ,-3.344109981265e+00  
  9.732744689524e-06  ,-6.853051652527e+01  ,-3.243740260839e+00  
  9.735170598566e-06  ,-7.147415066528e+01  ,-3.097513794539e+00  
  9.739868189633e-06  ,-7.598149948479e+01  ,-2.817823466710e+00  
  9.745430793107e-06  ,-7.917719765568e+01  ,-2.489681922517e+00  
  9.753030385315e-06  ,-7.963773414752e+01  ,-2.042796248015e+00  
  9.760567392647e-06  ,-7.563179521218e+01  ,-1.602569354902e+00  
  9.770342554390e-06  ,-6.421157778285e+01  ,-1.030612633577e+00  
  9.779168512166e-06  ,-4.869723447210e+01  ,-5.012569597850e-01  
  9.783909316599e-06  ,-3.873985827891e+01  ,-1.896568183505e-01  
  9.786303560674e-06  ,-3.337048408103e+01  ,-8.342651123071e-03  
  9.788111630321e-06  ,-2.918892779393e+01  ,1.413168734341e-01  
  9.790432858705e-06  ,-2.368445836303e+01  ,3.568541163152e-01  
  9.795075315475e-06  ,-1.232776436535e+01  ,8.981498711744e-01  
  9.798847544432e-06  ,-2.895804007263e+00  ,1.740681735098e+00  
  9.802096742630e-06  ,5.265878954427e+00  ,5.407731527135e+00  
  9.804003346205e-06  ,1.003500224464e+01  ,1.009325875239e+01  
  9.806473586202e-06  ,1.615797223066e+01  ,1.614589635527e+01  
  9.809169206262e-06  ,2.272734736099e+01  ,2.258322642449e+01  
  9.812145713210e-06  ,2.979015463570e+01  ,1.000266513592e+01  
  9.814262795687e-06  ,3.465879367946e+01  ,4.031957459450e+00  
  9.816835108638e-06  ,4.036606216374e+01  ,4.396277228124e+00  
  9.820481795311e-06  ,4.799702190120e+01  ,4.018109484334e+00  
  9.824215281248e-06  ,5.515692932004e+01  ,3.787588358889e+00  
  9.827509927988e-06  ,6.084867915767e+01  ,3.568628590456e+00  
  9.829903427005e-06  ,6.457839794706e+01  ,3.416880249070e+00  
  9.831092353404e-06  ,6.629663211310e+01  ,3.344084792160e+00  
  9.832745078444e-06  ,6.853102082166e+01  ,3.243716708406e+00  
  9.835171360016e-06  ,7.147501030930e+01  ,3.097468344700e+00  
  9.839868951082e-06  ,7.598209837012e+01  ,2.817778295204e+00  
  9.845432299614e-06  ,7.917773920525e+01  ,2.489593229609e+00  
  9.853031891823e-06  ,7.963737414112e+01  ,2.042708018872e+00  
  9.860568899155e-06  ,7.563056110861e+01  ,1.602481378809e+00  
  9.870344060898e-06  ,6.420931936447e+01  ,1.030524171711e+00  
  9.879168528557e-06  ,4.869720178784e+01  ,5.012547259585e-01  
  9.883909332991e-06  ,3.873982223547e+01  ,1.896539954573e-01  
  9.886303204536e-06  ,3.337129756168e+01  ,8.368936220415e-03  
  9.888111460447e-06  ,2.918932529918e+01  ,-1.413032092124e-01  
  9.890432688832e-06  ,2.368486616136e+01  ,-3.568373808850e-01  
  9.895075145602e-06  ,1.232818620372e+01  ,-8.981233941152e-01  
  9.898847374558e-06  ,2.896230665449e+00  ,-1.740623328441e+00  
  9.902096572757e-06  ,-5.265452942241e+00  ,-5.407317508542e+00  
  9.904003176331e-06  ,-1.003457867864e+01  ,-1.009284078397e+01  
  9.906473416328e-06  ,-1.615755409128e+01  ,-1.614548340639e+01  
  9.909169408917e-06  ,-2.272783570422e+01  ,-2.258368933756e+01  
  9.912145543337e-06  ,-2.978975840197e+01  ,-1.000290274511e+01  
  9.914262625813e-06  ,-3.465840888782e+01  ,-4.031893685226e+00  
  9.916834566235e-06  ,-4.036488521060e+01  ,-4.396294433288e+00  
  9.920481252909e-06  ,-4.799593129170e+01  ,-4.018158984217e+00  
  9.924214738846e-06  ,-5.515594191193e+01  ,-3.787621049095e+00  
  9.927510130644e-06  ,-6.084900981871e+01  ,-3.568612401189e+00  
  9.929904002190e-06  ,-6.457925118149e+01  ,-3.416843277195e+00  
  9.931092928588e-06  ,-6.629744117603e+01  ,-3.344049082504e+00  
  9.932745653629e-06  ,-6.853176662056e+01  ,-3.243681849742e+00  
  9.935171935201e-06  ,-7.147565964145e+01  ,-3.097433985996e+00  
  9.939870271325e-06  ,-7.598313664752e+01  ,-2.817699920071e+00  
  9.945433619857e-06  ,-7.917821365184e+01  ,-2.489515763011e+00  
  9.953033212066e-06  ,-7.963705849922e+01  ,-2.042630534108e+00  
  9.960570219397e-06  ,-7.562947945027e+01  ,-1.602404395199e+00  
  9.970345381141e-06  ,-6.420734005860e+01  ,-1.030446674055e+00  
  9.979169848800e-06  ,-4.869456917649e+01  ,-5.011727718970e-01  
  9.983909908175e-06  ,-3.873855743154e+01  ,-1.896132217430e-01  
  9.986302289605e-06  ,-3.337338740495e+01  ,-8.436709370283e-03  
  9.988111290574e-06  ,-2.918972280360e+01  ,1.412911295272e-01  
  9.990432518959e-06  ,-2.368527395903e+01  ,3.568205454789e-01  
  9.995074975729e-06  ,-1.232860804175e+01  ,8.980965482360e-01  
  9.998847949743e-06  ,-2.894786015500e+00  ,1.740794965398e+00  
  1.000209714794e-05  ,5.266895403919e+00  ,5.408717993892e+00  
  1.000400375152e-05  ,1.003601285707e+01  ,1.009425560767e+01  
  1.000647361898e-05  ,1.615805292416e+01  ,1.614597539123e+01  
  1.000916849399e-05  ,2.272563097085e+01  ,2.258160006895e+01  
  1.001214537346e-05  ,2.978936216739e+01  ,1.000598387775e+01  
  1.001426208341e-05  ,3.465718024830e+01  ,4.034087777628e+00  
  1.001683402383e-05  ,4.036370824574e+01  ,4.396083837792e+00  
  1.002048108304e-05  ,4.799558972432e+01  ,4.018248507242e+00  
  1.002421456897e-05  ,5.515563266543e+01  ,3.787602145743e+00  
  1.002751033330e-05  ,6.084934047728e+01  ,3.568581857403e+00  
  1.002990420485e-05  ,6.457955179792e+01  ,3.416825952309e+00  
  1.003109313124e-05  ,6.629772622931e+01  ,3.344035155501e+00  
  1.003274585629e-05  ,6.853202938375e+01  ,3.243669629897e+00  
  1.003517251039e-05  ,7.147630895027e+01  ,3.097399732598e+00  
  1.003987084651e-05  ,7.598358894871e+01  ,2.817665733311e+00  
  1.004543494010e-05  ,7.917868796221e+01  ,2.489438038876e+00  
  1.005303453231e-05  ,7.963674272033e+01  ,2.042553199073e+00  
  1.006057153964e-05  ,7.562839766182e+01  ,1.602327299569e+00  
  1.007034521127e-05  ,6.420759473846e+01  ,1.030456636138e+00  
  1.007916967893e-05  ,4.869490791448e+01  ,5.011830208603e-01  
  1.008390973830e-05  ,3.873893097599e+01  ,1.896244944429e-01  
  1.008630249226e-05  ,3.337292451045e+01  ,8.421387044342e-03  
  1.008811149323e-05  ,2.918924858772e+01  ,-1.413076170348e-01  
  1.009043272161e-05  ,2.368478746350e+01  ,-3.568405028538e-01  
  1.009507517838e-05  ,1.232810479636e+01  ,-8.981280971466e-01  
  1.009884740734e-05  ,2.896148327921e+00  ,-1.740634460081e+00  
  1.010209660554e-05  ,-5.265535155121e+00  ,-5.407397400815e+00  
  1.010400320911e-05  ,-1.003466041945e+01  ,-1.009292144001e+01  
  1.010647344911e-05  ,-1.615763478487e+01  ,-1.614556309217e+01  
  1.010916944170e-05  ,-2.272791470082e+01  ,-2.258376394016e+01  
  1.011214557612e-05  ,-2.978983486818e+01  ,-1.000266318028e+01  
  1.011426265860e-05  ,-3.465848314593e+01  ,-4.031803226492e+00  
  1.011683497155e-05  ,-4.036576469316e+01  ,-4.396308378545e+00  
  1.012048128569e-05  ,-4.799599720805e+01  ,-4.018145197948e+00  
  1.012421477163e-05  ,-5.515600159088e+01  ,-3.787622989379e+00  
  1.012751016343e-05  ,-6.084906330776e+01  ,-3.568612778667e+00  
  1.012990403497e-05  ,-6.457929981079e+01  ,-3.416841925258e+00  
  1.013109296137e-05  ,-6.629748728776e+01  ,-3.344047288507e+00  
  1.013274568641e-05  ,-6.853180912656e+01  ,-3.243679851042e+00  
  1.013517234051e-05  ,-7.147611718792e+01  ,-3.097409555865e+00  
  1.013987067664e-05  ,-7.598345537011e+01  ,-2.817676000990e+00  
  1.014543402517e-05  ,-7.917835927854e+01  ,-2.489491893229e+00  
  1.015303361738e-05  ,-7.963696157039e+01  ,-2.042606799254e+00  
  1.016057062471e-05  ,-7.562914735750e+01  ,-1.602380722976e+00  
  1.017034578645e-05  ,-6.420673239401e+01  ,-1.030422873283e+00  
  1.017917025411e-05  ,-4.869376095395e+01  ,-5.011476116377e-01  
  1.018391031349e-05  ,-3.873766616315e+01  ,-1.895852686968e-01  
  1.018630194986e-05  ,-3.337416343094e+01  ,-8.462181901412e-03  
  1.018811113709e-05  ,-2.919008195162e+01  ,1.412792025903e-01  
  1.019043236548e-05  ,-2.368564240721e+01  ,3.568054018912e-01  
  1.019507482225e-05  ,-1.232898917580e+01  ,8.980725293499e-01  
  1.019884779626e-05  ,-2.895171505098e+00  ,1.740742153971e+00  
  1.020209699446e-05  ,5.266510498499e+00  ,5.408343925859e+00  
  1.020400359803e-05  ,1.003563016210e+01  ,1.009387797484e+01  
  1.020647383803e-05  ,1.615859210307e+01  ,1.614650834307e+01  
  1.020916871303e-05  ,2.272615881588e+01  ,2.258210001914e+01  
  1.021214559251e-05  ,2.978987310128e+01  ,1.000445128864e+01  
  1.021426230246e-05  ,3.465767643085e+01  ,4.033504473826e+00  
  1.021683424288e-05  ,4.036418355987e+01  ,4.396132842474e+00  
  1.022048130208e-05  ,4.799603016620e+01  ,4.018210913457e+00  
  1.022421478802e-05  ,5.515603143034e+01  ,3.787595988715e+00  
  1.022751017982e-05  ,6.084909005226e+01  ,3.568596976228e+00  
  1.022990405136e-05  ,6.457932412541e+01  ,3.416836944900e+00  
  1.023109297776e-05  ,6.629751034361e+01  ,3.344045030297e+00  
  1.023274570280e-05  ,6.853183037953e+01  ,3.243678909385e+00  
  1.023517235690e-05  ,7.147613569139e+01  ,3.097408826580e+00  
  1.023987069303e-05  ,7.598346825936e+01  ,2.817674875860e+00  
  1.024543404156e-05  ,7.917836516759e+01  ,2.489490998053e+00  
  1.025303363377e-05  ,7.963695765020e+01  ,2.042605780801e+00  
  1.026057064110e-05  ,7.562913392702e+01  ,1.602379798768e+00  
  1.027034580284e-05  ,6.420670781912e+01  ,1.030421918062e+00  
  1.027917027050e-05  ,4.869372826832e+01  ,5.011465938870e-01  
  1.028391032988e-05  ,3.873763011908e+01  ,1.895841378735e-01  
  1.028630196625e-05  ,3.337412599119e+01  ,8.460934813130e-03  
  1.028811115348e-05  ,2.919004359604e+01  ,-1.412805750432e-01  
  1.029043238187e-05  ,2.368560305841e+01  ,-3.568070139684e-01  
  1.029507483864e-05  ,1.232894847219e+01  ,-8.980750720162e-01  
  1.029884781265e-05  ,2.895130336312e+00  ,-1.740747786095e+00  
  1.030209701085e-05  ,-5.266551604906e+00  ,-5.408383874755e+00  
  1.030400361443e-05  ,-1.003567103244e+01  ,-1.009391830457e+01  
  1.030647385442e-05  ,-1.615863244976e+01  ,-1.614654818817e+01  
  1.030916872942e-05  ,-2.272619831444e+01  ,-2.258213733815e+01  
  1.031214560890e-05  ,-2.978991133437e+01  ,-1.000433234109e+01  
  1.031426231885e-05  ,-3.465771356009e+01  ,-4.033459495417e+00  
  1.031683425927e-05  ,-4.036421912751e+01  ,-4.396136665500e+00  
  1.032048131847e-05  ,-4.799606312434e+01  ,-4.018208048603e+00  
  1.032421480441e-05  ,-5.515606126979e+01  ,-3.787595545875e+00  
  1.032751019621e-05  ,-6.084911679674e+01  ,-3.568596314495e+00  
  1.032990406775e-05  ,-6.457934844002e+01  ,-3.416836035790e+00  
  1.033109299415e-05  ,-6.629753339943e+01  ,-3.344044059761e+00  
  1.033274571919e-05  ,-6.853185163248e+01  ,-3.243677914362e+00  
  1.033517237329e-05  ,-7.147615419484e+01  ,-3.097407837005e+00  
  1.033987070942e-05  ,-7.598348114860e+01  ,-2.817673908310e+00  
  1.034543480301e-05  ,-7.917863871736e+01  ,-2.489446075299e+00  
  1.035303439522e-05  ,-7.963677551638e+01  ,-2.042561251032e+00  
  1.036057140255e-05  ,-7.562850999805e+01  ,-1.602335289820e+00  
  1.037034507418e-05  ,-6.420780026825e+01  ,-1.030464682530e+00  
  1.037916954184e-05  ,-4.869518128098e+01  ,-5.011915308383e-01  
  1.038390960121e-05  ,-3.873923243212e+01  ,-1.896339490985e-01  
  1.038630235517e-05  ,-3.337323764513e+01  ,-8.431815610403e-03  
  1.038811116987e-05  ,-2.919000524045e+01  ,1.412806035709e-01  
  1.039043239826e-05  ,-2.368556370959e+01  ,3.568087062852e-01  
  1.039507485503e-05  ,-1.232890776856e+01  ,8.980779271145e-01  
  1.039884782904e-05  ,-2.895089167530e+00  ,1.740753527948e+00  
  1.040209702724e-05  ,5.266592711307e+00  ,5.408423824410e+00  
  1.040400363082e-05  ,1.003571190278e+01  ,1.009395863433e+01  
  1.040647387081e-05  ,1.615867279644e+01  ,1.614658803302e+01  
  1.040916874582e-05  ,2.272623781300e+01  ,2.258217465471e+01  
  1.041214562529e-05  ,2.978994956745e+01  ,1.000421326000e+01  
  1.041426233524e-05  ,3.465775068931e+01  ,4.033414475784e+00  
  1.041683427566e-05  ,4.036425469515e+01  ,4.396140493747e+00  
  1.042048133487e-05  ,4.799609608247e+01  ,4.018205182392e+00  
  1.042421482080e-05  ,5.515609110922e+01  ,3.787595103827e+00  
  1.042751021260e-05  ,6.084914354121e+01  ,3.568595653248e+00  
  1.042990408415e-05  ,6.457937275461e+01  ,3.416835126893e+00  
  1.043109301054e-05  ,6.629755645524e+01  ,3.344043089366e+00  
  1.043274573559e-05  ,6.853187288541e+01  ,3.243676919435e+00  
  1.043517238969e-05  ,7.147617269827e+01  ,3.097406847505e+00  
  1.043987072581e-05  ,7.598349403781e+01  ,2.817672940820e+00  
  1.044543481940e-05  ,7.917864460541e+01  ,2.489445108444e+00  
  1.045303441161e-05  ,7.963677159520e+01  ,2.042560292108e+00  
  1.046057141894e-05  ,7.562849656662e+01  ,1.602334331814e+00  
  1.047034509057e-05  ,6.420777569410e+01  ,1.030463719840e+00  
  1.047916955823e-05  ,4.869514859590e+01  ,5.011905133286e-01  
  1.048390961760e-05  ,3.873919638849e+01  ,1.896328186614e-01  
  1.048630237156e-05  ,3.337320020515e+01  ,8.430568723528e-03  
  1.048811118627e-05  ,2.918996688486e+01  ,-1.412819758731e-01  
  1.049043241465e-05  ,2.368552436078e+01  ,-3.568103182785e-01  
  1.049507487142e-05  ,1.232886706494e+01  ,-8.980804697484e-01  
  1.049884784544e-05  ,2.895047998743e+00  ,-1.740759160097e+00  
  1.050209704363e-05  ,-5.266633817711e+00  ,-5.408463773331e+00  
  1.050400364721e-05  ,-1.003575277312e+01  ,-1.009399896405e+01  
  1.050647388721e-05  ,-1.615871314312e+01  ,-1.614662787810e+01  
  1.050916876221e-05  ,-2.272627731155e+01  ,-2.258221197352e+01  
  1.051214564168e-05  ,-2.978998780053e+01  ,-1.000409430992e+01  
  1.051426235163e-05  ,-3.465778781853e+01  ,-4.033369496933e+00  
  1.051683429205e-05  ,-4.036429026277e+01  ,-4.396144316881e+00  
  1.052048135126e-05  ,-4.799612904059e+01  ,-4.018202317502e+00  
  1.052421483719e-05  ,-5.515612094863e+01  ,-3.787594661019e+00  
  1.052751022899e-05  ,-6.084917028566e+01  ,-3.568594991525e+00  
  1.052990410054e-05  ,-6.457939706918e+01  ,-3.416834217784e+00  
  1.053109302694e-05  ,-6.629757951103e+01  ,-3.344042118833e+00  
  1.053274575198e-05  ,-6.853189413833e+01  ,-3.243675924411e+00  
  1.053517240608e-05  ,-7.147619120169e+01  ,-3.097405857930e+00  
  1.053987074220e-05  ,-7.598350692701e+01  ,-2.817671973272e+00  
  1.054543483579e-05  ,-7.917865049344e+01  ,-2.489444141553e+00  
  1.055303442800e-05  ,-7.963676767398e+01  ,-2.042559333163e+00  
  1.056057143533e-05  ,-7.562848313517e+01  ,-1.602333373798e+00  
  1.057034510696e-05  ,-6.420775111994e+01  ,-1.030462757146e+00  
  1.057916957462e-05  ,-4.869511591082e+01  ,-5.011894958174e-01  
  1.058390963399e-05  ,-3.873916034486e+01  ,-1.896316882230e-01  
  1.058630238795e-05  ,-3.337316276516e+01  ,-8.429321832327e-03  
  1.058811120266e-05  ,-2.918992852926e+01  ,1.412833481779e-01  
  1.059043243104e-05  ,-2.368548501195e+01  ,3.568119302744e-01  
  1.059507488781e-05  ,-1.232882636131e+01  ,8.980830123858e-01  
  1.059884786183e-05  ,-2.895006829955e+00  ,1.740764792276e+00  
  1.060209706002e-05  ,5.266674924113e+00  ,5.408503722267e+00  
  1.060400366360e-05  ,1.003579364345e+01  ,1.009403929377e+01  
  1.060647390360e-05  ,1.615875348979e+01  ,1.614666772317e+01  
  1.060916877860e-05  ,2.272631681009e+01  ,2.258224929225e+01  
  1.061214565808e-05  ,2.979002603359e+01  ,1.000397535972e+01  
  1.061426236802e-05  ,3.465782494775e+01  ,4.033324518213e+00  
  1.061683430845e-05  ,4.036432583038e+01  ,4.396148140031e+00  
  1.062048136765e-05  ,4.799616199869e+01  ,4.018199452608e+00  
  1.062421485358e-05  ,5.515615078803e+01  ,3.787594218223e+00  
  1.062751024538e-05  ,6.084919703010e+01  ,3.568594329808e+00  
  1.062990411693e-05  ,6.457942138374e+01  ,3.416833308677e+00  
  1.063109304333e-05  ,6.629760256680e+01  ,3.344041148297e+00  
  1.063274576837e-05  ,6.853191539123e+01  ,3.243674929388e+00  
  1.063517242247e-05  ,7.147620970509e+01  ,3.097404868354e+00  
  1.063987075859e-05  ,7.598351981619e+01  ,2.817671005720e+00  
  1.064543485218e-05  ,7.917865638144e+01  ,2.489443174663e+00  
  1.065303444439e-05  ,7.963676375275e+01  ,2.042558374218e+00  
  1.066057145172e-05  ,7.562846970370e+01  ,1.602332415782e+00  
  1.067034512335e-05  ,6.420772654575e+01  ,1.030461794452e+00  
  1.067916959101e-05  ,4.869508322572e+01  ,5.011884783060e-01  
  1.068390965039e-05  ,3.873912430121e+01  ,1.896305577842e-01  
  1.068630240434e-05  ,3.337312532517e+01  ,8.428074941666e-03  
  1.068811121905e-05  ,2.918989017365e+01  ,-1.412847204835e-01  
  1.069043244743e-05  ,2.368544566312e+01  ,-3.568135422723e-01  
  1.069507490420e-05  ,1.232878565768e+01  ,-8.980855550309e-01  
  1.069884787822e-05  ,2.894965661171e+00  ,-1.740770424482e+00  
  1.070209707642e-05  ,-5.266716030510e+00  ,-5.408543671214e+00  
  1.070400367999e-05  ,-1.003583451378e+01  ,-1.009407962349e+01  
  1.070647391999e-05  ,-1.615879383646e+01  ,-1.614670756824e+01  
  1.070916879499e-05  ,-2.272635630863e+01  ,-2.258228661090e+01  
  1.071214567447e-05  ,-2.979006426665e+01  ,-1.000385640936e+01  
  1.071426238441e-05  ,-3.465786207694e+01  ,-4.033279539620e+00  
  1.071683469737e-05  ,-4.036516974976e+01  ,-4.396158092529e+00  
  1.072048138404e-05  ,-4.799619495679e+01  ,-4.018188572740e+00  
  1.072421486998e-05  ,-5.515618062742e+01  ,-3.787596584028e+00  
  1.072751026177e-05  ,-6.084922377452e+01  ,-3.568595358735e+00  
  1.072990413332e-05  ,-6.457944569828e+01  ,-3.416832862587e+00  
  1.073109305972e-05  ,-6.629762562256e+01  ,-3.344040323370e+00  
  1.073274578476e-05  ,-6.853193664411e+01  ,-3.243673925156e+00  
  1.073517243886e-05  ,-7.147622820846e+01  ,-3.097403845122e+00  
  1.073987077498e-05  ,-7.598353270534e+01  ,-2.817670053194e+00  
  1.074543486857e-05  ,-7.917866226943e+01  ,-2.489442197776e+00  
  1.075303446078e-05  ,-7.963675983150e+01  ,-2.042557421058e+00  
  1.076057146811e-05  ,-7.562845627221e+01  ,-1.602331453420e+00  
  1.077034513974e-05  ,-6.420770197155e+01  ,-1.030460830719e+00  
  1.077916960740e-05  ,-4.869505054060e+01  ,-5.011874607551e-01  
  1.078390966678e-05  ,-3.873908825755e+01  ,-1.896294273484e-01  
  1.078630242074e-05  ,-3.337308788516e+01  ,-8.426828046951e-03  
  1.078811123544e-05  ,-2.918985181804e+01  ,1.412860927981e-01  
  1.079043246382e-05  ,-2.368540631429e+01  ,3.568151542796e-01  
  1.079507492059e-05  ,-1.232874495404e+01  ,8.980880976884e-01  
  1.079884789461e-05  ,-2.894924492378e+00  ,1.740776056723e+00  
  1.080209709281e-05  ,5.266757136914e+00  ,5.408583620189e+00  
  1.080400369638e-05  ,1.003587538412e+01  ,1.009411995322e+01  
  1.080647356385e-05  ,1.615791721231e+01  ,1.614584136644e+01  
  1.080916881138e-05  ,2.272639580717e+01  ,2.258232429967e+01  
  1.081214569086e-05  ,2.979010249970e+01  ,1.000375004539e+01  
  1.081426277333e-05  ,3.465874304900e+01  ,4.032525995146e+00  
  1.081683471376e-05  ,4.036520531711e+01  ,4.396205383603e+00  
  1.082048177296e-05  ,4.799697695874e+01  ,4.018140398259e+00  
  1.082421525890e-05  ,5.515688863042e+01  ,3.787578711954e+00  
  1.082750990564e-05  ,6.084864268753e+01  ,3.568623566267e+00  
  1.082990340465e-05  ,6.457836478983e+01  ,3.416879876027e+00  
  1.083109233105e-05  ,6.629660067237e+01  ,3.344085595460e+00  
  1.083274505609e-05  ,6.853099183937e+01  ,3.243718074083e+00  
  1.083517133766e-05  ,7.147498507569e+01  ,3.097469787036e+00  
  1.083986892873e-05  ,7.598208079092e+01  ,2.817779546520e+00  
  1.084543227726e-05  ,7.917773117168e+01  ,2.489594572085e+00  
  1.085303186947e-05  ,7.963737948376e+01  ,2.042709301066e+00  
  1.086056887680e-05  ,7.563057942000e+01  ,1.602482697314e+00  
  1.087034403855e-05  ,6.420935287324e+01  ,1.030525486977e+00  
  1.087916999632e-05  ,4.869427500820e+01  ,5.011648302244e-01  
  1.088391080075e-05  ,3.873659466675e+01  ,1.895544615128e-01  
  1.088630318218e-05  ,3.337134861686e+01  ,8.370510974185e-03  
  1.088811236942e-05  ,2.918719828780e+01  ,-1.413808576279e-01  
  1.089043359780e-05  ,2.368268407477e+01  ,-3.569266694176e-01  
  1.089507605457e-05  ,1.232592899438e+01  ,-8.982640420516e-01  
  1.089884828353e-05  ,2.893947669017e+00  ,-1.740935535852e+00  
  1.090209748173e-05  ,-5.267732479303e+00  ,-5.409532859337e+00  
  1.090400408530e-05  ,-1.003684512488e+01  ,-1.009507725396e+01  
  1.090647358024e-05  ,-1.615795755906e+01  ,-1.614588091162e+01  
  1.090916808271e-05  ,-2.272463991192e+01  ,-2.258066110313e+01  
  1.091214533472e-05  ,-2.978927179794e+01  ,-1.000721212564e+01  
  1.091426167214e-05  ,-3.465624863576e+01  ,-4.035421787721e+00  
  1.091683324003e-05  ,-4.036200744611e+01  ,-4.395957474554e+00  
  1.092048029923e-05  ,-4.799401370272e+01  ,-4.018367627751e+00  
  1.092421378517e-05  ,-5.515420577090e+01  ,-3.787630651378e+00  
  1.092751066709e-05  ,-6.084988508600e+01  ,-3.568545228363e+00  
  1.092990491116e-05  ,-6.458059951413e+01  ,-3.416777560353e+00  
  1.093109402382e-05  ,-6.629898168934e+01  ,-3.343978918070e+00  
  1.093274674886e-05  ,-6.853318666798e+01  ,-3.243615539332e+00  
  1.093517377549e-05  ,-7.147773701111e+01  ,-3.097324144646e+00  
  1.093987285668e-05  ,-7.598516946447e+01  ,-2.817546447966e+00  
  1.094543769532e-05  ,-7.917967736532e+01  ,-2.489276069348e+00  
  1.095303728753e-05  ,-7.963608327772e+01  ,-2.042391684971e+00  
  1.096057280475e-05  ,-7.562736092758e+01  ,-1.602253592976e+00  
  1.097034647638e-05  ,-6.420569799983e+01  ,-1.030382404222e+00  
  1.097916945392e-05  ,-4.869535659164e+01  ,-5.011957702625e-01  
  1.098390876824e-05  ,-3.874106409027e+01  ,-1.896885932188e-01  
  1.098630152220e-05  ,-3.337514026529e+01  ,-8.493474646468e-03  
  1.098811033690e-05  ,-2.919195439193e+01  ,1.412114092848e-01  
  1.099043156528e-05  ,-2.368756333688e+01  ,3.567267684775e-01  
  1.099507402205e-05  ,-1.233097624870e+01  ,8.979486077578e-01  
  1.099884699607e-05  ,-2.897181289567e+00  ,1.740467311926e+00  
  1.100209619427e-05  ,5.264503756620e+00  ,5.406393707379e+00  
  1.100400279784e-05  ,1.003363494280e+01  ,1.009190914524e+01  
  1.100647378290e-05  ,1.615845639140e+01  ,1.614637526344e+01  
  1.100917014801e-05  ,2.272961671284e+01  ,2.258537562675e+01  
  1.101214628243e-05  ,2.979148236003e+01  ,9.997709188883e+00  
  1.101426448250e-05  ,3.466261453919e+01  ,4.027782845434e+00  
  1.101683716798e-05  ,4.037053059880e+01  ,4.396623811950e+00  
  1.102048422718e-05  ,4.800191149547e+01  ,4.017760293158e+00  
  1.102421696806e-05  ,5.515999994833e+01  ,3.787541646072e+00  
  1.102750863457e-05  ,6.084656870406e+01  ,3.568754107962e+00  
  1.102990138853e-05  ,6.457537387903e+01  ,3.417019294349e+00  
  1.103109012866e-05  ,6.629350255448e+01  ,3.344225276612e+00  
  1.103274285370e-05  ,6.852813595356e+01  ,3.243851425247e+00  
  1.103516801769e-05  ,7.147123665566e+01  ,3.097668009481e+00  
  1.103986262852e-05  ,7.597712431109e+01  ,2.818153588601e+00  
  1.104542374188e-05  ,7.917466056741e+01  ,2.490096143585e+00  
  1.105302184397e-05  ,7.963977187929e+01  ,2.043297246667e+00  
  1.106056034142e-05  ,7.563756919947e+01  ,1.602980527927e+00  
  1.107033848339e-05  ,6.421767993087e+01  ,1.030851551100e+00  
  1.107916593128e-05  ,4.870238059708e+01  ,5.014189712543e-01  
  1.108390822583e-05  ,3.874225678363e+01  ,1.897368360579e-01  
  1.108630582267e-05  ,3.336531719017e+01  ,8.175228672234e-03  
  1.108811221594e-05  ,2.918755744058e+01  ,-1.413610308205e-01  
  1.109043344432e-05  ,2.368305252683e+01  ,-3.569119881373e-01  
  1.109507590109e-05  ,1.232631013045e+01  ,-8.982418316726e-01  
  1.109884813005e-05  ,2.894333158756e+00  ,-1.740883343093e+00  
  1.110209732825e-05  ,-5.267347574154e+00  ,-5.409158806481e+00  
  1.110400393182e-05  ,-1.003646243042e+01  ,-1.009469963354e+01  
  1.110647342676e-05  ,-1.615757976647e+01  ,-1.614550783214e+01  
  1.110916830176e-05  ,-2.272516775897e+01  ,-2.258116154894e+01  
  1.111214518124e-05  ,-2.978891379562e+01  ,-1.000733949272e+01  
  1.111426151866e-05  ,-3.465590096729e+01  ,-4.035315860192e+00  
  1.111683308655e-05  ,-4.036167439694e+01  ,-4.395984377746e+00  
  1.112048014575e-05  ,-4.799370508672e+01  ,-4.018374699846e+00  
  1.112421363169e-05  ,-5.515392635608e+01  ,-3.787642477518e+00  
  1.112751051360e-05  ,-6.084963466406e+01  ,-3.568555786721e+00  
  1.112990475768e-05  ,-6.458037184853e+01  ,-3.416787237966e+00  
  1.113109387034e-05  ,-6.629876581261e+01  ,-3.343988368836e+00  
  1.113274659538e-05  ,-6.853298767302e+01  ,-3.243624833972e+00  
  1.113517362201e-05  ,-7.147756376592e+01  ,-3.097333329966e+00  
  1.113987270319e-05  ,-7.598504879826e+01  ,-2.817555549249e+00  
  1.114543754184e-05  ,-7.917962226545e+01  ,-2.489285099728e+00  
  1.115303713405e-05  ,-7.963612002818e+01  ,-2.042400680013e+00  
  1.116057265127e-05  ,-7.562748670972e+01  ,-1.602262553046e+00  
  1.117034632289e-05  ,-6.420592811606e+01  ,-1.030391416155e+00  
  1.117916930044e-05  ,-4.869566264153e+01  ,-5.012052978645e-01  
  1.118390935981e-05  ,-3.873976325530e+01  ,-1.896489004057e-01  
  1.118630211377e-05  ,-3.337378903295e+01  ,-8.449554689656e-03  
  1.118811092848e-05  ,-2.919057011291e+01  ,1.412605219358e-01  
  1.119043215686e-05  ,-2.368614320972e+01  ,3.567849662812e-01  
  1.119507461363e-05  ,-1.232950722166e+01  ,8.980404588665e-01  
  1.119884758764e-05  ,-2.895695471461e+00  ,1.740670578303e+00  
  1.120209678584e-05  ,5.265987325859e+00  ,5.407835483655e+00  
  1.120400338942e-05  ,1.003510999377e+01  ,1.009336468390e+01  
  1.120647362941e-05  ,1.615807859931e+01  ,1.614600121809e+01  
  1.120916924947e-05  ,2.272745149302e+01  ,2.258332448533e+01  
  1.121214575642e-05  ,2.979025543181e+01  ,1.000233691668e+01  
  1.121426283890e-05  ,3.465889156483e+01  ,4.031834339800e+00  
  1.121683515185e-05  ,4.036615593142e+01  ,4.396287839714e+00  
  1.122048183852e-05  ,4.799710878977e+01  ,4.018101744522e+00  
  1.122421532446e-05  ,5.515700798643e+01  ,3.787587247443e+00  
  1.122750997120e-05  ,6.084874966644e+01  ,3.568626874318e+00  
  1.122990347022e-05  ,6.457846205086e+01  ,3.416877854087e+00  
  1.123109239662e-05  ,6.629669289834e+01  ,3.344082228843e+00  
  1.123274512166e-05  ,6.853107685393e+01  ,3.243714077992e+00  
  1.123517140323e-05  ,7.147505909410e+01  ,3.097465729241e+00  
  1.123986899430e-05  ,7.598213235642e+01  ,2.817775740622e+00  
  1.124543234283e-05  ,7.917775473669e+01  ,2.489590677676e+00  
  1.125303193504e-05  ,7.963736381190e+01  ,2.042705489485e+00  
  1.126056894237e-05  ,7.563052570652e+01  ,1.602478852315e+00  
  1.127034410411e-05  ,6.420925458085e+01  ,1.030521633416e+00  
  1.127916857177e-05  ,4.869711562023e+01  ,5.012520433724e-01  
  1.128390937620e-05  ,3.873972721183e+01  ,1.896510151915e-01  
  1.128630324775e-05  ,3.337119885510e+01  ,8.365648824130e-03  
  1.128811150366e-05  ,2.918922417956e+01  ,-1.413068271852e-01  
  1.129043273205e-05  ,2.368476242331e+01  ,-3.568416308083e-01  
  1.129507518882e-05  ,1.232807889406e+01  ,-8.981300977289e-01  
  1.129884741777e-05  ,2.896122129667e+00  ,-1.740638175106e+00  
  1.130209661597e-05  ,-5.265561313712e+00  ,-5.407422827239e+00  
  1.130400321954e-05  ,-1.003468642784e+01  ,-1.009294710778e+01  
  1.130647345954e-05  ,-1.615766046006e+01  ,-1.614558845281e+01  
  1.130916945213e-05  ,-2.272793983605e+01  ,-2.258378771513e+01  
  1.131214558655e-05  ,-2.978985919829e+01  ,-1.000258911157e+01  
  1.131426266903e-05  ,-3.465850677345e+01  ,-4.031775114419e+00  
  1.131683498198e-05  ,-4.036578732677e+01  ,-4.396310751493e+00  
  1.132048129612e-05  ,-4.799601818138e+01  ,-4.018143392245e+00  
  1.132421478206e-05  ,-5.515602057960e+01  ,-3.787622699484e+00  
  1.132751017386e-05  ,-6.084908032695e+01  ,-3.568612352637e+00  
  1.132990404540e-05  ,-6.457931528370e+01  ,-3.416841344906e+00  
  1.133109297180e-05  ,-6.629750195964e+01  ,-3.344046669876e+00  
  1.133274569684e-05  ,-6.853182265115e+01  ,-3.243679217263e+00  
  1.133517235094e-05  ,-7.147612896283e+01  ,-3.097408925706e+00  
  1.133987068707e-05  ,-7.598346357235e+01  ,-2.817675384883e+00  
  1.134543403560e-05  ,-7.917836302611e+01  ,-2.489491277729e+00  
  1.135303362781e-05  ,-7.963695907573e+01  ,-2.042606188883e+00  
  1.136057063514e-05  ,-7.562913881085e+01  ,-1.602380113278e+00  
  1.137034579688e-05  ,-6.420671675547e+01  ,-1.030422260639e+00  
  1.137917026454e-05  ,-4.869374015404e+01  ,-5.011469641190e-01  
  1.138391032392e-05  ,-3.873764322606e+01  ,-1.895845493101e-01  
  1.138630196029e-05  ,-3.337413960569e+01  ,-8.461388437692e-03  
  1.138811114752e-05  ,-2.919005754357e+01  ,1.412800758774e-01  
  1.139043237591e-05  ,-2.368561736711e+01  ,3.568064277029e-01  
  1.139507483268e-05  ,-1.232896327355e+01  ,8.980741473770e-01  
  1.139884780669e-05  ,-2.895145306828e+00  ,1.740745738020e+00  
  1.140209700489e-05  ,5.266536657074e+00  ,5.408369347832e+00  
  1.140400360847e-05  ,1.003565617045e+01  ,1.009390363916e+01  
  1.140647384846e-05  ,1.615861777819e+01  ,1.614653369899e+01  
  1.140916872346e-05  ,2.272618395128e+01  ,2.258212376754e+01  
  1.141214560294e-05  ,2.978989743139e+01  ,1.000437559355e+01  
  1.141426231289e-05  ,3.465770005850e+01  ,4.033475850819e+00  
  1.141683425331e-05  ,4.036420619378e+01  ,4.396135275350e+00  
  1.142048131251e-05  ,4.799605113953e+01  ,4.018209090355e+00  
  1.142421479845e-05  ,5.515605041905e+01  ,3.787595706912e+00  
  1.142751019025e-05  ,6.084910707145e+01  ,3.568596555128e+00  
  1.142990406179e-05  ,6.457933959832e+01  ,3.416836366377e+00  
  1.143109298819e-05  ,6.629752501547e+01  ,3.344044412684e+00  
  1.143274571323e-05  ,6.853184390411e+01  ,3.243678276190e+00  
  1.143517236733e-05  ,7.147614746629e+01  ,3.097408196851e+00  
  1.143987070346e-05  ,7.598347646159e+01  ,2.817674260147e+00  
  1.144543479705e-05  ,7.917863657624e+01  ,2.489446426896e+00  
  1.145303438926e-05  ,7.963677694227e+01  ,2.042561599740e+00  
  1.146057139659e-05  ,7.562851488222e+01  ,1.602335638191e+00  
  1.147034506822e-05  ,6.420780920433e+01  ,1.030465032602e+00  
  1.147916953588e-05  ,4.869519316649e+01  ,5.011919008434e-01  
  1.148390959525e-05  ,3.873924553893e+01  ,1.896343601680e-01  
  1.148630234921e-05  ,3.337325125971e+01  ,8.432269025827e-03  
  1.148811116391e-05  ,2.919001918799e+01  ,-1.412801045502e-01  
  1.149043239230e-05  ,2.368557801830e+01  ,-3.568081201042e-01  
  1.149507484907e-05  ,1.232892256993e+01  ,-8.980770025193e-01  
  1.149884782308e-05  ,2.895104138046e+00  ,-1.740751479895e+00  
  1.150209702128e-05  ,-5.266577763475e+00  ,-5.408409297487e+00  
  1.150400362486e-05  ,-1.003569704079e+01  ,-1.009394396893e+01  
  1.150647386485e-05  ,-1.615865812487e+01  ,-1.614657354385e+01  
  1.150916873986e-05  ,-2.272622344984e+01  ,-2.258216108417e+01  
  1.151214561933e-05  ,-2.978993566447e+01  ,-1.000425651467e+01  
  1.151426232928e-05  ,-3.465773718773e+01  ,-4.033430831815e+00  
  1.151683426970e-05  ,-4.036424176142e+01  ,-4.396139103516e+00  
  1.152048132890e-05  ,-4.799608409766e+01  ,-4.018206224173e+00  
  1.152421481484e-05  ,-5.515608025848e+01  ,-3.787595264849e+00  
  1.152751020664e-05  ,-6.084913381592e+01  ,-3.568595893875e+00  
  1.152990407819e-05  ,-6.457936391292e+01  ,-3.416835457479e+00  
  1.153109300458e-05  ,-6.629754807128e+01  ,-3.344043442289e+00  
  1.153274572963e-05  ,-6.853186515705e+01  ,-3.243677281263e+00  
  1.153517238373e-05  ,-7.147616596973e+01  ,-3.097407207353e+00  
  1.153987071985e-05  ,-7.598348935081e+01  ,-2.817673292659e+00  
  1.154543481344e-05  ,-7.917864246430e+01  ,-2.489445460042e+00  
  1.155303440565e-05  ,-7.963677302109e+01  ,-2.042560640817e+00  
  1.156057141298e-05  ,-7.562850145080e+01  ,-1.602334680184e+00  
  1.157034508461e-05  ,-6.420778463019e+01  ,-1.030464069912e+00  
  1.157916955227e-05  ,-4.869516048142e+01  ,-5.011908833337e-01  
  1.158390961164e-05  ,-3.873920949531e+01  ,-1.896332297311e-01  
  1.158630236560e-05  ,-3.337321381973e+01  ,-8.431022139207e-03  
  1.158811118031e-05  ,-2.918998083240e+01  ,1.412814768521e-01  
  1.159043240869e-05  ,-2.368553866949e+01  ,3.568097320968e-01  
  1.159507486546e-05  ,-1.232888186630e+01  ,8.980795451510e-01  
  1.159884783947e-05  ,-2.895062969260e+00  ,1.740757112033e+00  
  1.160209703767e-05  ,5.266618869879e+00  ,5.408449246402e+00  
  1.160400364125e-05  ,1.003573791113e+01  ,1.009398429865e+01  
  1.160647388124e-05  ,1.615869847155e+01  ,1.614661338893e+01  
  1.160916875625e-05  ,2.272626294839e+01  ,2.258219840301e+01  
  1.161214563572e-05  ,2.978997389755e+01  ,1.000413756465e+01  
  1.161426234567e-05  ,3.465777431696e+01  ,4.033385852916e+00  
  1.161683428609e-05  ,4.036427732905e+01  ,4.396142926647e+00  
  1.162048134530e-05  ,4.799611705578e+01  ,4.018203359282e+00  
  1.162421483123e-05  ,5.515611009790e+01  ,3.787594822039e+00  
  1.162751022303e-05  ,6.084916056038e+01  ,3.568595232153e+00  
  1.162990409458e-05  ,6.457938822749e+01  ,3.416834548370e+00  
  1.163109302098e-05  ,6.629757112708e+01  ,3.344042471756e+00  
  1.163274574602e-05  ,6.853188640997e+01  ,3.243676286239e+00  
  1.163517240012e-05  ,7.147618447316e+01  ,3.097406217778e+00  
  1.163987073624e-05  ,7.598350224002e+01  ,2.817672325109e+00  
  1.164543482983e-05  ,7.917864835233e+01  ,2.489444493152e+00  
  1.165303442204e-05  ,7.963676909989e+01  ,2.042559681872e+00  
  1.166057142937e-05  ,7.562848801935e+01  ,1.602333722168e+00  
  1.167034510100e-05  ,6.420776005603e+01  ,1.030463107218e+00  
  1.167916956866e-05  ,4.869512779635e+01  ,5.011898658230e-01  
  1.168390962803e-05  ,3.873917345168e+01  ,1.896320992930e-01  
  1.168630238199e-05  ,3.337317637975e+01  ,8.429775248354e-03  
  1.168811119670e-05  ,2.918994247680e+01  ,-1.412828491564e-01  
  1.169043242508e-05  ,2.368549932066e+01  ,-3.568113440919e-01  
  1.169507488185e-05  ,1.232884116268e+01  ,-8.980820877862e-01  
  1.169884785587e-05  ,2.895021800472e+00  ,-1.740762744201e+00  
  1.170209705406e-05  ,-5.266659976282e+00  ,-5.408489195332e+00  
  1.170400365764e-05  ,-1.003577878147e+01  ,-1.009402462837e+01  
  1.170647389764e-05  ,-1.615873881823e+01  ,-1.614665323401e+01  
  1.170916877264e-05  ,-2.272630244694e+01  ,-2.258223572177e+01  
  1.171214565212e-05  ,-2.979001213062e+01  ,-1.000401861448e+01  
  1.171426236206e-05  ,-3.465781144617e+01  ,-4.033340874147e+00  
  1.171683430248e-05  ,-4.036431289667e+01  ,-4.396146749788e+00  
  1.172048136169e-05  ,-4.799615001389e+01  ,-4.018200494391e+00  
  1.172421484762e-05  ,-5.515613993731e+01  ,-3.787594379238e+00  
  1.172751023942e-05  ,-6.084918730482e+01  ,-3.568594570432e+00  
  1.172990411097e-05  ,-6.457941254206e+01  ,-3.416833639262e+00  
  1.173109303737e-05  ,-6.629759418286e+01  ,-3.344041501219e+00  
  1.173274576241e-05  ,-6.853190766288e+01  ,-3.243675291215e+00  
  1.173517241651e-05  ,-7.147620297656e+01  ,-3.097405228200e+00  
  1.173987075263e-05  ,-7.598351512920e+01  ,-2.817671357559e+00  
  1.174543484622e-05  ,-7.917865424034e+01  ,-2.489443526261e+00  
  1.175303443843e-05  ,-7.963676517866e+01  ,-2.042558722927e+00  
  1.176057144576e-05  ,-7.562847458789e+01  ,-1.602332764153e+00  
  1.177034511739e-05  ,-6.420773548185e+01  ,-1.030462144524e+00  
  1.177916958505e-05  ,-4.869509511125e+01  ,-5.011888483111e-01  
  1.178390964442e-05  ,-3.873913740804e+01  ,-1.896309688541e-01  
  1.178630239838e-05  ,-3.337313893976e+01  ,-8.428528357987e-03  
  1.178811121309e-05  ,-2.918990412119e+01  ,1.412842214616e-01  
  1.179043244147e-05  ,-2.368545997184e+01  ,3.568129560891e-01  
  1.179507489824e-05  ,-1.232880045905e+01  ,8.980846304290e-01  
  1.179884787226e-05  ,-2.894980631688e+00  ,1.740768376396e+00  
  1.180209707046e-05  ,5.266701082679e+00  ,5.408529144274e+00  
  1.180400367403e-05  ,1.003581965180e+01  ,1.009406495809e+01  
  1.180647391403e-05  ,1.615877916490e+01  ,1.614669307908e+01  
  1.180916878903e-05  ,2.272634194548e+01  ,2.258227304045e+01  
  1.181214566851e-05  ,2.979005036367e+01  ,1.000389966418e+01  
  1.181426237845e-05  ,3.465784857537e+01  ,4.033295895509e+00  
  1.181683469141e-05  ,4.036515681614e+01  ,4.396156701117e+00  
  1.182048137808e-05  ,4.799618297199e+01  ,4.018189614808e+00  
  1.182421486402e-05  ,5.515616977670e+01  ,3.787596744941e+00  
  1.182751025581e-05  ,6.084921404925e+01  ,3.568595599301e+00  
  1.182990412736e-05  ,6.457943685661e+01  ,3.416833193157e+00  
  1.183109305376e-05  ,6.629761723862e+01  ,3.344040676286e+00  
  1.183274577880e-05  ,6.853192891577e+01  ,3.243674286984e+00  
  1.183517243290e-05  ,7.147622147994e+01  ,3.097404204971e+00  
  1.183987076902e-05  ,7.598352801836e+01  ,2.817670405030e+00  
  1.184543486261e-05  ,7.917866012834e+01  ,2.489442549373e+00  
  1.185303445482e-05  ,7.963676125742e+01  ,2.042557769766e+00  
  1.186057146215e-05  ,7.562846115641e+01  ,1.602331801790e+00  
  1.187034513378e-05  ,6.420771090766e+01  ,1.030461180791e+00  
  1.187916960144e-05  ,4.869506242614e+01  ,5.011878307606e-01  
  1.188390966082e-05  ,3.873910136438e+01  ,1.896298384189e-01  
  1.188630241477e-05  ,3.337310149975e+01  ,8.427281463661e-03  
  1.188811122948e-05  ,2.918986576558e+01  ,-1.412855937756e-01  
  1.189043245786e-05  ,2.368542062300e+01  ,-3.568145680957e-01  
  1.189507491463e-05  ,1.232875975541e+01  ,-8.980871730844e-01  
  1.189884788865e-05  ,2.894939462895e+00  ,-1.740774008627e+00  
  1.190209708685e-05  ,-5.266742189084e+00  ,-5.408569093243e+00  
  1.190400369042e-05  ,-1.003586052213e+01  ,-1.009410528782e+01  
  1.190647355789e-05  ,-1.615790254071e+01  ,-1.614582687724e+01  
  1.190916880542e-05  ,-2.272638144402e+01  ,-2.258231072924e+01  
  1.191214568490e-05  ,-2.979008859673e+01  ,-1.000379330033e+01  
  1.191426276737e-05  ,-3.465872954751e+01  ,-4.032542348587e+00  
  1.191683470780e-05  ,-4.036519238349e+01  ,-4.396203993442e+00  
  1.192048176700e-05  ,-4.799696497406e+01  ,-4.018141440020e+00  
  1.192421525294e-05  ,-5.515687777983e+01  ,-3.787578872910e+00  
  1.192750989968e-05  ,-6.084863296212e+01  ,-3.568623806884e+00  
  1.192990339869e-05  ,-6.457835594787e+01  ,-3.416880206613e+00  
  1.193109232509e-05  ,-6.629659228815e+01  ,-3.344085948387e+00  
  1.193274505013e-05  ,-6.853098411073e+01  ,-3.243718435912e+00  
  1.193517133170e-05  ,-7.147497834671e+01  ,-3.097470146885e+00  
  1.193986892277e-05  ,-7.598207610312e+01  ,-2.817779898358e+00  
  1.194543227130e-05  ,-7.917772902938e+01  ,-2.489594923682e+00  
  1.195303186351e-05  ,-7.963738090847e+01  ,-2.042709649775e+00  
  1.196056887084e-05  ,-7.563058430305e+01  ,-1.602483045684e+00  
  1.197034403259e-05  ,-6.420936180893e+01  ,-1.030525837047e+00  
  1.197916999036e-05  ,-4.869428689385e+01  ,-5.011652002295e-01  
  1.198391079479e-05  ,-3.873660777384e+01  ,-1.895548725935e-01  
  1.198630317622e-05  ,-3.337136223160e+01  ,-8.370964404114e-03  
  1.198811236346e-05  ,-2.918721223553e+01  ,1.413803585750e-01  
  1.199043359184e-05  ,-2.368269838365e+01  ,3.569260831826e-01  
  1.199507604861e-05  ,-1.232594379584e+01  ,8.982631172951e-01  
  1.199884827757e-05  ,-2.893962639541e+00  ,1.740933487454e+00  
  1.200209747577e-05  ,5.267717531485e+00  ,5.409518332263e+00  
  1.200400407934e-05  ,1.003683026292e+01  ,1.009506258856e+01  
  1.200647357428e-05  ,1.615794288746e+01  ,1.614586642242e+01  
  1.200916807675e-05  ,2.272462554867e+01  ,2.258064753145e+01  
  1.201214532876e-05  ,2.978925789491e+01  ,1.000725537653e+01  
  1.201426166618e-05  ,3.465623513405e+01  ,4.035438146491e+00  
  1.201683323407e-05  ,4.036199451214e+01  ,4.395956085618e+00  
  1.202048029327e-05  ,4.799400171761e+01  ,4.018368669118e+00  
  1.202421377921e-05  ,5.515419491983e+01  ,3.787630812723e+00  
  1.202751066113e-05  ,6.084987536087e+01  ,3.568545469109e+00  
  1.202990490520e-05  ,6.458059067274e+01  ,3.416777890964e+00  
  1.203109401786e-05  ,6.629897330578e+01  ,3.343979270999e+00  
  1.203274674290e-05  ,6.853317894002e+01  ,3.243615901158e+00  
  1.203517376953e-05  ,7.147773028315e+01  ,3.097324504489e+00  
  1.203987285072e-05  ,7.598516477842e+01  ,2.817546799804e+00  
  1.204543768936e-05  ,7.917967522555e+01  ,2.489276420944e+00  
  1.205303728157e-05  ,7.963608470496e+01  ,2.042392033680e+00  
  1.206057279879e-05  ,7.562736581237e+01  ,1.602253941346e+00  
  1.207034647042e-05  ,6.420570693644e+01  ,1.030382754295e+00  
  1.207916944796e-05  ,4.869536847713e+01  ,5.011961402691e-01  
  1.208390876228e-05  ,3.874107719689e+01  ,1.896890042813e-01  
  1.208630151623e-05  ,3.337515387971e+01  ,8.493928047571e-03  
  1.208811033094e-05  ,2.919196833932e+01  ,-1.412109102863e-01  
  1.209043155932e-05  ,2.368757764547e+01  ,-3.567261823340e-01  
  1.209507401609e-05  ,1.233099105000e+01  ,-8.979476832741e-01  
  1.209884699011e-05  ,2.897196260069e+00  ,-1.740465264415e+00  
  1.210209618831e-05  ,-5.264488808762e+00  ,-5.406379180742e+00  
  1.210400279188e-05  ,-1.003362008076e+01  ,-1.009189447983e+01  
  1.210647377694e-05  ,-1.615844171983e+01  ,-1.614636077427e+01  
  1.210917014205e-05  ,-2.272960234987e+01  ,-2.258536205863e+01  
  1.211214627647e-05  ,-2.979146845717e+01  ,-9.997752451335e+00  
  1.211426447654e-05  ,-3.466260103805e+01  ,-4.027799190921e+00  
  1.211683716202e-05  ,-4.037051766576e+01  ,-4.396622419305e+00  
  1.212048422122e-05  ,-4.800189951147e+01  ,-4.017761335710e+00  
  1.212421696210e-05  ,-5.515998909830e+01  ,-3.787541806401e+00  
  1.212750862861e-05  ,-6.084655897821e+01  ,-3.568754348338e+00  
  1.212990138257e-05  ,-6.457536503631e+01  ,-3.417019624885e+00  
  1.213109012270e-05  ,-6.629349416940e+01  ,-3.344225629528e+00  
  1.213274284774e-05  ,-6.852812822404e+01  ,-3.243851787085e+00  
  1.213516801172e-05  ,-7.147122992528e+01  ,-3.097668369337e+00  
  1.213986262256e-05  ,-7.597711962047e+01  ,-2.818153940442e+00  
  1.214542373592e-05  ,-7.917465842113e+01  ,-2.490096495186e+00  
  1.215302183801e-05  ,-7.963977329930e+01  ,-2.043297595378e+00  
  1.216056033546e-05  ,-7.563757407872e+01  ,-1.602980876298e+00  
  1.217033847743e-05  ,-6.421768886446e+01  ,-1.030851901165e+00  
  1.217916592532e-05  ,-4.870239248156e+01  ,-5.014193412389e-01  
  1.218390821987e-05  ,-3.874226989013e+01  ,-1.897372471056e-01  
  1.218630581671e-05  ,-3.336533080542e+01  ,-8.175682143416e-03  
  1.218811220998e-05  ,-2.918757138829e+01  ,1.413605317762e-01  
  1.219043343836e-05  ,-2.368306683568e+01  ,3.569114019096e-01  
  1.219507589513e-05  ,-1.232632493189e+01  ,8.982409069360e-01  
  1.219884812409e-05  ,-2.894348129278e+00  ,1.740881294795e+00  
  1.220209732229e-05  ,5.267332626332e+00  ,5.409144279459e+00  
  1.220400392586e-05  ,1.003644756845e+01  ,1.009468496814e+01  
  1.220647342080e-05  ,1.615756509486e+01  ,1.614549334292e+01  
  1.220916829580e-05  ,2.272515339576e+01  ,2.258114797763e+01  
  1.221214517528e-05  ,2.978889989256e+01  ,1.000738274598e+01  
  1.221426151270e-05  ,3.465588746555e+01  ,4.035332219874e+00  
  1.221683308059e-05  ,4.036166146293e+01  ,4.395982988716e+00  
  1.222048013979e-05  ,4.799369310157e+01  ,4.018375741242e+00  
  1.222421362573e-05  ,5.515391550496e+01  ,3.787642638843e+00  
  1.222751050764e-05  ,6.084962493888e+01  ,3.568556027458e+00  
  1.222990475172e-05  ,6.458036300709e+01  ,3.416787568575e+00  
  1.223109386438e-05  ,6.629875742899e+01  ,3.343988721764e+00  
  1.223274658942e-05  ,6.853297994500e+01  ,3.243625195797e+00  
  1.223517361605e-05  ,7.147755703790e+01  ,3.097333689809e+00  
  1.223987269723e-05  ,7.598504411215e+01  ,2.817555901088e+00  
  1.224543753588e-05  ,7.917962012560e+01  ,2.489285451325e+00  
  1.225303712809e-05  ,7.963612145535e+01  ,2.042401028721e+00  
  1.226057264531e-05  ,7.562749159444e+01  ,1.602262901416e+00  
  1.227034631693e-05  ,6.420593705261e+01  ,1.030391766227e+00  
  1.227916929448e-05  ,4.869567452698e+01  ,5.012056678702e-01  
  1.228390935385e-05  ,3.873977636206e+01  ,1.896493114736e-01  
  1.228630210781e-05  ,3.337380264749e+01  ,8.450008100974e-03  
  1.228811092252e-05  ,2.919058406040e+01  ,-1.412600229216e-01  
  1.229043215090e-05  ,2.368615751838e+01  ,-3.567843801132e-01  
  1.229507460767e-05  ,1.232952202301e+01  ,-8.980395343025e-01  
  1.229884758168e-05  ,2.895710441973e+00  ,-1.740668530406e+00  
  1.230209677988e-05  ,-5.265972378020e+00  ,-5.407820956815e+00  
  1.230400338346e-05  ,-1.003509513177e+01  ,-1.009335001850e+01  
  1.230647362345e-05  ,-1.615806392772e+01  ,-1.614598672890e+01  
  1.230916924351e-05  ,-2.272743712993e+01  ,-2.258331091566e+01  
  1.231214575046e-05  ,-2.979024152885e+01  ,-1.000238017468e+01  
  1.231426283294e-05  ,-3.465887806335e+01  ,-4.031850693541e+00  
  1.231683514589e-05  ,-4.036614299790e+01  ,-4.396286448235e+00  
  1.232048183256e-05  ,-4.799709680510e+01  ,-4.018102786618e+00  
  1.232421531850e-05  ,-5.515699713586e+01  ,-3.787587408223e+00  
  1.232750996524e-05  ,-6.084873994107e+01  ,-3.568627114854e+00  
  1.232990346426e-05  ,-6.457845320893e+01  ,-3.416878184653e+00  
  1.233109239066e-05  ,-6.629668451414e+01  ,-3.344082581763e+00  
  1.233274511570e-05  ,-6.853106912532e+01  ,-3.243714439822e+00  
  1.233517139727e-05  ,-7.147505236515e+01  ,-3.097466089092e+00  
  1.233986898834e-05  ,-7.598212766864e+01  ,-2.817776092459e+00  
  1.234543233687e-05  ,-7.917775259442e+01  ,-2.489591029276e+00  
  1.235303192908e-05  ,-7.963736523663e+01  ,-2.042705838192e+00  
  1.236056893641e-05  ,-7.563053058959e+01  ,-1.602479200686e+00  
  1.237034409815e-05  ,-6.420926351656e+01  ,-1.030521983486e+00  
  1.237916856581e-05  ,-4.869712750546e+01  ,-5.012524133733e-01  
  1.238390937024e-05  ,-3.873974031859e+01  ,-1.896514262561e-01  
  1.238630324179e-05  ,-3.337121246986e+01  ,-8.366102255589e-03  
  1.238811149770e-05  ,-2.918923812715e+01  ,1.413063281566e-01  
  1.239043272609e-05  ,-2.368477673207e+01  ,3.568410446124e-01  
  1.239507518286e-05  ,-1.232809369545e+01  ,8.981291730888e-01  
  1.239884741181e-05  ,-2.896137100172e+00  ,1.740636127273e+00  
  1.240209661001e-05  ,5.265546365872e+00  ,5.407408300467e+00  
  1.240400321358e-05  ,1.003467156583e+01  ,1.009293244237e+01  
  1.240647345358e-05  ,1.615764578845e+01  ,1.614557396359e+01  
  1.240916944617e-05  ,2.272792547299e+01  ,2.258377414579e+01  
  1.241214558059e-05  ,2.978984529530e+01  ,1.000263237183e+01  
  1.241426266307e-05  ,3.465849327194e+01  ,4.031791469097e+00  
  1.241683497602e-05  ,4.036577439321e+01  ,4.396309359931e+00  
  1.242048129016e-05  ,4.799600619656e+01  ,4.018144434282e+00  
  1.242421477610e-05  ,5.515600972885e+01  ,3.787622860286e+00  
  1.242751016790e-05  ,6.084907060165e+01  ,3.568612593180e+00  
  1.242990403944e-05  ,6.457930644199e+01  ,3.416841675474e+00  
  1.243109296584e-05  ,6.629749357567e+01  ,3.344047022795e+00  
  1.243274569088e-05  ,6.853181492277e+01  ,3.243679579092e+00  
  1.243517234498e-05  ,7.147612223428e+01  ,3.097409285555e+00  
  1.243987068111e-05  ,7.598345888533e+01  ,2.817675736719e+00  
  1.244543402964e-05  ,7.917836088463e+01  ,2.489491629328e+00  
  1.245303362185e-05  ,7.963696050126e+01  ,2.042606537591e+00  
  1.246057062918e-05  ,7.562914369467e+01  ,1.602380461650e+00  
  1.247034579092e-05  ,6.420672569182e+01  ,1.030422610711e+00  
  1.247917025858e-05  ,4.869375203976e+01  ,5.011473341270e-01  
  1.248391031796e-05  ,3.873765633303e+01  ,1.895849603878e-01  
  1.248630195433e-05  ,3.337415322019e+01  ,8.461841845220e-03  
  1.248811114156e-05  ,2.919007149110e+01  ,-1.412795768548e-01  
  1.249043236995e-05  ,2.368563167581e+01  ,-3.568058415230e-01  
  1.249507482672e-05  ,1.232897807491e+01  ,-8.980732227867e-01  
  1.249884780073e-05  ,2.895160277344e+00  ,-1.740743689980e+00  
  1.250209699893e-05  ,-5.266521709241e+00  ,-5.408354820916e+00  
  1.250400360250e-05  ,-1.003564130846e+01  ,-1.009388897376e+01  
  1.250647384250e-05  ,-1.615860310662e+01  ,-1.614651920982e+01  
  1.250916871750e-05  ,-2.272616958812e+01  ,-2.258211019696e+01  
  1.251214559698e-05  ,-2.978988352840e+01  ,-1.000441884815e+01  
  1.251426230693e-05  ,-3.465768655692e+01  ,-4.033492206910e+00  
  1.251683424735e-05  ,-4.036419326005e+01  ,-4.396133885126e+00  
  1.252048130655e-05  ,-4.799603915471e+01  ,-4.018210132132e+00  
  1.252421479249e-05  ,-5.515603956831e+01  ,-3.787595867943e+00  
  1.252751018429e-05  ,-6.084909734615e+01  ,-3.568596795757e+00  
  1.252990405583e-05  ,-6.457933075661e+01  ,-3.416836696964e+00  
  1.253109298223e-05  ,-6.629751663151e+01  ,-3.344044765608e+00  
  1.253274570727e-05  ,-6.853183617574e+01  ,-3.243678638017e+00  
  1.253517236137e-05  ,-7.147614073774e+01  ,-3.097408556698e+00  
  1.253987069750e-05  ,-7.598347177458e+01  ,-2.817674611985e+00  
  1.254543479109e-05  ,-7.917863443512e+01  ,-2.489446778494e+00  
  1.255303438330e-05  ,-7.963677836815e+01  ,-2.042561948449e+00  
  1.256057139063e-05  ,-7.562851976639e+01  ,-1.602335986561e+00  
  1.257034506226e-05  ,-6.420781814041e+01  ,-1.030465382674e+00  
  1.257916952991e-05  ,-4.869520505201e+01  ,-5.011922708487e-01  
  1.258390958929e-05  ,-3.873925864574e+01  ,-1.896347712375e-01  
  1.258630234325e-05  ,-3.337326487429e+01  ,-8.432722441178e-03  
  1.258811115795e-05  ,-2.919003313552e+01  ,1.412796055298e-01  
  1.259043238634e-05  ,-2.368559232700e+01  ,3.568075339235e-01  
  1.259507484311e-05  ,-1.232893737129e+01  ,8.980760779246e-01  
  1.259884781712e-05  ,-2.895119108562e+00  ,1.740749431845e+00  
  1.260209701532e-05  ,5.266562815643e+00  ,5.408394770565e+00  
  1.260400361890e-05  ,1.003568217880e+01  ,1.009392930353e+01  
  1.260647385889e-05  ,1.615864345330e+01  ,1.614655905468e+01  
  1.260916873389e-05  ,2.272620908668e+01  ,2.258214751362e+01  
  1.261214561337e-05  ,2.978992176149e+01  ,1.000429976932e+01  
  1.261426232332e-05  ,3.465772368615e+01  ,4.033447187861e+00  
  1.261683426374e-05  ,4.036422882770e+01  ,4.396137713284e+00  
  1.262048132294e-05  ,4.799607211285e+01  ,4.018207265953e+00  
  1.262421480888e-05  ,5.515606940774e+01  ,3.787595425875e+00  
  1.262751020068e-05  ,6.084912409063e+01  ,3.568596134506e+00  
  1.262990407223e-05  ,6.457935507122e+01  ,3.416835788064e+00  
  1.263109299862e-05  ,6.629753968733e+01  ,3.344043795212e+00  
  1.263274572366e-05  ,6.853185742869e+01  ,3.243677643092e+00  
  1.263517237777e-05  ,7.147615924119e+01  ,3.097407567199e+00  
  1.263987071389e-05  ,7.598348466381e+01  ,2.817673644496e+00  
  1.264543480748e-05  ,7.917864032318e+01  ,2.489445811641e+00  
  1.265303439969e-05  ,7.963677444698e+01  ,2.042560989525e+00  
  1.266057140702e-05  ,7.562850633497e+01  ,1.602335028555e+00  
  1.267034507865e-05  ,6.420779356627e+01  ,1.030464419984e+00  
  1.267916954631e-05  ,4.869517236694e+01  ,5.011912533391e-01  
  1.268390960568e-05  ,3.873922260212e+01  ,1.896336408007e-01  
  1.268630235964e-05  ,3.337322743432e+01  ,8.431475554783e-03  
  1.268811117434e-05  ,2.918999477993e+01  ,-1.412809778311e-01  
  1.269043240273e-05  ,2.368555297819e+01  ,-3.568091459175e-01  
  1.269507485950e-05  ,1.232889666767e+01  ,-8.980786205533e-01  
  1.269884783351e-05  ,2.895077939776e+00  ,-1.740755063972e+00  
  1.270209703171e-05  ,-5.266603922048e+00  ,-5.408434719475e+00  
  1.270400363529e-05  ,-1.003572304914e+01  ,-1.009396963325e+01  
  1.270647387528e-05  ,-1.615868379998e+01  ,-1.614659889976e+01  
  1.270916875029e-05  ,-2.272624858524e+01  ,-2.258218483249e+01  
  1.271214562976e-05  ,-2.978995999456e+01  ,-1.000418081935e+01  
  1.271426233971e-05  ,-3.465776081538e+01  ,-4.033402208917e+00  
  1.271683428013e-05  ,-4.036426439533e+01  ,-4.396141536411e+00  
  1.272048133934e-05  ,-4.799610507097e+01  ,-4.018204401064e+00  
  1.272421482527e-05  ,-5.515609924717e+01  ,-3.787594983061e+00  
  1.272751021707e-05  ,-6.084915083509e+01  ,-3.568595472779e+00  
  1.272990408862e-05  ,-6.457937938580e+01  ,-3.416834878955e+00  
  1.273109301502e-05  ,-6.629756274313e+01  ,-3.344042824678e+00  
  1.273274574006e-05  ,-6.853187868162e+01  ,-3.243676648068e+00  
  1.273517239416e-05  ,-7.147617774462e+01  ,-3.097406577624e+00  
  1.273987073028e-05  ,-7.598349755302e+01  ,-2.817672676946e+00  
  1.274543482387e-05  ,-7.917864621122e+01  ,-2.489444844749e+00  
  1.275303441608e-05  ,-7.963677052579e+01  ,-2.042560030580e+00  
  1.276057142341e-05  ,-7.562849290353e+01  ,-1.602334070539e+00  
  1.277034509504e-05  ,-6.420776899212e+01  ,-1.030463457289e+00  
  1.277916956270e-05  ,-4.869513968187e+01  ,-5.011902358279e-01  
  1.278390962207e-05  ,-3.873918655849e+01  ,-1.896325103626e-01  
  1.278630237603e-05  ,-3.337318999433e+01  ,-8.430228665620e-03  
  1.278811119074e-05  ,-2.918995642434e+01  ,1.412823501347e-01  
  1.279043241912e-05  ,-2.368551362937e+01  ,3.568107579098e-01  
  1.279507487589e-05  ,-1.232885596404e+01  ,8.980811631889e-01  
  1.279884784991e-05  ,-2.895036770989e+00  ,1.740760696129e+00  
  1.280209704810e-05  ,5.266645028452e+00  ,5.408474668400e+00  
  1.280400365168e-05  ,1.003576391948e+01  ,1.009400996297e+01  
  1.280647389168e-05  ,1.615872414666e+01  ,1.614663874484e+01  
  1.280916876668e-05  ,2.272628808379e+01  ,2.258222215128e+01  
  1.281214564615e-05  ,2.978999822764e+01  ,1.000406186924e+01  
  1.281426235610e-05  ,3.465779794460e+01  ,4.033357230101e+00  
  1.281683429652e-05  ,4.036429996295e+01  ,4.396145359549e+00  
  1.282048135573e-05  ,4.799613802909e+01  ,4.018201536175e+00  
  1.282421484166e-05  ,5.515612908658e+01  ,3.787594540256e+00  
  1.282751023346e-05  ,6.084917757954e+01  ,3.568594811057e+00  
  1.282990410501e-05  ,6.457940370037e+01  ,3.416833969848e+00  
  1.283109303141e-05  ,6.629758579892e+01  ,3.344041854143e+00  
  1.283274575645e-05  ,6.853189993453e+01  ,3.243675653044e+00  
  1.283517241055e-05  ,7.147619624803e+01  ,3.097405588048e+00  
  1.283987074667e-05  ,7.598351044221e+01  ,2.817671709397e+00  
  1.284543484026e-05  ,7.917865209924e+01  ,2.489443877859e+00  
  1.285303443247e-05  ,7.963676660457e+01  ,2.042559071636e+00  
  1.286057143980e-05  ,7.562847947208e+01  ,1.602333112523e+00  
  1.287034511143e-05  ,6.420774441795e+01  ,1.030462494595e+00  
  1.287916957909e-05  ,4.869510699678e+01  ,5.011892183164e-01  
  1.288390963846e-05  ,3.873915051486e+01  ,1.896313799240e-01  
  1.288630239242e-05  ,3.337315255434e+01  ,8.428981774237e-03  
  1.288811120713e-05  ,2.918991806873e+01  ,-1.412837224398e-01  
  1.289043243551e-05  ,2.368547428055e+01  ,-3.568123699062e-01  
  1.289507489228e-05  ,1.232881526042e+01  ,-8.980837058278e-01  
  1.289884786630e-05  ,2.894995602205e+00  ,-1.740766328315e+00  
  1.290209706449e-05  ,-5.266686134849e+00  ,-5.408514617336e+00  
  1.290400366807e-05  ,-1.003580478981e+01  ,-1.009405029269e+01  
  1.290647390807e-05  ,-1.615876449334e+01  ,-1.614667858992e+01  
  1.290916878307e-05  ,-2.272632758233e+01  ,-2.258225946999e+01  
  1.291214566255e-05  ,-2.979003646070e+01  ,-1.000394291899e+01  
  1.291426237249e-05  ,-3.465783507380e+01  ,-4.033312251413e+00  
  1.291683468544e-05  ,-4.036514388251e+01  ,-4.396155309708e+00  
  1.292048137212e-05  ,-4.799617098719e+01  ,-4.018190656876e+00  
  1.292421485806e-05  ,-5.515615892598e+01  ,-3.787596905856e+00  
  1.292751024985e-05  ,-6.084920432397e+01  ,-3.568595839865e+00  
  1.292990412140e-05  ,-6.457942801493e+01  ,-3.416833523725e+00  
  1.293109304780e-05  ,-6.629760885469e+01  ,-3.344041029204e+00  
  1.293274577284e-05  ,-6.853192118742e+01  ,-3.243674648813e+00  
  1.293517242694e-05  ,-7.147621475142e+01  ,-3.097404564819e+00  
  1.293987076306e-05  ,-7.598352333138e+01  ,-2.817670756868e+00  
  1.294543485665e-05  ,-7.917865798725e+01  ,-2.489442900972e+00  
  1.295303444886e-05  ,-7.963676268333e+01  ,-2.042558118474e+00  
  1.296057145619e-05  ,-7.562846604060e+01  ,-1.602332150161e+00  
  1.297034512782e-05  ,-6.420771984376e+01  ,-1.030461530862e+00  
  1.297916959548e-05  ,-4.869507431167e+01  ,-5.011882007661e-01  
  1.298390965486e-05  ,-3.873911447121e+01  ,-1.896302494889e-01  
  1.298630240881e-05  ,-3.337311511434e+01  ,-8.427734880159e-03  
  1.298811122352e-05  ,-2.918987971312e+01  ,1.412850947534e-01  
  1.299043245190e-05  ,-2.368543493171e+01  ,3.568139819142e-01  
  1.299507490867e-05  ,-1.232877455678e+01  ,8.980862484800e-01  
  1.299884788269e-05  ,-2.894954433412e+00  ,1.740771960534e+00  
  1.300209708089e-05  ,5.266727241254e+00  ,5.408554566299e+00  
  1.300400368446e-05  ,1.003584566015e+01  ,1.009409062242e+01  
  1.300647392446e-05  ,1.615880484001e+01  ,1.614671843499e+01  
  1.300916879946e-05  ,2.272636708087e+01  ,2.258229678864e+01  
  1.301214567894e-05  ,2.979007469376e+01  ,1.000382396973e+01  
  1.301426238888e-05  ,3.465787220300e+01  ,4.033267273207e+00  
  1.301683470184e-05  ,4.036517944987e+01  ,4.396159136034e+00  
  1.302048138851e-05  ,4.799620394528e+01  ,4.018187791212e+00  
  1.302421487445e-05  ,5.515618876537e+01  ,3.787596463340e+00  
  1.302751026624e-05  ,6.084923106839e+01  ,3.568595178312e+00  
  1.302990413779e-05  ,6.457945232946e+01  ,3.416832614662e+00  
  1.303109306419e-05  ,6.629763191044e+01  ,3.344040058686e+00  
  1.303274578923e-05  ,6.853194244030e+01  ,3.243673653786e+00  
  1.303517244333e-05  ,7.147623325480e+01  ,3.097403575241e+00  
  1.303987077945e-05  ,7.598353622054e+01  ,2.817669789318e+00  
  1.304543487304e-05  ,7.917866387523e+01  ,2.489441934081e+00  
  1.305303446525e-05  ,7.963675876207e+01  ,2.042557159530e+00  
  1.306057147259e-05  ,7.562845260910e+01  ,1.602331192145e+00  
  1.307034514421e-05  ,6.420769526955e+01  ,1.030460568168e+00  
  1.307916961187e-05  ,4.869504162656e+01  ,5.011871832547e-01  
  1.308390967125e-05  ,3.873907842755e+01  ,1.896291190494e-01  
  1.308630242521e-05  ,3.337307767433e+01  ,8.426487986993e-03  
  1.308811142617e-05  ,2.918940549762e+01  ,-1.413020029963e-01  
  1.309043265456e-05  ,2.368494843651e+01  ,-3.568339082100e-01  
  1.309507511133e-05  ,1.232827131155e+01  ,-8.981176950512e-01  
  1.309884734029e-05  ,2.896316745724e+00  ,-1.740611422315e+00  
  1.310209653848e-05  ,-5.265366992271e+00  ,-5.407233975149e+00  
  1.310400314206e-05  ,-1.003449322218e+01  ,-1.009275645461e+01  
  1.310647338206e-05  ,-1.615746972965e+01  ,-1.614540008891e+01  
  1.310916974717e-05  ,-2.272865080435e+01  ,-2.258446095122e+01  
  1.311214588159e-05  ,-2.979054739274e+01  ,-1.000051563701e+01  
  1.311426333660e-05  ,-3.466001893031e+01  ,-4.030274500985e+00  
  1.311683564955e-05  ,-4.036723587170e+01  ,-4.396427258619e+00  
  1.312048233622e-05  ,-4.799810950053e+01  ,-4.018007514172e+00  
  1.312421582216e-05  ,-5.515791399944e+01  ,-3.787576717062e+00  
  1.312750972384e-05  ,-6.084834606272e+01  ,-3.568656628928e+00  
  1.312990322286e-05  ,-6.457809511000e+01  ,-3.416897052842e+00  
  1.313109196299e-05  ,-6.629608294399e+01  ,-3.344110069498e+00  
  1.313274468803e-05  ,-6.853051459301e+01  ,-3.243740351300e+00  
  1.313517059708e-05  ,-7.147414898291e+01  ,-3.097513884504e+00  
  1.313986818814e-05  ,-7.598149831271e+01  ,-2.817823554673e+00  
  1.314543079162e-05  ,-7.917719711991e+01  ,-2.489682010418e+00  
  1.315303038383e-05  ,-7.963773450354e+01  ,-2.042796335195e+00  
  1.316056739116e-05  ,-7.563179643281e+01  ,-1.602569441997e+00  
  1.317034255290e-05  ,-6.421158001671e+01  ,-1.030612721097e+00  
  1.317916851068e-05  ,-4.869723744351e+01  ,-5.012570522877e-01  
  1.318390931511e-05  ,-3.873986155571e+01  ,-1.896569211207e-01  
  1.318630355918e-05  ,-3.337048748485e+01  ,-8.342764484494e-03  
  1.318811162883e-05  ,-2.918893128095e+01  ,1.413167486724e-01  
  1.319043285722e-05  ,-2.368446194034e+01  ,3.568539697599e-01  
  1.319507531399e-05  ,-1.232776806582e+01  ,8.981496400022e-01  
  1.319884754294e-05  ,-2.895807750015e+00  ,1.740681223101e+00  
  1.320209674114e-05  ,5.265875217344e+00  ,5.407727895310e+00  
  1.320400334471e-05  ,1.003499852901e+01  ,1.009325508592e+01  
  1.320647358471e-05  ,1.615796856264e+01  ,1.614589273285e+01  
  1.320916920477e-05  ,2.272734377010e+01  ,2.258322303194e+01  
  1.321214571172e-05  ,2.979015115985e+01  ,1.000267595072e+01  
  1.321426279420e-05  ,3.465879030397e+01  ,4.031961548048e+00  
  1.321683510715e-05  ,4.036605893025e+01  ,4.396276880248e+00  
  1.322048179382e-05  ,4.799701890493e+01  ,4.018109744864e+00  
  1.322421527976e-05  ,5.515692660730e+01  ,3.787588399090e+00  
  1.322750992650e-05  ,6.084867672625e+01  ,3.568628650593e+00  
  1.322990342551e-05  ,6.457839573650e+01  ,3.416880331714e+00  
  1.323109235191e-05  ,6.629663001698e+01  ,3.344084880394e+00  
  1.323274507695e-05  ,6.853101888944e+01  ,3.243716798867e+00  
  1.323517135853e-05  ,7.147500862700e+01  ,3.097468434664e+00  
  1.323986894959e-05  ,7.598209719813e+01  ,2.817778383167e+00  
  1.324543229812e-05  ,7.917773866966e+01  ,2.489593317511e+00  
  1.325303189033e-05  ,7.963737449731e+01  ,2.042708106052e+00  
  1.326056889766e-05  ,7.563056232941e+01  ,1.602481465905e+00  
  1.327034405941e-05  ,6.420932159847e+01  ,1.030524259231e+00  
  1.327916852707e-05  ,4.869720475925e+01  ,5.012548184616e-01  
  1.328390933150e-05  ,3.873982551226e+01  ,1.896540982269e-01  
  1.328630320305e-05  ,3.337130096548e+01  ,8.369049581536e-03  
  1.328811145896e-05  ,2.918932878619e+01  ,-1.413030844514e-01  
  1.329043268734e-05  ,2.368486973867e+01  ,-3.568372343317e-01  
  1.329507514411e-05  ,1.232818990419e+01  ,-8.981231629489e-01  
  1.329884737307e-05  ,2.896234408199e+00  ,-1.740622816472e+00  
  1.330209657127e-05  ,-5.265449205156e+00  ,-5.407313876731e+00  
  1.330400317484e-05  ,-1.003457496301e+01  ,-1.009283711750e+01  
  1.330647341484e-05  ,-1.615755042326e+01  ,-1.614547978396e+01  
  1.330916940743e-05  ,-2.272783211333e+01  ,-2.258368594510e+01  
  1.331214554185e-05  ,-2.978975492611e+01  ,-1.000291356050e+01  
  1.331426262432e-05  ,-3.465840551233e+01  ,-4.031897774061e+00  
  1.331683456475e-05  ,-4.036488197707e+01  ,-4.396294085680e+00  
  1.332048125142e-05  ,-4.799592829539e+01  ,-4.018159244664e+00  
  1.332421473736e-05  ,-5.515593919915e+01  ,-3.787621089324e+00  
  1.332751012915e-05  ,-6.084900738730e+01  ,-3.568612461341e+00  
  1.332990400070e-05  ,-6.457924897098e+01  ,-3.416843359844e+00  
  1.333109292710e-05  ,-6.629743907996e+01  ,-3.344049170738e+00  
  1.333274565214e-05  ,-6.853176468840e+01  ,-3.243681940202e+00  
  1.333517193371e-05  ,-7.147565795921e+01  ,-3.097434075961e+00  
  1.333987026983e-05  ,-7.598313547568e+01  ,-2.817700008033e+00  
  1.334543361837e-05  ,-7.917821311640e+01  ,-2.489515850914e+00  
  1.335303321058e-05  ,-7.963705885557e+01  ,-2.042630621288e+00  
  1.336057021791e-05  ,-7.562948067122e+01  ,-1.602404482294e+00  
  1.337034537965e-05  ,-6.420734229272e+01  ,-1.030446761576e+00  
  1.337916984731e-05  ,-4.869457214799e+01  ,-5.011728644015e-01  
  1.338390990669e-05  ,-3.873856070837e+01  ,-1.896133245146e-01  
  1.338630228811e-05  ,-3.337339080871e+01  ,-8.436822727646e-03  
  1.338811128908e-05  ,-2.918972629060e+01  ,1.412910047670e-01  
  1.339043251747e-05  ,-2.368527753632e+01  ,3.568203989275e-01  
  1.339507497424e-05  ,-1.232861174221e+01  ,8.980963170753e-01  
  1.339884794825e-05  ,-2.894789758253e+00  ,1.740794453347e+00  
  1.340209714645e-05  ,5.266891666839e+00  ,5.408714362031e+00  
  1.340400375003e-05  ,1.003600914145e+01  ,1.009425194120e+01  
  1.340647361749e-05  ,1.615804925613e+01  ,1.614597176880e+01  
  1.340916849250e-05  ,2.272562737993e+01  ,2.258159667609e+01  
  1.341214537197e-05  ,2.978935869151e+01  ,1.000599469161e+01  
  1.341426208192e-05  ,3.465717687278e+01  ,4.034091866951e+00  
  1.341683402234e-05  ,4.036370501218e+01  ,4.396083490240e+00  
  1.342048108155e-05  ,4.799558672800e+01  ,4.018248767689e+00  
  1.342421456748e-05  ,5.515562995264e+01  ,3.787602186015e+00  
  1.342751033181e-05  ,6.084933804589e+01  ,3.568581917565e+00  
  1.342990420336e-05  ,6.457954958743e+01  ,3.416826034958e+00  
  1.343109312975e-05  ,6.629772413326e+01  ,3.344035243733e+00  
  1.343274585479e-05  ,6.853202745161e+01  ,3.243669720356e+00  
  1.343517250890e-05  ,7.147630726809e+01  ,3.097399822564e+00  
  1.343987084502e-05  ,7.598358777693e+01  ,2.817665821274e+00  
  1.344543493861e-05  ,7.917868742693e+01  ,2.489438126778e+00  
  1.345303453082e-05  ,7.963674307683e+01  ,2.042553286252e+00  
  1.346057153815e-05  ,7.562839888292e+01  ,1.602327386665e+00  
  1.347034520978e-05  ,6.420759697257e+01  ,1.030456723659e+00  
  1.347916967744e-05  ,4.869491088597e+01  ,5.011831133650e-01  
  1.348390973681e-05  ,3.873893425281e+01  ,1.896245972140e-01  
  1.348630249077e-05  ,3.337292791422e+01  ,8.421500402556e-03  
  1.348811149174e-05  ,2.918925207473e+01  ,-1.413074922734e-01  
  1.349043272012e-05  ,2.368479104081e+01  ,-3.568403563000e-01  
  1.349507517689e-05  ,1.232810849683e+01  ,-8.981278659794e-01  
  1.349884740585e-05  ,2.896152070672e+00  ,-1.740633948107e+00  
  1.350209660405e-05  ,-5.265531418036e+00  ,-5.407393769001e+00  
  1.350400320762e-05  ,-1.003465670382e+01  ,-1.009291777354e+01  
  1.350647344762e-05  ,-1.615763111685e+01  ,-1.614555946975e+01  
  1.350916944021e-05  ,-2.272791110993e+01  ,-2.258376054771e+01  
  1.351214557463e-05  ,-2.978983139232e+01  ,-1.000267399569e+01  
  1.351426265711e-05  ,-3.465847977044e+01  ,-4.031807315301e+00  
  1.351683497006e-05  ,-4.036576145966e+01  ,-4.396308030645e+00  
  1.352048128420e-05  ,-4.799599421174e+01  ,-4.018145458465e+00  
  1.352421477014e-05  ,-5.515599887811e+01  ,-3.787623029582e+00  
  1.352751016194e-05  ,-6.084906087635e+01  ,-3.568612838804e+00  
  1.352990403348e-05  ,-6.457929760028e+01  ,-3.416842007902e+00  
  1.353109295988e-05  ,-6.629748519170e+01  ,-3.344047376740e+00  
  1.353274568492e-05  ,-6.853180719440e+01  ,-3.243679941503e+00  
  1.353517233902e-05  ,-7.147611550572e+01  ,-3.097409645830e+00  
  1.353987067515e-05  ,-7.598345419831e+01  ,-2.817676088952e+00  
  1.354543402368e-05  ,-7.917835874315e+01  ,-2.489491981131e+00  
  1.355303361589e-05  ,-7.963696192678e+01  ,-2.042606886434e+00  
  1.356057062322e-05  ,-7.562914857849e+01  ,-1.602380810072e+00  
  1.357034578496e-05  ,-6.420673462817e+01  ,-1.030422960804e+00  
  1.357917025262e-05  ,-4.869376392548e+01  ,-5.011477041428e-01  
  1.358391031200e-05  ,-3.873766944000e+01  ,-1.895853714696e-01  
  1.358630194837e-05  ,-3.337416683468e+01  ,-8.462295257377e-03  
  1.358811113560e-05  ,-2.919008543861e+01  ,1.412790778310e-01  
  1.359043236399e-05  ,-2.368564598451e+01  ,3.568052553415e-01  
  1.359507482076e-05  ,-1.232899287627e+01  ,8.980722981945e-01  
  1.359884779477e-05  ,-2.895175247850e+00  ,1.740741641945e+00  
  1.360209699297e-05  ,5.266506761418e+00  ,5.408340294011e+00  
  1.360400359654e-05  ,1.003562644647e+01  ,1.009387430837e+01  
  1.360647383654e-05  ,1.615858843505e+01  ,1.614650472066e+01  
  1.360916871154e-05  ,2.272615522497e+01  ,2.258209662638e+01  
  1.361214559102e-05  ,2.978986962542e+01  ,1.000446210265e+01  
  1.361426230097e-05  ,3.465767305534e+01  ,4.033508562993e+00  
  1.361683424139e-05  ,4.036418032633e+01  ,4.396132494905e+00  
  1.362048130059e-05  ,4.799602716990e+01  ,4.018211173908e+00  
  1.362421478653e-05  ,5.515602871757e+01  ,3.787596028974e+00  
  1.362751017833e-05  ,6.084908762085e+01  ,3.568597036388e+00  
  1.362990404987e-05  ,6.457932191491e+01  ,3.416837027549e+00  
  1.363109297627e-05  ,6.629750824755e+01  ,3.344045118531e+00  
  1.363274570131e-05  ,6.853182844737e+01  ,3.243678999846e+00  
  1.363517235541e-05  ,7.147613400919e+01  ,3.097408916545e+00  
  1.363987069154e-05  ,7.598346708757e+01  ,2.817674963822e+00  
  1.364543404007e-05  ,7.917836463220e+01  ,2.489491085955e+00  
  1.365303363228e-05  ,7.963695800659e+01  ,2.042605867981e+00  
  1.366057063961e-05  ,7.562913514802e+01  ,1.602379885864e+00  
  1.367034580135e-05  ,6.420671005328e+01  ,1.030422005582e+00  
  1.367917026901e-05  ,4.869373123985e+01  ,5.011466863920e-01  
  1.368391032839e-05  ,3.873763339594e+01  ,1.895842406464e-01  
  1.368630196476e-05  ,3.337412939492e+01  ,8.461048169010e-03  
  1.368811115199e-05  ,2.919004708304e+01  ,-1.412804502837e-01  
  1.369043238038e-05  ,2.368560663570e+01  ,-3.568068674184e-01  
  1.369507483715e-05  ,1.232895217265e+01  ,-8.980748408602e-01  
  1.369884781116e-05  ,2.895134079069e+00  ,-1.740747274065e+00  
  1.370209700936e-05  ,-5.266547867820e+00  ,-5.408380242902e+00  
  1.370400361294e-05  ,-1.003566731682e+01  ,-1.009391463809e+01  
  1.370647385293e-05  ,-1.615862878174e+01  ,-1.614654456576e+01  
  1.370916872793e-05  ,-2.272619472353e+01  ,-2.258213394539e+01  
  1.371214560741e-05  ,-2.978990785851e+01  ,-1.000434315511e+01  
  1.371426231736e-05  ,-3.465771018458e+01  ,-4.033463584568e+00  
  1.371683425778e-05  ,-4.036421589398e+01  ,-4.396136317934e+00  
  1.372048131698e-05  ,-4.799606012804e+01  ,-4.018208309055e+00  
  1.372421480292e-05  ,-5.515605855701e+01  ,-3.787595586133e+00  
  1.372751019472e-05  ,-6.084911436534e+01  ,-3.568596374653e+00  
  1.372990406626e-05  ,-6.457934622952e+01  ,-3.416836118439e+00  
  1.373109299266e-05  ,-6.629753130337e+01  ,-3.344044147995e+00  
  1.373274571770e-05  ,-6.853184970032e+01  ,-3.243678004823e+00  
  1.373517237180e-05  ,-7.147615251265e+01  ,-3.097407926970e+00  
  1.373987070793e-05  ,-7.598347997681e+01  ,-2.817673996272e+00  
  1.374543480152e-05  ,-7.917863818206e+01  ,-2.489446163201e+00  
  1.375303439373e-05  ,-7.963677587287e+01  ,-2.042561338212e+00  
  1.376057140106e-05  ,-7.562851121914e+01  ,-1.602335376916e+00  
  1.377034507269e-05  ,-6.420780250234e+01  ,-1.030464770051e+00  
  1.377916954035e-05  ,-4.869518425245e+01  ,-5.011916233426e-01  
  1.378390959972e-05  ,-3.873923570893e+01  ,-1.896340518692e-01  
  1.378630235368e-05  ,-3.337324104889e+01  ,-8.431928969505e-03  
  1.378811116838e-05  ,-2.919000872746e+01  ,1.412804788111e-01  
  1.379043239677e-05  ,-2.368556728689e+01  ,3.568085597370e-01  
  1.379507485354e-05  ,-1.232891146903e+01  ,8.980776959580e-01  
  1.379884782755e-05  ,-2.895092910283e+00  ,1.740753015917e+00  
  1.380209702575e-05  ,5.266588974225e+00  ,5.408420192559e+00  
  1.380400362933e-05  ,1.003570818716e+01  ,1.009395496786e+01  
  1.380647386932e-05  ,1.615866912842e+01  ,1.614658441060e+01  
  1.380916874433e-05  ,2.272623422209e+01  ,2.258217126197e+01  
  1.381214562380e-05  ,2.978994609159e+01  ,1.000422407402e+01  
  1.381426233375e-05  ,3.465774731381e+01  ,4.033418564924e+00  
  1.381683427417e-05  ,4.036425146161e+01  ,4.396140146178e+00  
  1.382048133337e-05  ,4.799609308617e+01  ,4.018205442844e+00  
  1.382421481931e-05  ,5.515608839644e+01  ,3.787595144084e+00  
  1.382751021111e-05  ,6.084914110981e+01  ,3.568595713407e+00  
  1.382990408266e-05  ,6.457937054411e+01  ,3.416835209542e+00  
  1.383109300905e-05  ,6.629755435918e+01  ,3.344043177600e+00  
  1.383274573410e-05  ,6.853187095326e+01  ,3.243677009896e+00  
  1.383517238820e-05  ,7.147617101608e+01  ,3.097406937471e+00  
  1.383987072432e-05  ,7.598349286603e+01  ,2.817673028784e+00  
  1.384543481791e-05  ,7.917864407011e+01  ,2.489445196346e+00  
  1.385303441012e-05  ,7.963677195168e+01  ,2.042560379289e+00  
  1.386057141745e-05  ,7.562849778771e+01  ,1.602334418909e+00  
  1.387034508908e-05  ,6.420777792820e+01  ,1.030463807361e+00  
  1.387916955674e-05  ,4.869515156738e+01  ,5.011906058329e-01  
  1.388390961611e-05  ,3.873919966530e+01  ,1.896329214321e-01  
  1.388630237007e-05  ,3.337320360891e+01  ,8.430682081181e-03  
  1.388811118478e-05  ,2.918997037186e+01  ,-1.412818511137e-01  
  1.389043241316e-05  ,2.368552793807e+01  ,-3.568101717282e-01  
  1.389507486993e-05  ,1.232887076540e+01  ,-8.980802385915e-01  
  1.389884784394e-05  ,2.895051741496e+00  ,-1.740758648064e+00  
  1.390209704214e-05  ,-5.266630080630e+00  ,-5.408460141478e+00  
  1.390400364572e-05  ,-1.003574905750e+01  ,-1.009399529758e+01  
  1.390647388571e-05  ,-1.615870947510e+01  ,-1.614662425569e+01  
  1.390916876072e-05  ,-2.272627372064e+01  ,-2.258220858079e+01  
  1.391214564019e-05  ,-2.978998432467e+01  ,-1.000410512395e+01  
  1.391426235014e-05  ,-3.465778444303e+01  ,-4.033373586060e+00  
  1.391683429056e-05  ,-4.036428702923e+01  ,-4.396143969310e+00  
  1.392048134977e-05  ,-4.799612604429e+01  ,-4.018202577957e+00  
  1.392421483570e-05  ,-5.515611823586e+01  ,-3.787594701274e+00  
  1.392751022750e-05  ,-6.084916785426e+01  ,-3.568595051684e+00  
  1.392990409905e-05  ,-6.457939485869e+01  ,-3.416834300434e+00  
  1.393109302545e-05  ,-6.629757741497e+01  ,-3.344042207066e+00  
  1.393274575049e-05  ,-6.853189220618e+01  ,-3.243676014871e+00  
  1.393517240459e-05  ,-7.147618951950e+01  ,-3.097405947894e+00  
  1.393987074071e-05  ,-7.598350575522e+01  ,-2.817672061233e+00  
  1.394543483430e-05  ,-7.917864995814e+01  ,-2.489444229456e+00  
  1.395303442651e-05  ,-7.963676803047e+01  ,-2.042559420343e+00  
  1.396057143384e-05  ,-7.562848435626e+01  ,-1.602333460893e+00  
  1.397034510547e-05  ,-6.420775335403e+01  ,-1.030462844667e+00  
  1.397916957313e-05  ,-4.869511888230e+01  ,-5.011895883217e-01  
  1.398390963250e-05  ,-3.873916362167e+01  ,-1.896317909939e-01  
  1.398630238646e-05  ,-3.337316616892e+01  ,-8.429435190073e-03  
  1.398811120117e-05  ,-2.918993201626e+01  ,1.412832234185e-01  
  1.399043242955e-05  ,-2.368548858925e+01  ,3.568117837239e-01  
  1.399507488632e-05  ,-1.232883006178e+01  ,8.980827812283e-01  
  1.399884786034e-05  ,-2.895010572713e+00  ,1.740764280238e+00  
  1.400209705853e-05  ,5.266671187032e+00  ,5.408500090413e+00  
  1.400400366211e-05  ,1.003578992783e+01  ,1.009403562730e+01  
  1.400647390211e-05  ,1.615874982178e+01  ,1.614666410076e+01  
  1.400916877711e-05  ,2.272631321918e+01  ,2.258224589952e+01  
  1.401214565659e-05  ,2.979002255773e+01  ,1.000398617376e+01  
  1.401426236653e-05  ,3.465782157224e+01  ,4.033328607329e+00  
  1.401683430696e-05  ,4.036432259685e+01  ,4.396147792461e+00  
  1.402048136616e-05  ,4.799615900240e+01  ,4.018199713062e+00  
  1.402421485209e-05  ,5.515614807526e+01  ,3.787594258478e+00  
  1.402751024389e-05  ,6.084919459870e+01  ,3.568594389966e+00  
  1.402990411544e-05  ,6.457941917325e+01  ,3.416833391327e+00  
  1.403109304184e-05  ,6.629760047075e+01  ,3.344041236531e+00  
  1.403274576688e-05  ,6.853191345908e+01  ,3.243675019848e+00  
  1.403517242098e-05  ,7.147620802290e+01  ,3.097404958318e+00  
  1.403987075710e-05  ,7.598351864440e+01  ,2.817671093684e+00  
  1.404543485069e-05  ,7.917865584615e+01  ,2.489443262565e+00  
  1.405303444290e-05  ,7.963676410924e+01  ,2.042558461399e+00  
  1.406057145023e-05  ,7.562847092479e+01  ,1.602332502878e+00  
  1.407034512186e-05  ,6.420772877985e+01  ,1.030461881973e+00  
  1.407916958952e-05  ,4.869508619720e+01  ,5.011885708103e-01  
  1.408390964890e-05  ,3.873912757803e+01  ,1.896306605551e-01  
  1.408630240285e-05  ,3.337312872893e+01  ,8.428188300996e-03  
  1.408811121756e-05  ,2.918989366066e+01  ,-1.412845957235e-01  
  1.409043244594e-05  ,2.368544924042e+01  ,-3.568133957236e-01  
  1.409507490271e-05  ,1.232878935814e+01  ,-8.980853238728e-01  
  1.409884787673e-05  ,2.894969403924e+00  ,-1.740769912443e+00  
  1.410209707493e-05  ,-5.266712293429e+00  ,-5.408540039359e+00  
  1.410400367850e-05  ,-1.003583079816e+01  ,-1.009407595702e+01  
  1.410647391850e-05  ,-1.615879016845e+01  ,-1.614670394583e+01  
  1.410916879350e-05  ,-2.272635271772e+01  ,-2.258228321818e+01  
  1.411214567298e-05  ,-2.979006079079e+01  ,-1.000386722342e+01  
  1.411426238292e-05  ,-3.465785870144e+01  ,-4.033283628727e+00  
  1.411683469588e-05  ,-4.036516651625e+01  ,-4.396157744664e+00  
  1.412048138255e-05  ,-4.799619196049e+01  ,-4.018188833266e+00  
  1.412421486849e-05  ,-5.515617791465e+01  ,-3.787596624258e+00  
  1.412751026028e-05  ,-6.084922134312e+01  ,-3.568595418879e+00  
  1.412990413183e-05  ,-6.457944348779e+01  ,-3.416832945232e+00  
  1.413109305823e-05  ,-6.629762352651e+01  ,-3.344040411603e+00  
  1.413274578327e-05  ,-6.853193471196e+01  ,-3.243674015615e+00  
  1.413517243737e-05  ,-7.147622652628e+01  ,-3.097403935089e+00  
  1.413987077349e-05  ,-7.598353153356e+01  ,-2.817670141155e+00  
  1.414543486708e-05  ,-7.917866173414e+01  ,-2.489442285679e+00  
  1.415303445929e-05  ,-7.963676018799e+01  ,-2.042557508238e+00  
  1.416057146662e-05  ,-7.562845749330e+01  ,-1.602331540515e+00  
  1.417034513825e-05  ,-6.420770420565e+01  ,-1.030460918239e+00  
  1.417916960591e-05  ,-4.869505351209e+01  ,-5.011875532599e-01  
  1.418390966529e-05  ,-3.873909153437e+01  ,-1.896295301187e-01  
  1.418630241925e-05  ,-3.337309128892e+01  ,-8.426941404725e-03  
  1.418811123395e-05  ,-2.918985530504e+01  ,1.412859680384e-01  
  1.419043246233e-05  ,-2.368540989158e+01  ,3.568150077288e-01  
  1.419507491910e-05  ,-1.232874865450e+01  ,8.980878665296e-01  
  1.419884789312e-05  ,-2.894928235130e+00  ,1.740775544681e+00  
  1.420209709132e-05  ,5.266753399833e+00  ,5.408579988332e+00  
  1.420400369489e-05  ,1.003587166850e+01  ,1.009411628675e+01  
  1.420647356236e-05  ,1.615791354428e+01  ,1.614583774402e+01  
  1.420916880989e-05  ,2.272639221626e+01  ,2.258232090695e+01  
  1.421214568937e-05  ,2.979009902384e+01  ,1.000376085951e+01  
  1.421426277184e-05  ,3.465873967351e+01  ,4.032530083646e+00  
  1.421683471227e-05  ,4.036520208360e+01  ,4.396205036050e+00  
  1.422048177147e-05  ,4.799697396247e+01  ,4.018140658710e+00  
  1.422421525741e-05  ,5.515688591769e+01  ,3.787578752193e+00  
  1.422750990415e-05  ,6.084864025610e+01  ,3.568623626420e+00  
  1.422990340316e-05  ,6.457836257927e+01  ,3.416879958677e+00  
  1.423109232956e-05  ,6.629659857624e+01  ,3.344085683695e+00  
  1.423274505460e-05  ,6.853098990714e+01  ,3.243718164543e+00  
  1.423517133617e-05  ,7.147498339339e+01  ,3.097469877001e+00  
  1.423986892724e-05  ,7.598207961893e+01  ,2.817779634482e+00  
  1.424543227577e-05  ,7.917773063609e+01  ,2.489594659987e+00  
  1.425303186798e-05  ,7.963737983995e+01  ,2.042709388246e+00  
  1.426056887531e-05  ,7.563058064080e+01  ,1.602482784410e+00  
  1.427034403706e-05  ,6.420935510724e+01  ,1.030525574498e+00  
  1.427916999483e-05  ,4.869427797971e+01  ,5.011649227287e-01  
  1.428391079926e-05  ,3.873659794363e+01  ,1.895545642865e-01  
  1.428630318069e-05  ,3.337135202065e+01  ,8.370624335410e-03  
  1.428811236793e-05  ,2.918720177485e+01  ,-1.413807328606e-01  
  1.429043359631e-05  ,2.368268765211e+01  ,-3.569265228540e-01  
  1.429507605308e-05  ,1.232593269487e+01  ,-8.982638108548e-01  
  1.429884828204e-05  ,2.893951411772e+00  ,-1.740935023735e+00  
  1.430209748024e-05  ,-5.267728742225e+00  ,-5.409529227449e+00  
  1.430400408381e-05  ,-1.003684140926e+01  ,-1.009507358749e+01  
  1.430647357875e-05  ,-1.615795389104e+01  ,-1.614587728920e+01  
  1.430916808122e-05  ,-2.272463632099e+01  ,-2.258065771010e+01  
  1.431214533323e-05  ,-2.978926832207e+01  ,-1.000722293873e+01  
  1.431426167065e-05  ,-3.465624526022e+01  ,-4.035425877549e+00  
  1.431683323854e-05  ,-4.036200421251e+01  ,-4.395957127310e+00  
  1.432048029774e-05  ,-4.799401070634e+01  ,-4.018367888101e+00  
  1.432421378368e-05  ,-5.515420305804e+01  ,-3.787630691715e+00  
  1.432751066560e-05  ,-6.084988265464e+01  ,-3.568545288552e+00  
  1.432990490967e-05  ,-6.458059730371e+01  ,-3.416777643008e+00  
  1.433109402233e-05  ,-6.629897959338e+01  ,-3.343979006305e+00  
  1.433274674737e-05  ,-6.853318473592e+01  ,-3.243615629790e+00  
  1.433517377400e-05  ,-7.147773532906e+01  ,-3.097324234611e+00  
  1.433987285519e-05  ,-7.598516829292e+01  ,-2.817546535928e+00  
  1.434543769383e-05  ,-7.917967683036e+01  ,-2.489276157249e+00  
  1.435303728604e-05  ,-7.963608363454e+01  ,-2.042391772151e+00  
  1.436057280326e-05  ,-7.562736214882e+01  ,-1.602253680072e+00  
  1.437034647489e-05  ,-6.420570023406e+01  ,-1.030382491743e+00  
  1.437916945243e-05  ,-4.869535956311e+01  ,-5.011958627671e-01  
  1.438390876675e-05  ,-3.874106736704e+01  ,-1.896886959878e-01  
  1.438630152071e-05  ,-3.337514366901e+01  ,-8.493588000466e-03  
  1.438811033541e-05  ,-2.919195787889e+01  ,1.412112845310e-01  
  1.439043156379e-05  ,-2.368756691415e+01  ,3.567266219368e-01  
  1.439507402056e-05  ,-1.233097994915e+01  ,8.979483766290e-01  
  1.439884699458e-05  ,-2.897185032316e+00  ,1.740466800031e+00  
  1.440209619278e-05  ,5.264500019532e+00  ,5.406390075600e+00  
  1.440400279635e-05  ,1.003363122717e+01  ,1.009190547877e+01  
  1.440647378141e-05  ,1.615845272339e+01  ,1.614637164103e+01  
  1.440917014652e-05  ,2.272961312198e+01  ,2.258537223461e+01  
  1.441214628094e-05  ,2.979147888420e+01  ,9.997720004868e+00  
  1.441426448101e-05  ,3.466261116379e+01  ,4.027786931943e+00  
  1.441683716649e-05  ,4.037052736543e+01  ,4.396623463776e+00  
  1.442048422569e-05  ,4.800190849937e+01  ,4.017760553803e+00  
  1.442421696657e-05  ,5.515999723573e+01  ,3.787541686154e+00  
  1.442750863308e-05  ,6.084656627252e+01  ,3.568754168058e+00  
  1.442990138704e-05  ,6.457537166828e+01  ,3.417019376986e+00  
  1.443109012717e-05  ,6.629350045814e+01  ,3.344225364844e+00  
  1.443274285221e-05  ,6.852813402112e+01  ,3.243851515710e+00  
  1.443516801620e-05  ,7.147123497300e+01  ,3.097668099448e+00  
  1.443986262703e-05  ,7.597712313840e+01  ,2.818153676564e+00  
  1.444542374039e-05  ,7.917466003082e+01  ,2.490096231488e+00  
  1.445302184248e-05  ,7.963977223431e+01  ,2.043297333847e+00  
  1.446056033993e-05  ,7.563757041933e+01  ,1.602980615022e+00  
  1.447033848190e-05  ,6.421768216434e+01  ,1.030851638619e+00  
  1.447916592979e-05  ,4.870238356830e+01  ,5.014190637536e-01  
  1.448390822434e-05  ,3.874226006036e+01  ,1.897369388233e-01  
  1.448630582118e-05  ,3.336532059409e+01  ,8.175342044139e-03  
  1.448811221445e-05  ,2.918756092762e+01  ,-1.413609060556e-01  
  1.449043344283e-05  ,2.368305610416e+01  ,-3.569118415754e-01  
  1.449507589960e-05  ,1.232631383093e+01  ,-8.982416004806e-01  
  1.449884812856e-05  ,2.894336901510e+00  ,-1.740882831001e+00  
  1.450209732676e-05  ,-5.267343837075e+00  ,-5.409155174605e+00  
  1.450400393033e-05  ,-1.003645871480e+01  ,-1.009469596707e+01  
  1.450647342527e-05  ,-1.615757609845e+01  ,-1.614550420972e+01  
  1.450916830027e-05  ,-2.272516416805e+01  ,-2.258115815600e+01  
  1.451214517975e-05  ,-2.978891031974e+01  ,-1.000735030640e+01  
  1.451426151717e-05  ,-3.465589759174e+01  ,-4.035319950249e+00  
  1.451683308506e-05  ,-4.036167116333e+01  ,-4.395984030476e+00  
  1.452048014426e-05  ,-4.799370209033e+01  ,-4.018374960205e+00  
  1.452421363020e-05  ,-5.515392364321e+01  ,-3.787642517850e+00  
  1.452751051211e-05  ,-6.084963223268e+01  ,-3.568555846907e+00  
  1.452990475619e-05  ,-6.458036963810e+01  ,-3.416787320621e+00  
  1.453109386885e-05  ,-6.629876371663e+01  ,-3.343988457072e+00  
  1.453274659389e-05  ,-6.853298574095e+01  ,-3.243624924431e+00  
  1.453517362052e-05  ,-7.147756208386e+01  ,-3.097333419929e+00  
  1.453987270170e-05  ,-7.598504762669e+01  ,-2.817555637211e+00  
  1.454543754035e-05  ,-7.917962173047e+01  ,-2.489285187631e+00  
  1.455303713256e-05  ,-7.963612038499e+01  ,-2.042400767192e+00  
  1.456057264978e-05  ,-7.562748793094e+01  ,-1.602262640142e+00  
  1.457034632140e-05  ,-6.420593035027e+01  ,-1.030391503676e+00  
  1.457916929895e-05  ,-4.869566561299e+01  ,-5.012053903689e-01  
  1.458390935832e-05  ,-3.873976653210e+01  ,-1.896490031761e-01  
  1.458630211228e-05  ,-3.337379243670e+01  ,-8.449668046238e-03  
  1.458811092699e-05  ,-2.919057359990e+01  ,1.412603971781e-01  
  1.459043215537e-05  ,-2.368614678700e+01  ,3.567848197338e-01  
  1.459507461214e-05  ,-1.232951092212e+01  ,8.980402277179e-01  
  1.459884758615e-05  ,-2.895699214213e+00  ,1.740670066311e+00  
  1.460209678435e-05  ,5.265983588776e+00  ,5.407831851825e+00  
  1.460400338793e-05  ,1.003510627815e+01  ,1.009336101743e+01  
  1.460647362792e-05  ,1.615807493129e+01  ,1.614599759568e+01  
  1.460916924798e-05  ,2.272744790213e+01  ,2.258332109280e+01  
  1.461214575493e-05  ,2.979025195596e+01  ,1.000234773153e+01  
  1.461426283741e-05  ,3.465888818935e+01  ,4.031838428365e+00  
  1.461683515036e-05  ,4.036615269793e+01  ,4.396287491834e+00  
  1.462048183703e-05  ,4.799710579350e+01  ,4.018102005054e+00  
  1.462421532297e-05  ,5.515700527370e+01  ,3.787587287639e+00  
  1.462750996971e-05  ,6.084874723502e+01  ,3.568626934453e+00  
  1.462990346873e-05  ,6.457845984030e+01  ,3.416877936732e+00  
  1.463109239513e-05  ,6.629669080222e+01  ,3.344082317077e+00  
  1.463274512017e-05  ,6.853107492172e+01  ,3.243714168451e+00  
  1.463517140174e-05  ,7.147505741181e+01  ,3.097465819206e+00  
  1.463986899281e-05  ,7.598213118444e+01  ,2.817775828585e+00  
  1.464543234134e-05  ,7.917775420110e+01  ,2.489590765579e+00  
  1.465303193355e-05  ,7.963736416809e+01  ,2.042705576665e+00  
  1.466056894088e-05  ,7.563052692733e+01  ,1.602478939410e+00  
  1.467034410262e-05  ,6.420925681485e+01  ,1.030521720937e+00  
  1.467916857028e-05  ,4.869711859163e+01  ,5.012521358758e-01  
  1.468390937471e-05  ,3.873973048863e+01  ,1.896511179612e-01  
  1.468630324626e-05  ,3.337120225891e+01  ,8.365762185520e-03  
  1.468811150217e-05  ,2.918922766657e+01  ,-1.413067024240e-01  
  1.469043273056e-05  ,2.368476600062e+01  ,-3.568414842545e-01  
  1.469507518733e-05  ,1.232808259453e+01  ,-8.981298665611e-01  
  1.469884741628e-05  ,2.896125872418e+00  ,-1.740637663130e+00  
  1.470209661448e-05  ,-5.265557576627e+00  ,-5.407419195425e+00  
  1.470400321805e-05  ,-1.003468271222e+01  ,-1.009294344130e+01  
  1.470647345805e-05  ,-1.615765679204e+01  ,-1.614558483038e+01  
  1.470916945064e-05  ,-2.272793624517e+01  ,-2.258378432268e+01  
  1.471214558506e-05  ,-2.978985572243e+01  ,-1.000259992700e+01  
  1.471426266754e-05  ,-3.465850339796e+01  ,-4.031779203224e+00  
  1.471683498049e-05  ,-4.036578409327e+01  ,-4.396310403592e+00  
  1.472048129463e-05  ,-4.799601518508e+01  ,-4.018143652763e+00  
  1.472421478057e-05  ,-5.515601786682e+01  ,-3.787622739686e+00  
  1.472751017237e-05  ,-6.084907789555e+01  ,-3.568612412775e+00  
  1.472990404391e-05  ,-6.457931307320e+01  ,-3.416841427550e+00  
  1.473109297031e-05  ,-6.629749986358e+01  ,-3.344046758108e+00  
  1.473274569535e-05  ,-6.853182071899e+01  ,-3.243679307723e+00  
  1.473517234945e-05  ,-7.147612728064e+01  ,-3.097409015671e+00  
  1.473987068558e-05  ,-7.598346240055e+01  ,-2.817675472844e+00  
  1.474543403411e-05  ,-7.917836249072e+01  ,-2.489491365632e+00  
  1.475303362632e-05  ,-7.963695943212e+01  ,-2.042606276062e+00  
  1.476057063365e-05  ,-7.562914003184e+01  ,-1.602380200374e+00  
  1.477034579539e-05  ,-6.420671898963e+01  ,-1.030422348160e+00  
  1.477917026305e-05  ,-4.869374312557e+01  ,-5.011470566240e-01  
  1.478391032243e-05  ,-3.873764650291e+01  ,-1.895846520829e-01  
  1.478630195880e-05  ,-3.337414300943e+01  ,-8.461501793679e-03  
  1.478811114603e-05  ,-2.919006103057e+01  ,1.412799511180e-01  
  1.479043237442e-05  ,-2.368562094440e+01  ,3.568062811530e-01  
  1.479507483119e-05  ,-1.232896697401e+01  ,8.980739162211e-01  
  1.479884780520e-05  ,-2.895149049580e+00  ,1.740745225993e+00  
  1.480209700340e-05  ,5.266532919992e+00  ,5.408365715983e+00  
  1.480400360697e-05  ,1.003565245483e+01  ,1.009389997269e+01  
  1.480647384697e-05  ,1.615861411017e+01  ,1.614653007658e+01  
  1.480916872197e-05  ,2.272618036037e+01  ,2.258212037479e+01  
  1.481214560145e-05  ,2.978989395553e+01  ,1.000438640756e+01  
  1.481426231140e-05  ,3.465769668300e+01  ,4.033479939975e+00  
  1.481683425182e-05  ,4.036420296025e+01  ,4.396134927782e+00  
  1.482048131102e-05  ,4.799604814322e+01  ,4.018209350808e+00  
  1.482421479696e-05  ,5.515604770627e+01  ,3.787595747170e+00  
  1.482751018876e-05  ,6.084910464004e+01  ,3.568596615287e+00  
  1.482990406030e-05  ,6.457933738782e+01  ,3.416836449026e+00  
  1.483109298670e-05  ,6.629752291941e+01  ,3.344044500917e+00  
  1.483274571174e-05  ,6.853184197195e+01  ,3.243678366651e+00  
  1.483517236584e-05  ,7.147614578410e+01  ,3.097408286816e+00  
  1.483987070197e-05  ,7.598347528980e+01  ,2.817674348110e+00  
  1.484543479556e-05  ,7.917863604094e+01  ,2.489446514799e+00  
  1.485303438777e-05  ,7.963677729875e+01  ,2.042561686921e+00  
  1.486057139510e-05  ,7.562851610330e+01  ,1.602335725286e+00  
  1.487034506673e-05  ,6.420781143842e+01  ,1.030465120123e+00  
  1.487916953439e-05  ,4.869519613797e+01  ,5.011919933479e-01  
  1.488390959376e-05  ,3.873924881574e+01  ,1.896344629388e-01  
  1.488630234772e-05  ,3.337325466346e+01  ,8.432382383548e-03  
  1.488811116242e-05  ,2.919002267498e+01  ,-1.412799797910e-01  
  1.489043239081e-05  ,2.368558159559e+01  ,-3.568079735541e-01  
  1.489507484758e-05  ,1.232892627039e+01  ,-8.980767713628e-01  
  1.489884782159e-05  ,2.895107880799e+00  ,-1.740750967865e+00  
  1.490209701979e-05  ,-5.266574026394e+00  ,-5.408405665636e+00  
  1.490400362337e-05  ,-1.003569332517e+01  ,-1.009394030246e+01  
  1.490647386336e-05  ,-1.615865445686e+01  ,-1.614656992144e+01  
  1.490916873837e-05  ,-2.272621985893e+01  ,-2.258215769142e+01  
  1.491214561784e-05  ,-2.978993218861e+01  ,-1.000426732868e+01  
  1.491426232779e-05  ,-3.465773381223e+01  ,-4.033434920955e+00  
  1.491683426821e-05  ,-4.036423852789e+01  ,-4.396138755946e+00  
  1.492048132741e-05  ,-4.799608110136e+01  ,-4.018206484625e+00  
  1.492421481335e-05  ,-5.515607754571e+01  ,-3.787595305108e+00  
  1.492751020515e-05  ,-6.084913138451e+01  ,-3.568595954035e+00  
  1.492990407670e-05  ,-6.457936170242e+01  ,-3.416835540128e+00  
  1.493109300309e-05  ,-6.629754597523e+01  ,-3.344043530523e+00  
  1.493274572813e-05  ,-6.853186322490e+01  ,-3.243677371724e+00  
  1.493517238224e-05  ,-7.147616428754e+01  ,-3.097407297317e+00  
  1.493987071836e-05  ,-7.598348817902e+01  ,-2.817673380621e+00  
  1.494543481195e-05  ,-7.917864192900e+01  ,-2.489445547944e+00  
  1.495303440416e-05  ,-7.963677337757e+01  ,-2.042560727997e+00  
  1.496057141149e-05  ,-7.562850267188e+01  ,-1.602334767280e+00  
  1.497034508312e-05  ,-6.420778686428e+01  ,-1.030464157433e+00  
  1.497916955078e-05  ,-4.869516345290e+01  ,-5.011909758381e-01  
  1.498390961015e-05  ,-3.873921277212e+01  ,-1.896333325019e-01  
  1.498630236411e-05  ,-3.337321722349e+01  ,-8.431135496885e-03  
  1.498811117882e-05  ,-2.918998431940e+01  ,1.412813520927e-01  
  1.499043240720e-05  ,-2.368554224678e+01  ,3.568095855466e-01  
  1.499507486397e-05  ,-1.232888556677e+01  ,8.980793139941e-01  
  1.499884783798e-05  ,-2.895066712012e+00  ,1.740756600001e+00  
  1.500209703618e-05  ,5.266615132798e+00  ,5.408445614550e+00  
  1.500400363976e-05  ,1.003573419551e+01  ,1.009398063218e+01  
  1.500647387975e-05  ,1.615869480354e+01  ,1.614660976652e+01  
  1.500916875476e-05  ,2.272625935749e+01  ,2.258219501027e+01  
  1.501214563423e-05  ,2.978997042169e+01  ,1.000414837868e+01  
  1.501426234418e-05  ,3.465777094145e+01  ,4.033389942048e+00  
  1.501683428460e-05  ,4.036427409551e+01  ,4.396142579076e+00  
  1.502048134381e-05  ,4.799611405948e+01  ,4.018203619737e+00  
  1.502421482974e-05  ,5.515610738513e+01  ,3.787594862296e+00  
  1.502751022154e-05  ,6.084915812898e+01  ,3.568595292311e+00  
  1.502990409309e-05  ,6.457938601700e+01  ,3.416834631019e+00  
  1.503109301949e-05  ,6.629756903103e+01  ,3.344042559989e+00  
  1.503274574453e-05  ,6.853188447782e+01  ,3.243676376700e+00  
  1.503517239863e-05  ,7.147618279097e+01  ,3.097406307742e+00  
  1.503987073475e-05  ,7.598350106823e+01  ,2.817672413071e+00  
  1.504543482834e-05  ,7.917864781704e+01  ,2.489444581054e+00  
  1.505303442055e-05  ,7.963676945637e+01  ,2.042559769051e+00  
  1.506057142788e-05  ,7.562848924044e+01  ,1.602333809265e+00  
  1.507034509951e-05  ,6.420776229012e+01  ,1.030463194738e+00  
  1.507916956717e-05  ,4.869513076783e+01  ,5.011899583273e-01  
  1.508390962654e-05  ,3.873917672849e+01  ,1.896322020637e-01  
  1.508630238050e-05  ,3.337317978351e+01  ,8.429888605981e-03  
  1.508811119521e-05  ,2.918994596380e+01  ,-1.412827243969e-01  
  1.509043242359e-05  ,2.368550289796e+01  ,-3.568111975415e-01  
  1.509507488036e-05  ,1.232884486314e+01  ,-8.980818566288e-01  
  1.509884785438e-05  ,2.895025543225e+00  ,-1.740762232166e+00  
  1.510209705257e-05  ,-5.266656239201e+00  ,-5.408485563479e+00  
  1.510400365615e-05  ,-1.003577506585e+01  ,-1.009402096190e+01  
  1.510647389615e-05  ,-1.615873515022e+01  ,-1.614664961160e+01  
  1.510916877115e-05  ,-2.272629885603e+01  ,-2.258223232904e+01  
  1.511214565063e-05  ,-2.979000865476e+01  ,-1.000402942854e+01  
  1.511426236057e-05  ,-3.465780807067e+01  ,-4.033344963272e+00  
  1.511683430099e-05  ,-4.036430966313e+01  ,-4.396146402217e+00  
  1.512048136020e-05  ,-4.799614701759e+01  ,-4.018200754845e+00  
  1.512421484613e-05  ,-5.515613722453e+01  ,-3.787594419493e+00  
  1.512751023793e-05  ,-6.084918487342e+01  ,-3.568594630590e+00  
  1.512990410948e-05  ,-6.457941033156e+01  ,-3.416833721912e+00  
  1.513109303588e-05  ,-6.629759208680e+01  ,-3.344041589453e+00  
  1.513274576092e-05  ,-6.853190573073e+01  ,-3.243675381676e+00  
  1.513517241502e-05  ,-7.147620129437e+01  ,-3.097405318165e+00  
  1.513987075114e-05  ,-7.598351395741e+01  ,-2.817671445522e+00  
  1.514543484473e-05  ,-7.917865370505e+01  ,-2.489443614163e+00  
  1.515303443694e-05  ,-7.963676553515e+01  ,-2.042558810107e+00  
  1.516057144427e-05  ,-7.562847580898e+01  ,-1.602332851248e+00  
  1.517034511590e-05  ,-6.420773771595e+01  ,-1.030462232044e+00  
  1.517916958356e-05  ,-4.869509808273e+01  ,-5.011889408156e-01  
  1.518390964293e-05  ,-3.873914068485e+01  ,-1.896310716251e-01  
  1.518630239689e-05  ,-3.337314234351e+01  ,-8.428641715796e-03  
  1.518811121160e-05  ,-2.918990760819e+01  ,1.412840967020e-01  
  1.519043243998e-05  ,-2.368546354913e+01  ,3.568128095385e-01  
  1.519507489675e-05  ,-1.232880415951e+01  ,8.980843992710e-01  
  1.519884787077e-05  ,-2.894984374441e+00  ,1.740767864359e+00  
  1.520209706897e-05  ,5.266697345599e+00  ,5.408525512420e+00  
  1.520400367254e-05  ,1.003581593618e+01  ,1.009406129162e+01  
  1.520647391254e-05  ,1.615877549689e+01  ,1.614668945667e+01  
  1.520916878754e-05  ,2.272633835457e+01  ,2.258226964772e+01  
  1.521214566702e-05  ,2.979004688781e+01  ,1.000391047823e+01  
  1.521426237696e-05  ,3.465784519987e+01  ,4.033299984614e+00  
  1.521683468992e-05  ,4.036515358262e+01  ,4.396156353254e+00  
  1.522048137659e-05  ,4.799617997569e+01  ,4.018189875334e+00  
  1.522421486253e-05  ,5.515616706393e+01  ,3.787596785172e+00  
  1.522751025432e-05  ,6.084921161785e+01  ,3.568595659444e+00  
  1.522990412587e-05  ,6.457943464612e+01  ,3.416833275802e+00  
  1.523109305227e-05  ,6.629761514257e+01  ,3.344040764519e+00  
  1.523274577731e-05  ,6.853192698362e+01  ,3.243674377445e+00  
  1.523517243141e-05  ,7.147621979776e+01  ,3.097404294936e+00  
  1.523987076753e-05  ,7.598352684658e+01  ,2.817670492993e+00  
  1.524543486112e-05  ,7.917865959305e+01  ,2.489442637277e+00  
  1.525303445333e-05  ,7.963676161391e+01  ,2.042557856946e+00  
  1.526057146066e-05  ,7.562846237750e+01  ,1.602331888886e+00  
  1.527034513229e-05  ,6.420771314176e+01  ,1.030461268311e+00  
  1.527916959995e-05  ,4.869506539762e+01  ,5.011879232652e-01  
  1.528390965933e-05  ,3.873910464120e+01  ,1.896299411898e-01  
  1.528630241328e-05  ,3.337310490351e+01  ,8.427394820112e-03  
  1.528811122799e-05  ,2.918986925258e+01  ,-1.412854690182e-01  
  1.529043245637e-05  ,2.368542420029e+01  ,-3.568144215449e-01  
  1.529507491314e-05  ,1.232876345587e+01  ,-8.980869419252e-01  
  1.529884788716e-05  ,2.894943205643e+00  ,-1.740773496588e+00  
  1.530209708536e-05  ,-5.266738452008e+00  ,-5.408565461391e+00  
  1.530400368893e-05  ,-1.003585680652e+01  ,-1.009410162135e+01  
  1.530647355640e-05  ,-1.615789887269e+01  ,-1.614582325482e+01  
  1.530916880393e-05  ,-2.272637785311e+01  ,-2.258230733652e+01  
  1.531214568341e-05  ,-2.979008512087e+01  ,-1.000380411443e+01  
  1.531426276588e-05  ,-3.465872617203e+01  ,-4.032546437088e+00  
  1.531683470631e-05  ,-4.036518914998e+01  ,-4.396203645891e+00  
  1.532048176551e-05  ,-4.799696197779e+01  ,-4.018141700467e+00  
  1.532421525145e-05  ,-5.515687506710e+01  ,-3.787578913150e+00  
  1.532750989819e-05  ,-6.084863053070e+01  ,-3.568623867042e+00  
  1.532990339720e-05  ,-6.457835373732e+01  ,-3.416880289262e+00  
  1.533109232360e-05  ,-6.629659019203e+01  ,-3.344086036621e+00  
  1.533274504864e-05  ,-6.853098217851e+01  ,-3.243718526374e+00  
  1.533517133021e-05  ,-7.147497666441e+01  ,-3.097470236849e+00  
  1.533986892128e-05  ,-7.598207493114e+01  ,-2.817779986320e+00  
  1.534543226981e-05  ,-7.917772849379e+01  ,-2.489595011584e+00  
  1.535303186202e-05  ,-7.963738126465e+01  ,-2.042709736955e+00  
  1.536056886935e-05  ,-7.563058552384e+01  ,-1.602483132779e+00  
  1.537034403110e-05  ,-6.420936404291e+01  ,-1.030525924567e+00  
  1.537916998887e-05  ,-4.869428986534e+01  ,-5.011652927330e-01  
  1.538391079330e-05  ,-3.873661105069e+01  ,-1.895549753656e-01  
  1.538630317473e-05  ,-3.337136563537e+01  ,-8.371077762897e-03  
  1.538811236197e-05  ,-2.918721572256e+01  ,1.413802338052e-01  
  1.539043359035e-05  ,-2.368270196096e+01  ,3.569259366223e-01  
  1.539507604712e-05  ,-1.232594749630e+01  ,8.982628861009e-01  
  1.539884827608e-05  ,-2.893966382273e+00  ,1.740932975341e+00  
  1.540209747428e-05  ,5.267713794430e+00  ,5.409514700397e+00  
  1.540400407785e-05  ,1.003682654732e+01  ,1.009505892211e+01  
  1.540647357279e-05  ,1.615793921947e+01  ,1.614586280003e+01  
  1.540916807526e-05  ,2.272462195776e+01  ,2.258064413843e+01  
  1.541214532727e-05  ,2.978925441906e+01  ,1.000726618952e+01  
  1.541426166469e-05  ,3.465623175853e+01  ,4.035442236290e+00  
  1.541683323258e-05  ,4.036199127857e+01  ,4.395955738375e+00  
  1.542048029178e-05  ,4.799399872127e+01  ,4.018368929467e+00  
  1.542421377772e-05  ,5.515419220699e+01  ,3.787630853057e+00  
  1.542751065963e-05  ,6.084987292954e+01  ,3.568545529298e+00  
  1.542990490371e-05  ,6.458058846235e+01  ,3.416777973618e+00  
  1.543109401637e-05  ,6.629897120984e+01  ,3.343979359233e+00  
  1.543274674141e-05  ,6.853317700799e+01  ,3.243615991614e+00  
  1.543517376804e-05  ,7.147772860112e+01  ,3.097324594453e+00  
  1.543987284923e-05  ,7.598516360688e+01  ,2.817546887764e+00  
  1.544543768787e-05  ,7.917967469059e+01  ,2.489276508845e+00  
  1.545303728008e-05  ,7.963608506178e+01  ,2.042392120858e+00  
  1.546057279730e-05  ,7.562736703360e+01  ,1.602254028442e+00  
  1.547034646893e-05  ,6.420570917064e+01  ,1.030382841815e+00  
  1.547916944647e-05  ,4.869537144857e+01  ,5.011962327726e-01  
  1.548390876079e-05  ,3.874108047362e+01  ,1.896891070483e-01  
  1.548630151474e-05  ,3.337515728338e+01  ,8.494041398746e-03  
  1.548811032945e-05  ,2.919197182623e+01  ,-1.412107855365e-01  
  1.549043155783e-05  ,2.368758122268e+01  ,-3.567260357975e-01  
  1.549507401460e-05  ,1.233099475040e+01  ,-8.979474521473e-01  
  1.549884698862e-05  ,2.897200002763e+00  ,-1.740464752529e+00  
  1.550209618682e-05  ,-5.264485071729e+00  ,-5.406375549016e+00  
  1.550400279039e-05  ,-1.003361636518e+01  ,-1.009189081341e+01  
  1.550647377545e-05  ,-1.615843805187e+01  ,-1.614635715191e+01  
  1.550917014056e-05  ,-2.272959875906e+01  ,-2.258535866653e+01  
  1.551214627498e-05  ,-2.979146498139e+01  ,-9.997763267143e+00  
  1.551426447505e-05  ,-3.466259766269e+01  ,-4.027803277366e+00  
  1.551683716053e-05  ,-4.037051443244e+01  ,-4.396622071140e+00  
  1.552048421973e-05  ,-4.800189651542e+01  ,-4.017761596351e+00  
  1.552421696061e-05  ,-5.515998638574e+01  ,-3.787541846485e+00  
  1.552750862712e-05  ,-6.084655654670e+01  ,-3.568754408433e+00  
  1.552990138108e-05  ,-6.457536282560e+01  ,-3.417019707521e+00  
  1.553109012121e-05  ,-6.629349207309e+01  ,-3.344225717759e+00  
  1.553274284625e-05  ,-6.852812629162e+01  ,-3.243851877546e+00  
  1.553516801023e-05  ,-7.147122824265e+01  ,-3.097668459304e+00  
  1.553986262107e-05  ,-7.597711844780e+01  ,-2.818154028404e+00  
  1.554542373443e-05  ,-7.917465788455e+01  ,-2.490096583088e+00  
  1.555302183652e-05  ,-7.963977365431e+01  ,-2.043297682557e+00  
  1.556056033397e-05  ,-7.563757529855e+01  ,-1.602980963393e+00  
  1.557033847594e-05  ,-6.421769109790e+01  ,-1.030851988683e+00  
  1.557916592383e-05  ,-4.870239545274e+01  ,-5.014194337368e-01  
  1.558390821838e-05  ,-3.874227316682e+01  ,-1.897373498687e-01  
  1.558630581522e-05  ,-3.336533420930e+01  ,-8.175795513542e-03  
  1.558811220849e-05  ,-2.918757487528e+01  ,1.413604070150e-01  
  1.559043343687e-05  ,-2.368307041295e+01  ,3.569112553500e-01  
  1.559507589364e-05  ,-1.232632863232e+01  ,8.982406757473e-01  
  1.559884812260e-05  ,-2.894351871977e+00  ,1.740880782712e+00  
  1.560209732079e-05  ,5.267328889307e+00  ,5.409140647637e+00  
  1.560400392437e-05  ,1.003644385289e+01  ,1.009468130173e+01  
  1.560647341931e-05  ,1.615756142689e+01  ,1.614548972055e+01  
  1.560916829431e-05  ,2.272514980489e+01  ,2.258114458474e+01  
  1.561214517379e-05  ,2.978889641673e+01  ,1.000739355950e+01  
  1.561426151121e-05  ,3.465588409006e+01  ,4.035336309876e+00  
  1.561683307910e-05  ,4.036165822938e+01  ,4.395982641452e+00  
  1.562048013830e-05  ,4.799369010524e+01  ,4.018376001598e+00  
  1.562421362424e-05  ,5.515391279214e+01  ,3.787642679174e+00  
  1.562751050615e-05  ,6.084962250754e+01  ,3.568556087643e+00  
  1.562990475023e-05  ,6.458036079670e+01  ,3.416787651228e+00  
  1.563109386289e-05  ,6.629875533305e+01  ,3.343988809998e+00  
  1.563274658793e-05  ,6.853297801297e+01  ,3.243625286254e+00  
  1.563517361456e-05  ,7.147755535587e+01  ,3.097333779771e+00  
  1.563987269574e-05  ,7.598504294060e+01  ,2.817555989046e+00  
  1.564543753439e-05  ,7.917961959063e+01  ,2.489285539226e+00  
  1.565303712660e-05  ,7.963612181215e+01  ,2.042401115899e+00  
  1.566057264382e-05  ,7.562749281564e+01  ,1.602262988511e+00  
  1.567034631544e-05  ,6.420593928677e+01  ,1.030391853747e+00  
  1.567916929299e-05  ,4.869567749838e+01  ,5.012057603723e-01  
  1.568390935236e-05  ,3.873977963879e+01  ,1.896494142417e-01  
  1.568630210632e-05  ,3.337380605116e+01  ,8.450121453737e-03  
  1.568811092103e-05  ,2.919058754731e+01  ,-1.412598981688e-01  
  1.569043214941e-05  ,2.368616109559e+01  ,-3.567842335670e-01  
  1.569507460618e-05  ,1.232952572339e+01  ,-8.980393031599e-01  
  1.569884758019e-05  ,2.895714184638e+00  ,-1.740668018429e+00  
  1.570209677839e-05  ,-5.265968641023e+00  ,-5.407817325069e+00  
  1.570400338197e-05  ,-1.003509141623e+01  ,-1.009334635211e+01  
  1.570647362196e-05  ,-1.615806025978e+01  ,-1.614598310656e+01  
  1.570916924202e-05  ,-2.272743353912e+01  ,-2.258330752320e+01  
  1.571214574897e-05  ,-2.979023805308e+01  ,-1.000239098928e+01  
  1.571426283145e-05  ,-3.465887468795e+01  ,-4.031854782019e+00  
  1.571683514440e-05  ,-4.036613976449e+01  ,-4.396286100362e+00  
  1.572048183107e-05  ,-4.799709380890e+01  ,-4.018103047142e+00  
  1.572421531701e-05  ,-5.515699442318e+01  ,-3.787587448420e+00  
  1.572750996375e-05  ,-6.084873750969e+01  ,-3.568627174988e+00  
  1.572990346277e-05  ,-6.457845099842e+01  ,-3.416878267295e+00  
  1.573109238917e-05  ,-6.629668241807e+01  ,-3.344082669994e+00  
  1.573274511421e-05  ,-6.853106719315e+01  ,-3.243714530280e+00  
  1.573517139578e-05  ,-7.147505068289e+01  ,-3.097466179054e+00  
  1.573986898684e-05  ,-7.598212649669e+01  ,-2.817776180419e+00  
  1.574543233538e-05  ,-7.917775205885e+01  ,-2.489591117175e+00  
  1.575303192759e-05  ,-7.963736559282e+01  ,-2.042705925371e+00  
  1.576056893492e-05  ,-7.563053181037e+01  ,-1.602479287779e+00  
  1.577034409666e-05  ,-6.420926575051e+01  ,-1.030522071005e+00  
  1.577916856432e-05  ,-4.869713047680e+01  ,-5.012525058737e-01  
  1.578390936875e-05  ,-3.873974359530e+01  ,-1.896515290233e-01  
  1.578630324030e-05  ,-3.337121587357e+01  ,-8.366215613996e-03  
  1.578811149621e-05  ,-2.918924161407e+01  ,1.413062033987e-01  
  1.579043272459e-05  ,-2.368478030928e+01  ,3.568408980624e-01  
  1.579507518136e-05  ,-1.232809739583e+01  ,8.981289419268e-01  
  1.579884741032e-05  ,-2.896140842836e+00  ,1.740635615309e+00  
  1.580209660852e-05  ,5.265542628873e+00  ,5.407404668737e+00  
  1.580400321209e-05  ,1.003466785029e+01  ,1.009292877599e+01  
  1.580647345209e-05  ,1.615764212051e+01  ,1.614557034125e+01  
  1.580916944468e-05  ,2.272792188218e+01  ,2.258377075342e+01  
  1.581214557910e-05  ,2.978984181952e+01  ,1.000264318700e+01  
  1.581426266158e-05  ,3.465848989652e+01  ,4.031795557809e+00  
  1.581683497453e-05  ,4.036577115978e+01  ,4.396309012038e+00  
  1.582048128867e-05  ,4.799600320031e+01  ,4.018144694795e+00  
  1.582421477461e-05  ,5.515600701613e+01  ,3.787622900488e+00  
  1.582751016641e-05  ,6.084906817030e+01  ,3.568612653317e+00  
  1.582990403795e-05  ,6.457930423154e+01  ,3.416841758117e+00  
  1.583109296435e-05  ,6.629749147966e+01  ,3.344047111027e+00  
  1.583274568939e-05  ,6.853181299066e+01  ,3.243679669550e+00  
  1.583517234349e-05  ,7.147612055212e+01  ,3.097409375517e+00  
  1.583987067962e-05  ,7.598345771356e+01  ,2.817675824681e+00  
  1.584543402815e-05  ,7.917836034926e+01  ,2.489491717228e+00  
  1.585303362036e-05  ,7.963696085764e+01  ,2.042606624769e+00  
  1.586057062769e-05  ,7.562914491564e+01  ,1.602380548743e+00  
  1.587034578943e-05  ,6.420672792594e+01  ,1.030422698230e+00  
  1.587917025709e-05  ,4.869375501123e+01  ,5.011474266306e-01  
  1.588391031647e-05  ,3.873765960982e+01  ,1.895850631585e-01  
  1.588630195284e-05  ,3.337415662386e+01  ,8.461955198859e-03  
  1.588811114007e-05  ,2.919007497802e+01  ,-1.412794520980e-01  
  1.589043236846e-05  ,2.368563525303e+01  ,-3.568056949762e-01  
  1.589507482523e-05  ,1.232898177531e+01  ,-8.980729916341e-01  
  1.589884779924e-05  ,2.895164020019e+00  ,-1.740743177967e+00  
  1.590209699744e-05  ,-5.266517972237e+00  ,-5.408351189143e+00  
  1.590400360101e-05  ,-1.003563759291e+01  ,-1.009388530736e+01  
  1.590647384101e-05  ,-1.615859943867e+01  ,-1.614651558748e+01  
  1.590916871601e-05  ,-2.272616599728e+01  ,-2.258210680427e+01  
  1.591214559549e-05  ,-2.978988005261e+01  ,-1.000442966195e+01  
  1.591426230544e-05  ,-3.465768318147e+01  ,-4.033496295992e+00  
  1.591683424586e-05  ,-4.036419002658e+01  ,-4.396133537564e+00  
  1.592048130506e-05  ,-4.799603615847e+01  ,-4.018210392581e+00  
  1.592421479100e-05  ,-5.515603685558e+01  ,-3.787595908200e+00  
  1.592751018280e-05  ,-6.084909491479e+01  ,-3.568596855917e+00  
  1.592990405434e-05  ,-6.457932854616e+01  ,-3.416836779611e+00  
  1.593109298074e-05  ,-6.629751453549e+01  ,-3.344044853840e+00  
  1.593274570578e-05  ,-6.853183424363e+01  ,-3.243678728476e+00  
  1.593517235988e-05  ,-7.147613905558e+01  ,-3.097408646661e+00  
  1.593987069601e-05  ,-7.598347060281e+01  ,-2.817674699945e+00  
  1.594543478960e-05  ,-7.917863389983e+01  ,-2.489446866394e+00  
  1.595303438181e-05  ,-7.963677872463e+01  ,-2.042562035627e+00  
  1.596057138914e-05  ,-7.562852098744e+01  ,-1.602336073655e+00  
  1.597034506077e-05  ,-6.420782037445e+01  ,-1.030465470193e+00  
  1.597916952842e-05  ,-4.869520802342e+01  ,-5.011923633511e-01  
  1.598390958780e-05  ,-3.873926192249e+01  ,-1.896348740061e-01  
  1.598630234176e-05  ,-3.337326827797e+01  ,-8.432835796382e-03  
  1.598811115646e-05  ,-2.919003662244e+01  ,1.412794807750e-01  
  1.599043238485e-05  ,-2.368559590422e+01  ,3.568073873787e-01  
  1.599507484162e-05  ,-1.232894107168e+01  ,8.980758467733e-01  
  1.599884781563e-05  ,-2.895122851229e+00  ,1.740748919829e+00  
  1.600209701383e-05  ,5.266559078648e+00  ,5.408391138799e+00  
  1.600400361741e-05  ,1.003567846326e+01  ,1.009392563714e+01  
  1.600647385740e-05  ,1.615863978537e+01  ,1.614655543234e+01  
  1.600916873240e-05  ,2.272620549585e+01  ,2.258214412094e+01  
  1.601214561188e-05  ,2.978991828570e+01  ,1.000431058311e+01  
  1.601426232183e-05  ,3.465772031071e+01  ,4.033451276920e+00  
  1.601683426225e-05  ,4.036422559423e+01  ,4.396137365725e+00  
  1.602048132145e-05  ,4.799606911661e+01  ,4.018207526400e+00  
  1.602421480739e-05  ,5.515606669503e+01  ,3.787595466133e+00  
  1.602751019919e-05  ,6.084912165928e+01  ,3.568596194662e+00  
  1.602990407073e-05  ,6.457935286077e+01  ,3.416835870711e+00  
  1.603109299713e-05  ,6.629753759132e+01  ,3.344043883446e+00  
  1.603274572217e-05  ,6.853185549658e+01  ,3.243677733549e+00  
  1.603517237627e-05  ,7.147615755904e+01  ,3.097407657162e+00  
  1.603987071240e-05  ,7.598348349205e+01  ,2.817673732457e+00  
  1.604543480599e-05  ,7.917863978790e+01  ,2.489445899540e+00  
  1.605303439820e-05  ,7.963677480346e+01  ,2.042561076704e+00  
  1.606057140553e-05  ,7.562850755603e+01  ,1.602335115648e+00  
  1.607034507716e-05  ,6.420779580031e+01  ,1.030464507502e+00  
  1.607916954482e-05  ,4.869517533835e+01  ,5.011913458412e-01  
  1.608390960419e-05  ,3.873922587886e+01  ,1.896337435693e-01  
  1.608630235815e-05  ,3.337323083799e+01  ,8.431588908522e-03  
  1.608811117285e-05  ,2.918999826684e+01  ,-1.412808530771e-01  
  1.609043240124e-05  ,2.368555655540e+01  ,-3.568089993688e-01  
  1.609507485801e-05  ,1.232890036804e+01  ,-8.980783894027e-01  
  1.609884783202e-05  ,2.895081682433e+00  ,-1.740754551956e+00  
  1.610209703022e-05  ,-5.266600185062e+00  ,-5.408431087716e+00  
  1.610400363380e-05  ,-1.003571933361e+01  ,-1.009396596687e+01  
  1.610647387379e-05  ,-1.615868013206e+01  ,-1.614659527744e+01  
  1.610916874880e-05  ,-2.272624499441e+01  ,-2.258218143983e+01  
  1.611214562827e-05  ,-2.978995651879e+01  ,-1.000419163313e+01  
  1.611426233822e-05  ,-3.465775743995e+01  ,-4.033406297955e+00  
  1.611683427864e-05  ,-4.036426116187e+01  ,-4.396141188848e+00  
  1.612048133785e-05  ,-4.799610207475e+01  ,-4.018204661513e+00  
  1.612421482378e-05  ,-5.515609653446e+01  ,-3.787595023314e+00  
  1.612751021558e-05  ,-6.084914840375e+01  ,-3.568595532938e+00  
  1.612990408713e-05  ,-6.457937717537e+01  ,-3.416834961603e+00  
  1.613109301352e-05  ,-6.629756064713e+01  ,-3.344042912910e+00  
  1.613274573857e-05  ,-6.853187674951e+01  ,-3.243676738526e+00  
  1.613517239267e-05  ,-7.147617606247e+01  ,-3.097406667586e+00  
  1.613987072879e-05  ,-7.598349638126e+01  ,-2.817672764907e+00  
  1.614543482238e-05  ,-7.917864567594e+01  ,-2.489444932648e+00  
  1.615303441459e-05  ,-7.963677088226e+01  ,-2.042560117758e+00  
  1.616057142192e-05  ,-7.562849412459e+01  ,-1.602334157632e+00  
  1.617034509355e-05  ,-6.420777122616e+01  ,-1.030463544808e+00  
  1.617916956121e-05  ,-4.869514265327e+01  ,-5.011903283299e-01  
  1.618390962058e-05  ,-3.873918983523e+01  ,-1.896326131310e-01  
  1.618630237454e-05  ,-3.337319339800e+01  ,-8.430342017626e-03  
  1.618811118925e-05  ,-2.918995991124e+01  ,1.412822253812e-01  
  1.619043241763e-05  ,-2.368551720657e+01  ,3.568106113634e-01  
  1.619507487440e-05  ,-1.232885966441e+01  ,8.980809320358e-01  
  1.619884784842e-05  ,-2.895040513641e+00  ,1.740760184110e+00  
  1.620209704661e-05  ,5.266641291470e+00  ,5.408471036644e+00  
  1.620400365019e-05  ,1.003576020396e+01  ,1.009400629660e+01  
  1.620647389019e-05  ,1.615872047875e+01  ,1.614663512253e+01  
  1.620916876519e-05  ,2.272628449297e+01  ,2.258221875863e+01  
  1.621214564466e-05  ,2.978999475187e+01  ,1.000407268300e+01  
  1.621426235461e-05  ,3.465779456917e+01  ,4.033361319115e+00  
  1.621683429503e-05  ,4.036429672950e+01  ,4.396145011989e+00  
  1.622048135424e-05  ,4.799613503287e+01  ,4.018201796621e+00  
  1.622421484017e-05  ,5.515612637388e+01  ,3.787594580513e+00  
  1.622751023197e-05  ,6.084917514821e+01  ,3.568594871216e+00  
  1.622990410352e-05  ,6.457940148994e+01  ,3.416834052495e+00  
  1.623109302992e-05  ,6.629758370292e+01  ,3.344041942377e+00  
  1.623274575496e-05  ,6.853189800243e+01  ,3.243675743500e+00  
  1.623517240906e-05  ,7.147619456589e+01  ,3.097405678010e+00  
  1.623987074518e-05  ,7.598350927046e+01  ,2.817671797357e+00  
  1.624543483877e-05  ,7.917865156397e+01  ,2.489443965758e+00  
  1.625303443098e-05  ,7.963676696105e+01  ,2.042559158813e+00  
  1.626057143831e-05  ,7.562848069313e+01  ,1.602333199616e+00  
  1.627034510994e-05  ,6.420774665198e+01  ,1.030462582114e+00  
  1.627916957760e-05  ,4.869510996818e+01  ,5.011893108185e-01  
  1.628390963697e-05  ,3.873915379158e+01  ,1.896314826921e-01  
  1.628630239093e-05  ,3.337315595801e+01  ,8.429095128813e-03  
  1.628811120564e-05  ,2.918992155563e+01  ,-1.412835976856e-01  
  1.629043243402e-05  ,2.368547785774e+01  ,-3.568122233598e-01  
  1.629507489079e-05  ,1.232881896077e+01  ,-8.980834746777e-01  
  1.629884786481e-05  ,2.894999344849e+00  ,-1.740765816293e+00  
  1.630209706300e-05  ,-5.266682397877e+00  ,-5.408510985588e+00  
  1.630400366658e-05  ,-1.003580107430e+01  ,-1.009404662632e+01  
  1.630647390658e-05  ,-1.615876082543e+01  ,-1.614667496761e+01  
  1.630916878158e-05  ,-2.272632399152e+01  ,-2.258225607736e+01  
  1.631214566106e-05  ,-2.979003298494e+01  ,-1.000395373275e+01  
  1.631426237100e-05  ,-3.465783169839e+01  ,-4.033316340412e+00  
  1.631683468395e-05  ,-4.036514064908e+01  ,-4.396154961854e+00  
  1.632048137063e-05  ,-4.799616799097e+01  ,-4.018190917395e+00  
  1.632421485656e-05  ,-5.515615621328e+01  ,-3.787596946086e+00  
  1.632751024836e-05  ,-6.084920189264e+01  ,-3.568595900006e+00  
  1.632990411991e-05  ,-6.457942580450e+01  ,-3.416833606369e+00  
  1.633109304631e-05  ,-6.629760675869e+01  ,-3.344041117434e+00  
  1.633274577135e-05  ,-6.853191925533e+01  ,-3.243674739270e+00  
  1.633517242545e-05  ,-7.147621306928e+01  ,-3.097404654781e+00  
  1.633987076157e-05  ,-7.598352215963e+01  ,-2.817670844826e+00  
  1.634543485516e-05  ,-7.917865745197e+01  ,-2.489442988873e+00  
  1.635303444737e-05  ,-7.963676303981e+01  ,-2.042558205651e+00  
  1.636057145470e-05  ,-7.562846726166e+01  ,-1.602332237255e+00  
  1.637034512633e-05  ,-6.420772207780e+01  ,-1.030461618381e+00  
  1.637916959399e-05  ,-4.869507728307e+01  ,-5.011882932675e-01  
  1.638390965337e-05  ,-3.873911774794e+01  ,-1.896303522579e-01  
  1.638630240732e-05  ,-3.337311851801e+01  ,-8.427848233784e-03  
  1.638811122203e-05  ,-2.918988320002e+01  ,1.412849699993e-01  
  1.639043245041e-05  ,-2.368543850891e+01  ,3.568138353674e-01  
  1.639507490718e-05  ,-1.232877825714e+01  ,8.980860173273e-01  
  1.639884788120e-05  ,-2.894958176060e+00  ,1.740771448510e+00  
  1.640209707940e-05  ,5.266723504278e+00  ,5.408550934545e+00  
  1.640400368297e-05  ,1.003584194463e+01  ,1.009408695605e+01  
  1.640647392297e-05  ,1.615880117210e+01  ,1.614671481269e+01  
  1.640916879797e-05  ,2.272636349006e+01  ,2.258229339601e+01  
  1.641214567745e-05  ,2.979007121800e+01  ,1.000383478351e+01  
  1.641426238739e-05  ,3.465786882759e+01  ,4.033271362198e+00  
  1.641683470035e-05  ,4.036517621644e+01  ,4.396158788180e+00  
  1.642048138702e-05  ,4.799620094906e+01  ,4.018188051729e+00  
  1.642421487296e-05  ,5.515618605267e+01  ,3.787596503569e+00  
  1.642751026475e-05  ,6.084922863705e+01  ,3.568595238454e+00  
  1.642990413630e-05  ,6.457945011903e+01  ,3.416832697304e+00  
  1.643109306270e-05  ,6.629762981444e+01  ,3.344040146916e+00  
  1.643274578774e-05  ,6.853194050820e+01  ,3.243673744244e+00  
  1.643517244184e-05  ,7.147623157266e+01  ,3.097403665204e+00  
  1.643987077796e-05  ,7.598353504878e+01  ,2.817669877277e+00  
  1.644543487155e-05  ,7.917866333995e+01  ,2.489442021981e+00  
  1.645303446376e-05  ,7.963675911855e+01  ,2.042557246706e+00  
  1.646057147109e-05  ,7.562845383016e+01  ,1.602331279239e+00  
  1.647034514272e-05  ,6.420769750360e+01  ,1.030460655686e+00  
  1.647916961038e-05  ,4.869504459797e+01  ,5.011872757568e-01  
  1.648390966976e-05  ,3.873908170428e+01  ,1.896292218170e-01  
  1.648630242372e-05  ,3.337308107801e+01  ,8.426601341922e-03  
  1.648811123842e-05  ,2.918984484441e+01  ,-1.412863423064e-01  
  1.649043246680e-05  ,2.368539916007e+01  ,-3.568154473677e-01  
  1.649507492357e-05  ,1.232873755351e+01  ,-8.980885599794e-01  
  1.649884789759e-05  ,2.894917007270e+00  ,-1.740777080752e+00  
  1.650209709579e-05  ,-5.266764610677e+00  ,-5.408590883515e+00  
  1.650400369936e-05  ,-1.003588281496e+01  ,-1.009412728577e+01  
  1.650647356683e-05  ,-1.615792454795e+01  ,-1.614584861089e+01  
  1.650916881436e-05  ,-2.272640298858e+01  ,-2.258233108473e+01  
  1.651214569384e-05  ,-2.979010945105e+01  ,-1.000372841836e+01  
  1.651426277632e-05  ,-3.465874979960e+01  ,-4.032517818600e+00  
  1.651683471674e-05  ,-4.036521178380e+01  ,-4.396206078669e+00  
  1.652048177594e-05  ,-4.799698295097e+01  ,-4.018139877390e+00  
  1.652421526188e-05  ,-5.515689405562e+01  ,-3.787578631478e+00  
  1.652750990862e-05  ,-6.084864755013e+01  ,-3.568623445957e+00  
  1.652990340763e-05  ,-6.457836921072e+01  ,-3.416879710737e+00  
  1.653109233403e-05  ,-6.629660486440e+01  ,-3.344085419002e+00  
  1.653274505907e-05  ,-6.853099570361e+01  ,-3.243717893173e+00  
  1.653517134064e-05  ,-7.147498844012e+01  ,-3.097469607114e+00  
  1.653986893171e-05  ,-7.598208313478e+01  ,-2.817779370604e+00  
  1.654543228024e-05  ,-7.917773224281e+01  ,-2.489594396287e+00  
  1.655303187245e-05  ,-7.963737877142e+01  ,-2.042709126715e+00  
  1.656056887978e-05  ,-7.563057697852e+01  ,-1.602482523131e+00  
  1.657034404153e-05  ,-6.420934840547e+01  ,-1.030525311945e+00  
  1.657916999930e-05  ,-4.869426906549e+01  ,-5.011646452252e-01  
  1.658391080374e-05  ,-3.873658811332e+01  ,-1.895542559738e-01  
  1.658630318516e-05  ,-3.337134180960e+01  ,-8.370284264000e-03  
  1.658811237240e-05  ,-2.918719131405e+01  ,1.413811071499e-01  
  1.659043360078e-05  ,-2.368267692047e+01  ,3.569269625280e-01  
  1.659507605755e-05  ,-1.232592159378e+01  ,8.982645044242e-01  
  1.659884828651e-05  ,-2.893940183889e+00  ,1.740936560033e+00  
  1.660209748471e-05  ,5.267739953079e+00  ,5.409540122745e+00  
  1.660400408828e-05  ,1.003685255573e+01  ,1.009508458653e+01  
  1.660647358322e-05  ,1.615796489473e+01  ,1.614588815610e+01  
  1.660916808569e-05  ,2.272464709342e+01  ,2.258066788885e+01  
  1.661214533770e-05  ,2.978927874934e+01  ,1.000719050056e+01  
  1.661426167512e-05  ,3.465625538650e+01  ,4.035413608480e+00  
  1.661683324301e-05  ,4.036201391299e+01  ,4.395958169014e+00  
  1.662048030221e-05  ,4.799401969517e+01  ,4.018367107074e+00  
  1.662421378815e-05  ,5.515421119635e+01  ,3.787630570708e+00  
  1.662751067007e-05  ,6.084988994849e+01  ,3.568545107995e+00  
  1.662990491414e-05  ,6.458060393475e+01  ,3.416777395051e+00  
  1.663109402680e-05  ,6.629898588106e+01  ,3.343978741611e+00  
  1.663274675184e-05  ,6.853319053189e+01  ,3.243615358423e+00  
  1.663517377847e-05  ,7.147774037503e+01  ,3.097323964729e+00  
  1.663987285966e-05  ,7.598517180746e+01  ,2.817546272050e+00  
  1.664543769830e-05  ,7.917967843519e+01  ,2.489275893552e+00  
  1.665303729051e-05  ,7.963608256411e+01  ,2.042391510620e+00  
  1.666057280773e-05  ,7.562735848522e+01  ,1.602253418794e+00  
  1.667034647936e-05  ,6.420569353160e+01  ,1.030382229188e+00  
  1.667916945690e-05  ,4.869535064898e+01  ,5.011955852624e-01  
  1.668390877122e-05  ,3.874105753706e+01  ,1.896883876899e-01  
  1.668630152518e-05  ,3.337513345818e+01  ,8.493247947639e-03  
  1.668811033988e-05  ,2.919194741833e+01  ,-1.412116587829e-01  
  1.669043156826e-05  ,2.368755618268e+01  ,-3.567270615474e-01  
  1.669507402503e-05  ,1.233096884815e+01  ,-8.979490699916e-01  
  1.669884699905e-05  ,2.897173804418e+00  ,-1.740468335670e+00  
  1.670209619725e-05  ,-5.264511230447e+00  ,-5.406400970600e+00  
  1.670400280082e-05  ,-1.003364237372e+01  ,-1.009191647785e+01  
  1.670647378588e-05  ,-1.615846372709e+01  ,-1.614638250793e+01  
  1.670917015100e-05  ,-2.272962389423e+01  ,-2.258538241071e+01  
  1.671214628541e-05  ,-2.979148931137e+01  ,-9.997687557969e+00  
  1.671426448548e-05  ,-3.466262128966e+01  ,-4.027774672818e+00  
  1.671683717096e-05  ,-4.037053706522e+01  ,-4.396624508261e+00  
  1.672048423016e-05  ,-4.800191748738e+01  ,-4.017759771888e+00  
  1.672421697104e-05  ,-5.516000537328e+01  ,-3.787541565909e+00  
  1.672750863755e-05  ,-6.084657356693e+01  ,-3.568753987774e+00  
  1.672990139151e-05  ,-6.457537830034e+01  ,-3.417019129085e+00  
  1.673109013164e-05  ,-6.629350674696e+01  ,-3.344225100156e+00  
  1.673274285668e-05  ,-6.852813981827e+01  ,-3.243851244329e+00  
  1.673516802067e-05  ,-7.147124002080e+01  ,-3.097667829554e+00  
  1.673986263150e-05  ,-7.597712665637e+01  ,-2.818153412683e+00  
  1.674542374486e-05  ,-7.917466164053e+01  ,-2.490095967786e+00  
  1.675302184695e-05  ,-7.963977116930e+01  ,-2.043297072314e+00  
  1.676056034440e-05  ,-7.563756675988e+01  ,-1.602980353743e+00  
  1.677033848637e-05  ,-6.421767546414e+01  ,-1.030851376070e+00  
  1.677916593426e-05  ,-4.870237465492e+01  ,-5.014187862645e-01  
  1.678390822881e-05  ,-3.874225023047e+01  ,-1.897366305368e-01  
  1.678630582565e-05  ,-3.336531038262e+01  ,-8.175001937440e-03  
  1.678811221892e-05  ,-2.918755046681e+01  ,1.413612803412e-01  
  1.679043344730e-05  ,-2.368304537249e+01  ,3.569122812455e-01  
  1.679507590407e-05  ,-1.232630272983e+01  ,8.982422940343e-01  
  1.679884813303e-05  ,-2.894325673593e+00  ,1.740884367232e+00  
  1.680209733123e-05  ,5.267355047968e+00  ,5.409166069898e+00  
  1.680400393480e-05  ,1.003646986131e+01  ,1.009470696615e+01  
  1.680647342974e-05  ,1.615758710218e+01  ,1.614551507666e+01  
  1.680916830474e-05  ,2.272517494049e+01  ,2.258116833451e+01  
  1.681214518422e-05  ,2.978892074706e+01  ,1.000731786635e+01  
  1.681426152164e-05  ,3.465590771808e+01  ,4.035307680460e+00  
  1.681683308953e-05  ,4.036168086386e+01  ,4.395985072251e+00  
  1.682048014873e-05  ,4.799371107922e+01  ,4.018374179152e+00  
  1.682421363467e-05  ,5.515393178158e+01  ,3.787642396858e+00  
  1.682751051658e-05  ,6.084963952660e+01  ,3.568555666354e+00  
  1.682990476066e-05  ,6.458037626920e+01  ,3.416787072664e+00  
  1.683109387332e-05  ,6.629877000437e+01  ,3.343988192376e+00  
  1.683274659836e-05  ,6.853299153698e+01  ,3.243624653063e+00  
  1.683517362499e-05  ,7.147756712990e+01  ,3.097333150046e+00  
  1.683987270617e-05  ,7.598505114129e+01  ,2.817555373332e+00  
  1.684543754482e-05  ,7.917962333536e+01  ,2.489284923933e+00  
  1.685303713703e-05  ,7.963611931460e+01  ,2.042400505661e+00  
  1.686057265425e-05  ,7.562748426738e+01  ,1.602262378863e+00  
  1.687034632587e-05  ,6.420592364783e+01  ,1.030391241120e+00  
  1.687916930342e-05  ,4.869565669887e+01  ,5.012051128638e-01  
  1.688390936279e-05  ,3.873975670199e+01  ,1.896486948748e-01  
  1.688630211675e-05  ,3.337378222575e+01  ,8.449327982230e-03  
  1.688811093146e-05  ,2.919056313923e+01  ,-1.412607714434e-01  
  1.689043215984e-05  ,2.368613605545e+01  ,-3.567852593615e-01  
  1.689507461661e-05  ,1.232949982106e+01  ,-8.980409211413e-01  
  1.689884759063e-05  ,2.895687986270e+00  ,-1.740671602247e+00  
  1.690209678882e-05  ,-5.265994799714e+00  ,-5.407842747013e+00  
  1.690400339240e-05  ,-1.003511742471e+01  ,-1.009337201654e+01  
  1.690647363240e-05  ,-1.615808593504e+01  ,-1.614600846262e+01  
  1.690916925246e-05  ,-2.272745867450e+01  ,-2.258333127010e+01  
  1.691214575940e-05  ,-2.979026238322e+01  ,-1.000231528787e+01  
  1.691426284188e-05  ,-3.465889831551e+01  ,-4.031826163014e+00  
  1.691683515483e-05  ,-4.036616239812e+01  ,-4.396288535448e+00  
  1.692048184150e-05  ,-4.799711478205e+01  ,-4.018101223480e+00  
  1.692421532744e-05  ,-5.515701341166e+01  ,-3.787587167052e+00  
  1.692750997418e-05  ,-6.084875452909e+01  ,-3.568626754052e+00  
  1.692990347320e-05  ,-6.457846647178e+01  ,-3.416877688805e+00  
  1.693109239960e-05  ,-6.629669709040e+01  ,-3.344082052387e+00  
  1.693274512464e-05  ,-6.853108071820e+01  ,-3.243713897076e+00  
  1.693517140621e-05  ,-7.147506245855e+01  ,-3.097465549319e+00  
  1.693986899728e-05  ,-7.598213470029e+01  ,-2.817775564704e+00  
  1.694543234581e-05  ,-7.917775580781e+01  ,-2.489590501878e+00  
  1.695303193802e-05  ,-7.963736309953e+01  ,-2.042705315131e+00  
  1.696056894535e-05  ,-7.563052326500e+01  ,-1.602478678131e+00  
  1.697034410709e-05  ,-6.420925011303e+01  ,-1.030521458382e+00  
  1.697916857475e-05  ,-4.869710967765e+01  ,-5.012518583743e-01  
  1.698390937918e-05  ,-3.873972065850e+01  ,-1.896508096594e-01  
  1.698630325073e-05  ,-3.337119204778e+01  ,-8.365422111972e-03  
  1.698811150664e-05  ,-2.918921720583e+01  ,1.413070766952e-01  
  1.699043273503e-05  ,-2.368475526900e+01  ,3.568419239061e-01  
  1.699507519180e-05  ,-1.232807149343e+01  ,8.981305600458e-01  
  1.699884742075e-05  ,-2.896114644474e+00  ,1.740639199018e+00  
  1.700209661895e-05  ,5.265568787573e+00  ,5.407430090570e+00  
  1.700400322253e-05  ,1.003469385879e+01  ,1.009295444042e+01  
  1.700647346252e-05  ,1.615766779579e+01  ,1.614559569734e+01  
  1.700916945511e-05  ,2.272794701751e+01  ,2.258379449972e+01  
  1.701214558953e-05  ,2.978986614972e+01  ,1.000256748165e+01  
  1.701426267201e-05  ,3.465851352414e+01  ,4.031766937164e+00  
  1.701683498496e-05  ,4.036579379348e+01  ,4.396311447271e+00  
  1.702048129910e-05  ,4.799602417373e+01  ,4.018142871233e+00  
  1.702421478504e-05  ,5.515602600492e+01  ,3.787622619084e+00  
  1.702751017684e-05  ,6.084908518956e+01  ,3.568612232368e+00  
  1.702990404838e-05  ,6.457931970451e+01  ,3.416841179624e+00  
  1.703109297478e-05  ,6.629750615158e+01  ,3.344046493419e+00  
  1.703274569982e-05  ,6.853182651530e+01  ,3.243679036350e+00  
  1.703517235392e-05  ,7.147613232708e+01  ,3.097408745783e+00  
  1.703987069005e-05  ,7.598346591583e+01  ,2.817675208967e+00  
  1.704543403858e-05  ,7.917836409684e+01  ,2.489491101931e+00  
  1.705303363079e-05  ,7.963695836297e+01  ,2.042606014531e+00  
  1.706057063812e-05  ,7.562913636896e+01  ,1.602379939094e+00  
  1.707034579986e-05  ,6.420671228734e+01  ,1.030422085605e+00  
  1.707917026752e-05  ,4.869373421124e+01  ,5.011467791164e-01  
  1.708391032690e-05  ,3.873763667264e+01  ,1.895843437743e-01  
  1.708630196327e-05  ,3.337413279850e+01  ,8.461161732771e-03  
  1.708811115050e-05  ,2.919005056988e+01  ,-1.412803253826e-01  
  1.709043237889e-05  ,2.368561021283e+01  ,-3.568067207921e-01  
  1.709507483566e-05  ,1.232895587295e+01  ,-8.980746096690e-01  
  1.709884780967e-05  ,2.895137821649e+00  ,-1.740746762030e+00  
  1.710209700787e-05  ,-5.266544130911e+00  ,-5.408376611214e+00  
  1.710400361145e-05  ,-1.003566360137e+01  ,-1.009391097178e+01  
  1.710647385144e-05  ,-1.615862511389e+01  ,-1.614654094350e+01  
  1.710916872644e-05  ,-2.272619113278e+01  ,-2.258213055275e+01  
  1.711214560592e-05  ,-2.978990438280e+01  ,-1.000435396648e+01  
  1.711426231587e-05  ,-3.465770680922e+01  ,-4.033467672869e+00  
  1.711683425629e-05  ,-4.036421266058e+01  ,-4.396135970456e+00  
  1.712048131549e-05  ,-4.799605713188e+01  ,-4.018208569472e+00  
  1.712421480143e-05  ,-5.515605584436e+01  ,-3.787595626396e+00  
  1.712751019323e-05  ,-6.084911193405e+01  ,-3.568596434815e+00  
  1.712990406477e-05  ,-6.457934401913e+01  ,-3.416836201086e+00  
  1.713109299117e-05  ,-6.629752920741e+01  ,-3.344044236227e+00  
  1.713274571621e-05  ,-6.853184776826e+01  ,-3.243678095277e+00  
  1.713517237031e-05  ,-7.147615083053e+01  ,-3.097408016929e+00  
  1.713987070644e-05  ,-7.598347880507e+01  ,-2.817674084230e+00  
  1.714543480003e-05  ,-7.917863764679e+01  ,-2.489446251098e+00  
  1.715303439224e-05  ,-7.963677622934e+01  ,-2.042561425388e+00  
  1.716057139957e-05  ,-7.562851244016e+01  ,-1.602335464007e+00  
  1.717034507120e-05  ,-6.420780473633e+01  ,-1.030464857568e+00  
  1.717916953886e-05  ,-4.869518722380e+01  ,-5.011917158432e-01  
  1.718390959823e-05  ,-3.873923898559e+01  ,-1.896341546346e-01  
  1.718630235219e-05  ,-3.337324445248e+01  ,-8.432042320232e-03  
  1.718811116689e-05  ,-2.919001221428e+01  ,1.412803540600e-01  
  1.719043239528e-05  ,-2.368557086402e+01  ,3.568084131897e-01  
  1.719507485205e-05  ,-1.232891516932e+01  ,8.980774648142e-01  
  1.719884782606e-05  ,-2.895096652854e+00  ,1.740752503913e+00  
  1.720209702426e-05  ,5.266585237326e+00  ,5.408416560885e+00  
  1.720400362784e-05  ,1.003570447172e+01  ,1.009395130156e+01  
  1.720647386783e-05  ,1.615866546058e+01  ,1.614658078836e+01  
  1.720916874284e-05  ,2.272623063135e+01  ,2.258216786938e+01  
  1.721214562231e-05  ,2.978994261589e+01  ,1.000423488755e+01  
  1.721426233226e-05  ,3.465774393846e+01  ,4.033422653878e+00  
  1.721683427268e-05  ,4.036424822822e+01  ,4.396139798624e+00  
  1.722048133188e-05  ,4.799609009001e+01  ,4.018205703288e+00  
  1.722421481782e-05  ,5.515608568380e+01  ,3.787595184339e+00  
  1.722751020962e-05  ,6.084913867852e+01  ,3.568595773564e+00  
  1.722990408117e-05  ,6.457936833373e+01  ,3.416835292186e+00  
  1.723109300756e-05  ,6.629755226323e+01  ,3.344043265831e+00  
  1.723274573261e-05  ,6.853186902120e+01  ,3.243677100351e+00  
  1.723517238671e-05  ,7.147616933397e+01  ,3.097407027430e+00  
  1.723987072283e-05  ,7.598349169429e+01  ,2.817673116742e+00  
  1.724543481642e-05  ,7.917864353484e+01  ,2.489445284245e+00  
  1.725303440863e-05  ,7.963677230815e+01  ,2.042560466464e+00  
  1.726057141596e-05  ,7.562849900873e+01  ,1.602334506001e+00  
  1.727034508759e-05  ,6.420778016219e+01  ,1.030463894878e+00  
  1.727916955525e-05  ,4.869515453872e+01  ,5.011906983326e-01  
  1.728390961462e-05  ,3.873920294197e+01  ,1.896330241989e-01  
  1.728630236858e-05  ,3.337320701250e+01  ,8.430795429380e-03  
  1.728811118329e-05  ,2.918997385868e+01  ,-1.412817263635e-01  
  1.729043241167e-05  ,2.368553151519e+01  ,-3.568100251832e-01  
  1.729507486844e-05  ,1.232887446569e+01  ,-8.980800074432e-01  
  1.729884784245e-05  ,2.895055484067e+00  ,-1.740758136056e+00  
  1.730209704065e-05  ,-5.266626343730e+00  ,-5.408456509803e+00  
  1.730400364423e-05  ,-1.003574534206e+01  ,-1.009399163129e+01  
  1.730647388422e-05  ,-1.615870580727e+01  ,-1.614662063345e+01  
  1.730916875923e-05  ,-2.272627012991e+01  ,-2.258220518821e+01  
  1.731214563870e-05  ,-2.978998084898e+01  ,-1.000411593747e+01  
  1.731426234865e-05  ,-3.465778106769e+01  ,-4.033377674993e+00  
  1.731683428907e-05  ,-4.036428379586e+01  ,-4.396143621757e+00  
  1.732048134828e-05  ,-4.799612304814e+01  ,-4.018202838397e+00  
  1.732421483421e-05  ,-5.515611552322e+01  ,-3.787594741529e+00  
  1.732751022601e-05  ,-6.084916542298e+01  ,-3.568595111840e+00  
  1.732990409756e-05  ,-6.457939264831e+01  ,-3.416834383080e+00  
  1.733109302396e-05  ,-6.629757531903e+01  ,-3.344042295295e+00  
  1.733274574900e-05  ,-6.853189027413e+01  ,-3.243676105328e+00  
  1.733517240310e-05  ,-7.147618783740e+01  ,-3.097406037854e+00  
  1.733987073922e-05  ,-7.598350458350e+01  ,-2.817672149191e+00  
  1.734543483281e-05  ,-7.917864942288e+01  ,-2.489444317354e+00  
  1.735303442502e-05  ,-7.963676838694e+01  ,-2.042559507519e+00  
  1.736057143235e-05  ,-7.562848557728e+01  ,-1.602333547984e+00  
  1.737034510398e-05  ,-6.420775558802e+01  ,-1.030462932184e+00  
  1.737916957164e-05  ,-4.869512185363e+01  ,-5.011896808210e-01  
  1.738390963101e-05  ,-3.873916689832e+01  ,-1.896318937604e-01  
  1.738630238497e-05  ,-3.337316957251e+01  ,-8.429548542309e-03  
  1.738811119968e-05  ,-2.918993550308e+01  ,1.412830986670e-01  
  1.739043242806e-05  ,-2.368549216636e+01  ,3.568116371829e-01  
  1.739507488483e-05  ,-1.232883376205e+01  ,8.980825500821e-01  
  1.739884785885e-05  ,-2.895014315270e+00  ,1.740763768231e+00  
  1.740209705704e-05  ,5.266667450142e+00  ,5.408496458745e+00  
  1.740400366062e-05  ,1.003578621240e+01  ,1.009403196102e+01  
  1.740647390062e-05  ,1.615874615396e+01  ,1.614666047854e+01  
  1.740916877562e-05  ,2.272630962846e+01  ,2.258224250697e+01  
  1.741214565510e-05  ,2.979001908205e+01  ,1.000399698726e+01  
  1.741426236504e-05  ,3.465781819690e+01  ,4.033332696233e+00  
  1.741683430547e-05  ,4.036431936348e+01  ,4.396147444909e+00  
  1.742048136467e-05  ,4.799615600625e+01  ,4.018199973501e+00  
  1.742421485060e-05  ,5.515614536263e+01  ,3.787594298732e+00  
  1.742751024240e-05  ,6.084919216743e+01  ,3.568594450121e+00  
  1.742990411395e-05  ,6.457941696287e+01  ,3.416833473971e+00  
  1.743109304035e-05  ,6.629759837481e+01  ,3.344041324763e+00  
  1.743274576539e-05  ,6.853191152703e+01  ,3.243675110304e+00  
  1.743517241949e-05  ,7.147620634080e+01  ,3.097405048279e+00  
  1.743987075561e-05  ,7.598351747268e+01  ,2.817671181641e+00  
  1.744543484920e-05  ,7.917865531089e+01  ,2.489443350464e+00  
  1.745303444141e-05  ,7.963676446571e+01  ,2.042558548573e+00  
  1.746057144874e-05  ,7.562847214581e+01  ,1.602332589969e+00  
  1.747034512037e-05  ,6.420773101383e+01  ,1.030461969489e+00  
  1.747916958803e-05  ,4.869508916853e+01  ,5.011886633103e-01  
  1.748390964741e-05  ,3.873913085467e+01  ,1.896307633199e-01  
  1.748630240136e-05  ,3.337313213251e+01  ,8.428301651392e-03  
  1.748811121607e-05  ,2.918989714747e+01  ,-1.412844709728e-01  
  1.749043244445e-05  ,2.368545281752e+01  ,-3.568132491809e-01  
  1.749507490122e-05  ,1.232879305841e+01  ,-8.980850927266e-01  
  1.749884787524e-05  ,2.894973146472e+00  ,-1.740769400434e+00  
  1.750209707344e-05  ,-5.266708556552e+00  ,-5.408536407703e+00  
  1.750400367701e-05  ,-1.003582708275e+01  ,-1.009407229075e+01  
  1.750647391701e-05  ,-1.615878650064e+01  ,-1.614670032362e+01  
  1.750916879201e-05  ,-2.272634912700e+01  ,-2.258227982563e+01  
  1.751214567149e-05  ,-2.979005731512e+01  ,-1.000387803693e+01  
  1.751426238143e-05  ,-3.465785532611e+01  ,-4.033287717616e+00  
  1.751683469439e-05  ,-4.036516328291e+01  ,-4.396157396820e+00  
  1.752048138106e-05  ,-4.799618896435e+01  ,-4.018189093779e+00  
  1.752421486700e-05  ,-5.515617520202e+01  ,-3.787596664483e+00  
  1.752751025879e-05  ,-6.084921891185e+01  ,-3.568595479020e+00  
  1.752990413034e-05  ,-6.457944127741e+01  ,-3.416833027873e+00  
  1.753109305674e-05  ,-6.629762143057e+01  ,-3.344040499831e+00  
  1.753274578178e-05  ,-6.853193277991e+01  ,-3.243674106070e+00  
  1.753517243588e-05  ,-7.147622484418e+01  ,-3.097404025048e+00  
  1.753987077200e-05  ,-7.598353036184e+01  ,-2.817670229114e+00  
  1.754543486559e-05  ,-7.917866119888e+01  ,-2.489442373576e+00  
  1.755303445780e-05  ,-7.963676054446e+01  ,-2.042557595413e+00  
  1.756057146513e-05  ,-7.562845871433e+01  ,-1.602331627606e+00  
  1.757034513676e-05  ,-6.420770643964e+01  ,-1.030461005756e+00  
  1.757916960442e-05  ,-4.869505648342e+01  ,-5.011876457597e-01  
  1.758390966380e-05  ,-3.873909481101e+01  ,-1.896296328844e-01  
  1.758630241776e-05  ,-3.337309469250e+01  ,-8.427054755417e-03  
  1.758811123246e-05  ,-2.918985879185e+01  ,1.412858432874e-01  
  1.759043246084e-05  ,-2.368541346868e+01  ,3.568148611878e-01  
  1.759507491761e-05  ,-1.232875235477e+01  ,8.980876353813e-01  
  1.759884789163e-05  ,-2.894931977683e+00  ,1.740775032669e+00  
  1.760209708983e-05  ,5.266749662952e+00  ,5.408576356670e+00  
  1.760400369340e-05  ,1.003586795308e+01  ,1.009411262047e+01  
  1.760647356087e-05  ,1.615790987646e+01  ,1.614583412179e+01  
  1.760916880840e-05  ,2.272638862554e+01  ,2.258231751441e+01  
  1.761214568788e-05  ,2.979009554816e+01  ,1.000377167302e+01  
  1.761426277035e-05  ,3.465873629821e+01  ,4.032534171925e+00  
  1.761683471078e-05  ,4.036519885026e+01  ,4.396204688517e+00  
  1.762048176998e-05  ,4.799697096637e+01  ,4.018140919145e+00  
  1.762421525592e-05  ,5.515688320510e+01  ,3.787578792433e+00  
  1.762750990266e-05  ,6.084863782480e+01  ,3.568623686574e+00  
  1.762990340167e-05  ,6.457836036882e+01  ,3.416880041319e+00  
  1.763109232807e-05  ,6.629659648024e+01  ,3.344085771926e+00  
  1.763274505311e-05  ,6.853098797503e+01  ,3.243718254998e+00  
  1.763517133468e-05  ,7.147498171118e+01  ,3.097469966960e+00  
  1.763986892575e-05  ,7.598207844701e+01  ,2.817779722440e+00  
  1.764543227428e-05  ,7.917773010053e+01  ,2.489594747884e+00  
  1.765303186649e-05  ,7.963738019612e+01  ,2.042709475422e+00  
  1.766056887382e-05  ,7.563058186153e+01  ,1.602482871500e+00  
  1.767034403557e-05  ,6.420935734110e+01  ,1.030525662013e+00  
  1.767916999334e-05  ,4.869428095105e+01  ,5.011650152280e-01  
  1.768391079777e-05  ,3.873660122032e+01  ,1.895546670534e-01  
  1.768630317920e-05  ,3.337135542425e+01  ,8.370737688479e-03  
  1.768811236644e-05  ,2.918720526169e+01  ,-1.413806081009e-01  
  1.769043359482e-05  ,2.368269122924e+01  ,-3.569263762969e-01  
  1.769507605159e-05  ,1.232593639514e+01  ,-8.982635796708e-01  
  1.769884828055e-05  ,2.893955154308e+00  ,-1.740934511650e+00  
  1.770209747875e-05  ,-5.267725005365e+00  ,-5.409525595772e+00  
  1.770400408232e-05  ,-1.003683769387e+01  ,-1.009506992123e+01  
  1.770647357726e-05  ,-1.615795022323e+01  ,-1.614587366700e+01  
  1.770916807973e-05  ,-2.272463273026e+01  ,-2.258065431726e+01  
  1.771214533174e-05  ,-2.978926484640e+01  ,-1.000723375117e+01  
  1.771426166916e-05  ,-3.465624188488e+01  ,-4.035429967134e+00  
  1.771683323705e-05  ,-4.036200097911e+01  ,-4.395956780084e+00  
  1.772048029625e-05  ,-4.799400771015e+01  ,-4.018368148434e+00  
  1.772421378219e-05  ,-5.515420034535e+01  ,-3.787630732051e+00  
  1.772751066411e-05  ,-6.084988022343e+01  ,-3.568545348737e+00  
  1.772990490818e-05  ,-6.458059509343e+01  ,-3.416777725658e+00  
  1.773109402084e-05  ,-6.629897749756e+01  ,-3.343979094536e+00  
  1.773274674588e-05  ,-6.853318280399e+01  ,-3.243615720244e+00  
  1.773517377251e-05  ,-7.147773364712e+01  ,-3.097324324568e+00  
  1.773987285370e-05  ,-7.598516712144e+01  ,-2.817546623885e+00  
  1.774543769234e-05  ,-7.917967629543e+01  ,-2.489276245146e+00  
  1.775303728455e-05  ,-7.963608399134e+01  ,-2.042391859326e+00  
  1.776057280177e-05  ,-7.562736336998e+01  ,-1.602253767162e+00  
  1.777034647340e-05  ,-6.420570246814e+01  ,-1.030382579259e+00  
  1.777916945094e-05  ,-4.869536253439e+01  ,-5.011959552660e-01  
  1.778390876526e-05  ,-3.874107064359e+01  ,-1.896887987495e-01  
  1.778630151922e-05  ,-3.337514707250e+01  ,-8.493701345606e-03  
  1.778811033392e-05  ,-2.919196136562e+01  ,1.412111597877e-01  
  1.779043156230e-05  ,-2.368757049117e+01  ,3.567264754079e-01  
  1.779507401907e-05  ,-1.233098364935e+01  ,8.979481455142e-01  
  1.779884699309e-05  ,-2.897188774815e+00  ,1.740466288171e+00  
  1.780209619129e-05  ,5.264496282694e+00  ,5.406386444063e+00  
  1.780400279486e-05  ,1.003362751178e+01  ,1.009190181254e+01  
  1.780647377992e-05  ,1.615844905562e+01  ,1.614636801886e+01  
  1.780917014503e-05  ,2.272960953136e+01  ,2.258536884269e+01  
  1.781214627945e-05  ,2.979147540860e+01  ,9.997730820096e+00  
  1.781426447952e-05  ,3.466260778861e+01  ,4.027791018166e+00  
  1.781683716500e-05  ,4.037052413227e+01  ,4.396623115631e+00  
  1.782048422420e-05  ,4.800190550347e+01  ,4.017760814435e+00  
  1.782421696508e-05  ,5.515999452332e+01  ,3.787541726236e+00  
  1.782750863159e-05  ,6.084656384113e+01  ,3.568754228147e+00  
  1.782990138555e-05  ,6.457536945768e+01  ,3.417019459620e+00  
  1.783109012568e-05  ,6.629349836194e+01  ,3.344225453071e+00  
  1.783274285072e-05  ,6.852813208880e+01  ,3.243851606165e+00  
  1.783516801471e-05  ,7.147123329047e+01  ,3.097668189409e+00  
  1.783986262554e-05  ,7.597712196578e+01  ,2.818153764521e+00  
  1.784542373890e-05  ,7.917465949427e+01  ,2.490096319387e+00  
  1.785302184099e-05  ,7.963977258930e+01  ,2.043297421021e+00  
  1.786056033844e-05  ,7.563757163910e+01  ,1.602980702113e+00  
  1.787033848041e-05  ,6.421768439766e+01  ,1.030851726133e+00  
  1.787916592830e-05  ,4.870238653933e+01  ,5.014191562475e-01  
  1.788390822285e-05  ,3.874226333688e+01  ,1.897370415803e-01  
  1.788630581969e-05  ,3.336532399779e+01  ,8.175455406794e-03  
  1.788811221296e-05  ,2.918756441443e+01  ,-1.413607812977e-01  
  1.789043344134e-05  ,2.368305968125e+01  ,-3.569116950256e-01  
  1.789507589811e-05  ,1.232631753117e+01  ,-8.982413693046e-01  
  1.789884812707e-05  ,2.894340644009e+00  ,-1.740882318946e+00  
  1.790209732527e-05  ,-5.267340100250e+00  ,-5.409151542977e+00  
  1.790400392884e-05  ,-1.003645499944e+01  ,-1.009469230085e+01  
  1.790647342378e-05  ,-1.615757243068e+01  ,-1.614550058754e+01  
  1.790916829878e-05  ,-2.272516057737e+01  ,-2.258115476329e+01  
  1.791214517826e-05  ,-2.978890684410e+01  ,-1.000736111933e+01  
  1.791426151568e-05  ,-3.465589421643e+01  ,-4.035324040025e+00  
  1.791683308357e-05  ,-4.036166792995e+01  ,-4.395983683231e+00  
  1.792048014277e-05  ,-4.799369909416e+01  ,-4.018375220543e+00  
  1.792421362871e-05  ,-5.515392093053e+01  ,-3.787642558180e+00  
  1.792751051062e-05  ,-6.084962980148e+01  ,-3.568555907090e+00  
  1.792990475470e-05  ,-6.458036742782e+01  ,-3.416787403270e+00  
  1.793109386736e-05  ,-6.629876162081e+01  ,-3.343988545298e+00  
  1.793274659240e-05  ,-6.853298380902e+01  ,-3.243625014886e+00  
  1.793517361903e-05  ,-7.147756040192e+01  ,-3.097333509886e+00  
  1.793987270021e-05  ,-7.598504645521e+01  ,-2.817555725167e+00  
  1.794543753886e-05  ,-7.917962119553e+01  ,-2.489285275526e+00  
  1.795303713107e-05  ,-7.963612074177e+01  ,-2.042400854367e+00  
  1.796057264829e-05  ,-7.562748915207e+01  ,-1.602262727231e+00  
  1.797034631991e-05  ,-6.420593258432e+01  ,-1.030391591190e+00  
  1.797916929746e-05  ,-4.869566858423e+01  ,-5.012054828667e-01  
  1.798390935683e-05  ,-3.873976980866e+01  ,-1.896491059398e-01  
  1.798630211079e-05  ,-3.337379584019e+01  ,-8.449781390412e-03  
  1.798811092550e-05  ,-2.919057708663e+01  ,1.412602724289e-01  
  1.799043215388e-05  ,-2.368615036402e+01  ,3.567846731995e-01  
  1.799507461065e-05  ,-1.232951462231e+01  ,8.980399965855e-01  
  1.799884758466e-05  ,-2.895702956687e+00  ,1.740669554360e+00  
  1.800209678286e-05  ,5.265979851970e+00  ,5.407828220264e+00  
  1.800400338644e-05  ,1.003510256280e+01  ,1.009335735123e+01  
  1.800647362643e-05  ,1.615807126355e+01  ,1.614599397353e+01  
  1.800916924649e-05  ,2.272744431151e+01  ,2.258331770052e+01  
  1.801214575344e-05  ,2.979024848036e+01  ,1.000235854559e+01  
  1.801426283592e-05  ,3.465888481412e+01  ,4.031842516632e+00  
  1.801683514887e-05  ,4.036614946469e+01  ,4.396287143979e+00  
  1.802048183554e-05  ,4.799710279746e+01  ,4.018102265566e+00  
  1.802421532148e-05  ,5.515700256116e+01  ,3.787587327831e+00  
  1.802750996822e-05  ,6.084874480377e+01  ,3.568626994586e+00  
  1.802990346724e-05  ,6.457845762991e+01  ,3.416878019370e+00  
  1.803109239364e-05  ,6.629668870626e+01  ,3.344082405304e+00  
  1.803274511868e-05  ,6.853107298964e+01  ,3.243714258904e+00  
  1.803517140025e-05  ,7.147505572964e+01  ,3.097465909166e+00  
  1.803986899132e-05  ,7.598213001255e+01  ,2.817775916539e+00  
  1.804543233985e-05  ,7.917775366556e+01  ,2.489590853475e+00  
  1.805303193206e-05  ,7.963736452426e+01  ,2.042705663837e+00  
  1.806056893939e-05  ,7.563052814804e+01  ,1.602479026499e+00  
  1.807034410113e-05  ,6.420925904869e+01  ,1.030521808451e+00  
  1.807916856879e-05  ,4.869712156281e+01  ,5.012522283716e-01  
  1.808390937322e-05  ,3.873973376517e+01  ,1.896512207222e-01  
  1.808630324477e-05  ,3.337120566244e+01  ,8.365875539077e-03  
  1.808811150068e-05  ,2.918923115332e+01  ,-1.413065776702e-01  
  1.809043272907e-05  ,2.368476957765e+01  ,-3.568413377141e-01  
  1.809507518584e-05  ,1.232808629472e+01  ,-8.981296354116e-01  
  1.809884741479e-05  ,2.896129614887e+00  ,-1.740637151192e+00  
  1.810209661299e-05  ,-5.265553839833e+00  ,-5.407415563893e+00  
  1.810400321656e-05  ,-1.003467899687e+01  ,-1.009293977511e+01  
  1.810647345656e-05  ,-1.615765312428e+01  ,-1.614558120823e+01  
  1.810916944915e-05  ,-2.272793265455e+01  ,-2.258378093049e+01  
  1.811214558357e-05  ,-2.978985224682e+01  ,-1.000261074162e+01  
  1.811426266605e-05  ,-3.465850002272e+01  ,-4.031783291724e+00  
  1.811683497900e-05  ,-4.036578086001e+01  ,-4.396310055718e+00  
  1.812048129314e-05  ,-4.799601218899e+01  ,-4.018143913260e+00  
  1.812421477908e-05  ,-5.515601515424e+01  ,-3.787622779885e+00  
  1.812751017088e-05  ,-6.084907546432e+01  ,-3.568612472910e+00  
  1.812990404242e-05  ,-6.457931086287e+01  ,-3.416841510190e+00  
  1.813109296882e-05  ,-6.629749776767e+01  ,-3.344046846336e+00  
  1.813274569386e-05  ,-6.853181878698e+01  ,-3.243679398177e+00  
  1.813517234796e-05  ,-7.147612559857e+01  ,-3.097409105628e+00  
  1.813987068409e-05  ,-7.598346122885e+01  ,-2.817675560800e+00  
  1.814543403262e-05  ,-7.917836195538e+01  ,-2.489491453527e+00  
  1.815303362483e-05  ,-7.963695978849e+01  ,-2.042606363236e+00  
  1.816057063216e-05  ,-7.562914125275e+01  ,-1.602380287463e+00  
  1.817034579390e-05  ,-6.420672122363e+01  ,-1.030422435674e+00  
  1.817917026156e-05  ,-4.869374609688e+01  ,-5.011471491220e-01  
  1.818391032094e-05  ,-3.873764977952e+01  ,-1.895847548489e-01  
  1.818630195731e-05  ,-3.337414641291e+01  ,-8.461615138578e-03  
  1.818811114454e-05  ,-2.919006451731e+01  ,1.412798263648e-01  
  1.819043237293e-05  ,-2.368562452144e+01  ,3.568061346119e-01  
  1.819507482970e-05  ,-1.232897067421e+01  ,8.980736850852e-01  
  1.819884780371e-05  ,-2.895152792060e+00  ,1.740744714004e+00  
  1.820209700191e-05  ,5.266529183183e+00  ,5.408362084399e+00  
  1.820400360548e-05  ,1.003564873948e+01  ,1.009389630649e+01  
  1.820647384548e-05  ,1.615861044242e+01  ,1.614652645442e+01  
  1.820916872048e-05  ,2.272617676972e+01  ,2.258211698227e+01  
  1.821214559996e-05  ,2.978989047991e+01  ,1.000439722079e+01  
  1.821426230991e-05  ,3.465769330773e+01  ,4.033484028837e+00  
  1.821683425033e-05  ,4.036419972694e+01  ,4.396134580240e+00  
  1.822048130953e-05  ,4.799604514714e+01  ,4.018209611240e+00  
  1.822421479547e-05  ,5.515604499369e+01  ,3.787595787428e+00  
  1.822751018727e-05  ,6.084910220882e+01  ,3.568596675444e+00  
  1.822990405881e-05  ,6.457933517748e+01  ,3.416836531670e+00  
  1.823109298521e-05  ,6.629752082351e+01  ,3.344044589148e+00  
  1.823274571025e-05  ,6.853184003994e+01  ,3.243678457102e+00  
  1.823517236435e-05  ,7.147614410203e+01  ,3.097408376774e+00  
  1.823987070048e-05  ,7.598347411809e+01  ,2.817674436066e+00  
  1.824543479407e-05  ,7.917863550568e+01  ,2.489446602694e+00  
  1.825303438628e-05  ,7.963677765521e+01  ,2.042561774094e+00  
  1.826057139361e-05  ,7.562851732430e+01  ,1.602335812376e+00  
  1.827034506524e-05  ,6.420781367235e+01  ,1.030465207637e+00  
  1.827916953290e-05  ,4.869519910923e+01  ,5.011920858460e-01  
  1.828390959227e-05  ,3.873925209232e+01  ,1.896345657029e-01  
  1.828630234623e-05  ,3.337325806697e+01  ,8.432495730034e-03  
  1.828811116093e-05  ,2.919002616172e+01  ,-1.412798550435e-01  
  1.829043238932e-05  ,2.368558517262e+01  ,-3.568078270129e-01  
  1.829507484609e-05  ,1.232892997059e+01  ,-8.980765402227e-01  
  1.829884782010e-05  ,2.895111623265e+00  ,-1.740750455879e+00  
  1.830209701830e-05  ,-5.266570289598e+00  ,-5.408402034064e+00  
  1.830400362188e-05  ,-1.003568960982e+01  ,-1.009393663626e+01  
  1.830647386187e-05  ,-1.615865078911e+01  ,-1.614656629929e+01  
  1.830916873687e-05  ,-2.272621626829e+01  ,-2.258215429893e+01  
  1.831214561635e-05  ,-2.978992871300e+01  ,-1.000427814193e+01  
  1.831426232630e-05  ,-3.465773043697e+01  ,-4.033439009809e+00  
  1.831683426672e-05  ,-4.036423529459e+01  ,-4.396138408400e+00  
  1.832048132592e-05  ,-4.799607810528e+01  ,-4.018206745060e+00  
  1.832421481186e-05  ,-5.515607483314e+01  ,-3.787595345362e+00  
  1.832751020366e-05  ,-6.084912895329e+01  ,-3.568596014190e+00  
  1.832990407521e-05  ,-6.457935949209e+01  ,-3.416835622773e+00  
  1.833109300160e-05  ,-6.629754387933e+01  ,-3.344043618750e+00  
  1.833274572664e-05  ,-6.853186129289e+01  ,-3.243677462178e+00  
  1.833517238075e-05  ,-7.147616260548e+01  ,-3.097407387275e+00  
  1.833987071687e-05  ,-7.598348700732e+01  ,-2.817673468576e+00  
  1.834543481046e-05  ,-7.917864139374e+01  ,-2.489445635839e+00  
  1.835303440267e-05  ,-7.963677373403e+01  ,-2.042560815170e+00  
  1.836057141000e-05  ,-7.562850389287e+01  ,-1.602334854369e+00  
  1.837034508163e-05  ,-6.420778909821e+01  ,-1.030464244947e+00  
  1.837916954929e-05  ,-4.869516642416e+01  ,-5.011910683352e-01  
  1.838390960866e-05  ,-3.873921604869e+01  ,-1.896334352657e-01  
  1.838630236262e-05  ,-3.337322062699e+01  ,-8.431248844801e-03  
  1.838811117733e-05  ,-2.918998780613e+01  ,1.412812273450e-01  
  1.839043240571e-05  ,-2.368554582380e+01  ,3.568094390096e-01  
  1.839507486248e-05  ,-1.232888926695e+01  ,8.980790828532e-01  
  1.839884783649e-05  ,-2.895070454478e+00  ,1.740756088008e+00  
  1.840209703469e-05  ,5.266611396003e+00  ,5.408441982976e+00  
  1.840400363827e-05  ,1.003573048017e+01  ,1.009397696599e+01  
  1.840647387826e-05  ,1.615869113581e+01  ,1.614660614438e+01  
  1.840916875327e-05  ,2.272625576685e+01  ,2.258219161779e+01  
  1.841214563274e-05  ,2.978996694609e+01  ,1.000415919189e+01  
  1.841426234269e-05  ,3.465776756619e+01  ,4.033394030866e+00  
  1.841683428311e-05  ,4.036427086222e+01  ,4.396142231534e+00  
  1.842048134232e-05  ,4.799611106341e+01  ,4.018203880170e+00  
  1.842421482825e-05  ,5.515610467257e+01  ,3.787594902549e+00  
  1.842751022005e-05  ,6.084915569776e+01  ,3.568595352465e+00  
  1.842990409160e-05  ,6.457938380667e+01  ,3.416834713662e+00  
  1.843109301800e-05  ,6.629756693513e+01  ,3.344042648217e+00  
  1.843274574304e-05  ,6.853188254582e+01  ,3.243676467153e+00  
  1.843517239714e-05  ,7.147618110891e+01  ,3.097406397700e+00  
  1.843987073326e-05  ,7.598349989653e+01  ,2.817672501025e+00  
  1.844543482685e-05  ,7.917864728178e+01  ,2.489444668950e+00  
  1.845303441906e-05  ,7.963676981283e+01  ,2.042559856225e+00  
  1.846057142639e-05  ,7.562849046143e+01  ,1.602333896353e+00  
  1.847034509802e-05  ,6.420776452405e+01  ,1.030463282252e+00  
  1.847916956568e-05  ,4.869513373908e+01  ,5.011900508246e-01  
  1.848390962505e-05  ,3.873918000505e+01  ,1.896323048259e-01  
  1.848630237901e-05  ,3.337318318700e+01  ,8.430001954845e-03  
  1.848811119372e-05  ,2.918994945052e+01  ,-1.412825996490e-01  
  1.849043242210e-05  ,2.368550647497e+01  ,-3.568110510047e-01  
  1.849507487887e-05  ,1.232884856332e+01  ,-8.980816254892e-01  
  1.849884785289e-05  ,2.895029285682e+00  ,-1.740761720172e+00  
  1.850209705108e-05  ,-5.266652502415e+00  ,-5.408481931913e+00  
  1.850400365466e-05  ,-1.003577135052e+01  ,-1.009401729572e+01  
  1.850647389466e-05  ,-1.615873148249e+01  ,-1.614664598947e+01  
  1.850916876966e-05  ,-2.272629526540e+01  ,-2.258222893656e+01  
  1.851214564914e-05  ,-2.979000517917e+01  ,-1.000404024174e+01  
  1.851426235908e-05  ,-3.465780469542e+01  ,-4.033349052069e+00  
  1.851683429950e-05  ,-4.036430642984e+01  ,-4.396146054674e+00  
  1.852048135871e-05  ,-4.799614402153e+01  ,-4.018201015281e+00  
  1.852421484464e-05  ,-5.515613451198e+01  ,-3.787594459744e+00  
  1.852751023644e-05  ,-6.084918244221e+01  ,-3.568594690745e+00  
  1.852990410799e-05  ,-6.457940812125e+01  ,-3.416833804554e+00  
  1.853109303439e-05  ,-6.629758999092e+01  ,-3.344041677682e+00  
  1.853274575943e-05  ,-6.853190379873e+01  ,-3.243675472128e+00  
  1.853517241353e-05  ,-7.147619961232e+01  ,-3.097405408122e+00  
  1.853987074965e-05  ,-7.598351278572e+01  ,-2.817671533477e+00  
  1.854543484324e-05  ,-7.917865316980e+01  ,-2.489443702058e+00  
  1.855303443545e-05  ,-7.963676589161e+01  ,-2.042558897280e+00  
  1.856057144278e-05  ,-7.562847702997e+01  ,-1.602332938336e+00  
  1.857034511441e-05  ,-6.420773994987e+01  ,-1.030462319558e+00  
  1.857916958207e-05  ,-4.869510105398e+01  ,-5.011890333130e-01  
  1.858390964144e-05  ,-3.873914396140e+01  ,-1.896311743871e-01  
  1.858630239540e-05  ,-3.337314574700e+01  ,-8.428755064378e-03  
  1.858811121011e-05  ,-2.918991109491e+01  ,1.412839719544e-01  
  1.859043243849e-05  ,-2.368546712613e+01  ,3.568126630019e-01  
  1.859507489526e-05  ,-1.232880785968e+01  ,8.980841681317e-01  
  1.859884786928e-05  ,-2.894988116885e+00  ,1.740767352365e+00  
  1.860209706748e-05  ,5.266693608826e+00  ,5.408521880865e+00  
  1.860400367105e-05  ,1.003581222086e+01  ,1.009405762545e+01  
  1.860647391105e-05  ,1.615877182917e+01  ,1.614668583455e+01  
  1.860916878605e-05  ,2.272633476395e+01  ,2.258226625527e+01  
  1.861214566553e-05  ,2.979004341223e+01  ,1.000392129143e+01  
  1.861426237547e-05  ,3.465784182463e+01  ,4.033304073402e+00  
  1.861683468842e-05  ,4.036515034936e+01  ,4.396156005414e+00  
  1.862048137510e-05  ,4.799617697962e+01  ,4.018190135839e+00  
  1.862421486104e-05  ,5.515616435137e+01  ,3.787596825400e+00  
  1.862751025283e-05  ,6.084920918664e+01  ,3.568595719584e+00  
  1.862990412438e-05  ,6.457943243580e+01  ,3.416833358439e+00  
  1.863109305078e-05  ,6.629761304669e+01  ,3.344040852747e+00  
  1.863274577582e-05  ,6.853192505162e+01  ,3.243674467897e+00  
  1.863517242992e-05  ,7.147621811570e+01  ,3.097404384893e+00  
  1.863987076604e-05  ,7.598352567489e+01  ,2.817670580949e+00  
  1.864543485963e-05  ,7.917865905780e+01  ,2.489442725172e+00  
  1.865303445184e-05  ,7.963676197037e+01  ,2.042557944119e+00  
  1.866057145917e-05  ,7.562846359849e+01  ,1.602331975974e+00  
  1.867034513080e-05  ,6.420771537568e+01  ,1.030461355825e+00  
  1.867916959846e-05  ,4.869506836887e+01  ,5.011880157627e-01  
  1.868390965784e-05  ,3.873910791775e+01  ,1.896300439519e-01  
  1.868630241179e-05  ,3.337310830700e+01  ,8.427508168887e-03  
  1.868811122650e-05  ,2.918987273930e+01  ,-1.412853442685e-01  
  1.869043245488e-05  ,2.368542777731e+01  ,-3.568142750038e-01  
  1.869507491165e-05  ,1.232876715604e+01  ,-8.980867107864e-01  
  1.869884788567e-05  ,2.894946948096e+00  ,-1.740772984589e+00  
  1.870209708387e-05  ,-5.266734715227e+00  ,-5.408561829827e+00  
  1.870400368744e-05  ,-1.003585309120e+01  ,-1.009409795517e+01  
  1.870647355491e-05  ,-1.615789520496e+01  ,-1.614581963268e+01  
  1.870916880244e-05  ,-2.272637426249e+01  ,-2.258230394407e+01  
  1.871214568192e-05  ,-2.979008164529e+01  ,-1.000381492767e+01  
  1.871426276439e-05  ,-3.465872279681e+01  ,-4.032550525264e+00  
  1.871683470482e-05  ,-4.036518591672e+01  ,-4.396203298368e+00  
  1.872048176402e-05  ,-4.799695898176e+01  ,-4.018141960896e+00  
  1.872421524996e-05  ,-5.515687235458e+01  ,-3.787578953387e+00  
  1.872750989670e-05  ,-6.084862809946e+01  ,-3.568623927194e+00  
  1.872990339571e-05  ,-6.457835152693e+01  ,-3.416880371904e+00  
  1.873109232211e-05  ,-6.629658809607e+01  ,-3.344086124850e+00  
  1.873274504715e-05  ,-6.853098024644e+01  ,-3.243718616826e+00  
  1.873517132872e-05  ,-7.147497498224e+01  ,-3.097470326806e+00  
  1.873986891979e-05  ,-7.598207375924e+01  ,-2.817780074276e+00  
  1.874543226832e-05  ,-7.917772795825e+01  ,-2.489595099479e+00  
  1.875303186053e-05  ,-7.963738162081e+01  ,-2.042709824128e+00  
  1.876056886786e-05  ,-7.563058674454e+01  ,-1.602483219867e+00  
  1.877034402961e-05  ,-6.420936627673e+01  ,-1.030526012081e+00  
  1.877916998738e-05  ,-4.869429283661e+01  ,-5.011653852300e-01  
  1.878391079181e-05  ,-3.873661432732e+01  ,-1.895550781310e-01  
  1.878630317324e-05  ,-3.337136903890e+01  ,-8.371191115152e-03  
  1.878811236048e-05  ,-2.918721920934e+01  ,1.413801090477e-01  
  1.879043358886e-05  ,-2.368270553801e+01  ,3.569257900703e-01  
  1.879507604563e-05  ,-1.232595119649e+01  ,8.982626549227e-01  
  1.879884827459e-05  ,-2.893970124727e+00  ,1.740932463268e+00  
  1.880209747279e-05  ,5.267710057652e+00  ,5.409511068800e+00  
  1.880400407636e-05  ,1.003682283201e+01  ,1.009505525594e+01  
  1.880647357130e-05  ,1.615793555174e+01  ,1.614585917790e+01  
  1.880916807377e-05  ,2.272461836712e+01  ,2.258064074567e+01  
  1.881214532578e-05  ,2.978925094346e+01  ,1.000727700172e+01  
  1.881426166320e-05  ,3.465622838326e+01  ,4.035446325791e+00  
  1.881683323109e-05  ,4.036198804523e+01  ,4.395955391158e+00  
  1.882048029029e-05  ,4.799399572513e+01  ,4.018369189795e+00  
  1.882421377623e-05  ,5.515418949435e+01  ,3.787630893394e+00  
  1.882751065814e-05  ,6.084987049837e+01  ,3.568545589482e+00  
  1.882990490222e-05  ,6.458058625210e+01  ,3.416778056265e+00  
  1.883109401488e-05  ,6.629896911405e+01  ,3.343979447459e+00  
  1.883274673992e-05  ,6.853317507609e+01  ,3.243616082068e+00  
  1.883517376655e-05  ,7.147772691921e+01  ,3.097324684408e+00  
  1.883987284774e-05  ,7.598516243542e+01  ,2.817546975719e+00  
  1.884543768638e-05  ,7.917967415567e+01  ,2.489276596739e+00  
  1.885303727859e-05  ,7.963608541857e+01  ,2.042392208031e+00  
  1.886057279581e-05  ,7.562736825474e+01  ,1.602254115530e+00  
  1.887034646744e-05  ,6.420571140469e+01  ,1.030382929329e+00  
  1.887916944498e-05  ,4.869537441980e+01  ,5.011963252696e-01  
  1.888390875930e-05  ,3.874108375012e+01  ,1.896892098091e-01  
  1.888630151325e-05  ,3.337516068682e+01  ,8.494154743490e-03  
  1.888811032796e-05  ,2.919197531291e+01  ,-1.412106607928e-01  
  1.889043155634e-05  ,2.368758479966e+01  ,-3.567258892686e-01  
  1.889507401311e-05  ,1.233099845055e+01  ,-8.979472210373e-01  
  1.889884698713e-05  ,2.897203745212e+00  ,-1.740464240676e+00  
  1.890209618533e-05  ,-5.264481334941e+00  ,-5.406371917528e+00  
  1.890400278890e-05  ,-1.003361264985e+01  ,-1.009188714723e+01  
  1.890647377396e-05  ,-1.615843438414e+01  ,-1.614635352979e+01  
  1.890917013907e-05  ,-2.272959516849e+01  ,-2.258535527465e+01  
  1.891214627349e-05  ,-2.979146150583e+01  ,-9.997774082246e+00  
  1.891426447356e-05  ,-3.466259428756e+01  ,-4.027807363547e+00  
  1.891683715904e-05  ,-4.037051119932e+01  ,-4.396621722997e+00  
  1.892048421824e-05  ,-4.800189351955e+01  ,-4.017761856977e+00  
  1.892421695912e-05  ,-5.515998367336e+01  ,-3.787541886566e+00  
  1.892750862563e-05  ,-6.084655411534e+01  ,-3.568754468524e+00  
  1.892990137959e-05  ,-6.457536061502e+01  ,-3.417019790151e+00  
  1.893109011972e-05  ,-6.629348997692e+01  ,-3.344225805985e+00  
  1.893274284476e-05  ,-6.852812435933e+01  ,-3.243851968001e+00  
  1.893516800874e-05  ,-7.147122656013e+01  ,-3.097668549263e+00  
  1.893986261958e-05  ,-7.597711727519e+01  ,-2.818154116359e+00  
  1.894542373294e-05  ,-7.917465734801e+01  ,-2.490096670984e+00  
  1.895302183503e-05  ,-7.963977400929e+01  ,-2.043297769730e+00  
  1.896055884236e-05  ,-7.563879624245e+01  ,-1.603068136034e+00  
  1.897033698434e-05  ,-6.421992665047e+01  ,-1.030939605207e+00  
  1.897916443223e-05  ,-4.870536948107e+01  ,-5.015120184717e-01  
  1.898390672678e-05  ,-3.874555301499e+01  ,-1.898402079308e-01  
  1.898630581373e-05  ,-3.336533761296e+01  ,-8.176662732764e-03  
  1.898811127567e-05  ,-2.918975767238e+01  ,1.412806386543e-01  
  1.899043213153e-05  ,-2.368620402134e+01  ,3.567835210607e-01  
  1.899507384324e-05  ,-1.233142028623e+01  ,8.979357508918e-01  
  1.899884681725e-05  ,-2.897630403122e+00  ,1.740417240103e+00  
  1.900209601545e-05  ,5.264055322267e+00  ,5.405958062667e+00  
  1.900400261903e-05  ,1.003318908291e+01  ,1.009146922850e+01  
  1.900647360408e-05  ,1.615801624528e+01  ,1.614594062196e+01  
  1.900917071426e-05  ,2.273098118704e+01  ,2.258666788521e+01  
  1.901214610362e-05  ,2.979106527491e+01  ,9.997028765616e+00  
  1.901426430368e-05  ,3.466220950569e+01  ,4.027217517588e+00  
  1.901683698916e-05  ,4.037014260827e+01  ,4.396707845932e+00  
  1.902048330331e-05  ,4.800005396203e+01  ,4.017815243247e+00  
  1.902421678925e-05  ,5.515967444740e+01  ,3.787559482033e+00  
  1.902750920081e-05  ,6.084749264773e+01  ,3.568719090789e+00  
  1.902990232730e-05  ,6.457676657484e+01  ,3.416960890296e+00  
  1.903109106743e-05  ,6.629482317129e+01  ,3.344167615376e+00  
  1.903274379247e-05  ,6.852935331985e+01  ,3.243794509302e+00  
  1.903516932899e-05  ,7.147271727353e+01  ,3.097589378483e+00  
  1.903986542994e-05  ,7.597932860057e+01  ,2.817987438074e+00  
  1.904542728835e-05  ,7.917593710336e+01  ,2.489887727072e+00  
  1.905302539045e-05  ,7.963892648307e+01  ,2.043089304555e+00  
  1.906056239778e-05  ,7.563588570658e+01  ,1.602860675255e+00  
  1.907033904964e-05  ,6.421683123232e+01  ,1.030818359124e+00  
  1.907916649753e-05  ,4.870125156705e+01  ,5.013835265700e-01  
  1.908390879208e-05  ,3.874101166392e+01  ,1.896973390844e-01  
  1.908630564386e-05  ,3.336572564616e+01  ,8.188359688037e-03  
  1.908811240965e-05  ,2.918710414083e+01  ,-1.413781293161e-01  
  1.909043363804e-05  ,2.368258749016e+01  ,-3.569309933112e-01  
  1.909507609481e-05  ,1.232582908487e+01  ,-8.982716878388e-01  
  1.909884832376e-05  ,2.893846618292e+00  ,-1.740949847566e+00  
  1.910209752196e-05  ,-5.267833376755e+00  ,-5.409630934668e+00  
  1.910400412554e-05  ,-1.003694544281e+01  ,-1.009517625846e+01  
  1.910647362047e-05  ,-1.615805659201e+01  ,-1.614597873126e+01  
  1.910916775042e-05  ,-2.272383916230e+01  ,-2.257990298507e+01  
  1.911214537495e-05  ,-2.978936564311e+01  ,-1.000791856241e+01  
  1.911426133984e-05  ,-3.465549591565e+01  ,-4.036555172936e+00  
  1.911683290774e-05  ,-4.036128637732e+01  ,-4.395853698531e+00  
  1.912047996694e-05  ,-4.799334553271e+01  ,-4.018433932141e+00  
  1.912421345288e-05  ,-5.515360082265e+01  ,-3.787636409214e+00  
  1.912751107985e-05  ,-6.085055854382e+01  ,-3.568508618667e+00  
  1.912990532392e-05  ,-6.458121177240e+01  ,-3.416749154430e+00  
  1.913109443659e-05  ,-6.629956224340e+01  ,-3.343952739698e+00  
  1.913274716163e-05  ,-6.853372182127e+01  ,-3.243590579318e+00  
  1.913517418826e-05  ,-7.147820291467e+01  ,-3.097299617544e+00  
  1.913987401450e-05  ,-7.598607967590e+01  ,-2.817477624019e+00  
  1.914543885314e-05  ,-7.918009296235e+01  ,-2.489208188352e+00  
  1.915303844535e-05  ,-7.963580598398e+01  ,-2.042323689125e+00  
  1.916057396257e-05  ,-7.562641200956e+01  ,-1.602186105960e+00  
  1.917034614408e-05  ,-6.420619621073e+01  ,-1.030401932886e+00  
  1.917916912162e-05  ,-4.869601920306e+01  ,-5.012161024997e-01  
  1.918390843594e-05  ,-3.874179478010e+01  ,-1.897110667141e-01  
  1.918630156243e-05  ,-3.337504836823e+01  ,-8.490508268341e-03  
  1.918811019087e-05  ,-2.919229610155e+01  ,1.411987631521e-01  
  1.919043141925e-05  ,-2.368791389597e+01  ,3.567124389549e-01  
  1.919507387602e-05  ,-1.233133887939e+01  ,8.979260601536e-01  
  1.919884685004e-05  ,-2.897548065651e+00  ,1.740417185463e+00  
  1.920209604824e-05  ,5.264137535237e+00  ,5.406037806767e+00  
  1.920400265181e-05  ,1.003327082391e+01  ,1.009154984392e+01  
  1.920647363687e-05  ,1.615809693877e+01  ,1.614602027962e+01  
  1.920917074704e-05  ,2.273106018267e+01  ,2.258674236649e+01  
  1.921214613640e-05  ,2.979114174057e+01  ,9.996783296566e+00  
  1.921426433647e-05  ,3.466228376191e+01  ,4.027125281473e+00  
  1.921683702195e-05  ,4.037021373995e+01  ,4.396715790317e+00  
  1.922048333609e-05  ,4.800011987519e+01  ,4.017809426528e+00  
  1.922421682203e-05  ,5.515973412269e+01  ,3.787558638403e+00  
  1.922750923359e-05  ,6.084754613861e+01  ,3.568717791038e+00  
  1.922990236008e-05  ,6.457681520763e+01  ,3.416959080012e+00  
  1.923109110022e-05  ,6.629486928701e+01  ,3.344165678280e+00  
  1.923274382526e-05  ,6.852939582996e+01  ,3.243792521189e+00  
  1.923516936177e-05  ,7.147275428742e+01  ,3.097587400678e+00  
  1.923986546272e-05  ,7.597935439196e+01  ,2.817985504377e+00  
  1.924542732114e-05  ,7.917594889869e+01  ,2.489885793960e+00  
  1.925302542323e-05  ,7.963891866387e+01  ,2.043087387143e+00  
  1.926056243056e-05  ,7.563585886574e+01  ,1.602858759386e+00  
  1.927033908242e-05  ,6.421678209652e+01  ,1.030816433835e+00  
  1.927916653031e-05  ,4.870118620170e+01  ,5.013814916718e-01  
  1.928390882486e-05  ,3.874093957768e+01  ,1.896950783084e-01  
  1.928630530411e-05  ,3.336650170969e+01  ,8.214018797853e-03  
  1.928811206990e-05  ,2.918789915813e+01  ,-1.413501745077e-01  
  1.929043329829e-05  ,2.368340309234e+01  ,-3.568975556793e-01  
  1.929507575506e-05  ,1.232667276450e+01  ,-8.982188677442e-01  
  1.929884798402e-05  ,2.894699935337e+00  ,-1.740833055294e+00  
  1.930209718221e-05  ,-5.266981353609e+00  ,-5.408802896586e+00  
  1.930400378579e-05  ,-1.003609831315e+01  ,-1.009434033378e+01  
  1.930647365326e-05  ,-1.615813728548e+01  ,-1.614605889778e+01  
  1.930916852826e-05  ,-2.272571355887e+01  ,-2.258167848355e+01  
  1.931214540774e-05  ,-2.978944210947e+01  ,-1.000575338750e+01  
  1.931426211768e-05  ,-3.465725788236e+01  ,-4.033999408945e+00  
  1.931683405811e-05  ,-4.036378261470e+01  ,-4.396091170930e+00  
  1.932048111731e-05  ,-4.799565863711e+01  ,-4.018242741716e+00  
  1.932421460325e-05  ,-5.515569505736e+01  ,-3.787601146932e+00  
  1.932751036757e-05  ,-6.084939639721e+01  ,-3.568580435058e+00  
  1.932990423912e-05  ,-6.457960263717e+01  ,-3.416824045991e+00  
  1.933109316552e-05  ,-6.629777443655e+01  ,-3.344033128840e+00  
  1.933274589056e-05  ,-6.853207382135e+01  ,-3.243667555483e+00  
  1.933517254466e-05  ,-7.147634763890e+01  ,-3.097397669279e+00  
  1.933987088078e-05  ,-7.598361589850e+01  ,-2.817663713272e+00  
  1.934543497437e-05  ,-7.917870027319e+01  ,-2.489436019676e+00  
  1.935303456658e-05  ,-7.963673452109e+01  ,-2.042551195009e+00  
  1.936057157391e-05  ,-7.562836957756e+01  ,-1.602325297168e+00  
  1.937034524554e-05  ,-6.420754335587e+01  ,-1.030454623488e+00  
  1.937916971320e-05  ,-4.869483957276e+01  ,-5.011808934129e-01  
  1.938390977257e-05  ,-3.873885561190e+01  ,-1.896221308370e-01  
  1.938630215400e-05  ,-3.337369713513e+01  ,-8.446932025827e-03  
  1.938811096871e-05  ,-2.919047596763e+01  ,1.412642524085e-01  
  1.939043219709e-05  ,-2.368604662646e+01  ,3.567889001702e-01  
  1.939507465386e-05  ,-1.232940731288e+01  ,8.980466124602e-01  
  1.939884762788e-05  ,-2.895594420830e+00  ,1.740684369849e+00  
  1.940209682608e-05  ,5.266088223443e+00  ,5.407933543438e+00  
  1.940400342965e-05  ,1.003521031197e+01  ,1.009346367886e+01  
  1.940647366965e-05  ,1.615817763222e+01  ,1.614609902522e+01  
  1.940916928971e-05  ,2.272754844354e+01  ,2.258341611404e+01  
  1.941214579666e-05  ,2.979034927646e+01  ,1.000204686753e+01  
  1.941426287913e-05  ,3.465898269948e+01  ,4.031724556341e+00  
  1.941683519208e-05  ,4.036624323234e+01  ,4.396297158374e+00  
  1.942048187876e-05  ,4.799718968598e+01  ,4.018094731640e+00  
  1.942421536469e-05  ,5.515708122750e+01  ,3.787586152174e+00  
  1.942751001143e-05  ,6.084881531247e+01  ,3.568625244723e+00  
  1.942990351045e-05  ,6.457852173363e+01  ,3.416875620603e+00  
  1.943109243685e-05  ,6.629674949141e+01  ,3.344079845458e+00  
  1.943274516189e-05  ,6.853112902182e+01  ,3.243711634975e+00  
  1.943517144346e-05  ,7.147510451434e+01  ,3.097463299774e+00  
  1.943986903453e-05  ,7.598216399873e+01  ,2.817773365268e+00  
  1.944543238306e-05  ,7.917776919687e+01  ,2.489588304158e+00  
  1.945303197527e-05  ,7.963735419490e+01  ,2.042703135552e+00  
  1.946056898260e-05  ,7.563049274581e+01  ,1.602476500760e+00  
  1.947034414434e-05  ,6.420919426492e+01  ,1.030519270423e+00  
  1.947916861200e-05  ,4.869703539507e+01  ,5.012495458677e-01  
  1.948390941644e-05  ,3.873963874143e+01  ,1.896482404995e-01  
  1.948630328798e-05  ,3.337110695576e+01  ,8.362588173535e-03  
  1.948811154389e-05  ,2.918913003360e+01  ,-1.413101956211e-01  
  1.949043277228e-05  ,2.368466583951e+01  ,-3.568455876302e-01  
  1.949507522905e-05  ,1.232797898498e+01  ,-8.981363390541e-01  
  1.949884745800e-05  ,2.896021079051e+00  ,-1.740651998045e+00  
  1.950209665620e-05  ,-5.265662211335e+00  ,-5.407520882726e+00  
  1.950400325978e-05  ,-1.003478674611e+01  ,-1.009304609895e+01  
  1.950647349977e-05  ,-1.615775949307e+01  ,-1.614568625466e+01  
  1.950916949236e-05  ,-2.272803678639e+01  ,-2.258387930755e+01  
  1.951214562678e-05  ,-2.978995304314e+01  ,-1.000229710531e+01  
  1.951426308179e-05  ,-3.465944174726e+01  ,-4.030952267639e+00  
  1.951683502221e-05  ,-4.036587462797e+01  ,-4.396363974985e+00  
  1.952048208141e-05  ,-4.799759716208e+01  ,-4.018059296787e+00  
  1.952421556735e-05  ,-5.515745014418e+01  ,-3.787581051658e+00  
  1.952750984156e-05  ,-6.084853813966e+01  ,-3.568641277964e+00  
  1.952990334058e-05  ,-6.457826973898e+01  ,-3.416887584668e+00  
  1.953109226698e-05  ,-6.629651054215e+01  ,-3.344090714845e+00  
  1.953274499202e-05  ,-6.853090875665e+01  ,-3.243721916900e+00  
  1.953517127359e-05  ,-7.147491273921e+01  ,-3.097473388201e+00  
  1.953986811960e-05  ,-7.598144439919e+01  ,-2.817827763855e+00  
  1.954543146813e-05  ,-7.917744033037e+01  ,-2.489641926446e+00  
  1.955302957022e-05  ,-7.963792885407e+01  ,-2.042844334747e+00  
  1.956056657755e-05  ,-7.563246285142e+01  ,-1.602616710101e+00  
  1.957034173930e-05  ,-6.421279963674e+01  ,-1.030660439792e+00  
  1.957916769707e-05  ,-4.869885975521e+01  ,-5.013075559284e-01  
  1.958390850151e-05  ,-3.874165060848e+01  ,-1.897130319727e-01  
  1.958630386317e-05  ,-3.336979312981e+01  ,-8.320202245028e-03  
  1.958811137402e-05  ,-2.918952753843e+01  ,1.412941177770e-01  
  1.959043260241e-05  ,-2.368507363750e+01  ,3.568289900430e-01  
  1.959507505918e-05  ,-1.232840082317e+01  ,8.981104129864e-01  
  1.959884728813e-05  ,-2.896447737190e+00  ,1.740593782817e+00  
  1.960209648633e-05  ,5.265236199078e+00  ,5.407106879494e+00  
  1.960400308990e-05  ,1.003436317997e+01  ,1.009262814290e+01  
  1.960647332990e-05  ,1.615734135347e+01  ,1.614527332234e+01  
  1.960916969502e-05  ,2.272852512832e+01  ,2.258434230836e+01  
  1.961214582944e-05  ,2.979042574244e+01  ,1.000089897687e+01  
  1.961426328444e-05  ,3.465990079366e+01  ,4.030419069529e+00  
  1.961683559740e-05  ,4.036712270480e+01  ,4.396414900039e+00  
  1.962048228407e-05  ,4.799800463621e+01  ,4.018016685374e+00  
  1.962421577001e-05  ,5.515781905862e+01  ,3.787578097949e+00  
  1.962751004422e-05  ,6.084886880176e+01  ,3.568634626868e+00  
  1.962990354323e-05  ,6.457857036396e+01  ,3.416876773967e+00  
  1.963109228337e-05  ,6.629653359873e+01  ,3.344090311348e+00  
  1.963274500841e-05  ,6.853093001038e+01  ,3.243720951971e+00  
  1.963517128998e-05  ,7.147493124391e+01  ,3.097472308791e+00  
  1.963986888105e-05  ,7.598204328853e+01  ,2.817782565864e+00  
  1.964543148452e-05  ,7.917744622269e+01  ,2.489641240986e+00  
  1.965303107673e-05  ,7.963756894418e+01  ,2.042755739072e+00  
  1.966056808406e-05  ,7.563122883951e+01  ,1.602528988951e+00  
  1.967034324580e-05  ,6.421054129618e+01  ,1.030572036422e+00  
  1.967916920358e-05  ,4.869585577925e+01  ,5.012140403382e-01  
  1.968391000801e-05  ,3.873833789181e+01  ,1.896091346181e-01  
  1.968630350703e-05  ,3.337060661402e+01  ,8.346358228494e-03  
  1.968811213547e-05  ,2.918774573402e+01  ,-1.413599730778e-01  
  1.969043336385e-05  ,2.368324569567e+01  ,-3.569037401431e-01  
  1.969507582062e-05  ,1.232650994927e+01  ,-8.982280473119e-01  
  1.969884804958e-05  ,2.894535260173e+00  ,-1.740855243795e+00  
  1.970209724778e-05  ,-5.267145779146e+00  ,-5.408962676796e+00  
  1.970400385135e-05  ,-1.003626179437e+01  ,-1.009450163988e+01  
  1.970647334629e-05  ,-1.615738170028e+01  ,-1.614531221282e+01  
  1.970916822129e-05  ,-2.272497385607e+01  ,-2.258097824085e+01  
  1.971214547330e-05  ,-2.978959504213e+01  ,-1.000627644514e+01  
  1.971426181072e-05  ,-3.465656254929e+01  ,-4.035063352221e+00  
  1.971683375114e-05  ,-4.036311652541e+01  ,-4.395993202937e+00  
  1.972048081034e-05  ,-4.799504141589e+01  ,-4.018304662213e+00  
  1.972421429628e-05  ,-5.515513624011e+01  ,-3.787606205624e+00  
  1.972751043314e-05  ,-6.084950337431e+01  ,-3.568566891782e+00  
  1.972990430468e-05  ,-6.457969989472e+01  ,-3.416817404039e+00  
  1.973109323108e-05  ,-6.629786665895e+01  ,-3.344028297554e+00  
  1.973274614239e-05  ,-6.853240033880e+01  ,-3.243652314517e+00  
  1.973517279649e-05  ,-7.147663191381e+01  ,-3.097382724773e+00  
  1.973987113261e-05  ,-7.598381391828e+01  ,-2.817648731926e+00  
  1.974543522620e-05  ,-7.917879072934e+01  ,-2.489421238711e+00  
  1.975303481841e-05  ,-7.963667427163e+01  ,-2.042536417508e+00  
  1.976057182574e-05  ,-7.562816321649e+01  ,-1.602310610992e+00  
  1.977034549737e-05  ,-6.420716580295e+01  ,-1.030439840690e+00  
  1.977916996503e-05  ,-4.869433740765e+01  ,-5.011652609223e-01  
  1.978391002440e-05  ,-3.873830184793e+01  ,-1.896047629989e-01  
  1.978630240583e-05  ,-3.337312192157e+01  ,-8.427775336698e-03  
  1.978811159307e-05  ,-2.918901496628e+01  ,1.413164078777e-01  
  1.979043282145e-05  ,-2.368454779263e+01  ,3.568502948590e-01  
  1.979507527822e-05  ,-1.232785687389e+01  ,8.981434844933e-01  
  1.979884750718e-05  ,-2.895897572749e+00  ,1.740668726838e+00  
  1.980209670538e-05  ,5.265785530629e+00  ,5.407640723127e+00  
  1.980400330895e-05  ,1.003490935729e+01  ,1.009316708438e+01  
  1.980647354895e-05  ,1.615788053338e+01  ,1.614580578515e+01  
  1.980916954154e-05  ,2.272815528118e+01  ,2.258399122205e+01  
  1.981214567596e-05  ,2.979006774233e+01  ,1.000193843709e+01  
  1.981426313096e-05  ,3.465955313363e+01  ,4.030816813540e+00  
  1.981683544391e-05  ,4.036678967002e+01  ,4.396381817978e+00  
  1.982048213059e-05  ,4.799769603463e+01  ,4.018042624774e+00  
  1.982421561652e-05  ,5.515753966037e+01  ,3.787582557635e+00  
  1.982750989074e-05  ,6.084861837406e+01  ,3.568640998355e+00  
  1.982990338975e-05  ,6.457834268497e+01  ,3.416885324917e+00  
  1.983109231615e-05  ,6.629657971185e+01  ,3.344087950721e+00  
  1.983274504119e-05  ,6.853097251781e+01  ,3.243718923176e+00  
  1.983517132276e-05  ,7.147496825326e+01  ,3.097470386090e+00  
  1.983986891383e-05  ,7.598206907143e+01  ,2.817780596471e+00  
  1.984543226236e-05  ,7.917772581594e+01  ,2.489595366726e+00  
  1.985303185457e-05  ,7.963738304551e+01  ,2.042710237403e+00  
  1.986056886190e-05  ,7.563059162758e+01  ,1.602483529266e+00  
  1.987034402364e-05  ,6.420937521241e+01  ,1.030526353367e+00  
  1.987916998142e-05  ,4.869430472225e+01  ,5.011657553550e-01  
  1.988391078585e-05  ,3.873662743440e+01  ,1.895554895381e-01  
  1.988630316728e-05  ,3.337138265363e+01  ,8.371644725608e-03  
  1.988811216825e-05  ,2.918766902192e+01  ,-1.413640731411e-01  
  1.989043376917e-05  ,2.368227269566e+01  ,-3.569429972702e-01  
  1.989507697099e-05  ,1.232365327314e+01  ,-8.983934712243e-01  
  1.989884845489e-05  ,2.893517267816e+00  ,-1.741009629209e+00  
  1.990209765309e-05  ,-5.268162227582e+00  ,-5.409951743606e+00  
  1.990400425667e-05  ,-1.003727240478e+01  ,-1.009549924703e+01  
  1.990647337908e-05  ,-1.615746239391e+01  ,-1.614539159914e+01  
  1.990916750902e-05  ,-2.272325745021e+01  ,-2.257935228658e+01  
  1.991214513355e-05  ,-2.978880257143e+01  ,-1.000962169488e+01  
  1.991426072592e-05  ,-3.465410522993e+01  ,-4.037915767910e+00  
  1.991683229381e-05  ,-4.035995416682e+01  ,-4.395749205253e+00  
  1.992047935301e-05  ,-4.799211105233e+01  ,-4.018528993915e+00  
  1.992421358401e-05  ,-5.515383954732e+01  ,-3.787608932898e+00  
  1.992751121098e-05  ,-6.085077249215e+01  ,-3.568488406950e+00  
  1.992990545505e-05  ,-6.458140627815e+01  ,-3.416737735023e+00  
  1.993109456772e-05  ,-6.629974667699e+01  ,-3.343943653668e+00  
  1.993274729276e-05  ,-6.853389183143e+01  ,-3.243582687990e+00  
  1.993517469192e-05  ,-7.147877140162e+01  ,-3.097269579534e+00  
  1.993987451816e-05  ,-7.598647559234e+01  ,-2.817447749379e+00  
  1.994544010186e-05  ,-7.918054106925e+01  ,-2.489134659090e+00  
  1.995303969407e-05  ,-7.963550680263e+01  ,-2.042250572121e+00  
  1.996057521129e-05  ,-7.562538848262e+01  ,-1.602113177341e+00  
  1.997034739280e-05  ,-6.420432397389e+01  ,-1.030328606228e+00  
  1.997917037034e-05  ,-4.869352918284e+01  ,-5.011385869100e-01  
  1.998390968466e-05  ,-3.873904893722e+01  ,-1.896249488703e-01  
  1.998630132103e-05  ,-3.337559974976e+01  ,-8.508126096146e-03  
  1.998811069453e-05  ,-2.919111754942e+01  ,1.412426566386e-01  
  1.999043192291e-05  ,-2.368670482272e+01  ,3.567618612993e-01  
  1.999507437968e-05  ,-1.233008817243e+01  ,8.980037784710e-01  
  2.000000000000e-05  ,3.143018757966e-13  ,2.172559059984e+00  
