  Time                 , V(D2:2)              , V(D4:1)              
  0.000000000000e+00  ,0.000000000000e+00  ,1.176793038016e-15  
  2.500000000000e-10  ,7.853900888711e-02  ,7.837758849615e-02  
  3.859498128295e-10  ,1.212467387664e-01  ,1.209818175042e-01  
  6.578494384885e-10  ,2.066547844173e-01  ,2.061299134494e-01  
  1.201648689806e-09  ,3.774194093535e-01  ,3.761293673455e-01  
  2.041422255337e-09  ,6.408921667286e-01  ,6.378141375694e-01  
  2.837982453406e-09  ,8.903977410462e-01  ,8.849790415846e-01  
  3.591515548527e-09  ,1.125915368488e+00  ,1.117728443106e+00  
  3.992403350770e-09  ,1.250964560952e+00  ,1.241100177736e+00  
  4.108178388327e-09  ,1.287042291983e+00  ,1.276667193906e+00  
  4.289064515382e-09  ,1.343375631004e+00  ,1.332179592361e+00  
  4.466434899718e-09  ,1.398571949113e+00  ,1.386543803989e+00  
  4.815401468426e-09  ,1.507039320487e+00  ,1.493297049245e+00  
  5.513334605843e-09  ,1.723417661925e+00  ,1.705944978794e+00  
  6.909200880677e-09  ,2.153585175600e+00  ,2.127449874299e+00  
  9.700933430344e-09  ,3.000678796098e+00  ,2.951891822358e+00  
  1.486940119043e-08  ,4.503309936728e+00  ,4.366980545601e+00  
  1.873774263635e-08  ,5.552500124816e+00  ,4.243297843507e+00  
  2.329377267137e-08  ,6.682064835266e+00  ,2.999497771448e+00  
  2.740276787058e-08  ,7.584185927657e+00  ,2.604889257004e+00  
  3.437800142542e-08  ,8.819657096329e+00  ,2.393038265957e+00  
  4.202676746622e-08  ,9.687919481168e+00  ,2.360229266783e+00  
  5.732429954782e-08  ,9.736436707235e+00  ,2.101212825728e+00  
  8.232546779886e-08  ,5.271657904859e+00  ,1.668241314799e+00  
  8.545061383024e-08  ,4.413319406009e+00  ,1.592011257417e+00  
  9.170090589300e-08  ,2.577798906762e+00  ,1.393997074877e+00  
  9.326347890869e-08  ,2.100577739187e+00  ,1.304185853412e+00  
  9.638862494007e-08  ,1.132114526574e+00  ,9.083921380870e-01  
  9.690215620771e-08  ,9.716807542546e-01  ,7.782864506404e-01  
  9.792921874300e-08  ,6.500963334913e-01  ,4.955741459322e-01  
  9.829764995351e-08  ,5.345541323434e-01  ,3.905060610638e-01  
  9.839855875447e-08  ,5.028953900366e-01  ,3.614912200056e-01  
  9.851769819483e-08  ,4.655105550361e-01  ,3.271216952686e-01  
  9.875597707555e-08  ,3.907218446975e-01  ,2.580586703420e-01  
  9.923253483698e-08  ,2.410829323997e-01  ,1.188643911914e-01  
  9.973367951438e-08  ,8.366607197641e-02  ,-2.871641124841e-02  
  1.002408777885e-07  ,-7.567326683110e-02  ,-1.790175095510e-01  
  1.006765504889e-07  ,-2.125286020270e-01  ,-3.086935306307e-01  
  1.009185546599e-07  ,-2.885324078225e-01  ,-3.809011509258e-01  
  1.009808834232e-07  ,-3.081048482104e-01  ,-3.995169438252e-01  
  1.010973453112e-07  ,-3.446729153974e-01  ,-4.343195069630e-01  
  1.012196978144e-07  ,-3.830856081289e-01  ,-4.709058936989e-01  
  1.014644028209e-07  ,-4.598934459617e-01  ,-5.441435345982e-01  
  1.018933699988e-07  ,-5.944690341315e-01  ,-6.727008242991e-01  
  1.024802894853e-07  ,-7.784176550474e-01  ,-8.488411920388e-01  
  1.030780123137e-07  ,-9.654798049179e-01  ,-1.028367729722e+00  
  1.036341050230e-07  ,-1.139209156848e+00  ,-1.195392626793e+00  
  1.039089383148e-07  ,-1.224944955141e+00  ,-1.277907550013e+00  
  1.039988342263e-07  ,-1.252968984088e+00  ,-1.304890391186e+00  
  1.041578342728e-07  ,-1.302510832242e+00  ,-1.352604443815e+00  
  1.043154140525e-07  ,-1.351578086578e+00  ,-1.399876352215e+00  
  1.046305736117e-07  ,-1.449612021956e+00  ,-1.494364079238e+00  
  1.052168411724e-07  ,-1.631591792286e+00  ,-1.669884980273e+00  
  1.063893762939e-07  ,-1.993829392743e+00  ,-2.019602893376e+00  
  1.087344465367e-07  ,-2.709701363858e+00  ,-2.711048494415e+00  
  1.129507300965e-07  ,-3.957268600753e+00  ,-3.909730953201e+00  
  1.205443618409e-07  ,-6.015341370508e+00  ,-4.640144140647e+00  
  1.244179186933e-07  ,-6.940586811377e+00  ,-3.216656801565e+00  
  1.283615110032e-07  ,-7.777027486716e+00  ,-2.554131597831e+00  
  1.352205155008e-07  ,-8.941302275015e+00  ,-2.303615025033e+00  
  1.424311874025e-07  ,-9.718629837664e+00  ,-2.378694737755e+00  
  1.567377922647e-07  ,-9.776805854319e+00  ,-2.063402076395e+00  
  1.757010100000e-07  ,-6.913640441084e+00  ,-1.816484099866e+00  
  1.788261560313e-07  ,-6.172132988153e+00  ,-1.734832098730e+00  
  1.850764480941e-07  ,-4.518492730483e+00  ,-1.602409776266e+00  
  1.866390211098e-07  ,-4.075299136546e+00  ,-1.561846486359e+00  
  1.897641671412e-07  ,-3.160547386938e+00  ,-1.464464620950e+00  
  1.960144592039e-07  ,-1.248825532519e+00  ,-1.005159612456e+00  
  1.968179111890e-07  ,-9.980184343835e-01  ,-8.051977833259e-01  
  1.982446973734e-07  ,-5.511651438155e-01  ,-4.075455113022e-01  
  1.988820945434e-07  ,-3.511281653536e-01  ,-2.226807475857e-01  
  1.991670326851e-07  ,-2.616545343731e-01  ,-1.392387170340e-01  
  1.995112960748e-07  ,-1.535248345321e-01  ,-3.791678274358e-02  
  1.999758863412e-07  ,-7.575528614035e-03  ,9.953374267388e-02  
  2.004134216867e-07  ,1.298766018627e-01  ,2.295791722431e-01  
  2.007453916185e-07  ,2.341502819691e-01  ,3.285558737243e-01  
  2.010578969084e-07  ,3.322869362708e-01  ,4.219242703264e-01  
  2.011410523728e-07  ,3.583954059279e-01  ,4.467959687253e-01  
  2.012821943089e-07  ,4.027042978704e-01  ,4.890356974809e-01  
  2.014173524976e-07  ,4.451272935610e-01  ,5.295100038929e-01  
  2.015818706304e-07  ,4.967547848473e-01  ,5.788064092255e-01  
  2.018296490014e-07  ,5.744847180087e-01  ,6.531047644462e-01  
  2.023252057433e-07  ,7.298354468200e-01  ,8.018488848606e-01  
  2.028711470366e-07  ,9.007748335899e-01  ,9.658507094678e-01  
  2.033658655882e-07  ,1.055448406345e+00  ,1.114493706001e+00  
  2.037359266132e-07  ,1.170983221314e+00  ,1.225654244270e+00  
  2.039783033133e-07  ,1.246569577737e+00  ,1.298431518471e+00  
  2.040490605459e-07  ,1.268622131228e+00  ,1.319671662649e+00  
  2.041753478870e-07  ,1.307965827112e+00  ,1.357573555927e+00  
  2.043340452537e-07  ,1.357377311077e+00  ,1.405187267112e+00  
  2.045816373602e-07  ,1.434398925988e+00  ,1.479433335225e+00  
  2.049692538157e-07  ,1.554803644213e+00  ,1.595557446427e+00  
  2.057444867268e-07  ,1.794903595900e+00  ,1.827289733126e+00  
  2.072949525490e-07  ,2.271767942092e+00  ,2.287899257267e+00  
  2.103958841935e-07  ,3.208211455377e+00  ,3.191553547652e+00  
  2.160538550988e-07  ,4.832356140028e+00  ,4.728094240507e+00  
  2.203401741162e-07  ,5.963973943234e+00  ,4.641672737049e+00  
  2.238892581835e-07  ,6.820068449874e+00  ,3.251182177436e+00  
  2.273582485095e-07  ,7.575062777987e+00  ,2.655622070266e+00  
  2.333745923415e-07  ,8.666727710793e+00  ,2.364671616318e+00  
  2.396725681201e-07  ,9.478275286572e+00  ,2.315925894818e+00  
  2.522685196772e-07  ,9.974615359024e+00  ,2.164283792440e+00  
  2.734400895014e-07  ,7.408964905164e+00  ,1.833517872206e+00  
  2.765652355328e-07  ,6.714952755475e+00  ,1.776942999488e+00  
  2.828155275956e-07  ,5.140211592510e+00  ,1.653353614319e+00  
  2.953161117211e-07  ,1.466182360398e+00  ,1.170266007044e+00  
  2.970586162582e-07  ,9.227484330097e-01  ,7.452952806271e-01  
  2.974942423925e-07  ,7.863941742377e-01  ,6.238565227133e-01  
  2.978597399369e-07  ,6.718760053253e-01  ,5.202784580355e-01  
  2.979689142257e-07  ,6.376515075961e-01  ,4.890613222701e-01  
  2.981575536132e-07  ,5.784984488557e-01  ,4.348575702691e-01  
  2.984356931001e-07  ,4.912437130656e-01  ,3.544171158224e-01  
  2.989540672451e-07  ,3.285303388359e-01  ,2.031714785337e-01  
  2.995749800056e-07  ,1.335200016451e-01  ,2.027687228320e-02  
  3.002507476658e-07  ,-7.877388774782e-02  ,-1.803003710884e-01  
  3.008155016750e-07  ,-2.561693812770e-01  ,-3.487922289992e-01  
  3.011238625795e-07  ,-3.529984905029e-01  ,-4.410353486388e-01  
  3.012095558979e-07  ,-3.799017504668e-01  ,-4.666935819072e-01  
  3.013047487065e-07  ,-4.097841213851e-01  ,-4.952084892551e-01  
  3.014721539393e-07  ,-4.623259414721e-01  ,-5.453811562290e-01  
  3.016483834535e-07  ,-5.176235073260e-01  ,-5.982313372615e-01  
  3.020008424819e-07  ,-6.281693462801e-01  ,-7.040151242068e-01  
  3.025169814527e-07  ,-7.899092804244e-01  ,-8.590653332045e-01  
  3.030469971299e-07  ,-9.557811601607e-01  ,-1.018365957542e+00  
  3.035568962395e-07  ,-1.115107884484e+00  ,-1.171608632726e+00  
  3.038265141249e-07  ,-1.199241559346e+00  ,-1.252606662533e+00  
  3.040070277229e-07  ,-1.255522719987e+00  ,-1.306817153957e+00  
  3.040923601538e-07  ,-1.282114019077e+00  ,-1.332437007294e+00  
  3.042239560336e-07  ,-1.323103808681e+00  ,-1.371937507430e+00  
  3.044871477932e-07  ,-1.405014845655e+00  ,-1.450900163118e+00  
  3.047982095331e-07  ,-1.501699780364e+00  ,-1.544147967002e+00  
  3.054203330129e-07  ,-1.694630207134e+00  ,-1.730335722719e+00  
  3.066645799726e-07  ,-2.078475674877e+00  ,-2.101065850322e+00  
  3.091530738920e-07  ,-2.836058744028e+00  ,-2.832779555284e+00  
  3.138976036161e-07  ,-4.228663759598e+00  ,-4.167251038171e+00  
  3.202775357813e-07  ,-5.948166753764e+00  ,-4.763354245062e+00  
  3.239316730350e-07  ,-6.829807588499e+00  ,-3.342548411563e+00  
  3.275880454630e-07  ,-7.621994470612e+00  ,-2.642148697476e+00  
  3.340067206472e-07  ,-8.764083757461e+00  ,-2.326843475568e+00  
  3.407286344618e-07  ,-9.578803631659e+00  ,-2.401324758738e+00  
  3.540219603628e-07  ,-9.920279971708e+00  ,-2.110884262202e+00  
  3.707380829901e-07  ,-7.951714297813e+00  ,-1.865856443278e+00  
  3.957392512411e-07  ,-1.334560076936e+00  ,-1.144534211147e+00  
  3.988643972725e-07  ,-3.566844440427e-01  ,-2.387908510127e-01  
  3.994547626525e-07  ,-1.712829882980e-01  ,-6.297988762661e-02  
  4.004553756267e-07  ,1.430555925272e-01  ,2.363983056467e-01  
  4.009581966847e-07  ,3.009809051535e-01  ,3.873655223421e-01  
  4.014275832623e-07  ,4.483381743008e-01  ,5.285139291347e-01  
  4.015302382931e-07  ,4.805533872790e-01  ,5.594048355492e-01  
  4.016241621748e-07  ,5.100242199156e-01  ,5.876749793380e-01  
  4.018120099381e-07  ,5.689523068153e-01  ,6.442290347694e-01  
  4.020857256427e-07  ,6.547812474587e-01  ,7.266606375157e-01  
  4.025742043331e-07  ,8.078289200374e-01  ,8.738126217749e-01  
  4.030961175039e-07  ,9.711409896569e-01  ,1.031032737694e+00  
  4.036076929942e-07  ,1.130965200804e+00  ,1.185063300088e+00  
  4.038471360281e-07  ,1.205673113780e+00  ,1.257112492533e+00  
  4.039399306811e-07  ,1.234607588042e+00  ,1.285025046565e+00  
  4.040929702632e-07  ,1.282304108477e+00  ,1.331045793522e+00  
  4.042372554131e-07  ,1.327245083707e+00  ,1.374417184525e+00  
  4.045258257128e-07  ,1.417044299784e+00  ,1.461105279295e+00  
  4.051029663123e-07  ,1.596285975864e+00  ,1.634223751333e+00  
  4.062572475113e-07  ,1.953136292925e+00  ,1.979121487274e+00  
  4.084495808519e-07  ,2.623448951139e+00  ,2.627092777884e+00  
  4.124289359488e-07  ,3.806198795890e+00  ,3.765437654161e+00  
  4.195531811155e-07  ,5.763713594519e+00  ,5.004308757413e+00  
  4.236957039274e-07  ,6.775471796021e+00  ,3.418461295276e+00  
  4.274768735804e-07  ,7.599339163273e+00  ,2.635942000863e+00  
  4.340974594988e-07  ,8.777775942573e+00  ,2.304589421104e+00  
  4.410555567183e-07  ,9.607791642872e+00  ,2.405126923232e+00  
  4.537856187262e-07  ,9.929363114534e+00  ,2.109929184317e+00  
  4.704093541540e-07  ,8.013912442741e+00  ,1.869365677876e+00  
  4.954105224051e-07  ,1.436836494194e+00  ,1.219920370755e+00  
  4.985356684364e-07  ,4.598710834891e-01  ,3.331083119045e-01  
  4.993169549443e-07  ,2.145684650793e-01  ,1.016376634242e-01  
  5.001042950489e-07  ,-3.276519730547e-02  ,-1.329145150673e-01  
  5.009097028114e-07  ,-2.857526642663e-01  ,-3.741284396817e-01  
  5.013187396862e-07  ,-4.141757855539e-01  ,-4.969609563430e-01  
  5.014140489101e-07  ,-4.440904672650e-01  ,-5.256027661054e-01  
  5.015094396248e-07  ,-4.740267398197e-01  ,-5.542780407573e-01  
  5.016364487410e-07  ,-5.138790968398e-01  ,-5.924680331688e-01  
  5.018153790906e-07  ,-5.700090395886e-01  ,-6.462871336650e-01  
  5.021732397899e-07  ,-6.822131177215e-01  ,-7.539721612553e-01  
  5.026368521675e-07  ,-8.274444161268e-01  ,-8.935336675269e-01  
  5.031416290030e-07  ,-9.853702689325e-01  ,-1.045491705616e+00  
  5.036754631028e-07  ,-1.152116628664e+00  ,-1.206125677817e+00  
  5.039105754867e-07  ,-1.225455412918e+00  ,-1.276828848961e+00  
  5.039941267632e-07  ,-1.251501731974e+00  ,-1.301946323815e+00  
  5.041302861236e-07  ,-1.293929566578e+00  ,-1.342868602248e+00  
  5.042877494879e-07  ,-1.342966246538e+00  ,-1.390175996249e+00  
  5.046026762165e-07  ,-1.440939814681e+00  ,-1.484726377101e+00  
  5.050052403994e-07  ,-1.565970680287e+00  ,-1.605442956863e+00  
  5.058103687651e-07  ,-1.815261057406e+00  ,-1.846271487903e+00  
  5.074206254967e-07  ,-2.310199160208e+00  ,-2.324664395750e+00  
  5.106411389597e-07  ,-3.281091733420e+00  ,-3.261725627561e+00  
  5.164376906641e-07  ,-4.937573692784e+00  ,-4.823260101987e+00  
  5.206897370107e-07  ,-6.051762619686e+00  ,-4.522777588329e+00  
  5.245498828180e-07  ,-6.970373280578e+00  ,-3.092333592716e+00  
  5.283176414259e-07  ,-7.768356273059e+00  ,-2.598532782047e+00  
  5.344010404833e-07  ,-8.823066122141e+00  ,-2.373164604039e+00  
  5.409985296018e-07  ,-9.602807969594e+00  ,-2.309914762923e+00  
  5.541935078390e-07  ,-9.913344439561e+00  ,-2.135108504632e+00  
  5.791946760900e-07  ,-6.080630885030e+00  ,-1.736309977544e+00  
  5.823198221214e-07  ,-5.273164996210e+00  ,-1.664211955803e+00  
  5.885701141842e-07  ,-3.514134834413e+00  ,-1.507511900094e+00  
  5.952286980636e-07  ,-1.493341832453e+00  ,-1.161209689472e+00  
  5.965312458165e-07  ,-1.087585701281e+00  ,-8.802619062392e-01  
  5.982478595860e-07  ,-5.501732127843e-01  ,-4.067798859172e-01  
  5.990214161165e-07  ,-3.073827686639e-01  ,-1.819861824195e-01  
  5.993664245643e-07  ,-1.990304507327e-01  ,-8.065566150628e-02  
  5.997895709760e-07  ,-6.610774605465e-02  ,4.430481162367e-02  
  6.002708784826e-07  ,8.509795798043e-02  ,1.871506545725e-01  
  6.006134654917e-07  ,1.927139376332e-01  ,2.891959208452e-01  
  6.008240608089e-07  ,2.588574207683e-01  ,3.520491883515e-01  
  6.008886014633e-07  ,2.791261250144e-01  ,3.713286780534e-01  
  6.010074149407e-07  ,3.164359051209e-01  ,4.068396312666e-01  
  6.011166474372e-07  ,3.507331903517e-01  ,4.395071899402e-01  
  6.013351124302e-07  ,4.193149661207e-01  ,5.048949877162e-01  
  6.017720424160e-07  ,5.564160333064e-01  ,6.358466237738e-01  
  6.024840385243e-07  ,7.795918712379e-01  ,8.495799463992e-01  
  6.031533800587e-07  ,9.890439386373e-01  ,1.050685852282e+00  
  6.037779249772e-07  ,1.184085601825e+00  ,1.238300952751e+00  
  6.040392540917e-07  ,1.265566174326e+00  ,1.316761178837e+00  
  6.041216412149e-07  ,1.291236472048e+00  ,1.341489457028e+00  
  6.042652511559e-07  ,1.335961880522e+00  ,1.384583348270e+00  
  6.044379882105e-07  ,1.389722434402e+00  ,1.436397889885e+00  
  6.046883277185e-07  ,1.467561965011e+00  ,1.511446731800e+00  
  6.051890067346e-07  ,1.622963900758e+00  ,1.661359986621e+00  
  6.061903647669e-07  ,1.932524833081e+00  ,1.960229869589e+00  
  6.081930808313e-07  ,2.545605205268e+00  ,2.552460750032e+00  
  6.121985129602e-07  ,3.739158781228e+00  ,3.701400265455e+00  
  6.190545372255e-07  ,5.634996202929e+00  ,5.076489740821e+00  
  6.230420879610e-07  ,6.623031080273e+00  ,3.547636634835e+00  
  6.267133615501e-07  ,7.441256153695e+00  ,2.696711411331e+00  
  6.330962739475e-07  ,8.622777014177e+00  ,2.313492818144e+00  
  6.398271284588e-07  ,9.493642524631e+00  ,2.425670969674e+00  
  6.516422591694e-07  ,9.986693715559e+00  ,2.145445887611e+00  
  6.669189296253e-07  ,8.620357119724e+00  ,1.956729797827e+00  
  6.919200978763e-07  ,2.511204378236e+00  ,1.432462173475e+00  
  6.950452439077e-07  ,1.550304277457e+00  ,1.159994976018e+00  
  6.958265304156e-07  ,1.307380807984e+00  ,1.034153225885e+00  
  6.971104517169e-07  ,9.065321040084e-01  ,7.230102624344e-01  
  6.978479660638e-07  ,6.755664724923e-01  ,5.187803223425e-01  
  6.983564681895e-07  ,5.161013559998e-01  ,3.736566607167e-01  
  6.984975169934e-07  ,4.718436992177e-01  ,3.329752077212e-01  
  6.986357485466e-07  ,4.284610319816e-01  ,2.929615160951e-01  
  6.989122116528e-07  ,3.416722750575e-01  ,2.125430948364e-01  
  6.994651378654e-07  ,1.680239881657e-01  ,5.042671764043e-02  
  7.000709632002e-07  ,-2.229372836958e-02  ,-1.286807021565e-01  
  7.006173701547e-07  ,-1.939403944394e-01  ,-2.911763191260e-01  
  7.008823314272e-07  ,-2.771570971715e-01  ,-3.702206163869e-01  
  7.009556497969e-07  ,-3.001811382748e-01  ,-3.921161668083e-01  
  7.010730430074e-07  ,-3.370425581712e-01  ,-4.271948673254e-01  
  7.011997727267e-07  ,-3.768304774224e-01  ,-4.650885307203e-01  
  7.014532321654e-07  ,-4.563877659449e-01  ,-5.409458268101e-01  
  7.019601510428e-07  ,-6.154104906243e-01  ,-6.928859335780e-01  
  7.025671870969e-07  ,-8.056315756723e-01  ,-8.750977413936e-01  
  7.031918251477e-07  ,-1.001061876682e+00  ,-1.062723097151e+00  
  7.036867299639e-07  ,-1.155632574982e+00  ,-1.211366959560e+00  
  7.039615166895e-07  ,-1.241336866426e+00  ,-1.293864234677e+00  
  7.040412146188e-07  ,-1.266177137338e+00  ,-1.317784568250e+00  
  7.041869200356e-07  ,-1.311570006577e+00  ,-1.361506732635e+00  
  7.043462460451e-07  ,-1.361174727846e+00  ,-1.409299974134e+00  
  7.046640133075e-07  ,-1.460005645537e+00  ,-1.504562578240e+00  
  7.052049254589e-07  ,-1.627898409130e+00  ,-1.666500644827e+00  
  7.062867497616e-07  ,-1.962225356243e+00  ,-1.989258297317e+00  
  7.084503983669e-07  ,-2.623696784492e+00  ,-2.628177805569e+00  
  7.126316641979e-07  ,-3.865016393898e+00  ,-3.821990909322e+00  
  7.198050831966e-07  ,-5.828202540766e+00  ,-4.877652661323e+00  
  7.239252542667e-07  ,-6.828334513367e+00  ,-3.318534509212e+00  
  7.276550149135e-07  ,-7.635597072811e+00  ,-2.609375815491e+00  
  7.343396758251e-07  ,-8.813975927925e+00  ,-2.308910318689e+00  
  7.412985181026e-07  ,-9.628678589550e+00  ,-2.398300870646e+00  
  7.546231364422e-07  ,-9.894711825722e+00  ,-2.097476260872e+00  
  7.719144438915e-07  ,-7.722237412318e+00  ,-1.877891322315e+00  
  7.750395899229e-07  ,-7.062267675287e+00  ,-1.802252490134e+00  
  7.812898819856e-07  ,-5.545280243849e+00  ,-1.685335307140e+00  
  7.937904661112e-07  ,-1.938433116248e+00  ,-1.307539398959e+00  
  7.965982174091e-07  ,-1.066668366870e+00  ,-8.605163508383e-01  
  7.973001552336e-07  ,-8.471646286761e-01  ,-6.733362570928e-01  
  7.980383215062e-07  ,-6.158894432385e-01  ,-4.659946655037e-01  
  7.982369958945e-07  ,-5.535809408160e-01  ,-4.091017120515e-01  
  7.984271253981e-07  ,-4.939320685331e-01  ,-3.543299924623e-01  
  7.986370455064e-07  ,-4.280539538524e-01  ,-2.935379983944e-01  
  7.990568857230e-07  ,-2.962447400850e-01  ,-1.710978871546e-01  
  7.995823379196e-07  ,-1.312086472982e-01  ,-1.658003222884e-02  
  8.001550081708e-07  ,4.869706057923e-02  ,1.530243974777e-01  
  8.007365259863e-07  ,2.313658160724e-01  ,3.261811193839e-01  
  8.009628373720e-07  ,3.024381563404e-01  ,3.937633555442e-01  
  8.010269123651e-07  ,3.225580744411e-01  ,4.129136130418e-01  
  8.011441891603e-07  ,3.593802219669e-01  ,4.479825624897e-01  
  8.012852379642e-07  ,4.036597128960e-01  ,4.901873412481e-01  
  8.015317124836e-07  ,4.810159823024e-01  ,5.640015593480e-01  
  8.019618438147e-07  ,6.159412817355e-01  ,6.929755748251e-01  
  8.025208236240e-07  ,7.911125567356e-01  ,8.607905242948e-01  
  8.030959153138e-07  ,9.710777699767e-01  ,1.033557257171e+00  
  8.036408321522e-07  ,1.141308762819e+00  ,1.197251008386e+00  
  8.039073766731e-07  ,1.224458044105e+00  ,1.277288279750e+00  
  8.039956544116e-07  ,1.251977882176e+00  ,1.303788974539e+00  
  8.041492062211e-07  ,1.299823293373e+00  ,1.349874347611e+00  
  8.043080898523e-07  ,1.349298198952e+00  ,1.397543888401e+00  
  8.046258571148e-07  ,1.448145925865e+00  ,1.492825480618e+00  
  8.051675143242e-07  ,1.616301009609e+00  ,1.655021507791e+00  
  8.062508287430e-07  ,1.951158574094e+00  ,1.978304920571e+00  
  8.084174575806e-07  ,2.613709267982e+00  ,2.618291662884e+00  
  8.125212373734e-07  ,3.832997519569e+00  ,3.791148131051e+00  
  8.196216406822e-07  ,5.781275680022e+00  ,4.924010310589e+00  
  8.237127544880e-07  ,6.779410486082e+00  ,3.366964843830e+00  
  8.274253787994e-07  ,7.588813802447e+00  ,2.628517466357e+00  
  8.340452196598e-07  ,8.769901832580e+00  ,2.310186427590e+00  
  8.409526529312e-07  ,9.598776376104e+00  ,2.404747816332e+00  
  8.539226236343e-07  ,9.924164361150e+00  ,2.108642839060e+00  
  8.707311334610e-07  ,7.953038003094e+00  ,1.864646467173e+00  
  8.957323017120e-07  ,1.336723774231e+00  ,1.146254325453e+00  
  8.988574477434e-07  ,3.588663052117e-01  ,2.407956664148e-01  
  8.996387342513e-07  ,1.134925456699e-01  ,7.918607594839e-03  
  9.004612783492e-07  ,-1.449097952543e-01  ,-2.381894597781e-01  
  9.007882191390e-07  ,-2.476010394994e-01  ,-3.362977099569e-01  
  9.012176519781e-07  ,-3.824433606915e-01  ,-4.653559162011e-01  
  9.013106212541e-07  ,-4.116274799791e-01  ,-4.933186959671e-01  
  9.013973623104e-07  ,-4.388533284185e-01  ,-5.194146612678e-01  
  9.015128812343e-07  ,-4.751067351069e-01  ,-5.541762565737e-01  
  9.016483421028e-07  ,-5.176105340278e-01  ,-5.949489054676e-01  
  9.019192638397e-07  ,-6.025892399596e-01  ,-6.765215907765e-01  
  9.024611073136e-07  ,-7.724095424187e-01  ,-8.397366364348e-01  
  9.029889809489e-07  ,-9.376367031866e-01  ,-9.987604188573e-01  
  9.034958066940e-07  ,-1.096033691101e+00  ,-1.151383165522e+00  
  9.037847495228e-07  ,-1.186214485730e+00  ,-1.238341777350e+00  
  9.040747168064e-07  ,-1.276616747027e+00  ,-1.325556025768e+00  
  9.041390828378e-07  ,-1.296669854185e+00  ,-1.344907130167e+00  
  9.042678149007e-07  ,-1.336760080423e+00  ,-1.383599290347e+00  
  9.044680259712e-07  ,-1.399066884533e+00  ,-1.443746492755e+00  
  9.046654197909e-07  ,-1.460442769142e+00  ,-1.503009614168e+00  
  9.050602074303e-07  ,-1.583023691359e+00  ,-1.621408986894e+00  
  9.058497827090e-07  ,-1.827436201135e+00  ,-1.857601373054e+00  
  9.074289332665e-07  ,-2.312738442331e+00  ,-2.326791076272e+00  
  9.105872343816e-07  ,-3.265089917564e+00  ,-3.246163903509e+00  
  9.164739381112e-07  ,-4.947473031082e+00  ,-4.832851881732e+00  
  9.207155536450e-07  ,-6.058217356476e+00  ,-4.529196174457e+00  
  9.245764445104e-07  ,-6.976354223260e+00  ,-3.094846233729e+00  
  9.283471833505e-07  ,-7.774197121839e+00  ,-2.597736256340e+00  
  9.344514440335e-07  ,-8.830508076389e+00  ,-2.371340337131e+00  
  9.410489331521e-07  ,-9.607214383449e+00  ,-2.308828251899e+00  
  9.542439113893e-07  ,-9.911251925975e+00  ,-2.134381553805e+00  
  9.792450796403e-07  ,-6.068052243905e+00  ,-1.735377275921e+00  
  9.823702256717e-07  ,-5.259704102152e+00  ,-1.663149996398e+00  
  9.886205177344e-07  ,-3.499305626787e+00  ,-1.505926044864e+00  
  9.952791016139e-07  ,-1.477682782883e+00  ,-1.154379697461e+00  
  9.965581800379e-07  ,-1.079173870512e+00  ,-8.737729937606e-01  
  9.982565398850e-07  ,-5.474503263364e-01  ,-4.043940056378e-01  
  9.990213419832e-07  ,-3.074060473139e-01  ,-1.820851977613e-01  
  9.993627648391e-07  ,-2.001799582459e-01  ,-8.179857988131e-02  
  9.997816271670e-07  ,-6.860331064723e-02  ,4.189792344740e-02  
  1.000261072028e-06  ,8.201727710123e-02  ,1.841878591263e-01  
  1.000605521683e-06  ,1.902187739111e-01  ,2.867861654723e-01  
  1.000817025039e-06  ,2.566478029496e-01  ,3.499101220334e-01  
  1.000883428339e-06  ,2.775015696081e-01  ,3.697461118596e-01  
  1.000988283619e-06  ,3.104285762852e-01  ,4.010843470453e-01  
  1.001101963181e-06  ,3.461227963707e-01  ,4.350801273593e-01  
  1.001329322305e-06  ,4.174975374465e-01  ,5.031290238129e-01  
  1.001784040552e-06  ,5.601794797382e-01  ,6.394176717402e-01  
  1.002451705705e-06  ,7.694647304469e-01  ,8.398469361553e-01  
  1.003106425475e-06  ,9.743639765677e-01  ,1.036557590280e+00  
  1.003708991181e-06  ,1.162579003412e+00  ,1.217582245145e+00  
  1.003990902524e-06  ,1.250496764881e+00  ,1.302231782581e+00  
  1.004074500367e-06  ,1.276549306928e+00  ,1.327326136104e+00  
  1.004226073116e-06  ,1.323763059483e+00  ,1.372814342275e+00  
  1.004392151214e-06  ,1.375460616115e+00  ,1.422637295755e+00  
  1.004691664554e-06  ,1.468598904541e+00  ,1.512434140668e+00  
  1.005290691234e-06  ,1.654477166955e+00  ,1.691760989355e+00  
  1.006488744594e-06  ,2.024410304766e+00  ,2.048974293033e+00  
  1.008884851314e-06  ,2.755154231751e+00  ,2.754783049095e+00  
  1.013309751131e-06  ,4.060597251989e+00  ,4.007969123480e+00  
  1.021120939828e-06  ,6.159047665629e+00  ,4.446811185314e+00  
  1.025480274536e-06  ,7.176949071018e+00  ,2.992709999744e+00  
  1.029671226121e-06  ,8.029028699065e+00  ,2.468588247196e+00  
  1.037067417480e-06  ,9.185937189231e+00  ,2.294199407692e+00  
  1.044790689327e-06  ,9.866383300712e+00  ,2.336059840744e+00  
  1.060237233020e-06  ,9.487270529586e+00  ,2.009750731917e+00  
  1.083867494442e-06  ,4.853973656770e+00  ,1.670885160292e+00  
  1.086992640473e-06  ,3.973600707253e+00  ,1.557196395686e+00  
  1.093242932536e-06  ,2.106888120638e+00  ,1.308757440242e+00  
  1.094805505551e-06  ,1.624665035905e+00  ,1.174654076130e+00  
  1.095196148805e-06  ,1.503452038577e+00  ,1.127916676169e+00  
  1.095977435313e-06  ,1.260365027441e+00  ,9.967647624792e-01  
  1.096843751572e-06  ,9.899406411196e-01  ,7.913754614760e-01  
  1.097775819205e-06  ,6.981785411355e-01  ,5.378724682235e-01  
  1.098253587686e-06  ,5.483763939329e-01  ,4.023349479755e-01  
  1.098368245136e-06  ,5.124064146440e-01  ,3.694455007571e-01  
  1.098506104160e-06  ,4.691489488568e-01  ,3.297492403283e-01  
  1.098770553205e-06  ,3.861460744599e-01  ,2.531854703410e-01  
  1.099299451295e-06  ,2.200660998814e-01  ,9.871907261874e-02  
  1.099873518530e-06  ,3.973522104594e-02  ,-7.047636588530e-02  
  1.100390588824e-06  ,-1.227040185948e-01  ,-2.238642492573e-01  
  1.100787471939e-06  ,-2.473663715623e-01  ,-3.420750835368e-01  
  1.101064680103e-06  ,-3.344167554228e-01  ,-4.248313049356e-01  
  1.101138720248e-06  ,-3.576632170252e-01  ,-4.469581186336e-01  
  1.101234110963e-06  ,-3.876102689798e-01  ,-4.754791564446e-01  
  1.101401725743e-06  ,-4.402228163721e-01  ,-5.256271653050e-01  
  1.101577815559e-06  ,-4.954824152878e-01  ,-5.783510344187e-01  
  1.101886781823e-06  ,-5.924029453079e-01  ,-6.709444695572e-01  
  1.102504714351e-06  ,-7.860674401563e-01  ,-8.563643273883e-01  
  1.103074590635e-06  ,-9.644098689575e-01  ,-1.027505998824e+00  
  1.103628634434e-06  ,-1.137501692501e+00  ,-1.193897889497e+00  
  1.103902443271e-06  ,-1.222919817965e+00  ,-1.276098173269e+00  
  1.103992385749e-06  ,-1.250959074561e+00  ,-1.303092876726e+00  
  1.104153155308e-06  ,-1.301053400448e+00  ,-1.351334317276e+00  
  1.104308732744e-06  ,-1.349498322159e+00  ,-1.398002334257e+00  
  1.104619887616e-06  ,-1.446290295875e+00  ,-1.491284590694e+00  
  1.105213326361e-06  ,-1.630502368464e+00  ,-1.668944527741e+00  
  1.106400203850e-06  ,-1.997162556396e+00  ,-2.022910726372e+00  
  1.108773958828e-06  ,-2.721648021728e+00  ,-2.722620221249e+00  
  1.113007378723e-06  ,-3.973606241432e+00  ,-3.925330718111e+00  
  1.120636773255e-06  ,-6.038508038237e+00  ,-4.610714004743e+00  
  1.124964070465e-06  ,-7.063081773134e+00  ,-3.091592712732e+00  
  1.128887546208e-06  ,-7.879847833369e+00  ,-2.519248796804e+00  
  1.136734497692e-06  ,-9.144101281822e+00  ,-2.282548952545e+00  
  1.143872898962e-06  ,-9.815312089206e+00  ,-2.353130944649e+00  
  1.158149701502e-06  ,-9.674028623726e+00  ,-2.042490666411e+00  
  1.178918939974e-06  ,-6.149172537593e+00  ,-1.761113902740e+00  
  1.182044086006e-06  ,-5.346568849667e+00  ,-1.672149903841e+00  
  1.188294378068e-06  ,-3.595102113165e+00  ,-1.515660130668e+00  
  1.189856951084e-06  ,-3.132879210386e+00  ,-1.461835491725e+00  
  1.192982097115e-06  ,-2.186920972999e+00  ,-1.316242711368e+00  
  1.193763383623e-06  ,-1.946779248604e+00  ,-1.261230206904e+00  
  1.195325956639e-06  ,-1.463122842373e+00  ,-1.107087309307e+00  
  1.196979054209e-06  ,-9.476340396589e-01  ,-7.563719831907e-01  
  1.198317551013e-06  ,-5.283108650436e-01  ,-3.844606166178e-01  
  1.199051805731e-06  ,-2.978399624426e-01  ,-1.715655988470e-01  
  1.199400958564e-06  ,-1.881833087621e-01  ,-6.918525517536e-02  
  1.199820379686e-06  ,-5.642908653469e-02  ,5.451342381905e-02  
  1.200296099257e-06  ,9.302098341099e-02  ,1.955543755363e-01  
  1.200657312717e-06  ,2.064862044588e-01  ,3.030644574513e-01  
  1.200871796306e-06  ,2.738486476263e-01  ,3.670378006140e-01  
  1.200931133196e-06  ,2.924824035246e-01  ,3.847522883440e-01  
  1.201042496093e-06  ,3.274512604407e-01  ,4.180162601223e-01  
  1.201158911414e-06  ,3.640023281640e-01  ,4.528117926824e-01  
  1.201391742058e-06  ,4.370893683166e-01  ,5.224650007929e-01  
  1.201809859328e-06  ,5.682777658544e-01  ,6.477216092331e-01  
  1.202456942253e-06  ,7.711049525437e-01  ,8.418752097354e-01  
  1.203095736407e-06  ,9.710218302823e-01  ,1.033722058084e+00  
  1.203682190232e-06  ,1.154215919755e+00  ,1.209851430633e+00  
  1.203960469417e-06  ,1.241010400207e+00  ,1.293390758212e+00  
  1.204045801848e-06  ,1.267606646053e+00  ,1.319000505761e+00  
  1.204199376941e-06  ,1.315449552270e+00  ,1.365080667492e+00  
  1.204363499261e-06  ,1.366544337463e+00  ,1.414308324545e+00  
  1.204691743903e-06  ,1.468623562372e+00  ,1.512700960094e+00  
  1.205338268034e-06  ,1.669216019010e+00  ,1.706191682307e+00  
  1.206631316297e-06  ,2.068252667042e+00  ,2.091474668110e+00  
  1.209217412822e-06  ,2.855435694947e+00  ,2.851643073341e+00  
  1.213787598960e-06  ,4.197321495396e+00  ,4.137634333671e+00  
  1.220239056699e-06  ,5.938444883270e+00  ,4.774753203346e+00  
  1.223872704856e-06  ,6.816264250953e+00  ,3.357990232730e+00  
  1.227517528884e-06  ,7.607634923194e+00  ,2.629644891471e+00  
  1.234049452893e-06  ,8.770540787598e+00  ,2.311621822770e+00  
  1.240849597804e-06  ,9.589647311487e+00  ,2.404873864927e+00  
  1.253776355140e-06  ,9.929707990010e+00  ,2.111967597799e+00  
  1.270379228942e-06  ,8.019569723160e+00  ,1.870546151845e+00  
  1.295380397193e-06  ,1.446201760987e+00  ,1.214231012311e+00  
  1.298505543225e-06  ,4.693249778544e-01  ,3.400283276760e-01  
  1.299286829732e-06  ,2.240303031474e-01  ,1.092162860112e-01  
  1.300083576195e-06  ,-2.625620583671e-02  ,-1.277208106865e-01  
  1.300899321638e-06  ,-2.824926391260e-01  ,-3.717502045219e-01  
  1.301311292179e-06  ,-4.118380784816e-01  ,-4.953589981826e-01  
  1.301407346461e-06  ,-4.419868982820e-01  ,-5.242025563630e-01  
  1.301503493875e-06  ,-4.721609190330e-01  ,-5.530843855318e-01  
  1.301633576356e-06  ,-5.129779006221e-01  ,-5.921716416055e-01  
  1.301811575383e-06  ,-5.688160083878e-01  ,-6.456761782033e-01  
  1.302167573437e-06  ,-6.804371170279e-01  ,-7.527384372739e-01  
  1.302630720153e-06  ,-8.255245778539e-01  ,-8.920904311420e-01  
  1.303137825295e-06  ,-9.841811073550e-01  ,-1.044686070323e+00  
  1.303669331089e-06  ,-1.150203006413e+00  ,-1.204564542535e+00  
  1.303908308461e-06  ,-1.224748570755e+00  ,-1.276408412751e+00  
  1.303991999436e-06  ,-1.250838664139e+00  ,-1.301560644291e+00  
  1.304128764156e-06  ,-1.293455444489e+00  ,-1.342653429975e+00  
  1.304285808425e-06  ,-1.342361965365e+00  ,-1.389822387529e+00  
  1.304599896964e-06  ,-1.440075793121e+00  ,-1.484098126178e+00  
  1.304999946576e-06  ,-1.564328073270e+00  ,-1.604034993341e+00  
  1.305800045799e-06  ,-1.812071786400e+00  ,-1.843320377938e+00  
  1.307400244247e-06  ,-2.303968934990e+00  ,-2.318704570729e+00  
  1.310600641143e-06  ,-3.269070651324e+00  ,-3.250130060046e+00  
  1.316359194886e-06  ,-4.916114219274e+00  ,-4.803908618351e+00  
  1.320613476407e-06  ,-6.032672529106e+00  ,-4.547901275399e+00  
  1.324395391118e-06  ,-6.935490033379e+00  ,-3.127570985989e+00  
  1.328094231855e-06  ,-7.723968815809e+00  ,-2.610041697655e+00  
  1.334152298938e-06  ,-8.786016453736e+00  ,-2.371662457674e+00  
  1.340679007541e-06  ,-9.574314832129e+00  ,-2.311811611206e+00  
  1.353732424747e-06  ,-9.931332030111e+00  ,-2.142161378893e+00  
  1.378188210499e-06  ,-6.328569774995e+00  ,-1.753781468466e+00  
  1.381313356530e-06  ,-5.539141730924e+00  ,-1.684875907879e+00  
  1.387563648593e-06  ,-3.808352979668e+00  ,-1.537699902655e+00  
  1.389126221608e-06  ,-3.350043276206e+00  ,-1.486343623653e+00  
  1.392251367640e-06  ,-2.410333621497e+00  ,-1.353825068374e+00  
  1.393032654148e-06  ,-2.171419725222e+00  ,-1.308402455083e+00  
  1.394595227163e-06  ,-1.689812334081e+00  ,-1.188491750528e+00  
  1.394985870417e-06  ,-1.568728784778e+00  ,-1.147566046822e+00  
  1.395767156925e-06  ,-1.325871157604e+00  ,-1.034599022389e+00  
  1.396741320338e-06  ,-1.021957115462e+00  ,-8.166831404239e-01  
  1.397854250815e-06  ,-6.735965572448e-01  ,-5.154022373581e-01  
  1.398423288908e-06  ,-4.951358627510e-01  ,-3.533375837672e-01  
  1.398591322783e-06  ,-4.424045585591e-01  ,-3.048832912590e-01  
  1.398767296184e-06  ,-3.871685327150e-01  ,-2.539104324811e-01  
  1.399119242985e-06  ,-2.766626707276e-01  ,-1.513474367785e-01  
  1.399586208124e-06  ,-1.299928905210e-01  ,-1.424197493880e-02  
  1.400095082778e-06  ,2.987109141440e-02  ,1.361972538482e-01  
  1.400639533956e-06  ,2.009020006613e-01  ,2.980335820093e-01  
  1.400886194739e-06  ,2.783703242366e-01  ,3.715847371394e-01  
  1.400956265122e-06  ,3.003743610997e-01  ,3.925001401095e-01  
  1.401087698020e-06  ,3.416439145252e-01  ,4.317569648092e-01  
  1.401211331092e-06  ,3.804590409141e-01  ,4.687105917556e-01  
  1.401458597235e-06  ,4.580714896271e-01  ,5.426867515375e-01  
  1.401953129523e-06  ,6.132087811346e-01  ,6.908625450458e-01  
  1.402551690541e-06  ,8.007789184943e-01  ,8.704776311275e-01  
  1.403169343673e-06  ,9.940343418732e-01  ,1.055963704829e+00  
  1.403751979075e-06  ,1.175991407520e+00  ,1.230921608332e+00  
  1.404015776195e-06  ,1.258249337807e+00  ,1.310099153863e+00  
  1.404096882749e-06  ,1.283523095242e+00  ,1.334436260934e+00  
  1.404236138757e-06  ,1.326897378743e+00  ,1.376212894604e+00  
  1.404408200603e-06  ,1.380454582313e+00  ,1.427813123544e+00  
  1.404654721688e-06  ,1.457117814198e+00  ,1.501703087061e+00  
  1.405147763859e-06  ,1.610177491629e+00  ,1.649312190278e+00  
  1.406133848201e-06  ,1.915101295720e+00  ,1.943632387055e+00  
  1.408106016885e-06  ,2.519144830163e+00  ,2.527053660190e+00  
  1.412050354254e-06  ,3.695949286167e+00  ,3.660105529799e+00  
  1.418778973591e-06  ,5.563268331727e+00  ,5.136703724349e+00  
  1.422713625204e-06  ,6.545366464416e+00  ,3.647699552540e+00  
  1.426365527283e-06  ,7.367813047439e+00  ,2.736708184163e+00  
  1.432632210623e-06  ,8.548030112076e+00  ,2.315755448276e+00  
  1.439278873574e-06  ,9.438123291318e+00  ,2.435596990184e+00  
  1.450562032830e-06  ,9.998441230728e+00  ,2.163248054969e+00  
  1.465135368478e-06  ,8.890677755226e+00  ,1.984263748588e+00  
  1.490136536729e-06  ,3.049346757643e+00  ,1.489202010933e+00  
  1.493261682760e-06  ,2.101129423011e+00  ,1.327869189800e+00  
  1.494042969268e-06  ,1.860551356798e+00  ,1.261173861751e+00  
  1.495605542284e-06  ,1.376178334435e+00  ,1.072949295442e+00  
  1.497019662481e-06  ,9.349332179196e-01  ,7.469195797449e-01  
  1.498264281970e-06  ,5.450217100489e-01  ,4.000582472996e-01  
  1.498981679749e-06  ,3.198601751342e-01  ,1.921959191797e-01  
  1.499317421537e-06  ,2.144219144119e-01  ,9.382537699196e-02  
  1.499717657413e-06  ,8.869937648298e-02  ,-2.411251695448e-02  
  1.500202503946e-06  ,-6.361806166780e-02  ,-1.677522184927e-01  
  1.500653031241e-06  ,-2.051414239716e-01  ,-3.018194196632e-01  
  1.500897969078e-06  ,-2.820678892669e-01  ,-3.748945337579e-01  
  1.500961578410e-06  ,-3.020428224999e-01  ,-3.938911771469e-01  
  1.501086561900e-06  ,-3.412871999165e-01  ,-4.312382881503e-01  
  1.501206679229e-06  ,-3.789986690369e-01  ,-4.671550844934e-01  
  1.501446913887e-06  ,-4.544048794978e-01  ,-5.390515523720e-01  
  1.501897720579e-06  ,-5.958333864938e-01  ,-6.741530717991e-01  
  1.502536887262e-06  ,-7.961431796033e-01  ,-8.659866052168e-01  
  1.503164319281e-06  ,-9.924636879192e-01  ,-1.054444449082e+00  
  1.503758130554e-06  ,-1.177910519951e+00  ,-1.232785248205e+00  
  1.504024023149e-06  ,-1.260819561787e+00  ,-1.312601327043e+00  
  1.504105828196e-06  ,-1.286310094433e+00  ,-1.337150691162e+00  
  1.504245875828e-06  ,-1.329929258824e+00  ,-1.379169048767e+00  
  1.504418054089e-06  ,-1.383520442779e+00  ,-1.430808902443e+00  
  1.504664249212e-06  ,-1.460078962786e+00  ,-1.504607118992e+00  
  1.505156639457e-06  ,-1.612929396346e+00  ,-1.652030638306e+00  
  1.506141419947e-06  ,-1.917435946719e+00  ,-1.945973846099e+00  
  1.508110980928e-06  ,-2.520654004800e+00  ,-2.528633505545e+00  
  1.512050102890e-06  ,-3.695875909245e+00  ,-3.660225505900e+00  
  1.518792878330e-06  ,-5.566897701177e+00  ,-5.140937473317e+00  
  1.522730510175e-06  ,-6.549375959029e+00  ,-3.648013387844e+00  
  1.526387255132e-06  ,-7.372426605094e+00  ,-2.735227830328e+00  
  1.532648723066e-06  ,-8.550721047543e+00  ,-2.315265708478e+00  
  1.539295386016e-06  ,-9.439836408332e+00  ,-2.435374942875e+00  
  1.550572584808e-06  ,-9.998382152132e+00  ,-2.163053181634e+00  
  1.565148900688e-06  ,-8.888730824602e+00  ,-1.984065217535e+00  
  1.590150068939e-06  ,-3.045297687064e+00  ,-1.488803954252e+00  
  1.593275214970e-06  ,-2.096972864639e+00  ,-1.327083709160e+00  
  1.594056501478e-06  ,-1.856374149709e+00  ,-1.260163031148e+00  
  1.595619074494e-06  ,-1.371967390122e+00  ,-1.070654527177e+00  
  1.597033194691e-06  ,-9.307004853193e-01  ,-7.433190850045e-01  
  1.598258442670e-06  ,-5.468534442203e-01  ,-4.017363706210e-01  
  1.598985991865e-06  ,-3.185061739770e-01  ,-1.909383263711e-01  
  1.599326436833e-06  ,-2.115903183507e-01  ,-9.117809773756e-02  
  1.599731748417e-06  ,-8.427272271559e-02  ,2.827488131898e-02  
  1.600216501817e-06  ,6.801552738797e-02  ,1.719088321584e-01  
  1.600638530642e-06  ,2.005868638485e-01  ,2.974958849143e-01  
  1.600874574348e-06  ,2.747210669384e-01  ,3.679093471890e-01  
  1.600939021870e-06  ,2.949596345071e-01  ,3.871537297739e-01  
  1.601063516416e-06  ,3.340513764529e-01  ,4.243499144241e-01  
  1.601179826964e-06  ,3.705687081667e-01  ,4.591238899468e-01  
  1.601412448060e-06  ,4.435880408932e-01  ,5.287319601771e-01  
  1.601877690252e-06  ,5.895517361241e-01  ,6.681460184061e-01  
  1.602542933967e-06  ,7.980367637012e-01  ,8.678027156765e-01  
  1.603186477866e-06  ,9.993904030083e-01  ,1.061100628698e+00  
  1.603702616837e-06  ,1.160590000049e+00  ,1.216118218146e+00  
  1.603988346603e-06  ,1.249700097276e+00  ,1.301896692661e+00  
  1.604069127195e-06  ,1.274875067229e+00  ,1.326140407689e+00  
  1.604214623064e-06  ,1.320197490423e+00  ,1.369796638420e+00  
  1.604376975872e-06  ,1.370738298585e+00  ,1.418493905294e+00  
  1.604664940812e-06  ,1.460293906616e+00  ,1.504817514038e+00  
  1.605225503869e-06  ,1.634276730025e+00  ,1.672630459525e+00  
  1.606346629985e-06  ,1.980668084883e+00  ,2.007043201454e+00  
  1.608588882215e-06  ,2.665653679710e+00  ,2.668656055764e+00  
  1.612826772459e-06  ,3.921475183885e+00  ,3.875810215799e+00  
  1.620205082424e-06  ,5.929853953552e+00  ,4.752379423846e+00  
  1.623980291612e-06  ,6.840956285303e+00  ,3.315015762043e+00  
  1.627737619407e-06  ,7.652328848646e+00  ,2.604951094926e+00  
  1.634392477997e-06  ,8.821799694233e+00  ,2.309313629562e+00  
  1.641348340042e-06  ,9.632892419111e+00  ,2.397013699315e+00  
  1.654707231052e-06  ,9.890853662165e+00  ,2.096381212959e+00  
  1.672073044308e-06  ,7.690484837060e+00  ,1.875183755386e+00  
  1.675198190339e-06  ,7.026904210176e+00  ,1.799509647176e+00  
  1.681448482402e-06  ,5.503748300556e+00  ,1.682130075895e+00  
  1.693949066527e-06  ,1.889528537064e+00  ,1.297388584588e+00  
  1.695492268033e-06  ,1.411417113530e+00  ,1.111969376103e+00  
  1.695830850355e-06  ,1.306035295334e+00  ,1.044956585707e+00  
  1.696508014999e-06  ,1.094840296080e+00  ,8.851241538776e-01  
  1.697259312920e-06  ,8.599487928086e-01  ,6.853266747754e-01  
  1.697670398705e-06  ,7.312126605686e-01  ,5.708403994291e-01  
  1.698062811472e-06  ,6.082101180294e-01  ,4.594668535463e-01  
  1.698160297662e-06  ,5.776378220512e-01  ,4.315520674167e-01  
  1.698355270043e-06  ,5.164772628191e-01  ,3.754672983443e-01  
  1.698668520391e-06  ,4.181746827440e-01  ,2.847379473446e-01  
  1.699187825859e-06  ,2.551243474252e-01  ,1.329794854572e-01  
  1.699729203671e-06  ,8.507214952844e-02  ,-2.660006660906e-02  
  1.700278404593e-06  ,-8.746226742562e-02  ,-1.895302872982e-01  
  1.700705322862e-06  ,-2.215655798184e-01  ,-3.167278449914e-01  
  1.700949329376e-06  ,-2.981964084709e-01  ,-3.895924911261e-01  
  1.701013392728e-06  ,-3.183129362662e-01  ,-4.087409974337e-01  
  1.701121321373e-06  ,-3.522006432797e-01  ,-4.410164647331e-01  
  1.701253150083e-06  ,-3.935870204999e-01  ,-4.804628911349e-01  
  1.701495945878e-06  ,-4.697922772925e-01  ,-5.531747136405e-01  
  1.701879371382e-06  ,-5.900789593519e-01  ,-6.681358567694e-01  
  1.702485755511e-06  ,-7.801296355999e-01  ,-8.501783772846e-01  
  1.703077797271e-06  ,-9.654125629459e-01  ,-1.028047561195e+00  
  1.703636777081e-06  ,-1.140043139506e+00  ,-1.195976727199e+00  
  1.703912215732e-06  ,-1.225966825696e+00  ,-1.278688950343e+00  
  1.704001878813e-06  ,-1.253917925673e+00  ,-1.305606603982e+00  
  1.704160599463e-06  ,-1.303372136836e+00  ,-1.353244768530e+00  
  1.704318714753e-06  ,-1.352605509978e+00  ,-1.400684783531e+00  
  1.704634945333e-06  ,-1.450970918097e+00  ,-1.495507078491e+00  
  1.705222889274e-06  ,-1.633466368721e+00  ,-1.671550057714e+00  
  1.706398777157e-06  ,-1.996723375267e+00  ,-2.022290770788e+00  
  1.708750552922e-06  ,-2.714571682224e+00  ,-2.715689573157e+00  
  1.712980992585e-06  ,-3.965997959577e+00  ,-3.918031044671e+00  
  1.720599956304e-06  ,-6.029284465118e+00  ,-4.622762319197e+00  
  1.724501080304e-06  ,-6.959371685099e+00  ,-3.198621499735e+00  
  1.728471494704e-06  ,-7.798701770053e+00  ,-2.545953656818e+00  
  1.735368497163e-06  ,-8.962024039795e+00  ,-2.302691946673e+00  
  1.742621637374e-06  ,-9.732548952418e+00  ,-2.375374888787e+00  
  1.757110036403e-06  ,-9.751568338812e+00  ,-2.057436717038e+00  
  1.776368297130e-06  ,-6.760670177017e+00  ,-1.805398191209e+00  
  1.779493443161e-06  ,-6.005849389610e+00  ,-1.722351087681e+00  
  1.785743735224e-06  ,-4.330499918905e+00  ,-1.586016446274e+00  
  1.787306308240e-06  ,-3.882981254288e+00  ,-1.543428139588e+00  
  1.790431454271e-06  ,-2.960978729153e+00  ,-1.439242396842e+00  
  1.795769795269e-06  ,-1.325049610636e+00  ,-1.058208412099e+00  
  1.796511407435e-06  ,-1.093780931573e+00  ,-8.846569948379e-01  
  1.797994631767e-06  ,-6.295883385218e-01  ,-4.789869983850e-01  
  1.798653449357e-06  ,-4.229051991977e-01  ,-2.892167564021e-01  
  1.798908678308e-06  ,-3.427816578148e-01  ,-2.148398076550e-01  
  1.799210054293e-06  ,-2.481432900956e-01  ,-1.265414055071e-01  
  1.799641396344e-06  ,-1.126562781290e-01  ,5.513117209625e-04  
  1.800088244915e-06  ,2.772292215992e-02  ,1.329275493562e-01  
  1.800644244492e-06  ,2.023815584494e-01  ,2.984203640668e-01  
  1.800890393049e-06  ,2.796887483720e-01  ,3.719023215517e-01  
  1.800960929092e-06  ,3.018389262113e-01  ,3.929789702958e-01  
  1.801092455123e-06  ,3.431375261142e-01  ,4.323031149727e-01  
  1.801217182498e-06  ,3.822959771520e-01  ,4.696192643756e-01  
  1.801466637250e-06  ,4.605946687102e-01  ,5.443158698129e-01  
  1.801965546753e-06  ,6.171023812167e-01  ,6.939168997089e-01  
  1.802557774778e-06  ,8.026841850434e-01  ,8.717381987947e-01  
  1.803165090229e-06  ,9.927046925745e-01  ,1.054204390986e+00  
  1.803744838532e-06  ,1.173763675814e+00  ,1.228361380002e+00  
  1.804005655419e-06  ,1.255095008328e+00  ,1.306670856579e+00  
  1.804087879561e-06  ,1.280718003886e+00  ,1.331351265648e+00  
  1.804226902738e-06  ,1.324021398823e+00  ,1.373071065060e+00  
  1.804399313830e-06  ,1.377689396012e+00  ,1.424791557013e+00  
  1.804658174939e-06  ,1.458191097675e+00  ,1.502400969459e+00  
  1.805175897159e-06  ,1.618899871258e+00  ,1.657426148690e+00  
  1.806211341597e-06  ,1.938990249632e+00  ,1.966457313105e+00  
  1.808282230474e-06  ,2.572679727160e+00  ,2.578588323628e+00  
  1.812348757364e-06  ,3.782893824875e+00  ,3.743191307349e+00  
  1.819318775512e-06  ,5.703379575244e+00  ,5.006979938273e+00  
  1.823356990196e-06  ,6.696827284201e+00  ,3.458286692615e+00  
  1.827046890236e-06  ,7.510844340551e+00  ,2.663423279987e+00  
  1.833547521807e-06  ,8.693702369882e+00  ,2.311820708857e+00  
  1.840364803053e-06  ,9.545355089201e+00  ,2.415777313720e+00  
  1.852719355799e-06  ,9.963529840589e+00  ,2.127934971578e+00  
  1.868705321528e-06  ,8.322486000346e+00  ,1.928854774857e+00  
  1.893706489779e-06  ,1.964307883774e+00  ,1.358602859768e+00  
  1.896151025273e-06  ,1.206246542264e+00  ,9.886529274655e-01  
  1.896762159146e-06  ,1.015444468731e+00  ,8.283863838656e-01  
  1.897984426893e-06  ,6.327879016081e-01  ,4.854617968414e-01  
  1.898491532035e-06  ,4.737218267510e-01  ,3.388264981191e-01  
  1.898671603255e-06  ,4.172070176866e-01  ,2.863297273833e-01  
  1.898874305613e-06  ,3.535736104623e-01  ,2.270178322650e-01  
  1.899279710330e-06  ,2.262663623708e-01  ,1.078035114165e-01  
  1.899776477791e-06  ,7.022099574342e-02  ,-3.914429910854e-02  
  1.900230218150e-06  ,-7.232453424470e-02  ,-1.740238837032e-01  
  1.900639860384e-06  ,-2.010045305109e-01  ,-2.962120762814e-01  
  1.900869990192e-06  ,-2.732814525781e-01  ,-3.649957408713e-01  
  1.900934647262e-06  ,-2.935859059351e-01  ,-3.843373714483e-01  
  1.901045067195e-06  ,-3.282585617997e-01  ,-4.173837891906e-01  
  1.901160330005e-06  ,-3.644476958218e-01  ,-4.518981482528e-01  
  1.901390855625e-06  ,-4.368111532043e-01  ,-5.209783091240e-01  
  1.901851906866e-06  ,-5.814655430167e-01  ,-6.593073828705e-01  
  1.902514915407e-06  ,-7.892622393867e-01  ,-8.584918258614e-01  
  1.903160135686e-06  ,-9.911558534055e-01  ,-1.052450238810e+00  
  1.903764936566e-06  ,-1.180033779723e+00  ,-1.234210714286e+00  
  1.904041166842e-06  ,-1.266162248600e+00  ,-1.317175378050e+00  
  1.904124985874e-06  ,-1.292278424059e+00  ,-1.342341638374e+00  
  1.904263892636e-06  ,-1.335538913410e+00  ,-1.384037446653e+00  
  1.904437677428e-06  ,-1.389625746608e+00  ,-1.436182229724e+00  
  1.904671765357e-06  ,-1.462414884180e+00  ,-1.506380791070e+00  
  1.905139941216e-06  ,-1.607751954343e+00  ,-1.646614576285e+00  
  1.906076292932e-06  ,-1.897351331035e+00  ,-1.926254233210e+00  
  1.907948996365e-06  ,-2.471375821635e+00  ,-2.480849390462e+00  
  1.911694403231e-06  ,-3.591813072473e+00  ,-3.560466922901e+00  
  1.918205465615e-06  ,-5.412656405173e+00  ,-5.179595974377e+00  
  1.922150548041e-06  ,-6.410610710554e+00  ,-3.871433323956e+00  
  1.925855721772e-06  ,-7.258583481733e+00  ,-2.814153592228e+00  
  1.931735719979e-06  ,-8.398501191939e+00  ,-2.327569822967e+00  
  1.938086594880e-06  ,-9.307745115896e+00  ,-2.452853167446e+00  
  1.948420550168e-06  ,-9.987691863258e+00  ,-2.200979929307e+00  
  1.961603607476e-06  ,-9.342885435164e+00  ,-2.037053577403e+00  
  1.986604775727e-06  ,-4.085121354754e+00  ,-1.579283536979e+00  
  1.989729921758e-06  ,-3.170752589593e+00  ,-1.467045160008e+00  
  1.995980213821e-06  ,-1.259499089482e+00  ,-1.018554732596e+00  
  1.997069302440e-06  ,-9.194055412299e-01  ,-7.409397711547e-01  
  1.998396064579e-06  ,-5.036779652092e-01  ,-3.656205114806e-01  
  1.999807577074e-06  ,-6.045107701710e-02  ,4.880769421926e-02  
  2.000289909035e-06  ,9.107635028410e-02  ,1.921194899110e-01  
  2.000729726121e-06  ,2.292301418983e-01  ,3.232945439286e-01  
  2.001009541988e-06  ,3.171038014949e-01  ,4.069384092563e-01  
  2.001084315550e-06  ,3.405818985016e-01  ,4.293117142262e-01  
  2.001188204583e-06  ,3.731987942569e-01  ,4.604109489568e-01  
  2.001353258226e-06  ,4.250105537843e-01  ,5.098494880086e-01  
  2.001556402963e-06  ,4.887636007441e-01  ,5.707421190847e-01  
  2.001929490786e-06  ,6.057962602191e-01  ,6.826811080271e-01  
  2.002493779134e-06  ,7.826426242031e-01  ,8.521684081174e-01  
  2.003058067482e-06  ,9.592430341059e-01  ,1.021758055340e+00  
  2.003593671095e-06  ,1.126588244709e+00  ,1.182714023627e+00  
  2.003869761672e-06  ,1.212729012060e+00  ,1.265647726149e+00  
  2.003967189655e-06  ,1.243105276748e+00  ,1.294905223108e+00  
  2.004115945153e-06  ,1.289461961283e+00  ,1.339565879598e+00  
  2.004272547044e-06  ,1.338233369734e+00  ,1.386566583318e+00  
  2.004585750826e-06  ,1.435677833860e+00  ,1.480511775365e+00  
  2.005212158389e-06  ,1.630140348585e+00  ,1.668122568962e+00  
  2.006464973517e-06  ,2.017096463761e+00  ,2.041801580522e+00  
  2.008841336198e-06  ,2.742010085435e+00  ,2.742035594334e+00  
  2.013132870622e-06  ,4.009753601248e+00  ,3.959600096649e+00  
  2.020842731424e-06  ,6.089956398200e+00  ,4.541098370601e+00  
  2.025263905950e-06  ,7.129449277520e+00  ,3.030975269876e+00  
  2.029288709588e-06  ,7.956815503280e+00  ,2.492635213254e+00  
  2.037338316865e-06  ,9.219238106111e+00  ,2.279261450239e+00  
  2.044622749515e-06  ,9.857650081804e+00  ,2.339693250432e+00  
  2.059191614814e-06  ,9.585968379222e+00  ,2.026552964253e+00  
  2.081340700813e-06  ,5.531987496461e+00  ,1.717910784823e+00  
  2.084465846844e-06  ,4.688777837505e+00  ,1.619702699935e+00  
  2.090716138907e-06  ,2.875435669227e+00  ,1.430518954627e+00  
  2.092278711922e-06  ,2.401995547369e+00  ,1.353152204461e+00  
  2.095403857954e-06  ,1.438908436870e+00  ,1.099689035776e+00  
  2.096061744221e-06  ,1.234085426056e+00  ,9.793548119840e-01  
  2.097211555071e-06  ,8.748958105423e-01  ,6.938396605956e-01  
  2.097812630661e-06  ,6.866416374193e-01  ,5.276623861634e-01  
  2.098392006435e-06  ,5.049512467721e-01  ,3.627014031189e-01  
  2.098579155706e-06  ,4.462231838123e-01  ,3.087387035001e-01  
  2.098759320058e-06  ,3.896724156199e-01  ,2.565343421901e-01  
  2.099119648762e-06  ,2.765352408204e-01  ,1.514840902462e-01  
  2.099592015572e-06  ,1.281685788711e-01  ,1.273327326804e-02  
  2.100103311665e-06  ,-3.245625990843e-02  ,-1.384768573087e-01  
  2.100654095836e-06  ,-2.054758058069e-01  ,-3.022458586827e-01  
  2.100899592467e-06  ,-2.825776884756e-01  ,-3.754692853472e-01  
  2.100967893336e-06  ,-3.040258038509e-01  ,-3.958612747398e-01  
  2.101095833775e-06  ,-3.441983339518e-01  ,-4.340828510995e-01  
  2.101222703192e-06  ,-3.840290806898e-01  ,-4.720111022338e-01  
  2.101476442028e-06  ,-4.636716395185e-01  ,-5.479386101600e-01  
  2.101983919699e-06  ,-6.228633082819e-01  ,-7.000223373381e-01  
  2.102583598305e-06  ,-8.107704426193e-01  ,-8.799992767174e-01  
  2.103195197839e-06  ,-1.002116110930e+00  ,-1.063682701338e+00  
  2.103673897643e-06  ,-1.151628098410e+00  ,-1.207443310120e+00  
  2.103941466618e-06  ,-1.235086423895e+00  ,-1.287767480454e+00  
  2.104021804832e-06  ,-1.260128215232e+00  ,-1.311878536907e+00  
  2.104166485794e-06  ,-1.305205585448e+00  ,-1.355291010992e+00  
  2.104325136594e-06  ,-1.354604422981e+00  ,-1.402879783402e+00  
  2.104642438196e-06  ,-1.453299919214e+00  ,-1.498000538337e+00  
  2.105165003292e-06  ,-1.615522513082e+00  ,-1.654451436091e+00  
  2.106210133485e-06  ,-1.938617911861e+00  ,-1.966331995334e+00  
  2.108300393872e-06  ,-2.578193437654e+00  ,-2.584082683953e+00  
  2.112386292271e-06  ,-3.793806841479e+00  ,-3.753739621292e+00  
  2.119339919142e-06  ,-5.708834506600e+00  ,-5.002597265312e+00  
  2.123366212897e-06  ,-6.698978747217e+00  ,-3.455943604605e+00  
  2.127048662357e-06  ,-7.511211884234e+00  ,-2.663265281010e+00  
  2.133544823579e-06  ,-8.693283451331e+00  ,-2.312040540328e+00  
  2.140353909187e-06  ,-9.544334319518e+00  ,-2.415814672087e+00  
  2.152711442165e-06  ,-9.963741668163e+00  ,-2.128140020175e+00  
  2.168688467197e-06  ,-8.325420364502e+00  ,-1.929068151670e+00  
  2.193689635448e-06  ,-1.969499394652e+00  ,-1.359469268039e+00  
  2.196134170942e-06  ,-1.211502654451e+00  ,-9.926428294609e-01  
  2.201023241930e-06  ,3.214055710317e-01  ,4.112491519365e-01  
  2.201328482904e-06  ,4.172340616138e-01  ,5.027605818497e-01  
  2.201674189843e-06  ,5.257197843535e-01  ,6.064486084293e-01  
  2.202005647548e-06  ,6.296759137518e-01  ,7.059246221289e-01  
  2.202475592919e-06  ,7.769466536429e-01  ,8.470668042140e-01  
  2.202997971751e-06  ,9.404487658817e-01  ,1.004047214533e+00  
  2.203478813596e-06  ,1.090727158545e+00  ,1.148546756978e+00  
  2.203757046215e-06  ,1.177572235667e+00  ,1.232132613851e+00  
  2.204040913336e-06  ,1.266083248270e+00  ,1.317375816424e+00  
  2.204100517981e-06  ,1.284655682253e+00  ,1.335268819733e+00  
  2.204219727270e-06  ,1.321786971615e+00  ,1.371048018809e+00  
  2.204393605195e-06  ,1.375913054682e+00  ,1.423217141702e+00  
  2.204575841740e-06  ,1.432596982678e+00  ,1.477868261436e+00  
  2.204934307799e-06  ,1.543957605496e+00  ,1.585279829777e+00  
  2.205651239917e-06  ,1.766077334269e+00  ,1.799667012820e+00  
  2.207085104153e-06  ,2.207516948525e+00  ,2.226079878295e+00  
  2.209952832624e-06  ,3.076073736066e+00  ,3.064636078275e+00  
  2.215286703274e-06  ,4.619973153319e+00  ,4.534362847328e+00  
  2.219698937103e-06  ,5.801072556825e+00  ,4.890847482203e+00  
  2.222725735471e-06  ,6.548242347539e+00  ,3.599892170693e+00  
  2.225731299683e-06  ,7.231641401822e+00  ,2.810424791531e+00  
  2.231742428109e-06  ,8.399644952399e+00  ,2.336047662572e+00  
  2.237610505387e-06  ,9.252024974035e+00  ,2.452070093473e+00  
  2.248665676877e-06  ,9.991215274856e+00  ,2.265984747650e+00  
  2.261616276070e-06  ,9.341465770074e+00  ,1.995511833485e+00  
  2.286617444322e-06  ,4.081488314599e+00  ,1.609097364553e+00  
  2.289742590353e-06  ,3.166977746399e+00  ,1.472463473275e+00  
  2.295992882416e-06  ,1.255550727399e+00  ,1.014425059175e+00  
  2.297038385138e-06  ,9.290769235785e-01  ,7.476785507077e-01  
  2.298472435638e-06  ,4.797143157735e-01  ,3.423758302104e-01  
  2.299382337794e-06  ,1.940321278855e-01  ,7.623308188785e-02  
  2.299816753209e-06  ,5.756835936881e-02  ,-5.214297468870e-02  
  2.300357944757e-06  ,-1.124492918441e-01  ,-2.129047863627e-01  
  2.300709099934e-06  ,-2.227518890729e-01  ,-3.176003572526e-01  
  2.300939416006e-06  ,-2.950834019958e-01  ,-3.863980199811e-01  
  2.300999579445e-06  ,-3.139755345496e-01  ,-4.043847922987e-01  
  2.301103852648e-06  ,-3.467160337283e-01  ,-4.355728842125e-01  
  2.301241432276e-06  ,-3.899085885546e-01  ,-4.767476031694e-01  
  2.301459105644e-06  ,-4.582310433050e-01  ,-5.419443800640e-01  
  2.301853939850e-06  ,-5.821031419938e-01  ,-6.603380042119e-01  
  2.302472244907e-06  ,-7.758980199132e-01  ,-8.459828329972e-01  
  2.303075555671e-06  ,-9.647116304680e-01  ,-1.027260378764e+00  
  2.303641892929e-06  ,-1.141639837358e+00  ,-1.197417601337e+00  
  2.303921988193e-06  ,-1.229013717872e+00  ,-1.281534952024e+00  
  2.304011057556e-06  ,-1.256778701303e+00  ,-1.308276219251e+00  
  2.304170127451e-06  ,-1.306339850611e+00  ,-1.356022273340e+00  
  2.304328871384e-06  ,-1.355766917704e+00  ,-1.403653583253e+00  
  2.304646359250e-06  ,-1.454518665620e+00  ,-1.498857047270e+00  
  2.305232906207e-06  ,-1.636570933125e+00  ,-1.674486382061e+00  
  2.306406000122e-06  ,-1.998946790600e+00  ,-2.024396355897e+00  
  2.308752187952e-06  ,-2.715066050780e+00  ,-2.716119773948e+00  
  2.312993058428e-06  ,-3.969477410170e+00  ,-3.921331702521e+00  
  2.320610532030e-06  ,-6.031934777154e+00  ,-4.619316527634e+00  
  2.324939319357e-06  ,-7.057575121843e+00  ,-3.096357783638e+00  
  2.328850874171e-06  ,-7.872749272720e+00  ,-2.521757980350e+00  
  2.336673983797e-06  ,-9.136389318640e+00  ,-2.283089571534e+00  
  2.343801209196e-06  ,-9.810978692978e+00  ,-2.354362013078e+00  
  2.358055659994e-06  ,-9.681468188647e+00  ,-2.043954148020e+00  
  2.378711649641e-06  ,-6.200396590515e+00  ,-1.764711972223e+00  
  2.381836795673e-06  ,-5.401487839649e+00  ,-1.676390339221e+00  
  2.388087087736e-06  ,-3.655793636364e+00  ,-1.521943265295e+00  
  2.389649660751e-06  ,-3.194656152727e+00  ,-1.469309285492e+00  
  2.392774806783e-06  ,-2.250419977199e+00  ,-1.328427169242e+00  
  2.393556093290e-06  ,-2.010613727217e+00  ,-1.275915382836e+00  
  2.395118666306e-06  ,-1.527512725592e+00  ,-1.133791083976e+00  
  2.395509309560e-06  ,-1.406116752260e+00  ,-1.079406028460e+00  
  2.396290596068e-06  ,-1.162707793581e+00  ,-9.265300969252e-01  
  2.397108017892e-06  ,-9.072935618604e-01  ,-7.209498396912e-01  
  2.397681433201e-06  ,-7.277553073657e-01  ,-5.639550559437e-01  
  2.398057594389e-06  ,-6.098460704623e-01  ,-4.579785010972e-01  
  2.398179294966e-06  ,-5.716795056128e-01  ,-4.233238311811e-01  
  2.398354406893e-06  ,-5.167480672164e-01  ,-3.731992590748e-01  
  2.398663140327e-06  ,-4.198633953242e-01  ,-2.841677149997e-01  
  2.399265519768e-06  ,-2.307232949537e-01  ,-1.085543006731e-01  
  2.399831111968e-06  ,-5.305749125837e-02  ,5.801799967070e-02  
  2.400393630803e-06  ,1.236596119509e-01  ,2.248262721054e-01  
  2.400797359139e-06  ,2.504715645447e-01  ,3.450670826277e-01  
  2.401078385726e-06  ,3.387200642254e-01  ,4.289602054645e-01  
  2.401153683156e-06  ,3.623609058603e-01  ,4.514624003468e-01  
  2.401248654775e-06  ,3.921758682641e-01  ,4.798577648475e-01  
  2.401417922653e-06  ,4.453062356388e-01  ,5.304997771962e-01  
  2.401591800578e-06  ,4.998704942497e-01  ,5.825606065823e-01  
  2.401903607376e-06  ,5.976794823207e-01  ,6.760037185750e-01  
  2.402527220972e-06  ,7.931160277747e-01  ,8.631253391949e-01  
  2.403157260694e-06  ,9.902570911915e-01  ,1.052332029244e+00  
  2.403728254564e-06  ,1.168589523714e+00  ,1.223797420039e+00  
  2.403976126067e-06  ,1.245890908127e+00  ,1.298199136258e+00  
  2.404059770476e-06  ,1.271959498178e+00  ,1.323299764295e+00  
  2.404201284941e-06  ,1.316043757159e+00  ,1.365757391361e+00  
  2.404373742599e-06  ,1.369732116928e+00  ,1.417480897106e+00  
  2.404679728631e-06  ,1.464889678233e+00  ,1.509195913259e+00  
  2.405291700695e-06  ,1.654789926978e+00  ,1.692355734688e+00  
  2.406515644822e-06  ,2.032685555130e+00  ,2.057190313534e+00  
  2.408963533077e-06  ,2.778907702586e+00  ,2.777849931215e+00  
  2.413398863707e-06  ,4.086164934803e+00  ,4.032311407973e+00  
  2.421321811114e-06  ,6.208640572827e+00  ,4.380738371952e+00  
  2.425649108324e-06  ,7.213783241093e+00  ,2.965509712895e+00  
  2.429966719780e-06  ,8.084020058128e+00  ,2.452140622596e+00  
  2.438300939236e-06  ,9.332152354193e+00  ,2.271730649850e+00  
  2.445885630284e-06  ,9.916579721101e+00  ,2.318299421351e+00  
  2.461055012379e-06  ,9.402939352462e+00  ,1.997234099313e+00  
  2.485731335316e-06  ,4.334010918193e+00  ,1.633272920698e+00  
  2.488147931132e-06  ,3.637995555395e+00  ,1.544926621654e+00  
  2.492981122766e-06  ,2.187219663447e+00  ,1.328284509765e+00  
  2.494189420674e-06  ,1.815326108009e+00  ,1.234448530893e+00  
  2.496606016491e-06  ,1.064232159733e+00  ,8.534737298158e-01  
  2.498243654106e-06  ,5.514923974795e-01  ,4.059960586386e-01  
  2.499091716442e-06  ,2.853069743735e-01  ,1.600882525017e-01  
  2.499432953034e-06  ,1.781336362707e-01  ,5.992118163354e-02  
  2.499868579168e-06  ,4.128695477599e-02  ,-6.866531049655e-02  
  2.500351749320e-06  ,-1.105030587993e-01  ,-2.120263965651e-01  
  2.500696338672e-06  ,-2.187437975410e-01  ,-3.146444507039e-01  
  2.500917644199e-06  ,-2.882464970477e-01  ,-3.806824847221e-01  
  2.500975153368e-06  ,-3.063055479044e-01  ,-3.978586200724e-01  
  2.501080567442e-06  ,-3.394050765071e-01  ,-4.293576744431e-01  
  2.501211255282e-06  ,-3.804352418495e-01  ,-4.684338121033e-01  
  2.501437054440e-06  ,-4.513106208044e-01  ,-5.360073700133e-01  
  2.501832680270e-06  ,-5.754354438038e-01  ,-6.545538323611e-01  
  2.502471101895e-06  ,-7.755400140593e-01  ,-8.461344364431e-01  
  2.503085216001e-06  ,-9.677323127082e-01  ,-1.030582519494e+00  
  2.503662263468e-06  ,-1.147997355740e+00  ,-1.203897955089e+00  
  2.503941054881e-06  ,-1.234958062953e+00  ,-1.287597161632e+00  
  2.504027993843e-06  ,-1.262057027513e+00  ,-1.313690951621e+00  
  2.504183990374e-06  ,-1.310657571347e+00  ,-1.360500980220e+00  
  2.504345295444e-06  ,-1.360878866674e+00  ,-1.408887217278e+00  
  2.504667905584e-06  ,-1.461215326476e+00  ,-1.505599701336e+00  
  2.505305209622e-06  ,-1.658975222370e+00  ,-1.696356243296e+00  
  2.506579817697e-06  ,-2.052421023823e+00  ,-2.076238415894e+00  
  2.509129033849e-06  ,-2.828815628144e+00  ,-2.826029041839e+00  
  2.513613538310e-06  ,-4.147626284542e+00  ,-4.090681135900e+00  
  2.520541833207e-06  ,-6.014706752368e+00  ,-4.702783445979e+00  
  2.524349079892e-06  ,-6.925001387036e+00  ,-3.266808324644e+00  
  2.528216676280e-06  ,-7.748343578978e+00  ,-2.574600043563e+00  
  2.534982548520e-06  ,-8.907574879945e+00  ,-2.302869630698e+00  
  2.542083696887e-06  ,-9.692337210519e+00  ,-2.385111262751e+00  
  2.555917934939e-06  ,-9.827670827549e+00  ,-2.076497272318e+00  
  2.574106292292e-06  ,-7.266786792098e+00  ,-1.842649823843e+00  
  2.577231438324e-06  ,-6.558404886404e+00  ,-1.763852225550e+00  
  2.583481730387e-06  ,-4.959571437886e+00  ,-1.639144597197e+00  
  2.595982314512e-06  ,-1.258844390593e+00  ,-1.050322059275e+00  
  2.597144418821e-06  ,-8.959044474539e-01  ,-7.333520750393e-01  
  2.598861963913e-06  ,-3.574484190277e-01  ,-2.353775591515e-01  
  2.599602272227e-06  ,-1.249466135833e-01  ,-1.609167776313e-02  
  2.600562093273e-06  ,1.765776323088e-01  ,2.703376023933e-01  
  2.601049826905e-06  ,3.297530593677e-01  ,4.165045310883e-01  
  2.601164414506e-06  ,3.657300243220e-01  ,4.508860628970e-01  
  2.601295800839e-06  ,4.069754108217e-01  ,4.903277279317e-01  
  2.601454800885e-06  ,4.568800797102e-01  ,5.380806207493e-01  
  2.601772800978e-06  ,5.566539733158e-01  ,6.336474326406e-01  
  2.602408801164e-06  ,7.560251382687e-01  ,8.249511721512e-01  
  2.603028316941e-06  ,9.499393081568e-01  ,1.011381356439e+00  
  2.603594374802e-06  ,1.126807913182e+00  ,1.181674826899e+00  
  2.603899056982e-06  ,1.221863961980e+00  ,1.273280896507e+00  
  2.603997532703e-06  ,1.252563319746e+00  ,1.302877398572e+00  
  2.604147475637e-06  ,1.299284224979e+00  ,1.347929750668e+00  
  2.604307872668e-06  ,1.349230592378e+00  ,1.396104492976e+00  
  2.604628666729e-06  ,1.449019282121e+00  ,1.492387971526e+00  
  2.605270254850e-06  ,1.648145027764e+00  ,1.684635213709e+00  
  2.606553431094e-06  ,2.044307198800e+00  ,2.067414461321e+00  
  2.609058316290e-06  ,2.807499527785e+00  ,2.804796758491e+00  
  2.613474275410e-06  ,4.107776629655e+00  ,4.052461202504e+00  
  2.621508981526e-06  ,6.254628399952e+00  ,4.317232284182e+00  
  2.625819142401e-06  ,7.250674158174e+00  ,2.938038313585e+00  
  2.630267884076e-06  ,8.139349850459e+00  ,2.436371109728e+00  
  2.638484384358e-06  ,9.352705106300e+00  ,2.273852415159e+00  
  2.646297063172e-06  ,9.932411543765e+00  ,2.311084728010e+00  
  2.661922420800e-06  ,9.306709249670e+00  ,1.983508000549e+00  
  2.686923589051e-06  ,3.993498332756e+00  ,1.607401400179e+00  
  2.690048735082e-06  ,3.075605102947e+00  ,1.462617924495e+00  
  2.696299027145e-06  ,1.160077016545e+00  ,9.442051579445e-01  
  2.697291071951e-06  ,8.500079330087e-01  ,6.798134093530e-01  
  2.698740023613e-06  ,3.957298963405e-01  ,2.652525624652e-01  
  2.699027988553e-06  ,3.053189459720e-01  ,1.809702056157e-01  
  2.699429854244e-06  ,1.791069944222e-01  ,6.271874112009e-02  
  2.699884572491e-06  ,3.626254193984e-02  ,-7.181936042153e-02  
  2.700334308162e-06  ,-1.050240758832e-01  ,-2.054989894365e-01  
  2.700689793989e-06  ,-2.166882120507e-01  ,-3.115076970451e-01  
  2.700904999353e-06  ,-2.842756295185e-01  ,-3.758035058083e-01  
  2.700961635407e-06  ,-3.020607204467e-01  ,-3.927378121874e-01  
  2.701068562880e-06  ,-3.356358810091e-01  ,-4.247235682068e-01  
  2.701191823423e-06  ,-3.743348920058e-01  ,-4.616161602212e-01  
  2.701438344508e-06  ,-4.517154943013e-01  ,-5.354621255443e-01  
  2.701833923772e-06  ,-5.758254536880e-01  ,-6.540991342376e-01  
  2.702475791290e-06  ,-7.770087855559e-01  ,-8.468519379591e-01  
  2.703091954306e-06  ,-9.698392562191e-01  ,-1.032019882183e+00  
  2.703671050683e-06  ,-1.150739645716e+00  ,-1.206028756350e+00  
  2.703946861863e-06  ,-1.236768394776e+00  ,-1.288864774308e+00  
  2.704033160541e-06  ,-1.263667198321e+00  ,-1.314775655155e+00  
  2.704187620390e-06  ,-1.311788128495e+00  ,-1.361140514096e+00  
  2.704350275878e-06  ,-1.362428943116e+00  ,-1.409947711507e+00  
  2.704675586853e-06  ,-1.463602524690e+00  ,-1.507498462919e+00  
  2.705316802446e-06  ,-1.662566638236e+00  ,-1.699470692499e+00  
  2.706599233631e-06  ,-2.058390482096e+00  ,-2.081731614210e+00  
  2.709164096002e-06  ,-2.839379096620e+00  ,-2.836043665828e+00  
  2.713684363250e-06  ,-4.167862218550e+00  ,-4.109745742595e+00  
  2.720424903516e-06  ,-5.985319195790e+00  ,-4.730317072968e+00  
  2.724165094975e-06  ,-6.883187586697e+00  ,-3.300874406731e+00  
  2.727947754744e-06  ,-7.694659802745e+00  ,-2.594624681629e+00  
  2.734620494727e-06  ,-8.855306203859e+00  ,-2.306208214747e+00  
  2.741605414037e-06  ,-9.654259906126e+00  ,-2.392825884934e+00  
  2.755080534104e-06  ,-9.872893922720e+00  ,-2.090294424961e+00  
  2.772646022920e-06  ,-7.574186674176e+00  ,-1.866032092999e+00  
  2.775771168951e-06  ,-6.897698831840e+00  ,-1.789585792412e+00  
  2.782021461014e-06  ,-5.352574124641e+00  ,-1.670380084760e+00  
  2.794522045139e-06  ,-1.712468034379e+00  ,-1.273389139381e+00  
  2.796810490970e-06  ,-1.000337899386e+00  ,-8.094757692165e-01  
  2.799919990782e-06  ,-2.513561077712e-02  ,8.266329764506e-02  
  2.801266869489e-06  ,3.978937226305e-01  ,4.844374953386e-01  
  2.801873998675e-06  ,5.883940064460e-01  ,6.664509927107e-01  
  2.802062707912e-06  ,6.475653617591e-01  ,7.230883133357e-01  
  2.802257819992e-06  ,7.087204258396e-01  ,7.816699363553e-01  
  2.802648044150e-06  ,8.309483726998e-01  ,8.988853046057e-01  
  2.803037523251e-06  ,9.528184367719e-01  ,1.015913491988e+00  
  2.803506816696e-06  ,1.099471681272e+00  ,1.156918331396e+00  
  2.803756411146e-06  ,1.177374110792e+00  ,1.231889385041e+00  
  2.804002792533e-06  ,1.254202713313e+00  ,1.305869116229e+00  
  2.804070627742e-06  ,1.275342629905e+00  ,1.326231869754e+00  
  2.804201478563e-06  ,1.316104056204e+00  ,1.365502595557e+00  
  2.804431864485e-06  ,1.387817251912e+00  ,1.434616444203e+00  
  2.804704416037e-06  ,1.472561347146e+00  ,1.516323937508e+00  
  2.805249519140e-06  ,1.641719448817e+00  ,1.679517880653e+00  
  2.806339725345e-06  ,1.978541856084e+00  ,2.004737989250e+00  
  2.808520137757e-06  ,2.644832207967e+00  ,2.648353997500e+00  
  2.812806456774e-06  ,3.915603237216e+00  ,3.870199401704e+00  
  2.820108770818e-06  ,5.905463362909e+00  ,4.781329655410e+00  
  2.824261724442e-06  ,6.905177089126e+00  ,3.239305357421e+00  
  2.828039913863e-06  ,7.713119225028e+00  ,2.578262752247e+00  
  2.835596292704e-06  ,8.993543354113e+00  ,2.284031028780e+00  
  2.842409848660e-06  ,9.717048603273e+00  ,2.380015438203e+00  
  2.856036960572e-06  ,9.820690106544e+00  ,2.074742789088e+00  
  2.874207436532e-06  ,7.244921158295e+00  ,1.840866095313e+00  
  2.877332582563e-06  ,6.534384584002e+00  ,1.762031003095e+00  
  2.883582874626e-06  ,4.931954373362e+00  ,1.636906208378e+00  
  2.896083458751e-06  ,1.227315464697e+00  ,1.026020217305e+00  
  2.897493481129e-06  ,7.866325912191e-01  ,6.333766384297e-01  
  2.897845986724e-06  ,6.761868785419e-01  ,5.315345226248e-01  
  2.898412696511e-06  ,4.984594534412e-01  ,3.666240974889e-01  
  2.898754119366e-06  ,3.913050149158e-01  ,2.664445466282e-01  
  2.899085623637e-06  ,2.872203012066e-01  ,1.686904265024e-01  
  2.899569725111e-06  ,1.351707264507e-01  ,2.524221445711e-02  
  2.900112593040e-06  ,-3.537207292766e-02  ,-1.363874794872e-01  
  2.900656951085e-06  ,-2.063726184491e-01  ,-2.990919811587e-01  
  2.900901842356e-06  ,-2.832842290111e-01  ,-3.724460062136e-01  
  2.900969270110e-06  ,-3.044581299829e-01  ,-3.926579348446e-01  
  2.901096092962e-06  ,-3.442797117118e-01  ,-4.306899695674e-01  
  2.901222496718e-06  ,-3.839642627423e-01  ,-4.686148148492e-01  
  2.901475304231e-06  ,-4.633145742675e-01  ,-5.445137096847e-01  
  2.901980919257e-06  ,-6.219225191388e-01  ,-6.964665743744e-01  
  2.902578828350e-06  ,-8.092768414053e-01  ,-8.763197881810e-01  
  2.903188937768e-06  ,-1.000159332146e+00  ,-1.059889539374e+00  
  2.903679744765e-06  ,-1.153452784924e+00  ,-1.207507978344e+00  
  2.903951085597e-06  ,-1.238085121693e+00  ,-1.289071210775e+00  
  2.904031353962e-06  ,-1.263104192328e+00  ,-1.313190900430e+00  
  2.904176989529e-06  ,-1.308477131930e+00  ,-1.356941396490e+00  
  2.904335617047e-06  ,-1.357866532635e+00  ,-1.404576494954e+00  
  2.904652872082e-06  ,-1.456542942400e+00  ,-1.499781728724e+00  
  2.905185029801e-06  ,-1.621731061889e+00  ,-1.659245300673e+00  
  2.906249345239e-06  ,-1.950701473044e+00  ,-1.977042731607e+00  
  2.908377976116e-06  ,-2.601734956483e+00  ,-2.606168829176e+00  
  2.912504852708e-06  ,-3.828242755062e+00  ,-3.786287755955e+00  
  2.919572473463e-06  ,-5.768665404863e+00  ,-4.935044566132e+00  
  2.923679978546e-06  ,-6.771837499761e+00  ,-3.372920544658e+00  
  2.927391112741e-06  ,-7.581798927962e+00  ,-2.630960039786e+00  
  2.934006483253e-06  ,-8.764047842037e+00  ,-2.310328272930e+00  
  2.940909446176e-06  ,-9.594961179841e+00  ,-2.405571546705e+00  
  2.953840673860e-06  ,-9.927296108414e+00  ,-2.109925235520e+00  
  2.970592559274e-06  ,-7.979353569178e+00  ,-1.866831592778e+00  
  2.973717705306e-06  ,-7.350108207225e+00  ,-1.820733907423e+00  
  2.979967997368e-06  ,-5.885983345597e+00  ,-1.712440732778e+00  
  2.992468581494e-06  ,-2.344050194265e+00  ,-1.378954699584e+00  
  2.995257706340e-06  ,-1.484330183172e+00  ,-1.146366132773e+00  
  2.998461828526e-06  ,-4.830427751781e-01  ,-3.468045949002e-01  
  2.999940209981e-06  ,-1.878357738294e-02  ,8.782960743771e-02  
  3.000743382569e-06  ,2.335192931716e-01  ,3.271339289425e-01  
  3.001202384900e-06  ,3.776505318125e-01  ,4.644498046877e-01  
  3.001306856010e-06  ,4.104455933506e-01  ,4.957434629098e-01  
  3.001412502915e-06  ,4.436052571038e-01  ,5.274047814954e-01  
  3.001555111684e-06  ,4.883584179963e-01  ,5.701626615726e-01  
  3.001699024305e-06  ,5.335108106799e-01  ,6.133320824117e-01  
  3.001986849546e-06  ,6.237819572422e-01  ,6.997240276051e-01  
  3.002562500030e-06  ,8.041638676851e-01  ,8.726581714719e-01  
  3.003119803458e-06  ,9.785467096999e-01  ,1.040164263280e+00  
  3.003672729671e-06  ,1.151263609836e+00  ,1.206327145981e+00  
  3.003909099340e-06  ,1.224995161865e+00  ,1.277326918759e+00  
  3.003993919544e-06  ,1.251437143919e+00  ,1.302798256560e+00  
  3.004135387443e-06  ,1.295518704061e+00  ,1.345271299712e+00  
  3.004292361863e-06  ,1.344402126372e+00  ,1.392384129283e+00  
  3.004606310703e-06  ,1.442069696951e+00  ,1.486552226287e+00  
  3.005056698300e-06  ,1.581935156772e+00  ,1.621483248356e+00  
  3.005957473494e-06  ,1.860688025636e+00  ,1.890606663986e+00  
  3.007759023882e-06  ,2.413501835431e+00  ,2.424676235073e+00  
  3.011362124659e-06  ,3.494196819653e+00  ,3.466458717872e+00  
  3.017570693471e-06  ,5.243909038624e+00  ,5.077527370259e+00  
  3.021658081986e-06  ,6.291107752437e+00  ,4.085436206162e+00  
  3.025539089419e-06  ,7.189803580703e+00  ,2.769828413110e+00  
  3.032071013428e-06  ,8.455212275439e+00  ,2.224810003918e+00  
  3.038043398835e-06  ,9.302775279439e+00  ,2.271831921482e+00  
  3.047697861172e-06  ,9.973857720462e+00  ,2.302822125006e+00  
  3.063436467625e-06  ,9.122228139016e+00  ,1.950251301694e+00  
  3.088437635876e-06  ,3.553069111383e+00  ,1.577935296065e+00  
  3.091562781908e-06  ,2.619700913853e+00  ,1.403445900540e+00  
  3.092344068415e-06  ,2.382059265057e+00  ,1.358725483047e+00  
  3.093906641431e-06  ,1.902614999171e+00  ,1.252840510193e+00  
  3.095860928722e-06  ,1.296666253296e+00  ,1.022257596229e+00  
  3.097743317910e-06  ,7.083638421340e-01  ,5.481725747696e-01  
  3.098645955749e-06  ,4.252572675888e-01  ,2.900573895208e-01  
  3.099003909580e-06  ,3.128799635643e-01  ,1.858274952170e-01  
  3.099412760191e-06  ,1.844763621338e-01  ,6.591579686472e-02  
  3.099878514610e-06  ,3.816566814704e-02  ,-7.156520357436e-02  
  3.100339333020e-06  ,-1.066025931454e-01  ,-2.083052739350e-01  
  3.100701477803e-06  ,-2.203579140256e-01  ,-3.161566109195e-01  
  3.100921898574e-06  ,-2.895824903248e-01  ,-3.819356209753e-01  
  3.100979425205e-06  ,-3.076469525816e-01  ,-3.991182035826e-01  
  3.101085328223e-06  ,-3.408998545538e-01  ,-4.307656443828e-01  
  3.101213035831e-06  ,-3.809942122977e-01  ,-4.689530678991e-01  
  3.101444748888e-06  ,-4.537254265110e-01  ,-5.383008669863e-01  
  3.101834879914e-06  ,-5.761253359891e-01  ,-6.552072930627e-01  
  3.102476747433e-06  ,-7.773082580371e-01  ,-8.478291781654e-01  
  3.103089837084e-06  ,-9.691772446384e-01  ,-1.031974387893e+00  
  3.103667909006e-06  ,-1.149759209798e+00  ,-1.205600119916e+00  
  3.103944325546e-06  ,-1.235977700712e+00  ,-1.288587080287e+00  
  3.104030810488e-06  ,-1.262934822448e+00  ,-1.314544839235e+00  
  3.104185689433e-06  ,-1.311186739883e+00  ,-1.361019949165e+00  
  3.104347646428e-06  ,-1.361610575198e+00  ,-1.409602158077e+00  
  3.104671560420e-06  ,-1.462351193311e+00  ,-1.506705898766e+00  
  3.105308119399e-06  ,-1.659876681905e+00  ,-1.697239240144e+00  
  3.106581237359e-06  ,-2.052857526829e+00  ,-2.076676379301e+00  
  3.109127473278e-06  ,-2.828345382069e+00  ,-2.825596650624e+00  
  3.113620918436e-06  ,-4.149735876754e+00  ,-4.092716218917e+00  
  3.120546978159e-06  ,-6.015997954986e+00  ,-4.702207542325e+00  
  3.124354969902e-06  ,-6.926336180721e+00  ,-3.265910481463e+00  
  3.128224056406e-06  ,-7.749809065773e+00  ,-2.574040401920e+00  
  3.134989928646e-06  ,-8.908628365812e+00  ,-2.302798236028e+00  
  3.142092567129e-06  ,-9.693022751023e+00  ,-2.384959395319e+00  
  3.155931275530e-06  ,-9.826895252641e+00  ,-2.076283826188e+00  
  3.174131553812e-06  ,-7.261332554316e+00  ,-1.842238370807e+00  
  3.177256699843e-06  ,-6.552411833304e+00  ,-1.763400364206e+00  
  3.183506991906e-06  ,-4.952678553079e+00  ,-1.638585971346e+00  
  3.196007576032e-06  ,-1.250970987288e+00  ,-1.044321139554e+00  
  3.197439391358e-06  ,-8.035715937112e-01  ,-6.481234463953e-01  
  3.197797345189e-06  ,-6.914322968476e-01  ,-5.449791507464e-01  
  3.198396651266e-06  ,-5.034938860178e-01  ,-3.708526792935e-01  
  3.198724290548e-06  ,-4.006686642756e-01  ,-2.748130239525e-01  
  3.199038425652e-06  ,-3.020415468331e-01  ,-1.822734118507e-01  
  3.199538639007e-06  ,-1.449357558136e-01  ,-3.417544251716e-02  
  3.200104044942e-06  ,3.268662439534e-02  ,1.340825086469e-01  
  3.200644025771e-06  ,2.023128592544e-01  ,2.954294649788e-01  
  3.200892875163e-06  ,2.804682216894e-01  ,3.699520991270e-01  
  3.200961548561e-06  ,3.020334494721e-01  ,3.905326264759e-01  
  3.201091863872e-06  ,3.429518887293e-01  ,4.296037941883e-01  
  3.201215613360e-06  ,3.818033775433e-01  ,4.667250623454e-01  
  3.201463112334e-06  ,4.594884560566e-01  ,5.410160710395e-01  
  3.201958110282e-06  ,6.147705807269e-01  ,6.897523304023e-01  
  3.202557975153e-06  ,8.027469312713e-01  ,8.701697532453e-01  
  3.203167991439e-06  ,9.936116282209e-01  ,1.053695566392e+00  
  3.203750626842e-06  ,1.175569537418e+00  ,1.228911856544e+00  
  3.204013632337e-06  ,1.257581174867e+00  ,1.307953079204e+00  
  3.204094692325e-06  ,1.282840642042e+00  ,1.332305618181e+00  
  3.204234274296e-06  ,1.326316818010e+00  ,1.374228857348e+00  
  3.204405637650e-06  ,1.379657111191e+00  ,1.425676731688e+00  
  3.204655837459e-06  ,1.457464601928e+00  ,1.500747198773e+00  
  3.205156237079e-06  ,1.612804640615e+00  ,1.650695305162e+00  
  3.206157036318e-06  ,1.922250712137e+00  ,1.949608665382e+00  
  3.208158634795e-06  ,2.535138671000e+00  ,2.541874262650e+00  
  3.212161831750e-06  ,3.728468460710e+00  ,3.690910189131e+00  
  3.218951545848e-06  ,5.608237185178e+00  ,5.098824910420e+00  
  3.222936861409e-06  ,6.598226770157e+00  ,3.577147603281e+00  
  3.226599194301e-06  ,7.417247962611e+00  ,2.708934972298e+00  
  3.232949324144e-06  ,8.599305278673e+00  ,2.314177645518e+00  
  3.239654101623e-06  ,9.476424293821e+00  ,2.428808710198e+00  
  3.251305319561e-06  ,9.991592970323e+00  ,2.150961514218e+00  
  3.266361452831e-06  ,8.707798068199e+00  ,1.965369027940e+00  
  3.291362621082e-06  ,2.680334993352e+00  ,1.451481410852e+00  
  3.294487767113e-06  ,1.723076724443e+00  ,1.243898586773e+00  
  3.295269053621e-06  ,1.480804725320e+00  ,1.141189029804e+00  
  3.296831626637e-06  ,9.937310194275e-01  ,7.992363311054e-01  
  3.298101019306e-06  ,5.962285594375e-01  ,4.477785850745e-01  
  3.298741489841e-06  ,3.952696277248e-01  ,2.628818097114e-01  
  3.298983773408e-06  ,3.192027684023e-01  ,1.921970733203e-01  
  3.299279887421e-06  ,2.262107418376e-01  ,1.053819759175e-01  
  3.299697026802e-06  ,9.518040006377e-02  ,-1.757503723281e-02  
  3.300111884443e-06  ,-3.514946206711e-02  ,-1.404768467295e-01  
  3.300714822678e-06  ,-2.245492925477e-01  ,-3.199521818361e-01  
  3.300953427522e-06  ,-2.994833037650e-01  ,-3.911955514731e-01  
  3.301022182411e-06  ,-3.210728850701e-01  ,-4.117427443174e-01  
  3.301142160041e-06  ,-3.587431664733e-01  ,-4.476171836547e-01  
  3.301281765295e-06  ,-4.025696285202e-01  ,-4.893877468205e-01  
  3.301560975803e-06  ,-4.901984789049e-01  ,-5.730068124119e-01  
  3.302004797576e-06  ,-6.294094169838e-01  ,-7.060958413611e-01  
  3.302568340866e-06  ,-8.059928641568e-01  ,-8.752888380788e-01  
  3.303156284807e-06  ,-9.899520138805e-01  ,-1.051915746465e+00  
  3.303716009675e-06  ,-1.164768948428e+00  ,-1.220045159996e+00  
  3.303983392386e-06  ,-1.248155870441e+00  ,-1.300322996669e+00  
  3.304065325489e-06  ,-1.273690462800e+00  ,-1.324915208940e+00  
  3.304205140291e-06  ,-1.317244406690e+00  ,-1.366871425017e+00  
  3.304373872658e-06  ,-1.369772591108e+00  ,-1.417487657208e+00  
  3.304645586019e-06  ,-1.454278330991e+00  ,-1.498949222413e+00  
  3.305175694829e-06  ,-1.618837145915e+00  ,-1.657677549448e+00  
  3.306235912448e-06  ,-1.946562333446e+00  ,-1.974068628600e+00  
  3.308356347686e-06  ,-2.595173583811e+00  ,-2.600595811387e+00  
  3.312425109750e-06  ,-3.805087207831e+00  ,-3.764726438379e+00  
  3.319496455794e-06  ,-5.749141520004e+00  ,-4.968749177404e+00  
  3.323564472800e-06  ,-6.745092345850e+00  ,-3.409970904863e+00  
  3.327274861937e-06  ,-7.557934892318e+00  ,-2.642821184202e+00  
  3.333832862979e-06  ,-8.737650365452e+00  ,-2.310280331392e+00  
  3.340699318057e-06  ,-9.576154750380e+00  ,-2.409666820948e+00  
  3.353365305072e-06  ,-9.944164030522e+00  ,-2.117504042679e+00  
  3.369789364940e-06  ,-8.128888019471e+00  ,-1.879472396839e+00  
  3.394790533191e-06  ,-1.629306068722e+00  ,-1.322630514231e+00  
  3.397241401678e-06  ,-8.655547943877e-01  ,-7.085199285591e-01  
  3.397854118800e-06  ,-6.736379367709e-01  ,-5.315907617357e-01  
  3.398425112670e-06  ,-4.945636128281e-01  ,-3.646634102864e-01  
  3.398813520750e-06  ,-3.726571420146e-01  ,-2.502779759798e-01  
  3.399198669201e-06  ,-2.517189050901e-01  ,-1.363175052645e-01  
  3.399703818565e-06  ,-9.304679928766e-02  ,1.381675379188e-02  
  3.400196674472e-06  ,6.178671441487e-02  ,1.608780819761e-01  
  3.400736003375e-06  ,2.312016766939e-01  ,3.223229243294e-01  
  3.401010929799e-06  ,3.175395754057e-01  ,4.047784099720e-01  
  3.401085528737e-06  ,3.409628111857e-01  ,4.271680092294e-01  
  3.401193212910e-06  ,3.747711058262e-01  ,4.594985750113e-01  
  3.401336799568e-06  ,4.198445292121e-01  ,5.026259220674e-01  
  3.401574519655e-06  ,4.944482456421e-01  ,5.740659217252e-01  
  3.401930471143e-06  ,6.061036824128e-01  ,6.811099471954e-01  
  3.402510685107e-06  ,7.879373903212e-01  ,8.557142505657e-01  
  3.403077208629e-06  ,9.652284991043e-01  ,1.026239112998e+00  
  3.403619238367e-06  ,1.134568940909e+00  ,1.189330527669e+00  
  3.403889647877e-06  ,1.218930099484e+00  ,1.270645016685e+00  
  3.403982035076e-06  ,1.247732792500e+00  ,1.298416822442e+00  
  3.404143666109e-06  ,1.298097561837e+00  ,1.346989494707e+00  
  3.404296635842e-06  ,1.345732634834e+00  ,1.392941037151e+00  
  3.404602575308e-06  ,1.440908444074e+00  ,1.484783753834e+00  
  3.405214454239e-06  ,1.630851959056e+00  ,1.668179044519e+00  
  3.406438212102e-06  ,2.008861215493e+00  ,2.033432160854e+00  
  3.408885727828e-06  ,2.755418938226e+00  ,2.754855300259e+00  
  3.413115422433e-06  ,4.004731448821e+00  ,3.955199042663e+00  
  3.420904259389e-06  ,6.105276723951e+00  ,4.539894077106e+00  
  3.425391744083e-06  ,7.157553776712e+00  ,3.013443050576e+00  
  3.429433684057e-06  ,7.984320223225e+00  ,2.485003838035e+00  
  3.437517564004e-06  ,9.240905525407e+00  ,2.278100626258e+00  
  3.444842229789e-06  ,9.869008445790e+00  ,2.335753922061e+00  
  3.459491561359e-06  ,9.558709335737e+00  ,2.021976349327e+00  
  3.482019136852e-06  ,5.353190865993e+00  ,1.705392490901e+00  
  3.485144282883e-06  ,4.499471127539e+00  ,1.603838306266e+00  
  3.491394574946e-06  ,2.670662358616e+00  ,1.402546871180e+00  
  3.492957147961e-06  ,2.194568580836e+00  ,1.315228412919e+00  
  3.496082293993e-06  ,1.227678617188e+00  ,9.773502516809e-01  
  3.498110342031e-06  ,5.933049238405e-01  ,4.448138757065e-01  
  3.499179500347e-06  ,2.577390239303e-01  ,1.348870166872e-01  
  3.499618898338e-06  ,1.197237579132e-01  ,5.563481754117e-03  
  3.500181603437e-06  ,-5.705209293803e-02  ,-1.610978567798e-01  
  3.500702212756e-06  ,-2.205887502626e-01  ,-3.160802996108e-01  
  3.500978163635e-06  ,-3.072508061766e-01  ,-3.984650907019e-01  
  3.501052576309e-06  ,-3.306163391210e-01  ,-4.207033518837e-01  
  3.501165860059e-06  ,-3.661838537806e-01  ,-4.545765866218e-01  
  3.501312892610e-06  ,-4.123404417006e-01  ,-4.985697826544e-01  
  3.501566584880e-06  ,-4.919584961879e-01  ,-5.745439330464e-01  
  3.501962117577e-06  ,-6.160271233663e-01  ,-6.931350138196e-01  
  3.502511504764e-06  ,-7.881940923085e-01  ,-8.580511940580e-01  
  3.503073557938e-06  ,-9.640869493771e-01  ,-1.026885216425e+00  
  3.503607205773e-06  ,-1.130813117616e+00  ,-1.187185463896e+00  
  3.503874448786e-06  ,-1.214190630874e+00  ,-1.267431494365e+00  
  3.503968407592e-06  ,-1.243484934168e+00  ,-1.295637492596e+00  
  3.504131435608e-06  ,-1.294287651257e+00  ,-1.344566412858e+00  
  3.504282635828e-06  ,-1.341374278756e+00  ,-1.389930553820e+00  
  3.504585036268e-06  ,-1.435455674271e+00  ,-1.480608122913e+00  
  3.505189837148e-06  ,-1.623221323624e+00  ,-1.661709322031e+00  
  3.506399438908e-06  ,-1.996927083677e+00  ,-2.022506321442e+00  
  3.508818642428e-06  ,-2.735153186043e+00  ,-2.735522766105e+00  
  3.512987242272e-06  ,-3.967800265085e+00  ,-3.919673339781e+00  
  3.520686672261e-06  ,-6.050996099179e+00  ,-4.593994836345e+00  
  3.525047497084e-06  ,-7.081611135173e+00  ,-3.075895048551e+00  
  3.529003755381e-06  ,-7.902273169053e+00  ,-2.512012384620e+00  
  3.536916271975e-06  ,-9.167067967124e+00  ,-2.281372497986e+00  
  3.544104592135e-06  ,-9.828976553605e+00  ,-2.349121086632e+00  
  3.558481232455e-06  ,-9.647128302967e+00  ,-2.037308729992e+00  
  3.579628960421e-06  ,-5.971754552480e+00  ,-1.748699307242e+00  
  3.582754106453e-06  ,-5.156753705659e+00  ,-1.657359187028e+00  
  3.589004398515e-06  ,-3.386079028722e+00  ,-1.493175807413e+00  
  3.590566971531e-06  ,-2.920287134899e+00  ,-1.434747056931e+00  
  3.593692117563e-06  ,-1.968734882552e+00  ,-1.270102329539e+00  
  3.596416422358e-06  ,-1.123437423663e+00  ,-9.045377177557e-01  
  3.596910861513e-06  ,-9.689588071053e-01  ,-7.778107364137e-01  
  3.597899739822e-06  ,-6.593375388889e-01  ,-5.048176198784e-01  
  3.598245633027e-06  ,-5.508716462644e-01  ,-4.061782785392e-01  
  3.598378672456e-06  ,-5.091348512544e-01  ,-3.679186089328e-01  
  3.598505192628e-06  ,-4.694349995583e-01  ,-3.313941459095e-01  
  3.598758232972e-06  ,-3.900136742322e-01  ,-2.579882799876e-01  
  3.599264313659e-06  ,-2.311021043338e-01  ,-1.100110515639e-01  
  3.599831209710e-06  ,-5.302678504047e-02  ,5.717205586982e-02  
  3.600341574481e-06  ,1.073067284852e-01  ,2.086273681015e-01  
  3.600737014046e-06  ,2.315191034444e-01  ,3.264405074148e-01  
  3.600976829609e-06  ,3.068319070025e-01  ,3.980428151081e-01  
  3.601040683413e-06  ,3.268820951756e-01  ,4.171254989834e-01  
  3.601142919349e-06  ,3.589815562454e-01  ,4.476930743607e-01  
  3.601284992607e-06  ,4.035826945537e-01  ,4.901979986337e-01  
  3.601495308528e-06  ,4.695922686799e-01  ,5.531701889946e-01  
  3.601870584959e-06  ,5.873234105109e-01  ,6.656598337216e-01  
  3.602484512800e-06  ,7.797404158885e-01  ,8.499297156926e-01  
  3.603076275164e-06  ,9.649366114140e-01  ,1.027687689192e+00  
  3.603637583280e-06  ,1.140294762857e+00  ,1.196295436234e+00  
  3.603914232651e-06  ,1.226595677173e+00  ,1.279362164607e+00  
  3.604003837524e-06  ,1.254528413780e+00  ,1.306259552576e+00  
  3.604162744438e-06  ,1.304040249583e+00  ,1.353948846973e+00  
  3.604321092559e-06  ,1.353345651089e+00  ,1.401454137361e+00  
  3.604637788801e-06  ,1.451854760537e+00  ,1.496407336798e+00  
  3.605227315990e-06  ,1.634838367961e+00  ,1.672909023986e+00  
  3.606406370370e-06  ,1.999060759508e+00  ,2.024562999910e+00  
  3.608764479129e-06  ,2.718782188262e+00  ,2.719741063424e+00  
  3.612977037398e-06  ,3.964857270470e+00  ,3.916891264256e+00  
  3.620642194716e-06  ,6.039865568766e+00  ,4.608196292582e+00  
  3.624570885865e-06  ,6.975102975163e+00  ,3.183744900977e+00  
  3.628567377297e-06  ,7.817521217623e+00  ,2.539263827757e+00  
  3.635504612891e-06  ,8.980913215428e+00  ,2.301809180952e+00  
  3.642800966470e-06  ,9.745336817667e+00  ,2.372300656127e+00  
  3.657393673627e-06  ,9.731442814028e+00  ,2.052935060915e+00  
  3.676943997113e-06  ,6.626305734728e+00  ,1.795751167505e+00  
  3.680069143144e-06  ,5.860265235268e+00  ,1.711396636697e+00  
  3.686319435207e-06  ,4.166777455206e+00  ,1.568367283137e+00  
  3.687882008223e-06  ,3.715685306885e+00  ,1.524560854818e+00  
  3.691007154254e-06  ,2.787752657616e+00  ,1.414439230188e+00  
  3.691788440762e-06  ,2.551218698287e+00  ,1.376987624329e+00  
  3.693351013778e-06  ,2.073683490908e+00  ,1.286448147461e+00  
  3.696476159809e-06  ,1.104787189153e+00  ,8.860815866296e-01  
  3.698334334610e-06  ,5.230454329138e-01  ,3.805221114495e-01  
  3.699331967352e-06  ,2.098532402299e-01  ,9.005411182095e-02  
  3.699741050793e-06  ,8.135039537546e-02  ,-3.056698183404e-02  
  3.700282428605e-06  ,-8.872639902691e-02  ,-1.910872203329e-01  
  3.700639963342e-06  ,-2.010368690923e-01  ,-2.975341102497e-01  
  3.700860197848e-06  ,-2.702062328621e-01  ,-3.632397855527e-01  
  3.700921048136e-06  ,-2.893154295392e-01  ,-3.814109594006e-01  
  3.701035693945e-06  ,-3.253154413716e-01  ,-4.156648666745e-01  
  3.701153669233e-06  ,-3.623565346073e-01  ,-4.509362760771e-01  
  3.701389619807e-06  ,-4.364232796140e-01  ,-5.215415031977e-01  
  3.701838377589e-06  ,-5.772223344051e-01  ,-6.560162310493e-01  
  3.702505297685e-06  ,-7.862501327112e-01  ,-8.561771498418e-01  
  3.703150611097e-06  ,-9.881783050650e-01  ,-1.050020125782e+00  
  3.703754573787e-06  ,-1.176800899970e+00  ,-1.231421748426e+00  
  3.704012317309e-06  ,-1.257171325580e+00  ,-1.308796660766e+00  
  3.704095053678e-06  ,-1.282953226419e+00  ,-1.333627371409e+00  
  3.704238267807e-06  ,-1.327560322229e+00  ,-1.376598803501e+00  
  3.704410189955e-06  ,-1.381073569288e+00  ,-1.428165314942e+00  
  3.704682462109e-06  ,-1.465739156464e+00  ,-1.509782672053e+00  
  3.705227006419e-06  ,-1.634742421555e+00  ,-1.672801534117e+00  
  3.706316095037e-06  ,-1.971264386653e+00  ,-1.997692490017e+00  
  3.708494272275e-06  ,-2.636994815048e+00  ,-2.640724067214e+00  
  3.712727692170e-06  ,-3.892822440995e+00  ,-3.848173383984e+00  
  3.719977852149e-06  ,-5.872221998638e+00  ,-4.812601786103e+00  
  3.723724749131e-06  ,-6.782180090618e+00  ,-3.369604663526e+00  
  3.727434020681e-06  ,-7.590581561776e+00  ,-2.629522790242e+00  
  3.734002452536e-06  ,-8.763437959258e+00  ,-2.311754868410e+00  
  3.740871142788e-06  ,-9.591564172185e+00  ,-2.405423124878e+00  
  3.753799390240e-06  ,-9.928848858351e+00  ,-2.111060106769e+00  
  3.770524453564e-06  ,-7.992231609087e+00  ,-1.868058142935e+00  
  3.773649599595e-06  ,-7.364599072089e+00  ,-1.824100476328e+00  
  3.779899891658e-06  ,-5.903266966827e+00  ,-1.713189072563e+00  
  3.792400475783e-06  ,-2.364844738504e+00  ,-1.394709378133e+00  
  3.795038726373e-06  ,-1.552327033546e+00  ,-1.159401023081e+00  
  3.795698289020e-06  ,-1.347312516128e+00  ,-1.057099927867e+00  
  3.796847354813e-06  ,-9.888142037140e-01  ,-7.923384182532e-01  
  3.798084896250e-06  ,-6.012846791629e-01  ,-4.512439650345e-01  
  3.798700593604e-06  ,-4.081071890933e-01  ,-2.740205431677e-01  
  3.798934355570e-06  ,-3.347195380140e-01  ,-2.059880479875e-01  
  3.799217477633e-06  ,-2.458118906240e-01  ,-1.231633724438e-01  
  3.799635129241e-06  ,-1.146250192880e-01  ,-2.810681540995e-04  
  3.800069544656e-06  ,2.184808071989e-02  ,1.282499144505e-01  
  3.800613809569e-06  ,1.928220125638e-01  ,2.900778781054e-01  
  3.800862612395e-06  ,2.709645074012e-01  ,3.642857455191e-01  
  3.800939143827e-06  ,2.949979316585e-01  ,3.871355772625e-01  
  3.801054709317e-06  ,3.312860762978e-01  ,4.216605728711e-01  
  3.801180251600e-06  ,3.707020200056e-01  ,4.591912624886e-01  
  3.801431336166e-06  ,4.495159952063e-01  ,5.343230109359e-01  
  3.801933505299e-06  ,6.070551353486e-01  ,6.848149169524e-01  
  3.802540634485e-06  ,7.973166620757e-01  ,8.670341223511e-01  
  3.803157821955e-06  ,9.904325498910e-01  ,1.052410020054e+00  
  3.803742413135e-06  ,1.173006978577e+00  ,1.227979993941e+00  
  3.804011705058e-06  ,1.256980506915e+00  ,1.308816966821e+00  
  3.804093579954e-06  ,1.282494066829e+00  ,1.333387448928e+00  
  3.804234186379e-06  ,1.326289442123e+00  ,1.375573837216e+00  
  3.804405223770e-06  ,1.379528330336e+00  ,1.426872231090e+00  
  3.804657751886e-06  ,1.458059612035e+00  ,1.502569695610e+00  
  3.805162808118e-06  ,1.614841933953e+00  ,1.653783368816e+00  
  3.806172920583e-06  ,1.927147599007e+00  ,1.955256403136e+00  
  3.808193145512e-06  ,2.545624855791e+00  ,2.552650868404e+00  
  3.812219439266e-06  ,3.745255290969e+00  ,3.707358792492e+00  
  3.819060562370e-06  ,5.636559820442e+00  ,5.077092303456e+00  
  3.823038427351e-06  ,6.622169404183e+00  ,3.549519332093e+00  
  3.826704485534e-06  ,7.439393047158e+00  ,2.697796434892e+00  
  3.833079202292e-06  ,8.620059648557e+00  ,2.313655528202e+00  
  3.839801116107e-06  ,9.491071889482e+00  ,2.426043511927e+00  
  3.851596875308e-06  ,9.987418840320e+00  ,2.146238654392e+00  
  3.866840763209e-06  ,8.632777620456e+00  ,1.957910008977e+00  
  3.891841931460e-06  ,2.534966587748e+00  ,1.435237287406e+00  
  3.894967077492e-06  ,1.574559384438e+00  ,1.168765892680e+00  
  3.895748364000e-06  ,1.331722773761e+00  ,1.048814130772e+00  
  3.897028932540e-06  ,9.320336594418e-01  ,7.447393360122e-01  
  3.898033270804e-06  ,6.174731480758e-01  ,4.661443394474e-01  
  3.898617023794e-06  ,4.343381099845e-01  ,2.983527760379e-01  
  3.898840494646e-06  ,3.641887961355e-01  ,2.334132941681e-01  
  3.899101078702e-06  ,2.823669187197e-01  ,1.573082156400e-01  
  3.899557892425e-06  ,1.388877253949e-01  ,2.306583592112e-02  
  3.900040503783e-06  ,-1.272463532468e-02  ,-1.196667038921e-01  
  3.900555804564e-06  ,-1.746022806637e-01  ,-2.728471865197e-01  
  3.900812663330e-06  ,-2.552779804269e-01  ,-3.494381976829e-01  
  3.900981675094e-06  ,-3.083534407405e-01  ,-3.999045209671e-01  
  3.901041757042e-06  ,-3.272192051335e-01  ,-4.178571888576e-01  
  3.901150093140e-06  ,-3.612338075631e-01  ,-4.502434797149e-01  
  3.901339337887e-06  ,-4.206412613934e-01  ,-5.068596178908e-01  
  3.901589072036e-06  ,-4.990143671761e-01  ,-5.816455819002e-01  
  3.902088540332e-06  ,-6.556636081106e-01  ,-7.314139833566e-01  
  3.902675459819e-06  ,-8.395311633081e-01  ,-9.076223060987e-01  
  3.903270388680e-06  ,-1.025616283170e+00  ,-1.086328601171e+00  
  3.903641241329e-06  ,-1.141436469377e+00  ,-1.197712077084e+00  
  3.903871650534e-06  ,-1.213318033593e+00  ,-1.266893040036e+00  
  3.903950312367e-06  ,-1.237844072757e+00  ,-1.290506051771e+00  
  3.904083002551e-06  ,-1.279198448343e+00  ,-1.330330049003e+00  
  3.904236414662e-06  ,-1.326983290149e+00  ,-1.376359978128e+00  
  3.904543238884e-06  ,-1.422459393654e+00  ,-1.468369674660e+00  
  3.904991763836e-06  ,-1.561788986777e+00  ,-1.602724478888e+00  
  3.905888813740e-06  ,-1.839490300166e+00  ,-1.870738431764e+00  
  3.907682913547e-06  ,-2.390291039211e+00  ,-2.402753628156e+00  
  3.911271113163e-06  ,-3.467392734251e+00  ,-3.441143898572e+00  
  3.917306828504e-06  ,-5.173145904968e+00  ,-5.025709539776e+00  
  3.921389001613e-06  ,-6.225174081211e+00  ,-4.230039255956e+00  
  3.925377297407e-06  ,-7.154383533402e+00  ,-2.780584552359e+00  
  3.930669444805e-06  ,-8.211990166251e+00  ,-2.513797666459e+00  
  3.934936392313e-06  ,-8.900975391326e+00  ,-2.428998712023e+00  
  3.939863461262e-06  ,-9.497222451722e+00  ,-2.358647857815e+00  
  3.949717599159e-06  ,-9.999606450947e+00  ,-2.207110727785e+00  
  3.969425874954e-06  ,-8.194865166071e+00  ,-1.896686947801e+00  
  3.994427043205e-06  ,-1.741865225108e+00  ,-1.330222746447e+00  
  3.996713998919e-06  ,-1.030495075446e+00  ,-8.489080287487e-01  
  3.997285737848e-06  ,-8.516776143338e-01  ,-6.895122824663e-01  
  3.997744134819e-06  ,-7.081078468746e-01  ,-5.586883507426e-01  
  3.997988281032e-06  ,-6.315795101716e-01  ,-4.882503720341e-01  
  3.998184790095e-06  ,-5.699559746738e-01  ,-4.312525230758e-01  
  3.998432475334e-06  ,-4.922533810969e-01  ,-3.590714929065e-01  
  3.998904935276e-06  ,-3.439568725799e-01  ,-2.205080606909e-01  
  3.999498560285e-06  ,-1.575254169044e-01  ,-4.510233973720e-02  
  4.000113512581e-06  ,3.566095353822e-02  ,1.377514160267e-01  
  4.000694844132e-06  ,2.182743860860e-01  ,3.113893561046e-01  
  4.000969165197e-06  ,3.044251857159e-01  ,3.935258617367e-01  
  4.001044742024e-06  ,3.281564612645e-01  ,4.161728212445e-01  
  4.001163322670e-06  ,3.653872431836e-01  ,4.517216663847e-01  
  4.001310867449e-06  ,4.117047588918e-01  ,4.959765768588e-01  
  4.001582953339e-06  ,4.970945077048e-01  ,5.776451819430e-01  
  4.002005866921e-06  ,6.297446950436e-01  ,7.047047623765e-01  
  4.002552739536e-06  ,8.011074112949e-01  ,8.691432447366e-01  
  4.003117586678e-06  ,9.778536275036e-01  ,1.039042332233e+00  
  4.003659523284e-06  ,1.147142188746e+00  ,1.202002688832e+00  
  4.003916195786e-06  ,1.227207754742e+00  ,1.279141935324e+00  
  4.004002436256e-06  ,1.254091669187e+00  ,1.305052137019e+00  
  4.004150679527e-06  ,1.300282217932e+00  ,1.349579337518e+00  
  4.004311542219e-06  ,1.350372865417e+00  ,1.397878982509e+00  
  4.004633267602e-06  ,1.450449419136e+00  ,1.494413815636e+00  
  4.005142980447e-06  ,1.608694328775e+00  ,1.647144470398e+00  
  4.006162406137e-06  ,1.923906202698e+00  ,1.951600210192e+00  
  4.008201257518e-06  ,2.548089279219e+00  ,2.554744967124e+00  
  4.012197748950e-06  ,3.738936169672e+00  ,3.701303667363e+00  
  4.018993423512e-06  ,5.619124856692e+00  ,5.100010148016e+00  
  4.022969798377e-06  ,6.605998533929e+00  ,3.574150010570e+00  
  4.026629523566e-06  ,7.423635212985e+00  ,2.706872311584e+00  
  4.032970712712e-06  ,8.602733001996e+00  ,2.313768365612e+00  
  4.039668039611e-06  ,9.477821665785e+00  ,2.428494400436e+00  
  4.051317767432e-06  ,9.991431885495e+00  ,2.150803898798e+00  
  4.066373900702e-06  ,8.705874658295e+00  ,1.965142718756e+00  
  4.091375068953e-06  ,2.676567265368e+00  ,1.451094219312e+00  
  4.094500214985e-06  ,1.719224469047e+00  ,1.242862608153e+00  
  4.095281501492e-06  ,1.476937111386e+00  ,1.139473274224e+00  
  4.096844074508e-06  ,9.898396860374e-01  ,7.959913216245e-01  
  4.098112163326e-06  ,5.927337542996e-01  ,4.446057872327e-01  
  4.098754123976e-06  ,3.913035677366e-01  ,2.592140238302e-01  
  4.098999806872e-06  ,3.141682339028e-01  ,1.875159767893e-01  
  4.099300158402e-06  ,2.198440095156e-01  ,9.943054983959e-02  
  4.099719300127e-06  ,8.818332305705e-02  ,-2.415367028564e-02  
  4.100130199647e-06  ,-4.090331125923e-02  ,-1.459103838977e-01  
  4.100760611897e-06  ,-2.389305356823e-01  ,-3.336120124926e-01  
  4.100993721938e-06  ,-3.121362464795e-01  ,-4.032335093257e-01  
  4.101058134535e-06  ,-3.323615477449e-01  ,-4.224871693142e-01  
  4.101178344997e-06  ,-3.701034538608e-01  ,-4.584381640134e-01  
  4.101320767501e-06  ,-4.148122950048e-01  ,-5.010594794134e-01  
  4.101560629630e-06  ,-4.900898562891e-01  ,-5.729004239193e-01  
  4.101975347573e-06  ,-6.201755019462e-01  ,-6.972570214704e-01  
  4.102523337776e-06  ,-7.918999228317e-01  ,-8.617703143169e-01  
  4.103088184917e-06  ,-9.686606434486e-01  ,-1.031454841140e+00  
  4.103624906117e-06  ,-1.136338001702e+00  ,-1.192684256106e+00  
  4.103890519315e-06  ,-1.219201828077e+00  ,-1.272442194972e+00  
  4.103981032228e-06  ,-1.247420199902e+00  ,-1.299614090566e+00  
  4.104138076497e-06  ,-1.296356371385e+00  ,-1.346747930827e+00  
  4.104293048574e-06  ,-1.344615904069e+00  ,-1.393244411461e+00  
  4.104602992726e-06  ,-1.441038211453e+00  ,-1.486183432239e+00  
  4.105164859636e-06  ,-1.615477974876e+00  ,-1.654435817870e+00  
  4.106288593454e-06  ,-1.962793305848e+00  ,-1.989744503524e+00  
  4.108536061091e-06  ,-2.649656203566e+00  ,-2.653204639238e+00  
  4.112622704549e-06  ,-3.862420222386e+00  ,-3.819487844769e+00  
  4.119905647082e-06  ,-5.853845980518e+00  ,-4.849328834602e+00  
  4.124064561171e-06  ,-6.860242267763e+00  ,-3.287970516267e+00  
  4.127817418618e-06  ,-7.668443468269e+00  ,-2.596917207556e+00  
  4.134563919349e-06  ,-8.847034907098e+00  ,-2.307694996714e+00  
  4.141578640981e-06  ,-9.652063933690e+00  ,-2.393349440618e+00  
  4.155172970338e-06  ,-9.868236937349e+00  ,-2.088612800602e+00  
  4.172845747514e-06  ,-7.533069566951e+00  ,-1.862959940955e+00  
  4.175970893545e-06  ,-6.852133931164e+00  ,-1.786113278452e+00  
  4.182221185608e-06  ,-5.299468816574e+00  ,-1.666219996145e+00  
  4.194721769733e-06  ,-1.650616262460e+00  ,-1.256578340186e+00  
  4.196902554674e-06  ,-9.715561646418e-01  ,-7.859228620155e-01  
  4.197447750909e-06  ,-8.009538283704e-01  ,-6.356289934269e-01  
  4.197968732757e-06  ,-6.377084014852e-01  ,-4.881059171195e-01  
  4.198107057443e-06  ,-5.943349868042e-01  ,-4.484549004291e-01  
  4.198283193825e-06  ,-5.390891105287e-01  ,-3.977278298246e-01  
  4.198543917580e-06  ,-4.572822650964e-01  ,-3.222048447976e-01  
  4.198972512228e-06  ,-3.227387496014e-01  ,-1.971232441478e-01  
  4.199521992547e-06  ,-1.501648259979e-01  ,-3.542364571028e-02  
  4.200105186744e-06  ,3.304532997067e-02  ,1.374190188227e-01  
  4.200663142098e-06  ,2.083171645277e-01  ,3.036395786500e-01  
  4.200932108058e-06  ,2.927885342610e-01  ,3.839951976481e-01  
  4.201004355406e-06  ,3.154752039380e-01  ,4.055999121874e-01  
  4.201130409917e-06  ,3.550541077932e-01  ,4.433156558617e-01  
  4.201267593732e-06  ,3.981210699939e-01  ,4.843872103853e-01  
  4.201541961363e-06  ,4.842320105380e-01  ,5.666017334312e-01  
  4.202020195505e-06  ,6.342371537648e-01  ,7.100858204017e-01  
  4.202599571278e-06  ,8.157718777739e-01  ,8.841150061599e-01  
  4.203257830074e-06  ,1.021691606641e+00  ,1.081937890385e+00  
  4.203673106810e-06  ,1.151381303688e+00  ,1.206712646964e+00  
  4.203926705947e-06  ,1.230484594399e+00  ,1.282879006026e+00  
  4.204004808987e-06  ,1.254831196005e+00  ,1.306330050560e+00  
  4.204142551595e-06  ,1.297750388747e+00  ,1.347679513681e+00  
  4.204302529531e-06  ,1.347567326236e+00  ,1.395687940266e+00  
  4.204622485401e-06  ,1.447097828458e+00  ,1.491645197949e+00  
  4.205092523905e-06  ,1.593047377258e+00  ,1.632438720847e+00  
  4.206032600911e-06  ,1.883872627850e+00  ,1.913212210918e+00  
  4.207912754925e-06  ,2.460341814245e+00  ,2.470113684337e+00  
  4.211673062952e-06  ,3.585555408492e+00  ,3.554308907572e+00  
  4.218099188717e-06  ,5.384552041031e+00  ,5.171877250826e+00  
  4.222064387711e-06  ,6.389812784790e+00  ,3.926264024225e+00  
  4.225767698796e-06  ,7.239534636355e+00  ,2.764064175107e+00  
  4.231822785648e-06  ,8.413317188413e+00  ,2.274372982238e+00  
  4.238419529708e-06  ,9.345474409104e+00  ,2.279152597838e+00  
  4.247699972900e-06  ,9.973905637674e+00  ,2.294509536399e+00  
  4.265164133819e-06  ,8.886537253949e+00  ,1.926775824855e+00  
  4.290165302070e-06  ,3.040739013136e+00  ,1.528515114206e+00  
  4.293290448101e-06  ,2.092293397385e+00  ,1.312725012254e+00  
  4.294071734609e-06  ,1.851671490339e+00  ,1.249699697863e+00  
  4.295634307625e-06  ,1.367226857699e+00  ,1.065600987903e+00  
  4.297048800351e-06  ,9.258189906322e-01  ,7.387521568979e-01  
  4.298177935841e-06  ,5.721057886967e-01  ,4.246467155156e-01  
  4.298874285730e-06  ,3.535798532192e-01  ,2.234415863784e-01  
  4.299184648978e-06  ,2.561220678972e-01  ,1.327199729786e-01  
  4.299552428262e-06  ,1.406041751002e-01  ,2.459600270365e-02  
  4.300032152520e-06  ,-1.010101049761e-02  ,-1.172417149853e-01  
  4.300497441279e-06  ,-1.562694257963e-01  ,-2.554975496128e-01  
  4.300765103387e-06  ,-2.403411734776e-01  ,-3.352707969026e-01  
  4.301030437188e-06  ,-3.236648520820e-01  ,-4.144906132694e-01  
  4.301090274664e-06  ,-3.424529173130e-01  ,-4.323732169768e-01  
  4.301195735304e-06  ,-3.755629814172e-01  ,-4.639050241270e-01  
  4.301359904191e-06  ,-4.270965492417e-01  ,-5.130231809747e-01  
  4.301535970723e-06  ,-4.823521948968e-01  ,-5.657413070256e-01  
  4.301844611024e-06  ,-5.791773496279e-01  ,-6.582402055299e-01  
  4.302461891627e-06  ,-7.726552053451e-01  ,-8.434736552531e-01  
  4.303043688839e-06  ,-9.547465829725e-01  ,-1.018210329834e+00  
  4.303595218068e-06  ,-1.127071145409e+00  ,-1.183864961661e+00  
  4.303886302939e-06  ,-1.217887085320e+00  ,-1.271261683056e+00  
  4.303983777488e-06  ,-1.248275907579e+00  ,-1.300519832648e+00  
  4.304133557441e-06  ,-1.294948634731e+00  ,-1.345468184689e+00  
  4.304291998694e-06  ,-1.344289069072e+00  ,-1.393000464888e+00  
  4.304608881200e-06  ,-1.442868796826e+00  ,-1.488009344122e+00  
  4.305242646212e-06  ,-1.639589513133e+00  ,-1.677746438265e+00  
  4.306510176236e-06  ,-2.031003384828e+00  ,-2.055650973694e+00  
  4.308960672194e-06  ,-2.778044318640e+00  ,-2.777133888072e+00  
  4.313313301379e-06  ,-4.061616479411e+00  ,-4.009179709368e+00  
  4.321201976115e-06  ,-6.179084258491e+00  ,-4.428212512908e+00  
  4.325556840474e-06  ,-7.193678409551e+00  ,-2.983464856673e+00  
  4.329792495543e-06  ,-8.051680917247e+00  ,-2.462378311798e+00  
  4.337222959572e-06  ,-9.205139043125e+00  ,-2.292599734870e+00  
  4.344998385483e-06  ,-9.876804047284e+00  ,-2.332642648095e+00  
  4.360549237305e-06  ,-9.455831801954e+00  ,-2.004776178192e+00  
  4.384587790543e-06  ,-4.654905932623e+00  ,-1.656793401813e+00  
  4.387712936575e-06  ,-3.764945314875e+00  ,-1.537259429401e+00  
  4.393963228637e-06  ,-1.885159338489e+00  ,-1.261656619241e+00  
  4.395525801653e-06  ,-1.400986895518e+00  ,-1.083975315205e+00  
  4.395804453367e-06  ,-1.314256672636e+00  ,-1.034121934196e+00  
  4.396361756796e-06  ,-1.140500731574e+00  ,-9.129142910933e-01  
  4.396983973408e-06  ,-9.460955709493e-01  ,-7.553964846934e-01  
  4.397607121343e-06  ,-7.510371568384e-01  ,-5.855186714448e-01  
  4.397915389115e-06  ,-6.544317871413e-01  ,-4.989569771391e-01  
  4.398032433080e-06  ,-6.177358246310e-01  ,-4.657688687938e-01  
  4.398212387884e-06  ,-5.612997543680e-01  ,-4.144508892453e-01  
  4.398503798718e-06  ,-4.698724262318e-01  ,-3.306952815681e-01  
  4.399046573514e-06  ,-2.994829785609e-01  ,-1.729823347417e-01  
  4.399682480568e-06  ,-9.975001720268e-02  ,1.387230978559e-02  
  4.400287840242e-06  ,9.042644643073e-02  ,1.932077177618e-01  
  4.400690963218e-06  ,2.170554497564e-01  ,3.132021929698e-01  
  4.400938043097e-06  ,2.946522774038e-01  ,3.869194912974e-01  
  4.401002595393e-06  ,3.149225541539e-01  ,4.061985486190e-01  
  4.401111932663e-06  ,3.492529078957e-01  ,4.388700705923e-01  
  4.401249791687e-06  ,3.925327646870e-01  ,4.800916409311e-01  
  4.401489607250e-06  ,4.678031279736e-01  ,5.518646470625e-01  
  4.401894825703e-06  ,5.949255475387e-01  ,6.732954185240e-01  
  4.402481000131e-06  ,7.786402333596e-01  ,8.491946475700e-01  
  4.403070527321e-06  ,9.631392836875e-01  ,1.026244836209e+00  
  4.403622335946e-06  ,1.135535785041e+00  ,1.191972852397e+00  
  4.403899450978e-06  ,1.221986811939e+00  ,1.275169240552e+00  
  4.403990173439e-06  ,1.250269513393e+00  ,1.302399102418e+00  
  4.404152968625e-06  ,1.300995250539e+00  ,1.351250097058e+00  
  4.404307638021e-06  ,1.349157549955e+00  ,1.397647263599e+00  
  4.404616976814e-06  ,1.445385448996e+00  ,1.490388291483e+00  
  4.405229507672e-06  ,1.635517637539e+00  ,1.673764106904e+00  
  4.406454569386e-06  ,2.013894986032e+00  ,2.039058992247e+00  
  4.408904692816e-06  ,2.761145834506e+00  ,2.760744866351e+00  
  4.413191011833e-06  ,4.026479815461e+00  ,3.975656421003e+00  
  4.421011141228e-06  ,6.131835798296e+00  ,4.489145067059e+00  
  4.425405493664e-06  ,7.160569677037e+00  ,3.008598078440e+00  
  4.429530880140e-06  ,8.002667666854e+00  ,2.478068737255e+00  
  4.436887583422e-06  ,9.163463094903e+00  ,2.295494545323e+00  
  4.444543800043e-06  ,9.853449711602e+00  ,2.340284802628e+00  
  4.459856233286e-06  ,9.524425062937e+00  ,2.015732756204e+00  
  4.482887468027e-06  ,5.120812063499e+00  ,1.689585955594e+00  
  4.486012614058e-06  ,4.254206911701e+00  ,1.597642172987e+00  
  4.492262906121e-06  ,2.406815416551e+00  ,1.371171693992e+00  
  4.493825479137e-06  ,1.927640915484e+00  ,1.262709226054e+00  
  4.496466337429e-06  ,1.107854038423e+00  ,8.901859721035e-01  
  4.498186117696e-06  ,5.695395742247e-01  ,4.233304590908e-01  
  4.499086986022e-06  ,2.867924715821e-01  ,1.620643350016e-01  
  4.499443403171e-06  ,1.748511400410e-01  ,5.736000324227e-02  
  4.499899192439e-06  ,3.166957624580e-02  ,-7.729072234334e-02  
  4.500396146165e-06  ,-1.244497755993e-01  ,-2.248585332884e-01  
  4.500763925450e-06  ,-2.399712204519e-01  ,-3.344701909504e-01  
  4.501055010321e-06  ,-3.313805874002e-01  ,-4.214125799402e-01  
  4.501130470732e-06  ,-3.550732014552e-01  ,-4.439749866511e-01  
  4.501223335234e-06  ,-3.842274960110e-01  ,-4.717538247383e-01  
  4.501392859226e-06  ,-4.374400013039e-01  ,-5.224956162837e-01  
  4.501562196953e-06  ,-4.905816529756e-01  ,-5.732183589486e-01  
  4.501870837254e-06  ,-5.874025345700e-01  ,-6.657472043183e-01  
  4.502488117857e-06  ,-7.808695245930e-01  ,-8.510282919140e-01  
  4.503059391124e-06  ,-9.596569501725e-01  ,-1.022634361381e+00  
  4.503611665411e-06  ,-1.132205156540e+00  ,-1.188533199807e+00  
  4.503892691998e-06  ,-1.219879301530e+00  ,-1.272918170326e+00  
  4.503986464540e-06  ,-1.249113462720e+00  ,-1.301067864836e+00  
  4.504152263241e-06  ,-1.300775530805e+00  ,-1.350827320579e+00  
  4.504305139842e-06  ,-1.348379895119e+00  ,-1.396692955168e+00  
  4.504610893043e-06  ,-1.443494219350e+00  ,-1.488371405572e+00  
  4.505222399445e-06  ,-1.633314551034e+00  ,-1.671464412420e+00  
  4.506445412250e-06  ,-2.011077045638e+00  ,-2.036193395489e+00  
  4.508891437860e-06  ,-2.757143311312e+00  ,-2.756773776221e+00  
  4.513147954555e-06  ,-4.014094273625e+00  ,-3.963964100100e+00  
  4.520953182789e-06  ,-6.117442263377e+00  ,-4.510453235651e+00  
  4.525404904695e-06  ,-7.160440517213e+00  ,-3.007835868970e+00  
  4.529489312978e-06  ,-7.994830267215e+00  ,-2.481064725504e+00  
  4.537658129545e-06  ,-9.257692140117e+00  ,-2.276517964122e+00  
  4.545012597652e-06  ,-9.877501748275e+00  ,-2.332976950752e+00  
  4.559721533867e-06  ,-9.537234533873e+00  ,-2.018321714927e+00  
  4.582544152351e-06  ,-5.213153763457e+00  ,-1.695676066641e+00  
  4.585669298382e-06  ,-4.351566615183e+00  ,-1.605623580314e+00  
  4.591919590445e-06  ,-2.511358683810e+00  ,-1.387546580178e+00  
  4.593482163461e-06  ,-2.033359723651e+00  ,-1.286805498002e+00  
  4.596607309492e-06  ,-1.063828257283e+00  ,-8.543781403047e-01  
  4.598497894319e-06  ,-4.717252909652e-01  ,-3.334662984430e-01  
  4.599505399080e-06  ,-1.553772091171e-01  ,-3.903101561962e-02  
  4.599937160226e-06  ,-1.974168454417e-02  ,8.859685865618e-02  
  4.600520075025e-06  ,1.633791185291e-01  ,2.618118125967e-01  
  4.600821404444e-06  ,2.580231778888e-01  ,3.516722641954e-01  
  4.601065131562e-06  ,3.345585059654e-01  ,4.244804368524e-01  
  4.601121494040e-06  ,3.522548546198e-01  ,4.413318542140e-01  
  4.601234218996e-06  ,3.876441831697e-01  ,4.750498373223e-01  
  4.601408678997e-06  ,4.424051174294e-01  ,5.272694495624e-01  
  4.601595292758e-06  ,5.009662204985e-01  ,5.831696598024e-01  
  4.601968520280e-06  ,6.180347590779e-01  ,6.950795498069e-01  
  4.602503565099e-06  ,7.857075086503e-01  ,8.556905104627e-01  
  4.603050717112e-06  ,9.569444701302e-01  ,1.020047095900e+00  
  4.603572164621e-06  ,1.119874543619e+00  ,1.176685201963e+00  
  4.603845274966e-06  ,1.205092706954e+00  ,1.258696589478e+00  
  4.604015008505e-06  ,1.258010077525e+00  ,1.309649024186e+00  
  4.604159410071e-06  ,1.303001664798e+00  ,1.352984421750e+00  
  4.604330494028e-06  ,1.356271977607e+00  ,1.404309720139e+00  
  4.604672661941e-06  ,1.462693525585e+00  ,1.506892762024e+00  
  4.605356997769e-06  ,1.675017296354e+00  ,1.711716351152e+00  
  4.606725669425e-06  ,2.097244527324e+00  ,2.119436219733e+00  
  4.609211928170e-06  ,2.853784336498e+00  ,2.850031352636e+00  
  4.613971359055e-06  ,4.249649723959e+00  ,4.187134480104e+00  
  4.620193338912e-06  ,5.926882850288e+00  ,4.782913576168e+00  
  4.623793086927e-06  ,6.797941138652e+00  ,3.369762766497e+00  
  4.627379796427e-06  ,7.579480345852e+00  ,2.656869100548e+00  
  4.633747062605e-06  ,8.724509129061e+00  ,2.327647060892e+00  
  4.640391490381e-06  ,9.547851002545e+00  ,2.407326442871e+00  
  4.653376362246e-06  ,9.943796858843e+00  ,2.121269604860e+00  
  4.669639489572e-06  ,8.156220851234e+00  ,1.883257772804e+00  
  4.694640657824e-06  ,1.675743403364e+00  ,1.337662644090e+00  
  4.697089291137e-06  ,9.131523234003e-01  ,7.501151164332e-01  
  4.697701449465e-06  ,7.214835434331e-01  ,5.745657874071e-01  
  4.698291628581e-06  ,5.364430882404e-01  ,4.027950434002e-01  
  4.698406623635e-06  ,5.003649227297e-01  ,3.691078487367e-01  
  4.698532957543e-06  ,4.607218331914e-01  ,3.320317854144e-01  
  4.698785625357e-06  ,3.814145066539e-01  ,2.576779899556e-01  
  4.699290960986e-06  ,2.227327553437e-01  ,1.082583115548e-01  
  4.699795179028e-06  ,6.434596203685e-02  ,-4.160627154813e-02  
  4.700299955863e-06  ,-9.423251905665e-02  ,-1.922391363852e-01  
  4.700693346519e-06  ,-2.178040088528e-01  ,-3.099612423204e-01  
  4.700921683531e-06  ,-2.895149610926e-01  ,-3.783968943342e-01  
  4.700980438344e-06  ,-3.079650888516e-01  ,-3.960176581822e-01  
  4.701090183068e-06  ,-3.424241585911e-01  ,-4.289417475920e-01  
  4.701210835908e-06  ,-3.803035867888e-01  ,-4.651537314439e-01  
  4.701452141587e-06  ,-4.560455072635e-01  ,-5.376209105539e-01  
  4.701846370433e-06  ,-5.797291552387e-01  ,-6.561138610375e-01  
  4.702480694238e-06  ,-7.785444259936e-01  ,-8.469412977484e-01  
  4.703092200641e-06  ,-9.699162797420e-01  ,-1.030968251910e+00  
  4.703666826669e-06  ,-1.149421438042e+00  ,-1.203831555982e+00  
  4.703942591283e-06  ,-1.235437041870e+00  ,-1.286736197055e+00  
  4.704029250849e-06  ,-1.262448769049e+00  ,-1.312779832348e+00  
  4.704184292775e-06  ,-1.310751753669e+00  ,-1.359361364762e+00  
  4.704345667694e-06  ,-1.360994724278e+00  ,-1.407825964422e+00  
  4.704668417532e-06  ,-1.461374433219e+00  ,-1.504686756532e+00  
  4.705303393263e-06  ,-1.658412501006e+00  ,-1.694928820610e+00  
  4.706573344726e-06  ,-2.050430729133e+00  ,-2.073716356476e+00  
  4.709113247652e-06  ,-2.824058467030e+00  ,-2.821190002482e+00  
  4.713620103855e-06  ,-4.149503041498e+00  ,-4.092613537272e+00  
  4.720713801641e-06  ,-6.057779442226e+00  ,-4.667197440723e+00  
  4.724605984945e-06  ,-6.983000188818e+00  ,-3.221216635722e+00  
  4.728574909229e-06  ,-7.818996552046e+00  ,-2.549140582343e+00  
  4.735448814888e-06  ,-8.973189806412e+00  ,-2.298667861289e+00  
  4.742687798996e-06  ,-9.737302885538e+00  ,-2.375125372394e+00  
  4.756986953277e-06  ,-9.760060913969e+00  ,-2.059075942789e+00  
  4.775988914032e-06  ,-6.848009466637e+00  ,-1.811893276470e+00  
  4.779114060063e-06  ,-6.100717603592e+00  ,-1.729489688580e+00  
  4.785364352126e-06  ,-4.437621113364e+00  ,-1.592234666007e+00  
  4.786926925141e-06  ,-3.992537447407e+00  ,-1.552528269049e+00  
  4.790052071173e-06  ,-3.074607823486e+00  ,-1.453364594252e+00  
  4.796302363235e-06  ,-1.159036022604e+00  ,-9.395340170838e-01  
  4.797056734521e-06  ,-9.233370744332e-01  ,-7.424895833157e-01  
  4.798565477092e-06  ,-4.505161254402e-01  ,-3.152637515452e-01  
  4.799649164040e-06  ,-1.102161360126e-01  ,2.499717169453e-03  
  4.800314221490e-06  ,9.871398925152e-02  ,1.998229532090e-01  
  4.800783887465e-06  ,2.462406187562e-01  ,3.398612678171e-01  
  4.801099140156e-06  ,3.452364469565e-01  ,4.340913372333e-01  
  4.801184286322e-06  ,3.719686911626e-01  ,4.595685864197e-01  
  4.801282575779e-06  ,4.028240428741e-01  ,4.889921384515e-01  
  4.801465650514e-06  ,4.602850051399e-01  ,5.438299034183e-01  
  4.801642648369e-06  ,5.158241843687e-01  ,5.968841818511e-01  
  4.801996644080e-06  ,6.268529787498e-01  ,7.030825849762e-01  
  4.802515204489e-06  ,7.893527739956e-01  ,8.588038446023e-01  
  4.803047082812e-06  ,9.558079546168e-01  ,1.018617465541e+00  
  4.803558378905e-06  ,1.115570771341e+00  ,1.172242583383e+00  
  4.803828509018e-06  ,1.199863748133e+00  ,1.253377084378e+00  
  4.804007346235e-06  ,1.255621991716e+00  ,1.307073490394e+00  
  4.804093249101e-06  ,1.282390984773e+00  ,1.332859735017e+00  
  4.804224891547e-06  ,1.323395124477e+00  ,1.372366967756e+00  
  4.804488176439e-06  ,1.405334797940e+00  ,1.451343901994e+00  
  4.804802823771e-06  ,1.503132931857e+00  ,1.545651014964e+00  
  4.805432118434e-06  ,1.698279039334e+00  ,1.733953216785e+00  
  4.806690707762e-06  ,2.086504001921e+00  ,2.108877520050e+00  
  4.809207886416e-06  ,2.852567361963e+00  ,2.848719026900e+00  
  4.813986688811e-06  ,4.254008707607e+00  ,4.191127774121e+00  
  4.820134907920e-06  ,5.912087850763e+00  ,4.796120677484e+00  
  4.823711931664e-06  ,6.779220458004e+00  ,3.385781220040e+00  
  4.827259525616e-06  ,7.554779109250e+00  ,2.665654709813e+00  
  4.833605930168e-06  ,8.702755355227e+00  ,2.327795654492e+00  
  4.840211614925e-06  ,9.530898537150e+00  ,2.295128612074e+00  
  4.852575108368e-06  ,9.967294266328e+00  ,2.201626835893e+00  
  4.873272821266e-06  ,7.444155276875e+00  ,1.805886363306e+00  
  4.876397967298e-06  ,6.753799037638e+00  ,1.767581472331e+00  
  4.882648259360e-06  ,5.185215649828e+00  ,1.659827356476e+00  
  4.895148843486e-06  ,1.518142856074e+00  ,1.211380149039e+00  
  4.896388620097e-06  ,1.132116038229e+00  ,9.303422785199e-01  
  4.898868173320e-06  ,3.554989161234e-01  ,2.295713354388e-01  
  4.899998798925e-06  ,3.773287071656e-04  ,-1.046959026105e-01  
  4.900565322448e-06  ,-1.775919484000e-01  ,-2.735539312865e-01  
  4.900913497392e-06  ,-2.869442781122e-01  ,-3.776381106071e-01  
  4.900994743645e-06  ,-3.124570687712e-01  ,-4.019522797428e-01  
  4.901123871520e-06  ,-3.530012975524e-01  ,-4.406172198627e-01  
  4.901265060022e-06  ,-3.973257114485e-01  ,-4.829187073595e-01  
  4.901547437027e-06  ,-4.859502161160e-01  ,-5.675917596256e-01  
  4.902112191036e-06  ,-6.630775262410e-01  ,-7.371535772602e-01  
  4.902764675632e-06  ,-8.674568565352e-01  ,-9.332649696921e-01  
  4.903358952567e-06  ,-1.053288722238e+00  ,-1.111921920974e+00  
  4.903779444709e-06  ,-1.184559679622e+00  ,-1.238288403189e+00  
  4.904045570135e-06  ,-1.267534438425e+00  ,-1.318223415270e+00  
  4.904120623093e-06  ,-1.290919296620e+00  ,-1.340759156692e+00  
  4.904245583300e-06  ,-1.329838174605e+00  ,-1.378271841859e+00  
  4.904406236444e-06  ,-1.379843428623e+00  ,-1.426482269420e+00  
  4.904622023884e-06  ,-1.446954364636e+00  ,-1.491204069856e+00  
  4.905053598765e-06  ,-1.580973663044e+00  ,-1.620512232571e+00  
  4.905916748527e-06  ,-1.848115808008e+00  ,-1.878447389263e+00  
  4.907643048052e-06  ,-2.378128096928e+00  ,-2.390523777047e+00  
  4.911095647100e-06  ,-3.415635850597e+00  ,-3.391070160539e+00  
  4.917222259525e-06  ,-5.150390794306e+00  ,-5.004928631905e+00  
  4.921372232918e-06  ,-6.221050417227e+00  ,-4.219960278415e+00  
  4.925439504866e-06  ,-7.168024119289e+00  ,-2.762307947951e+00  
  4.930689183954e-06  ,-8.215527272464e+00  ,-2.516392264130e+00  
  4.934956131462e-06  ,-8.903800017826e+00  ,-2.431700946489e+00  
  4.939892886166e-06  ,-9.500112664750e+00  ,-2.359228660198e+00  
  4.949766395573e-06  ,-9.999730703977e+00  ,-2.206198124420e+00  
  4.969513414387e-06  ,-8.179073229707e+00  ,-1.895381408750e+00  
  4.994514582638e-06  ,-1.714777769994e+00  ,-1.323805869408e+00  
  4.996801538352e-06  ,-1.003136299943e+00  ,-8.256979225935e-01  
  5.001375449780e-06  ,4.319758328695e-01  ,5.144735182616e-01  
  5.003250015859e-06  ,1.019249514116e+00  ,1.078447894833e+00  
  5.003754513297e-06  ,1.176782028704e+00  ,1.230202169142e+00  
  5.004218731035e-06  ,1.321476740359e+00  ,1.369704509635e+00  
  5.004299337003e-06  ,1.346573505757e+00  ,1.393910792804e+00  
  5.004460548941e-06  ,1.396740970576e+00  ,1.442307442362e+00  
  5.004627837759e-06  ,1.448761601509e+00  ,1.492503272394e+00  
  5.004915942397e-06  ,1.538256871221e+00  ,1.578884490772e+00  
  5.005492151674e-06  ,1.716862040997e+00  ,1.751356143529e+00  
  5.006644570228e-06  ,2.072326301751e+00  ,2.094824195580e+00  
  5.008949407335e-06  ,2.774644486759e+00  ,2.773402897211e+00  
  5.013559081551e-06  ,4.132053059080e+00  ,4.075927988180e+00  
  5.021611669060e-06  ,6.279766989693e+00  ,4.292049376703e+00  
  5.025918849703e-06  ,7.272210678972e+00  ,2.923491713048e+00  
  5.030415275093e-06  ,8.166163229954e+00  ,2.428682042566e+00  
  5.038546838757e-06  ,9.359631501032e+00  ,2.275035085064e+00  
  5.046453394886e-06  ,9.937992234234e+00  ,2.308233717054e+00  
  5.062266507145e-06  ,9.266617852873e+00  ,1.978132354608e+00  
  5.087267675396e-06  ,3.894162923842e+00  ,1.599441010805e+00  
  5.090392821427e-06  ,2.972569165141e+00  ,1.449885927916e+00  
  5.096643113490e-06  ,1.052643259515e+00  ,8.581723624501e-01  
  5.097591758665e-06  ,7.558497659820e-01  ,5.969825165702e-01  
  5.098952048417e-06  ,3.291642293181e-01  ,2.039325814268e-01  
  5.099236241501e-06  ,2.399187864327e-01  ,1.203829461443e-01  
  5.099578455981e-06  ,1.324280883683e-01  ,1.935500955406e-02  
  5.100068238523e-06  ,-2.143774778689e-02  ,-1.259117974276e-01  
  5.100534831133e-06  ,-1.680142500146e-01  ,-2.648943966542e-01  
  5.100798581686e-06  ,-2.508555183744e-01  ,-3.436573464608e-01  
  5.100994345691e-06  ,-3.123321088115e-01  ,-4.021991321894e-01  
  5.101050370565e-06  ,-3.299237621186e-01  ,-4.189641303546e-01  
  5.101161442423e-06  ,-3.647969399277e-01  ,-4.522151253793e-01  
  5.101332456531e-06  ,-4.184813231760e-01  ,-5.034430816832e-01  
  5.101550409297e-06  ,-4.868828767919e-01  ,-5.687821784561e-01  
  5.101986314828e-06  ,-6.236142974094e-01  ,-6.995970141511e-01  
  5.102537285263e-06  ,-7.962678182513e-01  ,-8.651184506080e-01  
  5.103106695885e-06  ,-9.744485239618e-01  ,-1.036267599878e+00  
  5.103650308872e-06  ,-1.144266457560e+00  ,-1.199637554346e+00  
  5.103911544854e-06  ,-1.225757652685e+00  ,-1.278108858319e+00  
  5.103998728288e-06  ,-1.252935964973e+00  ,-1.304289929318e+00  
  5.104149392998e-06  ,-1.299881473189e+00  ,-1.349523674233e+00  
  5.104309487348e-06  ,-1.349733219075e+00  ,-1.397571558319e+00  
  5.104629676050e-06  ,-1.449333022349e+00  ,-1.493606680425e+00  
  5.105155593907e-06  ,-1.612605227261e+00  ,-1.651132684768e+00  
  5.106207429623e-06  ,-1.937784576399e+00  ,-1.965127203920e+00  
  5.108311101055e-06  ,-2.581443334232e+00  ,-2.586958771428e+00  
  5.112374647712e-06  ,-3.790421829627e+00  ,-3.750372585951e+00  
  5.119328274583e-06  ,-5.705830590808e+00  ,-5.005618603232e+00  
  5.123364999151e-06  ,-6.698695637793e+00  ,-3.456258978164e+00  
  5.127048566198e-06  ,-7.511191941123e+00  ,-2.663310363090e+00  
  5.133547707653e-06  ,-8.693731221369e+00  ,-2.311923390918e+00  
  5.140359028434e-06  ,-9.544814139002e+00  ,-2.415766575326e+00  
  5.152718051529e-06  ,-9.963564794937e+00  ,-2.128005659796e+00  
  5.168698056793e-06  ,-8.323751087745e+00  ,-1.928933719016e+00  
  5.193699225044e-06  ,-1.966545652309e+00  ,-1.358984934418e+00  
  5.196143760538e-06  ,-1.208512129891e+00  ,-9.903763794199e-01  
  5.196754894411e-06  ,-1.017714929017e+00  ,-8.302883545149e-01  
  5.197977162158e-06  ,-6.350655950279e-01  ,-4.875199533456e-01  
  5.198486688739e-06  ,-4.752416794793e-01  ,-3.402135315570e-01  
  5.198667155771e-06  ,-4.186030155010e-01  ,-2.876080459970e-01  
  5.198868205031e-06  ,-3.554889599488e-01  ,-2.287872179533e-01  
  5.199270303553e-06  ,-2.292208220514e-01  ,-1.105617668016e-01  
  5.199763997650e-06  ,-7.414164569735e-02  ,3.545558927916e-02  
  5.200218343368e-06  ,6.859405410125e-02  ,1.704982990565e-01  
  5.200650104513e-06  ,2.042221579487e-01  ,2.992834560609e-01  
  5.200887079542e-06  ,2.786481854701e-01  ,3.701173406442e-01  
  5.200951026479e-06  ,2.987293314387e-01  ,3.892479368455e-01  
  5.201075078646e-06  ,3.376817087767e-01  ,4.263780231155e-01  
  5.201188362395e-06  ,3.732483380051e-01  ,4.603039204061e-01  
  5.201414929895e-06  ,4.443669635114e-01  ,5.282044716990e-01  
  5.201868064893e-06  ,5.865330733256e-01  ,6.641661670132e-01  
  5.202607535018e-06  ,8.182653960066e-01  ,8.863382685777e-01  
  5.203288611216e-06  ,1.031310704846e+00  ,1.091075416477e+00  
  5.203702770365e-06  ,1.160637906503e+00  ,1.215539121942e+00  
  5.203968709527e-06  ,1.243579053506e+00  ,1.295423974707e+00  
  5.204045171110e-06  ,1.267410091976e+00  ,1.318384914774e+00  
  5.204182983568e-06  ,1.310344001654e+00  ,1.359759775394e+00  
  5.204348735703e-06  ,1.361949593135e+00  ,1.409504979973e+00  
  5.204624640016e-06  ,1.447767592465e+00  ,1.492259560789e+00  
  5.205111535458e-06  ,1.598943474350e+00  ,1.638119560056e+00  
  5.206085326342e-06  ,1.900137633897e+00  ,1.928949497975e+00  
  5.208032908110e-06  ,2.496911129022e+00  ,2.505518685453e+00  
  5.211915405659e-06  ,3.656522726658e+00  ,3.622502353219e+00  
  5.218515875010e-06  ,5.494395903540e+00  ,5.182768463162e+00  
  5.222431155113e-06  ,6.478019048993e+00  ,3.754570015693e+00  
  5.226083802251e-06  ,7.307683235411e+00  ,2.776386901365e+00  
  5.232187317876e-06  ,8.474665021885e+00  ,2.319513776106e+00  
  5.238730417756e-06  ,9.379782291498e+00  ,2.444627737199e+00  
  5.249495016603e-06  ,9.998741611211e+00  ,2.181442245070e+00  
  5.263394819764e-06  ,9.127580796441e+00  ,2.010657874891e+00  
  5.288395988015e-06  ,3.565296388999e+00  ,1.536102387544e+00  
  5.291521134047e-06  ,2.632325781374e+00  ,1.395770850012e+00  
  5.292302420555e-06  ,2.394764654812e+00  ,1.353845720899e+00  
  5.293864993570e-06  ,1.915458427591e+00  ,1.252231313612e+00  
  5.295855788706e-06  ,1.298267387418e+00  ,1.022375648712e+00  
  5.297762392281e-06  ,7.023863781007e-01  ,5.427142527152e-01  
  5.298677696107e-06  ,4.152945507624e-01  ,2.808034267798e-01  
  5.299044823466e-06  ,3.000325253717e-01  ,1.738298335989e-01  
  5.299467411084e-06  ,1.673099358400e-01  ,4.979925645581e-02  
  5.299997892423e-06  ,6.621149703964e-04  ,-1.069501453557e-01  
  5.300476219697e-06  ,-1.496032490858e-01  ,-2.490539272534e-01  
  5.300765441922e-06  ,-2.404474968852e-01  ,-3.352512936200e-01  
  5.301054198487e-06  ,-3.311256822278e-01  ,-4.214749027936e-01  
  5.301126620458e-06  ,-3.538643624275e-01  ,-4.431229957005e-01  
  5.301222523401e-06  ,-3.839726390783e-01  ,-4.718032086801e-01  
  5.301392350072e-06  ,-4.372801988968e-01  ,-5.226235522931e-01  
  5.301555354806e-06  ,-4.884347057978e-01  ,-5.714380851138e-01  
  5.301821526797e-06  ,-5.719372478740e-01  ,-6.512121766921e-01  
  5.302353870781e-06  ,-7.388165208281e-01  ,-8.109411680381e-01  
  5.302914899500e-06  ,-9.144633424516e-01  ,-9.794289044902e-01  
  5.303425357403e-06  ,-1.074032065394e+00  ,-1.132759898089e+00  
  5.303742752137e-06  ,-1.173112743712e+00  ,-1.228075964280e+00  
  5.304042172344e-06  ,-1.266475593529e+00  ,-1.317958370568e+00  
  5.304106678074e-06  ,-1.286574873077e+00  ,-1.337315958182e+00  
  5.304235689534e-06  ,-1.326757498804e+00  ,-1.376023533294e+00  
  5.304391243687e-06  ,-1.375178217294e+00  ,-1.422679550224e+00  
  5.304567799164e-06  ,-1.430096349330e+00  ,-1.475612002009e+00  
  5.304920910118e-06  ,-1.539798933193e+00  ,-1.581393596911e+00  
  5.305627132026e-06  ,-1.758622160248e+00  ,-1.792545567584e+00  
  5.307039575843e-06  ,-2.193564412851e+00  ,-2.212593826735e+00  
  5.309864463476e-06  ,-3.049646014372e+00  ,-3.039009851658e+00  
  5.315160336165e-06  ,-4.584728184787e+00  ,-4.501297665126e+00  
  5.319580765633e-06  ,-5.770793123898e+00  ,-4.919389139080e+00  
  5.322590800194e-06  ,-6.516145159941e+00  ,-3.635317354284e+00  
  5.325537132291e-06  ,-7.189376227786e+00  ,-2.833498643741e+00  
  5.331429796485e-06  ,-8.345944550840e+00  ,-2.340789961545e+00  
  5.337323950795e-06  ,-9.217488870138e+00  ,-2.457432933993e+00  
  5.347969340352e-06  ,-9.979657855685e+00  ,-2.277003521879e+00  
  5.360699402360e-06  ,-9.440376571443e+00  ,-2.010273122960e+00  
  5.385700570611e-06  ,-4.342719016906e+00  ,-1.628909417918e+00  
  5.388100775151e-06  ,-3.651790917468e+00  ,-1.543813807250e+00  
  5.392901184229e-06  ,-2.211718106406e+00  ,-1.332454199993e+00  
  5.394101286499e-06  ,-1.842547241515e+00  ,-1.241272242808e+00  
  5.396501491038e-06  ,-1.096877515098e+00  ,-8.793227522270e-01  
  5.398182528285e-06  ,-5.706653867276e-01  ,-4.234913117992e-01  
  5.399044932989e-06  ,-2.999981330271e-01  ,-1.737732736142e-01  
  5.399389149813e-06  ,-1.918924673793e-01  ,-7.280745661018e-02  
  5.399825381307e-06  ,-5.485780518586e-02  ,5.588407156429e-02  
  5.400312928675e-06  ,9.830785901100e-02  ,2.004839288712e-01  
  5.400653653039e-06  ,2.053367262722e-01  ,3.019182830327e-01  
  5.400865109829e-06  ,2.717488107038e-01  ,3.649974610533e-01  
  5.400923876284e-06  ,2.902035451340e-01  ,3.825436005337e-01  
  5.401033295045e-06  ,3.245622024608e-01  ,4.152300118857e-01  
  5.401152155088e-06  ,3.618811641456e-01  ,4.507595131850e-01  
  5.401389875175e-06  ,4.365034295866e-01  ,5.218826869381e-01  
  5.401796770008e-06  ,5.641722320808e-01  ,6.437872208724e-01  
  5.402392443927e-06  ,7.509009679657e-01  ,8.225176531947e-01  
  5.402953006985e-06  ,9.263843417876e-01  ,9.908687365459e-01  
  5.403505467536e-06  ,1.099050398653e+00  ,1.156811772048e+00  
  5.403818298789e-06  ,1.196679221850e+00  ,1.250748168030e+00  
  5.404123679461e-06  ,1.291871442715e+00  ,1.342406686153e+00  
  5.404193528654e-06  ,1.313628202331e+00  ,1.363364007240e+00  
  5.404330386506e-06  ,1.356238510938e+00  ,1.404417092568e+00  
  5.404557303252e-06  ,1.426832776427e+00  ,1.472454128980e+00  
  5.404774091864e-06  ,1.494208480153e+00  ,1.537413463389e+00  
  5.405207669089e-06  ,1.628748842207e+00  ,1.667190573326e+00  
  5.406074823538e-06  ,1.896898090463e+00  ,1.926035351710e+00  
  5.407809132436e-06  ,2.428775539568e+00  ,2.439784343120e+00  
  5.411277750233e-06  ,3.469348399811e+00  ,3.442847362126e+00  
  5.417773911456e-06  ,5.298162529321e+00  ,5.120001047331e+00  
  5.421870240668e-06  ,6.342776974543e+00  ,4.027461667124e+00  
  5.425728896359e-06  ,7.231119902263e+00  ,2.756201207474e+00  
  5.431740769843e-06  ,8.399362246688e+00  ,2.259966276040e+00  
  5.438151249388e-06  ,9.315151782697e+00  ,2.277569947509e+00  
  5.447249898413e-06  ,9.962701011098e+00  ,2.303689530107e+00  
  5.464141854743e-06  ,9.029205890252e+00  ,1.942089506030e+00  
  5.489143022994e-06  ,3.345069497740e+00  ,1.557554990970e+00  
  5.492268169025e-06  ,2.405210596471e+00  ,1.369652799089e+00  
  5.493049455533e-06  ,2.166267052469e+00  ,1.318812848502e+00  
  5.494612028548e-06  ,1.684609694066e+00  ,1.193405817038e+00  
  5.495002671802e-06  ,1.563515607467e+00  ,1.150928536554e+00  
  5.495783958310e-06  ,1.320639262647e+00  ,1.034158440441e+00  
  5.496759984368e-06  ,1.016124161399e+00  ,8.126799226459e-01  
  5.497840132290e-06  ,6.780218820457e-01  ,5.195833311819e-01  
  5.498396225000e-06  ,5.036276316462e-01  ,3.612185416119e-01  
  5.498554968933e-06  ,4.538139845252e-01  ,3.154623211325e-01  
  5.498714201810e-06  ,4.038355695531e-01  ,2.693709512462e-01  
  5.499032667564e-06  ,3.038496732699e-01  ,1.766695370638e-01  
  5.499515092658e-06  ,1.523322422781e-01  ,3.517255815415e-02  
  5.500072209822e-06  ,-2.268536517481e-02  ,-1.294613416744e-01  
  5.500597103225e-06  ,-1.875745093549e-01  ,-2.854593904512e-01  
  5.500852890970e-06  ,-2.679115406357e-01  ,-3.617193752492e-01  
  5.500931354897e-06  ,-2.925520232466e-01  ,-3.851380233181e-01  
  5.501042054227e-06  ,-3.273125185519e-01  ,-4.181980164325e-01  
  5.501167177415e-06  ,-3.665974354229e-01  ,-4.555908687529e-01  
  5.501417423790e-06  ,-4.451496686330e-01  ,-5.304487210603e-01  
  5.501917916542e-06  ,-6.021667424969e-01  ,-6.803986067908e-01  
  5.502531006193e-06  ,-7.943014383686e-01  ,-8.643707707893e-01  
  5.503159742063e-06  ,-9.910328017743e-01  ,-1.053189368147e+00  
  5.503747127211e-06  ,-1.174477712231e+00  ,-1.229578707731e+00  
  5.504017257323e-06  ,-1.258710948723e+00  ,-1.310659019537e+00  
  5.504098992521e-06  ,-1.284180414417e+00  ,-1.335185178185e+00  
  5.504239575664e-06  ,-1.327967559517e+00  ,-1.377360553817e+00  
  5.504410892451e-06  ,-1.381292149901e+00  ,-1.428737955555e+00  
  5.504659136483e-06  ,-1.458489946130e+00  ,-1.503144945683e+00  
  5.505155624548e-06  ,-1.612614727275e+00  ,-1.651784981687e+00  
  5.506148600677e-06  ,-1.919649932762e+00  ,-1.948150545965e+00  
  5.508134552935e-06  ,-2.527819559723e+00  ,-2.535565425278e+00  
  5.512106457451e-06  ,-3.712320878517e+00  ,-3.675947344394e+00  
  5.518872329691e-06  ,-5.587615437980e+00  ,-5.123184144676e+00  
  5.522817412117e-06  ,-6.569982464316e+00  ,-3.618612891357e+00  
  5.526474157074e-06  ,-7.390844462458e+00  ,-2.724319408472e+00  
  5.532769152621e-06  ,-8.570277107603e+00  ,-2.314788725583e+00  
  5.539435932139e-06  ,-9.454314777157e+00  ,-2.432784968883e+00  
  5.550860652426e-06  ,-9.996344903173e+00  ,-2.158302532861e+00  
  5.565621742705e-06  ,-8.819694982039e+00  ,-1.976779694626e+00  
  5.590622910956e-06  ,-2.903474799111e+00  ,-1.474824685494e+00  
  5.593748056987e-06  ,-1.951501903010e+00  ,-1.298077476045e+00  
  5.594330785522e-06  ,-1.771635165860e+00  ,-1.244121003140e+00  
  5.595496242592e-06  ,-1.410180957742e+00  ,-1.095648525166e+00  
  5.595787606860e-06  ,-1.319503067959e+00  ,-1.042243895690e+00  
  5.596370335395e-06  ,-1.137823229155e+00  ,-9.132171490487e-01  
  5.597009688342e-06  ,-9.380529152121e-01  ,-7.497256275799e-01  
  5.597641311312e-06  ,-7.403259657993e-01  ,-5.766295740978e-01  
  5.597938123817e-06  ,-6.473046146668e-01  ,-4.930253852955e-01  
  5.598055097932e-06  ,-6.106288938158e-01  ,-4.597790662017e-01  
  5.598231746541e-06  ,-5.552275373671e-01  ,-4.093028212318e-01  
  5.598533308791e-06  ,-4.606116024306e-01  ,-3.224783695358e-01  
  5.599039110081e-06  ,-3.018266251689e-01  ,-1.753619627480e-01  
  5.599644283490e-06  ,-1.117493113909e-01  ,2.485846148563e-03  
  5.600247594254e-06  ,7.778324460343e-02  ,1.811956352607e-01  
  5.600698587211e-06  ,2.194500272226e-01  ,3.154527300662e-01  
  5.600959357532e-06  ,3.013454305750e-01  ,3.932798249310e-01  
  5.601028287044e-06  ,3.229897174594e-01  ,4.138728104490e-01  
  5.601138532354e-06  ,3.576042260395e-01  ,4.468262885064e-01  
  5.601280302932e-06  ,4.021105857202e-01  ,4.892305578792e-01  
  5.601523564389e-06  ,4.784591302426e-01  ,5.620559746819e-01  
  5.601922170451e-06  ,6.035007169048e-01  ,6.815328993417e-01  
  5.602493443718e-06  ,7.825375733862e-01  ,8.529852298706e-01  
  5.603071049979e-06  ,9.633027181272e-01  ,1.026470030616e+00  
  5.603614476701e-06  ,1.133082665992e+00  ,1.189691642279e+00  
  5.603888145840e-06  ,1.218461737954e+00  ,1.271859099185e+00  
  5.603981068550e-06  ,1.247431521533e+00  ,1.299751254196e+00  
  5.604144073283e-06  ,1.298224396965e+00  ,1.348668336273e+00  
  5.604297345696e-06  ,1.345953613177e+00  ,1.394649526890e+00  
  5.604603890521e-06  ,1.441317317601e+00  ,1.486559677805e+00  
  5.605216980172e-06  ,1.631634875209e+00  ,1.670117762631e+00  
  5.606443159474e-06  ,2.010383769639e+00  ,2.035778889661e+00  
  5.608895518078e-06  ,2.758375442205e+00  ,2.758201365096e+00  
  5.613138623727e-06  ,4.011409266831e+00  ,3.961684867288e+00  
  5.620945342077e-06  ,6.115493524117e+00  ,4.521199271493e+00  
  5.625406004680e-06  ,7.160681740191e+00  ,3.010117010714e+00  
  5.629475511802e-06  ,7.992225069465e+00  ,2.482290703894e+00  
  5.637614526046e-06  ,9.252504223919e+00  ,2.276865557361e+00  
  5.644954838051e-06  ,9.874653966375e+00  ,2.333938508375e+00  
  5.659635462059e-06  ,9.545330261116e+00  ,2.019686323709e+00  
  5.682341851486e-06  ,5.267283405405e+00  ,1.699436153266e+00  
  5.685466997517e-06  ,4.408700114296e+00  ,1.610337166294e+00  
  5.691717289580e-06  ,2.572825431105e+00  ,1.396770642999e+00  
  5.693279862596e-06  ,2.095545210871e+00  ,1.300006012556e+00  
  5.696405008627e-06  ,1.127000380808e+00  ,9.041436741548e-01  
  5.696910623653e-06  ,9.690331813152e-01  ,7.758418655894e-01  
  5.697921853704e-06  ,6.524052166758e-01  ,4.975480975616e-01  
  5.698274918092e-06  ,5.416852096698e-01  ,3.969367922866e-01  
  5.698388166917e-06  ,5.061559241773e-01  ,3.643948923560e-01  
  5.698512382066e-06  ,4.671788491584e-01  ,3.285735603588e-01  
  5.698760812363e-06  ,3.892039499133e-01  ,2.565767859516e-01  
  5.699257672956e-06  ,2.331877803210e-01  ,1.114243469142e-01  
  5.699764219305e-06  ,7.407201270895e-02  ,-3.779704503979e-02  
  5.700273839017e-06  ,-8.602800335764e-02  ,-1.888595099532e-01  
  5.700676915428e-06  ,-2.126432250040e-01  ,-3.088456704150e-01  
  5.700908581918e-06  ,-2.854006688730e-01  ,-3.779651253899e-01  
  5.700967930449e-06  ,-3.040374579142e-01  ,-3.956891261612e-01  
  5.701082040748e-06  ,-3.398676621207e-01  ,-4.297852453317e-01  
  5.701201995095e-06  ,-3.775281582670e-01  ,-4.656504518388e-01  
  5.701441903790e-06  ,-4.528325315156e-01  ,-5.374441800074e-01  
  5.701863420388e-06  ,-5.850764645869e-01  ,-6.637541738016e-01  
  5.702467476210e-06  ,-7.744043970040e-01  ,-8.450255134324e-01  
  5.703074884793e-06  ,-9.645018506861e-01  ,-1.027457211340e+00  
  5.703638428083e-06  ,-1.140558433927e+00  ,-1.196717472971e+00  
  5.703918150818e-06  ,-1.227817301423e+00  ,-1.280698636522e+00  
  5.704007581068e-06  ,-1.255695182765e+00  ,-1.307541018786e+00  
  5.704167046776e-06  ,-1.305380315375e+00  ,-1.355393524975e+00  
  5.704325604444e-06  ,-1.354750047466e+00  ,-1.402957327809e+00  
  5.704642719781e-06  ,-1.453387442623e+00  ,-1.498027778200e+00  
  5.705233830219e-06  ,-1.636857305412e+00  ,-1.674988277390e+00  
  5.706416051095e-06  ,-2.002040568427e+00  ,-2.027554414988e+00  
  5.708780492848e-06  ,-2.723623198189e+00  ,-2.724478320858e+00  
  5.713019128149e-06  ,-3.976993238364e+00  ,-3.928518711141e+00  
  5.720685775584e-06  ,-6.050771821779e+00  ,-4.594819089696e+00  
  5.725042875117e-06  ,-7.080585850667e+00  ,-3.076034157231e+00  
  5.728993172949e-06  ,-7.900235390457e+00  ,-2.512284674978e+00  
  5.736893768614e-06  ,-9.164240927373e+00  ,-2.281636090986e+00  
  5.744072403019e-06  ,-9.827109282881e+00  ,-2.349602492880e+00  
  5.758429671830e-06  ,-9.651380713307e+00  ,-2.038168473317e+00  
  5.779544617241e-06  ,-5.992987242914e+00  ,-1.750154503312e+00  
  5.782669763273e-06  ,-5.179437947387e+00  ,-1.659135619742e+00  
  5.788920055335e-06  ,-3.410999050649e+00  ,-1.495930674683e+00  
  5.790482628351e-06  ,-2.945619020597e+00  ,-1.438095734942e+00  
  5.793607774382e-06  ,-1.994706553228e+00  ,-1.275988177729e+00  
  5.794389060890e-06  ,-1.753614062444e+00  ,-1.211523260770e+00  
  5.795951633906e-06  ,-1.268405725171e+00  ,-1.001356548443e+00  
  5.797450876987e-06  ,-7.999748935895e-01  ,-6.286283123618e-01  
  5.798253025120e-06  ,-5.485528630477e-01  ,-4.027598867686e-01  
  5.798627463361e-06  ,-4.310614949211e-01  ,-2.948969936572e-01  
  5.798988024896e-06  ,-3.178678019756e-01  ,-1.900559817503e-01  
  5.799527819460e-06  ,-1.483344512487e-01  ,-3.173315599215e-02  
  5.800083912170e-06  ,2.636175500688e-02  ,1.326546058000e-01  
  5.800627804553e-06  ,1.972178303563e-01  ,2.943524022202e-01  
  5.800900588935e-06  ,2.828906131625e-01  ,3.757107356627e-01  
  5.800971450942e-06  ,3.051429400759e-01  ,3.968682100402e-01  
  5.801096830243e-06  ,3.445111981248e-01  ,4.343264383419e-01  
  5.801227168838e-06  ,3.854309658246e-01  ,4.732936877807e-01  
  5.801487846026e-06  ,4.672504281373e-01  ,5.513026630952e-01  
  5.802001377294e-06  ,6.283370305083e-01  ,7.052127547226e-01  
  5.802592673996e-06  ,8.136122356724e-01  ,8.826828766607e-01  
  5.803202783415e-06  ,1.004487165301e+00  ,1.065922926280e+00  
  5.803668351570e-06  ,1.149897323372e+00  ,1.205741967729e+00  
  5.803931077668e-06  ,1.231847562482e+00  ,1.284614279197e+00  
  5.804011427524e-06  ,1.256894008489e+00  ,1.308729564685e+00  
  5.804154897766e-06  ,1.301596154929e+00  ,1.351780178169e+00  
  5.804312826792e-06  ,1.350772728490e+00  ,1.399154238860e+00  
  5.804628684843e-06  ,1.449024912808e+00  ,1.493846520362e+00  
  5.805130947107e-06  ,1.604963065667e+00  ,1.644232759651e+00  
  5.806135471636e-06  ,1.915601870263e+00  ,1.944076571888e+00  
  5.808144520694e-06  ,2.530849199955e+00  ,2.538336454848e+00  
  5.812126110965e-06  ,3.718053286876e+00  ,3.681255471923e+00  
  5.818853240186e-06  ,5.582640831096e+00  ,5.121323909852e+00  
  5.822788636858e-06  ,6.563164585141e+00  ,3.622342787013e+00  
  5.826432715828e-06  ,7.382068334269e+00  ,2.728201775368e+00  
  5.832723986084e-06  ,8.562957061228e+00  ,2.315533893237e+00  
  5.839379589731e-06  ,9.448532778528e+00  ,2.433604714691e+00  
  5.850781958276e-06  ,9.996982723779e+00  ,2.159673831777e+00  
  5.865490894491e-06  ,8.838994489980e+00  ,1.978751441116e+00  
  5.890492062742e-06  ,2.942786491154e+00  ,1.478791969025e+00  
  5.893617208773e-06  ,1.991802127522e+00  ,1.281622601883e+00  
  5.894398495281e-06  ,1.750696012411e+00  ,1.216083831593e+00  
  5.895961068297e-06  ,1.265465707300e+00  ,1.002033669399e+00  
  5.896165866131e-06  ,1.201618062182e+00  ,9.577835271465e-01  
  5.896575461799e-06  ,1.073776193675e+00  ,8.603605293007e-01  
  5.897087316686e-06  ,9.137700219829e-01  ,7.275106163437e-01  
  5.897586505586e-06  ,7.574953380221e-01  ,5.909979330891e-01  
  5.897824505070e-06  ,6.829199385064e-01  ,5.243690874603e-01  
  5.897931991337e-06  ,6.492271375347e-01  ,4.940222560584e-01  
  5.898096928565e-06  ,5.975114124840e-01  ,4.471886739537e-01  
  5.898415394319e-06  ,4.976129636297e-01  ,3.559692286214e-01  
  5.899029787822e-06  ,3.047539520985e-01  ,1.776919484359e-01  
  5.899735730333e-06  ,8.302181060625e-02  ,-2.977738098588e-02  
  5.900371264858e-06  ,-1.166336505719e-01  ,-2.181730936511e-01  
  5.900829708396e-06  ,-2.606310638221e-01  ,-3.547423275386e-01  
  5.901123680366e-06  ,-3.529412821849e-01  ,-4.425374950876e-01  
  5.901203692617e-06  ,-3.780610697059e-01  ,-4.664585730335e-01  
  5.901296114741e-06  ,-4.070739444039e-01  ,-4.941027077461e-01  
  5.901465987978e-06  ,-4.603909104199e-01  ,-5.449441245182e-01  
  5.901631414151e-06  ,-5.122995170175e-01  ,-5.944894815477e-01  
  5.901962266495e-06  ,-6.160738186213e-01  ,-6.936672586973e-01  
  5.902512864402e-06  ,-7.886199055273e-01  ,-8.589034910320e-01  
  5.903053962817e-06  ,-9.579594541742e-01  ,-1.021407077770e+00  
  5.903577366104e-06  ,-1.121498343710e+00  ,-1.178603903439e+00  
  5.903849172598e-06  ,-1.206308251234e+00  ,-1.260210377545e+00  
  5.904016321717e-06  ,-1.258419356414e+00  ,-1.310379413126e+00  
  5.904162679059e-06  ,-1.304019885594e+00  ,-1.354295425584e+00  
  5.904334042413e-06  ,-1.357376426951e+00  ,-1.405697335742e+00  
  5.904676769121e-06  ,-1.463969944255e+00  ,-1.508434278709e+00  
  5.905362222536e-06  ,-1.676635492315e+00  ,-1.713567506996e+00  
  5.906733129365e-06  ,-2.099535958467e+00  ,-2.121908247042e+00  
  5.909241739852e-06  ,-2.862759229818e+00  ,-2.858921576621e+00  
  5.914004150970e-06  ,-4.258972833324e+00  ,-4.196215711217e+00  
  5.920157585485e-06  ,-5.917832284162e+00  ,-4.798186284341e+00  
  5.923732746584e-06  ,-6.784026195097e+00  ,-3.385196409314e+00  
  5.927280713065e-06  ,-7.559138427173e+00  ,-2.664930618019e+00  
  5.933617431862e-06  ,-8.704534604360e+00  ,-2.327747694718e+00  
  5.940217156155e-06  ,-9.531425319819e+00  ,-2.295080202239e+00  
  5.952577669365e-06  ,-9.967229216524e+00  ,-2.201553044690e+00  
  5.973269421799e-06  ,-7.444868338499e+00  ,-1.805966989825e+00  
  5.976394567830e-06  ,-6.754586597960e+00  ,-1.767650396216e+00  
  5.982644859893e-06  ,-5.186128807040e+00  ,-1.659897745876e+00  
  5.995145444019e-06  ,-1.519198442653e+00  ,-1.211841066010e+00  
  5.996385593159e-06  ,-1.133060860058e+00  ,-9.310848233603e-01  
  5.998865891440e-06  ,-3.562153358238e-01  ,-2.302290849761e-01  
  5.999996889574e-06  ,-9.771690077648e-04  ,1.041357350540e-01  
  6.000563692493e-06  ,1.770799637063e-01  ,2.730734772085e-01  
  6.000912146835e-06  ,2.865201624312e-01  ,3.772396181409e-01  
  6.000993090408e-06  ,3.119379421378e-01  ,4.014628707274e-01  
  6.001122008735e-06  ,3.524164505561e-01  ,4.400645345536e-01  
  6.001262871275e-06  ,3.966386380985e-01  ,4.822677757616e-01  
  6.001544596354e-06  ,4.850588446055e-01  ,5.667441676004e-01  
  6.002108046511e-06  ,6.617783451503e-01  ,7.359123745621e-01  
  6.002759320388e-06  ,8.657807864105e-01  ,9.316582856735e-01  
  6.003355273703e-06  ,1.052139394954e+00  ,1.110818958256e+00  
  6.003776697168e-06  ,1.183702586938e+00  ,1.237465537342e+00  
  6.004041239345e-06  ,1.266184842907e+00  ,1.316925366796e+00  
  6.004115815001e-06  ,1.289421414061e+00  ,1.339317974393e+00  
  6.004241334001e-06  ,1.328515062928e+00  ,1.376998743618e+00  
  6.004401009256e-06  ,1.378216948910e+00  ,1.424916228679e+00  
  6.004619893344e-06  ,1.446292076341e+00  ,1.490567414904e+00  
  6.005057661520e-06  ,1.582233950290e+00  ,1.621730540184e+00  
  6.005933197873e-06  ,1.853194256044e+00  ,1.883354297789e+00  
  6.007684270577e-06  ,2.390705002525e+00  ,2.402676279954e+00  
  6.011186415987e-06  ,3.442422830444e+00  ,3.416810633592e+00  
  6.017359222012e-06  ,5.187225200991e+00  ,5.034557761411e+00  
  6.021492059069e-06  ,6.250479415707e+00  ,4.167156735503e+00  
  6.025487805443e-06  ,7.178596385741e+00  ,2.765706373911e+00  
  6.031144286232e-06  ,8.296199282167e+00  ,2.501889902022e+00  
  6.035690630512e-06  ,9.006461784033e+00  ,2.416426150148e+00  
  6.040803963976e-06  ,9.585572755972e+00  ,2.343963507142e+00  
  6.051030630903e-06  ,9.994758710728e+00  ,2.186495703940e+00  
  6.071483964758e-06  ,7.807452817796e+00  ,1.863428993621e+00  
  6.074609110789e-06  ,7.157366220769e+00  ,1.809806134977e+00  
  6.080859402852e-06  ,5.657310892677e+00  ,1.693910968810e+00  
  6.093359986978e-06  ,2.070925671764e+00  ,1.333498884891e+00  
  6.095873812871e-06  ,1.292652644205e+00  ,1.027384597646e+00  
  6.096502269344e-06  ,1.096634478006e+00  ,8.824620408027e-01  
  6.097605886595e-06  ,7.514239680785e-01  ,5.873011960703e-01  
  6.098080302315e-06  ,6.027252887947e-01  ,4.532204328906e-01  
  6.098245588789e-06  ,5.508855228869e-01  ,4.059178377203e-01  
  6.098455741728e-06  ,4.849527582461e-01  ,3.454272719549e-01  
  6.098723636666e-06  ,4.008739221974e-01  ,2.678179941621e-01  
  6.099259426543e-06  ,2.326370240808e-01  ,1.112540578945e-01  
  6.099787020782e-06  ,6.690889542618e-02  ,-4.426230532112e-02  
  6.100315918872e-06  ,-9.924721139534e-02  ,-2.011426097576e-01  
  6.100714990595e-06  ,-2.246020320651e-01  ,-3.200046003055e-01  
  6.100950615207e-06  ,-2.986001841507e-01  ,-3.903387073930e-01  
  6.101012687856e-06  ,-3.180916064875e-01  ,-4.088847667658e-01  
  6.101117915666e-06  ,-3.511313706723e-01  ,-4.403399988754e-01  
  6.101251444040e-06  ,-3.930514659306e-01  ,-4.802798190701e-01  
  6.101479548221e-06  ,-4.646464272586e-01  ,-5.485661095809e-01  
  6.101861250779e-06  ,-5.843960280479e-01  ,-6.629701203902e-01  
  6.102482629200e-06  ,-7.791504658053e-01  ,-8.494646377324e-01  
  6.103081376484e-06  ,-9.665317472675e-01  ,-1.029313542571e+00  
  6.103647620609e-06  ,-1.143427458080e+00  ,-1.199397385616e+00  
  6.103923757752e-06  ,-1.229565424950e+00  ,-1.282306708838e+00  
  6.104012175189e-06  ,-1.257127031537e+00  ,-1.308846518522e+00  
  6.104169429006e-06  ,-1.306122307519e+00  ,-1.356037780263e+00  
  6.104329127545e-06  ,-1.355846649739e+00  ,-1.403946220812e+00  
  6.104648524621e-06  ,-1.455191699321e+00  ,-1.499704563751e+00  
  6.105225944618e-06  ,-1.634413333439e+00  ,-1.672575330298e+00  
  6.106380784610e-06  ,-1.991184357753e+00  ,-2.017026510470e+00  
  6.108690464595e-06  ,-2.696398384523e+00  ,-2.698171254792e+00  
  6.112920904258e-06  ,-3.948661695989e+00  ,-3.901686471442e+00  
  6.120441520313e-06  ,-5.989500373569e+00  ,-4.676434337359e+00  
  6.124670469860e-06  ,-6.997487013077e+00  ,-3.153233853789e+00  
  6.128498578170e-06  ,-7.804024781598e+00  ,-2.546903741157e+00  
  6.136154794792e-06  ,-9.068869191856e+00  ,-2.285599654504e+00  
  6.143153125146e-06  ,-9.769548587639e+00  ,-2.365941828985e+00  
  6.157149785856e-06  ,-9.748794525232e+00  ,-2.057900574120e+00  
  6.176676267484e-06  ,-6.689064296402e+00  ,-1.799553432231e+00  
  6.179801413516e-06  ,-5.928210583488e+00  ,-1.716448508114e+00  
  6.186051705578e-06  ,-4.243089487336e+00  ,-1.578224740312e+00  
  6.187614278594e-06  ,-3.793640905770e+00  ,-1.534597420635e+00  
  6.190739424625e-06  ,-2.868428424420e+00  ,-1.426853911314e+00  
  6.194890143076e-06  ,-1.598422929692e+00  ,-1.176381796984e+00  
  6.195788683096e-06  ,-1.319167913899e+00  ,-1.039368355389e+00  
  6.197324806551e-06  ,-8.394477762833e-01  ,-6.643267272687e-01  
  6.198094637791e-06  ,-5.982297930296e-01  ,-4.486281787619e-01  
  6.198578553000e-06  ,-4.464123406231e-01  ,-3.095330213303e-01  
  6.199120023945e-06  ,-2.764174185735e-01  ,-1.518484761326e-01  
  6.199685150484e-06  ,-9.891127987677e-02  ,1.436802819346e-02  
  6.200306435773e-06  ,9.626815035371e-02  ,1.984842302320e-01  
  6.200699221069e-06  ,2.196491116304e-01  ,3.154359855274e-01  
  6.200944391737e-06  ,2.966458895260e-01  ,3.885993123671e-01  
  6.201008606428e-06  ,3.168100342908e-01  ,4.077812035823e-01  
  6.201115906430e-06  ,3.505005393257e-01  ,4.398495781930e-01  
  6.201255558250e-06  ,3.943429812375e-01  ,4.816140897831e-01  
  6.201485874323e-06  ,4.666316750136e-01  ,5.505532969804e-01  
  6.201885318575e-06  ,5.919440592632e-01  ,6.702645967324e-01  
  6.202477174072e-06  ,7.774418849858e-01  ,8.478826587298e-01  
  6.203067911981e-06  ,9.623214668915e-01  ,1.025309436115e+00  
  6.203621583251e-06  ,1.135300848135e+00  ,1.191607282991e+00  
  6.203900421230e-06  ,1.222289340602e+00  ,1.275325441666e+00  
  6.203991283389e-06  ,1.250615477645e+00  ,1.302598566981e+00  
  6.204154683935e-06  ,1.301529549172e+00  ,1.351633468199e+00  
  6.204309260199e-06  ,1.349662510903e+00  ,1.398004669533e+00  
  6.204618412727e-06  ,1.445831815960e+00  ,1.490693463020e+00  
  6.205235320801e-06  ,1.637319267781e+00  ,1.675384178453e+00  
  6.206469136948e-06  ,2.018377541859e+00  ,2.043280367014e+00  
  6.208936769241e-06  ,2.770829787016e+00  ,2.770020173598e+00  
  6.213240224594e-06  ,4.040626974704e+00  ,3.989016969821e+00  
  6.221116978401e-06  ,6.158067160178e+00  ,4.451990407762e+00  
  6.225487488979e-06  ,7.178527170450e+00  ,2.994516072065e+00  
  6.229680675739e-06  ,8.030798007690e+00  ,2.469161428307e+00  
  6.237087297911e-06  ,9.188403687148e+00  ,2.293813033905e+00  
  6.244819510454e-06  ,9.867854455167e+00  ,2.335678266843e+00  
  6.260283935541e-06  ,9.482622542904e+00  ,2.008945250170e+00  
  6.283911216730e-06  ,4.841959991867e+00  ,1.670056859255e+00  
  6.287036362762e-06  ,3.960992165103e+00  ,1.556020656112e+00  
  6.293286654824e-06  ,2.093458699375e+00  ,1.306114187443e+00  
  6.294849227840e-06  ,1.611110237961e+00  ,1.170160624000e+00  
  6.295239871094e-06  ,1.489870989161e+00  ,1.122318285937e+00  
  6.296021157602e-06  ,1.246737615066e+00  ,9.877453119242e-01  
  6.296864935854e-06  ,9.833178741651e-01  ,7.858958477273e-01  
  6.297767573694e-06  ,7.007626001437e-01  ,5.402022319703e-01  
  6.298228392104e-06  ,5.562797363414e-01  ,4.095559639221e-01  
  6.298356402392e-06  ,5.161219994890e-01  ,3.728577992192e-01  
  6.298495565267e-06  ,4.724561682595e-01  ,3.327990405397e-01  
  6.298756195890e-06  ,3.906531546662e-01  ,2.573633805702e-01  
  6.299277457135e-06  ,2.269740427575e-01  ,1.051791118901e-01  
  6.299793689238e-06  ,6.481398366224e-02  ,-4.686578542403e-02  
  6.300310666399e-06  ,-9.759717824371e-02  ,-2.001009097435e-01  
  6.300704848679e-06  ,-2.214166474092e-01  ,-3.174332823719e-01  
  6.300936468603e-06  ,-2.941578499490e-01  ,-3.865331597819e-01  
  6.300997097703e-06  ,-3.131962557923e-01  ,-4.046381876201e-01  
  6.301103990251e-06  ,-3.467592369568e-01  ,-4.365746293272e-01  
  6.301233281108e-06  ,-3.873497581296e-01  ,-4.752279723877e-01  
  6.301471140893e-06  ,-4.620080237159e-01  ,-5.464036164266e-01  
  6.301857686328e-06  ,-5.832781329196e-01  ,-6.622184305396e-01  
  6.302481206791e-06  ,-7.787049605325e-01  ,-8.493045045440e-01  
  6.303083493100e-06  ,-9.671935866758e-01  ,-1.030177889484e+00  
  6.303651693003e-06  ,-1.144698438099e+00  ,-1.200819322200e+00  
  6.303927643882e-06  ,-1.230777015591e+00  ,-1.283659862749e+00  
  6.304015653865e-06  ,-1.258211212364e+00  ,-1.310073504649e+00  
  6.304172279039e-06  ,-1.307009996550e+00  ,-1.357069516336e+00  
  6.304332699353e-06  ,-1.356958395993e+00  ,-1.405188000755e+00  
  6.304653539980e-06  ,-1.456750530731e+00  ,-1.501366642631e+00  
  6.305229190463e-06  ,-1.635419325339e+00  ,-1.673687408414e+00  
  6.306380491430e-06  ,-1.991094096714e+00  ,-2.017053016071e+00  
  6.308683093363e-06  ,-2.694168343599e+00  ,-2.696097257606e+00  
  6.312932159478e-06  ,-3.951910046021e+00  ,-3.904671498234e+00  
  6.320433404023e-06  ,-5.987458327569e+00  ,-4.674937551380e+00  
  6.324249591405e-06  ,-6.902419521431e+00  ,-3.252679770793e+00  
  6.328133579070e-06  ,-7.731814065974e+00  ,-2.571148579799e+00  
  6.334910627181e-06  ,-8.897283310964e+00  ,-2.305684372083e+00  
  6.342028911883e-06  ,-9.688086449893e+00  ,-2.385587217687e+00  
  6.355970438296e-06  ,-9.824608496791e+00  ,-2.075785110238e+00  
  6.374340589816e-06  ,-7.216024220760e+00  ,-1.838779300373e+00  
  6.377465735847e-06  ,-6.502662033881e+00  ,-1.759648494329e+00  
  6.383716027910e-06  ,-4.895521472159e+00  ,-1.633938033527e+00  
  6.394719045335e-06  ,-1.651460411179e+00  ,-1.247076029309e+00  
  6.396756406600e-06  ,-1.017242326503e+00  ,-8.294706499746e-01  
  6.399114887888e-06  ,-2.780303385508e-01  ,-1.573954780204e-01  
  6.400196339661e-06  ,6.168153260368e-02  ,1.631554801363e-01  
  6.400751966709e-06  ,2.362153363200e-01  ,3.290276584456e-01  
  6.401119280333e-06  ,3.515598287457e-01  ,4.389722583244e-01  
  6.401218489470e-06  ,3.827062738857e-01  ,4.686981778669e-01  
  6.401322855806e-06  ,4.154677896659e-01  ,4.999836561335e-01  
  6.401519760681e-06  ,4.772655253873e-01  ,5.590418502437e-01  
  6.401705187006e-06  ,5.354441130188e-01  ,6.146918247713e-01  
  6.402076039655e-06  ,6.517448045736e-01  ,7.260723946259e-01  
  6.402570106281e-06  ,8.065456799998e-01  ,8.745714181488e-01  
  6.403154976858e-06  ,9.895431270084e-01  ,1.050424705221e+00  
  6.403689276619e-06  ,1.156427266272e+00  ,1.211031649188e+00  
  6.403922805754e-06  ,1.229268614821e+00  ,1.281193863332e+00  
  6.404005204519e-06  ,1.254954473981e+00  ,1.305943214085e+00  
  6.404139501234e-06  ,1.296800187559e+00  ,1.346271637293e+00  
  6.404300526908e-06  ,1.346943919605e+00  ,1.394610018105e+00  
  6.404622578254e-06  ,1.447126691988e+00  ,1.491224326085e+00  
  6.405079811072e-06  ,1.589104399860e+00  ,1.628221305926e+00  
  6.405994276708e-06  ,1.872046938328e+00  ,1.901437033117e+00  
  6.407823207980e-06  ,2.433064857418e+00  ,2.443490475024e+00  
  6.411481070524e-06  ,3.529184848802e+00  ,3.500024093379e+00  
  6.417826730018e-06  ,5.312228332735e+00  ,5.125410182178e+00  
  6.421855258947e-06  ,6.339137538912e+00  ,3.996682183063e+00  
  6.425655800110e-06  ,7.215239001631e+00  ,2.764145393535e+00  
  6.431541758781e-06  ,8.365268999121e+00  ,2.274696896292e+00  
  6.437993961578e-06  ,9.297066349683e+00  ,2.282292680586e+00  
  6.447025555378e-06  ,9.956371982154e+00  ,2.305963071551e+00  
  6.464018839603e-06  ,9.045748907381e+00  ,1.944819092870e+00  
  6.489020007854e-06  ,3.381464483826e+00  ,1.560248911955e+00  
  6.492145153886e-06  ,2.442704382295e+00  ,1.375628508018e+00  
  6.492926440394e-06  ,2.203979450948e+00  ,1.326018063642e+00  
  6.494489013409e-06  ,1.722691043858e+00  ,1.204717872012e+00  
  6.494879656663e-06  ,1.601674889049e+00  ,1.164558828628e+00  
  6.495660943171e-06  ,1.358937155384e+00  ,1.056136646998e+00  
  6.496637900552e-06  ,1.054271839731e+00  ,8.436147844219e-01  
  6.497930203756e-06  ,6.497875367271e-01  ,4.941597282815e-01  
  6.498637170723e-06  ,4.280146520446e-01  ,2.916794757816e-01  
  6.498867021134e-06  ,3.558606569148e-01  ,2.249583280725e-01  
  6.499143158277e-06  ,2.691522585115e-01  ,1.443549013865e-01  
  6.499580321094e-06  ,1.318421969482e-01  ,1.594807266835e-02  
  6.500050638994e-06  ,-1.590870249997e-02  ,-1.230702509846e-01  
  6.500569199404e-06  ,-1.788097366970e-01  ,-2.771515848428e-01  
  6.500822006917e-06  ,-2.582123871641e-01  ,-3.525066472944e-01  
  6.500974208308e-06  ,-3.060087878514e-01  ,-3.979351873778e-01  
  6.501037095865e-06  ,-3.257556340538e-01  ,-4.167183065740e-01  
  6.501144314377e-06  ,-3.594195344135e-01  ,-4.487577525782e-01  
  6.501351976028e-06  ,-4.246081029139e-01  ,-5.108632960482e-01  
  6.501628997928e-06  ,-5.115414333661e-01  ,-5.938042995899e-01  
  6.502183041727e-06  ,-6.852852804551e-01  ,-7.599272433359e-01  
  6.502745001769e-06  ,-8.612992630729e-01  ,-9.286284949307e-01  
  6.503320000326e-06  ,-1.041118799456e+00  ,-1.101319664964e+00  
  6.503721586620e-06  ,-1.166509054250e+00  ,-1.221910116755e+00  
  6.503960657125e-06  ,-1.241068914543e+00  ,-1.293673688487e+00  
  6.504032857908e-06  ,-1.263572885371e+00  ,-1.315341380150e+00  
  6.504161147593e-06  ,-1.303542867808e+00  ,-1.353834312200e+00  
  6.504312557360e-06  ,-1.350688859759e+00  ,-1.399250879907e+00  
  6.504597914597e-06  ,-1.439459502950e+00  ,-1.484800067012e+00  
  6.504989302909e-06  ,-1.561025346316e+00  ,-1.602019879724e+00  
  6.505772079533e-06  ,-1.803430676816e+00  ,-1.835937456032e+00  
  6.507337632781e-06  ,-2.284823704279e+00  ,-2.300862156909e+00  
  6.510468739277e-06  ,-3.229881262923e+00  ,-3.212706262335e+00  
  6.516200470930e-06  ,-4.872630453285e+00  ,-4.764864413005e+00  
  6.520476359135e-06  ,-5.998261342333e+00  ,-4.597759462464e+00  
  6.524116712814e-06  ,-6.872153647308e+00  ,-3.196301453848e+00  
  6.527691501385e-06  ,-7.642993858642e+00  ,-2.633574164446e+00  
  6.533715295797e-06  ,-8.719627621360e+00  ,-2.367876208554e+00  
  6.540116834646e-06  ,-9.521843444697e+00  ,-2.314322959437e+00  
  6.552919912344e-06  ,-9.957955923480e+00  ,-2.154495435866e+00  
  6.575453448301e-06  ,-6.969622864050e+00  ,-1.800050916497e+00  
  6.578578594333e-06  ,-6.233137809207e+00  ,-1.741076229418e+00  
  6.584828886395e-06  ,-4.587736939930e+00  ,-1.611141334330e+00  
  6.592337581521e-06  ,-2.384038471474e+00  ,-1.376074626660e+00  
  6.594214755302e-06  ,-1.807498666824e+00  ,-1.235086489221e+00  
  6.594684048748e-06  ,-1.662302949021e+00  ,-1.189588433920e+00  
  6.595622635638e-06  ,-1.370859194205e+00  ,-1.065287413613e+00  
  6.595857282361e-06  ,-1.297802111757e+00  ,-1.021973190919e+00  
  6.596326575806e-06  ,-1.151480349508e+00  ,-9.200900158946e-01  
  6.596950096270e-06  ,-9.566901111113e-01  ,-7.637510796722e-01  
  6.597536363831e-06  ,-7.732016299021e-01  ,-6.048224728288e-01  
  6.597845097264e-06  ,-6.764656707128e-01  ,-5.185175733142e-01  
  6.597965144744e-06  ,-6.388333107219e-01  ,-4.845996838725e-01  
  6.598149476765e-06  ,-5.810315975677e-01  ,-4.321933712824e-01  
  6.598422587110e-06  ,-4.953560685962e-01  ,-3.539135574183e-01  
  6.598968807800e-06  ,-3.239019217530e-01  ,-1.955506207029e-01  
  6.599610582186e-06  ,-1.223361626942e-01  ,-7.241629570982e-03  
  6.600271634949e-06  ,8.533560038609e-02  ,1.884618203756e-01  
  6.600781254662e-06  ,2.454137494546e-01  ,3.401800015042e-01  
  6.601068102015e-06  ,3.354911775389e-01  ,4.258191615386e-01  
  6.601146519376e-06  ,3.601118069376e-01  ,4.492551598566e-01  
  6.601245041663e-06  ,3.910416461993e-01  ,4.787146050651e-01  
  6.601404623786e-06  ,4.411323789724e-01  ,5.264618882281e-01  
  6.601597244577e-06  ,5.015786317381e-01  ,5.841390243723e-01  
  6.601907421561e-06  ,5.988755974553e-01  ,6.771030622479e-01  
  6.602527775528e-06  ,7.932896977499e-01  ,8.632604879222e-01  
  6.603160329821e-06  ,9.912165421197e-01  ,1.053232893924e+00  
  6.603730299236e-06  ,1.169227472929e+00  ,1.224397822053e+00  
  6.604003363015e-06  ,1.254380520007e+00  ,1.306362690839e+00  
  6.604085214628e-06  ,1.279887680541e+00  ,1.330924958383e+00  
  6.604225634789e-06  ,1.323626566736e+00  ,1.373053544403e+00  
  6.604396811878e-06  ,1.376910875587e+00  ,1.424391786791e+00  
  6.604650317883e-06  ,1.455749069935e+00  ,1.500379766343e+00  
  6.605157329893e-06  ,1.613143462770e+00  ,1.652174715455e+00  
  6.606171353912e-06  ,1.926664638589e+00  ,1.954807709819e+00  
  6.608199401950e-06  ,2.547525573427e+00  ,2.554486991698e+00  
  6.612213774776e-06  ,3.743605201446e+00  ,3.705756788014e+00  
  6.619062348461e-06  ,5.637023299501e+00  ,5.075497175635e+00  
  6.623040958500e-06  ,6.622765224101e+00  ,3.548205002782e+00  
  6.626707761740e-06  ,7.440080801602e+00  ,2.697387589836e+00  
  6.633086203789e-06  ,8.621174405601e+00  ,2.313645933931e+00  
  6.639811097836e-06  ,9.492059069772e+00  ,2.425879768802e+00  
  6.651617287850e-06  ,9.987095209235e+00  ,2.145895192037e+00  
  6.666876076912e-06  ,8.627172779809e+00  ,1.957369076038e+00  
  6.691877245164e-06  ,2.524233278569e+00  ,1.433992713013e+00  
  6.695002391195e-06  ,1.563602678671e+00  ,1.164856314708e+00  
  6.695783677703e-06  ,1.320726645907e+00  ,1.042265388122e+00  
  6.697065177565e-06  ,9.206959123277e-01  ,7.350994505787e-01  
  6.697906254983e-06  ,6.572951809818e-01  ,5.022417636020e-01  
  6.698432452237e-06  ,4.922606283797e-01  ,3.517312039924e-01  
  6.698608774884e-06  ,4.369271214250e-01  ,3.007506848636e-01  
  6.698788962519e-06  ,3.803668671913e-01  ,2.484289265086e-01  
  6.699149337789e-06  ,2.672116059569e-01  ,1.431850422404e-01  
  6.699616116663e-06  ,1.205975835716e-01  ,5.903124817959e-03  
  6.700106551131e-06  ,-3.347396259173e-02  ,-1.392499757988e-01  
  6.700667486718e-06  ,-2.096817689563e-01  ,-3.061238634577e-01  
  6.700912331423e-06  ,-2.865781286890e-01  ,-3.791856210541e-01  
  6.700979666045e-06  ,-3.077225788753e-01  ,-3.992973330919e-01  
  6.701105999952e-06  ,-3.473902227516e-01  ,-4.370532879922e-01  
  6.701234010240e-06  ,-3.875786498326e-01  ,-4.753361338489e-01  
  6.701490030816e-06  ,-4.679360492746e-01  ,-5.519715192282e-01  
  6.701992758742e-06  ,-6.256347596519e-01  ,-7.026718367128e-01  
  6.702592157951e-06  ,-8.134506524627e-01  ,-8.825999905957e-01  
  6.703202453634e-06  ,-1.004384085389e+00  ,-1.065918105139e+00  
  6.703671374550e-06  ,-1.150840715696e+00  ,-1.206757787032e+00  
  6.703935311368e-06  ,-1.233167477406e+00  ,-1.286000000307e+00  
  6.704015533166e-06  ,-1.258173594861e+00  ,-1.310078635775e+00  
  6.704159166390e-06  ,-1.302925762912e+00  ,-1.353181178936e+00  
  6.704317165265e-06  ,-1.352123195910e+00  ,-1.400579271789e+00  
  6.704633163014e-06  ,-1.450416909444e+00  ,-1.495318884844e+00  
  6.705139150569e-06  ,-1.607506796257e+00  ,-1.646826581025e+00  
  6.706151125679e-06  ,-1.920428426324e+00  ,-1.948892751555e+00  
  6.708175075898e-06  ,-2.540134721889e+00  ,-2.547484353959e+00  
  6.712178272853e-06  ,-3.733260645816e+00  ,-3.696055037786e+00  
  6.718947125325e-06  ,-5.607087337581e+00  ,-5.109300870913e+00  
  6.722895187983e-06  ,-6.588383440258e+00  ,-3.595429464395e+00  
  6.726546717534e-06  ,-7.406180613946e+00  ,-2.716007040916e+00  
  6.732860339532e-06  ,-8.585002979478e+00  ,-2.314516499552e+00  
  6.739535314688e-06  ,-9.464441446273e+00  ,-2.430818186892e+00  
  6.751067323336e-06  ,-9.994378903140e+00  ,-2.154967600640e+00  
  6.765959543833e-06  ,-8.769182655860e+00  ,-1.971521354343e+00  
  6.790960712085e-06  ,-2.801761513309e+00  ,-1.464441687079e+00  
  6.794085858116e-06  ,-1.847311007072e+00  ,-1.274995451113e+00  
  6.794867144624e-06  ,-1.605554791453e+00  ,-1.189412703799e+00  
  6.796429717639e-06  ,-1.119286931731e+00  ,-9.001487355943e-01  
  6.797773616115e-06  ,-6.988689716975e-01  ,-5.401341244439e-01  
  6.798427125165e-06  ,-4.939321415965e-01  ,-3.535511317467e-01  
  6.798647802049e-06  ,-4.246777592040e-01  ,-2.896968417064e-01  
  6.798857675591e-06  ,-3.587947707349e-01  ,-2.286508189568e-01  
  6.799277422676e-06  ,-2.269848655631e-01  ,-1.058035670614e-01  
  6.799783782760e-06  ,-6.792612702488e-02  ,4.347626786457e-02  
  6.800245672191e-06  ,7.717942865905e-02  ,1.804346187287e-01  
  6.800640226999e-06  ,2.011196827615e-01  ,2.978861400248e-01  
  6.800865793327e-06  ,2.719634584542e-01  ,3.651840434835e-01  
  6.800929332810e-06  ,2.919170370123e-01  ,3.841591183653e-01  
  6.801050032215e-06  ,3.298175243353e-01  ,4.202241957872e-01  
  6.801161255414e-06  ,3.647382282323e-01  ,4.534789338845e-01  
  6.801383701811e-06  ,4.345658501501e-01  ,5.200434738303e-01  
  6.801828594604e-06  ,5.741540162124e-01  ,6.533560533924e-01  
  6.802551673451e-06  ,8.007735668196e-01  ,8.703792726724e-01  
  6.803209094057e-06  ,1.006459664875e+00  ,1.067862363199e+00  
  6.803692916134e-06  ,1.157562975091e+00  ,1.213180542289e+00  
  6.803970776224e-06  ,1.244223283160e+00  ,1.296602193993e+00  
  6.804049775662e-06  ,1.268844976054e+00  ,1.320313186511e+00  
  6.804194689454e-06  ,1.313989717520e+00  ,1.363798292643e+00  
  6.804356599884e-06  ,1.364397135886e+00  ,1.412367039549e+00  
  6.804653086426e-06  ,1.456609562356e+00  ,1.501252280373e+00  
  6.805187199922e-06  ,1.622403796859e+00  ,1.661166516284e+00  
  6.806255426915e-06  ,1.952575348059e+00  ,1.979911458558e+00  
  6.808391880902e-06  ,2.605952588765e+00  ,2.611024238866e+00  
  6.812521737726e-06  ,3.833142704052e+00  ,3.791538089044e+00  
  6.819610965164e-06  ,5.778538823437e+00  ,4.934800828754e+00  
  6.823692393215e-06  ,6.774706794054e+00  ,3.375846869416e+00  
  6.827403899940e-06  ,7.584417724076e+00  ,2.630875653533e+00  
  6.834003624232e-06  ,8.763615261726e+00  ,2.310014599127e+00  
  6.840896156343e-06  ,9.593784119857e+00  ,2.405815120912e+00  
  6.853791621240e-06  ,9.929139197022e+00  ,2.110746293906e+00  
  6.870504763635e-06  ,7.995947942424e+00  ,1.868222647117e+00  
  6.895505931886e-06  ,1.407167329487e+00  ,1.188222448289e+00  
  6.898631077917e-06  ,4.299270013684e-01  ,3.040621463058e-01  
  6.899412364425e-06  ,1.846006743747e-01  ,7.263607873316e-02  
  6.900185082765e-06  ,-5.814513793087e-02  ,-1.575247353224e-01  
  6.900791466894e-06  ,-2.486210376114e-01  ,-3.390071569281e-01  
  6.901128279703e-06  ,-3.543853024464e-01  ,-4.400452163017e-01  
  6.901221854338e-06  ,-3.837626019267e-01  ,-4.681381450604e-01  
  6.901321540778e-06  ,-4.150550179575e-01  ,-4.980763256101e-01  
  6.901501262752e-06  ,-4.714607716740e-01  ,-5.520732555363e-01  
  6.901683126768e-06  ,-5.285234987888e-01  ,-6.067392826668e-01  
  6.902046854800e-06  ,-6.425953328516e-01  ,-7.161325084952e-01  
  6.902543622261e-06  ,-7.982523077734e-01  ,-8.656220842390e-01  
  6.903065349167e-06  ,-9.615200688611e-01  ,-1.022651165846e+00  
  6.903570591664e-06  ,-1.119383491598e+00  ,-1.174669787017e+00  
  6.903830803191e-06  ,-1.200579273934e+00  ,-1.252921117062e+00  
  6.904002166545e-06  ,-1.254007605873e+00  ,-1.304432757657e+00  
  6.904089163715e-06  ,-1.281118109478e+00  ,-1.330576517048e+00  
  6.904219013365e-06  ,-1.321564659160e+00  ,-1.369587648867e+00  
  6.904478712665e-06  ,-1.402391109150e+00  ,-1.447568694804e+00  
  6.904809285613e-06  ,-1.505139883838e+00  ,-1.546740402433e+00  
  6.905470431508e-06  ,-1.710139369431e+00  ,-1.744713103271e+00  
  6.906792723300e-06  ,-2.117836967131e+00  ,-2.138699720689e+00  
  6.909437306883e-06  ,-2.921572621823e+00  ,-2.915149926777e+00  
  6.914318927290e-06  ,-4.348235892612e+00  ,-4.280199579173e+00  
  6.919813730480e-06  ,-5.830409857527e+00  ,-4.884711650369e+00  
  6.923172824742e-06  ,-6.653747880594e+00  ,-3.507741698711e+00  
  6.926449217560e-06  ,-7.385564452068e+00  ,-2.735160326375e+00  
  6.933002003195e-06  ,-8.607740604053e+00  ,-2.312026930304e+00  
  6.939150222303e-06  ,-9.424689157078e+00  ,-2.430756778737e+00  
  6.951422818663e-06  ,-9.990011585786e+00  ,-2.151694625350e+00  
  6.965520807268e-06  ,-8.834595651189e+00  ,-1.976507441706e+00  
  6.990521975519e-06  ,-2.933803935926e+00  ,-1.479144354341e+00  
  6.993647121550e-06  ,-1.982592169638e+00  ,-1.305120160009e+00  
  6.994229943218e-06  ,-1.802805626566e+00  ,-1.252575241071e+00  
  6.995395586552e-06  ,-1.441479884255e+00  ,-1.111290146042e+00  
  6.995686997386e-06  ,-1.350827458519e+00  ,-1.060956125031e+00  
  6.996269819053e-06  ,-1.169190566196e+00  ,-9.368347242792e-01  
  6.996926587732e-06  ,-9.640413989606e-01  ,-7.716445570346e-01  
  6.997600120218e-06  ,-7.532303948360e-01  ,-5.880322201581e-01  
  6.997945221798e-06  ,-6.450793783995e-01  ,-4.909260594219e-01  
  6.998058261076e-06  ,-6.096370141942e-01  ,-4.587973798186e-01  
  6.998247203143e-06  ,-5.503791278834e-01  ,-4.047998994574e-01  
  6.998519801261e-06  ,-4.648505725895e-01  ,-3.263219713138e-01  
  6.998984158697e-06  ,-3.190817882236e-01  ,-1.913778402593e-01  
  6.999559436651e-06  ,-1.384026391371e-01  ,-2.251388847334e-02  
  7.000202235492e-06  ,6.353372613797e-02  ,1.677421900361e-01  
  7.000811413588e-06  ,2.548854902189e-01  ,3.491236687563e-01  
  7.001006013440e-06  ,3.159958308455e-01  ,4.072313481391e-01  
  7.001072998816e-06  ,3.370286829591e-01  ,4.272482549941e-01  
  7.001182836672e-06  ,3.715135849163e-01  ,4.600869390124e-01  
  7.001338740071e-06  ,4.204536181177e-01  ,5.067291860071e-01  
  7.001581163337e-06  ,4.965328564200e-01  ,5.793204334118e-01  
  7.002018838381e-06  ,6.338116587186e-01  ,7.105384704526e-01  
  7.002566456055e-06  ,8.054026584635e-01  ,8.749166075261e-01  
  7.003133724635e-06  ,9.828990932016e-01  ,1.045301960934e+00  
  7.003681714838e-06  ,1.154067568475e+00  ,1.209886855842e+00  
  7.003931774950e-06  ,1.232064951141e+00  ,1.284959559597e+00  
  7.004016513662e-06  ,1.258479178494e+00  ,1.310393277329e+00  
  7.004160798812e-06  ,1.303434230096e+00  ,1.353690218969e+00  
  7.004325410077e-06  ,1.354689548183e+00  ,1.403070249195e+00  
  7.004654632607e-06  ,1.457090127251e+00  ,1.501768722110e+00  
  7.005223111907e-06  ,1.633535371376e+00  ,1.671953452404e+00  
  7.006360070506e-06  ,1.984806719266e+00  ,2.011076021290e+00  
  7.008633987704e-06  ,2.679308579658e+00  ,2.681872186970e+00  
  7.012877093354e-06  ,3.936012807273e+00  ,3.889705813319e+00  
  7.020312027732e-06  ,5.956873874453e+00  ,4.719826072404e+00  
  7.024099157849e-06  ,6.868146170141e+00  ,3.288731607305e+00  
  7.027912364999e-06  ,7.687554107027e+00  ,2.589795861104e+00  
  7.034612672130e-06  ,8.854164209354e+00  ,2.307644247739e+00  
  7.041634844342e-06  ,9.656665950358e+00  ,2.392231590226e+00  
  7.055227683583e-06  ,9.865441246436e+00  ,2.087869833547e+00  
  7.073004768888e-06  ,7.500119841171e+00  ,1.860321502962e+00  
  7.076129914919e-06  ,6.815662019019e+00  ,1.783327041335e+00  
  7.082380206982e-06  ,5.257036903900e+00  ,1.662886814234e+00  
  7.094880791107e-06  ,1.601323093057e+00  ,1.241287286621e+00  
  7.096970306436e-06  ,9.503698305029e-01  ,7.741341302324e-01  
  7.097492685268e-06  ,7.868818435358e-01  ,6.278104427182e-01  
  7.098012270132e-06  ,6.240579795843e-01  ,4.791453195511e-01  
  7.098152760142e-06  ,5.800018335801e-01  ,4.385588822780e-01  
  7.098321911605e-06  ,5.269428528660e-01  ,3.895154331395e-01  
  7.098594090627e-06  ,4.415358643788e-01  ,3.102237301678e-01  
  7.099067202495e-06  ,2.930050374821e-01  ,1.714641709038e-01  
  7.099635681795e-06  ,1.144514408232e-01  ,3.495070130934e-03  
  7.100214685040e-06  ,-6.744478298303e-02  ,-1.686202452164e-01  
  7.100850405829e-06  ,-2.671310899357e-01  ,-3.584686684163e-01  
  7.101020535180e-06  ,-3.205556587967e-01  ,-4.093941878539e-01  
  7.101087648613e-06  ,-3.416284020169e-01  ,-4.294946717041e-01  
  7.101196846185e-06  ,-3.759117287095e-01  ,-4.622124505268e-01  
  7.101359082578e-06  ,-4.268386673534e-01  ,-5.108486657648e-01  
  7.101614963455e-06  ,-5.071380967193e-01  ,-5.876157338097e-01  
  7.102078017039e-06  ,-6.523646960751e-01  ,-7.266770782125e-01  
  7.102636251790e-06  ,-8.272564487391e-01  ,-8.944735663450e-01  
  7.103237606777e-06  ,-1.015371311430e+00  ,-1.075288677138e+00  
  7.103651346831e-06  ,-1.144590399566e+00  ,-1.199657917406e+00  
  7.103895632742e-06  ,-1.220796258556e+00  ,-1.273058138986e+00  
  7.103975482011e-06  ,-1.245690148183e+00  ,-1.297043495440e+00  
  7.104113527300e-06  ,-1.288708707977e+00  ,-1.338500719921e+00  
  7.104268685641e-06  ,-1.337031175870e+00  ,-1.385081664512e+00  
  7.104579002323e-06  ,-1.433579660088e+00  ,-1.478186689231e+00  
  7.104994232492e-06  ,-1.562555016504e+00  ,-1.602627885047e+00  
  7.105824692832e-06  ,-1.819686148795e+00  ,-1.850894842912e+00  
  7.107485613512e-06  ,-2.330058629978e+00  ,-2.344007529762e+00  
  7.110807454871e-06  ,-3.330403853604e+00  ,-3.309071676303e+00  
  7.116649455117e-06  ,-4.995316524625e+00  ,-4.873250148688e+00  
  7.120852327632e-06  ,-6.092347331663e+00  ,-4.438167165625e+00  
  7.125000810908e-06  ,-7.071247948065e+00  ,-2.979771281476e+00  
  7.129006988095e-06  ,-7.902895494045e+00  ,-2.567639726415e+00  
  7.135183519410e-06  ,-8.936091525982e+00  ,-2.379182509787e+00  
  7.142045504140e-06  ,-9.689376870961e+00  ,-2.303080247180e+00  
  7.155769473599e-06  ,-9.836185318015e+00  ,-2.110687663041e+00  
  7.180770641850e-06  ,-5.680282629537e+00  ,-1.708011340790e+00  
  7.183895787882e-06  ,-4.846200453159e+00  ,-1.630026321687e+00  
  7.190146079944e-06  ,-3.046491320176e+00  ,-1.453704324329e+00  
  7.191708652960e-06  ,-2.575447271475e+00  ,-1.382973560456e+00  
  7.194833798991e-06  ,-1.615893842925e+00  ,-1.169033510988e+00  
  7.195566377329e-06  ,-1.388364255173e+00  ,-1.071834229543e+00  
  7.196846200811e-06  ,-9.891749667007e-01  ,-7.905869245397e-01  
  7.198013520526e-06  ,-6.236659220079e-01  ,-4.708499477018e-01  
  7.198590474861e-06  ,-4.426706803516e-01  ,-3.054364637804e-01  
  7.198795994470e-06  ,-3.781593040060e-01  ,-2.458461583766e-01  
  7.199038743699e-06  ,-3.019416751082e-01  ,-1.751083843317e-01  
  7.199524242157e-06  ,-1.494581695941e-01  ,-3.267927180920e-02  
  7.200040008599e-06  ,1.256906873253e-02  ,1.197244880522e-01  
  7.200552981073e-06  ,1.737153894415e-01  ,2.721360537171e-01  
  7.200812773505e-06  ,2.553125817794e-01  ,3.495703037006e-01  
  7.200977827148e-06  ,3.071451456003e-01  ,3.988365938271e-01  
  7.201038956834e-06  ,3.263399637928e-01  ,4.170958596691e-01  
  7.201147758594e-06  ,3.605008659095e-01  ,4.496104594135e-01  
  7.201342591276e-06  ,4.216624369000e-01  ,5.078810578610e-01  
  7.201602802804e-06  ,5.033225944609e-01  ,5.857865239942e-01  
  7.202123225858e-06  ,6.665365484955e-01  ,7.418150054313e-01  
  7.202731565764e-06  ,8.570938269272e-01  ,9.244348341824e-01  
  7.203305726131e-06  ,1.036658694258e+00  ,1.096877728210e+00  
  7.203720630338e-06  ,1.166210679871e+00  ,1.221470813619e+00  
  7.203963053605e-06  ,1.241815966588e+00  ,1.294242238620e+00  
  7.204034858575e-06  ,1.264196373216e+00  ,1.315791499838e+00  
  7.204165383434e-06  ,1.304862230590e+00  ,1.354955629378e+00  
  7.204315163387e-06  ,1.351500060241e+00  ,1.399883838159e+00  
  7.204600474058e-06  ,1.440255202555e+00  ,1.485420006948e+00  
  7.204995634226e-06  ,1.562989973408e+00  ,1.603769631636e+00  
  7.205785954563e-06  ,1.807718003915e+00  ,1.839934147273e+00  
  7.207366595237e-06  ,2.293680899442e+00  ,2.309278640368e+00  
  7.210527876584e-06  ,3.247458458287e+00  ,3.229477705391e+00  
  7.216298351256e-06  ,4.899459982832e+00  ,4.788561665222e+00  
  7.220558593241e-06  ,6.018912355699e+00  ,4.559348967588e+00  
  7.224301019875e-06  ,6.914101172450e+00  ,3.146969441732e+00  
  7.227965215413e-06  ,7.698162122616e+00  ,2.616772891926e+00  
  7.234014341800e-06  ,8.765236504678e+00  ,2.370950378479e+00  
  7.240513483254e-06  ,9.559174812717e+00  ,2.312714049837e+00  
  7.253511766164e-06  ,9.939203248181e+00  ,2.145511874015e+00  
  7.277404288022e-06  ,6.517315588009e+00  ,1.767172455874e+00  
  7.280529434053e-06  ,5.742484648665e+00  ,1.700459004878e+00  
  7.286779726116e-06  ,4.034892919681e+00  ,1.559492628120e+00  
  7.288342299132e-06  ,3.581049747972e+00  ,1.511893137613e+00  
  7.291467445163e-06  ,2.648594035959e+00  ,1.394127800613e+00  
  7.292248731671e-06  ,2.411137311850e+00  ,1.354487617504e+00  
  7.293811304687e-06  ,1.932010242992e+00  ,1.254528414030e+00  
  7.295868037460e-06  ,1.294451798982e+00  ,1.019734554155e+00  
  7.297817481874e-06  ,6.851211730565e-01  ,5.273608327874e-01  
  7.298755137442e-06  ,3.909854219044e-01  ,2.584813926190e-01  
  7.299141356913e-06  ,2.697179682913e-01  ,1.457429203219e-01  
  7.299593001796e-06  ,1.278587728469e-01  ,1.294848467379e-02  
  7.300156172557e-06  ,-4.906285886713e-02  ,-1.537429806935e-01  
  7.300692800624e-06  ,-2.176325516113e-01  ,-3.134294186610e-01  
  7.300929542823e-06  ,-2.919829864927e-01  ,-3.840805983754e-01  
  7.300996109104e-06  ,-3.128858304945e-01  ,-4.039642356895e-01  
  7.301115481375e-06  ,-3.503670861794e-01  ,-4.396411812052e-01  
  7.301255552290e-06  ,-3.943411101567e-01  ,-4.815331383071e-01  
  7.301530106185e-06  ,-4.805119322306e-01  ,-5.637256178451e-01  
  7.301988503156e-06  ,-6.243004415558e-01  ,-7.011439033409e-01  
  7.302558938233e-06  ,-8.030485151839e-01  ,-8.723712209723e-01  
  7.303144274471e-06  ,-9.861973192749e-01  ,-1.048189007870e+00  
  7.303706607042e-06  ,-1.161835079637e+00  ,-1.217083981334e+00  
  7.303955083905e-06  ,-1.239331552953e+00  ,-1.291680452535e+00  
  7.304038856370e-06  ,-1.265442231044e+00  ,-1.316823768221e+00  
  7.304181278875e-06  ,-1.309813072286e+00  ,-1.359560994172e+00  
  7.304349289468e-06  ,-1.362121942098e+00  ,-1.409959381483e+00  
  7.304681864759e-06  ,-1.465553519882e+00  ,-1.509658168111e+00  
  7.305278749397e-06  ,-1.650777114792e+00  ,-1.688323230117e+00  
  7.306472518673e-06  ,-2.019418065539e+00  ,-2.044242018258e+00  
  7.308860057225e-06  ,-2.747665575711e+00  ,-2.747588798891e+00  
  7.313258134952e-06  ,-4.045773257732e+00  ,-3.993848218188e+00  
  7.321027600398e-06  ,-6.135919603170e+00  ,-4.475808784042e+00  
  7.325401091209e-06  ,-7.159604166410e+00  ,-3.005628080522e+00  
  7.329536908498e-06  ,-8.003803168081e+00  ,-2.476597338659e+00  
  7.336893611779e-06  ,-9.164221208553e+00  ,-2.295733863437e+00  
  7.344555788865e-06  ,-9.854091460316e+00  ,-2.340000135776e+00  
  7.359880143037e-06  ,-9.522133493500e+00  ,-2.015404452231e+00  
  7.383000784745e-06  ,-5.090201952884e+00  ,-1.687437885241e+00  
  7.386125930777e-06  ,-4.221962630386e+00  ,-1.594917158118e+00  
  7.392376222840e-06  ,-2.372247219296e+00  ,-1.365547924360e+00  
  7.393938795855e-06  ,-1.892696941463e+00  ,-1.254346689207e+00  
  7.396461189916e-06  ,-1.109461208299e+00  ,-8.911981871622e-01  
  7.398243555060e-06  ,-5.515234663966e-01  ,-4.067865994074e-01  
  7.399155412992e-06  ,-2.653037011642e-01  ,-1.419760111734e-01  
  7.399530875688e-06  ,-1.473744138128e-01  ,-3.154919649230e-02  
  7.400011345005e-06  ,3.564138247734e-03  ,1.105585677941e-01  
  7.400533723837e-06  ,1.676664317210e-01  ,2.658482583576e-01  
  7.400812561816e-06  ,2.552460991977e-01  ,3.490064022467e-01  
  7.401011212921e-06  ,3.176284759525e-01  ,4.083408484245e-01  
  7.401068757014e-06  ,3.356968356882e-01  ,4.255413845594e-01  
  7.401183356257e-06  ,3.716767045781e-01  ,4.598122136595e-01  
  7.401360773208e-06  ,4.273693097355e-01  ,5.129066645879e-01  
  7.401583126472e-06  ,4.971488317426e-01  ,5.795066852222e-01  
  7.402027833002e-06  ,6.366316952195e-01  ,7.128617146102e-01  
  7.402575171279e-06  ,8.081317017755e-01  ,8.771860429605e-01  
  7.403143371182e-06  ,9.859149253870e-01  ,1.047875283619e+00  
  7.403695179807e-06  ,1.158269345272e+00  ,1.213624482597e+00  
  7.403940769570e-06  ,1.234869116037e+00  ,1.287361199255e+00  
  7.404024867998e-06  ,1.261082860488e+00  ,1.312604729507e+00  
  7.404167034389e-06  ,1.305376457306e+00  ,1.355269125205e+00  
  7.404333508300e-06  ,1.357210183043e+00  ,1.405211403478e+00  
  7.404666456120e-06  ,1.460764850010e+00  ,1.505031921791e+00  
  7.405243782984e-06  ,1.639941806695e+00  ,1.677867253392e+00  
  7.406398436712e-06  ,1.996618574965e+00  ,2.022234317993e+00  
  7.408707744168e-06  ,2.701625458565e+00  ,2.703183682328e+00  
  7.413014179753e-06  ,3.975566834441e+00  ,3.927124802085e+00  
  7.420558637666e-06  ,6.018923500841e+00  ,4.632229242793e+00  
  7.424863583134e-06  ,7.040698759712e+00  ,3.108897454099e+00  
  7.428743845509e-06  ,7.851972149901e+00  ,2.528439243834e+00  
  7.436504370259e-06  ,9.114597672131e+00  ,2.284657851156e+00  
  7.443593597697e-06  ,9.798148640417e+00  ,2.357860309465e+00  
  7.457772052573e-06  ,9.703392232850e+00  ,2.048437709957e+00  
  7.478127038764e-06  ,6.343437718102e+00  ,1.774764863257e+00  
  7.481252184795e-06  ,5.555131618275e+00  ,1.688172348099e+00  
  7.487502476858e-06  ,3.826115415649e+00  ,1.539055976904e+00  
  7.489065049874e-06  ,3.368144283770e+00  ,1.489465401516e+00  
  7.492190195905e-06  ,2.428980228614e+00  ,1.360256287898e+00  
  7.492971482413e-06  ,2.190174838281e+00  ,1.314745407308e+00  
  7.494534055429e-06  ,1.708750505160e+00  ,1.195548699364e+00  
  7.494924698682e-06  ,1.587705605810e+00  ,1.155458054844e+00  
  7.495705985190e-06  ,1.344916698833e+00  ,1.046274160202e+00  
  7.496679217281e-06  ,1.041363259384e+00  ,8.327149555118e-01  
  7.497898504795e-06  ,6.597246892555e-01  ,5.030452132664e-01  
  7.498508707346e-06  ,4.683320327061e-01  ,3.288108582881e-01  
  7.498711991781e-06  ,4.045293031283e-01  ,2.700200975721e-01  
  7.498932924779e-06  ,3.351687820194e-01  ,2.057934568762e-01  
  7.499374790775e-06  ,1.964026420187e-01  ,7.648741854390e-02  
  7.499868671136e-06  ,4.125806239716e-02  ,-6.911689500384e-02  
  7.500329815509e-06  ,-1.036127439429e-01  ,-2.058483233299e-01  
  7.500699643703e-06  ,-2.197818540213e-01  ,-3.159234346707e-01  
  7.500921647722e-06  ,-2.895037159625e-01  ,-3.821434906446e-01  
  7.500979645835e-06  ,-3.077162328175e-01  ,-3.994593864237e-01  
  7.501086526742e-06  ,-3.412761613119e-01  ,-4.313859302785e-01  
  7.501214187784e-06  ,-3.813558459624e-01  ,-4.695446949699e-01  
  7.501450231491e-06  ,-4.554460564054e-01  ,-5.401641936633e-01  
  7.501843389316e-06  ,-5.787941822906e-01  ,-6.579436989335e-01  
  7.502474919153e-06  ,-7.767356236795e-01  ,-8.474171170678e-01  
  7.503084562911e-06  ,-9.675281012315e-01  ,-1.030490941285e+00  
  7.503657885088e-06  ,-1.146630930115e+00  ,-1.202663717762e+00  
  7.503935139818e-06  ,-1.233113994838e+00  ,-1.285892171745e+00  
  7.504022544442e-06  ,-1.260358717969e+00  ,-1.312123024015e+00  
  7.504178680671e-06  ,-1.309003850276e+00  ,-1.358970387670e+00  
  7.504340032307e-06  ,-1.359240767463e+00  ,-1.407366185626e+00  
  7.504662735580e-06  ,-1.459608535569e+00  ,-1.504098712898e+00  
  7.505300505279e-06  ,-1.657517770705e+00  ,-1.694982163923e+00  
  7.506576044677e-06  ,-2.051260914227e+00  ,-2.075125756798e+00  
  7.509127123473e-06  ,-2.828239974616e+00  ,-2.825448944108e+00  
  7.513598961947e-06  ,-4.143459009593e+00  ,-4.086655164377e+00  
  7.520536942599e-06  ,-6.013479235547e+00  ,-4.701995117430e+00  
  7.524346424459e-06  ,-6.924399535309e+00  ,-3.266564785558e+00  
  7.528215510963e-06  ,-7.748112141430e+00  ,-2.574655895532e+00  
  7.534985853551e-06  ,-8.908046720174e+00  ,-2.302905508400e+00  
  7.542091472266e-06  ,-9.692938174794e+00  ,-2.384996861212e+00  
  7.555934651015e-06  ,-9.826698740180e+00  ,-2.076216016756e+00  
  7.574134929297e-06  ,-7.260603403696e+00  ,-1.842192918278e+00  
  7.577260075329e-06  ,-6.551610719110e+00  ,-1.763340817130e+00  
  7.583510367392e-06  ,-4.951757278200e+00  ,-1.638511181730e+00  
  7.596010951517e-06  ,-1.249918870488e+00  ,-1.043515650605e+00  
  7.597169889329e-06  ,-8.879345430269e-01  ,-7.264337165288e-01  
  7.598854838131e-06  ,-3.596856098511e-01  ,-2.376090051869e-01  
  7.599378707079e-06  ,-1.951725344916e-01  ,-8.259616609416e-02  
  7.599938245682e-06  ,-1.940067899809e-02  ,8.386302788361e-02  
  7.600599112181e-06  ,1.882055300556e-01  ,2.813486078145e-01  
  7.600935971556e-06  ,2.940017656096e-01  ,3.822884531653e-01  
  7.601020547288e-06  ,3.205594604299e-01  ,4.076538770764e-01  
  7.601140152389e-06  ,3.581128492433e-01  ,4.435410033105e-01  
  7.601277569035e-06  ,4.012523996836e-01  ,4.847914643074e-01  
  7.601552402327e-06  ,4.875082621956e-01  ,5.673458481132e-01  
  7.602102068910e-06  ,6.599045315000e-01  ,7.326171625549e-01  
  7.602736858377e-06  ,8.587504199809e-01  ,9.236288001808e-01  
  7.603332159767e-06  ,1.044917964904e+00  ,1.102765424652e+00  
  7.603699566523e-06  ,1.159638186006e+00  ,1.213274309511e+00  
  7.603946646402e-06  ,1.236701225201e+00  ,1.287554073811e+00  
  7.604021059075e-06  ,1.259895796135e+00  ,1.309917404907e+00  
  7.604151793482e-06  ,1.300629205341e+00  ,1.349197878477e+00  
  7.604316171916e-06  ,1.351813991412e+00  ,1.398568596703e+00  
  7.604595475556e-06  ,1.438701231534e+00  ,1.482403945194e+00  
  7.605016200529e-06  ,1.569371333224e+00  ,1.608541714063e+00  
  7.605857650476e-06  ,1.829866254562e+00  ,1.860158168395e+00  
  7.607540550368e-06  ,2.346839027562e+00  ,2.359787286315e+00  
  7.610906350153e-06  ,3.359682959619e+00  ,3.336937596850e+00  
  7.616875755327e-06  ,5.056778453111e+00  ,4.926006047052e+00  
  7.621060001390e-06  ,6.143954054884e+00  ,4.347589707368e+00  
  7.625318753259e-06  ,7.141521263234e+00  ,2.754211406357e+00  
  7.629853921669e-06  ,8.063110287285e+00  ,2.318773028263e+00  
  7.633956956403e-06  ,8.756544254788e+00  ,2.337580430595e+00  
  7.642163025873e-06  ,9.698441445201e+00  ,2.315176037026e+00  
  7.653592216508e-06  ,9.936388770895e+00  ,2.155010480482e+00  
  7.676450597780e-06  ,6.741596221663e+00  ,1.775174273594e+00  
  7.679575743811e-06  ,5.985156280067e+00  ,1.718153897739e+00  
  7.685826035874e-06  ,4.307180089894e+00  ,1.584498808041e+00  
  7.687388608890e-06  ,3.859141573567e+00  ,1.540474487999e+00  
  7.690513754921e-06  ,2.936272770850e+00  ,1.434969327122e+00  
  7.695262009935e-06  ,1.482993132343e+00  ,1.136226330761e+00  
  7.696094984846e-06  ,1.223721730183e+00  ,9.791129418721e-01  
  7.697760934668e-06  ,7.028431690151e-01  ,5.437106649068e-01  
  7.698518472450e-06  ,4.652675792094e-01  ,3.272779270817e-01  
  7.698803969385e-06  ,3.756556907128e-01  ,2.444241640260e-01  
  7.699118616717e-06  ,2.768593432220e-01  ,1.525288789895e-01  
  7.699583067285e-06  ,1.309795301369e-01  ,1.598097180194e-02  
  7.700089334236e-06  ,-2.806514124726e-02  ,-1.338277929862e-01  
  7.700626893627e-06  ,-1.969317098969e-01  ,-2.937217372161e-01  
  7.700873833807e-06  ,-2.744885068028e-01  ,-3.673944448872e-01  
  7.700945778476e-06  ,-2.970813545181e-01  ,-3.888798800504e-01  
  7.701066384749e-06  ,-3.349519858190e-01  ,-4.249189091323e-01  
  7.701192136580e-06  ,-3.744332042676e-01  ,-4.625207143294e-01  
  7.701443640241e-06  ,-4.533774933854e-01  ,-5.377933917798e-01  
  7.701946647564e-06  ,-6.111762333205e-01  ,-6.885625135492e-01  
  7.702545208583e-06  ,-7.987490741314e-01  ,-8.682320684774e-01  
  7.703157925704e-06  ,-9.904649834339e-01  ,-1.052281050218e+00  
  7.703739164123e-06  ,-1.171993311769e+00  ,-1.226856352434e+00  
  7.704006919363e-06  ,-1.255488947243e+00  ,-1.307237339467e+00  
  7.704088852467e-06  ,-1.281021133716e+00  ,-1.331826880938e+00  
  7.704229202779e-06  ,-1.324737612958e+00  ,-1.373939110677e+00  
  7.704400123754e-06  ,-1.377941414610e+00  ,-1.425205816284e+00  
  7.704656097764e-06  ,-1.457545505775e+00  ,-1.501940574572e+00  
  7.705168045783e-06  ,-1.616465776892e+00  ,-1.655223084087e+00  
  7.706191941822e-06  ,-1.933010937535e+00  ,-1.960801859905e+00  
  7.708239733899e-06  ,-2.559776128380e+00  ,-2.566211808196e+00  
  7.712283909047e-06  ,-3.764027236436e+00  ,-3.725205295635e+00  
  7.719192087376e-06  ,-5.670642158929e+00  ,-5.041037780424e+00  
  7.723199009621e-06  ,-6.659886581539e+00  ,-3.501927604552e+00  
  7.726876988733e-06  ,-7.475498264977e+00  ,-2.679379124931e+00  
  7.733312800253e-06  ,-8.657026907510e+00  ,-2.312825271666e+00  
  7.740080907667e-06  ,-9.518388993061e+00  ,-2.420914454540e+00  
  7.752158298815e-06  ,-9.977021244812e+00  ,-2.137077231409e+00  
  7.767777695978e-06  ,-8.480494579479e+00  ,-1.943338958448e+00  
  7.792778864229e-06  ,-2.249177971364e+00  ,-1.400002517637e+00  
  7.795904010260e-06  ,-1.283244867942e+00  ,-1.024976035620e+00  
  7.796685296768e-06  ,-1.039463697287e+00  ,-8.376309833087e-01  
  7.797917250270e-06  ,-6.538483403505e-01  ,-5.000460446562e-01  
  7.798459093744e-06  ,-4.839009276365e-01  ,-3.447057223939e-01  
  7.798647244187e-06  ,-4.248528586136e-01  ,-2.901941012675e-01  
  7.798842984909e-06  ,-3.634069746912e-01  ,-2.332368168542e-01  
  7.799234466353e-06  ,-2.404763045382e-01  ,-1.186625182759e-01  
  7.799719126621e-06  ,-8.823782926962e-02  ,2.416699613329e-02  
  7.800179432804e-06  ,5.637017926504e-02  ,1.606015669729e-01  
  7.800706561381e-06  ,2.219545764486e-01  ,3.175491274027e-01  
  7.800973990658e-06  ,3.059404430755e-01  ,3.973972221370e-01  
  7.801045597723e-06  ,3.284251421829e-01  ,4.187989785491e-01  
  7.801159836078e-06  ,3.642926271357e-01  ,4.529603277578e-01  
  7.801296111854e-06  ,4.070730381441e-01  ,4.937369674299e-01  
  7.801566754194e-06  ,4.920116234696e-01  ,5.747915994658e-01  
  7.801955674501e-06  ,6.140068031556e-01  ,6.914076504071e-01  
  7.802511953475e-06  ,7.883346204504e-01  ,8.584011532901e-01  
  7.803076893749e-06  ,9.651300384229e-01  ,1.028109917608e+00  
  7.803612683626e-06  ,1.132522980747e+00  ,1.189058540498e+00  
  7.803880066337e-06  ,1.215942360599e+00  ,1.269348171048e+00  
  7.803973186953e-06  ,1.244974747158e+00  ,1.297303037283e+00  
  7.804135050816e-06  ,1.295413840864e+00  ,1.345883394430e+00  
  7.804287345340e-06  ,1.342840429932e+00  ,1.391576523624e+00  
  7.804591934388e-06  ,1.437600305662e+00  ,1.482910996601e+00  
  7.805201112485e-06  ,1.626716495054e+00  ,1.665320798865e+00  
  7.806419468677e-06  ,2.003092484538e+00  ,2.028707012892e+00  
  7.808856181061e-06  ,2.746494691699e+00  ,2.746733175871e+00  
  7.813054583227e-06  ,3.987210556766e+00  ,3.938679256591e+00  
  7.820804677164e-06  ,6.080469580524e+00  ,4.569522352791e+00  
  7.825240007794e-06  ,7.124182629821e+00  ,3.042088486511e+00  
  7.829235009110e-06  ,7.946585465415e+00  ,2.497542389015e+00  
  7.837225011742e-06  ,9.205390917728e+00  ,2.279814209326e+00  
  7.844481132185e-06  ,9.850072421455e+00  ,2.342250719892e+00  
  7.858993373072e-06  ,9.603517483280e+00  ,2.029567981592e+00  
  7.880838475382e-06  ,5.662730983601e+00  ,1.727031067564e+00  
  7.883963621413e-06  ,4.827548612562e+00  ,1.631075444096e+00  
  7.890213913476e-06  ,3.026186889077e+00  ,1.449660201433e+00  
  7.891776486492e-06  ,2.554849787984e+00  ,1.378341236890e+00  
  7.894901632523e-06  ,1.594859718477e+00  ,1.161579622738e+00  
  7.895299586659e-06  ,1.471317560106e+00  ,1.112482653901e+00  
  7.896095494932e-06  ,1.223562686359e+00  ,9.710435748366e-01  
  7.896927259123e-06  ,9.638314576421e-01  ,7.692550297327e-01  
  7.897782678908e-06  ,6.960287445162e-01  ,5.358099708363e-01  
  7.898211506387e-06  ,5.615762479617e-01  ,4.142803121495e-01  
  7.898355186177e-06  ,5.165035748151e-01  ,3.731143019210e-01  
  7.898489948554e-06  ,4.742187329643e-01  ,3.343365081658e-01  
  7.898759473307e-06  ,3.896243075549e-01  ,2.563457849003e-01  
  7.899298522813e-06  ,2.203577203902e-01  ,9.895677024065e-02  
  7.899873614503e-06  ,3.970507054898e-02  ,-7.052321733699e-02  
  7.900396272732e-06  ,-1.244895346276e-01  ,-2.255624476932e-01  
  7.900794459699e-06  ,-2.495609633297e-01  ,-3.441611323374e-01  
  7.901110178051e-06  ,-3.487020161178e-01  ,-4.384250970474e-01  
  7.901192681590e-06  ,-3.746043040783e-01  ,-4.630866986246e-01  
  7.901282717200e-06  ,-4.028684356268e-01  ,-4.900126804479e-01  
  7.901440250413e-06  ,-4.523136400401e-01  ,-5.371524169721e-01  
  7.901605141075e-06  ,-5.040562517168e-01  ,-5.865282491955e-01  
  7.901918112027e-06  ,-6.022280443381e-01  ,-6.803284523858e-01  
  7.902544053929e-06  ,-7.983874874489e-01  ,-8.681610486002e-01  
  7.903153697686e-06  ,-9.891432349685e-01  ,-1.051248372007e+00  
  7.903724877821e-06  ,-1.167535950378e+00  ,-1.222774116924e+00  
  7.903973075287e-06  ,-1.244939939306e+00  ,-1.297275456124e+00  
  7.904056673130e-06  ,-1.270994335765e+00  ,-1.322362673557e+00  
  7.904198350577e-06  ,-1.315129911759e+00  ,-1.364870147511e+00  
  7.904369760497e-06  ,-1.368492882931e+00  ,-1.416280619539e+00  
  7.904679378686e-06  ,-1.464780925825e+00  ,-1.509086184374e+00  
  7.905296007363e-06  ,-1.656124238501e+00  ,-1.693640614539e+00  
  7.906529264716e-06  ,-2.036874856123e+00  ,-2.061237443249e+00  
  7.908995779423e-06  ,-2.788637750435e+00  ,-2.787245681117e+00  
  7.913443776039e-06  ,-4.099038805383e+00  ,-4.044546441071e+00  
  7.921412917046e-06  ,-6.231052241456e+00  ,-4.351017910183e+00  
  7.925727548270e-06  ,-7.230827361066e+00  ,-2.953010426177e+00  
  7.930103274254e-06  ,-8.109197765873e+00  ,-2.444835357720e+00  
  7.938370438484e-06  ,-9.339975390130e+00  ,-2.272979140876e+00  
  7.946057947544e-06  ,-9.923412233075e+00  ,-2.315259857594e+00  
  7.961432965664e-06  ,-9.361863547817e+00  ,-1.991250168983e+00  
  7.986434133915e-06  ,-4.133993920901e+00  ,-1.618392511024e+00  
  7.989559279947e-06  ,-3.221549301435e+00  ,-1.479833541481e+00  
  7.995809572009e-06  ,-1.312662535188e+00  ,-1.051994996527e+00  
  7.996878730325e-06  ,-9.790051235009e-01  ,-7.894963143697e-01  
  7.998358788161e-06  ,-5.153734855396e-01  ,-3.747751862044e-01  
  7.999058304546e-06  ,-2.957991989228e-01  ,-1.711437877778e-01  
  7.999389250023e-06  ,-1.918609911817e-01  ,-7.388921570442e-02  
  7.999790650053e-06  ,-6.576875142526e-02  ,4.466962345168e-02  
  8.000255240319e-06  ,8.018525189288e-02  ,1.825471738881e-01  
  8.000596849440e-06  ,1.874947943366e-01  ,2.842895616502e-01  
  8.000806722982e-06  ,2.534123688263e-01  ,3.469208304242e-01  
  8.000875664135e-06  ,2.750633042689e-01  ,3.675130574440e-01  
  8.000975781312e-06  ,3.065027297744e-01  ,3.974324188037e-01  
  8.001089274609e-06  ,3.421389251298e-01  ,4.313690742259e-01  
  8.001316261204e-06  ,4.133978142751e-01  ,4.993001738695e-01  
  8.001770234393e-06  ,5.558489051529e-01  ,6.353549885002e-01  
  8.002430262702e-06  ,7.627480102960e-01  ,8.334798106145e-01  
  8.003087683307e-06  ,9.685037988445e-01  ,1.030995997578e+00  
  8.003686523722e-06  ,1.155568216412e+00  ,1.210901446891e+00  
  8.003974069567e-06  ,1.245249870901e+00  ,1.297244441767e+00  
  8.004059134243e-06  ,1.271761242912e+00  ,1.322779578518e+00  
  8.004214781528e-06  ,1.320246837755e+00  ,1.369491360340e+00  
  8.004378694301e-06  ,1.371273061404e+00  ,1.418665646813e+00  
  8.004706519848e-06  ,1.473215070464e+00  ,1.516949383316e+00  
  8.005362170940e-06  ,1.676619512630e+00  ,1.713193583858e+00  
  8.006673473125e-06  ,2.081208445425e+00  ,2.103901181741e+00  
  8.009296077495e-06  ,2.879111269595e+00  ,2.874465831816e+00  
  8.013928103453e-06  ,4.237344773664e+00  ,4.175551075982e+00  
  8.020065891748e-06  ,5.894586976257e+00  ,4.820031159615e+00  
  8.023624289041e-06  ,6.758953802346e+00  ,3.408169431262e+00  
  8.027121591574e-06  ,7.526317438775e+00  ,2.677065877370e+00  
  8.034116196638e-06  ,8.780594431629e+00  ,2.301359298730e+00  
  8.040444719797e-06  ,9.552809200958e+00  ,2.287298089546e+00  
  8.053101766115e-06  ,9.952560056466e+00  ,2.196100377193e+00  
  8.073131906992e-06  ,7.473641734301e+00  ,1.806446975538e+00  
  8.076257053023e-06  ,6.786380197027e+00  ,1.777450739469e+00  
  8.082507345086e-06  ,5.223018018038e+00  ,1.661071509291e+00  
  8.095007929211e-06  ,1.561884235423e+00  ,1.228027323670e+00  
  8.096656556433e-06  ,1.048443403780e+00  ,8.543310489236e-01  
  8.099059368676e-06  ,2.954650390045e-01  ,1.722215880608e-01  
  8.100114743417e-06  ,-3.604762955309e-02  ,-1.399671085090e-01  
  8.100670091068e-06  ,-2.104997691935e-01  ,-3.054926714461e-01  
  8.101011467358e-06  ,-3.177083694539e-01  ,-4.075354121575e-01  
  8.101101828931e-06  ,-3.460806457026e-01  ,-4.345752011093e-01  
  8.101219338557e-06  ,-3.829728268138e-01  ,-4.697576000722e-01  
  8.101391842781e-06  ,-4.371209809833e-01  ,-5.214378498395e-01  
  8.101643346442e-06  ,-5.160431983346e-01  ,-5.968462352424e-01  
  8.102071102900e-06  ,-6.501971669609e-01  ,-7.252322437086e-01  
  8.102603260620e-06  ,-8.169270499691e-01  ,-8.851054545216e-01  
  8.103207782103e-06  ,-1.006049594316e+00  ,-1.066797599108e+00  
  8.103669624967e-06  ,-1.150294718369e+00  ,-1.205579209512e+00  
  8.103929650230e-06  ,-1.231402533782e+00  ,-1.283681109471e+00  
  8.104009557707e-06  ,-1.256311244644e+00  ,-1.307675391588e+00  
  8.104152073344e-06  ,-1.300716379840e+00  ,-1.350459852371e+00  
  8.104308814933e-06  ,-1.349523906456e+00  ,-1.397499140589e+00  
  8.104622298112e-06  ,-1.447039609188e+00  ,-1.491519884962e+00  
  8.105109659215e-06  ,-1.598361616259e+00  ,-1.637505253490e+00  
  8.106084381422e-06  ,-1.899846186000e+00  ,-1.928590562280e+00  
  8.108033825835e-06  ,-2.497190307751e+00  ,-2.505674350264e+00  
  8.111932714662e-06  ,-3.661583411155e+00  ,-3.627170347842e+00  
  8.118502636632e-06  ,-5.490920479063e+00  ,-5.193455914862e+00  
  8.122423132142e-06  ,-6.476098711082e+00  ,-3.777957739171e+00  
  8.126061623177e-06  ,-7.302925089567e+00  ,-2.788627070220e+00  
  8.132164393743e-06  ,-8.470839741820e+00  ,-2.319281577022e+00  
  8.138699297985e-06  ,-9.376388331553e+00  ,-2.445256532621e+00  
  8.149396841606e-06  ,-9.998204772439e+00  ,-2.183112986434e+00  
  8.163174455246e-06  ,-9.155642151635e+00  ,-2.014005908092e+00  
  8.188175623497e-06  ,-3.629890501816e+00  ,-1.541603957852e+00  
  8.191300769528e-06  ,-2.699050163177e+00  ,-1.405499420199e+00  
  8.197551061591e-06  ,-7.685979332005e-01  ,-6.084316163529e-01  
  8.198308226844e-06  ,-5.312360255187e-01  ,-3.918866334117e-01  
  8.199822557351e-06  ,-5.574496366248e-02  ,5.288912551244e-02  
  8.201188435039e-06  ,3.732711436199e-01  ,4.602465476155e-01  
  8.201839243254e-06  ,5.774938372184e-01  ,6.554027435894e-01  
  8.202032515971e-06  ,6.380999021106e-01  ,7.134325452880e-01  
  8.202212331077e-06  ,6.944648783737e-01  ,7.674418911884e-01  
  8.202571961289e-06  ,8.071265480837e-01  ,8.755044580548e-01  
  8.203011592111e-06  ,9.447086773494e-01  ,1.007647057374e+00  
  8.203437159961e-06  ,1.077718426302e+00  ,1.135557339877e+00  
  8.203708314529e-06  ,1.162367867986e+00  ,1.217032836426e+00  
  8.204000051325e-06  ,1.253348332772e+00  ,1.304657059714e+00  
  8.204070075141e-06  ,1.275170442843e+00  ,1.325681874999e+00  
  8.204192031832e-06  ,1.313162035423e+00  ,1.362292231649e+00  
  8.204344675602e-06  ,1.360685948992e+00  ,1.408099790926e+00  
  8.204521650175e-06  ,1.415745740770e+00  ,1.461186008203e+00  
  8.204739067430e-06  ,1.483327853157e+00  ,1.526365899028e+00  
  8.205173901940e-06  ,1.618281320015e+00  ,1.656581124765e+00  
  8.206043570960e-06  ,1.887257150938e+00  ,1.916293036075e+00  
  8.207782909000e-06  ,2.420783061729e+00  ,2.431751505877e+00  
  8.211261585081e-06  ,3.464584945613e+00  ,3.438062355349e+00  
  8.217706337297e-06  ,5.280145984184e+00  ,5.104062421739e+00  
  8.221822038019e-06  ,6.331062334184e+00  ,4.024588053750e+00  
  8.225702300394e-06  ,7.225346068161e+00  ,2.753612663855e+00  
  8.231697037542e-06  ,8.391898421235e+00  ,2.262409297433e+00  
  8.238068029011e-06  ,9.305611155994e+00  ,2.279715565669e+00  
  8.247200950706e-06  ,9.961362325788e+00  ,2.304279234081e+00  
  8.264048203552e-06  ,9.041812323905e+00  ,1.943737317840e+00  
  8.289049371803e-06  ,3.372781499536e+00  ,1.559915662548e+00  
  8.292174517835e-06  ,2.433757837841e+00  ,1.374284428083e+00  
  8.292955804342e-06  ,2.194980399149e+00  ,1.324366943491e+00  
  8.294518377358e-06  ,1.713603269334e+00  ,1.202099165203e+00  
  8.294909020612e-06  ,1.592568347789e+00  ,1.161438379620e+00  
  8.295690307120e-06  ,1.349797197888e+00  ,1.051069452398e+00  
  8.296665774384e-06  ,1.045563415364e+00  ,8.366279000113e-01  
  8.297906854847e-06  ,6.571071352937e-01  ,5.007657816552e-01  
  8.298525532434e-06  ,4.630520103783e-01  ,3.239579589243e-01  
  8.298731797101e-06  ,3.983122936361e-01  ,2.642597753043e-01  
  8.298961228417e-06  ,3.262817964096e-01  ,1.975107327242e-01  
  8.299420091050e-06  ,1.821736918817e-01  ,6.311804650688e-02  
  8.299915554659e-06  ,2.652925504189e-02  ,-8.306280823761e-02  
  8.300385220634e-06  ,-1.210176772236e-01  ,-2.224059667525e-01  
  8.300748343306e-06  ,-2.350773265991e-01  ,-3.305375511336e-01  
  8.300994584994e-06  ,-3.124072514791e-01  ,-4.040212278635e-01  
  8.301059696084e-06  ,-3.328518512569e-01  ,-4.234706535968e-01  
  8.301158416277e-06  ,-3.638468791184e-01  ,-4.529736815871e-01  
  8.301309476798e-06  ,-4.112682430566e-01  ,-4.981484782303e-01  
  8.301501981175e-06  ,-4.716862195781e-01  ,-5.557639326261e-01  
  8.301870924612e-06  ,-5.874299315173e-01  ,-6.663096338691e-01  
  8.302486994496e-06  ,-7.805176873493e-01  ,-8.511582514341e-01  
  8.303076521685e-06  ,-9.650136968636e-01  ,-1.028195378525e+00  
  8.303637736669e-06  ,-1.140342637043e+00  ,-1.196736536545e+00  
  8.303914432606e-06  ,-1.226658020496e+00  ,-1.279800728115e+00  
  8.304004037479e-06  ,-1.254590735165e+00  ,-1.306693095640e+00  
  8.304162990959e-06  ,-1.304117035097e+00  ,-1.354387819982e+00  
  8.304321013117e-06  ,-1.353320923305e+00  ,-1.401787261921e+00  
  8.304637057433e-06  ,-1.451627428728e+00  ,-1.496530177597e+00  
  8.305225560168e-06  ,-1.634294178902e+00  ,-1.672701796802e+00  
  8.306402565638e-06  ,-1.997889580266e+00  ,-2.023712798827e+00  
  8.308756576577e-06  ,-2.716392962396e+00  ,-2.717673665343e+00  
  8.312992976705e-06  ,-3.969453845300e+00  ,-3.921515347078e+00  
  8.320619391004e-06  ,-6.034154352613e+00  ,-4.620645280898e+00  
  8.324526475469e-06  ,-6.965098583409e+00  ,-3.194825235556e+00  
  8.328500615159e-06  ,-7.804424905014e+00  ,-2.544093962091e+00  
  8.335402833024e-06  ,-8.966804396349e+00  ,-2.302361438025e+00  
  8.342661188642e-06  ,-9.735395899026e+00  ,-2.374683787402e+00  
  8.357177899877e-06  ,-9.746823481497e+00  ,-2.056360982327e+00  
  8.376489804784e-06  ,-6.732493770275e+00  ,-1.803361745273e+00  
  8.379614950815e-06  ,-5.975284261464e+00  ,-1.720053375258e+00  
  8.385865242878e-06  ,-4.296060678573e+00  ,-1.579919185916e+00  
  8.387427815894e-06  ,-3.847775564458e+00  ,-1.537880727434e+00  
  8.390552961925e-06  ,-2.924496247128e+00  ,-1.433321403180e+00  
  8.395338469842e-06  ,-1.459233895730e+00  ,-1.126233430062e+00  
  8.396139407257e-06  ,-1.209869718367e+00  ,-9.697978616393e-01  
  8.397741282085e-06  ,-7.090018072050e-01  ,-5.494193309849e-01  
  8.398469296942e-06  ,-4.806992288872e-01  ,-3.416090329643e-01  
  8.398733559722e-06  ,-3.977589887126e-01  ,-2.650136951946e-01  
  8.399017519975e-06  ,-3.086061969087e-01  ,-1.822087612862e-01  
  8.399585440481e-06  ,-1.302340321587e-01  ,-1.535623778204e-02  
  8.400101951981e-06  ,3.202910467192e-02  ,1.375103442752e-01  
  8.400677695597e-06  ,2.128882668125e-01  ,3.088182386627e-01  
  8.400928128237e-06  ,2.915387704287e-01  ,3.835628965496e-01  
  8.400997337146e-06  ,3.132714421276e-01  ,4.042388024277e-01  
  8.401120760670e-06  ,3.520246025391e-01  ,4.411323820595e-01  
  8.401255779160e-06  ,3.944123280782e-01  ,4.815191382207e-01  
  8.401525816141e-06  ,4.791657275328e-01  ,5.623683843722e-01  
  8.401992967544e-06  ,6.257002283792e-01  ,7.024252306498e-01  
  8.402572063921e-06  ,8.071586855995e-01  ,8.762691839738e-01  
  8.403173418907e-06  ,9.953082655560e-01  ,1.056911652884e+00  
  8.403688719688e-06  ,1.156253474955e+00  ,1.211690169281e+00  
  8.403967138572e-06  ,1.243089353008e+00  ,1.295280899628e+00  
  8.404047267238e-06  ,1.268063296776e+00  ,1.319331209604e+00  
  8.404194742167e-06  ,1.314006134166e+00  ,1.363585438753e+00  
  8.404353299836e-06  ,1.363370082980e+00  ,1.411149131407e+00  
  8.404670415172e-06  ,1.461995270079e+00  ,1.506217783002e+00  
  8.405226135353e-06  ,1.634472448776e+00  ,1.672585705574e+00  
  8.406337575713e-06  ,1.977879874918e+00  ,2.004126229063e+00  
  8.408560456434e-06  ,2.657045519092e+00  ,2.660128338745e+00  
  8.412805052200e-06  ,3.915197206951e+00  ,3.869568462036e+00  
  8.420141638914e-06  ,5.913793186077e+00  ,4.763832444062e+00  
  8.423907162348e-06  ,6.824181014667e+00  ,3.327758987861e+00  
  8.427636922995e-06  ,7.631925634577e+00  ,2.613159513060e+00  
  8.434273900190e-06  ,8.804195944980e+00  ,2.310516920170e+00  
  8.441200704971e-06  ,9.620337165058e+00  ,2.399440635268e+00  
  8.454456777969e-06  ,9.902140691294e+00  ,2.100497055329e+00  
  8.471631856361e-06  ,7.778337201204e+00  ,1.850492343811e+00  
  8.474757002393e-06  ,7.124841741299e+00  ,1.805103601906e+00  
  8.481007294456e-06  ,5.618938275911e+00  ,1.691504296368e+00  
  8.493507878581e-06  ,2.025449188471e+00  ,1.324730585237e+00  
  8.495863752166e-06  ,1.295786725546e+00  ,1.029974175547e+00  
  8.496452720562e-06  ,1.112105468941e+00  ,8.950022295104e-01  
  8.497478106717e-06  ,7.914475464673e-01  ,6.229919277578e-01  
  8.497924489627e-06  ,6.515788792449e-01  ,4.976262680803e-01  
  8.498194200644e-06  ,5.670043445227e-01  ,4.207149704731e-01  
  8.498436856741e-06  ,4.908785855072e-01  ,3.509315458004e-01  
  8.498715555022e-06  ,4.034107919918e-01  ,2.702160653419e-01  
  8.499272951582e-06  ,2.283891368461e-01  ,1.073234602371e-01  
  8.499810510972e-06  ,5.952938207402e-02  ,-5.117706874843e-02  
  8.500347418437e-06  ,-1.091425538869e-01  ,-2.104822019718e-01  
  8.500743929023e-06  ,-2.336909197531e-01  ,-3.286117268013e-01  
  8.500986911083e-06  ,-3.099975886986e-01  ,-4.011586119973e-01  
  8.501051684568e-06  ,-3.303363433261e-01  ,-4.205161637700e-01  
  8.501152965898e-06  ,-3.621357204758e-01  ,-4.507983318144e-01  
  8.501297297614e-06  ,-4.074452465460e-01  ,-4.939790005518e-01  
  8.501503306167e-06  ,-4.721020145593e-01  ,-5.556611525943e-01  
  8.501873367192e-06  ,-5.881959637140e-01  ,-6.665846662377e-01  
  8.502487667562e-06  ,-7.807284922848e-01  ,-8.509607035108e-01  
  8.503077194752e-06  ,-9.652241599574e-01  ,-1.028042231602e+00  
  8.503637944074e-06  ,-1.140407370351e+00  ,-1.196477934340e+00  
  8.503913801821e-06  ,-1.226461349922e+00  ,-1.279305194600e+00  
  8.504003348486e-06  ,-1.254375991754e+00  ,-1.306184587083e+00  
  8.504162022570e-06  ,-1.303815404183e+00  ,-1.353803136242e+00  
  8.504320254276e-06  ,-1.353084718973e+00  ,-1.401272706473e+00  
  8.504636717686e-06  ,-1.451521824697e+00  ,-1.496154714457e+00  
  8.505223916570e-06  ,-1.633784767491e+00  ,-1.671958114068e+00  
  8.506398314336e-06  ,-1.996580903568e+00  ,-2.022229612432e+00  
  8.508747109869e-06  ,-2.713530615372e+00  ,-2.714729800391e+00  
  8.512979784707e-06  ,-3.965649609815e+00  ,-3.917716041845e+00  
  8.520592787961e-06  ,-6.027487676131e+00  ,-4.624719210972e+00  
  8.524490186671e-06  ,-6.956913688991e+00  ,-3.200781281560e+00  
  8.528456130723e-06  ,-7.795679607525e+00  ,-2.547066753485e+00  
  8.535348662833e-06  ,-8.959257884060e+00  ,-2.302835733686e+00  
  8.542595097521e-06  ,-9.730630158035e+00  ,-2.375822947207e+00  
  8.557061144808e-06  ,-9.754959257705e+00  ,-2.058226825890e+00  
  8.576277682284e-06  ,-6.781618746305e+00  ,-1.806903560170e+00  
  8.579402828315e-06  ,-6.028586519669e+00  ,-1.724058586661e+00  
  8.585653120378e-06  ,-4.356142078962e+00  ,-1.588283254040e+00  
  8.587215693394e-06  ,-3.909199242805e+00  ,-1.545986842367e+00  
  8.590340839425e-06  ,-2.988157637429e+00  ,-1.442793313710e+00  
  8.596591131488e-06  ,-1.068881747892e+00  ,-8.680997690245e-01  
  8.601226882735e-06  ,3.853411509071e-01  ,4.705716701558e-01  
  8.601501110667e-06  ,4.714130458937e-01  ,5.528842851029e-01  
  8.601853243733e-06  ,5.818848210506e-01  ,6.586606871838e-01  
  8.602222559700e-06  ,6.976705008361e-01  ,7.696502144520e-01  
  8.602698465535e-06  ,8.467328873434e-01  ,9.127427418280e-01  
  8.603188527474e-06  ,1.000031080660e+00  ,1.060116145679e+00  
  8.603645853424e-06  ,1.142875920114e+00  ,1.197610198423e+00  
  8.603886460612e-06  ,1.217936250975e+00  ,1.269914873080e+00  
  8.603969022358e-06  ,1.243676569383e+00  ,1.294718325047e+00  
  8.604112329619e-06  ,1.288335582045e+00  ,1.337761080375e+00  
  8.604252330685e-06  ,1.331939071167e+00  ,1.379797072990e+00  
  8.604532332817e-06  ,1.419067908576e+00  ,1.463822798611e+00  
  8.605049216846e-06  ,1.579614340553e+00  ,1.618740136187e+00  
  8.606082984904e-06  ,1.899415445585e+00  ,1.927578160804e+00  
  8.608150521019e-06  ,2.532672842884e+00  ,2.539452594177e+00  
  8.611889222363e-06  ,3.648865384287e+00  ,3.614517974703e+00  
  8.618634232977e-06  ,5.525425700126e+00  ,5.154695501240e+00  
  8.622591236332e-06  ,6.516249093540e+00  ,3.685850021855e+00  
  8.626251706580e-06  ,7.343589014553e+00  ,2.751513343839e+00  
  8.632493057946e-06  ,8.525261918080e+00  ,2.316571474345e+00  
  8.639130780200e-06  ,9.422645560404e+00  ,2.438436715900e+00  
  8.650260457495e-06  ,9.999665234229e+00  ,2.168172927432e+00  
  8.664641568163e-06  ,8.960620733704e+00  ,1.991895602787e+00  
  8.689642736414e-06  ,3.196717428994e+00  ,1.503103629154e+00  
  8.692767882446e-06  ,2.252539468874e+00  ,1.333502948989e+00  
  8.693549168954e-06  ,2.012744600708e+00  ,1.279785879744e+00  
  8.695111741969e-06  ,1.529662505598e+00  ,1.136994622990e+00  
  8.695502385223e-06  ,1.408270451105e+00  ,1.082175229517e+00  
  8.696283671731e-06  ,1.164868356453e+00  ,9.287186785351e-01  
  8.697098672116e-06  ,9.102174751413e-01  ,7.235961105037e-01  
  8.697691738332e-06  ,7.245264015572e-01  ,5.611136708544e-01  
  8.698072090471e-06  ,6.053004052524e-01  ,4.538468420463e-01  
  8.698195444146e-06  ,5.666143149217e-01  ,4.186888844970e-01  
  8.698366877349e-06  ,5.128355526195e-01  ,3.695788498537e-01  
  8.698668951826e-06  ,4.180392619130e-01  ,2.824237907258e-01  
  8.699273100780e-06  ,2.283422771748e-01  ,1.062469855931e-01  
  8.699836923467e-06  ,5.123177969725e-02  ,-5.983684749514e-02  
  8.700397486525e-06  ,-1.248708292142e-01  ,-2.260854733893e-01  
  8.700800935464e-06  ,-2.515947461827e-01  ,-3.462526861711e-01  
  8.701083545299e-06  ,-3.403400574999e-01  ,-4.306242252174e-01  
  8.701159180334e-06  ,-3.640867556748e-01  ,-4.532287835755e-01  
  8.701253406895e-06  ,-3.936676378963e-01  ,-4.814030865581e-01  
  8.701422791189e-06  ,-4.468342086687e-01  ,-5.320826460858e-01  
  8.701594643487e-06  ,-5.007625018370e-01  ,-5.835392282653e-01  
  8.701906589983e-06  ,-5.986148182464e-01  ,-6.770273261918e-01  
  8.702530482976e-06  ,-7.941375841309e-01  ,-8.642372475967e-01  
  8.703158101259e-06  ,-9.905198642383e-01  ,-1.052719216039e+00  
  8.703729001997e-06  ,-1.168822727550e+00  ,-1.224158031928e+00  
  8.703976826934e-06  ,-1.246109376040e+00  ,-1.298546200964e+00  
  8.704060354928e-06  ,-1.272141617446e+00  ,-1.323612019626e+00  
  8.704201776260e-06  ,-1.316196766973e+00  ,-1.366041908569e+00  
  8.704373907955e-06  ,-1.369783575498e+00  ,-1.417667901104e+00  
  8.704679800855e-06  ,-1.464912123311e+00  ,-1.509355454107e+00  
  8.705291586654e-06  ,-1.654754594030e+00  ,-1.692460458259e+00  
  8.706515158253e-06  ,-2.032535885837e+00  ,-2.057186635089e+00  
  8.708962301450e-06  ,-2.778536013323e+00  ,-2.777639965896e+00  
  8.713393906789e-06  ,-4.084743562919e+00  ,-4.031164088354e+00  
  8.721313873963e-06  ,-6.206685656750e+00  ,-4.389321460865e+00  
  8.725647131639e-06  ,-7.213353163183e+00  ,-2.967499402474e+00  
  8.729951332049e-06  ,-8.081173555795e+00  ,-2.453128928955e+00  
  8.738307903247e-06  ,-9.332938249552e+00  ,-2.270969244278e+00  
  8.745864282088e-06  ,-9.915713012336e+00  ,-2.318698872543e+00  
  8.760977039771e-06  ,-9.411248615380e+00  ,-1.998480828410e+00  
  8.785531173186e-06  ,-4.390594896085e+00  ,-1.637382665829e+00  
  8.787940690951e-06  ,-3.698563175156e+00  ,-1.550628514808e+00  
  8.792759726481e-06  ,-2.255035816500e+00  ,-1.330791847501e+00  
  8.793964485364e-06  ,-1.884771603627e+00  ,-1.245897102398e+00  
  8.796374003129e-06  ,-1.136678451884e+00  ,-9.092106533042e-01  
  8.798113527434e-06  ,-5.923059600159e-01  ,-4.430519077313e-01  
  8.799000239657e-06  ,-3.140323373884e-01  ,-1.867609294759e-01  
  8.799353630008e-06  ,-2.030491666876e-01  ,-8.319058116620e-02  
  8.799796892988e-06  ,-6.380751683849e-02  ,4.750451697252e-02  
  8.800295895623e-06  ,9.295701276239e-02  ,1.954545306174e-01  
  8.800640997203e-06  ,2.013616004109e-01  ,2.981756232906e-01  
  8.800854013959e-06  ,2.682642111537e-01  ,3.617109321365e-01  
  8.800914282171e-06  ,2.871907220845e-01  ,3.797032669625e-01  
  8.801026506541e-06  ,3.224306474397e-01  ,4.132243722973e-01  
  8.801142898580e-06  ,3.589750358306e-01  ,4.480128864666e-01  
  8.801375682658e-06  ,4.320489250955e-01  ,5.176522248066e-01  
  8.801826116821e-06  ,5.733768798627e-01  ,6.525987707257e-01  
  8.802472547820e-06  ,7.759928958120e-01  ,8.465736184410e-01  
  8.803116184851e-06  ,9.774153402818e-01  ,1.039887495203e+00  
  8.803707760951e-06  ,1.162195134965e+00  ,1.217558074965e+00  
  8.803983851528e-06  ,1.248298986037e+00  ,1.300439376870e+00  
  8.804067286389e-06  ,1.274301477821e+00  ,1.325479179590e+00  
  8.804216507548e-06  ,1.320784334448e+00  ,1.370252172268e+00  
  8.804383004742e-06  ,1.372614421368e+00  ,1.420191075886e+00  
  8.804685312049e-06  ,1.466624815836e+00  ,1.510809158215e+00  
  8.805289926665e-06  ,1.654240280206e+00  ,1.691779005640e+00  
  8.806499155896e-06  ,2.027613279447e+00  ,2.052265514323e+00  
  8.808917614358e-06  ,2.765047217860e+00  ,2.764474620153e+00  
  8.813341769116e-06  ,4.069787347138e+00  ,4.016796365545e+00  
  8.821199151413e-06  ,6.178386511043e+00  ,4.422776459238e+00  
  8.825547310250e-06  ,7.191598361279e+00  ,2.982357506052e+00  
  8.829785200493e-06  ,8.050321557037e+00  ,2.462192686551e+00  
  8.837230565684e-06  ,9.206072393268e+00  ,2.292549251216e+00  
  8.845001521246e-06  ,9.876958156843e+00  ,2.332537579691e+00  
  8.860543432372e-06  ,9.456425032507e+00  ,2.004914014976e+00  
  8.884608807700e-06  ,4.649061149571e+00  ,1.656360038159e+00  
  8.887733953731e-06  ,3.758827597038e+00  ,1.536657294102e+00  
  8.893984245794e-06  ,1.878674579740e+00  ,1.260153939287e+00  
  8.895546818810e-06  ,1.394448975325e+00  ,1.080631550106e+00  
  8.895825423958e-06  ,1.307725427661e+00  ,1.030172889191e+00  
  8.896382634254e-06  ,1.133984436275e+00  ,9.080017867134e-01  
  8.897002895089e-06  ,9.401776467868e-01  ,7.504119197776e-01  
  8.897618871840e-06  ,7.473560041505e-01  ,5.822675930817e-01  
  8.897914520191e-06  ,6.547041822265e-01  ,4.992251967762e-01  
  8.898032565327e-06  ,6.176943571036e-01  ,4.657519856806e-01  
  8.898209702881e-06  ,5.621419411074e-01  ,4.152375530313e-01  
  8.898509262787e-06  ,4.681577272374e-01  ,3.291335476332e-01  
  8.899064237909e-06  ,2.939359884971e-01  ,1.678305193628e-01  
  8.899711507099e-06  ,9.063147712451e-02  ,-2.243417405437e-02  
  8.900311278837e-06  ,-9.778957204749e-02  ,-2.001643473569e-01  
  8.900766090216e-06  ,-2.406511054033e-01  ,-3.355956231116e-01  
  8.901030911790e-06  ,-3.238138745336e-01  ,-4.146515733365e-01  
  8.901102495572e-06  ,-3.462899515228e-01  ,-4.360427277540e-01  
  8.901202158729e-06  ,-3.775795285525e-01  ,-4.658392787156e-01  
  8.901354150573e-06  ,-4.252906392940e-01  ,-5.113092604139e-01  
  8.901553337188e-06  ,-4.878016082074e-01  ,-5.709451940328e-01  
  8.901892059209e-06  ,-5.940579650863e-01  ,-6.724610545497e-01  
  8.902569503250e-06  ,-8.063568491636e-01  ,-8.757656420324e-01  
  8.903190788539e-06  ,-1.000737851820e+00  ,-1.062364545860e+00  
  8.903689884307e-06  ,-1.156616896026e+00  ,-1.212253930464e+00  
  8.903967465000e-06  ,-1.243191108074e+00  ,-1.295583295205e+00  
  8.904047081439e-06  ,-1.268005397519e+00  ,-1.319477254861e+00  
  8.904193112819e-06  ,-1.313498695699e+00  ,-1.363293777190e+00  
  8.904353533132e-06  ,-1.363442690776e+00  ,-1.411411475926e+00  
  8.904660543619e-06  ,-1.458927282230e+00  ,-1.503443473237e+00  
  8.905204715399e-06  ,-1.627833297140e+00  ,-1.666349936855e+00  
  8.906293058960e-06  ,-1.964168877656e+00  ,-1.991033567230e+00  
  8.908469746081e-06  ,-2.629561625993e+00  ,-2.633716783890e+00  
  8.912653247086e-06  ,-3.871269050758e+00  ,-3.827778810432e+00  
  8.919857958524e-06  ,-5.841692833003e+00  ,-4.855421872797e+00  
  8.923995265929e-06  ,-6.844386823341e+00  ,-3.299043640068e+00  
  8.927730987040e-06  ,-7.650987345034e+00  ,-2.602894715528e+00  
  8.934453645913e-06  ,-8.830832673584e+00  ,-2.308756161104e+00  
  8.941440800397e-06  ,-9.640649967505e+00  ,-2.395637766928e+00  
  8.954933801858e-06  ,-9.880115374581e+00  ,-2.092526175947e+00  
  8.972442666261e-06  ,-7.615745124623e+00  ,-1.869397553546e+00  
  8.975567812292e-06  ,-6.943813323379e+00  ,-1.793126050187e+00  
  8.981818104355e-06  ,-5.406428647191e+00  ,-1.674578023177e+00  
  8.994318688480e-06  ,-1.775375318822e+00  ,-1.288628944335e+00  
  8.996719265548e-06  ,-1.028849309508e+00  ,-8.401464653156e-01  
  8.999917427270e-06  ,-2.594095918812e-02  ,7.967319748024e-02  
  9.001287216512e-06  ,4.042807847616e-01  ,4.890241932520e-01  
  9.001886150060e-06  ,5.922048196590e-01  ,6.688187473127e-01  
  9.002074300503e-06  ,6.511995946047e-01  ,7.253533485376e-01  
  9.002273347421e-06  ,7.135861606639e-01  ,7.851804922147e-01  
  9.002671441255e-06  ,8.382731444583e-01  ,9.048745367683e-01  
  9.003050442977e-06  ,9.568587433383e-01  ,1.018847982612e+00  
  9.003537524683e-06  ,1.109059880001e+00  ,1.165298124360e+00  
  9.003783300711e-06  ,1.185762540411e+00  ,1.239165230456e+00  
  9.003996410599e-06  ,1.252213575889e+00  ,1.303190379168e+00  
  9.004075049149e-06  ,1.276720301121e+00  ,1.326809064739e+00  
  9.004204037325e-06  ,1.316900918449e+00  ,1.365540978364e+00  
  9.004428229952e-06  ,1.386686470091e+00  ,1.432830654557e+00  
  9.004696590552e-06  ,1.470129655241e+00  ,1.513320415200e+00  
  9.005233311752e-06  ,1.636696620748e+00  ,1.674077706904e+00  
  9.006306754151e-06  ,1.968387356970e+00  ,1.994441481769e+00  
  9.008453638950e-06  ,2.624679164979e+00  ,2.628542511073e+00  
  9.012711645761e-06  ,3.888178470232e+00  ,3.843644043918e+00  
  9.019885064760e-06  ,5.848602307382e+00  ,4.906269119262e+00  
  9.024073781172e-06  ,6.862349446954e+00  ,3.325178992466e+00  
  9.027898164192e-06  ,7.684700139774e+00  ,2.600374032578e+00  
  9.034665526548e-06  ,8.861869843845e+00  ,2.302667281560e+00  
  9.041745068232e-06  ,9.665603819460e+00  ,2.392395701903e+00  
  9.055181445280e-06  ,9.867805800050e+00  ,2.087619478585e+00  
  9.072776736418e-06  ,7.547310429801e+00  ,1.864631697452e+00  
  9.075901882449e-06  ,6.867908623470e+00  ,1.787356740060e+00  
  9.082152174512e-06  ,5.317842058840e+00  ,1.667651147072e+00  
  9.094652758637e-06  ,1.671995456061e+00  ,1.262633639662e+00  
  9.096879364649e-06  ,9.788068018992e-01  ,7.980738860399e-01  
  9.097436016152e-06  ,8.046285124432e-01  ,6.431116709336e-01  
  9.098000397632e-06  ,6.277805220061e-01  ,4.820137486030e-01  
  9.098147825995e-06  ,5.815493251070e-01  ,4.394718076442e-01  
  9.098322542110e-06  ,5.267450488470e-01  ,3.888612330814e-01  
  9.098573161015e-06  ,4.481045875951e-01  ,3.159190137246e-01  
  9.099074398825e-06  ,2.907452070890e-01  ,1.690117050476e-01  
  9.099663646618e-06  ,1.056665649755e-01  ,-5.059682014060e-03  
  9.100241066614e-06  ,-7.573258645275e-02  ,-1.766955857451e-01  
  9.100751338253e-06  ,-2.360179559395e-01  ,-3.290152930357e-01  
  9.101027056301e-06  ,-3.226032696991e-01  ,-4.115100626778e-01  
  9.101101969561e-06  ,-3.461247993611e-01  ,-4.339436761269e-01  
  9.101205032045e-06  ,-3.784815622970e-01  ,-4.648198465122e-01  
  9.101355207810e-06  ,-4.256224794682e-01  ,-5.098339527338e-01  
  9.101569551701e-06  ,-4.928894198335e-01  ,-5.741250246552e-01  
  9.101909577573e-06  ,-5.995517114302e-01  ,-6.761997183851e-01  
  9.102514285320e-06  ,-7.890649092841e-01  ,-8.579096595885e-01  
  9.103086583042e-06  ,-9.681597649384e-01  ,-1.029971097413e+00  
  9.103639695520e-06  ,-1.140954011694e+00  ,-1.196233912905e+00  
  9.103907264495e-06  ,-1.224423067580e+00  ,-1.276623744020e+00  
  9.103996578330e-06  ,-1.252265855414e+00  ,-1.303449537038e+00  
  9.104152993957e-06  ,-1.301003141170e+00  ,-1.350417879785e+00  
  9.104311085964e-06  ,-1.350230841448e+00  ,-1.397872299627e+00  
  9.104627269978e-06  ,-1.448585109550e+00  ,-1.492720788998e+00  
  9.105200871551e-06  ,-1.626641811815e+00  ,-1.664539016588e+00  
  9.106348074699e-06  ,-1.981112961327e+00  ,-2.006881576527e+00  
  9.108642480994e-06  ,-2.681879173781e+00  ,-2.683917338240e+00  
  9.112809590721e-06  ,-3.916509162133e+00  ,-3.870764792179e+00  
  9.120269112015e-06  ,-5.946039203374e+00  ,-4.728509304413e+00  
  9.124062947655e-06  ,-6.859873448492e+00  ,-3.295571590930e+00  
  9.127866469050e-06  ,-7.678324781830e+00  ,-2.593916450977e+00  
  9.134569011355e-06  ,-8.847780501186e+00  ,-2.307981626831e+00  
  9.141585968161e-06  ,-9.652665600443e+00  ,-2.393120303734e+00  
  9.155140064383e-06  ,-9.869904297875e+00  ,-2.089254388142e+00  
  9.172839663649e-06  ,-7.534326433906e+00  ,-1.862994042092e+00  
  9.175964809680e-06  ,-6.853525888572e+00  ,-1.786215083057e+00  
  9.182215101743e-06  ,-5.301089563209e+00  ,-1.666348207924e+00  
  9.194715685869e-06  ,-1.652501317930e+00  ,-1.257125957614e+00  
  9.196899078513e-06  ,-9.726430608457e-01  ,-7.929197579356e-01  
  9.197444926674e-06  ,-8.018382344534e-01  ,-6.407493007621e-01  
  9.197996549034e-06  ,-6.289872050702e-01  ,-4.832431449985e-01  
  9.198141439544e-06  ,-5.835522806474e-01  ,-4.414306309771e-01  
  9.198315480450e-06  ,-5.289604420290e-01  ,-3.910138443546e-01  
  9.198570662836e-06  ,-4.488886241536e-01  ,-3.167389663965e-01  
  9.199061004171e-06  ,-2.949514568519e-01  ,-1.730259361281e-01  
  9.199642242590e-06  ,-1.123904388662e-01  ,-1.341988611316e-03  
  9.200226926902e-06  ,7.129058502553e-02  ,1.724362724794e-01  
  9.200777990470e-06  ,2.443885807083e-01  ,3.369466977557e-01  
  9.201068889076e-06  ,3.357383006584e-01  ,4.240019532079e-01  
  9.201149157440e-06  ,3.609400404969e-01  ,4.480449265755e-01  
  9.201249437598e-06  ,3.924216100996e-01  ,4.780945636857e-01  
  9.201407995267e-06  ,4.421905273688e-01  ,5.256317282129e-01  
  9.201607717393e-06  ,5.048645952667e-01  ,5.855482519763e-01  
  9.201924832730e-06  ,6.043355698209e-01  ,6.807549069480e-01  
  9.202559063403e-06  ,8.030877114152e-01  ,8.713488710627e-01  
  9.203165820060e-06  ,9.929328429084e-01  ,1.053775490561e+00  
  9.203743426321e-06  ,1.173323082277e+00  ,1.227387692928e+00  
  9.204005873023e-06  ,1.255162829873e+00  ,1.306225602211e+00  
  9.204087992391e-06  ,1.280753158469e+00  ,1.330886030539e+00  
  9.204227271682e-06  ,1.324136285289e+00  ,1.372701426699e+00  
  9.204399543075e-06  ,1.377760728676e+00  ,1.424402059401e+00  
  9.204657938523e-06  ,1.458117619153e+00  ,1.501902844073e+00  
  9.205174729420e-06  ,1.618537853459e+00  ,1.656704677900e+00  
  9.206208311213e-06  ,1.938056285619e+00  ,1.965271632445e+00  
  9.208275474800e-06  ,2.570628749909e+00  ,2.576443635962e+00  
  9.212336041225e-06  ,3.779195501216e+00  ,3.739621987857e+00  
  9.219294883503e-06  ,5.697212549992e+00  ,5.015898155245e+00  
  9.223335333360e-06  ,6.691772988348e+00  ,3.465522093192e+00  
  9.227025605930e-06  ,7.506428086287e+00  ,2.665179069888e+00  
  9.233504630817e-06  ,8.687035852709e+00  ,2.312123606141e+00  
  9.240307755960e-06  ,9.539997301748e+00  ,2.416694226276e+00  
  9.252617605222e-06  ,9.966206491029e+00  ,2.129634661080e+00  
  9.268535025610e-06  ,8.352027316593e+00  ,1.931487591502e+00  
  9.293536193861e-06  ,2.016737258225e+00  ,1.366882406909e+00  
  9.295979984296e-06  ,1.259570622470e+00  ,1.028144029532e+00  
  9.296590931905e-06  ,1.068944089331e+00  ,8.726733882098e-01  
  9.297812827123e-06  ,6.865800625714e-01  ,5.338960250576e-01  
  9.298350200249e-06  ,5.180678533673e-01  ,3.793352812340e-01  
  9.298498070991e-06  ,4.716698496405e-01  ,3.364074531241e-01  
  9.298641820630e-06  ,4.265551746980e-01  ,2.945416043468e-01  
  9.298929319909e-06  ,3.363006469750e-01  ,2.104563132692e-01  
  9.299504318466e-06  ,1.557166528208e-01  ,4.113414950409e-02  
  9.300082762917e-06  ,-2.600070805819e-02  ,-1.304014131411e-01  
  9.300642208388e-06  ,-2.017420281079e-01  ,-2.971359405919e-01  
  9.300903304672e-06  ,-2.837434444986e-01  ,-3.751669085873e-01  
  9.300972886110e-06  ,-3.055936011573e-01  ,-3.959804807747e-01  
  9.301108160714e-06  ,-3.480686354715e-01  ,-4.364667246957e-01  
  9.301230885746e-06  ,-3.865977967281e-01  ,-4.732192167667e-01  
  9.301476335810e-06  ,-4.636383062359e-01  ,-5.467806558346e-01  
  9.301967235940e-06  ,-6.176320424653e-01  ,-6.940856034105e-01  
  9.302557042526e-06  ,-8.024548832403e-01  ,-8.712790193203e-01  
  9.303161005216e-06  ,-9.914276786072e-01  ,-1.052818384844e+00  
  9.303737028228e-06  ,-1.171326922199e+00  ,-1.225919360895e+00  
  9.304001896368e-06  ,-1.253923397336e+00  ,-1.305470718218e+00  
  9.304083806189e-06  ,-1.279448844162e+00  ,-1.330064139310e+00  
  9.304223667556e-06  ,-1.323013977613e+00  ,-1.372047605494e+00  
  9.304394262569e-06  ,-1.376117610331e+00  ,-1.423237524446e+00  
  9.304655917646e-06  ,-1.457489524370e+00  ,-1.501705054815e+00  
  9.305179227801e-06  ,-1.619932411914e+00  ,-1.658438115963e+00  
  9.306225848110e-06  ,-1.943460911848e+00  ,-1.970847616197e+00  
  9.308319088729e-06  ,-2.583867602063e+00  ,-2.589547081325e+00  
  9.312391576083e-06  ,-3.795342650324e+00  ,-3.755384941091e+00  
  9.319410768064e-06  ,-5.727094733669e+00  ,-4.994231071779e+00  
  9.323466119083e-06  ,-6.722248687725e+00  ,-3.436170367196e+00  
  9.327167940052e-06  ,-7.535896897235e+00  ,-2.652812403208e+00  
  9.333688688191e-06  ,-8.715532228657e+00  ,-2.310715091384e+00  
  9.340526086004e-06  ,-9.560336645638e+00  ,-2.412883638365e+00  
  9.353011768969e-06  ,-9.955271016015e+00  ,-2.123194220621e+00  
  9.369191449793e-06  ,-8.236849435459e+00  ,-1.921224267973e+00  
  9.394192618044e-06  ,-1.814338304987e+00  ,-1.373393998027e+00  
  9.396640133770e-06  ,-1.053574160809e+00  ,-8.710581445595e-01  
  9.401535165222e-06  ,4.820994337226e-01  ,5.637524907874e-01  
  9.403646287234e-06  ,1.143011312472e+00  ,1.198635128752e+00  
  9.404220168205e-06  ,1.321924279773e+00  ,1.371040884243e+00  
  9.404525642009e-06  ,1.416987170006e+00  ,1.462704560845e+00  
  9.404868508415e-06  ,1.523530705386e+00  ,1.565486285498e+00  
  9.405395078199e-06  ,1.686810394300e+00  ,1.723084753211e+00  
  9.406448217766e-06  ,2.011940409371e+00  ,2.037119882899e+00  
  9.408554496901e-06  ,2.655240528658e+00  ,2.658623472834e+00  
  9.412767055171e-06  ,3.904210244720e+00  ,3.859594912140e+00  
  9.420274260180e-06  ,5.947339500296e+00  ,4.748153214949e+00  
  9.424092682736e-06  ,6.866667492852e+00  ,3.299061775748e+00  
  9.427893223898e-06  ,7.683706919473e+00  ,2.593907554554e+00  
  9.434586080449e-06  ,8.850278181781e+00  ,2.307006948951e+00  
  9.441596331732e-06  ,9.653515725187e+00  ,2.393101490685e+00  
  9.455108704703e-06  ,9.871483491969e+00  ,2.089701757507e+00  
  9.472760620253e-06  ,7.550630992001e+00  ,1.864295139935e+00  
  9.475885766285e-06  ,6.871587841171e+00  ,1.787595920356e+00  
  9.482136058347e-06  ,5.322129165914e+00  ,1.667996407904e+00  
  9.494636642473e-06  ,1.676987011922e+00  ,1.246510760131e+00  
  9.496972026961e-06  ,9.498317566719e-01  ,7.647496541066e-01  
  9.497555873083e-06  ,7.670908210657e-01  ,6.037759359821e-01  
  9.498087378876e-06  ,6.005061483852e-01  ,4.530230527390e-01  
  9.498235366033e-06  ,5.540921908815e-01  ,4.105304170072e-01  
  9.498386938782e-06  ,5.065412592669e-01  ,3.668206093977e-01  
  9.498653250473e-06  ,4.229676245314e-01  ,2.896069720390e-01  
  9.499165850418e-06  ,2.620258273080e-01  ,1.397680983314e-01  
  9.499705179321e-06  ,9.261932379553e-02  ,-1.922542006982e-02  
  9.500254939036e-06  ,-8.009060413104e-02  ,-1.823329388634e-01  
  9.500705931993e-06  ,-2.217568971052e-01  ,-3.167232620853e-01  
  9.500957528787e-06  ,-3.007711738003e-01  ,-3.918710957707e-01  
  9.501023862237e-06  ,-3.216003455984e-01  ,-4.117028081376e-01  
  9.501132826978e-06  ,-3.558129702418e-01  ,-4.442958180843e-01  
  9.501266518334e-06  ,-3.977834913079e-01  ,-4.843087622687e-01  
  9.501513458515e-06  ,-4.752878881726e-01  ,-5.582780272764e-01  
  9.501896371791e-06  ,-5.954104045622e-01  ,-6.731076873438e-01  
  9.502489344874e-06  ,-7.812538258798e-01  ,-8.511478084581e-01  
  9.503073936054e-06  ,-9.642051849101e-01  ,-1.026794540100e+00  
  9.503626117209e-06  ,-1.136716012150e+00  ,-1.192694420935e+00  
  9.503901090199e-06  ,-1.222497927325e+00  ,-1.275273430138e+00  
  9.503991288790e-06  ,-1.250617161303e+00  ,-1.302353988851e+00  
  9.504152826691e-06  ,-1.300951039746e+00  ,-1.350841376783e+00  
  9.504308078164e-06  ,-1.349294560597e+00  ,-1.397425662327e+00  
  9.504618581111e-06  ,-1.445884159224e+00  ,-1.490538723565e+00  
  9.505217607791e-06  ,-1.631829404689e+00  ,-1.669914188998e+00  
  9.506415661151e-06  ,-2.001920543714e+00  ,-2.027262698793e+00  
  9.508811767871e-06  ,-2.733075770972e+00  ,-2.733489118052e+00  
  9.513057853753e-06  ,-3.988152796170e+00  ,-3.939084220528e+00  
  9.520742382580e-06  ,-6.064920968541e+00  ,-4.575611582419e+00  
  9.525147165829e-06  ,-7.103684149776e+00  ,-3.054305927664e+00  
  9.529120560462e-06  ,-7.924707361973e+00  ,-2.503850511746e+00  
  9.537067349726e-06  ,-9.185928777126e+00  ,-2.281318687209e+00  
  9.544296648080e-06  ,-9.839908639984e+00  ,-2.345438172083e+00  
  9.558755244786e-06  ,-9.624104981981e+00  ,-2.033255365394e+00  
  9.580326165730e-06  ,-5.794647056023e+00  ,-1.736235431735e+00  
  9.583451311761e-06  ,-4.967867350302e+00  ,-1.642386582321e+00  
  9.589701603824e-06  ,-3.179188627222e+00  ,-1.468019401390e+00  
  9.591264176840e-06  ,-2.710117660284e+00  ,-1.402804336186e+00  
  9.594389322871e-06  ,-1.753533033987e+00  ,-1.210766454609e+00  
  9.594805530930e-06  ,-1.624657168937e+00  ,-1.170335524091e+00  
  9.595637947047e-06  ,-1.366094227381e+00  ,-1.058953697837e+00  
  9.596669479931e-06  ,-1.044405657239e+00  ,-8.354694548443e-01  
  9.597958430374e-06  ,-6.409383693963e-01  ,-4.862221492854e-01  
  9.598673592979e-06  ,-4.165824708732e-01  ,-2.812147581024e-01  
  9.598910242045e-06  ,-3.422906835904e-01  ,-2.124637703412e-01  
  9.599196018377e-06  ,-2.525514210932e-01  ,-1.289757395161e-01  
  9.599620561773e-06  ,-1.192012116159e-01  ,-4.192208041239e-03  
  9.600067270646e-06  ,2.113368094702e-02  ,1.278879210399e-01  
  9.600604364375e-06  ,1.898552605299e-01  ,2.875078494513e-01  
  9.600852980936e-06  ,2.679397940606e-01  ,3.616296313139e-01  
  9.600931456504e-06  ,2.925839304487e-01  ,3.850511845586e-01  
  9.601044693688e-06  ,3.281412843452e-01  ,4.188685698485e-01  
  9.601170072990e-06  ,3.675064941427e-01  ,4.563377430511e-01  
  9.601420831593e-06  ,4.462191975227e-01  ,5.313485719671e-01  
  9.601922348799e-06  ,6.035566445248e-01  ,6.816059713857e-01  
  9.602530874969e-06  ,7.942603435773e-01  ,8.642084591518e-01  
  9.603149831952e-06  ,9.879347273512e-01  ,1.050089134915e+00  
  9.603733678075e-06  ,1.170281678927e+00  ,1.225416869372e+00  
  9.604012562619e-06  ,1.257247780623e+00  ,1.309125929398e+00  
  9.604095101083e-06  ,1.282967995844e+00  ,1.333893255955e+00  
  9.604235940339e-06  ,1.326835594958e+00  ,1.376145708316e+00  
  9.604406442219e-06  ,1.379907456557e+00  ,1.427279109413e+00  
  9.604655058781e-06  ,1.457222584479e+00  ,1.501798485543e+00  
  9.605152291903e-06  ,1.611581440408e+00  ,1.650663148493e+00  
  9.606146758148e-06  ,1.919081847651e+00  ,1.947476155267e+00  
  9.608135690639e-06  ,2.528165370410e+00  ,2.535769825582e+00  
  9.612113555619e-06  ,3.714391389121e+00  ,3.677772569694e+00  
  9.618877937743e-06  ,5.589076479793e+00  ,5.116902019311e+00  
  9.622824510286e-06  ,6.571663446627e+00  ,3.612546181904e+00  
  9.626479392597e-06  ,7.391952312735e+00  ,2.722935713523e+00  
  9.632784818957e-06  ,8.572812088078e+00  ,2.314990904594e+00  
  9.639456813881e-06  ,9.456450191163e+00  ,2.432358046600e+00  
  9.650915806839e-06  ,9.995861456193e+00  ,2.157404678612e+00  
  9.665717130253e-06  ,8.805531816262e+00  ,1.975303615924e+00  
  9.690718298504e-06  ,2.874785858018e+00  ,1.471925753175e+00  
  9.693843444535e-06  ,1.922102464716e+00  ,1.291784385109e+00  
  9.694624731043e-06  ,1.680675986037e+00  ,1.213263579365e+00  
  9.696187304059e-06  ,1.194931665534e+00  ,9.569659302509e-01  
  9.697635696927e-06  ,7.420849251384e-01  ,5.786688060778e-01  
  9.698331860552e-06  ,5.238216158038e-01  ,3.808716062212e-01  
  9.698527228745e-06  ,4.625196695580e-01  ,3.245033688563e-01  
  9.698716520058e-06  ,4.031078634603e-01  ,2.696218824354e-01  
  9.699095102685e-06  ,2.842435864353e-01  ,1.591815462910e-01  
  9.699579390423e-06  ,1.321345502889e-01  ,1.682899679122e-02  
  9.700115087168e-06  ,-3.615562146037e-02  ,-1.417078943250e-01  
  9.700669037836e-06  ,-2.101689595817e-01  ,-3.065222398020e-01  
  9.700913882541e-06  ,-2.870652262157e-01  ,-3.795888561504e-01  
  9.700980565237e-06  ,-3.080049344506e-01  ,-3.995070503430e-01  
  9.701105409028e-06  ,-3.472046904369e-01  ,-4.368195767063e-01  
  9.701234280789e-06  ,-3.876635814936e-01  ,-4.753618460562e-01  
  9.701492024312e-06  ,-4.685616375497e-01  ,-5.525166976750e-01  
  9.701977522770e-06  ,-6.208575433591e-01  ,-6.980547146617e-01  
  9.702566398034e-06  ,-8.053844897176e-01  ,-8.748227159624e-01  
  9.703167194227e-06  ,-9.933624157020e-01  ,-1.055289753171e+00  
  9.703744334826e-06  ,-1.173606525669e+00  ,-1.228631279377e+00  
  9.704005337978e-06  ,-1.254996069731e+00  ,-1.306984131146e+00  
  9.704087247798e-06  ,-1.280521163982e+00  ,-1.331566477854e+00  
  9.704225805314e-06  ,-1.323679667414e+00  ,-1.373140517783e+00  
  9.704397494631e-06  ,-1.377123325318e+00  ,-1.424637485886e+00  
  9.704655564116e-06  ,-1.457379645531e+00  ,-1.501999958116e+00  
  9.705171703087e-06  ,-1.617599631566e+00  ,-1.656535057014e+00  
  9.706203981029e-06  ,-1.936721692806e+00  ,-1.964601952157e+00  
  9.708268536912e-06  ,-2.568522333427e+00  ,-2.574876995176e+00  
  9.712319417583e-06  ,-3.774359821434e+00  ,-3.735348740255e+00  
  9.719266338931e-06  ,-5.689840393857e+00  ,-5.030494793193e+00  
  9.723282946931e-06  ,-6.679534182026e+00  ,-3.484003356398e+00  
  9.726968749152e-06  ,-7.494614492122e+00  ,-2.671593776823e+00  
  9.733416481601e-06  ,-8.673285375806e+00  ,-2.312252246663e+00  
  9.740196509944e-06  ,-9.529461099914e+00  ,-2.418733644759e+00  
  9.752382679569e-06  ,-9.971997407687e+00  ,-2.133465378701e+00  
  9.768136187183e-06  ,-8.420276984623e+00  ,-1.937713910722e+00  
  9.793137355434e-06  ,-2.139299980262e+00  ,-1.384980684373e+00  
  9.795578910695e-06  ,-1.384464807524e+00  ,-1.110223337269e+00  
  9.796189299511e-06  ,-1.194309265182e+00  ,-9.710242301164e-01  
  9.797216548311e-06  ,-8.733331425444e-01  ,-6.998372915732e-01  
  9.797753083246e-06  ,-7.053036446324e-01  ,-5.493628698645e-01  
  9.798275834607e-06  ,-5.413977006547e-01  ,-3.996399177497e-01  
  9.798400073038e-06  ,-5.024202650933e-01  ,-3.637208870746e-01  
  9.798533484997e-06  ,-4.605563043658e-01  ,-3.250265483933e-01  
  9.798800308915e-06  ,-3.768048471836e-01  ,-2.472922116625e-01  
  9.799333956750e-06  ,-2.092283896007e-01  ,-9.069001139972e-02  
  9.799896754982e-06  ,-3.243532215987e-02  ,7.573550817036e-02  
  9.800411683233e-06  ,1.293304965171e-01  ,2.288483171856e-01  
  9.800762838410e-06  ,2.396298150511e-01  ,3.336160062320e-01  
  9.801015971886e-06  ,3.191227910490e-01  ,4.092793132799e-01  
  9.801082491601e-06  ,3.400092199807e-01  ,4.291798576522e-01  
  9.801179209450e-06  ,3.703748437659e-01  ,4.581267762559e-01  
  9.801334297942e-06  ,4.190593120205e-01  ,5.045703005210e-01  
  9.801518979209e-06  ,4.770202980980e-01  ,5.599144985657e-01  
  9.801874884130e-06  ,5.886716981345e-01  ,6.666692213731e-01  
  9.802498497726e-06  ,7.841204580967e-01  ,8.539446425780e-01  
  9.803085603477e-06  ,9.678534706976e-01  ,1.030375708089e+00  
  9.803649053635e-06  ,1.143874702637e+00  ,1.199680666818e+00  
  9.803922024282e-06  ,1.229024969525e+00  ,1.281664597355e+00  
  9.804010360228e-06  ,1.256561366008e+00  ,1.308187694387e+00  
  9.804166822420e-06  ,1.305310435048e+00  ,1.355154611811e+00  
  9.804326078581e-06  ,1.354897628382e+00  ,1.402943236596e+00  
  9.804644590901e-06  ,1.453969028244e+00  ,1.498460590152e+00  
  9.805216143565e-06  ,1.631375568921e+00  ,1.669615656405e+00  
  9.806359248893e-06  ,1.984553736630e+00  ,2.010652006902e+00  
  9.808645459549e-06  ,2.682780623601e+00  ,2.685136275527e+00  
  9.812837156193e-06  ,3.924475831286e+00  ,3.878712498664e+00  
  9.820295187371e-06  ,5.952623580236e+00  ,4.729122407023e+00  
  9.824090513127e-06  ,6.866171970528e+00  ,3.292983059316e+00  
  9.827897014754e-06  ,7.684469067712e+00  ,2.591837644829e+00  
  9.834594341652e-06  ,8.851486110529e+00  ,2.307559212826e+00  
  9.841610553401e-06  ,9.654680664331e+00  ,2.392702315147e+00  
  9.855170610087e-06  ,9.868356883502e+00  ,2.088768282121e+00  
  9.872891070979e-06  ,7.523697524025e+00  ,1.862161587820e+00  
  9.876016217010e-06  ,6.841756277098e+00  ,1.785316562779e+00  
  9.882266509073e-06  ,5.287388518482e+00  ,1.665272894703e+00  
  9.894767093198e-06  ,1.636571117287e+00  ,1.252423706467e+00  
  9.896921428578e-06  ,9.656546332683e-01  ,7.811144040409e-01  
  9.897460012423e-06  ,7.971140768495e-01  ,6.324216501003e-01  
  9.897969352739e-06  ,6.375140249084e-01  ,4.880993594263e-01  
  9.898105605232e-06  ,5.947904053425e-01  ,4.490311605829e-01  
  9.898280041950e-06  ,5.400778587466e-01  ,3.987827312815e-01  
  9.898544816958e-06  ,4.570000124946e-01  ,3.220701434725e-01  
  9.898957299726e-06  ,3.275153714931e-01  ,2.016845124593e-01  
  9.899503613548e-06  ,1.559380824742e-01  ,4.093465618006e-02  
  9.900080754148e-06  ,-2.536963653529e-02  ,-1.300915847795e-01  
  9.900630327599e-06  ,-1.980103138392e-01  ,-2.937908500629e-01  
  9.900908187689e-06  ,-2.852768686488e-01  ,-3.767942829920e-01  
  9.900979189394e-06  ,-3.075729054570e-01  ,-3.980247692878e-01  
  9.901104475563e-06  ,-3.469116105417e-01  ,-4.355077245787e-01  
  9.901235023705e-06  ,-3.878967998938e-01  ,-4.745892438790e-01  
  9.901496119989e-06  ,-4.698469153857e-01  ,-5.528182646863e-01  
  9.901998754783e-06  ,-6.275147701553e-01  ,-7.036143768623e-01  
  9.902586605592e-06  ,-8.117120957848e-01  ,-8.801900939840e-01  
  9.903191965265e-06  ,-1.001105674746e+00  ,-1.062119175908e+00  
  9.903673924698e-06  ,-1.151636541400e+00  ,-1.206937174454e+00  
  9.903941447107e-06  ,-1.235080341187e+00  ,-1.287285427957e+00  
  9.904021994868e-06  ,-1.260187440979e+00  ,-1.311470157579e+00  
  9.904167001793e-06  ,-1.305366304498e+00  ,-1.354999106516e+00  
  9.904325303348e-06  ,-1.354656327182e+00  ,-1.402502522126e+00  
  9.904641906457e-06  ,-1.453134641920e+00  ,-1.497450011287e+00  
  9.905165402876e-06  ,-1.615646396962e+00  ,-1.654232254315e+00  
  9.906212395715e-06  ,-1.939315124384e+00  ,-1.966750500394e+00  
  9.908306381391e-06  ,-2.580010834840e+00  ,-2.585695591499e+00  
  9.912390044616e-06  ,-3.794897520280e+00  ,-3.754763217270e+00  
  9.919351122068e-06  ,-5.711723774370e+00  ,-5.002315633354e+00  
  9.923387846636e-06  ,-6.704023238230e+00  ,-3.451683919720e+00  
  9.927073648857e-06  ,-7.516391688304e+00  ,-2.661050218393e+00  
  9.933575025486e-06  ,-8.697968942274e+00  ,-2.311725643427e+00  
  9.940389326500e-06  ,-9.547648877075e+00  ,-2.415208373225e+00  
  9.952773681568e-06  ,-9.962059055869e+00  ,-2.127111408797e+00  
  9.968792429851e-06  ,-8.307283136657e+00  ,-1.927449276913e+00  
  9.993793598102e-06  ,-1.937467825764e+00  ,-1.354257277021e+00  
  9.996238878654e-06  ,-1.178843558633e+00  ,-9.675702679119e-01  
  9.996850198792e-06  ,-9.879251158528e-01  ,-8.052519876981e-01  
  9.997943944024e-06  ,-6.454799665169e-01  ,-4.975885510936e-01  
  9.998432050185e-06  ,-4.923867835650e-01  ,-3.564423854578e-01  
  9.998600689420e-06  ,-4.394648047120e-01  ,-3.073099866414e-01  
  9.998767256463e-06  ,-3.871810020623e-01  ,-2.586272858582e-01  
  9.999100390548e-06  ,-2.825830224963e-01  ,-1.608465681283e-01  
  9.999555621022e-06  ,-1.396012384057e-01  ,-2.647602784768e-02  
  1.000007418143e-05  ,2.330476304277e-02  ,1.274258588213e-01  
  1.000059805038e-05  ,1.878720144488e-01  ,2.835994135503e-01  
  1.000085020597e-05  ,2.670683238889e-01  ,3.589650954651e-01  
  1.000092983405e-05  ,2.920744383641e-01  ,3.827862755573e-01  
  1.000103643556e-05  ,3.255483022885e-01  ,4.146925173036e-01  
  1.000116148890e-05  ,3.648115301221e-01  ,4.521420384586e-01  
  1.000141159557e-05  ,4.433204879303e-01  ,5.271008690085e-01  
  1.000191180893e-05  ,6.002514499849e-01  ,6.772107951838e-01  
  1.000252629556e-05  ,7.928262175401e-01  ,8.618425365627e-01  
  1.000315652155e-05  ,9.900260232613e-01  ,1.051304991102e+00  
  1.000374353417e-05  ,1.173356729422e+00  ,1.227730597447e+00  
  1.000401990414e-05  ,1.259535853570e+00  ,1.310743903960e+00  
  1.000410227962e-05  ,1.285204531020e+00  ,1.335478818225e+00  
  1.000424253680e-05  ,1.328889584239e+00  ,1.377583633729e+00  
  1.000441357419e-05  ,1.382126563540e+00  ,1.428908817944e+00  
  1.000465907083e-05  ,1.458469539542e+00  ,1.502534988497e+00  
  1.000515006409e-05  ,1.610890695726e+00  ,1.649608248460e+00  
  1.000613205061e-05  ,1.914547015186e+00  ,1.942833950826e+00  
  1.000809602365e-05  ,2.516106489322e+00  ,2.524036656724e+00  
  1.001202396975e-05  ,3.688245994638e+00  ,3.652877099037e+00  
  1.001873992310e-05  ,5.553069824441e+00  ,5.153670457894e+00  
  1.002268053517e-05  ,6.537503586329e+00  ,3.667170768080e+00  
  1.002633765266e-05  ,7.361889294455e+00  ,2.742042467328e+00  
  1.003257453368e-05  ,8.538612794427e+00  ,2.315515341858e+00  
  1.003920555041e-05  ,9.430485557028e+00  ,2.436983324876e+00  
  1.005038738177e-05  ,9.999259469854e+00  ,2.166133339194e+00  
  1.006484299824e-05  ,8.932349194959e+00  ,1.988755390710e+00  
  1.008984416649e-05  ,3.136693162576e+00  ,1.497526657663e+00  
  1.009296931252e-05  ,2.190839972953e+00  ,1.322046330466e+00  
  1.009375059903e-05  ,1.950718644337e+00  ,1.266487426845e+00  
  1.009531317205e-05  ,1.467095899310e+00  ,1.111948380703e+00  
  1.009679863155e-05  ,1.004044886831e+00  ,8.039103973704e-01  
  1.009809708149e-05  ,5.974634560918e-01  ,4.475120839286e-01  
  1.009873922840e-05  ,3.959795230580e-01  ,2.625864842829e-01  
  1.009898365401e-05  ,3.192402585161e-01  ,1.913967148095e-01  
  1.009928177037e-05  ,2.256193472680e-01  ,1.041112067207e-01  
  1.009970044643e-05  ,9.410613966963e-02  ,-1.917116165353e-02  
  1.010011586287e-05  ,-3.639931274814e-02  ,-1.421457121840e-01  
  1.010072336458e-05  ,-2.272321261957e-01  ,-3.228747236023e-01  
  1.010096024648e-05  ,-3.016245746798e-01  ,-3.935710630963e-01  
  1.010102917599e-05  ,-3.232688426766e-01  ,-4.141614774927e-01  
  1.010114803603e-05  ,-3.605879698960e-01  ,-4.496869258814e-01  
  1.010129015586e-05  ,-4.052034512372e-01  ,-4.921932991149e-01  
  1.010156238145e-05  ,-4.906395439819e-01  ,-5.736906788829e-01  
  1.010200378178e-05  ,-6.290909284387e-01  ,-7.060099526391e-01  
  1.010256061955e-05  ,-8.035750093561e-01  ,-8.731436780009e-01  
  1.010313468678e-05  ,-9.831998972456e-01  ,-1.045563717142e+00  
  1.010368705420e-05  ,-1.155733755426e+00  ,-1.211457356235e+00  
  1.010393809220e-05  ,-1.234034430045e+00  ,-1.286820840155e+00  
  1.010402256316e-05  ,-1.260364551999e+00  ,-1.312173246627e+00  
  1.010416673190e-05  ,-1.305282239233e+00  ,-1.355433648343e+00  
  1.010433201837e-05  ,-1.356746437340e+00  ,-1.405014331161e+00  
  1.010466259132e-05  ,-1.459563699721e+00  ,-1.504113478981e+00  
  1.010523973192e-05  ,-1.638686343628e+00  ,-1.676880180122e+00  
  1.010639401312e-05  ,-1.995256824107e+00  ,-2.021120036730e+00  
  1.010870257551e-05  ,-2.700062023124e+00  ,-2.701849108728e+00  
  1.011299634511e-05  ,-3.970425098791e+00  ,-3.922410935387e+00  
  1.012053186233e-05  ,-6.012203963781e+00  ,-4.646134319612e+00  
  1.012482339675e-05  ,-7.031727804586e+00  ,-3.119278648370e+00  
  1.012868577773e-05  ,-7.840662481242e+00  ,-2.532914314138e+00  
  1.013641053970e-05  ,-9.102431264782e+00  ,-2.285023718927e+00  
  1.014347294504e-05  ,-9.790500965512e+00  ,-2.360010638275e+00  
  1.015759775574e-05  ,-9.716484049856e+00  ,-2.051130196512e+00  
  1.017772922451e-05  ,-6.439553441429e+00  ,-1.781585649756e+00  
  1.018085437054e-05  ,-5.658614454175e+00  ,-1.696055353691e+00  
  1.018710466261e-05  ,-3.941281052264e+00  ,-1.550230901361e+00  
  1.018866723562e-05  ,-3.485552940408e+00  ,-1.502478252016e+00  
  1.019179238165e-05  ,-2.550021580188e+00  ,-1.380078908535e+00  
  1.019257366816e-05  ,-2.311943328983e+00  ,-1.336910098631e+00  
  1.019413624118e-05  ,-1.831752813345e+00  ,-1.229364847592e+00  
  1.019452688443e-05  ,-1.710970163997e+00  ,-1.194881443273e+00  
  1.019530817094e-05  ,-1.468650025551e+00  ,-1.107471436865e+00  
  1.019643115970e-05  ,-1.118836740887e+00  ,-8.936029069991e-01  
  1.019755507978e-05  ,-7.673393092231e-01  ,-5.992597240909e-01  
  1.019808714437e-05  ,-6.005796879711e-01  ,-4.497131861955e-01  
  1.019826700604e-05  ,-5.441671876231e-01  ,-3.983783897905e-01  
  1.019848062816e-05  ,-4.771435074035e-01  ,-3.370034411981e-01  
  1.019874642762e-05  ,-3.937195862065e-01  ,-2.601214532352e-01  
  1.019927802655e-05  ,-2.267952031873e-01  ,-1.049698028883e-01  
  1.019980012598e-05  ,-6.279186242714e-02  ,4.878773180802e-02  
  1.020032250481e-05  ,1.013161416463e-01  ,2.036224597474e-01  
  1.020071622143e-05  ,2.249886128542e-01  ,3.208177980465e-01  
  1.020095044906e-05  ,2.985480104992e-01  ,3.906967990131e-01  
  1.020101221903e-05  ,3.179443943884e-01  ,4.091429820038e-01  
  1.020111712088e-05  ,3.508818336732e-01  ,4.404853285958e-01  
  1.020125137102e-05  ,3.930285450949e-01  ,4.806223779499e-01  
  1.020147714690e-05  ,4.638928431356e-01  ,5.481824981050e-01  
  1.020185992048e-05  ,5.839788153550e-01  ,6.628639906824e-01  
  1.020248092637e-05  ,7.786171310801e-01  ,8.491896602063e-01  
  1.020308004618e-05  ,9.661157766629e-01  ,1.029107216952e+00  
  1.020364629031e-05  ,1.143012271669e+00  ,1.199158233199e+00  
  1.020392298624e-05  ,1.229324887454e+00  ,1.282221566987e+00  
  1.020401154338e-05  ,1.256930117232e+00  ,1.308799179889e+00  
  1.020416907659e-05  ,1.306012542219e+00  ,1.356067235839e+00  
  1.020432870528e-05  ,1.355715217194e+00  ,1.403947933640e+00  
  1.020464796266e-05  ,1.455017033381e+00  ,1.499651856236e+00  
  1.020522733844e-05  ,1.634845324350e+00  ,1.673087825266e+00  
  1.020638608998e-05  ,1.992817686325e+00  ,2.018668369105e+00  
  1.020870359308e-05  ,2.700369825352e+00  ,2.702028014608e+00  
  1.021293775803e-05  ,3.953525650878e+00  ,3.906131566690e+00  
  1.022047923571e-05  ,5.998984398062e+00  ,4.658503194246e+00  
  1.022432448036e-05  ,6.919424079251e+00  ,3.235651463227e+00  
  1.022823529011e-05  ,7.752038966147e+00  ,2.563365706741e+00  
  1.023505182630e-05  ,8.917445171318e+00  ,2.304831056294e+00  
  1.024221332437e-05  ,9.702280629055e+00  ,2.382414329980e+00  
  1.025632770425e-05  ,9.803061135680e+00  ,2.070018992228e+00  
  1.027497203714e-05  ,7.077276868644e+00  ,1.828470281113e+00  
  1.027809718317e-05  ,6.350685690998e+00  ,1.748226514346e+00  
  1.028434747523e-05  ,4.721591719837e+00  ,1.619592776848e+00  
  1.029367411202e-05  ,1.974280468104e+00  ,1.311870478538e+00  
  1.029600577122e-05  ,1.251533529026e+00  ,1.010152694803e+00  
  1.029658868602e-05  ,1.069645609441e+00  ,8.667170322236e-01  
  1.029775451562e-05  ,7.048547709677e-01  ,5.479092833676e-01  
  1.029827028206e-05  ,5.431395175571e-01  ,4.005983226887e-01  
  1.029839538197e-05  ,5.038921420733e-01  ,3.644956338473e-01  
  1.029854455656e-05  ,4.570817333871e-01  ,3.212898396892e-01  
  1.029884290575e-05  ,3.634318278739e-01  ,2.344325132397e-01  
  1.029943960412e-05  ,1.760444634283e-01  ,5.928925506610e-02  
  1.030001544087e-05  ,-4.850891613605e-03  ,-1.111041339410e-01  
  1.030056389673e-05  ,-1.771441172231e-01  ,-2.742976408155e-01  
  1.030086126803e-05  ,-2.705423177750e-01  ,-3.630600154235e-01  
  1.030101272436e-05  ,-3.181030699559e-01  ,-4.083288729133e-01  
  1.030107742800e-05  ,-3.384193583509e-01  ,-4.276800071823e-01  
  1.030119060698e-05  ,-3.739530014792e-01  ,-4.615441844170e-01  
  1.030141188922e-05  ,-4.434126488311e-01  ,-5.278050516954e-01  
  1.030169729302e-05  ,-5.329676861795e-01  ,-6.133526944576e-01  
  1.030226810063e-05  ,-7.119420246998e-01  ,-7.846645410946e-01  
  1.030281590457e-05  ,-8.834891040362e-01  ,-9.492310404588e-01  
  1.030336622308e-05  ,-1.055560087196e+00  ,-1.114591502141e+00  
  1.030374978828e-05  ,-1.175307921385e+00  ,-1.229814338613e+00  
  1.030399803231e-05  ,-1.252719039938e+00  ,-1.304355408644e+00  
  1.030406839373e-05  ,-1.274646522874e+00  ,-1.325477059749e+00  
  1.030419593836e-05  ,-1.314378669249e+00  ,-1.363756655172e+00  
  1.030435300591e-05  ,-1.363278605748e+00  ,-1.410881490528e+00  
  1.030459142449e-05  ,-1.437441779900e+00  ,-1.482377201467e+00  
  1.030499668951e-05  ,-1.563317424510e+00  ,-1.603786137925e+00  
  1.030580721954e-05  ,-1.814288128695e+00  ,-1.846030306890e+00  
  1.030742827962e-05  ,-2.312538659324e+00  ,-2.327323722471e+00  
  1.031067039976e-05  ,-3.289773997360e+00  ,-3.270111441728e+00  
  1.031650122414e-05  ,-4.954920734469e+00  ,-4.837815812503e+00  
  1.032073389898e-05  ,-6.062801678459e+00  ,-4.489136358101e+00  
  1.032469462762e-05  ,-7.002906771022e+00  ,-3.051623300633e+00  
  1.032854508767e-05  ,-7.813152622545e+00  ,-2.587059721878e+00  
  1.033466052423e-05  ,-8.861141603177e+00  ,-2.375800811160e+00  
  1.034135785113e-05  ,-9.633694163418e+00  ,-2.307895056111e+00  
  1.035475250492e-05  ,-9.888747959771e+00  ,-2.126476811184e+00  
  1.037975367318e-05  ,-5.940282370501e+00  ,-1.726351090793e+00  
  1.038287881921e-05  ,-5.123145698300e+00  ,-1.652358167723e+00  
  1.038912911127e-05  ,-3.349187905177e+00  ,-1.489461853302e+00  
  1.039069168429e-05  ,-2.882793008993e+00  ,-1.428025166886e+00  
  1.039381683032e-05  ,-1.930306992321e+00  ,-1.259259478436e+00  
  1.039459811682e-05  ,-1.688917568342e+00  ,-1.192634840555e+00  
  1.039616068984e-05  ,-1.203232443252e+00  ,-9.571384146443e-01  
  1.039764782573e-05  ,-7.382850025764e-01  ,-5.740020724926e-01  
  1.039835935617e-05  ,-5.151952758572e-01  ,-3.722340611961e-01  
  1.039857782117e-05  ,-4.466420235122e-01  ,-3.092431055826e-01  
  1.039879472619e-05  ,-3.785574590797e-01  ,-2.463499503354e-01  
  1.039922853625e-05  ,-2.423387585208e-01  ,-1.196830479121e-01  
  1.039975231207e-05  ,-7.781267412649e-02  ,3.450037502446e-02  
  1.040023417837e-05  ,7.356863981222e-02  ,1.772522872623e-01  
  1.040065909429e-05  ,2.070457826221e-01  ,3.036782706123e-01  
  1.040089588306e-05  ,2.814128059945e-01  ,3.743036637012e-01  
  1.040095776944e-05  ,3.008467431921e-01  ,3.927806708032e-01  
  1.040107784020e-05  ,3.385487816549e-01  ,4.286496570408e-01  
  1.040119544296e-05  ,3.754712041904e-01  ,4.638046128127e-01  
  1.040143064848e-05  ,4.493001697345e-01  ,5.341766817193e-01  
  1.040185826524e-05  ,5.834596931591e-01  ,6.622930129228e-01  
  1.040258274107e-05  ,8.105020203338e-01  ,8.796975472885e-01  
  1.040327387555e-05  ,1.026705933463e+00  ,1.087272383529e+00  
  1.040377464770e-05  ,1.183063251612e+00  ,1.237653826092e+00  
  1.040406163475e-05  ,1.272540418124e+00  ,1.323793533914e+00  
  1.040413125111e-05  ,1.294230177937e+00  ,1.344682484041e+00  
  1.040427006474e-05  ,1.337460542397e+00  ,1.386325725166e+00  
  1.040441760952e-05  ,1.383382120986e+00  ,1.430573470485e+00  
  1.040462312913e-05  ,1.447297933265e+00  ,1.492178962969e+00  
  1.040503416835e-05  ,1.574945893609e+00  ,1.615273351609e+00  
  1.040585624679e-05  ,1.829432716559e+00  ,1.860873436895e+00  
  1.040750040366e-05  ,2.334576947845e+00  ,2.348761894121e+00  
  1.041078871741e-05  ,3.324852776576e+00  ,3.303920401489e+00  
  1.041671565427e-05  ,5.013322126263e+00  ,4.888926566767e+00  
  1.042092150702e-05  ,6.109567253776e+00  ,4.409523047316e+00  
  1.042547083153e-05  ,7.174882935179e+00  ,2.704275696967e+00  
  1.042972660317e-05  ,8.039387193216e+00  ,2.551201192920e+00  
  1.043420216693e-05  ,8.793487286241e+00  ,2.456217968473e+00  
  1.043839311852e-05  ,9.342518685983e+00  ,2.387893690956e+00  
  1.044677502169e-05  ,9.948719551316e+00  ,2.253777056846e+00  
  1.046353882803e-05  ,9.109006258255e+00  ,1.990404295928e+00  
  1.048853999628e-05  ,3.522991606416e+00  ,1.545414919691e+00  
  1.049166514231e-05  ,2.588653019662e+00  ,1.392139789504e+00  
  1.049244642882e-05  ,2.350815195572e+00  ,1.348336865200e+00  
  1.049400900184e-05  ,1.871035151993e+00  ,1.242366879233e+00  
  1.049590480207e-05  ,1.282998169602e+00  ,1.012844312852e+00  
  1.049773429214e-05  ,7.111922208546e-01  ,5.505322379091e-01  
  1.049861066668e-05  ,4.363333631270e-01  ,3.001718566001e-01  
  1.049895111165e-05  ,3.294583649354e-01  ,2.011505533748e-01  
  1.049933700516e-05  ,2.082709135939e-01  ,8.811126027317e-02  
  1.049983554213e-05  ,5.166573397528e-02  ,-5.891244791114e-02  
  1.050028863056e-05  ,-9.067472270114e-02  ,-1.932870829363e-01  
  1.050063098474e-05  ,-1.982167203225e-01  ,-2.951881258870e-01  
  1.050083999681e-05  ,-2.638621526295e-01  ,-3.575282995758e-01  
  1.050090175514e-05  ,-2.832568395423e-01  ,-3.759651029114e-01  
  1.050101521351e-05  ,-3.188846614682e-01  ,-4.098543475603e-01  
  1.050112914919e-05  ,-3.546582867942e-01  ,-4.439081438401e-01  
  1.050135702054e-05  ,-4.261914474681e-01  ,-5.120756730848e-01  
  1.050181276324e-05  ,-5.691885795579e-01  ,-6.486101642331e-01  
  1.050245742472e-05  ,-7.712560740878e-01  ,-8.420561195699e-01  
  1.050310106176e-05  ,-9.726869184842e-01  ,-1.035370641959e+00  
  1.050369189280e-05  ,-1.157243644790e+00  ,-1.212822595286e+00  
  1.050396952006e-05  ,-1.243831711991e+00  ,-1.296168461363e+00  
  1.050405423549e-05  ,-1.270234734401e+00  ,-1.321593610071e+00  
  1.050420692582e-05  ,-1.317800458084e+00  ,-1.367409251017e+00  
  1.050437163022e-05  ,-1.369074745191e+00  ,-1.416812336865e+00  
  1.050470103901e-05  ,-1.471511981796e+00  ,-1.515554770976e+00  
  1.050535035711e-05  ,-1.672960510948e+00  ,-1.709879640273e+00  
  1.050664899331e-05  ,-2.073685669634e+00  ,-2.096806002187e+00  
  1.050924626571e-05  ,-2.864121532283e+00  ,-2.860121986036e+00  
  1.051384550911e-05  ,-4.213827389604e+00  ,-4.153404434664e+00  
  1.052018297297e-05  ,-5.924259600211e+00  ,-4.792367566988e+00  
  1.052377527040e-05  ,-6.793835050935e+00  ,-3.379679527216e+00  
  1.052736831289e-05  ,-7.577126523203e+00  ,-2.642950585645e+00  
  1.053455439788e-05  ,-8.845640123918e+00  ,-2.287639178032e+00  
  1.054103044253e-05  ,-9.605600680923e+00  ,-2.403348879569e+00  
  1.055398253184e-05  ,-9.921833320804e+00  ,-2.107791061005e+00  
  1.057003406268e-05  ,-8.083875359864e+00  ,-1.875863947737e+00  
  1.059503523093e-05  ,-1.553411837476e+00  ,-1.289572253611e+00  
  1.059748088401e-05  ,-7.905777668151e-01  ,-6.423869152667e-01  
  1.059809229728e-05  ,-5.989637663945e-01  ,-4.641939897236e-01  
  1.059855898303e-05  ,-4.525542155156e-01  ,-3.269786953850e-01  
  1.059907419067e-05  ,-2.908105718784e-01  ,-1.745644194185e-01  
  1.059967051652e-05  ,-1.035084399830e-01  ,2.809452390237e-03  
  1.060028267485e-05  ,8.880375507890e-02  ,1.857121958023e-01  
  1.060075522792e-05  ,2.372395892489e-01  ,3.273325121793e-01  
  1.060102205184e-05  ,3.210318859851e-01  ,4.074223660594e-01  
  1.060109377532e-05  ,3.435520334706e-01  ,4.289644785474e-01  
  1.060119442801e-05  ,3.751525712154e-01  ,4.592042992869e-01  
  1.060134085520e-05  ,4.211175162331e-01  ,5.032127047875e-01  
  1.060154877296e-05  ,4.863694164045e-01  ,5.657312105160e-01  
  1.060188949733e-05  ,5.932545455633e-01  ,6.682430922750e-01  
  1.060257094605e-05  ,8.068086428591e-01  ,8.734016772128e-01  
  1.060319996132e-05  ,1.003605058622e+00  ,1.062797251558e+00  
  1.060369412108e-05  ,1.157938974230e+00  ,1.211510688451e+00  
  1.060397077045e-05  ,1.244221483235e+00  ,1.294710956631e+00  
  1.060404986302e-05  ,1.268872198571e+00  ,1.318488205694e+00  
  1.060419510278e-05  ,1.314118440171e+00  ,1.362138921367e+00  
  1.060435496430e-05  ,1.363888103931e+00  ,1.410164293676e+00  
  1.060465904112e-05  ,1.458460305928e+00  ,1.501450582366e+00  
  1.060519147823e-05  ,1.623730045577e+00  ,1.661055025862e+00  
  1.060625635246e-05  ,1.952860520096e+00  ,1.979107323834e+00  
  1.060838610093e-05  ,2.604199453761e+00  ,2.608662963653e+00  
  1.061252042810e-05  ,3.832762695663e+00  ,3.790937704437e+00  
  1.061959698955e-05  ,5.774954947155e+00  ,4.943112468184e+00  
  1.062371120016e-05  ,6.779051515258e+00  ,3.372574056937e+00  
  1.062742829482e-05  ,7.589410357418e+00  ,2.628595252951e+00  
  1.063403248946e-05  ,8.767979429268e+00  ,2.309527290572e+00  
  1.064093247215e-05  ,9.596996595121e+00  ,2.405255355987e+00  
  1.065384730856e-05  ,9.927045008241e+00  ,2.109790222151e+00  
  1.067060217420e-05  ,7.977532548351e+00  ,1.866659779042e+00  
  1.067372732023e-05  ,7.348059725248e+00  ,1.820565902623e+00  
  1.067997761230e-05  ,5.883541131604e+00  ,1.712256538346e+00  
  1.069247819642e-05  ,2.341113626134e+00  ,1.378499892180e+00  
  1.069526359598e-05  ,1.482500370214e+00  ,1.145553808029e+00  
  1.069846511046e-05  ,4.820129261660e-01  ,3.458529824641e-01  
  1.069994200180e-05  ,1.822066210653e-02  ,-8.836225747623e-02  
  1.070074387054e-05  ,-2.336725505185e-01  ,-3.272803547377e-01  
  1.070120236064e-05  ,-3.776429154386e-01  ,-4.644431091024e-01  
  1.070130670369e-05  ,-4.103977816119e-01  ,-4.956983935765e-01  
  1.070141233896e-05  ,-4.435537984506e-01  ,-5.273561914310e-01  
  1.070155483131e-05  ,-4.882704407701e-01  ,-5.700791189960e-01  
  1.070169881378e-05  ,-5.334447663277e-01  ,-6.132694460582e-01  
  1.070198677872e-05  ,-6.237597495808e-01  ,-6.997032676720e-01  
  1.070256270860e-05  ,-8.042291795516e-01  ,-8.727213221973e-01  
  1.070312001203e-05  ,-9.786119193029e-01  ,-1.040227389768e+00  
  1.070367312451e-05  ,-1.151386825798e+00  ,-1.206446177809e+00  
  1.070390940104e-05  ,-1.225089230417e+00  ,-1.277417925962e+00  
  1.070399419796e-05  ,-1.251523924118e+00  ,-1.302882254959e+00  
  1.070413559601e-05  ,-1.295583675932e+00  ,-1.345334300770e+00  
  1.070429261700e-05  ,-1.344481551949e+00  ,-1.392461075279e+00  
  1.070460665897e-05  ,-1.442177964881e+00  ,-1.486657018296e+00  
  1.070505713970e-05  ,-1.582072080503e+00  ,-1.621615746004e+00  
  1.070595810116e-05  ,-1.860881768468e+00  ,-1.890794131249e+00  
  1.070776002408e-05  ,-2.413806765459e+00  ,-2.424971139395e+00  
  1.071136386991e-05  ,-3.494710540909e+00  ,-3.466952285498e+00  
  1.071757392884e-05  ,-5.244774471162e+00  ,-5.078170131637e+00  
  1.072165982724e-05  ,-6.291533935097e+00  ,-4.084542269425e+00  
  1.072553934455e-05  ,-7.189859289434e+00  ,-2.769923051345e+00  
  1.073208467961e-05  ,-8.457503899077e+00  ,-2.224208132651e+00  
  1.073805408478e-05  ,-9.304006325541e+00  ,-2.271645752597e+00  
  1.074772344828e-05  ,-9.974435361158e+00  ,-2.302488884735e+00  
  1.076345907450e-05  ,-9.119316123086e+00  ,-1.949848698375e+00  
  1.078846024275e-05  ,-3.546429473874e+00  ,-1.577397938065e+00  
  1.079158538879e-05  ,-2.612846129567e+00  ,-1.402444989326e+00  
  1.079236667529e-05  ,-2.375160942834e+00  ,-1.357551857312e+00  
  1.079392924831e-05  ,-1.895642091836e+00  ,-1.251139833942e+00  
  1.079586714432e-05  ,-1.294730025457e+00  ,-1.021018057827e+00  
  1.079773649499e-05  ,-7.105019235114e-01  ,-5.500702492285e-01  
  1.079863261358e-05  ,-4.294450058163e-01  ,-2.939123236110e-01  
  1.079898591079e-05  ,-3.185316304647e-01  ,-1.910747717776e-01  
  1.079938810245e-05  ,-1.922214462265e-01  ,-7.316023407220e-02  
  1.079984868803e-05  ,-4.753587929225e-02  ,6.274524767584e-02  
  1.080030620024e-05  ,9.619415938181e-02  ,1.984604662573e-01  
  1.080067099929e-05  ,2.107850334292e-01  ,3.070744117011e-01  
  1.080088639092e-05  ,2.784319330787e-01  ,3.713382197723e-01  
  1.080094470336e-05  ,2.967437449039e-01  ,3.887517559683e-01  
  1.080105447136e-05  ,3.312113622010e-01  ,4.215478873881e-01  
  1.080117349439e-05  ,3.685806303423e-01  ,4.571316553628e-01  
  1.080141154044e-05  ,4.433031840138e-01  ,5.283623904275e-01  
  1.080179515221e-05  ,5.636647938448e-01  ,6.432997713906e-01  
  1.080240228139e-05  ,7.539827381956e-01  ,8.254738052803e-01  
  1.080296414830e-05  ,9.298693822173e-01  ,9.942215936515e-01  
  1.080351856463e-05  ,1.103139953921e+00  ,1.160754156785e+00  
  1.080382971950e-05  ,1.200241285458e+00  ,1.254187135074e+00  
  1.080408546068e-05  ,1.279964345345e+00  ,1.330949656290e+00  
  1.080415915158e-05  ,1.302921150488e+00  ,1.353061654598e+00  
  1.080429847744e-05  ,1.346305924679e+00  ,1.394858764807e+00  
  1.080449822285e-05  ,1.408459578411e+00  ,1.454756795692e+00  
  1.080470099506e-05  ,1.471498322186e+00  ,1.515528848449e+00  
  1.080510653947e-05  ,1.597394112546e+00  ,1.636953935427e+00  
  1.080591762830e-05  ,1.848387435325e+00  ,1.879210202657e+00  
  1.080753980596e-05  ,2.346611696199e+00  ,2.360449991745e+00  
  1.081078416128e-05  ,3.323502825848e+00  ,3.302778652723e+00  
  1.081686234493e-05  ,5.053143355670e+00  ,4.925035915915e+00  
  1.082105478664e-05  ,6.142661385406e+00  ,4.381469104424e+00  
  1.082548788209e-05  ,7.178613149667e+00  ,2.719200535122e+00  
  1.082989192028e-05  ,8.070165542300e+00  ,2.545779980675e+00  
  1.083431682010e-05  ,8.810581842653e+00  ,2.451443439606e+00  
  1.083860686441e-05  ,9.366254582809e+00  ,2.383035049243e+00  
  1.084718695302e-05  ,9.960975167613e+00  ,2.247177184378e+00  
  1.086434713025e-05  ,9.001300389688e+00  ,1.977625197771e+00  
  1.088934829850e-05  ,3.284226168895e+00  ,1.524490145057e+00  
  1.089247344453e-05  ,2.342564962819e+00  ,1.352631808955e+00  
  1.089325473104e-05  ,2.103264567429e+00  ,1.301400219248e+00  
  1.089481730406e-05  ,1.621007560023e+00  ,1.170818047155e+00  
  1.089520794731e-05  ,1.499787456176e+00  ,1.124324568619e+00  
  1.089598923382e-05  ,1.256687888758e+00  ,9.931675542115e-01  
  1.089684875142e-05  ,9.883775946332e-01  ,7.895102767557e-01  
  1.089777346161e-05  ,6.989173926265e-01  ,5.381935470842e-01  
  1.089824675974e-05  ,5.505182157473e-01  ,4.040044354406e-01  
  1.089836710990e-05  ,5.127625906099e-01  ,3.694976466332e-01  
  1.089850368836e-05  ,4.699070590955e-01  ,3.301837945494e-01  
  1.089877172299e-05  ,3.857788486424e-01  ,2.526026094470e-01  
  1.089930779227e-05  ,2.174463334607e-01  ,9.605782342572e-02  
  1.089988232516e-05  ,3.696855610537e-02  ,-7.327189503629e-02  
  1.090040200316e-05  ,-1.262896600865e-01  ,-2.274330847726e-01  
  1.090080070235e-05  ,-2.515215356816e-01  ,-3.461861005858e-01  
  1.090112154298e-05  ,-3.522702203439e-01  ,-4.419818808763e-01  
  1.090120545514e-05  ,-3.786143877643e-01  ,-4.670654576009e-01  
  1.090129437317e-05  ,-4.065272659443e-01  ,-4.936581432820e-01  
  1.090144925211e-05  ,-4.551386945407e-01  ,-5.400046390622e-01  
  1.090161218700e-05  ,-5.062669669075e-01  ,-5.887952082385e-01  
  1.090193125811e-05  ,-6.063504608415e-01  ,-6.844246102188e-01  
  1.090256940034e-05  ,-8.063246239517e-01  ,-8.759214375165e-01  
  1.090315911379e-05  ,-9.908363963290e-01  ,-1.053021632827e+00  
  1.090373793077e-05  ,-1.171608512683e+00  ,-1.226837084403e+00  
  1.090400559288e-05  ,-1.255075516691e+00  ,-1.307177265853e+00  
  1.090408736300e-05  ,-1.280557058614e+00  ,-1.331714193312e+00  
  1.090422729422e-05  ,-1.324143303468e+00  ,-1.373694613248e+00  
  1.090439791252e-05  ,-1.377253356650e+00  ,-1.424863580045e+00  
  1.090465383996e-05  ,-1.456843766532e+00  ,-1.501574756957e+00  
  1.090516569485e-05  ,-1.615736916794e+00  ,-1.654812694611e+00  
  1.090618940462e-05  ,-1.932228879298e+00  ,-1.960311200821e+00  
  1.090823682417e-05  ,-2.558892454665e+00  ,-2.565588717602e+00  
  1.091227205862e-05  ,-3.760577851977e+00  ,-3.722132426474e+00  
  1.091917502154e-05  ,-5.666225308860e+00  ,-5.051862849302e+00  
  1.092317151297e-05  ,-6.653440235388e+00  ,-3.513631746528e+00  
  1.092684837450e-05  ,-7.469524416498e+00  ,-2.683024852168e+00  
  1.093326406945e-05  ,-8.649353598403e+00  ,-2.312751666308e+00  
  1.094001876582e-05  ,-9.512385306261e+00  ,-2.422082245044e+00  
  1.095201867093e-05  ,-9.979897260479e+00  ,-2.139352589896e+00  
  1.096754270066e-05  ,-8.519384755581e+00  ,-1.946998540075e+00  
  1.099254386891e-05  ,-2.321050393434e+00  ,-1.409343289650e+00  
  1.099566901494e-05  ,-1.356424813271e+00  ,-1.070080978507e+00  
  1.099645030145e-05  ,-1.112860737375e+00  ,-8.960373283999e-01  
  1.099780835603e-05  ,-6.879813766320e-01  ,-5.304813384097e-01  
  1.099839043264e-05  ,-5.054450378517e-01  ,-3.642176611969e-01  
  1.099859653432e-05  ,-4.407689016315e-01  ,-3.046305527080e-01  
  1.099878687338e-05  ,-3.810227149840e-01  ,-2.493347157975e-01  
  1.099916755148e-05  ,-2.614916064414e-01  ,-1.380905067583e-01  
  1.099964755513e-05  ,-1.107215579985e-01  ,3.186801710858e-03  
  1.100013361239e-05  ,4.197544545143e-02  ,1.471308140313e-01  
  1.100072360524e-05  ,2.273077102802e-01  ,3.227432116056e-01  
  1.100095641260e-05  ,3.004206708015e-01  ,3.922467741194e-01  
  1.100102389856e-05  ,3.216117504608e-01  ,4.124119877081e-01  
  1.100114096581e-05  ,3.583682277463e-01  ,4.474111609808e-01  
  1.100128164208e-05  ,4.025309510806e-01  ,4.894963048147e-01  
  1.100154651022e-05  ,4.856593953150e-01  ,5.688077814296e-01  
  1.100198213636e-05  ,6.223041413962e-01  ,6.994176654298e-01  
  1.100254046424e-05  ,7.972633480502e-01  ,8.670226388144e-01  
  1.100311509027e-05  ,9.770731127060e-01  ,1.039633838329e+00  
  1.100366308047e-05  ,1.148252327408e+00  ,1.204234754976e+00  
  1.100392273320e-05  ,1.229245995419e+00  ,1.282194745155e+00  
  1.100400872920e-05  ,1.256053024048e+00  ,1.308008024147e+00  
  1.100415739157e-05  ,1.302372937304e+00  ,1.352621998118e+00  
  1.100431904588e-05  ,1.352708581994e+00  ,1.401118663778e+00  
  1.100464235452e-05  ,1.453273909668e+00  ,1.498052377010e+00  
  1.100515886602e-05  ,1.613619727900e+00  ,1.652708840516e+00  
  1.100619188902e-05  ,1.932994660932e+00  ,1.961023991367e+00  
  1.100825793502e-05  ,2.565303249079e+00  ,2.571792972477e+00  
  1.101226634738e-05  ,3.758915255683e+00  ,3.720739971399e+00  
  1.101917080042e-05  ,5.665132577562e+00  ,5.059240340907e+00  
  1.102313674447e-05  ,6.645281958522e+00  ,3.527457732099e+00  
  1.102682813462e-05  ,7.465295254017e+00  ,2.684984792060e+00  
  1.103321551737e-05  ,8.641688270899e+00  ,2.312522756988e+00  
  1.103996201810e-05  ,9.506871089428e+00  ,2.423263219439e+00  
  1.105187400636e-05  ,9.982674474185e+00  ,2.141669297348e+00  
  1.106731756982e-05  ,8.556206953795e+00  ,1.950531014538e+00  
  1.109231873807e-05  ,2.389787205534e+00  ,1.417933369920e+00  
  1.109475619551e-05  ,1.639948470420e+00  ,1.220742628848e+00  
  1.109898290989e-05  ,3.194739135755e-01  ,1.955152863743e-01  
  1.110075894204e-05  ,-2.384060826903e-01  ,-3.314670206667e-01  
  1.110167145189e-05  ,-5.248608199343e-01  ,-6.049001112658e-01  
  1.110188283884e-05  ,-5.911663903885e-01  ,-6.683659036546e-01  
  1.110209362042e-05  ,-6.572561214387e-01  ,-7.316779041040e-01  
  1.110251518358e-05  ,-7.893462259860e-01  ,-8.583663739796e-01  
  1.110297297519e-05  ,-9.326303807157e-01  ,-9.959929112518e-01  
  1.110341726263e-05  ,-1.071503691828e+00  ,-1.129554354724e+00  
  1.110374499504e-05  ,-1.173812504593e+00  ,-1.228043976531e+00  
  1.110404306483e-05  ,-1.266753718204e+00  ,-1.317576285534e+00  
  1.110412025983e-05  ,-1.290806129198e+00  ,-1.340754993881e+00  
  1.110423891033e-05  ,-1.327760388735e+00  ,-1.376373411118e+00  
  1.110439229915e-05  ,-1.375506651257e+00  ,-1.422404635508e+00  
  1.110455902918e-05  ,-1.427369442547e+00  ,-1.472417644301e+00  
  1.110482943869e-05  ,-1.511398730481e+00  ,-1.553476422463e+00  
  1.110537025771e-05  ,-1.679124028898e+00  ,-1.715356663094e+00  
  1.110645189575e-05  ,-2.013072239396e+00  ,-2.037902390881e+00  
  1.110861517182e-05  ,-2.673613051921e+00  ,-2.676062909143e+00  
  1.111294172397e-05  ,-3.954670051002e+00  ,-3.907485246082e+00  
  1.112049214235e-05  ,-6.002228006268e+00  ,-4.665041518128e+00  
  1.112476803056e-05  ,-7.019349848821e+00  ,-3.133923265616e+00  
  1.112861774555e-05  ,-7.827378887451e+00  ,-2.538346330050e+00  
  1.113631717554e-05  ,-9.090246827585e+00  ,-2.284819070164e+00  
  1.114335275880e-05  ,-9.782743006273e+00  ,-2.262026492797e+00  
  1.115742392531e-05  ,-9.729250671665e+00  ,-2.116200947583e+00  
  1.118242509356e-05  ,-5.245035959428e+00  ,-1.654030496281e+00  
  1.118555023959e-05  ,-4.385212445276e+00  ,-1.587789968423e+00  
  1.119180053166e-05  ,-2.547545742960e+00  ,-1.391363235388e+00  
  1.119336310467e-05  ,-2.069967442133e+00  ,-1.293760156390e+00  
  1.119648825070e-05  ,-1.101011895106e+00  ,-8.838505649870e-01  
  1.119695754415e-05  ,-9.543609967939e-01  ,-7.635287565033e-01  
  1.119789613104e-05  ,-6.604687999072e-01  ,-5.048952282359e-01  
  1.119817129030e-05  ,-5.741901163936e-01  ,-4.266727575149e-01  
  1.119829292102e-05  ,-5.360376395316e-01  ,-3.918318078122e-01  
  1.119844360902e-05  ,-4.887598420352e-01  ,-3.484765913469e-01  
  1.119868295892e-05  ,-4.136426107273e-01  ,-2.792354133489e-01  
  1.119916165872e-05  ,-2.633422332268e-01  ,-1.396231954693e-01  
  1.119972920670e-05  ,-8.507119867108e-02  ,2.741191241502e-02  
  1.120025400697e-05  ,7.979779580951e-02  ,1.829323258762e-01  
  1.120068893461e-05  ,2.164182938261e-01  ,3.123975341260e-01  
  1.120093317396e-05  ,2.931232524801e-01  ,3.852772696509e-01  
  1.120099666687e-05  ,3.130609729839e-01  ,4.042421995533e-01  
  1.120110897273e-05  ,3.483235844376e-01  ,4.378049293918e-01  
  1.120123586543e-05  ,3.881610378208e-01  ,4.757511767712e-01  
  1.120148965084e-05  ,4.678168058922e-01  ,5.517126630856e-01  
  1.120189058520e-05  ,5.935957101863e-01  ,6.718725620551e-01  
  1.120248262697e-05  ,7.791497657397e-01  ,8.495485925723e-01  
  1.120307410993e-05  ,9.642595557442e-01  ,1.027199878796e+00  
  1.120362852626e-05  ,1.137467929477e+00  ,1.193720894540e+00  
  1.120390438401e-05  ,1.223524939745e+00  ,1.276543626480e+00  
  1.120399419843e-05  ,1.251524069263e+00  ,1.303502102557e+00  
  1.120415538708e-05  ,1.301748570489e+00  ,1.351873060491e+00  
  1.120431129048e-05  ,1.350294504401e+00  ,1.398642235980e+00  
  1.120462309728e-05  ,1.447288032265e+00  ,1.492125959066e+00  
  1.120521830554e-05  ,1.632045669705e+00  ,1.670324278861e+00  
  1.120640872205e-05  ,1.999784644248e+00  ,2.025351021272e+00  
  1.120878955508e-05  ,2.726362441715e+00  ,2.727099174536e+00  
  1.121303862120e-05  ,3.982611286910e+00  ,3.933842018481e+00  
  1.122069036747e-05  ,6.051920295946e+00  ,4.591655570690e+00  
  1.122505119229e-05  ,7.082430730623e+00  ,3.073198729914e+00  
  1.122900074507e-05  ,7.901693584633e+00  ,2.511528271468e+00  
  1.123689985062e-05  ,9.165005445481e+00  ,2.281898574048e+00  
  1.124408221031e-05  ,9.827679262426e+00  ,2.349342079702e+00  
  1.125844692970e-05  ,9.649960206690e+00  ,2.037951980066e+00  
  1.127960955883e-05  ,5.976642459354e+00  ,1.748986744336e+00  
  1.128273470486e-05  ,5.161975008733e+00  ,1.657762904085e+00  
  1.128898499692e-05  ,3.391813531366e+00  ,1.493812585205e+00  
  1.129054756994e-05  ,2.926116089688e+00  ,1.435521433853e+00  
  1.129367271597e-05  ,1.974710416579e+00  ,1.271467360138e+00  
  1.129445400248e-05  ,1.733524571735e+00  ,1.205807314513e+00  
  1.129601657549e-05  ,1.248165882160e+00  ,9.880442122595e-01  
  1.129746459583e-05  ,7.956787294295e-01  ,6.248227818049e-01  
  1.129824681366e-05  ,5.505013008440e-01  ,4.045162943921e-01  
  1.129843470799e-05  ,4.915528195084e-01  ,3.505430938640e-01  
  1.129865675858e-05  ,4.218665042779e-01  ,2.863886625951e-01  
  1.129910085975e-05  ,2.824356776964e-01  ,1.570716336195e-01  
  1.129963702215e-05  ,1.140303819580e-01  ,-4.669770885203e-04  
  1.130018454670e-05  ,-5.797672964251e-02  ,-1.625187678813e-01  
  1.130080145477e-05  ,-2.517578391329e-01  ,-3.461301423019e-01  
  1.130100154942e-05  ,-3.145941163103e-01  ,-4.058627891619e-01  
  1.130106854644e-05  ,-3.356307198140e-01  ,-4.258784932639e-01  
  1.130118025859e-05  ,-3.707042128714e-01  ,-4.592703439550e-01  
  1.130133492798e-05  ,-4.192570708892e-01  ,-5.055341859063e-01  
  1.130157870167e-05  ,-4.957604518496e-01  ,-5.785166813025e-01  
  1.130201591105e-05  ,-6.328938562738e-01  ,-7.095754625125e-01  
  1.130256352872e-05  ,-8.044859938523e-01  ,-8.739341618259e-01  
  1.130313079730e-05  ,-9.819838933300e-01  ,-1.044304105140e+00  
  1.130367878751e-05  ,-1.153154059579e+00  ,-1.208877570580e+00  
  1.130392954611e-05  ,-1.231370071885e+00  ,-1.284155628318e+00  
  1.130401443616e-05  ,-1.257831698538e+00  ,-1.309633395807e+00  
  1.130415911712e-05  ,-1.302910417177e+00  ,-1.353046867119e+00  
  1.130432349556e-05  ,-1.354093626139e+00  ,-1.402354655098e+00  
  1.130465225243e-05  ,-1.456350347666e+00  ,-1.500909287483e+00  
  1.130522017293e-05  ,-1.632624460522e+00  ,-1.670920982275e+00  
  1.130635601394e-05  ,-1.983557651268e+00  ,-2.009703868452e+00  
  1.130862769597e-05  ,-2.677404188627e+00  ,-2.679846129382e+00  
  1.131286558621e-05  ,-3.932689279108e+00  ,-3.886277634267e+00  
  1.132029307001e-05  ,-5.952089066938e+00  ,-4.717122209738e+00  
  1.132407796495e-05  ,-6.863305436527e+00  ,-3.289655065011e+00  
  1.132789042704e-05  ,-7.683144544340e+00  ,-2.590967013188e+00  
  1.133459594958e-05  ,-8.851721147752e+00  ,-2.308039776469e+00  
  1.134162035697e-05  ,-9.655482581514e+00  ,-2.392461802063e+00  
  1.135521766656e-05  ,-9.865955267867e+00  ,-2.088033161299e+00  
  1.137299177163e-05  ,-7.502819949376e+00  ,-1.860532142348e+00  
  1.137611691766e-05  ,-6.818649365432e+00  ,-1.783554918236e+00  
  1.138236720972e-05  ,-5.260509919934e+00  ,-1.663160300763e+00  
  1.139486779385e-05  ,-1.605353477087e+00  ,-1.242617189070e+00  
  1.139696475976e-05  ,-9.521044691157e-01  ,-7.755935290746e-01  
  1.139748900123e-05  ,-7.880356225751e-01  ,-6.288084149595e-01  
  1.139801110067e-05  ,-6.244246602949e-01  ,-4.794473747839e-01  
  1.139815191664e-05  ,-5.802663802555e-01  ,-4.387701996568e-01  
  1.139832111467e-05  ,-5.271928686627e-01  ,-3.897168562132e-01  
  1.139859189671e-05  ,-4.422244303706e-01  ,-3.108381433895e-01  
  1.139906361159e-05  ,-2.941326658994e-01  ,-1.724997585215e-01  
  1.139963106644e-05  ,-1.159013012655e-01  ,-4.846134364399e-03  
  1.140021230486e-05  ,6.669704386066e-02  ,1.679248086019e-01  
  1.140084476602e-05  ,2.653599194365e-01  ,3.567924198468e-01  
  1.140101850425e-05  ,3.199179489542e-01  ,4.087965890980e-01  
  1.140108543141e-05  ,3.409322539728e-01  ,4.288408592362e-01  
  1.140119492002e-05  ,3.753070342913e-01  ,4.616451983776e-01  
  1.140135582928e-05  ,4.258175435141e-01  ,5.098825899303e-01  
  1.140160947498e-05  ,5.054160541527e-01  ,5.859772893799e-01  
  1.140206805822e-05  ,6.492426736404e-01  ,7.236925446036e-01  
  1.140262368527e-05  ,8.233220270791e-01  ,8.907019143191e-01  
  1.140323379469e-05  ,1.014179890413e+00  ,1.074148314349e+00  
  1.140365782586e-05  ,1.146612444532e+00  ,1.201610197721e+00  
  1.140390662868e-05  ,1.224224823475e+00  ,1.276366188117e+00  
  1.140398631497e-05  ,1.249066841799e+00  ,1.300301985070e+00  
  1.140412533815e-05  ,1.292388165755e+00  ,1.342051721864e+00  
  1.140428154423e-05  ,1.341034439922e+00  ,1.388945660428e+00  
  1.140459395638e-05  ,1.438228932668e+00  ,1.482675424251e+00  
  1.140500522843e-05  ,1.565966966969e+00  ,1.605924593984e+00  
  1.140582777253e-05  ,1.820637502472e+00  ,1.851815587926e+00  
  1.140747286073e-05  ,2.326162312117e+00  ,2.340243486376e+00  
  1.141076303712e-05  ,3.317242978777e+00  ,3.296412236693e+00  
  1.141660801760e-05  ,4.984034874672e+00  ,4.863391345151e+00  
  1.142081983081e-05  ,6.084248382216e+00  ,4.452374357415e+00  
  1.142491392484e-05  ,7.051920890325e+00  ,2.999878395593e+00  
  1.142887539855e-05  ,7.877497584016e+00  ,2.572791038636e+00  
  1.143503479353e-05  ,8.915022356105e+00  ,2.378233618377e+00  
  1.144184909454e-05  ,9.673932831938e+00  ,2.304522993255e+00  
  1.145547769657e-05  ,9.852295521077e+00  ,2.115234129056e+00  
  1.148047886482e-05  ,5.755483613167e+00  ,1.713300349347e+00  
  1.148360401085e-05  ,4.926176904521e+00  ,1.636541861001e+00  
  1.148985430291e-05  ,3.133669264716e+00  ,1.464393615683e+00  
  1.149141687593e-05  ,2.663910115668e+00  ,1.396618078838e+00  
  1.149454202196e-05  ,1.706284500244e+00  ,1.197340923644e+00  
  1.149494942902e-05  ,1.580034411257e+00  ,1.155209259227e+00  
  1.149576424314e-05  ,1.326778462112e+00  ,1.036945016460e+00  
  1.149677919848e-05  ,1.010118927530e+00  ,8.076075495919e-01  
  1.149786716952e-05  ,6.695471900403e-01  ,5.120122297879e-01  
  1.149843043341e-05  ,4.928940919838e-01  ,3.514557253037e-01  
  1.149859707030e-05  ,4.406006833386e-01  ,3.033795641547e-01  
  1.149877343951e-05  ,3.852399886442e-01  ,2.522692640872e-01  
  1.149912617794e-05  ,2.744848181381e-01  ,1.494364255393e-01  
  1.149959221175e-05  ,1.281069511945e-01  ,1.256499902151e-02  
  1.150009652293e-05  ,-3.032352603731e-02  ,-1.365520232085e-01  
  1.150064348868e-05  ,-2.021441607880e-01  ,-2.991557982326e-01  
  1.150088987006e-05  ,-2.795245122774e-01  ,-3.726315199814e-01  
  1.150095950971e-05  ,-3.013932170228e-01  ,-3.934203555441e-01  
  1.150109003457e-05  ,-3.423775334882e-01  ,-4.324093733908e-01  
  1.150121448255e-05  ,-3.814483813033e-01  ,-4.696096076910e-01  
  1.150146337851e-05  ,-4.595719881164e-01  ,-5.440792596874e-01  
  1.150196117042e-05  ,-6.157301306910e-01  ,-6.932431902965e-01  
  1.150255693747e-05  ,-8.024219862416e-01  ,-8.720299387909e-01  
  1.150316583617e-05  ,-9.929378795965e-01  ,-1.054893227125e+00  
  1.150374707459e-05  ,-1.174461295665e+00  ,-1.229436882475e+00  
  1.150400910220e-05  ,-1.256169275673e+00  ,-1.308085808040e+00  
  1.150409034845e-05  ,-1.281487237220e+00  ,-1.332465646044e+00  
  1.150423011669e-05  ,-1.325022194258e+00  ,-1.374397334610e+00  
  1.150440164302e-05  ,-1.378414151760e+00  ,-1.425838714280e+00  
  1.150465556812e-05  ,-1.457380890215e+00  ,-1.501949820815e+00  
  1.150516341832e-05  ,-1.615031118425e+00  ,-1.653990188126e+00  
  1.150617911872e-05  ,-1.929058264277e+00  ,-1.957109333414e+00  
  1.150821051952e-05  ,-2.550902868856e+00  ,-2.557732379285e+00  
  1.151224128362e-05  ,-3.751617531904e+00  ,-3.713394712550e+00  
  1.151910773870e-05  ,-5.648795816501e+00  ,-5.063212516097e+00  
  1.152309454438e-05  ,-6.635369243241e+00  ,-3.531918000070e+00  
  1.152676432785e-05  ,-7.451942952598e+00  ,-2.691171525923e+00  
  1.153316214141e-05  ,-8.633238156562e+00  ,-2.313419090206e+00  
  1.153990119156e-05  ,-9.500926979598e+00  ,-2.424206095131e+00  
  1.155179976877e-05  ,-9.984019606437e+00  ,-2.142923905955e+00  
  1.156718074736e-05  ,-8.578376527129e+00  ,-1.952631177493e+00  
  1.159218191561e-05  ,-2.431503572942e+00  ,-1.423037499768e+00  
  1.159461825546e-05  ,-1.682681376523e+00  ,-1.233602640510e+00  
  1.159884645995e-05  ,-3.623159764016e-01  ,-2.354815011885e-01  
  1.160063459930e-05  ,1.993520422217e-01  ,2.943147975079e-01  
  1.160159963575e-05  ,5.023288932169e-01  ,5.833518093133e-01  
  1.160181756523e-05  ,5.706947177491e-01  ,6.487689507324e-01  
  1.160203507562e-05  ,6.389023980839e-01  ,7.140923460396e-01  
  1.160247009639e-05  ,7.752250771758e-01  ,8.448139199365e-01  
  1.160294395332e-05  ,9.235522422389e-01  ,9.872664333239e-01  
  1.160339243170e-05  ,1.063747413157e+00  ,1.122088383569e+00  
  1.160372998957e-05  ,1.169130856097e+00  ,1.223532522085e+00  
  1.160399928149e-05  ,1.253108389900e+00  ,1.304424775579e+00  
  1.160407098169e-05  ,1.275452918217e+00  ,1.325955676393e+00  
  1.160419233302e-05  ,1.313255837539e+00  ,1.362388754238e+00  
  1.160435512821e-05  ,1.363939117440e+00  ,1.411247789218e+00  
  1.160456409371e-05  ,1.428944202677e+00  ,1.473932461802e+00  
  1.160491152360e-05  ,1.536885171990e+00  ,1.578063476937e+00  
  1.160560638337e-05  ,1.752204994844e+00  ,1.785914727875e+00  
  1.160699610292e-05  ,2.180237577826e+00  ,2.199410401212e+00  
  1.160977554201e-05  ,3.023029390486e+00  ,3.013238381466e+00  
  1.161501777052e-05  ,4.544878576083e+00  ,4.464756651332e+00  
  1.161957454561e-05  ,5.769197141309e+00  ,4.940313715078e+00  
  1.162262779354e-05  ,6.524956478209e+00  ,3.639712300022e+00  
  1.162560057520e-05  ,7.203215592960e+00  ,2.828569322182e+00  
  1.163154613851e-05  ,8.366022829190e+00  ,2.335452246830e+00  
  1.163747978090e-05  ,9.236362649460e+00  ,2.456192692482e+00  
  1.164814603208e-05  ,9.983042907029e+00  ,2.274861027712e+00  
  1.166094612955e-05  ,9.414526979828e+00  ,2.005899094289e+00  
  1.168594729780e-05  ,4.272768190231e+00  ,1.623962112739e+00  
  1.168907244383e-05  ,3.365957036505e+00  ,1.495086955518e+00  
  1.169532273589e-05  ,1.464123773345e+00  ,1.133657861542e+00  
  1.169653382777e-05  ,1.086779365068e+00  ,8.762042083497e-01  
  1.169838380693e-05  ,5.075238939131e-01  ,3.666253152759e-01  
  1.169919564082e-05  ,2.526699966325e-01  ,1.302108321540e-01  
  1.169958768106e-05  ,1.295301938645e-01  ,1.480750511812e-02  
  1.170006964049e-05  ,-2.187818750156e-02  ,-1.278504699581e-01  
  1.170060896939e-05  ,-1.913017067358e-01  ,-2.882818521826e-01  
  1.170087253368e-05  ,-2.740802137513e-01  ,-3.669252231347e-01  
  1.170094855289e-05  ,-2.979525752730e-01  ,-3.896317708524e-01  
  1.170106594610e-05  ,-3.348142562376e-01  ,-4.247172084370e-01  
  1.170119402623e-05  ,-3.750264394741e-01  ,-4.630217992737e-01  
  1.170145018651e-05  ,-4.554319392873e-01  ,-5.397014233094e-01  
  1.170196250706e-05  ,-6.161492493992e-01  ,-6.932870464684e-01  
  1.170257680743e-05  ,-8.086440304185e-01  ,-8.777072648837e-01  
  1.170320656775e-05  ,-1.005670029372e+00  ,-1.066893453098e+00  
  1.170367791011e-05  ,-1.152880254955e+00  ,-1.208473403060e+00  
  1.170394566535e-05  ,-1.236395383031e+00  ,-1.288867975981e+00  
  1.170402530507e-05  ,-1.261219073654e+00  ,-1.312773424750e+00  
  1.170416898486e-05  ,-1.305983969577e+00  ,-1.355892504350e+00  
  1.170432824102e-05  ,-1.355570710706e+00  ,-1.403670226948e+00  
  1.170464675334e-05  ,-1.454641155623e+00  ,-1.499167196337e+00  
  1.170516335797e-05  ,-1.615012407902e+00  ,-1.653853254318e+00  
  1.170619656724e-05  ,-1.934436627131e+00  ,-1.962220696915e+00  
  1.170826298576e-05  ,-2.566836857889e+00  ,-2.573087357399e+00  
  1.171232951265e-05  ,-3.777296516791e+00  ,-3.737982030303e+00  
  1.171923024040e-05  ,-5.680510739096e+00  ,-5.033973263418e+00  
  1.172323641759e-05  ,-6.668648568989e+00  ,-3.492545270262e+00  
  1.172690992635e-05  ,-7.482367235672e+00  ,-2.676794278590e+00  
  1.173334648293e-05  ,-8.662318832744e+00  ,-2.313015330323e+00  
  1.174011086505e-05  ,-9.521270296610e+00  ,-2.420122957502e+00  
  1.175224339050e-05  ,-9.975174401542e+00  ,-2.135793552339e+00  
  1.176790153068e-05  ,-8.459814656567e+00  ,-1.941336855067e+00  
  1.179290269893e-05  ,-2.211254030594e+00  ,-1.394968764843e+00  
  1.179602784496e-05  ,-1.244653082544e+00  ,-9.989109477797e-01  
  1.179680913147e-05  ,-1.000762855094e+00  ,-8.057822217516e-01  
  1.179798725453e-05  ,-6.319013516730e-01  ,-4.803378653538e-01  
  1.179851941225e-05  ,-4.649726526093e-01  ,-3.273976058280e-01  
  1.179870486186e-05  ,-4.067673918329e-01  ,-2.735786587800e-01  
  1.179891776220e-05  ,-3.399295335333e-01  ,-2.115281430014e-01  
  1.179934356288e-05  ,-2.062111870288e-01  ,-8.669000219840e-02  
  1.179983492867e-05  ,-5.185845620976e-02  ,5.835137122510e-02  
  1.180028950722e-05  ,9.095012031323e-02  ,1.932564277450e-01  
  1.180066320040e-05  ,2.083354762902e-01  ,3.045597486756e-01  
  1.180088045467e-05  ,2.765677233162e-01  ,3.694023558142e-01  
  1.180093995454e-05  ,2.952525147574e-01  ,3.871765705507e-01  
  1.180105228369e-05  ,3.305244595954e-01  ,4.207492934379e-01  
  1.180116795395e-05  ,3.668412275525e-01  ,4.553417512963e-01  
  1.180139929448e-05  ,4.394597514039e-01  ,5.245848331408e-01  
  1.180181489718e-05  ,5.698578882876e-01  ,6.491420775330e-01  
  1.180246803370e-05  ,7.745790114943e-01  ,8.451790611650e-01  
  1.180310664159e-05  ,9.744315475202e-01  ,1.037019254664e+00  
  1.180369570312e-05  ,1.158432641332e+00  ,1.213965489945e+00  
  1.180397528615e-05  ,1.245629097099e+00  ,1.297908692805e+00  
  1.180405939622e-05  ,1.271842878355e+00  ,1.323154930389e+00  
  1.180421068958e-05  ,1.318972555158e+00  ,1.368556211606e+00  
  1.180437585963e-05  ,1.370390931742e+00  ,1.418103927641e+00  
  1.180469511701e-05  ,1.469671757770e+00  ,1.513813394719e+00  
  1.180532580866e-05  ,1.665356579681e+00  ,1.702591316209e+00  
  1.180658719196e-05  ,2.054688340920e+00  ,2.078532041448e+00  
  1.180910995855e-05  ,2.823067209607e+00  ,2.820625561198e+00  
  1.181363544120e-05  ,4.153886524497e+00  ,4.096861499438e+00  
  1.182060694947e-05  ,6.031037049063e+00  ,4.692073912129e+00  
  1.182443580283e-05  ,6.944630554753e+00  ,3.252694740055e+00  
  1.182833618178e-05  ,7.772022740148e+00  ,2.565996407416e+00  
  1.183512962116e-05  ,8.928478575408e+00  ,2.301402726974e+00  
  1.184227025761e-05  ,9.706596998755e+00  ,2.382048733755e+00  
  1.185623711600e-05  ,9.808641653878e+00  ,2.071282403298e+00  
  1.187466687216e-05  ,7.144681627454e+00  ,1.833562222747e+00  
  1.187779201819e-05  ,6.424448356239e+00  ,1.753774272509e+00  
  1.188404231025e-05  ,4.805884481295e+00  ,1.626582098019e+00  
  1.189446716263e-05  ,1.729452636806e+00  ,1.264329992255e+00  
  1.189658163740e-05  ,1.071847268697e+00  ,8.739011997525e-01  
  1.189912936343e-05  ,2.734844408232e-01  ,1.527010823963e-01  
  1.190026911600e-05  ,-8.454427803931e-02  ,-1.851262546778e-01  
  1.190084197252e-05  ,-2.644826229083e-01  ,-3.561804457281e-01  
  1.190124430387e-05  ,-3.908100386482e-01  ,-4.766397960417e-01  
  1.190133841402e-05  ,-4.203512751646e-01  ,-5.048453930941e-01  
  1.190144080129e-05  ,-4.524865260685e-01  ,-5.355450488317e-01  
  1.190160247889e-05  ,-5.032209628444e-01  ,-5.840444302718e-01  
  1.190175735783e-05  ,-5.518098236237e-01  ,-6.305271195752e-01  
  1.190206711572e-05  ,-6.489472034461e-01  ,-7.235479345331e-01  
  1.190254292843e-05  ,-7.980350283854e-01  ,-8.665366515024e-01  
  1.190304072034e-05  ,-9.538182579708e-01  ,-1.016190157089e+00  
  1.190352836084e-05  ,-1.106198688597e+00  ,-1.162776023230e+00  
  1.190379131977e-05  ,-1.188263991211e+00  ,-1.241791651170e+00  
  1.190400792212e-05  ,-1.255801478756e+00  ,-1.306852979322e+00  
  1.190408586218e-05  ,-1.280089440561e+00  ,-1.330257252770e+00  
  1.190421769089e-05  ,-1.321152833427e+00  ,-1.369834339858e+00  
  1.190443941551e-05  ,-1.390166480889e+00  ,-1.436370532726e+00  
  1.190470232787e-05  ,-1.471912479261e+00  ,-1.515212560837e+00  
  1.190522815260e-05  ,-1.635097659181e+00  ,-1.672685485797e+00  
  1.190627980205e-05  ,-1.960085053914e+00  ,-1.986538444802e+00  
  1.190838310095e-05  ,-2.603289491387e+00  ,-2.607958468107e+00  
  1.191258969876e-05  ,-3.852853738596e+00  ,-3.809953189206e+00  
  1.191967371079e-05  ,-5.794615439721e+00  ,-4.961661361632e+00  
  1.192380654784e-05  ,-6.801041998075e+00  ,-3.385761644189e+00  
  1.192759218785e-05  ,-7.622836836597e+00  ,-2.625075139762e+00  
  1.193425822231e-05  ,-8.801859297316e+00  ,-2.304705686475e+00  
  1.194124686691e-05  ,-9.624285141662e+00  ,-2.401364449873e+00  
  1.195420789691e-05  ,-9.912749609164e+00  ,-2.103262607208e+00  
  1.197112667533e-05  ,-7.877096228616e+00  ,-1.858061816976e+00  
  1.199612784358e-05  ,-1.213475787187e+00  ,-1.038293066823e+00  
  1.199925298961e-05  ,-2.346586929326e-01  ,-1.242060797698e-01  
  1.200003427612e-05  ,1.076815930292e-02  ,1.095143997362e-01  
  1.200108611184e-05  ,3.411458912234e-01  ,4.252027116518e-01  
  1.200159014362e-05  ,4.993505941954e-01  ,5.768700180449e-01  
  1.200170895709e-05  ,5.366268179382e-01  ,6.126429569650e-01  
  1.200182765415e-05  ,5.738590524215e-01  ,6.483916765993e-01  
  1.200206504828e-05  ,6.482990647938e-01  ,7.199059557852e-01  
  1.200245964965e-05  ,7.719529724761e-01  ,8.388074332459e-01  
  1.200292191161e-05  ,9.166570105901e-01  ,9.781005936152e-01  
  1.200335213608e-05  ,1.051159146751e+00  ,1.107699110268e+00  
  1.200368256933e-05  ,1.154334219871e+00  ,1.207184663141e+00  
  1.200389095275e-05  ,1.219336980555e+00  ,1.269891536122e+00  
  1.200396333980e-05  ,1.241905181541e+00  ,1.291667408030e+00  
  1.200408301475e-05  ,1.279202249705e+00  ,1.327660170333e+00  
  1.200423540241e-05  ,1.326668092674e+00  ,1.373474851515e+00  
  1.200454017772e-05  ,1.421507473121e+00  ,1.465042323218e+00  
  1.200492020390e-05  ,1.539579712647e+00  ,1.579085561786e+00  
  1.200568025625e-05  ,1.775049061425e+00  ,1.806634403491e+00  
  1.200720036096e-05  ,2.242818118332e+00  ,2.258889232601e+00  
  1.201024057037e-05  ,3.161959393910e+00  ,3.146498805319e+00  
  1.201567651397e-05  ,4.728233842390e+00  ,4.633362827994e+00  
  1.202000530130e-05  ,5.879199820428e+00  ,4.771398531171e+00  
  1.202319079703e-05  ,6.657961732902e+00  ,3.449805163703e+00  
  1.202640572256e-05  ,7.376345164581e+00  ,2.733850467368e+00  
  1.203239077395e-05  ,8.508422269220e+00  ,2.349288968837e+00  
  1.203841754860e-05  ,9.345252922827e+00  ,2.434105522106e+00  
  1.205047109789e-05  ,9.998904823446e+00  ,2.231073800082e+00  
  1.206482836670e-05  ,8.934414853378e+00  ,1.947296501352e+00  
  1.208982953495e-05  ,3.141057484267e+00  ,1.527402902634e+00  
  1.209295468098e-05  ,2.195324705585e+00  ,1.330038650682e+00  
  1.209373596749e-05  ,1.955226766800e+00  ,1.272063999638e+00  
  1.209529854050e-05  ,1.471642641646e+00  ,1.115564730873e+00  
  1.209679312697e-05  ,1.005765448508e+00  ,8.056148998044e-01  
  1.209809809616e-05  ,5.971452553759e-01  ,4.473227721933e-01  
  1.209874294391e-05  ,3.948131735034e-01  ,2.615763001277e-01  
  1.209898853368e-05  ,3.177080442688e-01  ,1.900329446042e-01  
  1.209928823328e-05  ,2.235894754543e-01  ,1.022669386448e-01  
  1.209970765440e-05  ,9.184178663823e-02  ,-2.125589191785e-02  
  1.210012186012e-05  ,-3.828339181901e-02  ,-1.438880909153e-01  
  1.210073811627e-05  ,-2.318652832046e-01  ,-3.272448822878e-01  
  1.210097318208e-05  ,-3.056865408009e-01  ,-3.974078700576e-01  
  1.210104248413e-05  ,-3.274475027613e-01  ,-4.181118135301e-01  
  1.210115966779e-05  ,-3.642397923747e-01  ,-4.531396703833e-01  
  1.210130497739e-05  ,-4.098559049384e-01  ,-4.966041774340e-01  
  1.210156612024e-05  ,-4.918127029216e-01  ,-5.747888880560e-01  
  1.210199904554e-05  ,-6.276059347262e-01  ,-7.045704231005e-01  
  1.210255076103e-05  ,-8.004878428465e-01  ,-8.701676238798e-01  
  1.210312017166e-05  ,-9.786618274239e-01  ,-1.041190590548e+00  
  1.210366639235e-05  ,-1.149285895911e+00  ,-1.205242168000e+00  
  1.210392245949e-05  ,-1.229160657207e+00  ,-1.282118326821e+00  
  1.210400815281e-05  ,-1.255873377951e+00  ,-1.307838534794e+00  
  1.210415541819e-05  ,-1.301758259637e+00  ,-1.352029683372e+00  
  1.210431770115e-05  ,-1.352290002300e+00  ,-1.400711248798e+00  
  1.210464226707e-05  ,-1.453246727738e+00  ,-1.498014989586e+00  
  1.210515821977e-05  ,-1.613419364371e+00  ,-1.652494291588e+00  
  1.210619012518e-05  ,-1.932450984750e+00  ,-1.960458765634e+00  
  1.210825393601e-05  ,-2.564088945480e+00  ,-2.570561187798e+00  
  1.211232418819e-05  ,-3.775747656797e+00  ,-3.736614972781e+00  
  1.211919362350e-05  ,-5.671039646842e+00  ,-5.046107067105e+00  
  1.212318415447e-05  ,-6.656404538749e+00  ,-3.508352427059e+00  
  1.212685021265e-05  ,-7.469908352360e+00  ,-2.682504242528e+00  
  1.213326516254e-05  ,-8.649525942730e+00  ,-2.313133469512e+00  
  1.214001240833e-05  ,-9.511769048120e+00  ,-2.421973430730e+00  
  1.215203019484e-05  ,-9.979667163974e+00  ,-2.139259536312e+00  
  1.216756018503e-05  ,-8.516507169964e+00  ,-1.946664142436e+00  
  1.219256135328e-05  ,-2.315707172992e+00  ,-1.408703014525e+00  
  1.219568649931e-05  ,-1.350982497872e+00  ,-1.066946875121e+00  
  1.219646778582e-05  ,-1.107401812211e+00  ,-8.918191822846e-01  
  1.219783142834e-05  ,-6.807499921027e-01  ,-5.240024510448e-01  
  1.219841564699e-05  ,-4.975336840084e-01  ,-3.569746053973e-01  
  1.219862249373e-05  ,-4.326212938948e-01  ,-2.971290891453e-01  
  1.219882396209e-05  ,-3.693791578090e-01  ,-2.385558954174e-01  
  1.219922689880e-05  ,-2.428530276216e-01  ,-1.206978014101e-01  
  1.219972208301e-05  ,-8.730908760610e-02  ,2.519049975426e-02  
  1.220018997947e-05  ,5.968345737813e-02  ,1.638579362710e-01  
  1.220069904039e-05  ,2.195923641094e-01  ,3.154060711536e-01  
  1.220096139396e-05  ,3.019849027525e-01  ,3.937244281671e-01  
  1.220103104525e-05  ,3.238557797870e-01  ,4.145377707197e-01  
  1.220114616836e-05  ,3.600016036880e-01  ,4.489574499775e-01  
  1.220127913794e-05  ,4.017448886251e-01  ,4.887378493729e-01  
  1.220154507710e-05  ,4.852096984420e-01  ,5.683702807834e-01  
  1.220194312437e-05  ,6.100714549388e-01  ,6.877069648803e-01  
  1.220251104488e-05  ,7.880500639255e-01  ,8.581816486933e-01  
  1.220309246956e-05  ,9.700003649094e-01  ,1.032833509544e+00  
  1.220363692074e-05  ,1.140087976278e+00  ,1.196374517820e+00  
  1.220390462941e-05  ,1.223601456258e+00  ,1.276756075118e+00  
  1.220399353579e-05  ,1.251317532515e+00  ,1.303443834809e+00  
  1.220414876398e-05  ,1.299685538589e+00  ,1.350029494197e+00  
  1.220430641361e-05  ,1.348776406199e+00  ,1.397326055216e+00  
  1.220462171287e-05  ,1.446857684534e+00  ,1.491863011309e+00  
  1.220517231078e-05  ,1.617788027825e+00  ,1.656728368666e+00  
  1.220627350659e-05  ,1.958145602664e+00  ,1.985313825556e+00  
  1.220847589821e-05  ,2.631426308009e+00  ,2.635672578761e+00  
  1.221255658120e-05  ,3.843250698818e+00  ,3.801242358825e+00  
  1.221977321357e-05  ,5.820063746421e+00  ,4.890345020457e+00  
  1.222391871662e-05  ,6.826833869688e+00  ,3.322688274329e+00  
  1.222765518278e-05  ,7.635631127725e+00  ,2.610114237302e+00  
  1.223434580416e-05  ,8.814885215853e+00  ,2.308410003817e+00  
  1.224131358713e-05  ,9.629955583826e+00  ,2.398273930886e+00  
  1.225462330431e-05  ,9.894704192783e+00  ,2.097360295676e+00  
  1.227190865130e-05  ,7.723393493678e+00  ,1.878058575950e+00  
  1.227503379733e-05  ,7.063555948553e+00  ,1.802356938625e+00  
  1.228128408939e-05  ,5.546794523432e+00  ,1.685450915651e+00  
  1.229378467352e-05  ,1.940218364087e+00  ,1.307902411212e+00  
  1.229659764022e-05  ,1.066848660874e+00  ,8.606538422656e-01  
  1.229730088190e-05  ,8.469371607592e-01  ,6.731309638201e-01  
  1.229803997949e-05  ,6.153695592410e-01  ,4.655182769363e-01  
  1.229823909626e-05  ,5.529221022434e-01  ,4.084955100870e-01  
  1.229842899293e-05  ,4.933460805070e-01  ,3.537880267684e-01  
  1.229863826112e-05  ,4.276724088048e-01  ,2.931827490702e-01  
  1.229905679748e-05  ,2.962724502098e-01  ,1.711218363954e-01  
  1.229958131835e-05  ,1.315289255674e-01  ,1.687950420127e-02  
  1.230015380234e-05  ,-4.831824240376e-02  ,-1.526673675709e-01  
  1.230073429570e-05  ,-2.306653384537e-01  ,-3.255165019869e-01  
  1.230096135215e-05  ,-3.019717717389e-01  ,-3.933203760059e-01  
  1.230102541550e-05  ,-3.220880637713e-01  ,-4.124669704914e-01  
  1.230114287856e-05  ,-3.589687493479e-01  ,-4.475913232057e-01  
  1.230128355483e-05  ,-4.031313715658e-01  ,-4.896842909932e-01  
  1.230153082098e-05  ,-4.807362306544e-01  ,-5.637351191286e-01  
  1.230196118514e-05  ,-6.157347447477e-01  ,-6.927785320221e-01  
  1.230252063061e-05  ,-7.910521088239e-01  ,-8.607330366666e-01  
  1.230309609483e-05  ,-9.711338989256e-01  ,-1.033611589596e+00  
  1.230364129106e-05  ,-1.141451991232e+00  ,-1.197389163742e+00  
  1.230390788215e-05  ,-1.224615648777e+00  ,-1.277440332014e+00  
  1.230399611332e-05  ,-1.252120918265e+00  ,-1.303927016575e+00  
  1.230414959528e-05  ,-1.299944483151e+00  ,-1.349991373017e+00  
  1.230430857204e-05  ,-1.349448298661e+00  ,-1.397688794881e+00  
  1.230462652557e-05  ,-1.448353713770e+00  ,-1.493026063078e+00  
  1.230516799652e-05  ,-1.616450502779e+00  ,-1.655165955495e+00  
  1.230625093841e-05  ,-1.951192363652e+00  ,-1.978337690794e+00  
  1.230841682219e-05  ,-2.613516591229e+00  ,-2.618105661586e+00  
  1.231252209209e-05  ,-3.833245528428e+00  ,-3.791385084558e+00  
  1.231962175035e-05  ,-5.781303790748e+00  ,-4.923954657665e+00  
  1.232371286415e-05  ,-6.779435812065e+00  ,-3.366903237211e+00  
  1.232742511593e-05  ,-7.588760022586e+00  ,-2.628541858291e+00  
  1.233404495679e-05  ,-8.769862151079e+00  ,-2.310196013727e+00  
  1.234095164501e-05  ,-9.598687576945e+00  ,-2.404755246698e+00  
  1.235392310583e-05  ,-9.924145739275e+00  ,-2.108638454915e+00  
  1.237072863542e-05  ,-7.953513722384e+00  ,-1.864688678375e+00  
  1.239572980367e-05  ,-1.337501509544e+00  ,-1.146859199798e+00  
  1.239885494970e-05  ,-3.596505810010e-01  ,-2.415138134108e-01  
  1.239963623621e-05  ,-1.142772771747e-01  ,-8.646809466573e-03  
  1.240045961850e-05  ,1.443883926653e-01  ,2.377050889817e-01  
  1.240078725778e-05  ,2.472991125465e-01  ,3.360211996656e-01  
  1.240117245280e-05  ,3.682536269869e-01  ,4.517745191431e-01  
  1.240125605064e-05  ,3.944975498358e-01  ,4.769150518574e-01  
  1.240134949722e-05  ,4.238300634063e-01  ,5.050244763288e-01  
  1.240148209427e-05  ,4.654454269636e-01  ,5.449212170001e-01  
  1.240163168796e-05  ,5.123854236369e-01  ,5.899452003232e-01  
  1.240193087534e-05  ,6.062304302038e-01  ,6.800272501738e-01  
  1.240252925009e-05  ,7.937514846199e-01  ,8.602735080952e-01  
  1.240314112902e-05  ,9.852139597175e-01  ,1.044594167639e+00  
  1.240369535909e-05  ,1.158325288528e+00  ,1.211450498940e+00  
  1.240395082087e-05  ,1.238002594638e+00  ,1.288303812931e+00  
  1.240403461662e-05  ,1.264120969834e+00  ,1.313503492074e+00  
  1.240417904147e-05  ,1.309116221806e+00  ,1.356923538353e+00  
  1.240434500315e-05  ,1.360787893544e+00  ,1.406797120030e+00  
  1.240467692651e-05  ,1.464018858136e+00  ,1.506467446999e+00  
  1.240526403227e-05  ,1.646216847330e+00  ,1.682467796030e+00  
  1.240643824377e-05  ,2.008870960550e+00  ,2.033005738707e+00  
  1.240878666677e-05  ,2.725489415404e+00  ,2.725663854503e+00  
  1.241318176427e-05  ,4.023820348261e+00  ,3.973030907780e+00  
  1.242079476752e-05  ,6.077997707801e+00  ,4.563832782428e+00  
  1.242477412262e-05  ,7.020712862124e+00  ,3.139602588941e+00  
  1.242882425823e-05  ,7.867590713145e+00  ,2.519780495762e+00  
  1.243582780399e-05  ,9.025104868878e+00  ,2.299966956675e+00  
  1.244320089855e-05  ,9.772741078718e+00  ,2.365035764877e+00  
  1.245794708767e-05  ,9.689952174519e+00  ,2.044484991258e+00  
  1.247827227153e-05  ,6.308100414015e+00  ,1.773032746623e+00  
  1.248139741757e-05  ,5.517135372311e+00  ,1.685348250194e+00  
  1.248764770963e-05  ,3.783921247053e+00  ,1.534868925427e+00  
  1.248921028264e-05  ,3.325149046343e+00  ,1.484566263350e+00  
  1.249233542868e-05  ,2.384695300886e+00  ,1.352664762346e+00  
  1.249311671518e-05  ,2.145633737252e+00  ,1.304779844733e+00  
  1.249467928820e-05  ,1.663777692890e+00  ,1.181290064172e+00  
  1.249506993145e-05  ,1.542641761065e+00  ,1.138582408044e+00  
  1.249585121796e-05  ,1.299691163075e+00  ,1.019304608451e+00  
  1.249682985172e-05  ,9.942858637174e-01  ,7.940968044541e-01  
  1.249781723992e-05  ,6.851970076370e-01  ,5.258598818337e-01  
  1.249833384455e-05  ,5.231991796035e-01  ,3.790726103371e-01  
  1.249844718651e-05  ,4.876372807219e-01  ,3.464985657677e-01  
  1.249855339220e-05  ,4.543088176844e-01  ,3.158775577010e-01  
  1.249876580360e-05  ,3.876370898375e-01  ,2.543744781738e-01  
  1.249919062639e-05  ,2.542448192457e-01  ,1.304813836490e-01  
  1.249970723102e-05  ,9.197478952951e-02  ,-2.143722526609e-02  
  1.250019859681e-05  ,-6.239062462298e-02  ,-1.668951725039e-01  
  1.250071110363e-05  ,-2.233812114696e-01  ,-3.193557403763e-01  
  1.250097718249e-05  ,-3.069427147259e-01  ,-3.987393757160e-01  
  1.250104861493e-05  ,-3.293725125132e-01  ,-4.200737514671e-01  
  1.250116030379e-05  ,-3.644394650706e-01  ,-4.534497879202e-01  
  1.250129951323e-05  ,-4.081407239874e-01  ,-4.950773287389e-01  
  1.250155506814e-05  ,-4.883447560398e-01  ,-5.715664175692e-01  
  1.250193863335e-05  ,-6.086631801970e-01  ,-6.865119856555e-01  
  1.250250171098e-05  ,-7.851268179803e-01  ,-8.554702746926e-01  
  1.250306935208e-05  ,-9.627717882363e-01  ,-1.025931645180e+00  
  1.250360719087e-05  ,-1.130808466314e+00  ,-1.187451683425e+00  
  1.250387820574e-05  ,-1.215362172216e+00  ,-1.268812937831e+00  
  1.250397230425e-05  ,-1.244699593440e+00  ,-1.297055114879e+00  
  1.250413621702e-05  ,-1.295777126157e+00  ,-1.346239876325e+00  
  1.250428837184e-05  ,-1.343159994118e+00  ,-1.391881704687e+00  
  1.250459268150e-05  ,-1.437832577818e+00  ,-1.483114926890e+00  
  1.250520130080e-05  ,-1.626774867445e+00  ,-1.665327011587e+00  
  1.250641853940e-05  ,-2.002806460595e+00  ,-2.028333285683e+00  
  1.250885301661e-05  ,-2.745538767788e+00  ,-2.745645455628e+00  
  1.251305514407e-05  ,-3.987372138654e+00  ,-3.938546371530e+00  
  1.252080523801e-05  ,-6.080609460079e+00  ,-4.559081638708e+00  
  1.252480768990e-05  ,-7.028218459508e+00  ,-3.135614175981e+00  
  1.252888166737e-05  ,-7.878710578463e+00  ,-2.517733884457e+00  
  1.253592917156e-05  ,-9.038773942524e+00  ,-2.299086673441e+00  
  1.254334771466e-05  ,-9.782414359664e+00  ,-2.362745052176e+00  
  1.255818480086e-05  ,-9.671230292719e+00  ,-2.040597592400e+00  
  1.257869177890e-05  ,-6.205293124917e+00  ,-1.765883801365e+00  
  1.258181692493e-05  ,-5.406740350879e+00  ,-1.676885665040e+00  
  1.258806721699e-05  ,-3.661603392089e+00  ,-1.522522691124e+00  
  1.258962979001e-05  ,-3.200570984091e+00  ,-1.470003439315e+00  
  1.259275493604e-05  ,-2.256501988978e+00  ,-1.329563140030e+00  
  1.259353622255e-05  ,-2.016728431797e+00  ,-1.277280803224e+00  
  1.259509879556e-05  ,-1.533681747458e+00  ,-1.136174598415e+00  
  1.259548943882e-05  ,-1.412297035413e+00  ,-1.082452503459e+00  
  1.259627072532e-05  ,-1.168907805311e+00  ,-9.310692268420e-01  
  1.259708600510e-05  ,-9.141803428555e-01  ,-7.268227188126e-01  
  1.259771818687e-05  ,-7.162389369451e-01  ,-5.536797627179e-01  
  1.259811106530e-05  ,-5.930781035149e-01  ,-4.427675478381e-01  
  1.259823970423e-05  ,-5.527313957412e-01  ,-4.060600130015e-01  
  1.259840422236e-05  ,-5.011183593143e-01  ,-3.588822122159e-01  
  1.259869018496e-05  ,-4.113744159865e-01  ,-2.763284206468e-01  
  1.259926211015e-05  ,-2.317941717216e-01  ,-1.095546609759e-01  
  1.259980963469e-05  ,-5.980466908359e-02  ,5.166748047289e-02  
  1.260035622791e-05  ,1.119099625240e-01  ,2.137045841208e-01  
  1.260075599813e-05  ,2.374814877443e-01  ,3.327303463259e-01  
  1.260100494065e-05  ,3.156589719217e-01  ,4.070187156958e-01  
  1.260107156514e-05  ,3.365785352888e-01  ,4.269204153911e-01  
  1.260117162411e-05  ,3.679934625491e-01  ,4.568241438281e-01  
  1.260132110138e-05  ,4.149170959355e-01  ,5.015262408711e-01  
  1.260152014830e-05  ,4.773871598987e-01  ,5.611013221893e-01  
  1.260188238621e-05  ,5.910244433923e-01  ,6.696398532933e-01  
  1.260249212310e-05  ,7.821239614080e-01  ,8.525868771816e-01  
  1.260307568983e-05  ,9.647535805550e-01  ,1.027831128809e+00  
  1.260363308639e-05  ,1.138891226286e+00  ,1.195223513568e+00  
  1.260390801281e-05  ,1.224656389282e+00  ,1.277756154155e+00  
  1.260399815320e-05  ,1.252756718132e+00  ,1.304809220793e+00  
  1.260415740936e-05  ,1.302378478066e+00  ,1.352594776828e+00  
  1.260431475631e-05  ,1.351373345204e+00  ,1.399791824318e+00  
  1.260462945020e-05  ,1.449262819943e+00  ,1.494130755466e+00  
  1.260521869800e-05  ,1.632167311223e+00  ,1.670528283961e+00  
  1.260639719358e-05  ,1.996235896437e+00  ,2.021991367542e+00  
  1.260875418475e-05  ,2.715669795289e+00  ,2.716843691402e+00  
  1.261297791889e-05  ,3.965111502380e+00  ,3.917204403294e+00  
  1.262059986285e-05  ,6.029261041218e+00  ,4.621649881701e+00  
  1.262450247696e-05  ,6.959686762486e+00  ,3.197905077147e+00  
  1.262847289136e-05  ,7.798976408703e+00  ,2.545886806318e+00  
  1.263537361911e-05  ,8.962737796923e+00  ,2.302707369286e+00  
  1.264262824944e-05  ,9.733025942718e+00  ,2.375249108435e+00  
  1.265712856940e-05  ,9.750276953344e+00  ,2.057144645103e+00  
  1.267639577082e-05  ,6.754307908166e+00  ,1.804935524397e+00  
  1.267952091685e-05  ,5.998946051379e+00  ,1.721832124139e+00  
  1.268577120891e-05  ,4.322718480199e+00  ,1.585326709607e+00  
  1.268733378193e-05  ,3.875025945309e+00  ,1.542648735644e+00  
  1.269045892796e-05  ,2.952733552836e+00  ,1.438157503521e+00  
  1.269563410124e-05  ,1.367291085333e+00  ,1.082260297796e+00  
  1.269639312914e-05  ,1.130708575854e+00  ,9.127567206877e-01  
  1.269791118494e-05  ,6.557497310165e-01  ,5.022637112080e-01  
  1.269859170234e-05  ,4.422854328162e-01  ,3.068040148911e-01  
  1.269884772292e-05  ,3.619194639776e-01  ,2.323282242121e-01  
  1.269914327814e-05  ,2.691146166252e-01  ,1.458709480562e-01  
  1.269958914882e-05  ,1.290691206235e-01  ,1.465574397935e-02  
  1.270007045633e-05  ,-2.213449013738e-02  ,-1.278340719620e-01  
  1.270059926129e-05  ,-1.882523644086e-01  ,-2.851608878747e-01  
  1.270084825038e-05  ,-2.664541754684e-01  ,-3.594573587833e-01  
  1.270092720325e-05  ,-2.912482997944e-01  ,-3.830401837935e-01  
  1.270103906673e-05  ,-3.263744702854e-01  ,-4.164726251732e-01  
  1.270116412007e-05  ,-3.656375858887e-01  ,-4.538710164336e-01  
  1.270141422675e-05  ,-4.441462809894e-01  ,-5.287357864470e-01  
  1.270191444010e-05  ,-6.010765647014e-01  ,-6.786853834087e-01  
  1.270252780915e-05  ,-7.933002267463e-01  ,-8.628240130980e-01  
  1.270315682442e-05  ,-9.901207039831e-01  ,-1.051794610764e+00  
  1.270374411643e-05  ,-1.173538388946e+00  ,-1.228207992643e+00  
  1.270401722678e-05  ,-1.258701428318e+00  ,-1.310203789503e+00  
  1.270409905511e-05  ,-1.284199913250e+00  ,-1.334763725072e+00  
  1.270423982451e-05  ,-1.328045045428e+00  ,-1.377004634811e+00  
  1.270441083862e-05  ,-1.381275400686e+00  ,-1.428302423030e+00  
  1.270465745284e-05  ,-1.457966667391e+00  ,-1.502236162155e+00  
  1.270515068127e-05  ,-1.611082058311e+00  ,-1.649928904141e+00  
  1.270613713815e-05  ,-1.916115721097e+00  ,-1.944403239212e+00  
  1.270811005189e-05  ,-2.520371561269e+00  ,-2.528093345173e+00  
  1.271205587937e-05  ,-3.697562092931e+00  ,-3.661566338185e+00  
  1.271879194929e-05  ,-5.566655239100e+00  ,-5.133533703454e+00  
  1.272273479654e-05  ,-6.550393503439e+00  ,-3.640563451707e+00  
  1.272638856127e-05  ,-7.372703831980e+00  ,-2.733837413335e+00  
  1.273266567542e-05  ,-8.553481278769e+00  ,-2.315531322796e+00  
  1.273931978895e-05  ,-9.442363489103e+00  ,-2.434891718827e+00  
  1.275064169122e-05  ,-9.997968077020e+00  ,-2.161908862576e+00  
  1.276526569082e-05  ,-8.871861057789e+00  ,-1.982271415799e+00  
  1.279026685907e-05  ,-3.010329270148e+00  ,-1.485408671399e+00  
  1.279339200510e-05  ,-2.061083896066e+00  ,-1.296343556854e+00  
  1.279417329161e-05  ,-1.820308779304e+00  ,-1.234696920158e+00  
  1.279573586463e-05  ,-1.335614488613e+00  ,-1.045373739192e+00  
  1.279715557276e-05  ,-8.924143705894e-01  ,-7.096430843568e-01  
  1.279801509036e-05  ,-6.231737023562e-01  ,-4.708258528627e-01  
  1.279891800760e-05  ,-3.398524822889e-01  ,-2.105147444687e-01  
  1.279926143280e-05  ,-2.320069105580e-01  ,-1.100621967298e-01  
  1.279967805995e-05  ,-1.011387245225e-01  ,1.257963770046e-02  
  1.280020649238e-05  ,6.487103978183e-02  ,1.690682100023e-01  
  1.280069338782e-05  ,2.178169818685e-01  ,3.139615101883e-01  
  1.280095471694e-05  ,2.998882038455e-01  ,3.919424675408e-01  
  1.280102420524e-05  ,3.217080484038e-01  ,4.126993179184e-01  
  1.280113853673e-05  ,3.576056003150e-01  ,4.468699170617e-01  
  1.280127618621e-05  ,4.008183210321e-01  ,4.880367083192e-01  
  1.280154170627e-05  ,4.841519658899e-01  ,5.675202539539e-01  
  1.280194818201e-05  ,6.116573922137e-01  ,6.893546357736e-01  
  1.280250874507e-05  ,7.873298028503e-01  ,8.575882217962e-01  
  1.280308104279e-05  ,9.664274053331e-01  ,1.029470841488e+00  
  1.280362167555e-05  ,1.135329655715e+00  ,1.191845553569e+00  
  1.280388854603e-05  ,1.218586524285e+00  ,1.271968411769e+00  
  1.280398006011e-05  ,1.247117185958e+00  ,1.299436793898e+00  
  1.280413950254e-05  ,1.296800593733e+00  ,1.347283472297e+00  
  1.280429396239e-05  ,1.344900379512e+00  ,1.393619796643e+00  
  1.280460288209e-05  ,1.441003815314e+00  ,1.486239729838e+00  
  1.280520069805e-05  ,1.626588029449e+00  ,1.665225713624e+00  
  1.280639632997e-05  ,1.995970043722e+00  ,2.021827393822e+00  
  1.280878759381e-05  ,2.725769626282e+00  ,2.726690420118e+00  
  1.281298525092e-05  ,3.967226008402e+00  ,3.919381736313e+00  
  1.282063550708e-05  ,6.038190962440e+00  ,4.616514822702e+00  
  1.282496652958e-05  ,7.063628645377e+00  ,3.093603715720e+00  
  1.282888777014e-05  ,7.879891148369e+00  ,2.519775089398e+00  
  1.283673025128e-05  ,9.143561191873e+00  ,2.282322020334e+00  
  1.284386492726e-05  ,9.814832687521e+00  ,2.353331720331e+00  
  1.285813427922e-05  ,9.675254460955e+00  ,2.042695197458e+00  
  1.287886179444e-05  ,6.163320047670e+00  ,1.762122270246e+00  
  1.288198694047e-05  ,5.361731583595e+00  ,1.673323947308e+00  
  1.288823723253e-05  ,3.611848806130e+00  ,1.517403845025e+00  
  1.288979980555e-05  ,3.149923175155e+00  ,1.463913841341e+00  
  1.289292495158e-05  ,2.204435671371e+00  ,1.319653319768e+00  
  1.289370623809e-05  ,1.964385413946e+00  ,1.265353475871e+00  
  1.289526881110e-05  ,1.480880074083e+00  ,1.114779735809e+00  
  1.289565945436e-05  ,1.359400539170e+00  ,1.055236777283e+00  
  1.289644074087e-05  ,1.115845576697e+00  ,8.914682738556e-01  
  1.289727613722e-05  ,8.546827442816e-01  ,6.757236558233e-01  
  1.289773048293e-05  ,7.123858817398e-01  ,5.503054841226e-01  
  1.289815907758e-05  ,5.780204807811e-01  ,4.291360440592e-01  
  1.289835372400e-05  ,5.169623173953e-01  ,3.734376260418e-01  
  1.289859717172e-05  ,4.405688519117e-01  ,3.032939691260e-01  
  1.289908406716e-05  ,2.877090794863e-01  ,1.617096520212e-01  
  1.289966334981e-05  ,1.057598061472e-01  ,-8.448826213017e-03  
  1.290023024586e-05  ,-7.233323838815e-02  ,-1.762599011813e-01  
  1.290074973759e-05  ,-2.355152322755e-01  ,-3.308495597360e-01  
  1.290102741141e-05  ,-3.227147737604e-01  ,-4.137217708797e-01  
  1.290110309302e-05  ,-3.464775312967e-01  ,-4.363324854008e-01  
  1.290120688892e-05  ,-3.790644969110e-01  ,-4.673590699265e-01  
  1.290135820555e-05  ,-4.265633923242e-01  ,-5.126198927796e-01  
  1.290157427239e-05  ,-4.943706597023e-01  ,-5.773024971424e-01  
  1.290191457766e-05  ,-6.011197011608e-01  ,-6.792856214417e-01  
  1.290251230049e-05  ,-7.884432977932e-01  ,-8.586394685200e-01  
  1.290308143171e-05  ,-9.665490162580e-01  ,-1.029551685155e+00  
  1.290363109829e-05  ,-1.138270709662e+00  ,-1.194623623696e+00  
  1.290389950546e-05  ,-1.222003799817e+00  ,-1.275200150742e+00  
  1.290398891243e-05  ,-1.249876462724e+00  ,-1.302033605369e+00  
  1.290414774949e-05  ,-1.299369529874e+00  ,-1.349694424359e+00  
  1.290430376931e-05  ,-1.347953259909e+00  ,-1.396494600374e+00  
  1.290461580894e-05  ,-1.445022400934e+00  ,-1.490041214181e+00  
  1.290519527784e-05  ,-1.624907875836e+00  ,-1.663522475357e+00  
  1.290635421565e-05  ,-1.983003923913e+00  ,-2.009206856354e+00  
  1.290867209128e-05  ,-2.690839580752e+00  ,-2.692843004153e+00  
  1.291285559228e-05  ,-3.929802384717e+00  ,-3.883539420724e+00  
  1.292033746532e-05  ,-5.963290837789e+00  ,-4.704748646444e+00  
  1.292413428119e-05  ,-6.876162093363e+00  ,-3.278522729102e+00  
  1.292797356537e-05  ,-7.699836166915e+00  ,-2.584481939966e+00  
  1.293470516494e-05  ,-8.867632684702e+00  ,-2.307115531242e+00  
  1.294176533511e-05  ,-9.667234615592e+00  ,-2.390096002561e+00  
  1.295547291330e-05  ,-9.852552732011e+00  ,-2.083840990898e+00  
  1.297344669393e-05  ,-7.407571241849e+00  ,-1.853249809264e+00  
  1.297657183996e-05  ,-6.713415134624e+00  ,-1.775562150898e+00  
  1.298282213202e-05  ,-5.138431729007e+00  ,-1.653501209603e+00  
  1.299532271615e-05  ,-1.464129909263e+00  ,-1.184062177782e+00  
  1.299714177540e-05  ,-8.967315595449e-01  ,-7.291675776531e-01  
  1.299759654021e-05  ,-7.543518864320e-01  ,-6.002947881404e-01  
  1.299801824308e-05  ,-6.221851703068e-01  ,-4.790239279966e-01  
  1.299813439064e-05  ,-5.857629701846e-01  ,-4.453862447444e-01  
  1.299833967742e-05  ,-5.213692294108e-01  ,-3.857221122953e-01  
  1.299866238069e-05  ,-4.201018305798e-01  ,-2.914418865325e-01  
  1.299930778724e-05  ,-2.174479130249e-01  ,-1.014228893162e-01  
  1.299989051577e-05  ,-3.439541661170e-02  ,7.142464722023e-02  
  1.300046774950e-05  ,1.469425521609e-01  ,2.435106206176e-01  
  1.300081839245e-05  ,2.570772471134e-01  ,3.483644859436e-01  
  1.300116936137e-05  ,3.672830819533e-01  ,4.535014227617e-01  
  1.300125827939e-05  ,3.951971856716e-01  ,4.801628735428e-01  
  1.300134493895e-05  ,4.223993245834e-01  ,5.061563783113e-01  
  1.300147667453e-05  ,4.637446044542e-01  ,5.456855250838e-01  
  1.300162189100e-05  ,5.093116382033e-01  ,5.892789199106e-01  
  1.300191232395e-05  ,6.004129569228e-01  ,6.765166249423e-01  
  1.300249318984e-05  ,7.824580596611e-01  ,8.511345645788e-01  
  1.300303987619e-05  ,9.535542689513e-01  ,1.015551825166e+00  
  1.300357073006e-05  ,1.119426696277e+00  ,1.175177706834e+00  
  1.300385273453e-05  ,1.207419087312e+00  ,1.259934393924e+00  
  1.300402458683e-05  ,1.260995234653e+00  ,1.311564308878e+00  
  1.300416882542e-05  ,1.305934308260e+00  ,1.354883611657e+00  
  1.300434121322e-05  ,1.359608319449e+00  ,1.406637094703e+00  
  1.300468598884e-05  ,1.466835136881e+00  ,1.510069032634e+00  
  1.300537554008e-05  ,1.680759949010e+00  ,1.716562325244e+00  
  1.300675464254e-05  ,2.106143403689e+00  ,2.127517428965e+00  
  1.300927591902e-05  ,2.873045876506e+00  ,2.868302136256e+00  
  1.301407856327e-05  ,4.280112304274e+00  ,4.215760270098e+00  
  1.302007032019e-05  ,5.895710756866e+00  ,4.812987388276e+00  
  1.302359630745e-05  ,6.752472485649e+00  ,3.410108994381e+00  
  1.302708280664e-05  ,7.518288975750e+00  ,2.679474465720e+00  
  1.303405580503e-05  ,8.771499273507e+00  ,2.302557607935e+00  
  1.304035229069e-05  ,9.544182568646e+00  ,2.410352302514e+00  
  1.305294526201e-05  ,9.957223253476e+00  ,2.127245481517e+00  
  1.306846333128e-05  ,8.364392709407e+00  ,1.930577493862e+00  
  1.309346449953e-05  ,2.038792767408e+00  ,1.371579727276e+00  
  1.309590307456e-05  ,1.283536395749e+00  ,1.045432261741e+00  
  1.309651271832e-05  ,1.093371575434e+00  ,8.926531991453e-01  
  1.309758243543e-05  ,7.587703361891e-01  ,5.991812864897e-01  
  1.309804194999e-05  ,6.147516828594e-01  ,4.681073904146e-01  
  1.309820029811e-05  ,5.650918416301e-01  ,4.224966089089e-01  
  1.309841794819e-05  ,4.968116331904e-01  ,3.595001775007e-01  
  1.309869618081e-05  ,4.094923498968e-01  ,2.785129407571e-01  
  1.309925264605e-05  ,2.347665972903e-01  ,1.152885409209e-01  
  1.309979234748e-05  ,6.523549995080e-02  ,-4.425535670057e-02  
  1.310033270084e-05  ,-1.045191481748e-01  ,-2.048903624977e-01  
  1.310073540472e-05  ,-2.310136541880e-01  ,-3.250489222846e-01  
  1.310097563938e-05  ,-3.064581609943e-01  ,-3.968706345932e-01  
  1.310103934184e-05  ,-3.264608534296e-01  ,-4.159313555347e-01  
  1.310114143808e-05  ,-3.585165015680e-01  ,-4.464929394637e-01  
  1.310127966963e-05  ,-4.019117897080e-01  ,-4.878939699958e-01  
  1.310149345473e-05  ,-4.690105226917e-01  ,-5.519698315555e-01  
  1.310186249130e-05  ,-5.847850829394e-01  ,-6.626875923799e-01  
  1.310249318295e-05  ,-7.824559011792e-01  ,-8.521286022647e-01  
  1.310309025385e-05  ,-9.693075593608e-01  ,-1.031586636729e+00  
  1.310365938508e-05  ,-1.147099055968e+00  ,-1.202622780400e+00  
  1.310393235572e-05  ,-1.232246015980e+00  ,-1.284615859250e+00  
  1.310401965557e-05  ,-1.259458384888e+00  ,-1.310830543036e+00  
  1.310417481391e-05  ,-1.307799515247e+00  ,-1.357410626325e+00  
  1.310433551362e-05  ,-1.357834342159e+00  ,-1.405636739370e+00  
  1.310465691304e-05  ,-1.457798897767e+00  ,-1.502026805678e+00  
  1.310522352970e-05  ,-1.633664861218e+00  ,-1.671712585924e+00  
  1.310635676301e-05  ,-1.983788299846e+00  ,-2.009823472656e+00  
  1.310862322962e-05  ,-2.676052246280e+00  ,-2.678581669652e+00  
  1.311282535708e-05  ,-3.921066141805e+00  ,-3.875587355661e+00  
  1.312025507605e-05  ,-5.942493282426e+00  ,-4.745176085128e+00  
  1.312444826281e-05  ,-6.947446557177e+00  ,-3.203730832021e+00  
  1.312825625456e-05  ,-7.756197843921e+00  ,-2.563490357734e+00  
  1.313587223804e-05  ,-9.031107925465e+00  ,-2.283460889547e+00  
  1.314275880969e-05  ,-9.742358434333e+00  ,-2.373672041078e+00  
  1.315653195298e-05  ,-9.790187528185e+00  ,-2.067121471785e+00  
  1.317525377190e-05  ,-7.014469747289e+00  ,-1.823552678340e+00  
  1.317837891793e-05  ,-6.282068089918e+00  ,-1.743052200562e+00  
  1.318462921000e-05  ,-4.643385417495e+00  ,-1.613040789149e+00  
  1.319238973475e-05  ,-2.368123286054e+00  ,-1.373549328113e+00  
  1.319432986593e-05  ,-1.771919492234e+00  ,-1.235157832502e+00  
  1.319481489873e-05  ,-1.621753216943e+00  ,-1.183952463032e+00  
  1.319578496432e-05  ,-1.320325981361e+00  ,-1.039794511123e+00  
  1.319680792904e-05  ,-1.001138712663e+00  ,-8.024762386772e-01  
  1.319795699483e-05  ,-6.413884298242e-01  ,-4.875883758016e-01  
  1.319853888518e-05  ,-4.588615811019e-01  ,-3.208661067882e-01  
  1.319873313578e-05  ,-3.978920673252e-01  ,-2.645743240950e-01  
  1.319895607113e-05  ,-3.279011404677e-01  ,-1.996643290338e-01  
  1.319940194181e-05  ,-1.878744682103e-01  ,-6.900841172384e-02  
  1.319989237628e-05  ,-3.381092572215e-02  ,7.572708860003e-02  
  1.320035482450e-05  ,1.114690957747e-01  ,2.129487722717e-01  
  1.320071906476e-05  ,2.258816436421e-01  ,3.214240124283e-01  
  1.320094649373e-05  ,2.973059594949e-01  ,3.892961735424e-01  
  1.320100640106e-05  ,3.161175433257e-01  ,4.071907172461e-01  
  1.320110962652e-05  ,3.485288534368e-01  ,4.380394159531e-01  
  1.320124566947e-05  ,3.912387259007e-01  ,4.787215081551e-01  
  1.320146110766e-05  ,4.588593341066e-01  ,5.432003234429e-01  
  1.320184695460e-05  ,5.799123695677e-01  ,6.588204950814e-01  
  1.320247708746e-05  ,7.774147570777e-01  ,8.479126953952e-01  
  1.320308207460e-05  ,9.667500408959e-01  ,1.029615941482e+00  
  1.320365325474e-05  ,1.145185845133e+00  ,1.201167006579e+00  
  1.320393092856e-05  ,1.231801076610e+00  ,1.284530656459e+00  
  1.320401881049e-05  ,1.259195008140e+00  ,1.310907551397e+00  
  1.320417564521e-05  ,1.308058431943e+00  ,1.357969282302e+00  
  1.320433632164e-05  ,1.358085836288e+00  ,1.406167268580e+00  
  1.320465767449e-05  ,1.458035558179e+00  ,1.502504192785e+00  
  1.320523956484e-05  ,1.638634563670e+00  ,1.676696828029e+00  
  1.320640334553e-05  ,1.998129649555e+00  ,2.023764942214e+00  
  1.320873090691e-05  ,2.708630941910e+00  ,2.710016635011e+00  
  1.321303287214e-05  ,3.980954519749e+00  ,3.932294832523e+00  
  1.322061160273e-05  ,6.032203059753e+00  ,4.615969366236e+00  
  1.322451496190e-05  ,6.962502691938e+00  ,3.193140438327e+00  
  1.322848463124e-05  ,7.801284343708e+00  ,2.544317547792e+00  
  1.323538535899e-05  ,8.964372904876e+00  ,2.302869262349e+00  
  1.324263924426e-05  ,9.733818172668e+00  ,2.374929967580e+00  
  1.325714701480e-05  ,9.748988389358e+00  ,2.056931472537e+00  
  1.327646488017e-05  ,6.738281549594e+00  ,1.803734850754e+00  
  1.327959002620e-05  ,5.981561135868e+00  ,1.720521287126e+00  
  1.328584031826e-05  ,4.303130248597e+00  ,1.580551622788e+00  
  1.328740289128e-05  ,3.855001822504e+00  ,1.538600365859e+00  
  1.329052803731e-05  ,2.931983314709e+00  ,1.434324169650e+00  
  1.329541934347e-05  ,1.434093973796e+00  ,1.115218913612e+00  
  1.329620957068e-05  ,1.187986229991e+00  ,9.544952209065e-01  
  1.329779002509e-05  ,6.937264527752e-01  ,5.358899309076e-01  
  1.329850565335e-05  ,4.692904179540e-01  ,3.312436904120e-01  
  1.329876782066e-05  ,3.870038877295e-01  ,2.551745808750e-01  
  1.329905667035e-05  ,2.963123703335e-01  ,1.708658610418e-01  
  1.329954319327e-05  ,1.435051414681e-01  ,2.790356349052e-02  
  1.330007199823e-05  ,-2.261889036095e-02  ,-1.285521977532e-01  
  1.330060117571e-05  ,-1.888536923698e-01  ,-2.859472757757e-01  
  1.330085389009e-05  ,-2.682253115521e-01  ,-3.613400287785e-01  
  1.330093132957e-05  ,-2.925440683913e-01  ,-3.844665694666e-01  
  1.330104450854e-05  ,-3.280831500593e-01  ,-4.182862653345e-01  
  1.330116993441e-05  ,-3.674629871267e-01  ,-4.557899875498e-01  
  1.330142078614e-05  ,-4.462049336827e-01  ,-5.308666087850e-01  
  1.330192248962e-05  ,-6.036008025308e-01  ,-6.812444585693e-01  
  1.330253110892e-05  ,-7.943336083847e-01  ,-8.639376033583e-01  
  1.330315006590e-05  ,-9.880078647975e-01  ,-1.049868849292e+00  
  1.330373400516e-05  ,-1.170383728176e+00  ,-1.225262996117e+00  
  1.330401279657e-05  ,-1.257320694425e+00  ,-1.308959901268e+00  
  1.330409531175e-05  ,-1.283033631305e+00  ,-1.333724624128e+00  
  1.330423608116e-05  ,-1.326879442468e+00  ,-1.375963320035e+00  
  1.330440651319e-05  ,-1.379929538161e+00  ,-1.427084067863e+00  
  1.330465494348e-05  ,-1.457186749285e+00  ,-1.501558951748e+00  
  1.330515180408e-05  ,-1.611430188201e+00  ,-1.650332454777e+00  
  1.330614552526e-05  ,-1.918701723241e+00  ,-1.946956813728e+00  
  1.330813296764e-05  ,-2.527337695343e+00  ,-2.534861779263e+00  
  1.331210785239e-05  ,-3.712727790712e+00  ,-3.676111595569e+00  
  1.331886850922e-05  ,-5.586620007565e+00  ,-5.118077389251e+00  
  1.332281880705e-05  ,-6.570312837465e+00  ,-3.613810905393e+00  
  1.332647406189e-05  ,-7.390824320034e+00  ,-2.723471344555e+00  
  1.333277948825e-05  ,-8.571949756270e+00  ,-2.315021507886e+00  
  1.333945222824e-05  ,-9.455981601360e+00  ,-2.432459626659e+00  
  1.335090675084e-05  ,-9.995942894333e+00  ,-2.157542590017e+00  
  1.336570211379e-05  ,-8.807766711258e+00  ,-1.975541990896e+00  
  1.339070328205e-05  ,-2.879303955602e+00  ,-1.472379853846e+00  
  1.339382842808e-05  ,-1.926731845641e+00  ,-1.292784324728e+00  
  1.339460971458e-05  ,-1.685326253473e+00  ,-1.214644822078e+00  
  1.339617228760e-05  ,-1.199615290872e+00  ,-9.603528231794e-01  
  1.339763241513e-05  ,-7.431130845765e-01  ,-5.795765412287e-01  
  1.339833323537e-05  ,-5.233902963297e-01  ,-3.804705077166e-01  
  1.339853197961e-05  ,-4.610287341469e-01  ,-3.231241936915e-01  
  1.339872511263e-05  ,-4.004106079586e-01  ,-2.671205633957e-01  
  1.339911137866e-05  ,-2.791323657208e-01  ,-1.544121328174e-01  
  1.339959855350e-05  ,-1.261147932694e-01  ,-1.117317072219e-02  
  1.340012391257e-05  ,3.892818279287e-02  ,1.443288546380e-01  
  1.340068866658e-05  ,2.163341079909e-01  ,3.123762892178e-01  
  1.340092852871e-05  ,2.916645278998e-01  ,3.839638108339e-01  
  1.340099547916e-05  ,3.126880237891e-01  ,4.039636981045e-01  
  1.340111634154e-05  ,3.506371503829e-01  ,4.400887851913e-01  
  1.340125005618e-05  ,3.926157943919e-01  ,4.800820440436e-01  
  1.340151748546e-05  ,4.765515569497e-01  ,5.601434166848e-01  
  1.340197322816e-05  ,6.195109497372e-01  ,6.967665117401e-01  
  1.340254934431e-05  ,8.000441921437e-01  ,8.697011415710e-01  
  1.340314632208e-05  ,9.868374557511e-01  ,1.049019700793e+00  
  1.340371005163e-05  ,1.162909894039e+00  ,1.218336869218e+00  
  1.340395973921e-05  ,1.240782773065e+00  ,1.293297482995e+00  
  1.340404337198e-05  ,1.266849434902e+00  ,1.318399023103e+00  
  1.340418591090e-05  ,1.311255715571e+00  ,1.361171381226e+00  
  1.340435424746e-05  ,1.363665006418e+00  ,1.411667656291e+00  
  1.340468184017e-05  ,1.465545879094e+00  ,1.509873346834e+00  
  1.340528040119e-05  ,1.651288919511e+00  ,1.689041723693e+00  
  1.340647752323e-05  ,2.020957876132e+00  ,2.045958135185e+00  
  1.340887176730e-05  ,2.751202624482e+00  ,2.751245044029e+00  
  1.341327059009e-05  ,4.049351306396e+00  ,3.997576201606e+00  
  1.342105495670e-05  ,6.142703543547e+00  ,4.476719311425e+00  
  1.342543291785e-05  ,7.166581042542e+00  ,3.003103641487e+00  
  1.342957246043e-05  ,8.010493889037e+00  ,2.474802069546e+00  
  1.343692767360e-05  ,9.168498575278e+00  ,2.295206797006e+00  
  1.344459134080e-05  ,9.855986297744e+00  ,2.339408901867e+00  
  1.345991867520e-05  ,9.518429170363e+00  ,2.014800614206e+00  
  1.348309296109e-05  ,5.065254867996e+00  ,1.685691261003e+00  
  1.348621810712e-05  ,4.195694360477e+00  ,1.592688726997e+00  
  1.349246839919e-05  ,2.344105871770e+00  ,1.360881930260e+00  
  1.349403097220e-05  ,1.864254404380e+00  ,1.247346386824e+00  
  1.349650381990e-05  ,1.096150292173e+00  ,8.806654248021e-01  
  1.349818392583e-05  ,5.702270506774e-01  ,4.238091111381e-01  
  1.349905359485e-05  ,2.972781435639e-01  ,1.717318265219e-01  
  1.349939832390e-05  ,1.890108659562e-01  ,7.053821139658e-02  
  1.349983660430e-05  ,5.133204676651e-02  ,-5.883820303695e-02  
  1.350032452420e-05  ,-1.019505179553e-01  ,-2.036199501981e-01  
  1.350066557453e-05  ,-2.090811679903e-01  ,-3.051917725113e-01  
  1.350087873098e-05  ,-2.760264163042e-01  ,-3.688003491139e-01  
  1.350093651955e-05  ,-2.941738473639e-01  ,-3.860601986021e-01  
  1.350104464610e-05  ,-3.281263413929e-01  ,-4.183705775036e-01  
  1.350116660279e-05  ,-3.664170326333e-01  ,-4.548365448777e-01  
  1.350141051617e-05  ,-4.429817166778e-01  ,-5.278340452227e-01  
  1.350183836576e-05  ,-5.772186248003e-01  ,-6.560540391146e-01  
  1.350247390029e-05  ,-7.764165038544e-01  ,-8.467978450216e-01  
  1.350309695509e-05  ,-9.714028806335e-01  ,-1.033953522538e+00  
  1.350367810038e-05  ,-1.152939631205e+00  ,-1.208514421712e+00  
  1.350395242144e-05  ,-1.238501559057e+00  ,-1.290876483248e+00  
  1.350403809148e-05  ,-1.265203863544e+00  ,-1.316590877733e+00  
  1.350419138717e-05  ,-1.312961262563e+00  ,-1.362593007646e+00  
  1.350435471787e-05  ,-1.363811409724e+00  ,-1.411589308030e+00  
  1.350468137926e-05  ,-1.465402642772e+00  ,-1.509519464416e+00  
  1.350531775198e-05  ,-1.662860789495e+00  ,-1.699998902654e+00  
  1.350659049741e-05  ,-2.055704611155e+00  ,-2.079319059881e+00  
  1.350913598827e-05  ,-2.830911117344e+00  ,-2.827977632749e+00  
  1.351364805988e-05  ,-4.157492276133e+00  ,-4.099959331490e+00  
  1.352049439839e-05  ,-6.002794876378e+00  ,-4.712736685048e+00  
  1.352427407792e-05  ,-6.907983728050e+00  ,-3.279983857639e+00  
  1.352810814670e-05  ,-7.726744578540e+00  ,-2.582402555754e+00  
  1.353483676604e-05  ,-8.886666889633e+00  ,-2.304266676022e+00  
  1.354189246586e-05  ,-9.677374903913e+00  ,-2.388197711114e+00  
  1.355558514288e-05  ,-9.846459193117e+00  ,-2.081973405528e+00  
  1.357352614096e-05  ,-7.390781391584e+00  ,-1.851978566826e+00  
  1.357665128699e-05  ,-6.694895911107e+00  ,-1.774159713475e+00  
  1.358290157905e-05  ,-5.117003798124e+00  ,-1.651794700400e+00  
  1.359540216318e-05  ,-1.439435323167e+00  ,-1.170862076836e+00  
  1.359717316619e-05  ,-8.869091491409e-01  ,-7.172010691217e-01  
  1.359761591694e-05  ,-7.482817140853e-01  ,-5.921099525999e-01  
  1.359793098337e-05  ,-6.495431323769e-01  ,-5.020699248704e-01  
  1.359804445338e-05  ,-6.139667037083e-01  ,-4.694186662398e-01  
  1.359823539779e-05  ,-5.540822290893e-01  ,-4.142328263095e-01  
  1.359860098847e-05  ,-4.393709468365e-01  ,-3.078781911540e-01  
  1.359915046879e-05  ,-2.668564191020e-01  ,-1.466748627105e-01  
  1.359972202145e-05  ,-8.732842664077e-02  ,2.232447226287e-02  
  1.360030353927e-05  ,9.535822783499e-02  ,1.952833374707e-01  
  1.360073907227e-05  ,2.321655394439e-01  ,3.253231569540e-01  
  1.360099160038e-05  ,3.114700650851e-01  ,4.008720700041e-01  
  1.360105902814e-05  ,3.326421265065e-01  ,4.210612756131e-01  
  1.360116156675e-05  ,3.648359738521e-01  ,4.517758549077e-01  
  1.360130403583e-05  ,4.095603512819e-01  ,4.944734961103e-01  
  1.360151856598e-05  ,4.768906265124e-01  ,5.588113802492e-01  
  1.360188150239e-05  ,5.907472666897e-01  ,6.677555126521e-01  
  1.360249598902e-05  ,7.833347498285e-01  ,8.524023011288e-01  
  1.360308244285e-05  ,9.668651865128e-01  ,1.028722926885e+00  
  1.360364263338e-05  ,1.141870934784e+00  ,1.197116285809e+00  
  1.360391569716e-05  ,1.227052289409e+00  ,1.279157492495e+00  
  1.360400471995e-05  ,1.254803446107e+00  ,1.305895837888e+00  
  1.360416204362e-05  ,1.303821960145e+00  ,1.353136658682e+00  
  1.360432076427e-05  ,1.353243464156e+00  ,1.400779352417e+00  
  1.360463820557e-05  ,1.451984304305e+00  ,1.496003428810e+00  
  1.360521646375e-05  ,1.631474811531e+00  ,1.669210132854e+00  
  1.360637298013e-05  ,1.988781544490e+00  ,2.014299508849e+00  
  1.360868601287e-05  ,2.695051609030e+00  ,2.696650363791e+00  
  1.361286876882e-05  ,3.933608541350e+00  ,3.887090689007e+00  
  1.362041322673e-05  ,5.982380066168e+00  ,4.684310579986e+00  
  1.362422792400e-05  ,6.897492511068e+00  ,3.259896304137e+00  
  1.362811042155e-05  ,7.727198229753e+00  ,2.573674622607e+00  
  1.363488076414e-05  ,8.892996716112e+00  ,2.305613609124e+00  
  1.364199383343e-05  ,9.685349646475e+00  ,2.386305285824e+00  
  1.365588320578e-05  ,9.829681761768e+00  ,2.077135827974e+00  
  1.367417587126e-05  ,7.251752885736e+00  ,1.841493541683e+00  
  1.367730101729e-05  ,6.541887975079e+00  ,1.762605184427e+00  
  1.368355130936e-05  ,4.940578513150e+00  ,1.637604576310e+00  
  1.369605189348e-05  ,1.237156411647e+00  ,1.033681051783e+00  
  1.369747104282e-05  ,7.936597538569e-01  ,6.395015594648e-01  
  1.369782583016e-05  ,6.825046218077e-01  ,5.371101237587e-01  
  1.369841209772e-05  ,4.986473361343e-01  ,3.666059078033e-01  
  1.369875254268e-05  ,3.917999644889e-01  ,2.667406980699e-01  
  1.369908297593e-05  ,2.880517576231e-01  ,1.693228550294e-01  
  1.369956754307e-05  ,1.358561722772e-01  ,2.576521850542e-02  
  1.370011162172e-05  ,-3.506692474785e-02  ,-1.362012374789e-01  
  1.370065532784e-05  ,-2.058627681842e-01  ,-2.986932263161e-01  
  1.370090054507e-05  ,-2.828768380024e-01  ,-3.721381344155e-01  
  1.370096812416e-05  ,-3.040982871793e-01  ,-3.923937169425e-01  
  1.370109531954e-05  ,-3.440368795977e-01  ,-4.305344294268e-01  
  1.370122135077e-05  ,-3.836045184698e-01  ,-4.683446562776e-01  
  1.370147341323e-05  ,-4.627211350236e-01  ,-5.440144741403e-01  
  1.370197753814e-05  ,-6.208623616932e-01  ,-6.955099508540e-01  
  1.370257488844e-05  ,-8.080431347460e-01  ,-8.751860336370e-01  
  1.370318443906e-05  ,-9.987530982170e-01  ,-1.058580899727e+00  
  1.370368306917e-05  ,-1.154490199652e+00  ,-1.208547659459e+00  
  1.370395697114e-05  ,-1.239919871375e+00  ,-1.290877740030e+00  
  1.370403720458e-05  ,-1.264927474723e+00  ,-1.314985996258e+00  
  1.370418346879e-05  ,-1.310495123248e+00  ,-1.358923598384e+00  
  1.370434223600e-05  ,-1.359926650410e+00  ,-1.406598683846e+00  
  1.370465977043e-05  ,-1.458686977859e+00  ,-1.501883683330e+00  
  1.370520096198e-05  ,-1.626669843317e+00  ,-1.664044078456e+00  
  1.370628334508e-05  ,-1.961176526397e+00  ,-1.987189960905e+00  
  1.370844811127e-05  ,-2.623003436841e+00  ,-2.626730515285e+00  
  1.371262043641e-05  ,-3.861762950764e+00  ,-3.818314449014e+00  
  1.371978938506e-05  ,-5.824194314086e+00  ,-4.871594704776e+00  
  1.372352287099e-05  ,-6.735437746245e+00  ,-3.420149896261e+00  
  1.372722022161e-05  ,-7.546683448020e+00  ,-2.647915807719e+00  
  1.373371489272e-05  ,-8.719565626048e+00  ,-2.312625997878e+00  
  1.374052919373e-05  ,-9.560622913357e+00  ,-2.411809768766e+00  
  1.375309683309e-05  ,-9.952710713903e+00  ,-2.122310118898e+00  
  1.376935101972e-05  ,-8.208319744764e+00  ,-1.918394066608e+00  
  1.379435218797e-05  ,-1.765017350098e+00  ,-1.363587166916e+00  
  1.379680044875e-05  ,-1.003476880897e+00  ,-8.285094642686e-01  
  1.379741251395e-05  ,-8.119877877680e-01  ,-6.555742217426e-01  
  1.379803864211e-05  ,-6.157889124989e-01  ,-4.749908534834e-01  
  1.379814827042e-05  ,-5.814099404318e-01  ,-4.430989151921e-01  
  1.379835590879e-05  ,-5.162768620527e-01  ,-3.825193193598e-01  
  1.379856948434e-05  ,-4.492584859348e-01  ,-3.199785539311e-01  
  1.379897954567e-05  ,-3.205302720790e-01  ,-1.993246467198e-01  
  1.379950965448e-05  ,-1.540404960482e-01  ,-4.242432054714e-02  
  1.380007589860e-05  ,2.384422723620e-02  ,1.260731643859e-01  
  1.380061755581e-05  ,1.939987100185e-01  ,2.879074576862e-01  
  1.380089546247e-05  ,2.812807275576e-01  ,3.711307646890e-01  
  1.380096917665e-05  ,3.044287828360e-01  ,3.932232088399e-01  
  1.380108643016e-05  ,3.412458380792e-01  ,4.283796795776e-01  
  1.380121441717e-05  ,3.814278568923e-01  ,4.667729396336e-01  
  1.380147039118e-05  ,4.617727452974e-01  ,5.436109619729e-01  
  1.380198233920e-05  ,6.223677425967e-01  ,6.974485862088e-01  
  1.380259431126e-05  ,8.141248913303e-01  ,8.815148930873e-01  
  1.380322323340e-05  ,1.010879014755e+00  ,1.070727597349e+00  
  1.380367292250e-05  ,1.151323786461e+00  ,1.205966900755e+00  
  1.380393313403e-05  ,1.232488664265e+00  ,1.284181528004e+00  
  1.380401256420e-05  ,1.257248274086e+00  ,1.308048822655e+00  
  1.380415400882e-05  ,1.301319259116e+00  ,1.350539833909e+00  
  1.380431258977e-05  ,1.350698948379e+00  ,1.398161062966e+00  
  1.380462975167e-05  ,1.449356529298e+00  ,1.493339789657e+00  
  1.380512223505e-05  ,1.602261513081e+00  ,1.640931693498e+00  
  1.380610720181e-05  ,1.906884359234e+00  ,1.935179915468e+00  
  1.380807713532e-05  ,2.510363003605e+00  ,2.518368017579e+00  
  1.381201700233e-05  ,3.686211347729e+00  ,3.650965627839e+00  
  1.381861896180e-05  ,5.521426353880e+00  ,5.176098262212e+00  
  1.382253647708e-05  ,6.503190174772e+00  ,3.718841288952e+00  
  1.382617720329e-05  ,7.327681893282e+00  ,2.763569196836e+00  
  1.383233212792e-05  ,8.498727369862e+00  ,2.317647760610e+00  
  1.383890055977e-05  ,9.398179598732e+00  ,2.441899617169e+00  
  1.384981566035e-05  ,9.999832310426e+00  ,2.175912276052e+00  
  1.386390321814e-05  ,9.061174465317e+00  ,2.002987525844e+00  
  1.388890438639e-05  ,3.415625961498e+00  ,1.523039687071e+00  
  1.389202953242e-05  ,2.477911399988e+00  ,1.371990328136e+00  
  1.389281081893e-05  ,2.239395192347e+00  ,1.325920626172e+00  
  1.389437339195e-05  ,1.758460114449e+00  ,1.211411573205e+00  
  1.389476403520e-05  ,1.637518855194e+00  ,1.173650382237e+00  
  1.389554532171e-05  ,1.394914706745e+00  ,1.073578579433e+00  
  1.389653792531e-05  ,1.085499700467e+00  ,8.678371168584e-01  
  1.389759087861e-05  ,7.561254516696e-01  ,5.891891140573e-01  
  1.389808196501e-05  ,6.022038880822e-01  ,4.510249315235e-01  
  1.389824708850e-05  ,5.504150903155e-01  ,4.039141392876e-01  
  1.389844713659e-05  ,4.876529445440e-01  ,3.464880331811e-01  
  1.389871833772e-05  ,4.025372914868e-01  ,2.681064628950e-01  
  1.389926073999e-05  ,2.322245048692e-01  ,1.098763211481e-01  
  1.389979150072e-05  ,6.550151129111e-02  ,-4.640064052630e-02  
  1.390032309965e-05  ,-1.015030052109e-01  ,-2.039590646383e-01  
  1.390072231107e-05  ,-2.269012409626e-01  ,-3.227913014157e-01  
  1.390095919297e-05  ,-3.012937545360e-01  ,-3.934643655428e-01  
  1.390102176620e-05  ,-3.209421968475e-01  ,-4.121511503710e-01  
  1.390112576001e-05  ,-3.535942136066e-01  ,-4.432233219968e-01  
  1.390126110446e-05  ,-3.960840139113e-01  ,-4.836888594025e-01  
  1.390148336460e-05  ,-4.658440781272e-01  ,-5.501983847838e-01  
  1.390186073650e-05  ,-5.842347394341e-01  ,-6.632613078277e-01  
  1.390248574708e-05  ,-7.801269957952e-01  ,-8.507869570691e-01  
  1.390308421497e-05  ,-9.674193047794e-01  ,-1.030506946193e+00  
  1.390365166981e-05  ,-1.144691200669e+00  ,-1.200919096914e+00  
  1.390392687563e-05  ,-1.230537498013e+00  ,-1.283533680290e+00  
  1.390401487398e-05  ,-1.257968149584e+00  ,-1.309943157211e+00  
  1.390417138273e-05  ,-1.306730829036e+00  ,-1.356903105876e+00  
  1.390433143052e-05  ,-1.356563465991e+00  ,-1.404908791753e+00  
  1.390465152609e-05  ,-1.456124594168e+00  ,-1.500862339765e+00  
  1.390522456887e-05  ,-1.633986939238e+00  ,-1.672401141763e+00  
  1.390637065443e-05  ,-1.988065494471e+00  ,-2.014218754907e+00  
  1.390866282555e-05  ,-2.688035916452e+00  ,-2.690263875003e+00  
  1.391289401027e-05  ,-3.940897868729e+00  ,-3.894279272919e+00  
  1.392036694261e-05  ,-5.970722105560e+00  ,-4.699482782935e+00  
  1.392416226836e-05  ,-6.882543392659e+00  ,-3.273629723782e+00  
  1.392800974819e-05  ,-7.707084166320e+00  ,-2.581446019973e+00  
  1.393474209281e-05  ,-8.872989082875e+00  ,-2.306762502532e+00  
  1.394180747839e-05  ,-9.670613170688e+00  ,-2.389352857428e+00  
  1.395554783913e-05  ,-9.848498196365e+00  ,-2.082641354304e+00  
  1.397358122441e-05  ,-7.379113358996e+00  ,-1.851069169694e+00  
  1.397670637044e-05  ,-6.682031386794e+00  ,-1.773184014591e+00  
  1.398295666250e-05  ,-5.102128332849e+00  ,-1.650608354335e+00  
  1.399545724663e-05  ,-1.422308417131e+00  ,-1.161173861646e+00  
  1.399719379070e-05  ,-8.804551161887e-01  ,-7.119912510067e-01  
  1.399762792672e-05  ,-7.445192559310e-01  ,-5.891075564625e-01  
  1.399793689298e-05  ,-6.476904817309e-01  ,-5.007244483508e-01  
  1.399805003703e-05  ,-6.122158477750e-01  ,-4.681420937647e-01  
  1.399824216888e-05  ,-5.519582844882e-01  ,-4.125737599560e-01  
  1.399862643257e-05  ,-4.313850252280e-01  ,-3.006976073440e-01  
  1.399920990617e-05  ,-2.481898111807e-01  ,-1.293490110401e-01  
  1.399978713990e-05  ,-6.687147480627e-02  ,4.149472135009e-02  
  1.400036381484e-05  ,1.142933132326e-01  ,2.131337200820e-01  
  1.400077760146e-05  ,2.442664050296e-01  ,3.367355366077e-01  
  1.400103739389e-05  ,3.258492111201e-01  ,4.144837648067e-01  
  1.400109682391e-05  ,3.445092097484e-01  ,4.322835207613e-01  
  1.400120343706e-05  ,3.779808421571e-01  ,4.642272940434e-01  
  1.400134436945e-05  ,4.222205693144e-01  ,5.064752957590e-01  
  1.400152348606e-05  ,4.784345521504e-01  ,5.602016438366e-01  
  1.400185643389e-05  ,5.828853359185e-01  ,6.601491570394e-01  
  1.400252232953e-05  ,7.915841661639e-01  ,8.602558473885e-01  
  1.400312042488e-05  ,9.787409989917e-01  ,1.040086635830e+00  
  1.400370482980e-05  ,1.161280521720e+00  ,1.215757398019e+00  
  1.400397319040e-05  ,1.244975821309e+00  ,1.296380037087e+00  
  1.400405704436e-05  ,1.271110013700e+00  ,1.321563954867e+00  
  1.400420486853e-05  ,1.317159774685e+00  ,1.365949033170e+00  
  1.400437143557e-05  ,1.369014171004e+00  ,1.415942655143e+00  
  1.400468817838e-05  ,1.467515557191e+00  ,1.510946072873e+00  
  1.400530648344e-05  ,1.659369856978e+00  ,1.696103837122e+00  
  1.400654309355e-05  ,2.041128043481e+00  ,2.064843179480e+00  
  1.400901631378e-05  ,2.794832319674e+00  ,2.792923290859e+00  
  1.401348964237e-05  ,4.112177712397e+00  ,4.056909307633e+00  
  1.402148858570e-05  ,6.249627610007e+00  ,4.326580584712e+00  
  1.402579576634e-05  ,7.245614687359e+00  ,2.941928983669e+00  
  1.403022066616e-05  ,8.130723029298e+00  ,2.438542037079e+00  
  1.403842822575e-05  ,9.346446190295e+00  ,2.274018932501e+00  
  1.404620365166e-05  ,9.928962608862e+00  ,2.312667568576e+00  
  1.406175450348e-05  ,9.325879659421e+00  ,1.986172943100e+00  
  1.408675567173e-05  ,4.041806219724e+00  ,1.611199357905e+00  
  1.408988081776e-05  ,3.125757852252e+00  ,1.468633947130e+00  
  1.409613110982e-05  ,1.212457243746e+00  ,9.835253651430e-01  
  1.409714811408e-05  ,8.947482111029e-01  ,7.184241893140e-01  
  1.409856372439e-05  ,4.510661934092e-01  ,3.162072298230e-01  
  1.409939111136e-05  ,1.912763408612e-01  ,7.386150952163e-02  
  1.410019428395e-05  ,-6.103572495975e-02  ,-1.640554651642e-01  
  1.410078446307e-05  ,-2.464213951977e-01  ,-3.399837293305e-01  
  1.410112034456e-05  ,-3.518939571877e-01  ,-4.404050976140e-01  
  1.410121329055e-05  ,-3.810741758133e-01  ,-4.682231157522e-01  
  1.410131387339e-05  ,-4.126482992683e-01  ,-4.983414524289e-01  
  1.410149506219e-05  ,-4.695149656826e-01  ,-5.526281316615e-01  
  1.410167902168e-05  ,-5.272356468443e-01  ,-6.077822237383e-01  
  1.410204694067e-05  ,-6.426222533183e-01  ,-7.181826568555e-01  
  1.410254482572e-05  ,-7.986291772751e-01  ,-8.677187754896e-01  
  1.410306850840e-05  ,-9.625079676811e-01  ,-1.025083365687e+00  
  1.410357579981e-05  ,-1.121009379540e+00  ,-1.177512747704e+00  
  1.410383540597e-05  ,-1.202014809009e+00  ,-1.255489136529e+00  
  1.410400181003e-05  ,-1.253896488917e+00  ,-1.305454798921e+00  
  1.410414923840e-05  ,-1.299833316383e+00  ,-1.349709416104e+00  
  1.410431771465e-05  ,-1.352294205796e+00  ,-1.400264410372e+00  
  1.410465466716e-05  ,-1.457100866268e+00  ,-1.501307881034e+00  
  1.410532857217e-05  ,-1.666212632965e+00  ,-1.703060563335e+00  
  1.410667638220e-05  ,-2.082102339059e+00  ,-2.104701501011e+00  
  1.410911719241e-05  ,-2.825247282202e+00  ,-2.822448275554e+00  
  1.411380137243e-05  ,-4.201248552473e+00  ,-4.141399314361e+00  
  1.412046442666e-05  ,-5.995261473580e+00  ,-4.717210116159e+00  
  1.412420163788e-05  ,-6.891510949824e+00  ,-3.291182636475e+00  
  1.412799845376e-05  ,-7.704822779369e+00  ,-2.589449640273e+00  
  1.413467715420e-05  ,-8.863561759130e+00  ,-2.305941634790e+00  
  1.414167399444e-05  ,-9.659853831324e+00  ,-2.391577029637e+00  
  1.415521765985e-05  ,-9.865955611630e+00  ,-2.088106964017e+00  
  1.417290235796e-05  ,-7.521361215543e+00  ,-1.861900285096e+00  
  1.417602750399e-05  ,-6.839169754551e+00  ,-1.785114016260e+00  
  1.418227779605e-05  ,-5.284378473647e+00  ,-1.665038049358e+00  
  1.419477838018e-05  ,-1.633072914322e+00  ,-1.251366428274e+00  
  1.419692563750e-05  ,-9.643385311413e-01  ,-7.859189866665e-01  
  1.419746245184e-05  ,-7.963501488097e-01  ,-6.359999106668e-01  
  1.419800178074e-05  ,-6.273468625487e-01  ,-4.818883530913e-01  
  1.419814485517e-05  ,-5.824810554679e-01  ,-4.405845991625e-01  
  1.419831614867e-05  ,-5.287508070475e-01  ,-3.909497207847e-01  
  1.419857738466e-05  ,-4.467790205410e-01  ,-3.148916060920e-01  
  1.419905049652e-05  ,-2.982510791314e-01  ,-1.762086186133e-01  
  1.419961916209e-05  ,-1.196409041588e-01  ,-8.253585550589e-03  
  1.420020980687e-05  ,6.591229334762e-02  ,1.672778775495e-01  
  1.420083695949e-05  ,2.629082807315e-01  ,3.545354437234e-01  
  1.420101500508e-05  ,3.188192145664e-01  ,4.078229935097e-01  
  1.420108237463e-05  ,3.399724927420e-01  ,4.279978579582e-01  
  1.420119160712e-05  ,3.742669870865e-01  ,4.607225492713e-01  
  1.420135193430e-05  ,4.245950070032e-01  ,5.087813554341e-01  
  1.420160427616e-05  ,5.037848745469e-01  ,5.844788217501e-01  
  1.420205964633e-05  ,6.466055528047e-01  ,7.212192492888e-01  
  1.420261369013e-05  ,8.201925813781e-01  ,8.877431534824e-01  
  1.420323162266e-05  ,1.013501042887e+00  ,1.073534749344e+00  
  1.420366324410e-05  ,1.148303394325e+00  ,1.203273854747e+00  
  1.420391544626e-05  ,1.226974062988e+00  ,1.279048162623e+00  
  1.420399485315e-05  ,1.251728138091e+00  ,1.302898995177e+00  
  1.420413436527e-05  ,1.295200284489e+00  ,1.344793702725e+00  
  1.420429150267e-05  ,1.344134653317e+00  ,1.391964995289e+00  
  1.420460577747e-05  ,1.441903928989e+00  ,1.486248539810e+00  
  1.420502612992e-05  ,1.572452012445e+00  ,1.612209177391e+00  
  1.420586683481e-05  ,1.832702803106e+00  ,1.863490686921e+00  
  1.420754824458e-05  ,2.349188659355e+00  ,2.362507597282e+00  
  1.421091106413e-05  ,3.361077781782e+00  ,3.338579840710e+00  
  1.421686109780e-05  ,5.052805254837e+00  ,4.923024780565e+00  
  1.422104310869e-05  ,6.139765977082e+00  ,4.358650247777e+00  
  1.422532272218e-05  ,7.142394007955e+00  ,2.751951334495e+00  
  1.422980946182e-05  ,8.054840778944e+00  ,2.320651916682e+00  
  1.423392367242e-05  ,8.751489639428e+00  ,2.338220015790e+00  
  1.424215209364e-05  ,9.697603805370e+00  ,2.315165192245e+00  
  1.425355893253e-05  ,9.937560877427e+00  ,2.155638604747e+00  
  1.427637261032e-05  ,6.759671676026e+00  ,1.776409051561e+00  
  1.427949775635e-05  ,6.004765907083e+00  ,1.719637166449e+00  
  1.428574804841e-05  ,4.329278497804e+00  ,1.586460909492e+00  
  1.428731062143e-05  ,3.881732514639e+00  ,1.542709529266e+00  
  1.429043576746e-05  ,2.959684436791e+00  ,1.438077103203e+00  
  1.429571822910e-05  ,1.341105007996e+00  ,1.067400217118e+00  
  1.429647539436e-05  ,1.105026191231e+00  ,8.930966484606e-01  
  1.429798972486e-05  ,6.311268227106e-01  ,4.801760472657e-01  
  1.429866428180e-05  ,4.195051061605e-01  ,2.859159460093e-01  
  1.429892756669e-05  ,3.368511235512e-01  ,2.091863994960e-01  
  1.429923853530e-05  ,2.391983744109e-01  ,1.180577826052e-01  
  1.429967234536e-05  ,1.029339241275e-01  ,-9.795351712986e-03  
  1.430011062576e-05  ,-3.475403773512e-02  ,-1.396557571728e-01  
  1.430069484441e-05  ,-2.182744738495e-01  ,-3.135828451126e-01  
  1.430093237823e-05  ,-2.928733763777e-01  ,-3.845087443423e-01  
  1.430099977106e-05  ,-3.140357039510e-01  ,-4.046494818208e-01  
  1.430112256595e-05  ,-3.525913945528e-01  ,-4.413676020279e-01  
  1.430125811995e-05  ,-3.951471344807e-01  ,-4.819274968264e-01  
  1.430152922795e-05  ,-4.802363444200e-01  ,-5.631213645972e-01  
  1.430200001151e-05  ,-6.279088039143e-01  ,-7.043036051536e-01  
  1.430258050487e-05  ,-8.098018071166e-01  ,-8.786034387339e-01  
  1.430318400190e-05  ,-9.986164460696e-01  ,-1.059918496691e+00  
  1.430368021057e-05  ,-1.153598143781e+00  ,-1.208981642399e+00  
  1.430395243615e-05  ,-1.238506146284e+00  ,-1.290723740059e+00  
  1.430403277437e-05  ,-1.263546850987e+00  ,-1.314840178155e+00  
  1.430417880575e-05  ,-1.309042806157e+00  ,-1.358667095449e+00  
  1.430433729357e-05  ,-1.358388346966e+00  ,-1.406216256730e+00  
  1.430465426921e-05  ,-1.456977179483e+00  ,-1.501255876002e+00  
  1.430519071101e-05  ,-1.623492213345e+00  ,-1.661879955077e+00  
  1.430626359461e-05  ,-1.955091852523e+00  ,-1.982026715257e+00  
  1.430840936183e-05  ,-2.611254238293e+00  ,-2.615851068522e+00  
  1.431255635499e-05  ,-3.843185088383e+00  ,-3.800807481876e+00  
  1.431967016934e-05  ,-5.793708652883e+00  ,-4.907485598341e+00  
  1.432377394913e-05  ,-6.793530460142e+00  ,-3.350335078178e+00  
  1.432749067126e-05  ,-7.602155986333e+00  ,-2.622547568242e+00  
  1.433413584410e-05  ,-8.783546585750e+00  ,-2.309992819603e+00  
  1.434106115876e-05  ,-9.608279549596e+00  ,-2.402689128811e+00  
  1.435415629922e-05  ,-9.914873215488e+00  ,-2.104916772795e+00  
  1.437112574159e-05  ,-7.877276939038e+00  ,-1.858407634921e+00  
  1.437425088762e-05  ,-7.235505309860e+00  ,-1.811810154144e+00  
  1.438050117968e-05  ,-5.749749303600e+00  ,-1.702018175026e+00  
  1.439300176381e-05  ,-2.180891639027e+00  ,-1.352486983373e+00  
  1.439559940873e-05  ,-1.378086886884e+00  ,-1.092753645881e+00  
  1.439867091058e-05  ,-4.174244371764e-01  ,-2.861361143330e-01  
  1.440021392583e-05  ,6.720627423998e-02  ,1.691620528406e-01  
  1.440094985692e-05  ,2.983620687229e-01  ,3.888280043273e-01  
  1.440144606559e-05  ,4.541386548385e-01  ,5.374404247638e-01  
  1.440155099072e-05  ,4.870653200408e-01  ,5.688982920988e-01  
  1.440165577615e-05  ,5.199428647556e-01  ,6.003296149155e-01  
  1.440186534701e-05  ,5.856806944036e-01  ,6.632215238804e-01  
  1.440217799200e-05  ,6.837025836463e-01  ,7.571054476710e-01  
  1.440261957860e-05  ,8.220362529124e-01  ,8.897925988989e-01  
  1.440310656718e-05  ,9.744082813407e-01  ,1.036170080702e+00  
  1.440361916712e-05  ,1.134546702793e+00  ,1.190222497012e+00  
  1.440384897097e-05  ,1.206245369445e+00  ,1.259257410233e+00  
  1.440393961194e-05  ,1.234508217345e+00  ,1.286479888292e+00  
  1.440408697045e-05  ,1.280434749864e+00  ,1.330726577098e+00  
  1.440423363047e-05  ,1.326116341608e+00  ,1.374749631658e+00  
  1.440452695052e-05  ,1.417394100937e+00  ,1.462747541174e+00  
  1.440511359061e-05  ,1.599580808519e+00  ,1.638505339842e+00  
  1.440628687079e-05  ,1.962262638320e+00  ,1.988715682499e+00  
  1.440856190557e-05  ,2.657484411909e+00  ,2.660331857158e+00  
  1.441253008480e-05  ,3.835564584826e+00  ,3.793421669905e+00  
  1.441987337703e-05  ,5.845623585094e+00  ,4.850281326713e+00  
  1.442405985827e-05  ,6.859167224850e+00  ,3.286647587460e+00  
  1.442782910700e-05  ,7.670799770226e+00  ,2.595917517045e+00  
  1.443460317487e-05  ,8.852777018542e+00  ,2.307358813679e+00  
  1.444164695377e-05  ,9.657653547220e+00  ,2.392393453481e+00  
  1.445529343719e-05  ,9.862042861929e+00  ,2.086539533720e+00  
  1.447305860157e-05  ,7.488923090683e+00  ,1.859625091028e+00  
  1.447618374760e-05  ,6.803276786979e+00  ,1.782396097828e+00  
  1.448243403966e-05  ,5.242642869721e+00  ,1.661750196123e+00  
  1.449493462379e-05  ,1.584627016130e+00  ,1.235602701730e+00  
  1.449699470932e-05  ,9.427378590860e-01  ,7.676790301398e-01  
  1.449750973071e-05  ,7.815433528972e-01  ,6.231841196649e-01  
  1.449801897789e-05  ,6.219547689282e-01  ,4.773699693078e-01  
  1.449815832703e-05  ,5.782558795278e-01  ,4.370961718256e-01  
  1.449832757162e-05  ,5.251671672598e-01  ,3.880072890129e-01  
  1.449860613021e-05  ,4.377571761494e-01  ,3.068257371450e-01  
  1.449909209433e-05  ,2.851883068719e-01  ,1.642315474802e-01  
  1.449967044565e-05  ,1.035307043869e-01  ,-6.735953210647e-03  
  1.450023650351e-05  ,-7.429908411887e-02  ,-1.750603329820e-01  
  1.450074668201e-05  ,-2.345555598671e-01  ,-3.273916190742e-01  
  1.450102086338e-05  ,-3.206587122730e-01  ,-4.094441272840e-01  
  1.450109527605e-05  ,-3.440232240285e-01  ,-4.317321333734e-01  
  1.450119917673e-05  ,-3.766433714664e-01  ,-4.628652041003e-01  
  1.450134797879e-05  ,-4.233534632401e-01  ,-5.074754115274e-01  
  1.450156621095e-05  ,-4.918411660811e-01  ,-5.729437924109e-01  
  1.450191173163e-05  ,-6.002272093500e-01  ,-6.766851109665e-01  
  1.450251019952e-05  ,-7.877853114365e-01  ,-8.565448392371e-01  
  1.450308165905e-05  ,-9.666201015012e-01  ,-1.028373366211e+00  
  1.450363197756e-05  ,-1.138545142093e+00  ,-1.193812557922e+00  
  1.450390131604e-05  ,-1.222568346655e+00  ,-1.274741460925e+00  
  1.450399071137e-05  ,-1.250437183464e+00  ,-1.301594068095e+00  
  1.450414982783e-05  ,-1.300016921329e+00  ,-1.349377349081e+00  
  1.450430568467e-05  ,-1.348549493241e+00  ,-1.396164561472e+00  
  1.450461739833e-05  ,-1.445516481668e+00  ,-1.489680174339e+00  
  1.450519770543e-05  ,-1.625660384008e+00  ,-1.663520343153e+00  
  1.450635831962e-05  ,-1.984267602576e+00  ,-2.009869538679e+00  
  1.450867954800e-05  ,-2.693095704111e+00  ,-2.694681854139e+00  
  1.451286602924e-05  ,-3.932817245960e+00  ,-3.886272922336e+00  
  1.452035684297e-05  ,-5.968176549361e+00  ,-4.699635061386e+00  
  1.452415961931e-05  ,-6.881939615106e+00  ,-3.273229457507e+00  
  1.452801007936e-05  ,-7.707150460683e+00  ,-2.581428265387e+00  
  1.453475136469e-05  ,-8.874332095619e+00  ,-2.306704283136e+00  
  1.454182420085e-05  ,-9.671949084208e+00  ,-2.389102695263e+00  
  1.455558095286e-05  ,-9.846688891619e+00  ,-2.082076194054e+00  
  1.457363818000e-05  ,-7.367025523437e+00  ,-1.850167508128e+00  
  1.457676332603e-05  ,-6.668708589003e+00  ,-1.772176892982e+00  
  1.458301361809e-05  ,-5.086731222602e+00  ,-1.649377902411e+00  
  1.459551420222e-05  ,-1.404594933347e+00  ,-1.150701337658e+00  
  1.459721572856e-05  ,-8.735896903451e-01  ,-7.064288158798e-01  
  1.459764111015e-05  ,-7.403889904106e-01  ,-5.857930601994e-01  
  1.459796763184e-05  ,-6.380535602087e-01  ,-4.922515633459e-01  
  1.459808103201e-05  ,-6.024964661288e-01  ,-4.595473671474e-01  
  1.459827439786e-05  ,-5.418484068391e-01  ,-4.035465904886e-01  
  1.459866112955e-05  ,-4.204945400913e-01  ,-2.908226414545e-01  
  1.459925549962e-05  ,-2.338703672349e-01  ,-1.161087081196e-01  
  1.459983068444e-05  ,-5.319179986650e-02  ,5.425359279452e-02  
  1.460040093326e-05  ,1.259535667722e-01  ,2.240666350638e-01  
  1.460080787466e-05  ,2.537740613806e-01  ,3.456666513505e-01  
  1.460112824962e-05  ,3.543758579432e-01  ,4.415864719582e-01  
  1.460121206865e-05  ,3.806905846507e-01  ,4.667049925882e-01  
  1.460130083534e-05  ,4.085557292464e-01  ,4.933161341079e-01  
  1.460145443371e-05  ,4.567648490486e-01  ,5.393838507897e-01  
  1.460161641399e-05  ,5.075932088051e-01  ,5.879912608910e-01  
  1.460194037455e-05  ,6.092091794074e-01  ,6.852723924773e-01  
  1.460251583877e-05  ,7.895514161618e-01  ,8.582280762241e-01  
  1.460306671607e-05  ,9.619475032866e-01  ,1.023871596697e+00  
  1.460360213342e-05  ,1.129229797169e+00  ,1.184837471652e+00  
  1.460387263606e-05  ,1.213625357588e+00  ,1.266121456751e+00  
  1.460396815483e-05  ,1.243406143251e+00  ,1.294815266955e+00  
  1.460413393025e-05  ,1.295064769720e+00  ,1.344600991138e+00  
  1.460428429228e-05  ,1.341889963271e+00  ,1.389741332011e+00  
  1.460458501634e-05  ,1.435449477830e+00  ,1.479968004627e+00  
  1.460518646446e-05  ,1.622175804319e+00  ,1.660157035117e+00  
  1.460638936069e-05  ,1.993824590371e+00  ,2.019106808562e+00  
  1.460879515317e-05  ,2.728054466248e+00  ,2.728469845352e+00  
  1.461294885185e-05  ,3.956726694141e+00  ,3.909278621135e+00  
  1.462062294987e-05  ,6.035045877975e+00  ,4.622429351773e+00  
  1.462494428661e-05  ,7.058680584185e+00  ,3.100027899098e+00  
  1.462886701730e-05  ,7.875875365706e+00  ,2.521656830275e+00  
  1.463671247867e-05  ,9.141298974065e+00  ,2.281837533282e+00  
  1.464384044912e-05  ,9.813356775878e+00  ,2.353946713180e+00  
  1.465809639004e-05  ,9.678256430645e+00  ,2.043168099483e+00  
  1.467872853783e-05  ,6.196233116930e+00  ,1.764496451342e+00  
  1.468185368386e-05  ,5.397022065411e+00  ,1.676054498240e+00  
  1.468810397592e-05  ,3.650854793736e+00  ,1.521434182345e+00  
  1.468966654894e-05  ,3.189628147379e+00  ,1.468705904549e+00  
  1.469279169497e-05  ,2.245250174155e+00  ,1.327452987151e+00  
  1.469357298147e-05  ,2.005416211962e+00  ,1.274746036505e+00  
  1.469513555449e-05  ,1.522269193969e+00  ,1.131742063713e+00  
  1.469552619774e-05  ,1.400863686835e+00  ,1.076784031430e+00  
  1.469630748425e-05  ,1.157438035368e+00  ,9.226445294478e-01  
  1.469712723438e-05  ,9.012812574631e-01  ,7.158120749669e-01  
  1.469765743632e-05  ,7.352739505501e-01  ,5.706627424928e-01  
  1.469802442398e-05  ,6.202471310301e-01  ,4.674171904641e-01  
  1.469814195689e-05  ,5.833900273309e-01  ,4.339933140124e-01  
  1.469832288959e-05  ,5.266360374049e-01  ,3.822617163192e-01  
  1.469863930643e-05  ,4.273443131866e-01  ,2.910836492475e-01  
  1.469920555056e-05  ,2.495577424055e-01  ,1.261432179085e-01  
  1.469976574109e-05  ,7.359394410491e-02  ,-3.869002149202e-02  
  1.470032881871e-05  ,-1.032996084685e-01  ,-2.055522443196e-01  
  1.470074302443e-05  ,-2.334068108136e-01  ,-3.288570026228e-01  
  1.470099052340e-05  ,-3.111318853668e-01  ,-4.027079864557e-01  
  1.470105663566e-05  ,-3.318909234609e-01  ,-4.224550992489e-01  
  1.470115838266e-05  ,-3.638363238549e-01  ,-4.528611466579e-01  
  1.470130257467e-05  ,-4.091017015618e-01  ,-4.959794578293e-01  
  1.470151151689e-05  ,-4.746785983346e-01  ,-5.585127461356e-01  
  1.470187808546e-05  ,-5.896756779834e-01  ,-6.683468353752e-01  
  1.470249061632e-05  ,-7.816520395641e-01  ,-8.521316399267e-01  
  1.470307772207e-05  ,-9.653890471776e-01  ,-1.028439140470e+00  
  1.470363726067e-05  ,-1.140194072914e+00  ,-1.196474867603e+00  
  1.470391209396e-05  ,-1.225928858959e+00  ,-1.278979244265e+00  
  1.470400171048e-05  ,-1.253865458571e+00  ,-1.305874967747e+00  
  1.470416019830e-05  ,-1.303247181417e+00  ,-1.353429785874e+00  
  1.470431845328e-05  ,-1.352524121972e+00  ,-1.400898953336e+00  
  1.470463496326e-05  ,-1.450976490730e+00  ,-1.495781309800e+00  
  1.470522197588e-05  ,-1.633183270789e+00  ,-1.671507351142e+00  
  1.470639600112e-05  ,-1.995868811157e+00  ,-2.021636077359e+00  
  1.470874405159e-05  ,-2.712605865591e+00  ,-2.713885638751e+00  
  1.471297300114e-05  ,-3.963693136931e+00  ,-3.915854394599e+00  
  1.472058302416e-05  ,-6.025039828473e+00  ,-4.626930289542e+00  
  1.472447669758e-05  ,-6.953868935351e+00  ,-3.203364110058e+00  
  1.472843891634e-05  ,-7.792291306135e+00  ,-2.548313192595e+00  
  1.473532697810e-05  ,-8.956229685678e+00  ,-2.303001035197e+00  
  1.474256819739e-05  ,-9.728678412867e+00  ,-2.376294447669e+00  
  1.475701040282e-05  ,-9.758454175385e+00  ,-2.059037980164e+00  
  1.477618819727e-05  ,-6.802252183913e+00  ,-1.808395950383e+00  
  1.477931334330e-05  ,-6.050992206277e+00  ,-1.725741359917e+00  
  1.478556363537e-05  ,-4.381429875223e+00  ,-1.590508765104e+00  
  1.478712620838e-05  ,-3.935059242363e+00  ,-1.548495186111e+00  
  1.479025135441e-05  ,-3.014973900601e+00  ,-1.446259317910e+00  
  1.479650164648e-05  ,-1.096828977520e+00  ,-8.907251659099e-01  
  1.479708456128e-05  ,-9.146320349284e-01  ,-7.360519827924e-01  
  1.479802799104e-05  ,-6.191286602649e-01  ,-4.712366599990e-01  
  1.479877081393e-05  ,-3.860642267492e-01  ,-2.562521054336e-01  
  1.479902767270e-05  ,-3.054181294251e-01  ,-1.810887652967e-01  
  1.479934408954e-05  ,-2.060457661470e-01  ,-8.805915665868e-02  
  1.479977640948e-05  ,-7.024245621924e-02  ,3.969234241813e-02  
  1.480018702960e-05  ,5.875674428280e-02  ,1.615875250614e-01  
  1.480061175926e-05  ,1.921780090924e-01  ,2.881311025942e-01  
  1.480084412424e-05  ,2.651583710176e-01  ,3.575195359629e-01  
  1.480091590593e-05  ,2.877006308420e-01  ,3.789749823838e-01  
  1.480102040032e-05  ,3.205133144698e-01  ,4.102238700220e-01  
  1.480113870157e-05  ,3.576573544804e-01  ,4.456219891349e-01  
  1.480137530407e-05  ,4.319301008922e-01  ,5.164767316056e-01  
  1.480184850908e-05  ,5.803998983329e-01  ,6.583779364555e-01  
  1.480246318197e-05  ,7.730593674684e-01  ,8.429609998018e-01  
  1.480310002035e-05  ,9.723613023509e-01  ,1.034338833818e+00  
  1.480367883733e-05  ,1.153169608383e+00  ,1.208260570392e+00  
  1.480395413628e-05  ,1.239036143712e+00  ,1.290940934712e+00  
  1.480403964334e-05  ,1.265687476307e+00  ,1.316613577597e+00  
  1.480419245009e-05  ,1.313292296774e+00  ,1.362481298765e+00  
  1.480435664226e-05  ,1.364410323954e+00  ,1.411748556861e+00  
  1.480468502660e-05  ,1.466536108620e+00  ,1.510217981139e+00  
  1.480532167871e-05  ,1.664077222117e+00  ,1.700817758887e+00  
  1.480659498294e-05  ,2.057083664585e+00  ,2.080355601528e+00  
  1.480914159138e-05  ,2.832599336916e+00  ,2.829379823988e+00  
  1.481366558392e-05  ,4.162498639539e+00  ,4.104494300399e+00  
  1.482045231779e-05  ,5.992216397822e+00  ,4.719158572478e+00  
  1.482421262581e-05  ,6.894011890399e+00  ,3.289798559618e+00  
  1.482802285273e-05  ,7.709706761779e+00  ,2.588468005727e+00  
  1.483472837527e-05  ,8.871000743066e+00  ,2.305367656629e+00  
  1.484175203760e-05  ,9.666165058942e+00  ,2.390453819956e+00  
  1.485534785707e-05  ,9.859198417468e+00  ,2.085884094238e+00  
  1.487311600168e-05  ,7.476960749140e+00  ,1.858542006199e+00  
  1.487624114771e-05  ,6.790049364939e+00  ,1.781378442293e+00  
  1.488249143977e-05  ,5.227278441809e+00  ,1.660541219129e+00  
  1.489499202390e-05  ,1.566819517375e+00  ,1.229207394708e+00  
  1.489701634665e-05  ,9.359703501752e-01  ,7.619937512118e-01  
  1.489752242733e-05  ,7.775667281976e-01  ,6.198411970123e-01  
  1.489802012612e-05  ,6.215947405574e-01  ,4.772411047434e-01  
  1.489815784544e-05  ,5.784069212901e-01  ,4.374246213282e-01  
  1.489832888283e-05  ,5.247558067870e-01  ,3.877998693383e-01  
  1.489861358815e-05  ,4.354164298392e-01  ,3.047978226531e-01  
  1.489911314957e-05  ,2.785762343299e-01  ,1.581511641496e-01  
  1.489970649519e-05  ,9.220595004342e-02  ,-1.733350916932e-02  
  1.490026463681e-05  ,-8.313714659881e-02  ,-1.833684061795e-01  
  1.490071693361e-05  ,-2.252122948686e-01  ,-3.184284436186e-01  
  1.490097071902e-05  ,-3.049131056169e-01  ,-3.943649083648e-01  
  1.490103794886e-05  ,-3.260234690592e-01  ,-4.144978051459e-01  
  1.490114460858e-05  ,-3.595119018544e-01  ,-4.464516985287e-01  
  1.490128123360e-05  ,-4.024027278895e-01  ,-4.874037972149e-01  
  1.490151667195e-05  ,-4.762962753679e-01  ,-5.580236323416e-01  
  1.490189055140e-05  ,-5.935851081383e-01  ,-6.702743318961e-01  
  1.490249218578e-05  ,-7.821435919622e-01  ,-8.510877649072e-01  
  1.490307733575e-05  ,-9.652682502879e-01  ,-1.027037950082e+00  
  1.490363249714e-05  ,-1.138707312909e+00  ,-1.193937697166e+00  
  1.490390677164e-05  ,-1.224269397234e+00  ,-1.276351262994e+00  
  1.490399702844e-05  ,-1.252406147841e+00  ,-1.303462937690e+00  
  1.490415640101e-05  ,-1.302064395216e+00  ,-1.351323504919e+00  
  1.490431325902e-05  ,-1.350907271942e+00  ,-1.398411423665e+00  
  1.490462697503e-05  ,-1.448493425624e+00  ,-1.492527253710e+00  
  1.490521827173e-05  ,-1.632035191328e+00  ,-1.669652710672e+00  
  1.490640086514e-05  ,-1.997366119608e+00  ,-2.022508099165e+00  
  1.490876605195e-05  ,-2.719257687661e+00  ,-2.719930807432e+00  
  1.491301064771e-05  ,-3.974548644417e+00  ,-3.926029651697e+00  
  1.492062812131e-05  ,-6.036341235095e+00  ,-4.612161585433e+00  
  1.492497553509e-05  ,-7.065630987946e+00  ,-3.087986208067e+00  
  1.492889454049e-05  ,-7.881200519956e+00  ,-2.518609728513e+00  
  1.493673255127e-05  ,-9.143853742288e+00  ,-2.283101960480e+00  
  1.494387840313e-05  ,-9.815642738920e+00  ,-2.352904136595e+00  
  1.495817010683e-05  ,-9.672403220329e+00  ,-2.042231962592e+00  
  1.497899000925e-05  ,-6.131550284495e+00  ,-1.759845008412e+00  
  1.498211515528e-05  ,-5.327687618764e+00  ,-1.670684545469e+00  
  1.498836544734e-05  ,-3.574258861584e+00  ,-1.513478779348e+00  
  1.498992802036e-05  ,-3.111668334100e+00  ,-1.459231008513e+00  
  1.499305316639e-05  ,-2.165128920802e+00  ,-1.311944021826e+00  
  1.499383445290e-05  ,-1.924874523011e+00  ,-1.256018702936e+00  
  1.499539702591e-05  ,-1.441032417379e+00  ,-1.097115930818e+00  
  1.499700355735e-05  ,-9.399705119429e-01  ,-7.498452540778e-01  
  1.499846405741e-05  ,-4.823433656465e-01  ,-3.421042171677e-01  
  1.499913516846e-05  ,-2.716614154841e-01  ,-1.470221730459e-01  
  1.499978849125e-05  ,-6.644694541471e-02  ,4.520860047028e-02  
  1.500044525993e-05  ,1.398779697285e-01  ,2.400127532619e-01  
  1.500083660167e-05  ,2.627959089435e-01  ,3.566260212242e-01  
  1.500119832736e-05  ,3.763767244073e-01  ,4.646761743350e-01  
  1.500129093575e-05  ,4.054482594295e-01  ,4.923734589127e-01  
  1.500137990034e-05  ,4.333727074681e-01  ,5.189937465045e-01  
  1.500150765451e-05  ,4.734665598617e-01  ,5.572394114726e-01  
  1.500165277785e-05  ,5.190021928453e-01  ,6.007091130545e-01  
  1.500194302453e-05  ,6.100401483949e-01  ,6.877149264184e-01  
  1.500252351789e-05  ,7.919563307908e-01  ,8.619206536719e-01  
  1.500312412782e-05  ,9.798987195301e-01  ,1.042300947442e+00  
  1.500366783394e-05  ,1.149735783952e+00  ,1.205587431442e+00  
  1.500392590343e-05  ,1.230234390651e+00  ,1.283060675333e+00  
  1.500401135227e-05  ,1.256870555217e+00  ,1.308706232968e+00  
  1.500415847796e-05  ,1.302711328449e+00  ,1.352853339809e+00  
  1.500432243730e-05  ,1.353764224705e+00  ,1.402035411538e+00  
  1.500465035597e-05  ,1.455760909137e+00  ,1.500338992961e+00  
  1.500522498200e-05  ,1.634114984825e+00  ,1.672356818399e+00  
  1.500637423406e-05  ,1.989167608373e+00  ,2.015119182369e+00  
  1.500867273817e-05  ,2.691035313035e+00  ,2.693001803209e+00  
  1.501292627464e-05  ,3.950211693530e+00  ,3.902970280257e+00  
  1.502042006860e-05  ,5.984102310939e+00  ,4.676653402710e+00  
  1.502423178563e-05  ,6.898370853067e+00  ,3.255538888450e+00  
  1.502811130295e-05  ,7.727373989021e+00  ,2.572735569030e+00  
  1.503488462577e-05  ,8.893551462962e+00  ,2.305933064385e+00  
  1.504199769507e-05  ,9.685651505623e+00  ,2.386121011654e+00  
  1.505591537962e-05  ,9.827819187643e+00  ,2.076673362150e+00  
  1.507424380789e-05  ,7.237040406428e+00  ,1.840354605904e+00  
  1.507736895392e-05  ,6.525730768240e+00  ,1.761385587289e+00  
  1.508361924599e-05  ,4.922011119045e+00  ,1.636096394910e+00  
  1.509482193897e-05  ,1.619570700034e+00  ,1.238773192741e+00  
  1.509682241986e-05  ,9.966090550194e-01  ,8.124500034401e-01  
  1.509919133196e-05  ,2.540232294906e-01  ,1.350713998169e-01  
  1.510028526346e-05  ,-8.961695889158e-02  ,-1.895224619307e-01  
  1.510086445297e-05  ,-2.715425276401e-01  ,-3.625598735015e-01  
  1.510129281479e-05  ,-4.060380900211e-01  ,-4.908793995668e-01  
  1.510138343247e-05  ,-4.344813148994e-01  ,-5.180515868586e-01  
  1.510148003391e-05  ,-4.647988447716e-01  ,-5.470297287637e-01  
  1.510164101301e-05  ,-5.153111054463e-01  ,-5.953397225388e-01  
  1.510181030417e-05  ,-5.684172925275e-01  ,-6.461681658139e-01  
  1.510214888650e-05  ,-6.745799307154e-01  ,-7.478848786444e-01  
  1.510260011228e-05  ,-8.159412730067e-01  ,-8.835256796889e-01  
  1.510311671692e-05  ,-9.775816928197e-01  ,-1.038864509308e+00  
  1.510361590582e-05  ,-1.133528743000e+00  ,-1.188934340389e+00  
  1.510385800312e-05  ,-1.209062136166e+00  ,-1.261682425727e+00  
  1.510394819007e-05  ,-1.237182458272e+00  ,-1.288775266832e+00  
  1.510409815629e-05  ,-1.283919878366e+00  ,-1.333815501215e+00  
  1.510424982217e-05  ,-1.331158014815e+00  ,-1.379350771422e+00  
  1.510455315393e-05  ,-1.425542553915e+00  ,-1.470367620963e+00  
  1.510515301880e-05  ,-1.611806816508e+00  ,-1.650102074164e+00  
  1.510635274854e-05  ,-1.982552167849e+00  ,-2.008168158218e+00  
  1.510869297591e-05  ,-2.697158106071e+00  ,-2.698560033458e+00  
  1.511278706994e-05  ,-3.909998274847e+00  ,-3.864612149375e+00  
  1.512029129472e-05  ,-5.951640887748e+00  ,-4.724526842611e+00  
  1.512452098933e-05  ,-6.963861771330e+00  ,-3.185398509678e+00  
  1.512834611741e-05  ,-7.773986486081e+00  ,-2.557266413450e+00  
  1.513599637356e-05  ,-9.047785384514e+00  ,-2.284060283627e+00  
  1.514294031468e-05  ,-9.755060127959e+00  ,-2.370353239238e+00  
  1.515682819691e-05  ,-9.770799374612e+00  ,-2.062523044119e+00  
  1.517588380185e-05  ,-6.872036189578e+00  ,-1.813066063573e+00  
  1.517900894788e-05  ,-6.126849122404e+00  ,-1.731400237147e+00  
  1.518525923994e-05  ,-4.467189322833e+00  ,-1.594891610108e+00  
  1.518682181296e-05  ,-4.022791499856e+00  ,-1.555460902770e+00  
  1.518994695899e-05  ,-3.106013410685e+00  ,-1.457306521267e+00  
  1.519619725105e-05  ,-1.191829058034e+00  ,-9.642464409588e-01  
  1.519696829301e-05  ,-9.509995020833e-01  ,-7.659871832634e-01  
  1.519834013116e-05  ,-5.212268764944e-01  ,-3.804472393561e-01  
  1.519904383850e-05  ,-3.003418223420e-01  ,-1.756312295795e-01  
  1.519937310760e-05  ,-1.969313261021e-01  ,-7.887657887815e-02  
  1.519977017698e-05  ,-7.220040536850e-02  ,3.839177661563e-02  
  1.520023742151e-05  ,7.458747579787e-02  ,1.770460866589e-01  
  1.520060454887e-05  ,1.899132109097e-01  ,2.863940773206e-01  
  1.520082240850e-05  ,2.583385071468e-01  ,3.514184680999e-01  
  1.520089062788e-05  ,2.797624944683e-01  ,3.717984983379e-01  
  1.520099795117e-05  ,3.134642477821e-01  ,4.038771101768e-01  
  1.520111243399e-05  ,3.494103095367e-01  ,4.381161831609e-01  
  1.520134139965e-05  ,4.212884088366e-01  ,5.066519014085e-01  
  1.520179933096e-05  ,5.649754952743e-01  ,6.439145402385e-01  
  1.520243728692e-05  ,7.649482873143e-01  ,8.354309609264e-01  
  1.520308334539e-05  ,9.671474004721e-01  ,1.029541886759e+00  
  1.520367110307e-05  ,1.150755994219e+00  ,1.206125398368e+00  
  1.520395664657e-05  ,1.239818692762e+00  ,1.291871934450e+00  
  1.520404285212e-05  ,1.266687430426e+00  ,1.317751075143e+00  
  1.520419943072e-05  ,1.315466302150e+00  ,1.364745142839e+00  
  1.520436227248e-05  ,1.366162546263e+00  ,1.413601184652e+00  
  1.520468795598e-05  ,1.467446444631e+00  ,1.511249799880e+00  
  1.520533932299e-05  ,1.669542792367e+00  ,1.706230432838e+00  
  1.520664205701e-05  ,2.071553883611e+00  ,2.094446749715e+00  
  1.520924752504e-05  ,2.864500587234e+00  ,2.860243530494e+00  
  1.521382218153e-05  ,4.207180098502e+00  ,4.146860278737e+00  
  1.522016858608e-05  ,5.920617753410e+00  ,4.791093291781e+00  
  1.522376274616e-05  ,6.790947376677e+00  ,3.380065655394e+00  
  1.522735653371e-05  ,7.574711075837e+00  ,2.643603957422e+00  
  1.523454410881e-05  ,8.844132007210e+00  ,2.287993903102e+00  
  1.524102611393e-05  ,9.605222449527e+00  ,2.403436101938e+00  
  1.525399012417e-05  ,9.921535392391e+00  ,2.107645301715e+00  
  1.527005059571e-05  ,8.080816816391e+00  ,1.875600225090e+00  
  1.529505176396e-05  ,1.548280675916e+00  ,1.286975898490e+00  
  1.529749778957e-05  ,7.852832425915e-01  ,6.376450872604e-01  
  1.529789816514e-05  ,6.598311619854e-01  ,5.212503461885e-01  
  1.529861425907e-05  ,4.352058524019e-01  ,3.109265872912e-01  
  1.529938697741e-05  ,1.925748217990e-01  ,8.184682941612e-02  
  1.530017496944e-05  ,-5.496799402683e-02  ,-1.533246462127e-01  
  1.530089069084e-05  ,-2.797822653766e-01  ,-3.678567564560e-01  
  1.530110990089e-05  ,-3.486149961862e-01  ,-4.336919098910e-01  
  1.530117594330e-05  ,-3.693494551167e-01  ,-4.535354160666e-01  
  1.530129205594e-05  ,-4.057998893747e-01  ,-4.884332888384e-01  
  1.530144863455e-05  ,-4.549448833218e-01  ,-5.355107045829e-01  
  1.530165119721e-05  ,-5.185062885358e-01  ,-5.964397236410e-01  
  1.530205632253e-05  ,-6.455635327952e-01  ,-7.183655073503e-01  
  1.530257153018e-05  ,-8.069915529396e-01  ,-8.734976142023e-01  
  1.530311290799e-05  ,-9.763908088674e-01  ,-1.036519497835e+00  
  1.530363929151e-05  ,-1.140827917673e+00  ,-1.194953036731e+00  
  1.530389261125e-05  ,-1.219854123985e+00  ,-1.271150186482e+00  
  1.530398063288e-05  ,-1.247295719896e+00  ,-1.297617265688e+00  
  1.530413073879e-05  ,-1.294070581214e+00  ,-1.342739722162e+00  
  1.530428689831e-05  ,-1.342701261659e+00  ,-1.389663253083e+00  
  1.530459921733e-05  ,-1.439864505439e+00  ,-1.483446031489e+00  
  1.530510175899e-05  ,-1.595911547543e+00  ,-1.634136860078e+00  
  1.530610684231e-05  ,-1.906773494163e+00  ,-1.934521169883e+00  
  1.530811700896e-05  ,-2.522486572482e+00  ,-2.529683016340e+00  
  1.531201738790e-05  ,-3.686323947090e+00  ,-3.650812408093e+00  
  1.531868416742e-05  ,-5.538494076746e+00  ,-5.184623819386e+00  
  1.532264415101e-05  ,-6.528849798983e+00  ,-3.709121977983e+00  
  1.532629419044e-05  ,-7.352641694927e+00  ,-2.758794894324e+00  
  1.533251393512e-05  ,-8.528688245950e+00  ,-2.314339760285e+00  
  1.533913228587e-05  ,-9.422803949761e+00  ,-2.438721778489e+00  
  1.535015616492e-05  ,-9.999879652840e+00  ,-2.169859067333e+00  
  1.536438826398e-05  ,-8.995663541665e+00  ,-1.995791288881e+00  
  1.538938943223e-05  ,-3.272017691465e+00  ,-1.510013048490e+00  
  1.539251457826e-05  ,-2.330000041724e+00  ,-1.347285786112e+00  
  1.539329586477e-05  ,-2.090629335835e+00  ,-1.296457716572e+00  
  1.539485843778e-05  ,-1.608254580309e+00  ,-1.165386399978e+00  
  1.539524908104e-05  ,-1.487009830895e+00  ,-1.118110763094e+00  
  1.539603036754e-05  ,-1.243866749100e+00  ,-9.842451583205e-01  
  1.539687079304e-05  ,-9.814866875401e-01  ,-7.836307778992e-01  
  1.539776635282e-05  ,-7.011452045794e-01  ,-5.401131492980e-01  
  1.539822298028e-05  ,-5.579772698073e-01  ,-4.107490174828e-01  
  1.539835248069e-05  ,-5.173523938442e-01  ,-3.736463087120e-01  
  1.539849185311e-05  ,-4.736210717641e-01  ,-3.335482807108e-01  
  1.539874894471e-05  ,-3.929294323621e-01  ,-2.591735130235e-01  
  1.539926312790e-05  ,-2.314745221357e-01  ,-1.091276268053e-01  
  1.539977777675e-05  ,-6.981292474294e-02  ,4.238860989259e-02  
  1.540029428825e-05  ,9.245206441188e-02  ,1.954371179426e-01  
  1.540069401190e-05  ,2.180129955886e-01  ,3.143918541588e-01  
  1.540092586466e-05  ,2.908279474996e-01  ,3.835490581919e-01  
  1.540098601645e-05  ,3.097166678454e-01  ,4.015086528882e-01  
  1.540109543522e-05  ,3.440731969640e-01  ,4.341950182482e-01  
  1.540122034886e-05  ,3.832899884970e-01  ,4.715343514132e-01  
  1.540147017614e-05  ,4.617052597934e-01  ,5.462825450051e-01  
  1.540186221637e-05  ,5.846988600401e-01  ,6.637359516971e-01  
  1.540248080083e-05  ,7.785778105522e-01  ,8.493308094333e-01  
  1.540308327340e-05  ,9.671248897788e-01  ,1.030251362434e+00  
  1.540364979692e-05  ,1.144106680608e+00  ,1.200382705809e+00  
  1.540392574780e-05  ,1.230185871301e+00  ,1.283220596622e+00  
  1.540401393241e-05  ,1.257674696841e+00  ,1.309685864981e+00  
  1.540417083698e-05  ,1.306560844974e+00  ,1.356764378099e+00  
  1.540433079163e-05  ,1.356364608751e+00  ,1.404741936071e+00  
  1.540465070094e-05  ,1.455868127534e+00  ,1.500639362002e+00  
  1.540522635142e-05  ,1.634539415313e+00  ,1.672957714309e+00  
  1.540637765239e-05  ,1.990220035427e+00  ,2.016322052083e+00  
  1.540868025432e-05  ,2.693309400638e+00  ,2.695376295165e+00  
  1.541291441927e-05  ,3.946789851058e+00  ,3.899919515428e+00  
  1.542041566382e-05  ,5.982993564337e+00  ,4.684906142841e+00  
  1.542422142039e-05  ,6.896013013366e+00  ,3.260981361676e+00  
  1.542809497724e-05  ,7.724117544025e+00  ,2.574533045015e+00  
  1.543485190878e-05  ,8.888847331342e+00  ,2.305931469293e+00  
  1.544195007692e-05  ,9.681919298001e+00  ,2.386955886700e+00  
  1.545580964694e-05  ,9.833902422226e+00  ,2.078382584798e+00  
  1.547405164848e-05  ,7.278569325982e+00  ,1.843472847830e+00  
  1.547717679451e-05  ,6.571354470880e+00  ,1.764823634441e+00  
  1.548342708657e-05  ,4.974470914756e+00  ,1.640351714035e+00  
  1.549592767070e-05  ,1.275872824322e+00  ,1.063133969519e+00  
  1.549739618013e-05  ,8.171021555539e-01  ,6.596578995661e-01  
  1.549776330749e-05  ,7.020995660002e-01  ,5.541371463466e-01  
  1.549839502359e-05  ,5.040045851786e-01  ,3.708394221409e-01  
  1.549871716807e-05  ,4.029044491557e-01  ,2.764800550229e-01  
  1.549902483048e-05  ,3.063106183342e-01  ,1.859100701846e-01  
  1.549953305321e-05  ,1.466903979979e-01  ,3.552313505500e-02  
  1.550010162565e-05  ,-3.192658390795e-02  ,-1.336208312181e-01  
  1.550064300346e-05  ,-2.019917558550e-01  ,-2.953426287923e-01  
  1.550089306357e-05  ,-2.805273880702e-01  ,-3.702115312286e-01  
  1.550096189995e-05  ,-3.021437908935e-01  ,-3.908367512488e-01  
  1.550109282062e-05  ,-3.432522829163e-01  ,-4.300819697593e-01  
  1.550121643041e-05  ,-3.820598738721e-01  ,-4.671547177871e-01  
  1.550146364999e-05  ,-4.596571861153e-01  ,-5.413495566045e-01  
  1.550195808914e-05  ,-6.147639516467e-01  ,-6.898964711355e-01  
  1.550255683642e-05  ,-8.023903432876e-01  ,-8.699564276336e-01  
  1.550316629392e-05  ,-9.930809736868e-01  ,-1.053296720284e+00  
  1.550374809113e-05  ,-1.174778439915e+00  ,-1.228247793260e+00  
  1.550400983934e-05  ,-1.256399020888e+00  ,-1.306906319685e+00  
  1.550409192378e-05  ,-1.281978060331e+00  ,-1.331565239799e+00  
  1.550423099353e-05  ,-1.325295232359e+00  ,-1.373332363831e+00  
  1.550440326492e-05  ,-1.378918820487e+00  ,-1.425050208574e+00  
  1.550465923893e-05  ,-1.458521786178e+00  ,-1.501848804726e+00  
  1.550517118695e-05  ,-1.617439617018e+00  ,-1.655244584875e+00  
  1.550619508299e-05  ,-1.933979142104e+00  ,-1.961003402639e+00  
  1.550824287506e-05  ,-2.560730063576e+00  ,-2.566642234671e+00  
  1.551229152056e-05  ,-3.766242496110e+00  ,-3.727082099947e+00  
  1.551920342418e-05  ,-5.673575363632e+00  ,-5.037767340174e+00  
  1.552323642346e-05  ,-6.668649942560e+00  ,-3.491228637693e+00  
  1.552691961798e-05  ,-7.484386848292e+00  ,-2.675512856919e+00  
  1.553336809548e-05  ,-8.665709297943e+00  ,-2.312712495617e+00  
  1.554014737877e-05  ,-9.524770783749e+00  ,-2.419646910041e+00  
  1.555230225595e-05  ,-9.973855061494e+00  ,-2.134736724726e+00  
  1.556800509962e-05  ,-8.442420702577e+00  ,-1.939783802316e+00  
  1.559300626787e-05  ,-2.179510684828e+00  ,-1.390585954303e+00  
  1.559613141390e-05  ,-1.212362419905e+00  ,-9.760414853908e-01  
  1.559691270041e-05  ,-9.683838175200e-01  ,-7.787582168979e-01  
  1.559805319803e-05  ,-6.112246494906e-01  ,-4.617246322348e-01  
  1.559859541404e-05  ,-4.411205081379e-01  ,-3.055127983427e-01  
  1.559879797670e-05  ,-3.775370137226e-01  ,-2.466003671064e-01  
  1.559903672124e-05  ,-3.025767593698e-01  ,-1.768567541773e-01  
  1.559951421032e-05  ,-1.526094037678e-01  ,-3.651551079939e-02  
  1.560003305013e-05  ,1.038300244342e-02  ,1.170000351348e-01  
  1.560053950335e-05  ,1.694818598711e-01  ,2.676211166794e-01  
  1.560080283480e-05  ,2.521912518859e-01  ,3.461715681456e-01  
  1.560099771405e-05  ,3.133897925868e-01  ,4.043872417132e-01  
  1.560105428026e-05  ,3.311513569872e-01  ,4.212973658024e-01  
  1.560116539868e-05  ,3.660390050334e-01  ,4.545304402556e-01  
  1.560133871781e-05  ,4.204466315613e-01  ,5.064023716730e-01  
  1.560155874277e-05  ,4.894977933404e-01  ,5.723087908296e-01  
  1.560199879269e-05  ,6.275266548532e-01  ,7.042736452438e-01  
  1.560254939059e-05  ,8.000586869274e-01  ,8.695854397899e-01  
  1.560311870808e-05  ,9.782042384436e-01  ,1.040622056849e+00  
  1.560366455624e-05  ,1.148712887607e+00  ,1.204594613838e+00  
  1.560392150814e-05  ,1.228864048834e+00  ,1.281749917285e+00  
  1.560400736444e-05  ,1.255627666460e+00  ,1.307523279656e+00  
  1.560415511877e-05  ,1.301664994357e+00  ,1.351868140346e+00  
  1.560431695935e-05  ,1.352059099726e+00  ,1.400424291556e+00  
  1.560464064051e-05  ,1.452741153290e+00  ,1.497476427493e+00  
  1.560515305419e-05  ,1.611817789310e+00  ,1.650916618379e+00  
  1.560617788155e-05  ,1.928676894994e+00  ,1.956814327409e+00  
  1.560822753627e-05  ,2.556071615414e+00  ,2.562857104801e+00  
  1.561221881230e-05  ,3.745072658902e+00  ,3.707496008782e+00  
  1.561907930691e-05  ,5.641423025254e+00  ,5.082541376166e+00  
  1.562303034980e-05  ,6.620267709291e+00  ,3.558516728693e+00  
  1.562671428938e-05  ,7.441450875046e+00  ,2.697136111992e+00  
  1.563306441922e-05  ,8.617704563319e+00  ,2.313113373453e+00  
  1.563978335281e-05  ,9.489312813323e+00  ,2.426546346383e+00  
  1.565151801725e-05  ,9.988630513554e+00  ,2.147481082530e+00  
  1.566672614236e-05  ,8.650896505758e+00  ,1.959719054922e+00  
  1.569172731061e-05  ,2.569783084244e+00  ,1.439198820010e+00  
  1.569485245664e-05  ,1.610109122812e+00  ,1.210039410739e+00  
  1.569563374315e-05  ,1.367402527123e+00  ,1.083503504575e+00  
  1.569691896830e-05  ,9.664239363816e-01  ,7.772320126927e-01  
  1.569808163141e-05  ,6.023085013017e-01  ,4.537522500388e-01  
  1.569867404569e-05  ,4.164403693892e-01  ,2.827985976707e-01  
  1.569890149795e-05  ,3.450360992159e-01  ,2.165086692397e-01  
  1.569917395637e-05  ,2.594801331666e-01  ,1.367275846082e-01  
  1.569959798754e-05  ,1.262925821830e-01  ,1.187743780007e-02  
  1.570004912019e-05  ,-1.543155773203e-02  ,-1.216854329971e-01  
  1.570057038144e-05  ,-1.791810243357e-01  ,-2.767509843521e-01  
  1.570082281642e-05  ,-2.584666159722e-01  ,-3.520682584835e-01  
  1.570097695031e-05  ,-3.068698079845e-01  ,-3.981144187755e-01  
  1.570103929071e-05  ,-3.264447991414e-01  ,-4.167498260480e-01  
  1.570114645102e-05  ,-3.600903452359e-01  ,-4.487977544989e-01  
  1.570135075991e-05  ,-4.242263914891e-01  ,-5.099459695859e-01  
  1.570162349772e-05  ,-5.098157476989e-01  ,-5.916574678274e-01  
  1.570216897335e-05  ,-6.808758941333e-01  ,-7.552981074740e-01  
  1.570273205098e-05  ,-8.572457019633e-01  ,-9.244070535149e-01  
  1.570331002977e-05  ,-1.038003429187e+00  ,-1.098055534741e+00  
  1.570371585358e-05  ,-1.164720245177e+00  ,-1.219956046162e+00  
  1.570395455156e-05  ,-1.239165601324e+00  ,-1.291627745290e+00  
  1.570402632161e-05  ,-1.261535877899e+00  ,-1.313171926063e+00  
  1.570415596171e-05  ,-1.301927558304e+00  ,-1.352080121920e+00  
  1.570430513630e-05  ,-1.348378793459e+00  ,-1.396837449616e+00  
  1.570459966707e-05  ,-1.440004321643e+00  ,-1.485156941644e+00  
  1.570498723696e-05  ,-1.560384261455e+00  ,-1.601256312496e+00  
  1.570576237673e-05  ,-1.800432348578e+00  ,-1.832936721481e+00  
  1.570731265629e-05  ,-2.277183964254e+00  ,-2.293433944048e+00  
  1.571041321541e-05  ,-3.213367930020e+00  ,-3.196834846216e+00  
  1.571611439968e-05  ,-4.848999776522e+00  ,-4.743808461480e+00  
  1.572040518905e-05  ,-5.980356455265e+00  ,-4.630204613222e+00  
  1.572396656657e-05  ,-6.837810620142e+00  ,-3.237649690204e+00  
  1.572747094716e-05  ,-7.598128834145e+00  ,-2.648399653274e+00  
  1.573348207558e-05  ,-8.683523779026e+00  ,-2.364963479638e+00  
  1.573980612839e-05  ,-9.491567714748e+00  ,-2.315213223464e+00  
  1.575245423401e-05  ,-9.970291102611e+00  ,-2.161516730507e+00  
  1.577397151078e-05  ,-7.295810155218e+00  ,-1.824703292615e+00  
  1.577709665681e-05  ,-6.590310602727e+00  ,-1.767591173791e+00  
  1.578334694887e-05  ,-4.996295164558e+00  ,-1.641814469430e+00  
  1.579584753300e-05  ,-1.300839000691e+00  ,-1.071104097420e+00  
  1.579733373756e-05  ,-8.366518866172e-01  ,-6.733348653653e-01  
  1.579770528870e-05  ,-7.202805494041e-01  ,-5.675560354206e-01  
  1.579810161302e-05  ,-5.960423691052e-01  ,-4.536697310347e-01  
  1.579826589833e-05  ,-5.445146706102e-01  ,-4.060979908814e-01  
  1.579853290851e-05  ,-4.607372213583e-01  ,-3.283859816211e-01  
  1.579905603240e-05  ,-2.965127020562e-01  ,-1.750029878456e-01  
  1.579967154349e-05  ,-1.031858252509e-01  ,6.926452779537e-03  
  1.580026665861e-05  ,8.377229424549e-02  ,1.839268928845e-01  
  1.580074126060e-05  ,2.328528373011e-01  ,3.256557496676e-01  
  1.580100706006e-05  ,3.163244719461e-01  ,4.051972242553e-01  
  1.580107851578e-05  ,3.387609000783e-01  ,4.265990165827e-01  
  1.580118174125e-05  ,3.711696854282e-01  ,4.575288025208e-01  
  1.580132791233e-05  ,4.170549662863e-01  ,5.013489092248e-01  
  1.580154439826e-05  ,4.849966853194e-01  ,5.662915206601e-01  
  1.580189839397e-05  ,5.960445630848e-01  ,6.725764891349e-01  
  1.580250263606e-05  ,7.854165438255e-01  ,8.541745516898e-01  
  1.580308033545e-05  ,9.662062279969e-01  ,1.027883701848e+00  
  1.580363437925e-05  ,1.139294747190e+00  ,1.194446382948e+00  
  1.580390576665e-05  ,1.223956044684e+00  ,1.275992067674e+00  
  1.580399574405e-05  ,1.252005821765e+00  ,1.303019777146e+00  
  1.580415402232e-05  ,1.301323465493e+00  ,1.350551735484e+00  
  1.580431122957e-05  ,1.350275544678e+00  ,1.397744587427e+00  
  1.580462564407e-05  ,1.448079702834e+00  ,1.492070110042e+00  
  1.580521023525e-05  ,1.629544256606e+00  ,1.667189434863e+00  
  1.580637941762e-05  ,1.990763501323e+00  ,2.016069030076e+00  
  1.580871778234e-05  ,2.704661640572e+00  ,2.705775119250e+00  
  1.581294077142e-05  ,3.954395189885e+00  ,3.906749634345e+00  
  1.582048820956e-05  ,6.001239749302e+00  ,4.654581774687e+00  
  1.582433717950e-05  ,6.922303797192e+00  ,3.232432893901e+00  
  1.582825618489e-05  ,7.756184029914e+00  ,2.561584352470e+00  
  1.583508017166e-05  ,8.921471477510e+00  ,2.304628500471e+00  
  1.584225210054e-05  ,9.705223800281e+00  ,2.381760194359e+00  
  1.585639926298e-05  ,9.798596762304e+00  ,2.068853208423e+00  
  1.587510618074e-05  ,7.047441083720e+00  ,1.826279377245e+00  
  1.587823132678e-05  ,6.318076210070e+00  ,1.745779588903e+00  
  1.588448161884e-05  ,4.684400765958e+00  ,1.616483000699e+00  
  1.589278007551e-05  ,2.248807185628e+00  ,1.356569100548e+00  
  1.589485468967e-05  ,1.609416744212e+00  ,1.188460573760e+00  
  1.589522447130e-05  ,1.494654805634e+00  ,1.139925618043e+00  
  1.589596403456e-05  ,1.264541314673e+00  ,1.006959569781e+00  
  1.589689815110e-05  ,9.729330337592e-01  ,7.799706091517e-01  
  1.589777210421e-05  ,6.993427897832e-01  ,5.404111833139e-01  
  1.589821182816e-05  ,5.614753198142e-01  ,4.154205892387e-01  
  1.589835776641e-05  ,5.156940521764e-01  ,3.735052701207e-01  
  1.589849150433e-05  ,4.737305213447e-01  ,3.349393551200e-01  
  1.589875898017e-05  ,3.897791128926e-01  ,2.574031841075e-01  
  1.589929393186e-05  ,2.217996588106e-01  ,1.010112827308e-01  
  1.589986874415e-05  ,4.123512403254e-02  ,-6.853013328523e-02  
  1.590038991226e-05  ,-1.224914871982e-01  ,-2.232210169190e-01  
  1.590078735417e-05  ,-2.473293856806e-01  ,-3.416530600634e-01  
  1.590106381728e-05  ,-3.341458428197e-01  ,-4.242192983480e-01  
  1.590113770608e-05  ,-3.573448117639e-01  ,-4.463088163090e-01  
  1.590123328306e-05  ,-3.873503720968e-01  ,-4.748953865271e-01  
  1.590140064173e-05  ,-4.398825935625e-01  ,-5.249830212157e-01  
  1.590157729034e-05  ,-4.953176153546e-01  ,-5.778901568628e-01  
  1.590188751389e-05  ,-5.926325265879e-01  ,-6.708859781380e-01  
  1.590250796099e-05  ,-7.870842411131e-01  ,-8.571035559680e-01  
  1.590307904799e-05  ,-9.658036520040e-01  ,-1.028640427029e+00  
  1.590363486130e-05  ,-1.139445202279e+00  ,-1.195588055231e+00  
  1.590390680750e-05  ,-1.224280576958e+00  ,-1.277239072585e+00  
  1.590399674997e-05  ,-1.252319354086e+00  ,-1.304236841802e+00  
  1.590415498168e-05  ,-1.301622292450e+00  ,-1.351721982746e+00  
  1.590431235191e-05  ,-1.350624907257e+00  ,-1.398932692157e+00  
  1.590462709237e-05  ,-1.448529902348e+00  ,-1.493298100802e+00  
  1.590520926212e-05  ,-1.629242621609e+00  ,-1.667599602051e+00  
  1.590637360160e-05  ,-1.988972885053e+00  ,-2.014899862205e+00  
  1.590870228056e-05  ,-2.699972803354e+00  ,-2.701652586570e+00  
  1.591289770250e-05  ,-3.941963917635e+00  ,-3.895153436476e+00  
  1.592044365053e-05  ,-5.990036267639e+00  ,-4.672911494843e+00  
  1.592426579837e-05  ,-6.906102777397e+00  ,-3.250640853173e+00  
  1.592816021685e-05  ,-7.737118538193e+00  ,-2.569594241791e+00  
  1.593494993095e-05  ,-8.902913107599e+00  ,-2.305228414060e+00  
  1.594208311681e-05  ,-9.692292353007e+00  ,-2.384759381468e+00  
  1.595605891590e-05  ,-9.819387447556e+00  ,-2.074305880189e+00  
  1.597449165229e-05  ,-7.183087768556e+00  ,-1.836352654552e+00  
  1.597761679832e-05  ,-6.466535039403e+00  ,-1.756932919582e+00  
  1.598386709039e-05  ,-4.854084636947e+00  ,-1.630547747624e+00  
  1.599458549563e-05  ,-1.692825539664e+00  ,-1.256729380772e+00  
  1.599666681532e-05  ,-1.045238186506e+00  ,-8.523803498275e-01  
  1.599900219981e-05  ,-3.134168397688e-01  ,-1.902602772271e-01  
  1.600007303451e-05  ,2.294444729183e-02  ,1.266306822677e-01  
  1.600061459859e-05  ,1.930698432557e-01  ,2.881264164971e-01  
  1.600094791893e-05  ,2.977535019671e-01  ,3.877988699616e-01  
  1.600106012002e-05  ,3.329849614951e-01  ,4.213878308194e-01  
  1.600117532462e-05  ,3.691552243614e-01  ,4.558951207213e-01  
  1.600134729334e-05  ,4.231383146521e-01  ,5.074361621243e-01  
  1.600169123076e-05  ,5.310658688539e-01  ,6.106145947468e-01  
  1.600215344616e-05  ,6.760091209253e-01  ,7.494295346517e-01  
  1.600271559246e-05  ,8.520940250358e-01  ,9.183970411793e-01  
  1.600326805302e-05  ,1.024886379381e+00  ,1.084494908105e+00  
  1.600362251439e-05  ,1.135591481444e+00  ,1.191037078027e+00  
  1.600384170116e-05  ,1.203978135964e+00  ,1.256895657019e+00  
  1.600392156207e-05  ,1.228880861018e+00  ,1.280885336287e+00  
  1.600405311138e-05  ,1.269884445791e+00  ,1.320393812734e+00  
  1.600420135465e-05  ,1.316065466555e+00  ,1.364902591051e+00  
  1.600449784119e-05  ,1.408340872773e+00  ,1.453871001021e+00  
  1.600502944012e-05  ,1.573478996721e+00  ,1.613190464312e+00  
  1.600609263797e-05  ,1.902392750854e+00  ,1.930791252306e+00  
  1.600821903367e-05  ,2.553489087234e+00  ,2.559854871162e+00  
  1.601192793269e-05  ,3.660185400886e+00  ,3.625649617383e+00  
  1.601877203603e-05  ,5.561457115132e+00  ,5.138824354934e+00  
  1.602274841089e-05  ,6.553624639721e+00  ,3.641266978511e+00  
  1.602642191966e-05  ,7.379779944086e+00  ,2.731748580255e+00  
  1.603271840532e-05  ,8.562051401376e+00  ,2.314506255724e+00  
  1.603939934094e-05  ,9.450563067733e+00  ,2.433918584808e+00  
  1.605074955542e-05  ,9.997227591757e+00  ,2.159929681747e+00  
  1.606543912013e-05  ,8.846589745730e+00  ,1.979723974054e+00  
  1.609044028838e-05  ,2.958327750483e+00  ,1.480211610058e+00  
  1.609356543441e-05  ,2.007738970135e+00  ,1.285048715182e+00  
  1.609434672092e-05  ,1.766707883846e+00  ,1.220464589099e+00  
  1.609590929393e-05  ,1.281598659426e+00  ,1.012457537046e+00  
  1.609734651093e-05  ,8.326530167439e-01  ,6.578192285679e-01  
  1.609813487549e-05  ,5.856109126439e-01  ,4.367608005609e-01  
  1.609856933747e-05  ,4.493045797944e-01  ,3.118554557269e-01  
  1.609897222762e-05  ,3.228281165684e-01  ,1.947465940646e-01  
  1.609957050924e-05  ,1.349244081456e-01  ,1.917194253018e-02  
  1.610020390172e-05  ,-6.405717683381e-02  ,-1.682834071417e-01  
  1.610081456993e-05  ,-2.558767619421e-01  ,-3.500937674676e-01  
  1.610100658537e-05  ,-3.161754166652e-01  ,-4.074254403768e-01  
  1.610107414118e-05  ,-3.373873619230e-01  ,-4.276112431720e-01  
  1.610118369964e-05  ,-3.717845055989e-01  ,-4.603639989357e-01  
  1.610134155881e-05  ,-4.213383669652e-01  ,-5.075883493821e-01  
  1.610158645008e-05  ,-4.981916810469e-01  ,-5.809151116607e-01  
  1.610202645343e-05  ,-6.361991696973e-01  ,-7.128265535197e-01  
  1.610257854146e-05  ,-8.091870066138e-01  ,-8.785419630558e-01  
  1.610314897653e-05  ,-9.876673036232e-01  ,-1.049873311145e+00  
  1.610370302033e-05  ,-1.160715905185e+00  ,-1.216269281612e+00  
  1.610394674745e-05  ,-1.236732726822e+00  ,-1.289436827442e+00  
  1.610403061305e-05  ,-1.262873291352e+00  ,-1.314607237203e+00  
  1.610417189468e-05  ,-1.306890283003e+00  ,-1.357000849221e+00  
  1.610433950946e-05  ,-1.359078035259e+00  ,-1.407279326079e+00  
  1.610467473902e-05  ,-1.463339038934e+00  ,-1.507771909597e+00  
  1.610526147225e-05  ,-1.645423560761e+00  ,-1.683399807571e+00  
  1.610643493869e-05  ,-2.007853795763e+00  ,-2.033305960176e+00  
  1.610878187158e-05  ,-2.724039961425e+00  ,-2.725015847661e+00  
  1.611313971617e-05  ,-4.011723641808e+00  ,-3.961754091981e+00  
  1.612078997233e-05  ,-6.076801377873e+00  ,-4.562321059527e+00  
  1.612477305271e-05  ,-7.020473504814e+00  ,-3.139691737122e+00  
  1.612882542350e-05  ,-7.867816674864e+00  ,-2.520280937787e+00  
  1.613584163525e-05  ,-9.026975362528e+00  ,-2.299960001004e+00  
  1.614322441556e-05  ,-9.774304534645e+00  ,-2.364684081000e+00  
  1.615798997619e-05  ,-9.686614273719e+00  ,-2.043786928798e+00  
  1.617833900191e-05  ,-6.291819840214e+00  ,-1.771898165358e+00  
  1.618146414795e-05  ,-5.499638606954e+00  ,-1.684010935382e+00  
  1.618771444001e-05  ,-3.764507746637e+00  ,-1.532935108622e+00  
  1.618927701302e-05  ,-3.305370678504e+00  ,-1.482294976222e+00  
  1.619240215906e-05  ,-2.364330919291e+00  ,-1.349111337054e+00  
  1.619318344556e-05  ,-2.125153319540e+00  ,-1.300576026900e+00  
  1.619474601858e-05  ,-1.643102278787e+00  ,-1.174699863178e+00  
  1.619513666183e-05  ,-1.521925365506e+00  ,-1.130582062357e+00  
  1.619591794834e-05  ,-1.278902170624e+00  ,-1.006358528928e+00  
  1.619690403268e-05  ,-9.710940300564e-01  ,-7.748417650848e-01  
  1.619781691507e-05  ,-6.852988209318e-01  ,-5.259536906259e-01  
  1.619829459042e-05  ,-5.355139366852e-01  ,-3.903309643142e-01  
  1.619839240257e-05  ,-5.048269550603e-01  ,-3.622615318213e-01  
  1.619851666429e-05  ,-4.658350143749e-01  ,-3.264817464178e-01  
  1.619876518772e-05  ,-3.878304299011e-01  ,-2.545576031517e-01  
  1.619925953374e-05  ,-2.326033568220e-01  ,-1.102952218813e-01  
  1.619976458997e-05  ,-7.395556762339e-02  ,3.836904381519e-02  
  1.620027262644e-05  ,8.564707352003e-02  ,1.888716629528e-01  
  1.620067477152e-05  ,2.119698493264e-01  ,3.085233022421e-01  
  1.620090599564e-05  ,2.845884942014e-01  ,3.774822593634e-01  
  1.620096518118e-05  ,3.031741492355e-01  ,3.951507845798e-01  
  1.620107979207e-05  ,3.391616262526e-01  ,4.293839107718e-01  
  1.620119946702e-05  ,3.767345050388e-01  ,4.651531898977e-01  
  1.620143881692e-05  ,4.518637557896e-01  ,5.367567583892e-01  
  1.620186424507e-05  ,5.853351033591e-01  ,6.642044863984e-01  
  1.620246671765e-05  ,7.741668030726e-01  ,8.449620152472e-01  
  1.620307459189e-05  ,9.644102620963e-01  ,1.027502578859e+00  
  1.620363794892e-05  ,1.140408881858e+00  ,1.196683781562e+00  
  1.620391757852e-05  ,1.227638868953e+00  ,1.280627138151e+00  
  1.620400705534e-05  ,1.255531326436e+00  ,1.307480557954e+00  
  1.620416652104e-05  ,1.305216564995e+00  ,1.355328050314e+00  
  1.620432517185e-05  ,1.354615395187e+00  ,1.402915059265e+00  
  1.620464247345e-05  ,1.453310875921e+00  ,1.498032565864e+00  
  1.620523423581e-05  ,1.636983006863e+00  ,1.675173767457e+00  
  1.620641776054e-05  ,2.002566730024e+00  ,2.028104371264e+00  
  1.620878480999e-05  ,2.724928170324e+00  ,2.725750250445e+00  
  1.621302568047e-05  ,3.978881834703e+00  ,3.930294841467e+00  
  1.622069977848e-05  ,6.054273686237e+00  ,4.588935584005e+00  
  1.622507103412e-05  ,7.086830005708e+00  ,3.069808854099e+00  
  1.622902803748e-05  ,7.906945685787e+00  ,2.509974458560e+00  
  1.623694204419e-05  ,9.170300035619e+00  ,2.281621557670e+00  
  1.624413706987e-05  ,9.830850379828e+00  ,2.348404201924e+00  
  1.625852712123e-05  ,9.643322383261e+00  ,2.036691000893e+00  
  1.627977617710e-05  ,5.934593614879e+00  ,1.746055431559e+00  
  1.628290132313e-05  ,5.117072876458e+00  ,1.654231681070e+00  
  1.628915161519e-05  ,3.342525556829e+00  ,1.488311545516e+00  
  1.629071418821e-05  ,2.876022613499e+00  ,1.428812192120e+00  
  1.629383933424e-05  ,1.923369659555e+00  ,1.259528869598e+00  
  1.629462062074e-05  ,1.681948892583e+00  ,1.190516843681e+00  
  1.629618319376e-05  ,1.196213692046e+00  ,9.521482259107e-01  
  1.629764816417e-05  ,7.381789678130e-01  ,5.738946219247e-01  
  1.629835112645e-05  ,5.177772694853e-01  ,3.745868402633e-01  
  1.629856076716e-05  ,4.519942866360e-01  ,3.141623651904e-01  
  1.629876777689e-05  ,3.870176288762e-01  ,2.541712276136e-01  
  1.629918179634e-05  ,2.570179565005e-01  ,1.333712478974e-01  
  1.629968927401e-05  ,9.761589920729e-02  ,-1.589255609577e-02  
  1.630018063980e-05  ,-5.674936156375e-02  ,-1.613639541150e-01  
  1.630074287924e-05  ,-2.333612094392e-01  ,-3.286645368267e-01  
  1.630102572190e-05  ,-3.221842738094e-01  ,-4.130896190716e-01  
  1.630110355719e-05  ,-3.466232673613e-01  ,-4.363467456928e-01  
  1.630121078734e-05  ,-3.802883395848e-01  ,-4.684044485266e-01  
  1.630136222039e-05  ,-4.278235395903e-01  ,-5.137065380138e-01  
  1.630159132574e-05  ,-4.997215069163e-01  ,-5.823031772465e-01  
  1.630193642732e-05  ,-6.079714208619e-01  ,-6.857407482496e-01  
  1.630251105335e-05  ,-7.880527181428e-01  ,-8.581825276924e-01  
  1.630307077822e-05  ,-9.632177392336e-01  ,-1.026280811186e+00  
  1.630360926893e-05  ,-1.131457118245e+00  ,-1.188007048190e+00  
  1.630387907308e-05  ,-1.215632634952e+00  ,-1.269009264898e+00  
  1.630397284562e-05  ,-1.244868349460e+00  ,-1.297155065275e+00  
  1.630413603662e-05  ,-1.295720930472e+00  ,-1.346125707245e+00  
  1.630428821473e-05  ,-1.343111082492e+00  ,-1.391776730229e+00  
  1.630459257095e-05  ,-1.437798208987e+00  ,-1.483028023717e+00  
  1.630520128338e-05  ,-1.626769468996e+00  ,-1.665275117007e+00  
  1.630641870825e-05  ,-2.002858431184e+00  ,-2.028347687536e+00  
  1.630885355799e-05  ,-2.745702310392e+00  ,-2.745781061473e+00  
  1.631305568545e-05  ,-3.987528111466e+00  ,-3.938683824464e+00  
  1.632080577938e-05  ,-6.080744483148e+00  ,-4.558863738728e+00  
  1.632480897634e-05  ,-7.028505949263e+00  ,-3.135312194910e+00  
  1.632888295381e-05  ,-7.878959461231e+00  ,-2.517651205649e+00  
  1.633593120305e-05  ,-9.039046946117e+00  ,-2.299080103057e+00  
  1.634335049121e-05  ,-9.782595294053e+00  ,-2.362694589021e+00  
  1.635818906753e-05  ,-9.670889326728e+00  ,-2.040531666630e+00  
  1.637870200603e-05  ,-6.202773264315e+00  ,-1.765706523696e+00  
  1.638182715206e-05  ,-5.404037236219e+00  ,-1.676677442974e+00  
  1.638807744412e-05  ,-3.658613388270e+00  ,-1.522216010313e+00  
  1.638964001714e-05  ,-3.197526877196e+00  ,-1.469639762232e+00  
  1.639276516317e-05  ,-2.253371791231e+00  ,-1.328976233839e+00  
  1.639354644968e-05  ,-2.013581395955e+00  ,-1.276576802034e+00  
  1.639510902269e-05  ,-1.530506731926e+00  ,-1.134950257807e+00  
  1.639549966595e-05  ,-1.409116217981e+00  ,-1.080888827100e+00  
  1.639628095246e-05  ,-1.165716822072e+00  ,-9.287362789787e-01  
  1.639709725669e-05  ,-9.106602969625e-01  ,-7.238224783042e-01  
  1.639769795975e-05  ,-7.225770074204e-01  ,-5.593339233691e-01  
  1.639808143182e-05  ,-6.023710881355e-01  ,-4.511988681243e-01  
  1.639820622905e-05  ,-5.632315489536e-01  ,-4.156288209110e-01  
  1.639837687063e-05  ,-5.097001778264e-01  ,-3.667438189299e-01  
  1.639867726872e-05  ,-4.154287015191e-01  ,-2.800716515874e-01  
  1.639927806492e-05  ,-2.267831518426e-01  ,-1.048775895317e-01  
  1.639983955930e-05  ,-5.040372024334e-02  ,6.051211591210e-02  
  1.640039779405e-05  ,1.249674327826e-01  ,2.260613822972e-01  
  1.640079975287e-05  ,2.512233409363e-01  ,3.457785720216e-01  
  1.640111626285e-05  ,3.506124422487e-01  ,4.402764963086e-01  
  1.640119902250e-05  ,3.765949539776e-01  ,4.650142107952e-01  
  1.640128883692e-05  ,4.047894342806e-01  ,4.918735854936e-01  
  1.640144536896e-05  ,4.539200279677e-01  ,5.387128041747e-01  
  1.640160946800e-05  ,5.054138625741e-01  ,5.878504423463e-01  
  1.640193026206e-05  ,6.060381181318e-01  ,6.839942128654e-01  
  1.640257185018e-05  ,8.070917567332e-01  ,8.765233746510e-01  
  1.640315960786e-05  ,9.909908480136e-01  ,1.053035251255e+00  
  1.640374084628e-05  ,1.172518132698e+00  ,1.227576936491e+00  
  1.640400655261e-05  ,1.255374639412e+00  ,1.307329586352e+00  
  1.640408847407e-05  ,1.280903236329e+00  ,1.331911816504e+00  
  1.640422824231e-05  ,1.324438530266e+00  ,1.373843145945e+00  
  1.640439944268e-05  ,1.377729488945e+00  ,1.425186405629e+00  
  1.640465541669e-05  ,1.457333824037e+00  ,1.501911035736e+00  
  1.640516736471e-05  ,1.616254624056e+00  ,1.655175641371e+00  
  1.640619126075e-05  ,1.932801006211e+00  ,1.960726202339e+00  
  1.640823905282e-05  ,2.559569290176e+00  ,2.566100439701e+00  
  1.641228099280e-05  ,3.763178432022e+00  ,3.724445955678e+00  
  1.641918917113e-05  ,5.669887512511e+00  ,5.042372185797e+00  
  1.642319236808e-05  ,6.658329985996e+00  ,3.504175303343e+00  
  1.642686960213e-05  ,7.473956728853e+00  ,2.680229628301e+00  
  1.643330168836e-05  ,8.655278978801e+00  ,2.312871482649e+00  
  1.644006681555e-05  ,9.517030695984e+00  ,2.421163742570e+00  
  1.645212930553e-05  ,9.977634234898e+00  ,2.137556928829e+00  
  1.646773082130e-05  ,8.488289000595e+00  ,1.944065484254e+00  
  1.649273198955e-05  ,2.263524324875e+00  ,1.401899048796e+00  
  1.649585713558e-05  ,1.297847832951e+00  ,1.034450214288e+00  
  1.649663842209e-05  ,1.054108905881e+00  ,8.494570770169e-01  
  1.649789514877e-05  ,6.607767137418e-01  ,5.062153329575e-01  
  1.649844360464e-05  ,4.887612155398e-01  ,3.490896314990e-01  
  1.649863468875e-05  ,4.287936715296e-01  ,2.937562020879e-01  
  1.649882819430e-05  ,3.680504741969e-01  ,2.374739487400e-01  
  1.649921520539e-05  ,2.465255198140e-01  ,1.242552770334e-01  
  1.649969688543e-05  ,9.522481225245e-02  ,-1.764319168557e-02  
  1.650016263985e-05  ,-5.109459252998e-02  ,-1.556552069113e-01  
  1.650079631173e-05  ,-2.501426134702e-01  ,-3.443644829893e-01  
  1.650101286751e-05  ,-3.181480172970e-01  ,-4.090478852637e-01  
  1.650108008572e-05  ,-3.392538247774e-01  ,-4.291411975531e-01  
  1.650119350916e-05  ,-3.748641112665e-01  ,-4.630634581955e-01  
  1.650134480252e-05  ,-4.223564993166e-01  ,-5.083408608027e-01  
  1.650158028743e-05  ,-4.962580207633e-01  ,-5.788731556883e-01  
  1.650199207170e-05  ,-6.254193434021e-01  ,-7.023510654541e-01  
  1.650253270446e-05  ,-7.948332777449e-01  ,-8.646529904699e-01  
  1.650309168427e-05  ,-9.697548214710e-01  ,-1.032570056019e+00  
  1.650362542524e-05  ,-1.136500031294e+00  ,-1.192899727887e+00  
  1.650388987428e-05  ,-1.219000696146e+00  ,-1.272306212642e+00  
  1.650398006123e-05  ,-1.247117534301e+00  ,-1.299379674893e+00  
  1.650413594135e-05  ,-1.295691251486e+00  ,-1.346163231888e+00  
  1.650429107640e-05  ,-1.344001952898e+00  ,-1.392707852934e+00  
  1.650460134652e-05  ,-1.440526436652e+00  ,-1.485743253709e+00  
  1.650515073371e-05  ,-1.611098315565e+00  ,-1.650260354297e+00  
  1.650624950808e-05  ,-1.950751648470e+00  ,-1.978160398369e+00  
  1.650844705683e-05  ,-2.622683770969e+00  ,-2.627202186871e+00  
  1.651249719244e-05  ,-3.826019427783e+00  ,-3.784768214337e+00  
  1.651964900476e-05  ,-5.788287970611e+00  ,-4.926587853570e+00  
  1.652374831420e-05  ,-6.787618541481e+00  ,-3.364389769641e+00  
  1.652747248691e-05  ,-7.598443317372e+00  ,-2.625469546339e+00  
  1.653409605306e-05  ,-8.777564259971e+00  ,-2.309310634551e+00  
  1.654101317209e-05  ,-9.604090536980e+00  ,-2.403844079684e+00  
  1.655400400442e-05  ,-9.920989262335e+00  ,-2.107259647010e+00  
  1.657086317819e-05  ,-7.927822145798e+00  ,-1.862521942148e+00  
  1.659586434644e-05  ,-1.295601601737e+00  ,-1.113673490521e+00  
  1.659898949247e-05  ,-3.174069813643e-01  ,-2.026150803923e-01  
  1.659977077898e-05  ,-7.201128425242e-02  ,3.073475539419e-02  
  1.660086992588e-05  ,2.732612572139e-01  ,3.603094481767e-01  
  1.660135141966e-05  ,4.244334710303e-01  ,5.051216332596e-01  
  1.660146692694e-05  ,4.606855802281e-01  ,5.398852523332e-01  
  1.660158253899e-05  ,4.969644981304e-01  ,5.746927848171e-01  
  1.660171182985e-05  ,5.375280187591e-01  ,6.136275670908e-01  
  1.660197041156e-05  ,6.186277863160e-01  ,6.915192208548e-01  
  1.660248757499e-05  ,7.806994982383e-01  ,8.473533599378e-01  
  1.660300576287e-05  ,9.428855417088e-01  ,1.003499777078e+00  
  1.660349927070e-05  ,1.097115378462e+00  ,1.152144080585e+00  
  1.660377843464e-05  ,1.184244591623e+00  ,1.236176843302e+00  
  1.660405866961e-05  ,1.271616458062e+00  ,1.320481611490e+00  
  1.660412409502e-05  ,1.292000899422e+00  ,1.340155445370e+00  
  1.660425494584e-05  ,1.332753321228e+00  ,1.379492602895e+00  
  1.660446467968e-05  ,1.398025948773e+00  ,1.442512309602e+00  
  1.660468016444e-05  ,1.465025115598e+00  ,1.507215362282e+00  
  1.660511113396e-05  ,1.598818964228e+00  ,1.636467198793e+00  
  1.660597307301e-05  ,1.865502950808e+00  ,1.894226429199e+00  
  1.660769695109e-05  ,2.394572995668e+00  ,2.405761875865e+00  
  1.661114470726e-05  ,3.430117552395e+00  ,3.404760615098e+00  
  1.661736445195e-05  ,5.188629829582e+00  ,5.038274635558e+00  
  1.662148164278e-05  ,6.247924711976e+00  ,4.199726497190e+00  
  1.662549899584e-05  ,7.181043437637e+00  ,2.765505727369e+00  
  1.663095654613e-05  ,8.263124793068e+00  ,2.507784511841e+00  
  1.663534270293e-05  ,8.958426017847e+00  ,2.423242261839e+00  
  1.664036141402e-05  ,9.545037651819e+00  ,2.351210685660e+00  
  1.665039883620e-05  ,9.999215029743e+00  ,2.196361396266e+00  
  1.667047368056e-05  ,8.001808423297e+00  ,1.879818630562e+00  
  1.667359882659e-05  ,7.375380121857e+00  ,1.825585936861e+00  
  1.667984911865e-05  ,5.916134377986e+00  ,1.714005315479e+00  
  1.669234970278e-05  ,2.380340093305e+00  ,1.384878715194e+00  
  1.669532583720e-05  ,1.463159962405e+00  ,1.118342280247e+00  
  1.669606987080e-05  ,1.231551860700e+00  ,9.809760074216e-01  
  1.669731784305e-05  ,8.416276823745e-01  ,6.659626896948e-01  
  1.669794303990e-05  ,6.457634140908e-01  ,4.915297091556e-01  
  1.669841205394e-05  ,4.986610704751e-01  ,3.574478639870e-01  
  1.669880227810e-05  ,3.761866469968e-01  ,2.444573570019e-01  
  1.669918742655e-05  ,2.552497518066e-01  ,1.319730535116e-01  
  1.669969397290e-05  ,9.613976710694e-02  ,-1.708490778753e-02  
  1.670019232361e-05  ,-6.041987704859e-02  ,-1.646780298138e-01  
  1.670073221131e-05  ,-2.300106807866e-01  ,-3.253624874590e-01  
  1.670100816219e-05  ,-3.166705419289e-01  ,-4.077369669253e-01  
  1.670108340141e-05  ,-3.402948795153e-01  ,-4.302195600556e-01  
  1.670119184228e-05  ,-3.743408126642e-01  ,-4.626406395316e-01  
  1.670133873514e-05  ,-4.204520687957e-01  ,-5.065860914593e-01  
  1.670157557047e-05  ,-4.947779636736e-01  ,-5.775003052141e-01  
  1.670193627170e-05  ,-6.079226205740e-01  ,-6.856226730869e-01  
  1.670250465787e-05  ,-7.860497498599e-01  ,-8.562065647775e-01  
  1.670306699044e-05  ,-9.620332986462e-01  ,-1.025099863740e+00  
  1.670360399103e-05  ,-1.129809649742e+00  ,-1.186388706962e+00  
  1.670387556470e-05  ,-1.214538610034e+00  ,-1.267926930618e+00  
  1.670397043154e-05  ,-1.244115839337e+00  ,-1.296402724833e+00  
  1.670413557832e-05  ,-1.295578163698e+00  ,-1.345962723588e+00  
  1.670428680182e-05  ,-1.342671224457e+00  ,-1.391329500241e+00  
  1.670458924883e-05  ,-1.436765370238e+00  ,-1.482012717956e+00  
  1.670519414284e-05  ,-1.624556041949e+00  ,-1.663126452349e+00  
  1.670640393086e-05  ,-1.998309829712e+00  ,-2.023951753640e+00  
  1.670882350691e-05  ,-2.736623102105e+00  ,-2.737054450984e+00  
  1.671300253757e-05  ,-3.972210528463e+00  ,-3.924168895819e+00  
  1.672071835884e-05  ,-6.058918476880e+00  ,-4.589808765565e+00  
  1.672509035953e-05  ,-7.091112134842e+00  ,-3.069610286885e+00  
  1.672905555852e-05  ,-7.912235899799e+00  ,-2.508878860327e+00  
  1.673698595651e-05  ,-9.175793189965e+00  ,-2.280761413000e+00  
  1.674418396243e-05  ,-9.833537823203e+00  ,-2.347716084614e+00  
  1.675857997425e-05  ,-9.638914028979e+00  ,-2.035805537000e+00  
  1.677985287197e-05  ,-5.915183687529e+00  ,-1.744728299898e+00  
  1.678297801801e-05  ,-5.096357095943e+00  ,-1.652600589186e+00  
  1.678922831007e-05  ,-3.319807294314e+00  ,-1.485746464254e+00  
  1.679079088308e-05  ,-2.852937870781e+00  ,-1.425671960826e+00  
  1.679391602912e-05  ,-1.899719560486e+00  ,-1.253859754105e+00  
  1.679469731562e-05  ,-1.658192880966e+00  ,-1.183136472027e+00  
  1.679625988864e-05  ,-1.172288843725e+00  ,-9.348647214283e-01  
  1.679767568522e-05  ,-7.295562893749e-01  ,-5.662048514108e-01  
  1.679835899659e-05  ,-5.153080923321e-01  ,-3.723171568296e-01  
  1.679856041838e-05  ,-4.521037471844e-01  ,-3.142559415334e-01  
  1.679875986111e-05  ,-3.895025682165e-01  ,-2.564639410409e-01  
  1.679915874657e-05  ,-2.642567945467e-01  ,-1.401161065219e-01  
  1.679965504837e-05  ,-1.083676299979e-01  ,5.796554216608e-03  
  1.680015293342e-05  ,4.804526504777e-02  ,1.531453720342e-01  
  1.680075745490e-05  ,2.379390177004e-01  ,3.330137989445e-01  
  1.680097864401e-05  ,3.074016495135e-01  ,3.990291292965e-01  
  1.680104528014e-05  ,3.283254249759e-01  ,4.189341260483e-01  
  1.680116048474e-05  ,3.644962762836e-01  ,4.533657001149e-01  
  1.680130758714e-05  ,4.106750924458e-01  ,4.973608061006e-01  
  1.680155485329e-05  ,4.882773375101e-01  ,5.713804229604e-01  
  1.680198708010e-05  ,6.238542452459e-01  ,7.009340847195e-01  
  1.680253935438e-05  ,7.969157855659e-01  ,8.666813994837e-01  
  1.680310923067e-05  ,9.752410559270e-01  ,1.037831767861e+00  
  1.680365377497e-05  ,1.145348206937e+00  ,1.201372332569e+00  
  1.680391384680e-05  ,1.226475375022e+00  ,1.279448380500e+00  
  1.680400061114e-05  ,1.253522817753e+00  ,1.305489291332e+00  
  1.680415039110e-05  ,1.300192374007e+00  ,1.350433707274e+00  
  1.680431109081e-05  ,1.350232348953e+00  ,1.398639073721e+00  
  1.680463249023e-05  ,1.450207781758e+00  ,1.494992140769e+00  
  1.680515477593e-05  ,1.612351613872e+00  ,1.651366007766e+00  
  1.680619934733e-05  ,1.935293513943e+00  ,1.963097305072e+00  
  1.680828849013e-05  ,2.574580011902e+00  ,2.580571337075e+00  
  1.681235203678e-05  ,3.783847503533e+00  ,3.744195005657e+00  
  1.681927362616e-05  ,5.691722888229e+00  ,5.060338139108e+00  
  1.682330513532e-05  ,6.684720166023e+00  ,3.509151863116e+00  
  1.682702036733e-05  ,7.505340621690e+00  ,2.676748476811e+00  
  1.683349566693e-05  ,8.685640608922e+00  ,2.308982027201e+00  
  1.684031592841e-05  ,9.540766728127e+00  ,2.417853108152e+00  
  1.685244249339e-05  ,9.970574527880e+00  ,2.131994666738e+00  
  1.686815725798e-05  ,8.416704307672e+00  ,1.937697382200e+00  
  1.689315842623e-05  ,2.132833174858e+00  ,1.383857573416e+00  
  1.689559960897e-05  ,1.378024581584e+00  ,1.106365853852e+00  
  1.689620990465e-05  ,1.187882052467e+00  ,9.662227439784e-01  
  1.689723901610e-05  ,8.663014322230e-01  ,6.937367295942e-01  
  1.689776959057e-05  ,7.001305373269e-01  ,5.447576819266e-01  
  1.689827231849e-05  ,5.425006974589e-01  ,4.007161745188e-01  
  1.689839804704e-05  ,5.030559466359e-01  ,3.643649624480e-01  
  1.689853890958e-05  ,4.588539235042e-01  ,3.235040175475e-01  
  1.689882063466e-05  ,3.704237851645e-01  ,2.414002203899e-01  
  1.689938408482e-05  ,1.934833879526e-01  ,7.594890429320e-02  
  1.689994921135e-05  ,1.595571713203e-02  ,-9.127362341043e-02  
  1.690047792318e-05  ,-1.501383536660e-01  ,-2.485697995330e-01  
  1.690079895007e-05  ,-2.509712133805e-01  ,-3.443839691045e-01  
  1.690111941817e-05  ,-3.516031043474e-01  ,-4.402123651740e-01  
  1.690120011727e-05  ,-3.769386418206e-01  ,-4.643681340688e-01  
  1.690129179434e-05  ,-4.057177703080e-01  ,-4.918213685549e-01  
  1.690144027044e-05  ,-4.523199241478e-01  ,-5.363059768410e-01  
  1.690159759410e-05  ,-5.016883001248e-01  ,-5.834689158887e-01  
  1.690187335872e-05  ,-5.881933058128e-01  ,-6.661967929351e-01  
  1.690242488795e-05  ,-7.610643890908e-01  ,-8.318158882523e-01  
  1.690297753476e-05  ,-9.340565587631e-01  ,-9.978862100358e-01  
  1.690349181109e-05  ,-1.094785988020e+00  ,-1.152430421766e+00  
  1.690378908925e-05  ,-1.187568215219e+00  ,-1.241734348312e+00  
  1.690408687965e-05  ,-1.280406457759e+00  ,-1.331151677360e+00  
  1.690415125732e-05  ,-1.300462195545e+00  ,-1.350475407936e+00  
  1.690428001267e-05  ,-1.340557630709e+00  ,-1.389114590285e+00  
  1.690447933898e-05  ,-1.402585926887e+00  ,-1.448907490107e+00  
  1.690466846731e-05  ,-1.461389903915e+00  ,-1.505610459025e+00  
  1.690504672397e-05  ,-1.578841009479e+00  ,-1.618912336463e+00  
  1.690580323730e-05  ,-1.813057818684e+00  ,-1.845005507725e+00  
  1.690731626396e-05  ,-2.278287553483e+00  ,-2.294428249934e+00  
  1.691034231727e-05  ,-3.192267934009e+00  ,-3.176549488683e+00  
  1.691610310618e-05  ,-4.845896536258e+00  ,-4.741907232445e+00  
  1.692038793509e-05  ,-5.976011217995e+00  ,-4.656086847798e+00  
  1.692395564560e-05  ,-6.835306716839e+00  ,-3.250601564852e+00  
  1.692741830294e-05  ,-7.587365967082e+00  ,-2.654430986258e+00  
  1.693346370403e-05  ,-8.680659924863e+00  ,-2.362192462629e+00  
  1.693974230830e-05  ,-9.485236928597e+00  ,-2.314595108958e+00  
  1.695229951684e-05  ,-9.973917209411e+00  ,-2.163902979016e+00  
  1.697346810643e-05  ,-7.403050592465e+00  ,-1.832976885256e+00  
  1.697659325246e-05  ,-6.708427959761e+00  ,-1.776420630020e+00  
  1.698284354453e-05  ,-5.132659634979e+00  ,-1.652759793726e+00  
  1.699534412865e-05  ,-1.457475134783e+00  ,-1.165978994096e+00  
  1.699707284961e-05  ,-9.182958776337e-01  ,-7.416205866323e-01  
  1.699750502986e-05  ,-7.830156430056e-01  ,-6.209927143320e-01  
  1.699785855990e-05  ,-6.722458852514e-01  ,-5.207564697231e-01  
  1.699796930580e-05  ,-6.375287411214e-01  ,-4.890824689232e-01  
  1.699815584971e-05  ,-5.790328479256e-01  ,-4.354693299501e-01  
  1.699844237110e-05  ,-4.891482790161e-01  ,-3.525833681701e-01  
  1.699897844038e-05  ,-3.208773317155e-01  ,-1.961056620518e-01  
  1.699961248478e-05  ,-1.217384881379e-01  ,-9.244382543394e-03  
  1.700026645950e-05  ,8.370974205477e-02  ,1.849293049449e-01  
  1.700078073582e-05  ,2.452508001806e-01  ,3.383601330685e-01  
  1.700106800227e-05  ,3.354598594706e-01  ,4.242733681308e-01  
  1.700114660590e-05  ,3.601389703224e-01  ,4.478035922900e-01  
  1.700124530281e-05  ,3.911236238803e-01  ,4.773615433386e-01  
  1.700140460553e-05  ,4.411266499143e-01  ,5.250956777978e-01  
  1.700159813436e-05  ,5.018578140778e-01  ,5.831239777891e-01  
  1.700190849761e-05  ,5.992130414629e-01  ,6.762583731908e-01  
  1.700252922411e-05  ,7.937433472789e-01  ,8.627179795169e-01  
  1.700316084708e-05  ,9.913782426615e-01  ,1.052563677961e+00  
  1.700373090963e-05  ,1.169417916738e+00  ,1.223868284179e+00  
  1.700400374057e-05  ,1.254498196440e+00  ,1.305809485154e+00  
  1.700408556890e-05  ,1.279998063901e+00  ,1.330377780490e+00  
  1.700422594250e-05  ,1.323722385737e+00  ,1.372513896931e+00  
  1.700439702645e-05  ,1.376977644741e+00  ,1.423849140417e+00  
  1.700465057903e-05  ,1.455830236372e+00  ,1.499885639112e+00  
  1.700515768417e-05  ,1.613253303803e+00  ,1.651769955086e+00  
  1.700617189445e-05  ,1.926831272227e+00  ,1.954556829992e+00  
  1.700820031502e-05  ,2.547802957138e+00  ,2.554470302680e+00  
  1.701221468784e-05  ,3.743871190151e+00  ,3.705857933835e+00  
  1.701906400659e-05  ,5.637453556907e+00  ,5.074207032528e+00  
  1.702305677273e-05  ,6.626486867814e+00  ,3.543105317606e+00  
  1.702672655620e-05  ,7.444024687423e+00  ,2.695227803952e+00  
  1.703311393895e-05  ,8.625586213975e+00  ,2.313459674777e+00  
  1.703984628358e-05  ,9.495531449646e+00  ,2.425279078025e+00  
  1.705168376603e-05  ,9.986012761945e+00  ,2.144782863346e+00  
  1.706698725857e-05  ,8.609457190250e+00  ,1.955657947486e+00  
  1.709198842683e-05  ,2.490420301377e+00  ,1.430038553217e+00  
  1.709511357286e-05  ,1.529094082116e+00  ,1.151973392372e+00  
  1.709589485936e-05  ,1.286095885221e+00  ,1.020653527823e+00  
  1.709718399607e-05  ,8.835201971492e-01  ,7.032111221975e-01  
  1.709787112587e-05  ,6.683070495266e-01  ,5.122926013955e-01  
  1.709856551998e-05  ,4.505026656533e-01  ,3.133319562384e-01  
  1.709880165682e-05  ,3.763816913012e-01  ,2.447879943475e-01  
  1.709906931893e-05  ,2.923404260455e-01  ,1.666635551419e-01  
  1.709954522476e-05  ,1.428669942749e-01  ,2.684875688233e-02  
  1.710005484447e-05  ,-1.722989125718e-02  ,-1.238824636104e-01  
  1.710057629198e-05  ,-1.810375757818e-01  ,-2.789207551642e-01  
  1.710083235913e-05  ,-2.614635315118e-01  ,-3.552894292972e-01  
  1.710097717979e-05  ,-3.069418666162e-01  ,-3.985358963874e-01  
  1.710104132463e-05  ,-3.270834312674e-01  ,-4.177029798808e-01  
  1.710114817061e-05  ,-3.606302207313e-01  ,-4.496446410791e-01  
  1.710136186258e-05  ,-4.277112318570e-01  ,-5.135796075450e-01  
  1.710165052601e-05  ,-5.182957070379e-01  ,-6.000403476483e-01  
  1.710222785287e-05  ,-6.993293381907e-01  ,-7.732082060690e-01  
  1.710278888159e-05  ,-8.750324657582e-01  ,-9.416770234750e-01  
  1.710335633644e-05  ,-1.052471408433e+00  ,-1.112133504307e+00  
  1.710374870264e-05  ,-1.174969219818e+00  ,-1.229969559987e+00  
  1.710399540999e-05  ,-1.251901697747e+00  ,-1.304031900688e+00  
  1.710406596931e-05  ,-1.273891078231e+00  ,-1.325208325709e+00  
  1.710419367692e-05  ,-1.313674377982e+00  ,-1.363528727173e+00  
  1.710434878870e-05  ,-1.361966086009e+00  ,-1.410057499870e+00  
  1.710459381966e-05  ,-1.438186427919e+00  ,-1.483521979652e+00  
  1.710499554566e-05  ,-1.562962490670e+00  ,-1.603849298779e+00  
  1.710579899764e-05  ,-1.811747948562e+00  ,-1.843947910451e+00  
  1.710740590161e-05  ,-2.305698396856e+00  ,-2.321037207774e+00  
  1.711061970955e-05  ,-3.274731442199e+00  ,-3.255921927035e+00  
  1.711642296678e-05  ,-4.933550705500e+00  ,-4.819475624480e+00  
  1.712067054278e-05  ,-6.046961051355e+00  ,-4.523946732532e+00  
  1.712452249295e-05  ,-6.964200772515e+00  ,-3.096283905449e+00  
  1.712828131086e-05  ,-7.761164041434e+00  ,-2.600193734588e+00  
  1.713435874945e-05  ,-8.816804891137e+00  ,-2.373404313279e+00  
  1.714095251328e-05  ,-9.598764073202e+00  ,-2.310339036761e+00  
  1.715414004094e-05  ,-9.915536960166e+00  ,-2.135915543508e+00  
  1.717914120919e-05  ,-6.093957346982e+00  ,-1.737274574880e+00  
  1.718226635522e-05  ,-5.287429544263e+00  ,-1.665333656162e+00  
  1.718851664728e-05  ,-3.529855678117e+00  ,-1.509186343211e+00  
  1.719007922030e-05  ,-3.066490702818e+00  ,-1.452188300468e+00  
  1.719320436633e-05  ,-2.118730538656e+00  ,-1.300875590714e+00  
  1.719398565284e-05  ,-1.878240413291e+00  ,-1.244506535474e+00  
  1.719554822585e-05  ,-1.394011257399e+00  ,-1.074275465752e+00  
  1.719708081028e-05  ,-9.158054990051e-01  ,-7.292129620935e-01  
  1.719812761685e-05  ,-5.878873513406e-01  ,-4.386810105515e-01  
  1.719882629505e-05  ,-3.686467350494e-01  ,-2.372492408894e-01  
  1.719913307271e-05  ,-2.723195728274e-01  ,-1.477115370373e-01  
  1.719949349454e-05  ,-1.591166675100e-01  ,-4.188807836708e-02  
  1.719997126302e-05  ,-9.027986339542e-03  ,9.922163987888e-02  
  1.720041499166e-05  ,1.303697829224e-01  ,2.309513969620e-01  
  1.720075231670e-05  ,2.363252585427e-01  ,3.314308756323e-01  
  1.720106505482e-05  ,3.345344105602e-01  ,4.247937470943e-01  
  1.720114779119e-05  ,3.605110996755e-01  ,4.495220658012e-01  
  1.720129037668e-05  ,4.052727658286e-01  ,4.921644807353e-01  
  1.720142627992e-05  ,4.479291294962e-01  ,5.328357610653e-01  
  1.720159026255e-05  ,4.993879104898e-01  ,5.819420813401e-01  
  1.720184828546e-05  ,5.803297673987e-01  ,6.592706643120e-01  
  1.720236433130e-05  ,7.420937694591e-01  ,8.140971611447e-01  
  1.720291064513e-05  ,9.131323832051e-01  ,9.781501756720e-01  
  1.720341029969e-05  ,1.069328787712e+00  ,1.128224438417e+00  
  1.720373137314e-05  ,1.169562536353e+00  ,1.224639958763e+00  
  1.720398385469e-05  ,1.248299973033e+00  ,1.300431444007e+00  
  1.720405260958e-05  ,1.269728077830e+00  ,1.321065188789e+00  
  1.720417789575e-05  ,1.308759382174e+00  ,1.358657280346e+00  
  1.720433971305e-05  ,1.359141400564e+00  ,1.407195383866e+00  
  1.720456402209e-05  ,1.428921933876e+00  ,1.474446041126e+00  
  1.720492626001e-05  ,1.541459584486e+00  ,1.582956255481e+00  
  1.720565073584e-05  ,1.765921462378e+00  ,1.799542901467e+00  
  1.720709968750e-05  ,2.211985185111e+00  ,2.230325323074e+00  
  1.720999759082e-05  ,3.089450113264e+00  ,3.077326737361e+00  
  1.721537467484e-05  ,4.644466290641e+00  ,4.556982865865e+00  
  1.721972432379e-05  ,5.807567046090e+00  ,4.879576296943e+00  
  1.722274069135e-05  ,6.551792683077e+00  ,3.593804182177e+00  
  1.722576152925e-05  ,7.238197421497e+00  ,2.805983426021e+00  
  1.723180320506e-05  ,8.409990634292e+00  ,2.334955437611e+00  
  1.723766681199e-05  ,9.258723097708e+00  ,2.451109429487e+00  
  1.724881288056e-05  ,9.993046423348e+00  ,2.263723402248e+00  
  1.726180967335e-05  ,9.319609749069e+00  ,1.992367410319e+00  
  1.728681084160e-05  ,4.025946821136e+00  ,1.604817644589e+00  
  1.728993598763e-05  ,3.109289502747e+00  ,1.465633812383e+00  
  1.729618627970e-05  ,1.195251171857e+00  ,9.710303493622e-01  
  1.729720067625e-05  ,8.783003379069e-01  ,7.043022237536e-01  
  1.729872133975e-05  ,4.015949400956e-01  ,2.704568605837e-01  
  1.729917969015e-05  ,2.576794152061e-01  ,1.362105170800e-01  
  1.729967347738e-05  ,1.025783075397e-01  ,-9.447854876849e-03  
  1.730035716128e-05  ,-1.122031713929e-01  ,-2.124469510536e-01  
  1.730079255459e-05  ,-2.489626402392e-01  ,-3.423240173328e-01  
  1.730106505957e-05  ,-3.345359019010e-01  ,-4.237900669257e-01  
  1.730113872719e-05  ,-3.576653953651e-01  ,-4.458334303699e-01  
  1.730123546832e-05  ,-3.880363741492e-01  ,-4.747933639865e-01  
  1.730139581878e-05  ,-4.383688816117e-01  ,-5.228221812391e-01  
  1.730158019737e-05  ,-4.962297627809e-01  ,-5.780856314330e-01  
  1.730188907050e-05  ,-5.931206906099e-01  ,-6.707397720085e-01  
  1.730250681677e-05  ,-7.867258875502e-01  ,-8.562506454523e-01  
  1.730307678618e-05  ,-9.650964027598e-01  ,-1.027528221601e+00  
  1.730363082998e-05  ,-1.138186964118e+00  ,-1.194005597821e+00  
  1.730390370749e-05  ,-1.223314003543e+00  ,-1.275962669150e+00  
  1.730399334729e-05  ,-1.251258779004e+00  ,-1.302877744606e+00  
  1.730415358134e-05  ,-1.301186105057e+00  ,-1.350977737319e+00  
  1.730430922863e-05  ,-1.349652683064e+00  ,-1.397684476019e+00  
  1.730462052320e-05  ,-1.446487869884e+00  ,-1.491041574662e+00  
  1.730520809461e-05  ,-1.628880738422e+00  ,-1.667000923131e+00  
  1.730638323743e-05  ,-1.991939498822e+00  ,-2.017571893271e+00  
  1.730873352308e-05  ,-2.709422105136e+00  ,-2.710631594955e+00  
  1.731294980664e-05  ,-3.957002170083e+00  ,-3.909419629774e+00  
  1.732051959653e-05  ,-6.009124318920e+00  ,-4.648040835805e+00  
  1.732438346763e-05  ,-6.932790983174e+00  ,-3.223842951047e+00  
  1.732831439395e-05  ,-7.767713793795e+00  ,-2.557502717647e+00  
  1.733515551705e-05  ,-8.932139481380e+00  ,-2.304046976017e+00  
  1.734234607239e-05  ,-9.712296654264e+00  ,-2.380143525996e+00  
  1.735657668133e-05  ,-9.787314520723e+00  ,-2.065999535833e+00  
  1.737541472931e-05  ,-6.978340554431e+00  ,-1.821203081399e+00  
  1.737853987534e-05  ,-6.242645045874e+00  ,-1.740120360073e+00  
  1.738479016740e-05  ,-4.598541841324e+00  ,-1.609242725831e+00  
  1.739232717474e-05  ,-2.387213462668e+00  ,-1.375559189312e+00  
  1.739421142657e-05  ,-1.808527184820e+00  ,-1.244139104337e+00  
  1.739468248953e-05  ,-1.662785975310e+00  ,-1.196807431601e+00  
  1.739562461544e-05  ,-1.370243089268e+00  ,-1.068504615177e+00  
  1.739586014692e-05  ,-1.296909788713e+00  ,-1.024213269219e+00  
  1.739633120988e-05  ,-1.150034183494e+00  ,-9.206912608543e-01  
  1.739695594106e-05  ,-9.548623210074e-01  ,-7.631150939008e-01  
  1.739753978719e-05  ,-7.721293662291e-01  ,-6.044503480234e-01  
  1.739784647171e-05  ,-6.760348642811e-01  ,-5.186104799731e-01  
  1.739796621651e-05  ,-6.384972929040e-01  ,-4.847434503790e-01  
  1.739814945423e-05  ,-5.810386661361e-01  ,-4.326024748607e-01  
  1.739842410125e-05  ,-4.948809695673e-01  ,-3.538248034154e-01  
  1.739897339531e-05  ,-3.224614662279e-01  ,-1.944818062366e-01  
  1.739961768427e-05  ,-1.201051425040e-01  ,-5.353969118019e-03  
  1.740027510487e-05  ,8.642566821433e-02  ,1.893300501735e-01  
  1.740078034737e-05  ,2.451288002387e-01  ,3.397715659331e-01  
  1.740106556491e-05  ,3.346945688685e-01  ,4.249347833891e-01  
  1.740114348168e-05  ,3.591581042977e-01  ,4.482237492087e-01  
  1.740124207382e-05  ,3.901099814246e-01  ,4.777071481203e-01  
  1.740140121356e-05  ,4.400620659337e-01  ,5.253267312179e-01  
  1.740159423017e-05  ,5.006328160897e-01  ,5.831276598008e-01  
  1.740190328956e-05  ,5.975798166107e-01  ,6.757643411082e-01  
  1.740252140835e-05  ,7.912956794631e-01  ,8.612635182398e-01  
  1.740309053958e-05  ,9.693969012631e-01  ,1.032195833886e+00  
  1.740364672542e-05  ,1.143148070744e+00  ,1.199239510796e+00  
  1.740391611048e-05  ,1.227181156646e+00  ,1.280114160978e+00  
  1.740400428344e-05  ,1.254667395918e+00  ,1.306578490528e+00  
  1.740415876657e-05  ,1.302801227374e+00  ,1.352934976713e+00  
  1.740431853496e-05  ,1.352549545754e+00  ,1.400861441251e+00  
  1.740463807174e-05  ,1.451942705565e+00  ,1.496656883050e+00  
  1.740519630649e-05  ,1.625226738810e+00  ,1.663783791646e+00  
  1.740631277599e-05  ,1.970242126404e+00  ,1.996850202953e+00  
  1.740854571499e-05  ,2.652580543869e+00  ,2.655895154341e+00  
  1.741272772588e-05  ,3.892832197031e+00  ,3.848298400871e+00  
  1.742002482452e-05  ,5.884160139488e+00  ,4.802258466863e+00  
  1.742377991714e-05  ,6.794906167769e+00  ,3.358996877980e+00  
  1.742749738433e-05  ,7.603525954902e+00  ,2.624809590153e+00  
  1.743408518769e-05  ,8.775928337467e+00  ,2.311132063529e+00  
  1.744097175934e-05  ,9.600457850440e+00  ,2.403682233998e+00  
  1.745398494341e-05  ,9.921738750364e+00  ,2.108040275601e+00  
  1.747083219626e-05  ,7.933750861646e+00  ,1.863172140943e+00  
  1.749583336451e-05  ,1.305252212445e+00  ,1.121417154332e+00  
  1.749895851054e-05  ,3.271351873699e-01  ,2.115762420202e-01  
  1.749973979705e-05  ,8.174425835685e-02  ,-2.166533194010e-02  
  1.750084229671e-05  ,-2.645844356028e-01  ,-3.521439089711e-01  
  1.750132351108e-05  ,-4.156734736514e-01  ,-4.968434715529e-01  
  1.750143864584e-05  ,-4.518100630649e-01  ,-5.314890256815e-01  
  1.750155393193e-05  ,-4.879882295798e-01  ,-5.661929786481e-01  
  1.750166608645e-05  ,-5.231775323477e-01  ,-5.999618849729e-01  
  1.750189039549e-05  ,-5.935362159762e-01  ,-6.675179141323e-01  
  1.750233901358e-05  ,-7.341616688786e-01  ,-8.026775577653e-01  
  1.750284844703e-05  ,-8.936721776228e-01  ,-9.561820946622e-01  
  1.750331578469e-05  ,-1.039801607803e+00  ,-1.096964152630e+00  
  1.750363979182e-05  ,-1.140984067267e+00  ,-1.194518862898e+00  
  1.750384468278e-05  ,-1.204908023257e+00  ,-1.256179044882e+00  
  1.750392095810e-05  ,-1.228692558444e+00  ,-1.279126419056e+00  
  1.750404398582e-05  ,-1.267040722777e+00  ,-1.316130382543e+00  
  1.750419327682e-05  ,-1.313549773247e+00  ,-1.361017927020e+00  
  1.750449185884e-05  ,-1.406480168735e+00  ,-1.450735039963e+00  
  1.750497502899e-05  ,-1.556595880184e+00  ,-1.595725914974e+00  
  1.750594136930e-05  ,-1.855716856645e+00  ,-1.884813691103e+00  
  1.750787404990e-05  ,-2.448554227544e+00  ,-2.457980710593e+00  
  1.751142648673e-05  ,-3.513135068137e+00  ,-3.484541711630e+00  
  1.751772520757e-05  ,-5.285179552759e+00  ,-5.109210649227e+00  
  1.752181185103e-05  ,-6.328584740547e+00  ,-4.033347593757e+00  
  1.752565262532e-05  ,-7.214548384529e+00  ,-2.856909908209e+00  
  1.753124875641e-05  ,-8.314479063633e+00  ,-2.339351160491e+00  
  1.753723976827e-05  ,-9.207200944778e+00  ,-2.304445831081e+00  
  1.754687038875e-05  ,-9.951705168048e+00  ,-2.306566904722e+00  
  1.756257025218e-05  ,-9.230326864406e+00  ,-1.970157382055e+00  
  1.758757142043e-05  ,-3.806095262134e+00  ,-1.594608609190e+00  
  1.759069656646e-05  ,-2.881324307876e+00  ,-1.438661469320e+00  
  1.759694685853e-05  ,-9.577026075700e-01  ,-7.779085157682e-01  
  1.759773978657e-05  ,-7.094704548337e-01  ,-5.559869736164e-01  
  1.759895348615e-05  ,-3.287127977993e-01  ,-2.040771525643e-01  
  1.759919819115e-05  ,-2.518690406595e-01  ,-1.321126827622e-01  
  1.759955446860e-05  ,-1.399632460052e-01  ,-2.690733478168e-02  
  1.760002907059e-05  ,9.132793229101e-03  ,1.138842774797e-01  
  1.760048416136e-05  ,1.520979134439e-01  ,2.494414296432e-01  
  1.760075210287e-05  ,2.362581000964e-01  ,3.294607634226e-01  
  1.760101999781e-05  ,3.203869247548e-01  ,4.095922439512e-01  
  1.760108735571e-05  ,3.415364381589e-01  ,4.297571258930e-01  
  1.760118428311e-05  ,3.719676824330e-01  ,4.587856227734e-01  
  1.760134745082e-05  ,4.231877462116e-01  ,5.076795861023e-01  
  1.760151730078e-05  ,4.764936035025e-01  ,5.586087382927e-01  
  1.760181513774e-05  ,5.699333397903e-01  ,6.479829535952e-01  
  1.760241081166e-05  ,7.566549439643e-01  ,8.269190357202e-01  
  1.760299428525e-05  ,9.392957441649e-01  ,1.002311136269e+00  
  1.760353510427e-05  ,1.108304172180e+00  ,1.164873440336e+00  
  1.760383838947e-05  ,1.202945299499e+00  ,1.255998046129e+00  
  1.760404963671e-05  ,1.268801675384e+00  ,1.319442720050e+00  
  1.760412903196e-05  ,1.293538870097e+00  ,1.343280813899e+00  
  1.760426591309e-05  ,1.336167969892e+00  ,1.384368701673e+00  
  1.760449613603e-05  ,1.407810518521e+00  ,1.453442894073e+00  
  1.760475290167e-05  ,1.487625787666e+00  ,1.530426300193e+00  
  1.760526643294e-05  ,1.646960745795e+00  ,1.684187842970e+00  
  1.760629349547e-05  ,1.964303340098e+00  ,1.990656737538e+00  
  1.760834762054e-05  ,2.592525708366e+00  ,2.597590392609e+00  
  1.761245587068e-05  ,3.814022322440e+00  ,3.773009856182e+00  
  1.761958980160e-05  ,5.773111251654e+00  ,4.935700697266e+00  
  1.762366601425e-05  ,6.768608822570e+00  ,3.381402341038e+00  
  1.762741216617e-05  ,7.586109982905e+00  ,2.629024195402e+00  
  1.763401412564e-05  ,8.765203816042e+00  ,2.309479066453e+00  
  1.764093273478e-05  ,9.597019781988e+00  ,2.405598914628e+00  
  1.765381627875e-05  ,9.928215670135e+00  ,2.110145070646e+00  
  1.767058306533e-05  ,7.981150962854e+00  ,1.866897352599e+00  
  1.767370821136e-05  ,7.352130256383e+00  ,1.820860375346e+00  
  1.767995850342e-05  ,5.888394303761e+00  ,1.712632792118e+00  
  1.769245908755e-05  ,2.346949603509e+00  ,1.379398697040e+00  
  1.769525119262e-05  ,1.486353828079e+00  ,1.147255687382e+00  
  1.769845717745e-05  ,4.845022415584e-01  ,3.481515002919e-01  
  1.769993704903e-05  ,1.977661897427e-02  ,-8.689136844399e-02  
  1.770074152547e-05  ,-2.329360254955e-01  ,-3.265791168153e-01  
  1.770120085376e-05  ,-3.771698524050e-01  ,-4.639912518114e-01  
  1.770130540636e-05  ,-4.099905556574e-01  ,-4.953091036326e-01  
  1.770141134430e-05  ,-4.432416264615e-01  ,-5.270574722661e-01  
  1.770155420919e-05  ,-4.880752279316e-01  ,-5.698919719262e-01  
  1.770169926268e-05  ,-5.335855907730e-01  ,-6.134035601677e-01  
  1.770198936966e-05  ,-6.245721301046e-01  ,-7.004806597516e-01  
  1.770256958362e-05  ,-8.063820168941e-01  ,-8.747869128593e-01  
  1.770312241670e-05  ,-9.793637412892e-01  ,-1.040949559197e+00  
  1.770367888194e-05  ,-1.153183529623e+00  ,-1.208175342656e+00  
  1.770391371493e-05  ,-1.226434257945e+00  ,-1.278712905083e+00  
  1.770399824409e-05  ,-1.252785049297e+00  ,-1.304096628478e+00  
  1.770413892037e-05  ,-1.296619243851e+00  ,-1.346331650545e+00  
  1.770429661656e-05  ,-1.345726633430e+00  ,-1.393660666181e+00  
  1.770461200895e-05  ,-1.443841120501e+00  ,-1.488260429730e+00  
  1.770506551648e-05  ,-1.584670525925e+00  ,-1.624122720424e+00  
  1.770597253154e-05  ,-1.865335828595e+00  ,-1.895095428807e+00  
  1.770778656165e-05  ,-2.421896427918e+00  ,-2.432785623528e+00  
  1.771141462187e-05  ,-3.509644963404e+00  ,-3.481289219466e+00  
  1.771766342382e-05  ,-5.268692081015e+00  ,-5.095542688556e+00  
  1.772172250012e-05  ,-6.306825827347e+00  ,-4.054725420456e+00  
  1.772556848983e-05  ,-7.196220099446e+00  ,-2.769492400320e+00  
  1.773154460053e-05  ,-8.365758132279e+00  ,-2.261579444051e+00  
  1.773781277398e-05  ,-9.275951509023e+00  ,-2.280470249753e+00  
  1.774686522941e-05  ,-9.951545932105e+00  ,-2.310878997451e+00  
  1.776328630904e-05  ,-9.141453373235e+00  ,-1.955351564280e+00  
  1.778828747729e-05  ,-3.597125024750e+00  ,-1.579738180353e+00  
  1.779141262333e-05  ,-2.665197811083e+00  ,-1.409623697021e+00  
  1.779219390983e-05  ,-2.427848389626e+00  ,-1.366135360670e+00  
  1.779375648285e-05  ,-1.948905666285e+00  ,-1.263755804518e+00  
  1.779578229571e-05  ,-1.321157006230e+00  ,-1.037296108318e+00  
  1.779772764231e-05  ,-7.132760208727e-01  ,-5.526582901598e-01  
  1.779866287644e-05  ,-4.199462257867e-01  ,-2.852246221667e-01  
  1.779904071400e-05  ,-3.013229668658e-01  ,-1.751351386292e-01  
  1.779947256828e-05  ,-1.656899786715e-01  ,-4.836611829661e-02  
  1.780001068647e-05  ,3.357252376926e-03  ,1.106738347239e-01  
  1.780049599866e-05  ,1.558162689425e-01  ,2.548854193999e-01  
  1.780078084367e-05  ,2.452846711650e-01  ,3.397945939326e-01  
  1.780106289471e-05  ,3.338561711875e-01  ,4.240268810571e-01  
  1.780112171937e-05  ,3.523256012705e-01  ,4.416115767601e-01  
  1.780123170857e-05  ,3.868561009705e-01  ,4.745063304184e-01  
  1.780139927678e-05  ,4.394541976675e-01  ,5.246550470046e-01  
  1.780157080312e-05  ,4.932820862048e-01  ,5.760260727727e-01  
  1.780184954797e-05  ,5.807257248405e-01  ,6.595777942823e-01  
  1.780240703766e-05  ,7.554727009788e-01  ,8.268723543920e-01  
  1.780296564494e-05  ,9.303375259076e-01  ,9.946453253121e-01  
  1.780348439161e-05  ,1.092469072323e+00  ,1.150467315352e+00  
  1.780378674549e-05  ,1.186837106700e+00  ,1.241263204318e+00  
  1.780409100857e-05  ,1.281692910315e+00  ,1.332593730277e+00  
  1.780415329077e-05  ,1.301095594987e+00  ,1.351282529946e+00  
  1.780427785516e-05  ,1.339885946375e+00  ,1.388652753482e+00  
  1.780446295553e-05  ,1.397489606098e+00  ,1.444163645781e+00  
  1.780463648420e-05  ,1.451449250769e+00  ,1.496179234262e+00  
  1.780498354156e-05  ,1.559237528798e+00  ,1.600126655128e+00  
  1.780567765628e-05  ,1.774245220747e+00  ,1.807612018343e+00  
  1.780706588571e-05  ,2.201627842072e+00  ,2.220377092138e+00  
  1.780984234457e-05  ,3.043027435843e+00  ,3.032668900437e+00  
  1.781522613410e-05  ,4.603088897437e+00  ,4.518373637614e+00  
  1.781966444497e-05  ,5.792242776371e+00  ,4.894428074696e+00  
  1.782269757633e-05  ,6.541553801099e+00  ,3.604313628123e+00  
  1.782570053284e-05  ,7.224962162667e+00  ,2.812807390983e+00  
  1.783170644586e-05  ,8.393505483217e+00  ,2.336351986835e+00  
  1.783759463970e-05  ,9.250132393980e+00  ,2.452713167821e+00  
  1.784859914724e-05  ,9.990317564076e+00  ,2.267049599381e+00  
  1.786155421679e-05  ,9.348406109092e+00  ,1.996488585366e+00  
  1.788655538504e-05  ,4.099279200806e+00  ,1.610485989758e+00  
  1.788968053107e-05  ,3.185464661989e+00  ,1.474627888352e+00  
  1.789593082313e-05  ,1.274890545728e+00  ,1.027635242812e+00  
  1.789698675667e-05  ,9.452251033103e-01  ,7.612966340649e-01  
  1.789842006211e-05  ,4.961483459167e-01  ,3.573841253430e-01  
  1.789918151144e-05  ,2.571074282596e-01  ,1.352307648769e-01  
  1.789955678788e-05  ,1.392346960264e-01  ,2.467693635177e-02  
  1.790000931752e-05  ,-2.927183739139e-03  ,-1.093211454660e-01  
  1.790052126553e-05  ,-1.637530781150e-01  ,-2.616182391989e-01  
  1.790079716985e-05  ,-2.504121155588e-01  ,-3.439447430397e-01  
  1.790106767249e-05  ,-3.353563138957e-01  ,-4.247939352669e-01  
  1.790112605477e-05  ,-3.536867583724e-01  ,-4.422589496314e-01  
  1.790123918718e-05  ,-3.892038072202e-01  ,-4.761172187098e-01  
  1.790143336794e-05  ,-4.501536494739e-01  ,-5.342718354753e-01  
  1.790163159995e-05  ,-5.123578107808e-01  ,-5.936860006981e-01  
  1.790202806397e-05  ,-6.367041087357e-01  ,-7.126275366204e-01  
  1.790255044280e-05  ,-8.003881877918e-01  ,-8.695035180810e-01  
  1.790309433519e-05  ,-9.705837028777e-01  ,-1.032929192419e+00  
  1.790361969425e-05  ,-1.134711235675e+00  ,-1.190773362233e+00  
  1.790387888132e-05  ,-1.215572838736e+00  ,-1.268614590895e+00  
  1.790396967363e-05  ,-1.243879584333e+00  ,-1.295874827981e+00  
  1.790412492510e-05  ,-1.292259493038e+00  ,-1.342478135053e+00  
  1.790427901242e-05  ,-1.340246231583e+00  ,-1.388716633113e+00  
  1.790458718706e-05  ,-1.436124365911e+00  ,-1.481139992590e+00  
  1.790514355917e-05  ,-1.608873771985e+00  ,-1.647775340525e+00  
  1.790625630338e-05  ,-1.952845397806e+00  ,-1.979875726933e+00  
  1.790848179181e-05  ,-2.633212537014e+00  ,-2.637097933499e+00  
  1.791251628120e-05  ,-3.831559365031e+00  ,-3.789778755540e+00  
  1.791972099264e-05  ,-5.806715071874e+00  ,-4.897820874846e+00  
  1.792385010440e-05  ,-6.811067357372e+00  ,-3.335954236791e+00  
  1.792758582552e-05  ,-7.621542984609e+00  ,-2.615403189002e+00  
  1.793426303585e-05  ,-8.802576939445e+00  ,-2.308928217016e+00  
  1.794122262318e-05  ,-9.622214232408e+00  ,-2.399995891698e+00  
  1.795444442351e-05  ,-9.902681602733e+00  ,-2.100186195936e+00  
  1.797161056121e-05  ,-7.782539969799e+00  ,-1.850667000072e+00  
  1.797473570724e-05  ,-7.129534490030e+00  ,-1.805461574843e+00  
  1.798098599930e-05  ,-5.624471107151e+00  ,-1.691931391087e+00  
  1.799348658342e-05  ,-2.032000140119e+00  ,-1.325968851174e+00  
  1.799584692736e-05  ,-1.301027650895e+00  ,-1.033285433944e+00  
  1.799643701334e-05  ,-1.117009292541e+00  ,-8.987737699717e-01  
  1.799746221323e-05  ,-7.964248706664e-01  ,-6.273569907304e-01  
  1.799790971373e-05  ,-6.562109298702e-01  ,-5.017846232648e-01  
  1.799818971586e-05  ,-5.684110086545e-01  ,-4.219724212097e-01  
  1.799842948486e-05  ,-4.931917259863e-01  ,-3.530348355717e-01  
  1.799870906789e-05  ,-4.054471157923e-01  ,-2.720804456695e-01  
  1.799926823397e-05  ,-2.298708300569e-01  ,-1.086931366753e-01  
  1.799980756287e-05  ,-6.045553885083e-02  ,5.031755369229e-02  
  1.800034642611e-05  ,1.088308245526e-01  ,2.101974261218e-01  
  1.800074405429e-05  ,2.337302614935e-01  ,3.286581390464e-01  
  1.800098731574e-05  ,3.101246551494e-01  ,4.012878080114e-01  
  1.800105218236e-05  ,3.304926438725e-01  ,4.206730627744e-01  
  1.800115347533e-05  ,3.622956586847e-01  ,4.509585278656e-01  
  1.800129783033e-05  ,4.076124653371e-01  ,4.941459150741e-01  
  1.800150395530e-05  ,4.723057178466e-01  ,5.558626078108e-01  
  1.800187373693e-05  ,5.883119182547e-01  ,6.667018195129e-01  
  1.800248785103e-05  ,7.807859553031e-01  ,8.510210397615e-01  
  1.800307709883e-05  ,9.651941645448e-01  ,1.028017875038e+00  
  1.800363775502e-05  ,1.140348363333e+00  ,1.196425019928e+00  
  1.800391361276e-05  ,1.226402403819e+00  ,1.279252046867e+00  
  1.800400318271e-05  ,1.254324323198e+00  ,1.306138358435e+00  
  1.800416188008e-05  ,1.303771020990e+00  ,1.353763776449e+00  
  1.800432006522e-05  ,1.353025870687e+00  ,1.401219268819e+00  
  1.800463643550e-05  ,1.451434110689e+00  ,1.496073181100e+00  
  1.800522372751e-05  ,1.633726171035e+00  ,1.671904229660e+00  
  1.800639831154e-05  ,1.996580043482e+00  ,2.022230854023e+00  
  1.800874747960e-05  ,2.713642412701e+00  ,2.714839063079e+00  
  1.801298015444e-05  ,3.965756241242e+00  ,3.917818301506e+00  
  1.802059464781e-05  ,6.027953888541e+00  ,4.624152736058e+00  
  1.802449353664e-05  ,6.957669649038e+00  ,3.200068632879e+00  
  1.802846097081e-05  ,7.796631869108e+00  ,2.546702768559e+00  
  1.803535499303e-05  ,8.960141090836e+00  ,2.302793077351e+00  
  1.804260366289e-05  ,9.731250161970e+00  ,2.375678838882e+00  
  1.805707716076e-05  ,9.753850991610e+00  ,2.057967896286e+00  
  1.807630859940e-05  ,6.774477417574e+00  ,1.806390585158e+00  
  1.807943374543e-05  ,6.020834260631e+00  ,1.723476558125e+00  
  1.808568403749e-05  ,4.347397120708e+00  ,1.587511325251e+00  
  1.808724661051e-05  ,3.900257408824e+00  ,1.545115952263e+00  
  1.809037175654e-05  ,2.978887105448e+00  ,1.441586470733e+00  
  1.809662204860e-05  ,1.059223991652e+00  ,8.601947044680e-01  
  1.809733329965e-05  ,8.367889770288e-01  ,6.676530703263e-01  
  1.809852949037e-05  ,4.618099187291e-01  ,3.264550414943e-01  
  1.809875624413e-05  ,3.906380104125e-01  ,2.604221088599e-01  
  1.809898693273e-05  ,3.182107412219e-01  ,1.929540532116e-01  
  1.809944830994e-05  ,1.733098676043e-01  ,5.726307885263e-02  
  1.809993697489e-05  ,1.979990858276e-02  ,-8.735490631793e-02  
  1.810040924857e-05  ,-1.285656880159e-01  ,-2.277971349437e-01  
  1.810076790089e-05  ,-2.412197813311e-01  ,-3.347966345211e-01  
  1.810109684403e-05  ,-3.445155257812e-01  ,-4.331386958738e-01  
  1.810118573877e-05  ,-3.724246737628e-01  ,-4.597438890912e-01  
  1.810127479649e-05  ,-4.003820782009e-01  ,-4.864096100945e-01  
  1.810141223642e-05  ,-4.435216166901e-01  ,-5.275821322128e-01  
  1.810155763915e-05  ,-4.891514970690e-01  ,-5.711643076810e-01  
  1.810176937534e-05  ,-5.555794430591e-01  ,-6.346679895944e-01  
  1.810219284772e-05  ,-6.883586479246e-01  ,-7.617859080527e-01  
  1.810270684464e-05  ,-8.493557792930e-01  ,-9.162049476468e-01  
  1.810321329786e-05  ,-1.007773614080e+00  ,-1.068405791150e+00  
  1.810364408112e-05  ,-1.142322779943e+00  ,-1.197843344908e+00  
  1.810387830875e-05  ,-1.215394292052e+00  ,-1.268194955736e+00  
  1.810395958992e-05  ,-1.240736234305e+00  ,-1.292602082104e+00  
  1.810409872952e-05  ,-1.284098472878e+00  ,-1.334374252726e+00  
  1.810424075621e-05  ,-1.328335152816e+00  ,-1.377000392906e+00  
  1.810452480959e-05  ,-1.416728296971e+00  ,-1.462207947340e+00  
  1.810502502295e-05  ,-1.572108572923e+00  ,-1.612080756311e+00  
  1.810602544966e-05  ,-1.881666174116e+00  ,-1.910926014921e+00  
  1.810802630308e-05  ,-2.494901768536e+00  ,-2.503335267970e+00  
  1.811170577230e-05  ,-3.595146195758e+00  ,-3.563307023923e+00  
  1.811827792945e-05  ,-5.431784506531e+00  ,-5.178433390339e+00  
  1.812221556129e-05  ,-6.426272937635e+00  ,-3.830946802666e+00  
  1.812589726570e-05  ,-7.267554633198e+00  ,-2.748367912063e+00  
  1.813214457753e-05  ,-8.467529529810e+00  ,-2.278576048405e+00  
  1.813883892419e-05  ,-9.391545987050e+00  ,-2.280104767814e+00  
  1.814859471443e-05  ,-9.990256199478e+00  ,-2.278391215543e+00  
  1.816670558574e-05  ,-8.654134171966e+00  ,-1.903126421433e+00  
  1.819170675399e-05  ,-2.576023720157e+00  ,-1.478944202789e+00  
  1.819483190002e-05  ,-1.616482577871e+00  ,-1.227368451430e+00  
  1.819561318653e-05  ,-1.373799632520e+00  ,-1.095033044637e+00  
  1.819690101939e-05  ,-9.720362058423e-01  ,-7.840621384862e-01  
  1.819806703525e-05  ,-6.068856294323e-01  ,-4.588406497982e-01  
  1.819865553799e-05  ,-4.222496226929e-01  ,-2.888490472660e-01  
  1.819887691336e-05  ,-3.527548727906e-01  ,-2.242918430324e-01  
  1.819914196777e-05  ,-2.695261324738e-01  ,-1.466524661662e-01  
  1.819957629005e-05  ,-1.331084754944e-01  ,-1.873287918547e-02  
  1.820004064749e-05  ,1.276978092165e-02  ,1.187958020133e-01  
  1.820055417875e-05  ,1.740915950619e-01  ,2.716093161797e-01  
  1.820080931457e-05  ,2.542262789380e-01  ,3.477506764407e-01  
  1.820098300623e-05  ,3.087714313562e-01  ,3.996543788653e-01  
  1.820104244790e-05  ,3.274361273389e-01  ,4.174288576276e-01  
  1.820115085384e-05  ,3.614726337639e-01  ,4.498590184048e-01  
  1.820133648972e-05  ,4.197472724365e-01  ,5.054318739432e-01  
  1.820158017027e-05  ,4.962212590821e-01  ,5.784470657490e-01  
  1.820206753137e-05  ,6.490775081879e-01  ,7.246538135720e-01  
  1.820264495137e-05  ,8.299801026899e-01  ,8.980752650040e-01  
  1.820325636464e-05  ,1.021233634374e+00  ,1.081793325366e+00  
  1.820365152481e-05  ,1.144645944807e+00  ,1.200510523640e+00  
  1.820389152663e-05  ,1.219515925078e+00  ,1.272588055485e+00  
  1.820397040966e-05  ,1.244109017029e+00  ,1.296272250059e+00  
  1.820410596366e-05  ,1.286352297155e+00  ,1.336963378344e+00  
  1.820426126170e-05  ,1.334719779207e+00  ,1.383566895650e+00  
  1.820457185777e-05  ,1.431358281965e+00  ,1.476720086199e+00  
  1.820498718108e-05  ,1.560366921448e+00  ,1.601147300669e+00  
  1.820581782768e-05  ,1.817565363995e+00  ,1.849402998526e+00  
  1.820747912089e-05  ,2.328075006640e+00  ,2.342542970293e+00  
  1.821080170731e-05  ,3.328701228745e+00  ,3.307789900784e+00  
  1.821662359099e-05  ,4.988275828745e+00  ,4.867740230068e+00  
  1.822083167891e-05  ,6.087201933649e+00  ,4.455512065273e+00  
  1.822491832236e-05  ,7.052900344150e+00  ,3.001352522146e+00  
  1.822887309054e-05  ,7.877050916921e+00  ,2.573140471622e+00  
  1.823502130965e-05  ,8.913102541152e+00  ,2.378239503334e+00  
  1.824182294468e-05  ,9.671848824938e+00  ,2.304794143201e+00  
  1.825542621473e-05  ,9.855052164089e+00  ,2.116033488639e+00  
  1.828042738299e-05  ,5.768702242806e+00  ,1.714232093811e+00  
  1.828355252902e-05  ,4.940245372599e+00  ,1.637682160437e+00  
  1.828980282108e-05  ,3.149024030478e+00  ,1.466241535882e+00  
  1.829136539409e-05  ,2.679495691865e+00  ,1.398960984670e+00  
  1.829449054013e-05  ,1.722218580107e+00  ,1.202006612092e+00  
  1.829527182663e-05  ,1.479943156353e+00  ,1.116067401478e+00  
  1.829683439965e-05  ,9.928641600281e-01  ,7.936170096420e-01  
  1.829809894944e-05  ,5.968776684388e-01  ,4.465557281070e-01  
  1.829873811612e-05  ,3.963286813736e-01  ,2.626471227966e-01  
  1.829898184324e-05  ,3.198088383760e-01  ,1.917096875005e-01  
  1.829927874888e-05  ,2.265683336529e-01  ,1.048297357728e-01  
  1.829969700585e-05  ,9.518698291384e-02  ,-1.827069292737e-02  
  1.830011330704e-05  ,-3.559638072799e-02  ,-1.414623260380e-01  
  1.830071624527e-05  ,-2.249961010919e-01  ,-3.207858668187e-01  
  1.830095270807e-05  ,-2.992573842112e-01  ,-3.913397011439e-01  
  1.830102129998e-05  ,-3.207958048830e-01  ,-4.118245450662e-01  
  1.830114130090e-05  ,-3.584734316785e-01  ,-4.476832611043e-01  
  1.830128260581e-05  ,-4.028334710218e-01  ,-4.899375037534e-01  
  1.830156041934e-05  ,-4.900238702691e-01  ,-5.730939257881e-01  
  1.830200787327e-05  ,-6.303737555751e-01  ,-7.072118162234e-01  
  1.830257234788e-05  ,-8.072476032254e-01  ,-8.766233649873e-01  
  1.830316196820e-05  ,-9.917287190960e-01  ,-1.053702460680e+00  
  1.830372467330e-05  ,-1.167472138401e+00  ,-1.222686092349e+00  
  1.830398413977e-05  ,-1.248388832300e+00  ,-1.300570609911e+00  
  1.830406644540e-05  ,-1.274039428262e+00  ,-1.325269848741e+00  
  1.830420525903e-05  ,-1.317281386019e+00  ,-1.366917854152e+00  
  1.830437599375e-05  ,-1.370432666262e+00  ,-1.418125575204e+00  
  1.830465017511e-05  ,-1.455704694652e+00  ,-1.500312759995e+00  
  1.830519853784e-05  ,-1.625918415955e+00  ,-1.664474773922e+00  
  1.830629526331e-05  ,-1.964847899211e+00  ,-1.991655188224e+00  
  1.830848871423e-05  ,-2.635310468837e+00  ,-2.639222702369e+00  
  1.831262974693e-05  ,-3.864460867233e+00  ,-3.821209130394e+00  
  1.831989555313e-05  ,-5.851274691388e+00  ,-4.842946643160e+00  
  1.832405372216e-05  ,-6.857764336628e+00  ,-3.285871794587e+00  
  1.832780508949e-05  ,-7.665956874671e+00  ,-2.597171151599e+00  
  1.833530782415e-05  ,-8.953551444264e+00  ,-2.283865324148e+00  
  1.834206252052e-05  ,-9.690697542689e+00  ,-2.386747214285e+00  
  1.835557191326e-05  ,-9.847183864987e+00  ,-2.081617123189e+00  
  1.837313442184e-05  ,-7.473116781214e+00  ,-1.858600539481e+00  
  1.837625956787e-05  ,-6.785799895598e+00  ,-1.781080365651e+00  
  1.838250985994e-05  ,-5.222344266602e+00  ,-1.660145690249e+00  
  1.839501044406e-05  ,-1.561103863251e+00  ,-1.227072155274e+00  
  1.839702731623e-05  ,-9.325392268067e-01  ,-7.590697247051e-01  
  1.839753153427e-05  ,-7.747143296918e-01  ,-6.173240775560e-01  
  1.839802578716e-05  ,-6.198197003986e-01  ,-4.756620790721e-01  
  1.839816350649e-05  ,-5.766314201322e-01  ,-4.358363768228e-01  
  1.839833475343e-05  ,-5.229140381349e-01  ,-3.861402269221e-01  
  1.839862253210e-05  ,-4.326092507579e-01  ,-3.022240182063e-01  
  1.839913652903e-05  ,-2.712341376071e-01  ,-1.512939418193e-01  
  1.839974244750e-05  ,-8.091162218447e-02  ,2.797749094651e-02  
  1.840029546684e-05  ,9.282231306694e-02  ,1.925402349745e-01  
  1.840072937003e-05  ,2.291183019154e-01  ,3.221287989433e-01  
  1.840097835912e-05  ,3.073121904595e-01  ,3.966357888023e-01  
  1.840104459944e-05  ,3.281116908169e-01  ,4.164733849222e-01  
  1.840114863981e-05  ,3.607775284257e-01  ,4.476437907220e-01  
  1.840128768627e-05  ,4.044282432280e-01  ,4.893232131312e-01  
  1.840150982999e-05  ,4.741492383276e-01  ,5.559562679458e-01  
  1.840187947192e-05  ,5.901104886957e-01  ,6.669334731593e-01  
  1.840249218904e-05  ,7.821446128442e-01  ,8.510778803893e-01  
  1.840308097117e-05  ,9.664050109409e-01  ,1.028121679859e+00  
  1.840364106857e-05  ,1.141382549803e+00  ,1.196505448194e+00  
  1.840391520337e-05  ,1.226898333675e+00  ,1.278876324242e+00  
  1.840400441243e-05  ,1.254707598513e+00  ,1.305673003865e+00  
  1.840416224832e-05  ,1.303885721006e+00  ,1.353071664232e+00  
  1.840432073614e-05  ,1.353234709379e+00  ,1.400648303187e+00  
  1.840463771178e-05  ,1.451830820225e+00  ,1.495739907914e+00  
  1.840521895020e-05  ,1.632245480310e+00  ,1.669850054233e+00  
  1.840638142704e-05  ,1.991382140069e+00  ,2.016725890388e+00  
  1.840870638071e-05  ,2.701213041690e+00  ,2.702535745758e+00  
  1.841289360701e-05  ,3.940781432352e+00  ,3.894064305290e+00  
  1.842046786724e-05  ,5.996126535757e+00  ,4.670444698876e+00  
  1.842431534706e-05  ,6.917352289048e+00  ,3.242062848302e+00  
  1.842822243153e-05  ,7.749486446060e+00  ,2.565321400373e+00  
  1.843503077208e-05  ,8.914449955012e+00  ,2.304498111572e+00  
  1.844218481957e-05  ,9.700107888033e+00  ,2.383043799587e+00  
  1.845624257504e-05  ,9.808307609009e+00  ,2.071325026255e+00  
  1.847480644165e-05  ,7.113934670474e+00  ,1.831221303459e+00  
  1.847793158768e-05  ,6.390785313256e+00  ,1.751240431514e+00  
  1.848418187975e-05  ,4.767386901029e+00  ,1.623399586654e+00  
  1.849440109609e-05  ,1.749891556344e+00  ,1.268082842265e+00  
  1.849652823685e-05  ,1.088525382917e+00  ,8.872135657483e-01  
  1.849706002204e-05  ,9.223086760170e-01  ,7.445168840746e-01  
  1.849786431222e-05  ,6.704428195893e-01  ,5.187815097247e-01  
  1.849832527033e-05  ,5.258891423572e-01  ,3.862469115070e-01  
  1.849842416514e-05  ,4.948609229312e-01  ,3.575946443019e-01  
  1.849851663383e-05  ,4.658445714850e-01  ,3.307453835794e-01  
  1.849870157121e-05  ,4.078003197666e-01  ,2.768862469858e-01  
  1.849907144597e-05  ,2.916724792889e-01  ,1.685985645659e-01  
  1.849955480239e-05  ,1.398583943049e-01  ,2.614719422623e-02  
  1.850010679728e-05  ,-3.355129199374e-02  ,-1.375437157144e-01  
  1.850065003774e-05  ,-2.042011840600e-01  ,-2.994215925501e-01  
  1.850089693135e-05  ,-2.817420075193e-01  ,-3.731913513896e-01  
  1.850096505760e-05  ,-3.031353412222e-01  ,-3.935646438390e-01  
  1.850109360340e-05  ,-3.434980544025e-01  ,-4.320271713835e-01  
  1.850121909911e-05  ,-3.828976587276e-01  ,-4.696000739334e-01  
  1.850147009055e-05  ,-4.616784000058e-01  ,-5.448066401695e-01  
  1.850194832469e-05  ,-6.117021320608e-01  ,-6.882846856459e-01  
  1.850254763077e-05  ,-7.995075919533e-01  ,-8.683073194614e-01  
  1.850315401489e-05  ,-9.892424001765e-01  ,-1.050558145424e+00  
  1.850373180742e-05  ,-1.169698031653e+00  ,-1.224179818391e+00  
  1.850400445210e-05  ,-1.254719964073e+00  ,-1.306062185166e+00  
  1.850408618730e-05  ,-1.280190741097e+00  ,-1.330601690910e+00  
  1.850422704984e-05  ,-1.324067205508e+00  ,-1.372883174884e+00  
  1.850439687651e-05  ,-1.376930987470e+00  ,-1.423839585307e+00  
  1.850465215203e-05  ,-1.456319143400e+00  ,-1.500390475848e+00  
  1.850516270307e-05  ,-1.614809363652e+00  ,-1.653301258216e+00  
  1.850618380514e-05  ,-1.930502870657e+00  ,-1.958126830864e+00  
  1.850822600928e-05  ,-2.555607828305e+00  ,-2.562028899705e+00  
  1.851225453821e-05  ,-3.755477111673e+00  ,-3.716969725781e+00  
  1.851914110985e-05  ,-5.657443709252e+00  ,-5.055080155883e+00  
  1.852314654198e-05  ,-6.647581704574e+00  ,-3.517380072392e+00  
  1.852682191339e-05  ,-7.463994707959e+00  ,-2.685178088352e+00  
  1.853323984352e-05  ,-8.645531359455e+00  ,-2.312985151949e+00  
  1.853999453988e-05  ,-9.510034952035e+00  ,-2.422537455885e+00  
  1.855198103395e-05  ,-9.980639641219e+00  ,-2.139943434880e+00  
  1.856748122182e-05  ,-8.529482555473e+00  ,-1.947970105699e+00  
  1.859248239007e-05  ,-2.339832743974e+00  ,-1.411715989139e+00  
  1.859560753611e-05  ,-1.375557913857e+00  ,-1.080839706250e+00  
  1.859638882261e-05  ,-1.132052824954e+00  ,-9.107838402320e-01  
  1.859773160350e-05  ,-7.120347391430e-01  ,-5.519968019658e-01  
  1.859830837157e-05  ,-5.311906222389e-01  ,-3.877608866434e-01  
  1.859844066594e-05  ,-4.896833284255e-01  ,-3.496431451872e-01  
  1.859857852497e-05  ,-4.464211386297e-01  ,-3.097756775920e-01  
  1.859885424302e-05  ,-3.598724497572e-01  ,-2.296440228295e-01  
  1.859940567911e-05  ,-1.867005653887e-01  ,-6.807847335064e-02  
  1.859995758087e-05  ,-1.332635879190e-02  ,9.495293680788e-02  
  1.860047912151e-05  ,1.505147784506e-01  ,2.499066063305e-01  
  1.860079344288e-05  ,2.492416198853e-01  ,3.436131802425e-01  
  1.860110697263e-05  ,3.476956124626e-01  ,4.372719495369e-01  
  1.860118598370e-05  ,3.725015698511e-01  ,4.609001532776e-01  
  1.860127904611e-05  ,4.017160631406e-01  ,4.887430342626e-01  
  1.860143208569e-05  ,4.497512283303e-01  ,5.345562728845e-01  
  1.860159257586e-05  ,5.001137508245e-01  ,5.826313926744e-01  
  1.860186931836e-05  ,5.869261831980e-01  ,6.655949774523e-01  
  1.860242280337e-05  ,7.604113969136e-01  ,8.317046299892e-01  
  1.860297740596e-05  ,9.340162713295e-01  ,9.982848343423e-01  
  1.860349289300e-05  ,1.095123838707e+00  ,1.153133222396e+00  
  1.860379063683e-05  ,1.188050959434e+00  ,1.242547028408e+00  
  1.860408861349e-05  ,1.280946675269e+00  ,1.331993063930e+00  
  1.860415344518e-05  ,1.301143692971e+00  ,1.351447465461e+00  
  1.860428310857e-05  ,1.341521451856e+00  ,1.390348205787e+00  
  1.860448541511e-05  ,1.404475905932e+00  ,1.451018522549e+00  
  1.860467635952e-05  ,1.463842652231e+00  ,1.508250723213e+00  
  1.860505824835e-05  ,1.582415984657e+00  ,1.622610929094e+00  
  1.860582202599e-05  ,1.818862317056e+00  ,1.850816079232e+00  
  1.860734958128e-05  ,2.288477980467e+00  ,2.304415007523e+00  
  1.861040469185e-05  ,3.210832075086e+00  ,3.194491429389e+00  
  1.861621763483e-05  ,4.877338510735e+00  ,4.770239877339e+00  
  1.862048905269e-05  ,6.001451623306e+00  ,4.616238414695e+00  
  1.862410295681e-05  ,6.869013579849e+00  ,3.212298292569e+00  
  1.862765725628e-05  ,7.636051747387e+00  ,2.580909382655e+00  
  1.863360207454e-05  ,8.702158656221e+00  ,2.335767184412e+00  
  1.864041041509e-05  ,9.549616855360e+00  ,2.406707261386e+00  
  1.865312557594e-05  ,9.951829530319e+00  ,2.125794025971e+00  
  1.867075961009e-05  ,7.947611537225e+00  ,1.893734568423e+00  
  1.869576077834e-05  ,1.327857329914e+00  ,1.140466491810e+00  
  1.869888592437e-05  ,3.499257277985e-01  ,2.327805629487e-01  
  1.869947601036e-05  ,1.646087663727e-01  ,5.693951995774e-02  
  1.870048295633e-05  ,-1.517193831778e-01  ,-2.444743448604e-01  
  1.870098428727e-05  ,-3.091736879706e-01  ,-3.950445171167e-01  
  1.870135178716e-05  ,-4.245488204440e-01  ,-5.055684126145e-01  
  1.870143013467e-05  ,-4.491389142908e-01  ,-5.291446078376e-01  
  1.870152583970e-05  ,-4.791731213768e-01  ,-5.579499971584e-01  
  1.870166551481e-05  ,-5.229981903783e-01  ,-5.999989570987e-01  
  1.870187056875e-05  ,-5.873183283201e-01  ,-6.617472443745e-01  
  1.870228067665e-05  ,-7.158828171691e-01  ,-7.852865793699e-01  
  1.870277418448e-05  ,-8.704328504744e-01  ,-9.339781499021e-01  
  1.870323775029e-05  ,-1.015416165516e+00  ,-1.073621659764e+00  
  1.870357791586e-05  ,-1.121669966043e+00  ,-1.176044989495e+00  
  1.870378229460e-05  ,-1.185448691667e+00  ,-1.237554435717e+00  
  1.870392841911e-05  ,-1.231018710134e+00  ,-1.281515694094e+00  
  1.870401497391e-05  ,-1.257999294374e+00  ,-1.307548448862e+00  
  1.870413027164e-05  ,-1.293925055126e+00  ,-1.342217283802e+00  
  1.870436086711e-05  ,-1.365725175791e+00  ,-1.411521972191e+00  
  1.870474731941e-05  ,-1.485891561567e+00  ,-1.527556815351e+00  
  1.870552022402e-05  ,-1.725549609145e+00  ,-1.759109553296e+00  
  1.870706603323e-05  ,-2.201673050119e+00  ,-2.219408354480e+00  
  1.870999932681e-05  ,-3.089968804677e+00  ,-3.077411294388e+00  
  1.871510371958e-05  ,-4.568913816286e+00  ,-4.486737929702e+00  
  1.871949881707e-05  ,-5.749748468617e+00  ,-4.953648682588e+00  
  1.872247793172e-05  ,-6.489207063102e+00  ,-3.675407395401e+00  
  1.872537807022e-05  ,-7.154553159915e+00  ,-2.855546834204e+00  
  1.873117834721e-05  ,-8.302168966697e+00  ,-2.342821237683e+00  
  1.873706654106e-05  ,-9.185828372143e+00  ,-2.462210846484e+00  
  1.874736026321e-05  ,-9.965632963365e+00  ,-2.287117632116e+00  
  1.875982657467e-05  ,-9.527260150528e+00  ,-2.024096827991e+00  
  1.878475919758e-05  ,-4.607179368523e+00  ,-1.648470008544e+00  
  1.878788434361e-05  ,-3.715004141854e+00  ,-1.531492541406e+00  
  1.879413463567e-05  ,-1.832248661865e+00  ,-1.249751766463e+00  
  1.879569720869e-05  ,-1.347648817806e+00  ,-1.055487977087e+00  
  1.879597576727e-05  ,-1.260884878780e+00  ,-1.000510459535e+00  
  1.879653288443e-05  ,-1.087073967232e+00  ,-8.718589721985e-01  
  1.879717158545e-05  ,-8.874037932388e-01  ,-7.054481662438e-01  
  1.879755030778e-05  ,-7.688340496535e-01  ,-6.015472934033e-01  
  1.879784595613e-05  ,-6.761964679378e-01  ,-5.187468940657e-01  
  1.879795438536e-05  ,-6.422065297730e-01  ,-4.880844977654e-01  
  1.879812723883e-05  ,-5.880059055998e-01  ,-4.389257479351e-01  
  1.879843438902e-05  ,-4.916529082526e-01  ,-3.508374009536e-01  
  1.879900165760e-05  ,-3.135870982385e-01  ,-1.861938310677e-01  
  1.879966382795e-05  ,-1.056096021390e-01  ,8.302945934410e-03  
  1.880030392595e-05  ,9.547970298959e-02  ,1.979379536329e-01  
  1.880078411587e-05  ,2.463123531036e-01  ,3.409391209118e-01  
  1.880106202253e-05  ,3.335823192439e-01  ,4.239196418117e-01  
  1.880113769249e-05  ,3.573405427521e-01  ,4.465366010029e-01  
  1.880123559777e-05  ,3.880770126298e-01  ,4.758137369970e-01  
  1.880139355008e-05  ,4.376568319510e-01  ,5.230765238752e-01  
  1.880158421510e-05  ,4.974904095237e-01  ,5.801712636574e-01  
  1.880189117902e-05  ,5.937819324267e-01  ,6.721765544068e-01  
  1.880250510686e-05  ,7.861903678829e-01  ,8.564127004169e-01  
  1.880307330676e-05  ,9.640084070992e-01  ,1.027063437293e+00  
  1.880362511539e-05  ,1.136403319354e+00  ,1.192794228672e+00  
  1.880389873796e-05  ,1.221764488343e+00  ,1.274943259379e+00  
  1.880398919266e-05  ,1.249963810683e+00  ,1.302093172892e+00  
  1.880415068400e-05  ,1.300283610388e+00  ,1.350553702825e+00  
  1.880430556294e-05  ,1.348511601839e+00  ,1.397014532537e+00  
  1.880461532083e-05  ,1.444870667076e+00  ,1.489882737668e+00  
  1.880521909725e-05  ,1.632291059667e+00  ,1.670643424423e+00  
  1.880642665010e-05  ,2.005302820531e+00  ,2.030755741533e+00  
  1.880884175581e-05  ,2.742136856244e+00  ,2.742396881129e+00  
  1.881309901756e-05  ,4.000008498332e+00  ,3.950476175723e+00  
  1.882082675975e-05  ,6.085975765876e+00  ,4.549696073747e+00  
  1.882526283544e-05  ,7.129213445999e+00  ,3.032618640754e+00  
  1.882927646321e-05  ,7.954484538209e+00  ,2.493999966695e+00  
  1.883730371874e-05  ,9.215022198767e+00  ,2.279782379285e+00  
  1.884458740634e-05  ,9.855777204665e+00  ,2.340282045855e+00  
  1.885915478152e-05  ,9.589257145143e+00  ,2.027125903240e+00  
  1.888124724310e-05  ,5.556422448751e+00  ,1.719606703494e+00  
  1.888437238914e-05  ,4.714690728189e+00  ,1.621840447971e+00  
  1.889062268120e-05  ,2.903543869993e+00  ,1.434175848663e+00  
  1.889218525421e-05  ,2.430486183398e+00  ,1.358008635700e+00  
  1.889531040025e-05  ,1.467957258852e+00  ,1.116041426093e+00  
  1.889594835621e-05  ,1.269427120320e+00  ,1.004544879161e+00  
  1.889707507026e-05  ,9.176011867363e-01  ,7.310114672282e-01  
  1.889779358563e-05  ,6.926105669024e-01  ,5.333052449291e-01  
  1.889824592900e-05  ,5.507788043765e-01  ,4.048478420549e-01  
  1.889837212321e-05  ,5.111896785393e-01  ,3.686311580542e-01  
  1.889850928374e-05  ,4.681511513378e-01  ,3.291139730591e-01  
  1.889878360481e-05  ,3.820488187938e-01  ,2.496448316909e-01  
  1.889933224693e-05  ,2.097654259820e-01  ,8.929564203520e-02  
  1.889989979491e-05  ,3.148030486615e-02  ,-7.808110551605e-02  
  1.890042338446e-05  ,-1.330062300456e-01  ,-2.334717632337e-01  
  1.890076885857e-05  ,-2.415205574058e-01  ,-3.363891022977e-01  
  1.890107181781e-05  ,-3.366578682121e-01  ,-4.268399763648e-01  
  1.890114933877e-05  ,-3.609969693893e-01  ,-4.500103058176e-01  
  1.890124052689e-05  ,-3.896243695087e-01  ,-4.772784699936e-01  
  1.890141487048e-05  ,-4.443483150990e-01  ,-5.294464920472e-01  
  1.890157794506e-05  ,-4.955230490463e-01  ,-5.782786652966e-01  
  1.890187121854e-05  ,-5.875221114125e-01  ,-6.661732978702e-01  
  1.890245776550e-05  ,-7.713628114993e-01  ,-8.421747965462e-01  
  1.890301506892e-05  ,-9.457960597998e-01  ,-1.009542710361e+00  
  1.890354834423e-05  ,-1.112437907614e+00  ,-1.169709434691e+00  
  1.890383933597e-05  ,-1.203240492392e+00  ,-1.257079627021e+00  
  1.890403058306e-05  ,-1.262863945576e+00  ,-1.314482294111e+00  
  1.890411386658e-05  ,-1.288814407305e+00  ,-1.339473645973e+00  
  1.890424851254e-05  ,-1.330750244118e+00  ,-1.379868563846e+00  
  1.890450262391e-05  ,-1.409828415319e+00  ,-1.456069252215e+00  
  1.890478928499e-05  ,-1.498927788686e+00  ,-1.541966672936e+00  
  1.890536260717e-05  ,-1.676754618674e+00  ,-1.713510563373e+00  
  1.890650925153e-05  ,-2.030718932433e+00  ,-2.055262464131e+00  
  1.890880254023e-05  ,-2.730287080952e+00  ,-2.730905525076e+00  
  1.891336080544e-05  ,-4.075249376472e+00  ,-4.022157336225e+00  
  1.892111536973e-05  ,-6.157668965039e+00  ,-4.449177640824e+00  
  1.892550748699e-05  ,-7.182899640448e+00  ,-2.985169766792e+00  
  1.892967832201e-05  ,-8.030357370596e+00  ,-2.467626617703e+00  
  1.893707451337e-05  ,-9.186817963169e+00  ,-2.294667749168e+00  
  1.894478586428e-05  ,-9.866136219294e+00  ,-2.335833587753e+00  
  1.896020856612e-05  ,-9.490113437853e+00  ,-2.010426044154e+00  
  1.898391631358e-05  ,-4.840558925005e+00  ,-1.669830566056e+00  
  1.898704145961e-05  ,-3.959521859623e+00  ,-1.555862827126e+00  
  1.899329175167e-05  ,-2.091892930638e+00  ,-1.305822817802e+00  
  1.899485432469e-05  ,-1.609529912880e+00  ,-1.169639749967e+00  
  1.899524496794e-05  ,-1.488287618746e+00  ,-1.121662787112e+00  
  1.899602625445e-05  ,-1.245148869823e+00  ,-9.866854353742e-01  
  1.899686817006e-05  ,-9.823067381046e-01  ,-7.850580050145e-01  
  1.899776698948e-05  ,-7.009456865396e-01  ,-5.403684593073e-01  
  1.899822561928e-05  ,-5.571494945868e-01  ,-4.103506935469e-01  
  1.899835463074e-05  ,-5.166778387051e-01  ,-3.733681455765e-01  
  1.899849404973e-05  ,-4.729317573719e-01  ,-3.332375186098e-01  
  1.899875319023e-05  ,-3.915966872518e-01  ,-2.582372408027e-01  
  1.899927147125e-05  ,-2.288540769624e-01  ,-1.069359274556e-01  
  1.899978714455e-05  ,-6.687001194829e-02  ,4.493101368445e-02  
  1.900030393545e-05  ,9.548268720900e-02  ,1.981003731464e-01  
  1.900069998038e-05  ,2.198875974251e-01  ,3.159817541575e-01  
  1.900093150717e-05  ,2.925998401718e-01  ,3.850515934752e-01  
  1.900099191508e-05  ,3.115688810756e-01  ,4.030900268526e-01  
  1.900109984372e-05  ,3.454573473850e-01  ,4.353351870130e-01  
  1.900122748148e-05  ,3.855291131262e-01  ,4.734933389002e-01  
  1.900147125517e-05  ,4.620438853740e-01  ,5.464376759030e-01  
  1.900185994264e-05  ,5.839857669513e-01  ,6.628948071599e-01  
  1.900248085540e-05  ,7.785949038811e-01  ,8.491989460789e-01  
  1.900308295545e-05  ,9.670254698983e-01  ,1.030016420642e+00  
  1.900365022403e-05  ,1.144239978246e+00  ,1.200378331765e+00  
  1.900392617491e-05  ,1.230319030839e+00  ,1.283219070642e+00  
  1.900401432459e-05  ,1.257796925386e+00  ,1.309674709650e+00  
  1.900417115931e-05  ,1.306661240019e+00  ,1.356733719862e+00  
  1.900433134679e-05  ,1.356537405842e+00  ,1.404782510103e+00  
  1.900465172176e-05  ,1.456185410746e+00  ,1.500821990905e+00  
  1.900522793104e-05  ,1.635028990248e+00  ,1.673310977680e+00  
  1.900638034959e-05  ,1.991050428420e+00  ,2.017011080492e+00  
  1.900868518670e-05  ,2.694801660826e+00  ,2.696708940779e+00  
  1.901292754729e-05  ,3.950578989672e+00  ,3.903567292277e+00  
  1.902043475230e-05  ,5.987797578602e+00  ,4.678940271879e+00  
  1.902465476115e-05  ,6.993960624495e+00  ,3.156522877386e+00  
  1.902847765405e-05  ,7.799912830688e+00  ,2.548346814548e+00  
  1.903612343986e-05  ,9.064714071826e+00  ,2.285739675938e+00  
  1.904311133940e-05  ,9.766738183928e+00  ,2.366662084764e+00  
  1.905708713849e-05  ,9.753159308326e+00  ,2.058890866602e+00  
  1.907654805501e-05  ,6.718951314305e+00  ,1.801703686945e+00  
  1.907967320104e-05  ,5.960600573719e+00  ,1.718885911298e+00  
  1.908592349310e-05  ,4.279528432298e+00  ,1.581493491362e+00  
  1.908748606612e-05  ,3.830878201435e+00  ,1.538305690066e+00  
  1.909061121215e-05  ,2.906991565302e+00  ,1.432075611793e+00  
  1.909515830149e-05  ,1.515205911280e+00  ,1.148539647043e+00  
  1.909599695746e-05  ,1.254280633675e+00  ,9.995736570703e-01  
  1.909767426942e-05  ,7.299998890100e-01  ,5.678041807063e-01  
  1.909844121356e-05  ,4.895114955738e-01  ,3.494246801697e-01  
  1.909872382340e-05  ,4.008153063458e-01  ,2.675868154026e-01  
  1.909902030994e-05  ,3.077301204754e-01  ,1.811687092465e-01  
  1.909953244422e-05  ,1.468816978367e-01  ,3.080560783309e-02  
  1.910008713995e-05  ,-2.737578762607e-02  ,-1.332607429417e-01  
  1.910062758644e-05  ,-1.971493205807e-01  ,-2.939976126859e-01  
  1.910087974202e-05  ,-2.763439238835e-01  ,-3.692222637009e-01  
  1.910095105805e-05  ,-2.987392455792e-01  ,-3.905191433516e-01  
  1.910107245595e-05  ,-3.368582327961e-01  ,-4.267934757145e-01  
  1.910119890627e-05  ,-3.765584654312e-01  ,-4.646030337818e-01  
  1.910145180692e-05  ,-4.559404766890e-01  ,-5.402920307346e-01  
  1.910195760821e-05  ,-6.146131471539e-01  ,-6.918960647071e-01  
  1.910255449284e-05  ,-8.016564576290e-01  ,-8.710588627038e-01  
  1.910316618551e-05  ,-9.930470852755e-01  ,-1.054795176819e+00  
  1.910374882091e-05  ,-1.175006120534e+00  ,-1.229784440802e+00  
  1.910401084852e-05  ,-1.256713551557e+00  ,-1.308443364966e+00  
  1.910409202492e-05  ,-1.282009572696e+00  ,-1.332805144849e+00  
  1.910423176988e-05  ,-1.325536978235e+00  ,-1.374734645225e+00  
  1.910440320308e-05  ,-1.378899578495e+00  ,-1.426153665209e+00  
  1.910465596403e-05  ,-1.457503939430e+00  ,-1.501923580244e+00  
  1.910516148592e-05  ,-1.614432003334e+00  ,-1.653281473034e+00  
  1.910617252971e-05  ,-1.927027103358e+00  ,-1.955039851270e+00  
  1.910819461728e-05  ,-2.546071990777e+00  ,-2.552989217754e+00  
  1.911221867586e-05  ,-3.745032914783e+00  ,-3.707044671644e+00  
  1.911906203414e-05  ,-5.636941736390e+00  ,-5.073671733936e+00  
  1.912304287935e-05  ,-6.623217355461e+00  ,-3.546295931231e+00  
  1.912670893753e-05  ,-7.440327609934e+00  ,-2.696985212101e+00  
  1.913309035982e-05  ,-8.621835918302e+00  ,-2.313739338325e+00  
  1.913981674398e-05  ,-9.492617052819e+00  ,-2.425750649746e+00  
  1.915163336481e-05  ,-9.986837425568e+00  ,-2.145640520255e+00  
  1.916690407480e-05  ,-8.622721527837e+00  ,-1.956929580833e+00  
  1.919190524305e-05  ,-2.515721343396e+00  ,-1.433008804363e+00  
  1.919503038908e-05  ,-1.554914467498e+00  ,-1.161698374902e+00  
  1.919581167559e-05  ,-1.312007392034e+00  ,-1.036989830931e+00  
  1.919709466557e-05  ,-9.114709376976e-01  ,-7.272313757745e-01  
  1.919784838493e-05  ,-6.754351835987e-01  ,-5.186433513899e-01  
  1.919835074032e-05  ,-5.178984119126e-01  ,-3.752913113794e-01  
  1.919848606149e-05  ,-4.754385118163e-01  ,-3.362720223967e-01  
  1.919861735469e-05  ,-4.342342531258e-01  ,-2.982818727643e-01  
  1.919887994109e-05  ,-3.518042738612e-01  ,-2.219441067748e-01  
  1.919940511389e-05  ,-1.868781034036e-01  ,-6.808967895132e-02  
  1.919994034498e-05  ,-1.874116748373e-02  ,8.996339738436e-02  
  1.920044633253e-05  ,1.402149052058e-01  ,2.402366669136e-01  
  1.920076708003e-05  ,2.409619730852e-01  ,3.358258490510e-01  
  1.920109509184e-05  ,3.439653852129e-01  ,4.337884319325e-01  
  1.920117818909e-05  ,3.700545088958e-01  ,4.586347028369e-01  
  1.920126468568e-05  ,3.972082002846e-01  ,4.845092460665e-01  
  1.920140103130e-05  ,4.400048627743e-01  ,5.253171212284e-01  
  1.920154655045e-05  ,4.856720199962e-01  ,5.688971340920e-01  
  1.920177123203e-05  ,5.561618358840e-01  ,6.362318847904e-01  
  1.920222059517e-05  ,6.970548274796e-01  ,7.710376629210e-01  
  1.920275694384e-05  ,8.650369725987e-01  ,9.320910057731e-01  
  1.920325929924e-05  ,1.022150740910e+00  ,1.082992007228e+00  
  1.920364468052e-05  ,1.142509853906e+00  ,1.198740363595e+00  
  1.920386389057e-05  ,1.210898143273e+00  ,1.264559066981e+00  
  1.920394248255e-05  ,1.235403144395e+00  ,1.288151478432e+00  
  1.920407398530e-05  ,1.276388817223e+00  ,1.327619837567e+00  
  1.920421489440e-05  ,1.320281988454e+00  ,1.369899893962e+00  
  1.920449671262e-05  ,1.407989852799e+00  ,1.454418518401e+00  
  1.920499860235e-05  ,1.563910970401e+00  ,1.604768642086e+00  
  1.920600238182e-05  ,1.874548158123e+00  ,1.904588070045e+00  
  1.920800994076e-05  ,2.489923619142e+00  ,2.498992705916e+00  
  1.921162086465e-05  ,3.570242382017e+00  ,3.539856294664e+00  
  1.921816172936e-05  ,5.401097870880e+00  ,5.175014193507e+00  
  1.922211351730e-05  ,6.401677743622e+00  ,3.887231283996e+00  
  1.922582800426e-05  ,7.252591180851e+00  ,2.754225612346e+00  
  1.923193226494e-05  ,8.431857969814e+00  ,2.277490982444e+00  
  1.923856328168e-05  ,9.361449083035e+00  ,2.280493326884e+00  
  1.924802253880e-05  ,9.980709387762e+00  ,2.288354961831e+00  
  1.926577578225e-05  ,8.796783886946e+00  ,1.917549824487e+00  
  1.929077695050e-05  ,2.857132738538e+00  ,1.509779327666e+00  
  1.929390209653e-05  ,1.904016721072e+00  ,1.271917033001e+00  
  1.929468338304e-05  ,1.662509177688e+00  ,1.197256067727e+00  
  1.929624595605e-05  ,1.176635602101e+00  ,9.418923721586e-01  
  1.929766771310e-05  ,7.320541081722e-01  ,5.694180158814e-01  
  1.929835270085e-05  ,5.172833197210e-01  ,3.747066452190e-01  
  1.929855123554e-05  ,4.549856529841e-01  ,3.174104214886e-01  
  1.929874706939e-05  ,3.935181231010e-01  ,2.606119795127e-01  
  1.929913873710e-05  ,2.705407056789e-01  ,1.462983324317e-01  
  1.929962656387e-05  ,1.173157298619e-01  ,2.832200135691e-03  
  1.930013497286e-05  ,-4.240284777462e-02  ,-1.476677314651e-01  
  1.930071593188e-05  ,-2.248976716115e-01  ,-3.205477063248e-01  
  1.930094894879e-05  ,-2.980768973016e-01  ,-3.900977630683e-01  
  1.930101602730e-05  ,-3.191401908932e-01  ,-4.101369350351e-01  
  1.930113353693e-05  ,-3.560358653995e-01  ,-4.452612128169e-01  
  1.930127300248e-05  ,-3.998189256641e-01  ,-4.869761341347e-01  
  1.930154080429e-05  ,-4.838689307381e-01  ,-5.671524644965e-01  
  1.930197950379e-05  ,-6.214786961163e-01  ,-6.986664234479e-01  
  1.930254034624e-05  ,-7.972263956854e-01  ,-8.670096153383e-01  
  1.930311711431e-05  ,-9.777059401593e-01  ,-1.040251029707e+00  
  1.930366706029e-05  ,-1.149494346143e+00  ,-1.205428761058e+00  
  1.930392624736e-05  ,-1.230341620899e+00  ,-1.283244218170e+00  
  1.930401194068e-05  ,-1.257053943398e+00  ,-1.308965185160e+00  
  1.930416004425e-05  ,-1.303199200775e+00  ,-1.353409043041e+00  
  1.930432237378e-05  ,-1.353744454167e+00  ,-1.402105704577e+00  
  1.930464703283e-05  ,-1.454728025959e+00  ,-1.499439162947e+00  
  1.930521821296e-05  ,-1.632016976803e+00  ,-1.670438682343e+00  
  1.930636057323e-05  ,-1.984961513459e+00  ,-2.011179695437e+00  
  1.930864529377e-05  ,-2.682730452840e+00  ,-2.685133909746e+00  
  1.931287275320e-05  ,-3.934759332365e+00  ,-3.888463150872e+00  
  1.932032333380e-05  ,-5.959726448129e+00  ,-4.715294989003e+00  
  1.932411418921e-05  ,-6.871577683129e+00  ,-3.285145866950e+00  
  1.932793633706e-05  ,-7.692368352051e+00  ,-2.587790602233e+00  
  1.933464632994e-05  ,-8.859073999004e+00  ,-2.307393174561e+00  
  1.934168042308e-05  ,-9.660375900525e+00  ,-2.391486323928e+00  
  1.935531051523e-05  ,-9.861153322232e+00  ,-2.086508618408e+00  
  1.937315316564e-05  ,-7.469202707449e+00  ,-1.857949461264e+00  
  1.937627831167e-05  ,-6.781473432194e+00  ,-1.780726408905e+00  
  1.938252860373e-05  ,-5.217321604781e+00  ,-1.659754837649e+00  
  1.939502918786e-05  ,-1.555287250823e+00  ,-1.224865898174e+00  
  1.939703153140e-05  ,-9.312207557277e-01  ,-7.579936954896e-01  
  1.939753211728e-05  ,-7.745317226891e-01  ,-6.172151652044e-01  
  1.939802236548e-05  ,-6.208925821814e-01  ,-4.766928651962e-01  
  1.939815924662e-05  ,-5.779674656639e-01  ,-4.371104758754e-01  
  1.939833163443e-05  ,-5.238925575765e-01  ,-3.870840927098e-01  
  1.939862090322e-05  ,-4.331204998640e-01  ,-3.027325758106e-01  
  1.939913508641e-05  ,-2.716871826131e-01  ,-1.517449253973e-01  
  1.939974137741e-05  ,-8.124778971283e-02  ,2.763967775631e-02  
  1.940029514181e-05  ,9.272020577507e-02  ,1.924268714248e-01  
  1.940072960379e-05  ,2.291917211153e-01  ,3.221845777787e-01  
  1.940097882571e-05  ,3.074587055802e-01  ,3.967624932040e-01  
  1.940104513588e-05  ,3.282801281893e-01  ,4.166213330257e-01  
  1.940114916461e-05  ,3.609422919091e-01  ,4.477887458255e-01  
  1.940128830420e-05  ,4.046222135507e-01  ,4.894967164037e-01  
  1.940151035479e-05  ,4.743139236929e-01  ,5.561027619826e-01  
  1.940187976389e-05  ,5.902020537845e-01  ,6.670113583359e-01  
  1.940249238788e-05  ,7.822068880645e-01  ,8.511294489472e-01  
  1.940308098374e-05  ,9.664089423282e-01  ,1.028118482927e+00  
  1.940364098801e-05  ,1.141357406707e+00  ,1.196475224554e+00  
  1.940391507624e-05  ,1.226858697725e+00  ,1.278832533426e+00  
  1.940400428530e-05  ,1.254667976452e+00  ,1.305629345057e+00  
  1.940416214448e-05  ,1.303853376427e+00  ,1.353035222046e+00  
  1.940432060902e-05  ,1.353195139071e+00  ,1.400605088280e+00  
  1.940463753809e-05  ,1.451776831504e+00  ,1.495683142208e+00  
  1.940521877651e-05  ,1.632191645239e+00  ,1.669794004008e+00  
  1.940638125334e-05  ,1.991328666091e+00  ,2.016671093240e+00  
  1.940870620702e-05  ,2.701160503256e+00  ,2.702483109841e+00  
  1.941289268826e-05  ,3.940516154098e+00  ,3.893622969878e+00  
  1.942046992872e-05  ,5.996644818297e+00  ,4.665408762918e+00  
  1.942430846785e-05  ,6.915791436791e+00  ,3.241865924736e+00  
  1.942822151278e-05  ,7.749304019322e+00  ,2.564941139829e+00  
  1.943503283356e-05  ,8.914743397937e+00  ,2.304551996952e+00  
  1.944219209645e-05  ,9.700663298784e+00  ,2.382938959342e+00  
  1.945626028274e-05  ,9.807222069111e+00  ,2.071023268333e+00  
  1.947484501098e-05  ,7.105413758097e+00  ,1.830603249012e+00  
  1.947797015701e-05  ,6.381461004660e+00  ,1.750541222360e+00  
  1.948422044907e-05  ,4.756732092618e+00  ,1.622515480919e+00  
  1.949438751136e-05  ,1.754093317603e+00  ,1.268773198906e+00  
  1.949651651476e-05  ,1.092186030336e+00  ,8.901105259015e-01  
  1.949704876561e-05  ,9.258298571480e-01  ,7.474988762992e-01  
  1.949787289296e-05  ,6.677531414836e-01  ,5.162683610078e-01  
  1.949833357167e-05  ,5.232847891977e-01  ,3.837960951251e-01  
  1.949842527202e-05  ,4.945136130466e-01  ,3.572272494494e-01  
  1.949851422497e-05  ,4.666005160936e-01  ,3.314010627007e-01  
  1.949869213086e-05  ,4.107636085281e-01  ,2.795996771048e-01  
  1.949904794265e-05  ,2.990530440640e-01  ,1.754653445567e-01  
  1.949953474496e-05  ,1.461589768640e-01  ,3.204797425704e-02  
  1.950009772946e-05  ,-3.070256632821e-02  ,-1.348718416147e-01  
  1.950062187780e-05  ,-1.953562454519e-01  ,-2.910363684369e-01  
  1.950088693221e-05  ,-2.786019166940e-01  ,-3.702211721809e-01  
  1.950095816674e-05  ,-3.009715028293e-01  ,-3.915224237513e-01  
  1.950108042611e-05  ,-3.393607024982e-01  ,-4.281012845225e-01  
  1.950120859938e-05  ,-3.796014691960e-01  ,-4.664729472227e-01  
  1.950146494592e-05  ,-4.600638854794e-01  ,-5.432802734483e-01  
  1.950197763900e-05  ,-6.208939873334e-01  ,-6.970997574972e-01  
  1.950257359231e-05  ,-8.076372769385e-01  ,-8.761211955333e-01  
  1.950318565751e-05  ,-9.991339706467e-01  ,-1.060078903990e+00  
  1.950368177305e-05  ,-1.154085732749e+00  ,-1.209159672805e+00  
  1.950395511622e-05  ,-1.239341627317e+00  ,-1.291259238121e+00  
  1.950403540787e-05  ,-1.264367554309e+00  ,-1.315367701788e+00  
  1.950418155566e-05  ,-1.309899278933e+00  ,-1.359240044809e+00  
  1.950434055571e-05  ,-1.359403673204e+00  ,-1.406953663549e+00  
  1.950465855580e-05  ,-1.458309470688e+00  ,-1.502320080090e+00  
  1.950519965422e-05  ,-1.626264468042e+00  ,-1.664365469989e+00  
  1.950628185105e-05  ,-1.960716276415e+00  ,-1.987318477047e+00  
  1.950844624471e-05  ,-2.622437568121e+00  ,-2.626574569776e+00  
  1.951261707973e-05  ,-3.860790204557e+00  ,-3.817613247656e+00  
  1.951978453827e-05  ,-5.822956490874e+00  ,-4.875338666205e+00  
  1.952391812038e-05  ,-6.826696996890e+00  ,-3.316067899620e+00  
  1.952764788103e-05  ,-7.634149670342e+00  ,-2.609368653134e+00  
  1.953434520793e-05  ,-8.814796764531e+00  ,-2.309170250595e+00  
  1.954131224584e-05  ,-9.629842006376e+00  ,-2.398036328129e+00  
  1.955466964674e-05  ,-9.892586520856e+00  ,-2.096719094136e+00  
  1.957199671697e-05  ,-7.705789821392e+00  ,-1.876582549658e+00  
  1.957512186301e-05  ,-7.043944904505e+00  ,-1.800836765153e+00  
  1.958137215507e-05  ,-5.523752898674e+00  ,-1.683673418185e+00  
  1.959387273919e-05  ,-1.913070068400e+00  ,-1.302329473809e+00  
  1.959663392436e-05  ,-1.055514026491e+00  ,-8.515595420975e-01  
  1.959732422066e-05  ,-8.396311908389e-01  ,-6.669205912061e-01  
  1.959786205944e-05  ,-6.711489560266e-01  ,-5.163395992853e-01  
  1.959800646101e-05  ,-6.258794023361e-01  ,-4.752704738973e-01  
  1.959826574121e-05  ,-5.445639562535e-01  ,-4.010089595560e-01  
  1.959850974773e-05  ,-4.680055459541e-01  ,-3.305950499881e-01  
  1.959899776076e-05  ,-3.148107221696e-01  ,-1.885252315533e-01  
  1.959958570470e-05  ,-1.301510332374e-01  ,-1.568083508322e-02  
  1.960021797959e-05  ,6.847977360660e-02  ,1.716613413394e-01  
  1.960084410776e-05  ,2.651531940829e-01  ,3.582361049236e-01  
  1.960101356190e-05  ,3.183660571200e-01  ,4.088666416411e-01  
  1.960108055892e-05  ,3.394024008870e-01  ,4.288974190665e-01  
  1.960118977978e-05  ,3.736933103399e-01  ,4.615676577328e-01  
  1.960135257496e-05  ,4.247960936498e-01  ,5.102949324824e-01  
  1.960161017879e-05  ,5.056368768656e-01  ,5.874687084958e-01  
  1.960208273186e-05  ,6.538427382402e-01  ,7.292109357963e-01  
  1.960264823093e-05  ,8.310068473784e-01  ,8.990244725887e-01  
  1.960324520870e-05  ,1.017747153315e+00  ,1.078379947493e+00  
  1.960364539801e-05  ,1.142733784051e+00  ,1.198595078311e+00  
  1.960388493417e-05  ,1.217460275008e+00  ,1.270525939076e+00  
  1.960396469031e-05  ,1.242326171322e+00  ,1.294470184297e+00  
  1.960410129205e-05  ,1.284896847719e+00  ,1.335472353154e+00  
  1.960425575190e-05  ,1.333004292845e+00  ,1.381820669616e+00  
  1.960456467160e-05  ,1.429123887495e+00  ,1.474464849822e+00  
  1.960499708467e-05  ,1.563440041216e+00  ,1.604001524352e+00  
  1.960586191081e-05  ,1.831182063158e+00  ,1.862424686109e+00  
  1.960759156310e-05  ,2.362414546678e+00  ,2.375564473991e+00  
  1.961105086767e-05  ,3.402410661980e+00  ,3.378457621114e+00  
  1.961700313651e-05  ,5.091262275699e+00  ,4.955711493401e+00  
  1.962115534507e-05  ,6.167559403603e+00  ,4.307848108248e+00  
  1.962531425916e-05  ,7.140532901853e+00  ,2.913636332686e+00  
  1.962985687815e-05  ,8.063659634015e+00  ,2.531723849577e+00  
  1.963593133651e-05  ,9.039064879731e+00  ,2.378864914803e+00  
  1.964334987961e-05  ,9.782555445474e+00  ,2.289226211262e+00  
  1.965818696581e-05  ,9.671057304695e+00  ,2.072976530574e+00  
  1.968318813406e-05  ,5.039452194436e+00  ,1.662712742960e+00  
  1.968631328010e-05  ,4.168535202019e+00  ,1.571818908817e+00  
  1.969256357216e-05  ,2.315029034920e+00  ,1.346267316309e+00  
  1.969412614517e-05  ,1.834870808655e+00  ,1.234791975508e+00  
  1.969451678843e-05  ,1.714095060508e+00  ,1.199633644236e+00  
  1.969529807494e-05  ,1.471787311569e+00  ,1.111406765824e+00  
  1.969643149451e-05  ,1.118732217445e+00  ,8.942889147376e-01  
  1.969756454155e-05  ,7.643755362467e-01  ,5.968838337127e-01  
  1.969810061083e-05  ,5.963566582876e-01  ,4.460402955683e-01  
  1.969828184620e-05  ,5.395118629221e-01  ,3.942658012475e-01  
  1.969848988038e-05  ,4.742401260057e-01  ,3.344532752629e-01  
  1.969874566813e-05  ,3.939580030407e-01  ,2.604375345818e-01  
  1.969925724362e-05  ,2.333226246911e-01  ,1.111284881965e-01  
  1.969977198560e-05  ,7.163222271089e-02  ,-4.043112568796e-02  
  1.970028924216e-05  ,-9.086685443069e-02  ,-1.937138396434e-01  
  1.970069040936e-05  ,-2.168814912184e-01  ,-3.131079290954e-01  
  1.970092268121e-05  ,-2.898282597426e-01  ,-3.823956138100e-01  
  1.970098292614e-05  ,-3.087462811560e-01  ,-4.003843925002e-01  
  1.970109315981e-05  ,-3.433587790275e-01  ,-4.333167258780e-01  
  1.970121807345e-05  ,-3.825756724822e-01  ,-4.706588975702e-01  
  1.970146790073e-05  ,-4.609911806196e-01  ,-5.454124201777e-01  
  1.970186515637e-05  ,-5.856209053057e-01  ,-6.644370675323e-01  
  1.970247722157e-05  ,-7.774567615681e-01  ,-8.480870859983e-01  
  1.970307857656e-05  ,-9.656562384186e-01  ,-1.028680512451e+00  
  1.970364249237e-05  ,-1.141826927317e+00  ,-1.198036327997e+00  
  1.970391974710e-05  ,-1.228314993766e+00  ,-1.281269402046e+00  
  1.970400870005e-05  ,-1.256043938690e+00  ,-1.307966417676e+00  
  1.970416693176e-05  ,-1.305344490459e+00  ,-1.355445091383e+00  
  1.970432595509e-05  ,-1.354859189526e+00  ,-1.403145241039e+00  
  1.970464400175e-05  ,-1.453785906446e+00  ,-1.498488513023e+00  
  1.970522673028e-05  ,-1.634656837440e+00  ,-1.672931759674e+00  
  1.970639218735e-05  ,-1.994694773116e+00  ,-2.020510799004e+00  
  1.970872310149e-05  ,-2.706270383495e+00  ,-2.707759439457e+00  
  1.971294683563e-05  ,-3.956144963833e+00  ,-3.908677398235e+00  
  1.972052407610e-05  ,-6.010249133557e+00  ,-4.646524827304e+00  
  1.972439241754e-05  ,-6.934817014169e+00  ,-3.221927891992e+00  
  1.972832557904e-05  ,-7.769926307524e+00  ,-2.556760943653e+00  
  1.973517191755e-05  ,-8.934454964765e+00  ,-2.303963689813e+00  
  1.974236768829e-05  ,-9.713911616969e+00  ,-2.379773569914e+00  
  1.975661766874e-05  ,-9.784664833763e+00  ,-2.065342773752e+00  
  1.977548849928e-05  ,-6.961722143843e+00  ,-1.819986641039e+00  
  1.977861364531e-05  ,-6.224523279497e+00  ,-1.738761158055e+00  
  1.978486393737e-05  ,-4.577949778243e+00  ,-1.607492932336e+00  
  1.979235326099e-05  ,-2.379254363904e+00  ,-1.374085245443e+00  
  1.979422559189e-05  ,-1.804150220771e+00  ,-1.242891520710e+00  
  1.979469367462e-05  ,-1.659320890420e+00  ,-1.195665212842e+00  
  1.979562984007e-05  ,-1.368617187870e+00  ,-1.067608094260e+00  
  1.979586388143e-05  ,-1.295746457326e+00  ,-1.023487220842e+00  
  1.979633196416e-05  ,-1.149798791940e+00  ,-9.205254106480e-01  
  1.979695334258e-05  ,-9.556749253314e-01  ,-7.638084503056e-01  
  1.979753569859e-05  ,-7.734099965687e-01  ,-6.055893916301e-01  
  1.979784228998e-05  ,-6.773455826843e-01  ,-5.197931264054e-01  
  1.979796254701e-05  ,-6.396477450954e-01  ,-4.857867849699e-01  
  1.979814639008e-05  ,-5.819996664859e-01  ,-4.334800473170e-01  
  1.979841889507e-05  ,-4.965145305770e-01  ,-3.553267956424e-01  
  1.979896390504e-05  ,-3.254413576808e-01  ,-1.972535902838e-01  
  1.979960502750e-05  ,-1.240810867095e-01  ,-9.088777274021e-03  
  1.980027045748e-05  ,8.496570031605e-02  ,1.879478784605e-01  
  1.980078324369e-05  ,2.460384315849e-01  ,3.406345890872e-01  
  1.980107167429e-05  ,3.366128066275e-01  ,4.267596560213e-01  
  1.980115060388e-05  ,3.613941556286e-01  ,4.503521859817e-01  
  1.980124893990e-05  ,3.922653737900e-01  ,4.797600710879e-01  
  1.980140926708e-05  ,4.425896883681e-01  ,5.277366728601e-01  
  1.980160086342e-05  ,5.027140896302e-01  ,5.851140463878e-01  
  1.980191322901e-05  ,6.006967764384e-01  ,6.787443234739e-01  
  1.980253796019e-05  ,7.964791801317e-01  ,8.662329240868e-01  
  1.980316045620e-05  ,9.912560501648e-01  ,1.053196747438e+00  
  1.980373238139e-05  ,1.169877112936e+00  ,1.224957637806e+00  
  1.980400339626e-05  ,1.254390882724e+00  ,1.306310891868e+00  
  1.980408528280e-05  ,1.279908921499e+00  ,1.330884637287e+00  
  1.980422551670e-05  ,1.323589793534e+00  ,1.372958986590e+00  
  1.980439674035e-05  ,1.376888619171e+00  ,1.424313114098e+00  
  1.980465141051e-05  ,1.456088671500e+00  ,1.500652587334e+00  
  1.980516075083e-05  ,1.614204096071e+00  ,1.653148119035e+00  
  1.980617943146e-05  ,1.929154668347e+00  ,1.957169935749e+00  
  1.980821679272e-05  ,2.552808405004e+00  ,2.559555975639e+00  
  1.981224085130e-05  ,3.751491634408e+00  ,3.713275586054e+00  
  1.981911550202e-05  ,5.650808179014e+00  ,5.061889329322e+00  
  1.982310528793e-05  ,6.637893988876e+00  ,3.529349431986e+00  
  1.982677693405e-05  ,7.454583319448e+00  ,2.689944398566e+00  
  1.983317847290e-05  ,8.635826223581e+00  ,2.313281980228e+00  
  1.983992050328e-05  ,9.502817925220e+00  ,2.423872342597e+00  
  1.985183547177e-05  ,9.983379471545e+00  ,2.142332349077e+00  
  1.986723731198e-05  ,8.569230461086e+00  ,1.951756618672e+00  
  1.989223848023e-05  ,2.414262754316e+00  ,1.420944827824e+00  
  1.989467519261e-05  ,1.665046411417e+00  ,1.228418257724e+00  
  1.989890265205e-05  ,3.446737452795e-01  ,2.190329766220e-01  
  1.990068576225e-05  ,-2.154218985852e-01  ,-3.096047248841e-01  
  1.990162844696e-05  ,-5.113685674235e-01  ,-5.920010257322e-01  
  1.990184402485e-05  ,-5.789935065058e-01  ,-6.567172661154e-01  
  1.990205909052e-05  ,-6.464313041846e-01  ,-7.213101888209e-01  
  1.990248922185e-05  ,-7.812152936974e-01  ,-8.505667355121e-01  
  1.990295590759e-05  ,-9.272916710409e-01  ,-9.908645930912e-01  
  1.990340243020e-05  ,-1.066870657427e+00  ,-1.125098027486e+00  
  1.990373616964e-05  ,-1.171059045689e+00  ,-1.225393706946e+00  
  1.990404550843e-05  ,-1.267515211081e+00  ,-1.318310917635e+00  
  1.990413037520e-05  ,-1.293957316908e+00  ,-1.343792681828e+00  
  1.990424183123e-05  ,-1.328669888483e+00  ,-1.377250674461e+00  
  1.990439445172e-05  ,-1.376176468680e+00  ,-1.423050809580e+00  
  1.990455445294e-05  ,-1.425946480440e+00  ,-1.471045377679e+00  
  1.990480660853e-05  ,-1.504308428028e+00  ,-1.546635374124e+00  
  1.990531091970e-05  ,-1.660744211963e+00  ,-1.697611790964e+00  
  1.990631954205e-05  ,-1.972326036758e+00  ,-1.998534420932e+00  
  1.990833678675e-05  ,-2.589238389279e+00  ,-2.594574899760e+00  
  1.991237127614e-05  ,-3.789441636121e+00  ,-3.749718641519e+00  
  1.991955885124e-05  ,-5.765169177984e+00  ,-4.953163633355e+00  
  1.992365294528e-05  ,-6.765585973334e+00  ,-3.390653187306e+00  
  1.992741623354e-05  ,-7.586942463939e+00  ,-2.629617867976e+00  
  1.993401372266e-05  ,-8.765142874110e+00  ,-2.308558239201e+00  
  1.994094127250e-05  ,-9.597773188498e+00  ,-2.405851880412e+00  
  1.995377564263e-05  ,-9.929734481265e+00  ,-2.110624883889e+00  
  1.997051262688e-05  ,-7.994464177132e+00  ,-1.867940258003e+00  
  1.997363777292e-05  ,-7.367112003090e+00  ,-1.824284652541e+00  
  1.997988806498e-05  ,-5.906265547071e+00  ,-1.713421113723e+00  
  1.999238864910e-05  ,-2.368454647986e+00  ,-1.395237931643e+00  
  1.999334006797e-05  ,-2.077047348539e+00  ,-1.321134735914e+00  
  1.999524294625e-05  ,-1.488915675673e+00  ,-1.130552809595e+00  
  1.999690982739e-05  ,-9.692821556637e-01  ,-7.768025708629e-01  
  1.999835561256e-05  ,-5.163698017056e-01  ,-3.743061169086e-01  
  1.999909908737e-05  ,-2.829922639353e-01  ,-1.582494884849e-01  
  1.999944572563e-05  ,-1.741216282815e-01  ,-5.644465758282e-02  
  1.999986910488e-05  ,-4.112180028389e-02  ,6.857891736497e-02  
  2.000000000000e-05  ,3.928773447457e-14  ,1.073566921535e-01  
