  Time                 , V(Vsin:+)            , V(D1:2)              
  0.000000000000e+00  ,0.000000000000e+00  ,1.176793038016e-15  
  2.500000000000e-10  ,1.570780177742e-03  ,1.567551770290e-03  
  4.737968146801e-10  ,2.976843258704e-03  ,2.969945835034e-03  
  9.213904440403e-10  ,5.788458472294e-03  ,5.773141522326e-03  
  1.816577702761e-09  ,1.140769964134e-02  ,1.136121120793e-02  
  3.606952220201e-09  ,2.261467945252e-02  ,2.245592577608e-02  
  7.187701255083e-09  ,4.477884199370e-02  ,4.423830028727e-02  
  1.211253502965e-08  ,7.428187396077e-02  ,7.298783097567e-02  
  1.714540222287e-08  ,1.025935827876e-01  ,1.003347185616e-01  
  2.249566414952e-08  ,1.298688927579e-01  ,1.265140153953e-01  
  2.766115167737e-08  ,1.527368372283e-01  ,1.483262625453e-01  
  3.038098612428e-08  ,1.631988197344e-01  ,1.582485824586e-01  
  3.180386075377e-08  ,1.682020416506e-01  ,1.629756184892e-01  
  3.374101170897e-08  ,1.744715995254e-01  ,1.688790461627e-01  
  3.624887713790e-08  ,1.816256809445e-01  ,1.755860207813e-01  
  4.126460799575e-08  ,1.925159411118e-01  ,1.856832249856e-01  
  4.778610119224e-08  ,1.995164513240e-01  ,1.918912155443e-01  
  5.556152710319e-08  ,1.969550317978e-01  ,1.887891425299e-01  
  6.567494520545e-08  ,1.762361044437e-01  ,1.680828739295e-01  
  7.527576336265e-08  ,1.401908801499e-01  ,1.327978340603e-01  
  8.467094549537e-08  ,9.263538089289e-02  ,8.662449753289e-02  
  8.925081738830e-08  ,6.626273197888e-02  ,6.112747685722e-02  
  9.024379351735e-08  ,6.034477219940e-02  ,5.541543425245e-02  
  9.122708389163e-08  ,5.442665612153e-02  ,4.970607550300e-02  
  9.319366464019e-08  ,4.244032251348e-02  ,3.814815651584e-02  
  9.712682613730e-08  ,1.802817978899e-02  ,1.463787922417e-02  
  1.005246634185e-07  ,-3.296408215183e-03  ,-5.864068144117e-03  
  1.046910280883e-07  ,-2.936802241238e-02  ,-3.088688455691e-02  
  1.074332142770e-07  ,-4.628093756006e-02  ,-4.709874617086e-02  
  1.102543766201e-07  ,-6.332147850360e-02  ,-6.341812770121e-02  
  1.158967013061e-07  ,-9.578146613599e-02  ,-9.442795660512e-02  
  1.205361778438e-07  ,-1.202657454620e-01  ,-1.177470211955e-01  
  1.255668098629e-07  ,-1.439170723811e-01  ,-1.401996526258e-01  
  1.286006862819e-07  ,-1.564808475626e-01  ,-1.520799686416e-01  
  1.320760096014e-07  ,-1.691210048635e-01  ,-1.639786942849e-01  
  1.331302667558e-07  ,-1.725636080488e-01  ,-1.672090815630e-01  
  1.348731438220e-07  ,-1.778380325783e-01  ,-1.721436943267e-01  
  1.383588979542e-07  ,-1.867735887331e-01  ,-1.804557633026e-01  
  1.453304062188e-07  ,-1.978517790549e-01  ,-1.905318429369e-01  
  1.525172362626e-07  ,-1.993749405032e-01  ,-1.913920190343e-01  
  1.598247657120e-07  ,-1.905486560420e-01  ,-1.823007165388e-01  
  1.699203024209e-07  ,-1.620972276078e-01  ,-1.541981809282e-01  
  1.789414654076e-07  ,-1.228718094317e-01  ,-1.159505869044e-01  
  1.838238308728e-07  ,-9.731924094992e-02  ,-9.116721921478e-02  
  1.865868786871e-07  ,-8.180505361802e-02  ,-7.615544312939e-02  
  1.883010710180e-07  ,-7.186279924910e-02  ,-6.654705258294e-02  
  1.905723805130e-07  ,-5.837323766886e-02  ,-5.352374577708e-02  
  1.951149995029e-07  ,-3.057302314057e-02  ,-2.672386362364e-02  
  1.988671118915e-07  ,-7.116643253851e-03  ,-4.151815411775e-03  
  2.021114672124e-07  ,1.325701261069e-02  ,1.542368547924e-02  
  2.040136004388e-07  ,2.515142466872e-02  ,2.684131146128e-02  
  2.064614886940e-07  ,4.032048330598e-02  ,4.138636138653e-02  
  2.095002079904e-07  ,5.880931411592e-02  ,5.908832674171e-02  
  2.155776465833e-07  ,9.401684484562e-02  ,9.273122606600e-02  
  2.212251866758e-07  ,1.236963160715e-01  ,1.210023881782e-01  
  2.271841610372e-07  ,1.507849146259e-01  ,1.466931113064e-01  
  2.301547075212e-07  ,1.623728457386e-01  ,1.576312448480e-01  
  2.330768252313e-07  ,1.723936217054e-01  ,1.670438804424e-01  
  2.354096020162e-07  ,1.793549113538e-01  ,1.735573611604e-01  
  2.379427994192e-07  ,1.858226923567e-01  ,1.795752097536e-01  
  2.430091942251e-07  ,1.951959461666e-01  ,1.881710565163e-01  
  2.506400788724e-07  ,1.999595654983e-01  ,1.921065995059e-01  
  2.587552512586e-07  ,1.924820885939e-01  ,1.842425137115e-01  
  2.695109094083e-07  ,1.635905196609e-01  ,1.556612166561e-01  
  2.791758025587e-07  ,1.217067403207e-01  ,1.148179570384e-01  
  2.843599165380e-07  ,9.436291838396e-02  ,8.830324856792e-02  
  2.868484104574e-07  ,8.030280343420e-02  ,7.470167905797e-02  
  2.886322657168e-07  ,6.991695991087e-02  ,6.466625215470e-02  
  2.910041580498e-07  ,5.577313229343e-02  ,5.101395796505e-02  
  2.957479427159e-07  ,2.663707889972e-02  ,2.293307412592e-02  
  2.992325792611e-07  ,4.821379604347e-03  ,1.944688518986e-03  
  3.026263187230e-07  ,-1.648293079021e-02  ,-1.852101419488e-02  
  3.045414904654e-07  ,-2.843831390232e-02  ,-2.999429716281e-02  
  3.065758714974e-07  ,-4.102415330382e-02  ,-4.206396923157e-02  
  3.106230268776e-07  ,-6.551432255972e-02  ,-6.551401066157e-02  
  3.173516462147e-07  ,-1.037038056954e-01  ,-1.019750224979e-01  
  3.222407172024e-07  ,-1.286465202553e-01  ,-1.257141488056e-01  
  3.275537262261e-07  ,-1.523002117553e-01  ,-1.481328082330e-01  
  3.302839914858e-07  ,-1.628457723034e-01  ,-1.580817158124e-01  
  3.329073409140e-07  ,-1.718513154847e-01  ,-1.665396191681e-01  
  3.353172312081e-07  ,-1.790973442153e-01  ,-1.733203687014e-01  
  3.378884265721e-07  ,-1.856960865991e-01  ,-1.794605840305e-01  
  3.430308173001e-07  ,-1.952255001582e-01  ,-1.881994235401e-01  
  3.502318034470e-07  ,-1.999946968049e-01  ,-1.921755727738e-01  
  3.584572444260e-07  ,-1.929821968159e-01  ,-1.847477539371e-01  
  3.693306217492e-07  ,-1.642395646981e-01  ,-1.562977760068e-01  
  3.791162143052e-07  ,-1.220036269883e-01  ,-1.151063843317e-01  
  3.843688736260e-07  ,-9.431329354026e-02  ,-8.825511165682e-02  
  3.869419316351e-07  ,-7.976429249045e-02  ,-7.418092035447e-02  
  3.887138659656e-07  ,-6.943637075822e-02  ,-6.420190047814e-02  
  3.910697395504e-07  ,-5.537729987715e-02  ,-5.063192167156e-02  
  3.957814867198e-07  ,-2.642817861439e-02  ,-2.273189866689e-02  
  3.992497319877e-07  ,-4.713636469989e-03  ,-1.841107979621e-03  
  4.026576275527e-07  ,1.667897275073e-02  ,1.870919659218e-02  
  4.045754069984e-07  ,2.864923626593e-02  ,3.019658506343e-02  
  4.065878088176e-07  ,4.109755996922e-02  ,4.213428561584e-02  
  4.106126124561e-07  ,6.545249364219e-02  ,6.545474489488e-02  
  4.173173899353e-07  ,1.035197024897e-01  ,1.017994395901e-01  
  4.222012455165e-07  ,1.284565289665e-01  ,1.255335332789e-01  
  4.275082940757e-07  ,1.521150327825e-01  ,1.479576519892e-01  
  4.302366966903e-07  ,1.626730770134e-01  ,1.579189690783e-01  
  4.328604186475e-07  ,1.717003145083e-01  ,1.663979840420e-01  
  4.353060717285e-07  ,1.790661249232e-01  ,1.732912423401e-01  
  4.378310734928e-07  ,1.855619542597e-01  ,1.793362583116e-01  
  4.428810770214e-07  ,1.950189906319e-01  ,1.880133937063e-01  
  4.501230413616e-07  ,1.999985058250e-01  ,1.921885064260e-01  
  4.583618933856e-07  ,1.931386429169e-01  ,1.849059234072e-01  
  4.692993457019e-07  ,1.643516244016e-01  ,1.564077097964e-01  
  4.791341120899e-07  ,1.219144996985e-01  ,1.150197570862e-01  
  4.844113583267e-07  ,9.407781442950e-02  ,8.802702825713e-02  
  4.869642997682e-07  ,7.963539074262e-02  ,7.405620100682e-02  
  4.887395868599e-07  ,6.928479140087e-02  ,6.405540296828e-02  
  4.911040286124e-07  ,5.517024657064e-02  ,5.043208817578e-02  
  4.958329121172e-07  ,2.610786237863e-02  ,2.242344619880e-02  
  4.993279794753e-07  ,4.222115822002e-03  ,1.368521168530e-03  
  5.028077731431e-07  ,-1.761889004909e-02  ,-1.961154056203e-02  
  5.047531197369e-07  ,-2.975387067608e-02  ,-3.125616777095e-02  
  5.066742519438e-07  ,-4.162895520562e-02  ,-4.264365079139e-02  
  5.105165163577e-07  ,-6.488165524009e-02  ,-6.490846644330e-02  
  5.165015677512e-07  ,-9.910028999593e-02  ,-9.759543250213e-02  
  5.212259809077e-07  ,-1.237002374121e-01  ,-1.210176791315e-01  
  5.264436224997e-07  ,-1.476875856877e-01  ,-1.437730644052e-01  
  5.292066703141e-07  ,-1.588235550996e-01  ,-1.542931079160e-01  
  5.321291605532e-07  ,-1.692990384414e-01  ,-1.641473958016e-01  
  5.331098432243e-07  ,-1.724987024535e-01  ,-1.671495158091e-01  
  5.349996829927e-07  ,-1.782004005635e-01  ,-1.724834154009e-01  
  5.387793625295e-07  ,-1.877020425532e-01  ,-1.813147891053e-01  
  5.463387216032e-07  ,-1.986784415280e-01  ,-1.912405597294e-01  
  5.532685066164e-07  ,-1.989465428995e-01  ,-1.909157380854e-01  
  5.604836488664e-07  ,-1.892503251687e-01  ,-1.809995183427e-01  
  5.701291705072e-07  ,-1.613250201178e-01  ,-1.534415273050e-01  
  5.788418794572e-07  ,-1.233649146253e-01  ,-1.164301001281e-01  
  5.835625673234e-07  ,-9.875006424569e-02  ,-9.255371224406e-02  
  5.864850575626e-07  ,-8.238843075162e-02  ,-7.672019500918e-02  
  5.875367070138e-07  ,-7.632355485358e-02  ,-7.085778310819e-02  
  5.892261261642e-07  ,-6.640908938856e-02  ,-6.127640881868e-02  
  5.926049644649e-07  ,-4.604753125091e-02  ,-4.163059076997e-02  
  5.993626410663e-07  ,-4.004376696306e-03  ,-1.157539908921e-03  
  6.033062333763e-07  ,2.073634382443e-02  ,2.260614557640e-02  
  6.053629661500e-07  ,3.353731596565e-02  ,3.488854594673e-02  
  6.074442858398e-07  ,4.634861128585e-02  ,4.716573639052e-02  
  6.116069252193e-07  ,7.132302898375e-02  ,7.105873756128e-02  
  6.172738368213e-07  ,1.032854623018e-01  ,1.015662454920e-01  
  6.217397148311e-07  ,1.262204371553e-01  ,1.233967078319e-01  
  6.268776352108e-07  ,1.495126632315e-01  ,1.454850521101e-01  
  6.295292968452e-07  ,1.600473877979e-01  ,1.554313545949e-01  
  6.321828211248e-07  ,1.694783001838e-01  ,1.643064831461e-01  
  6.341177369058e-07  ,1.756165197479e-01  ,1.700623981898e-01  
  6.364922369421e-07  ,1.822605775809e-01  ,1.762627441607e-01  
  6.412412370145e-07  ,1.924760946316e-01  ,1.857014565725e-01  
  6.481985891759e-07  ,1.996798088189e-01  ,1.920436921554e-01  
  6.560962046087e-07  ,1.963432863922e-01  ,1.881715735110e-01  
  6.671528662145e-07  ,1.716574945862e-01  ,1.635797267910e-01  
  6.773854936063e-07  ,1.304358534476e-01  ,1.233019588883e-01  
  6.834338749349e-07  ,9.945241519096e-02  ,9.323121002566e-02  
  6.876173759401e-07  ,7.585481133075e-02  ,7.040033252170e-02  
  6.888761515319e-07  ,6.847922789024e-02  ,6.327555914653e-02  
  6.900868708789e-07  ,6.128405814665e-02  ,5.632942477162e-02  
  6.925083095729e-07  ,4.663830317695e-02  ,4.219920805940e-02  
  6.973511869609e-07  ,1.662378181204e-02  ,1.329425974210e-02  
  7.012739176452e-07  ,-8.002124058438e-03  ,-1.037876753256e-02  
  7.055065924823e-07  ,-3.442662430788e-02  ,-3.574017896426e-02  
  7.089793080986e-07  ,-5.567336063578e-02  ,-5.609265446388e-02  
  7.124959821403e-07  ,-7.651336256427e-02  ,-7.602094696819e-02  
  7.190748448074e-07  ,-1.128053105020e-01  ,-1.106390775231e-01  
  7.243893439472e-07  ,-1.386824258519e-01  ,-1.352266285088e-01  
  7.286406452358e-07  ,-1.566370830114e-01  ,-1.522182458461e-01  
  7.312002921998e-07  ,-1.661202022256e-01  ,-1.611507079215e-01  
  7.323441425860e-07  ,-1.700143178091e-01  ,-1.648105186748e-01  
  7.340071121752e-07  ,-1.752828598155e-01  ,-1.697469132185e-01  
  7.373330513537e-07  ,-1.843719437373e-01  ,-1.782258839773e-01  
  7.439849297106e-07  ,-1.964396851001e-01  ,-1.892843514457e-01  
  7.504460732043e-07  ,-1.999803616539e-01  ,-1.921417494224e-01  
  7.579368869364e-07  ,-1.938148696221e-01  ,-1.855893297343e-01  
  7.698712269366e-07  ,-1.622776535186e-01  ,-1.543743439852e-01  
  7.799920956194e-07  ,-1.175972264100e-01  ,-1.108254988794e-01  
  7.848550895751e-07  ,-9.160841683869e-02  ,-8.563541217805e-02  
  7.862867186368e-07  ,-8.352237413318e-02  ,-7.781355270352e-02  
  7.884581903517e-07  ,-7.094064676060e-02  ,-6.565441321613e-02  
  7.910714814961e-07  ,-5.536678274578e-02  ,-5.062082668942e-02  
  7.962980637848e-07  ,-2.320755242236e-02  ,-1.963189864761e-02  
  8.002811441720e-07  ,1.766457962902e-03  ,4.387190546714e-03  
  8.057886133492e-07  ,3.617079037460e-02  ,3.740542216276e-02  
  8.076844135821e-07  ,4.781497251918e-02  ,4.856604592320e-02  
  8.099739769995e-07  ,6.164787352295e-02  ,6.181391510889e-02  
  8.145531038344e-07  ,8.828734837364e-02  ,8.727348476083e-02  
  8.196828285754e-07  ,1.159389943463e-01  ,1.136211335423e-01  
  8.258675555289e-07  ,1.452228033559e-01  ,1.414144107175e-01  
  8.295555929244e-07  ,1.601464148374e-01  ,1.555197059178e-01  
  8.331113825142e-07  ,1.725035967625e-01  ,1.671423776049e-01  
  8.341317395270e-07  ,1.756586024929e-01  ,1.700985828690e-01  
  8.360890070498e-07  ,1.812028188302e-01  ,1.752730117078e-01  
  8.400035420954e-07  ,1.902181794529e-01  ,1.836284155891e-01  
  8.478326121867e-07  ,1.995365475320e-01  ,1.919396667946e-01  
  8.554962793887e-07  ,1.970258831216e-01  ,1.888856830644e-01  
  8.652207771838e-07  ,1.775672552027e-01  ,1.694049320970e-01  
  8.746085087359e-07  ,1.431499661944e-01  ,1.356848726637e-01  
  8.840945879519e-07  ,9.582950918450e-02  ,8.972926649470e-02  
  8.888219813406e-07  ,6.879891701404e-02  ,6.358705235623e-02  
  8.899395684302e-07  ,6.216440605353e-02  ,5.718134277355e-02  
  8.909778068364e-07  ,5.593211459676e-02  ,5.116728379116e-02  
  8.930542836487e-07  ,4.329572494589e-02  ,3.897974280035e-02  
  8.972072372735e-07  ,1.752494154305e-02  ,1.416337928345e-02  
  9.006862858832e-07  ,-4.311727310856e-03  ,-6.831525918688e-03  
  9.048772374690e-07  ,-3.052481895513e-02  ,-3.199639456298e-02  
  9.077349076569e-07  ,-4.812297557390e-02  ,-4.886108355295e-02  
  9.106849650443e-07  ,-6.588189540573e-02  ,-6.585663781335e-02  
  9.165850798190e-07  ,-9.955572548794e-02  ,-9.802031884416e-02  
  9.211522857249e-07  ,-1.233360564651e-01  ,-1.206598257324e-01  
  9.262753049433e-07  ,-1.469723818317e-01  ,-1.430838406817e-01  
  9.293460617363e-07  ,-1.593543236298e-01  ,-1.547795254104e-01  
  9.322052220404e-07  ,-1.695529915632e-01  ,-1.643779071817e-01  
  9.331665332019e-07  ,-1.726786870312e-01  ,-1.673110705674e-01  
  9.350817049444e-07  ,-1.784337814089e-01  ,-1.726939649459e-01  
  9.389120484293e-07  ,-1.879882437033e-01  ,-1.815766608293e-01  
  9.465727353990e-07  ,-1.988418217320e-01  ,-1.913766722998e-01  
  9.535248721540e-07  ,-1.987749815279e-01  ,-1.907237304762e-01  
  9.607079769075e-07  ,-1.887897544184e-01  ,-1.805384723545e-01  
  9.702387596071e-07  ,-1.609170771030e-01  ,-1.530432476907e-01  
  9.788650418222e-07  ,-1.232503325151e-01  ,-1.163200376860e-01  
  9.835350657403e-07  ,-9.890029275490e-02  ,-9.270025367379e-02  
  9.863949711025e-07  ,-8.290387223314e-02  ,-7.721951923166e-02  
  9.874304155409e-07  ,-7.694043453745e-02  ,-7.145480407082e-02  
  9.891364122331e-07  ,-6.694053235563e-02  ,-6.179042347608e-02  
  9.925484056175e-07  ,-4.639328088812e-02  ,-4.196455319102e-02  
  9.993723923862e-07  ,-3.943119441466e-03  ,-1.098906468809e-03  
  1.003342061728e-06  ,2.096023355862e-02  ,2.282090708747e-02  
  1.005439772695e-06  ,3.401297432985e-02  ,3.534461541921e-02  
  1.007482721895e-06  ,4.658350392639e-02  ,4.739085103805e-02  
  1.011568620294e-06  ,7.109812463074e-02  ,7.084386298608e-02  
  1.017225846142e-06  ,1.030271318054e-01  ,1.013200564825e-01  
  1.021685018629e-06  ,1.259536690382e-01  ,1.231431929616e-01  
  1.026810273021e-06  ,1.492312105806e-01  ,1.452186950485e-01  
  1.029462307185e-06  ,1.597946215096e-01  ,1.551928942663e-01  
  1.032147496432e-06  ,1.693603465233e-01  ,1.641955745659e-01  
  1.034031748265e-06  ,1.753573491519e-01  ,1.698196811947e-01  
  1.036406248301e-06  ,1.820374586983e-01  ,1.760549950766e-01  
  1.041155248374e-06  ,1.923285948100e-01  ,1.855667496004e-01  
  1.048126011580e-06  ,1.996534961158e-01  ,1.920245793856e-01  
  1.055967002600e-06  ,1.964961941178e-01  ,1.883292508163e-01  
  1.066774814814e-06  ,1.728643242880e-01  ,1.647670437202e-01  
  1.076904624194e-06  ,1.327112931291e-01  ,1.255159757185e-01  
  1.083291261882e-06  ,1.002288401043e-01  ,9.398339905762e-02  
  1.087209522218e-06  ,7.821967252586e-02  ,7.268635292989e-02  
  1.088401056319e-06  ,7.127617451455e-02  ,6.597751208213e-02  
  1.089637480170e-06  ,6.396564074213e-02  ,5.891841724869e-02  
  1.092110327870e-06  ,4.906624804502e-02  ,4.454060470961e-02  
  1.097056023270e-06  ,1.847119131545e-02  ,1.507191801690e-02  
  1.100988439709e-06  ,-6.209551793249e-03  ,-8.656897532285e-03  
  1.105475179344e-06  ,-3.423217908110e-02  ,-3.554708452353e-02  
  1.108662910253e-06  ,-5.376123095034e-02  ,-5.425900290835e-02  
  1.112058139831e-06  ,-7.396443798297e-02  ,-7.359359563655e-02  
  1.118502146989e-06  ,-1.098158383330e-01  ,-1.078032377544e-01  
  1.123424000531e-06  ,-1.342489316683e-01  ,-1.310373149911e-01  
  1.128783203155e-06  ,-1.571924570589e-01  ,-1.527542698835e-01  
  1.131552956492e-06  ,-1.673439202076e-01  ,-1.623115503462e-01  
  1.132758274168e-06  ,-1.713703127280e-01  ,-1.660925139196e-01  
  1.134503013879e-06  ,-1.767619863003e-01  ,-1.711410317531e-01  
  1.137940339237e-06  ,-1.858169755963e-01  ,-1.795723345898e-01  
  1.144814989954e-06  ,-1.973524848855e-01  ,-1.900953003217e-01  
  1.151648662478e-06  ,-1.997317954367e-01  ,-1.918027973882e-01  
  1.159045598894e-06  ,-1.919786073860e-01  ,-1.837350821486e-01  
  1.169722280890e-06  ,-1.628228896129e-01  ,-1.549084365747e-01  
  1.179120443255e-06  ,-1.219825711678e-01  ,-1.150859067623e-01  
  1.184195778757e-06  ,-9.527096187049e-02  ,-8.918272078025e-02  
  1.186711094767e-06  ,-8.109223325887e-02  ,-7.546526988863e-02  
  1.188469990581e-06  ,-7.087131971700e-02  ,-6.558843808967e-02  
  1.190822138876e-06  ,-5.687050578802e-02  ,-5.207303074020e-02  
  1.195526435465e-06  ,-2.801579482497e-02  ,-2.426075445760e-02  
  1.199087067932e-06  ,-5.735334988693e-03  ,-2.823438176719e-03  
  1.202378734440e-06  ,1.493212191172e-02  ,1.703214988680e-02  
  1.204269319266e-06  ,2.674456895218e-02  ,2.836960875541e-02  
  1.206475808710e-06  ,4.040860711281e-02  ,4.147412803606e-02  
  1.209993227810e-06  ,6.176292914035e-02  ,6.192602017136e-02  
  1.215826287359e-06  ,9.539284345912e-02  ,9.405641139572e-02  
  1.221666052431e-06  ,1.258610789026e-01  ,1.230625473273e-01  
  1.227468564600e-06  ,1.519528436078e-01  ,1.477947685678e-01  
  1.230390309781e-06  ,1.632326768088e-01  ,1.584396322115e-01  
  1.232913076371e-06  ,1.718697472053e-01  ,1.665550348595e-01  
  1.234425544232e-06  ,1.765337360376e-01  ,1.709239484071e-01  
  1.236353381962e-06  ,1.818996243137e-01  ,1.759298483088e-01  
  1.240209057420e-06  ,1.906131061581e-01  ,1.839923558708e-01  
  1.247920408338e-06  ,1.995733208714e-01  ,1.919644433899e-01  
  1.255740537733e-06  ,1.967563984993e-01  ,1.885978599995e-01  
  1.265947833151e-06  ,1.754190068913e-01  ,1.672829247725e-01  
  1.275606765836e-06  ,1.387000369688e-01  ,1.313471006075e-01  
  1.284937872976e-06  ,9.114573617218e-02  ,8.518260487364e-02  
  1.289606406778e-06  ,6.415059524385e-02  ,5.908761699782e-02  
  1.290601431817e-06  ,5.819862637080e-02  ,5.334374066208e-02  
  1.291586212307e-06  ,5.225192797974e-02  ,4.760779266212e-02  
  1.293555773288e-06  ,4.021424411703e-02  ,3.600234339450e-02  
  1.297494895250e-06  ,1.572379416259e-02  ,1.242060717424e-02  
  1.300981766969e-06  ,-6.167645807768e-03  ,-8.622608495860e-03  
  1.304887361318e-06  ,-3.058768219395e-02  ,-3.205671567704e-02  
  1.307963333517e-06  ,-4.951480006214e-02  ,-5.019576877906e-02  
  1.311064637691e-06  ,-6.812956456706e-02  ,-6.801651935049e-02  
  1.317267246038e-06  ,-1.032499984656e-01  ,-1.015487518104e-01  
  1.321881390601e-06  ,-1.269096932215e-01  ,-1.240599877146e-01  
  1.326996959239e-06  ,-1.500095784398e-01  ,-1.459636827091e-01  
  1.329648248345e-06  ,-1.604944696038e-01  ,-1.558621826912e-01  
  1.332251108676e-06  ,-1.697057291638e-01  ,-1.645275611088e-01  
  1.334281391889e-06  ,-1.761062352233e-01  ,-1.705269809877e-01  
  1.336658127099e-06  ,-1.826872612208e-01  ,-1.766680457416e-01  
  1.341411597520e-06  ,-1.927641718435e-01  ,-1.859692574627e-01  
  1.348360008985e-06  ,-1.997346087432e-01  ,-1.920886882383e-01  
  1.356347031385e-06  ,-1.960372049188e-01  ,-1.878595200438e-01  
  1.367993778974e-06  ,-1.688865261981e-01  ,-1.608571235177e-01  
  1.378323263913e-06  ,-1.259132404066e-01  ,-1.189040119400e-01  
  1.384055740625e-06  ,-9.604367952082e-02  ,-8.992916310845e-02  
  1.389502860099e-06  ,-6.476648172045e-02  ,-5.969289129342e-02  
  1.390419095248e-06  ,-5.929374195691e-02  ,-5.441058704596e-02  
  1.391312606126e-06  ,-5.390938815054e-02  ,-4.921584782835e-02  
  1.393099627882e-06  ,-4.301753076772e-02  ,-3.871227858189e-02  
  1.396673671395e-06  ,-2.086192124650e-02  ,-1.737106335209e-02  
  1.399900517851e-06  ,-6.250637586335e-04  ,2.090848151066e-03  
  1.404464743525e-06  ,2.796091616837e-02  ,2.953398127899e-02  
  1.406953982502e-06  ,4.334642966216e-02  ,4.428549623178e-02  
  1.409483454615e-06  ,5.870869504327e-02  ,5.900368847432e-02  
  1.414542398840e-06  ,8.822699018491e-02  ,8.721918686964e-02  
  1.419829330832e-06  ,1.166878186993e-01  ,1.143340066318e-01  
  1.426106444985e-06  ,1.462507438309e-01  ,1.424012985505e-01  
  1.429524026304e-06  ,1.600275265998e-01  ,1.554220672220e-01  
  1.432876787573e-06  ,1.717530338906e-01  ,1.664475774860e-01  
  1.433787341654e-06  ,1.746137238448e-01  ,1.691286603529e-01  
  1.435608449817e-06  ,1.799042512222e-01  ,1.740718875705e-01  
  1.439250666142e-06  ,1.887038195759e-01  ,1.822380773878e-01  
  1.446535098791e-06  ,1.988162701843e-01  ,1.913567431544e-01  
  1.454119789839e-06  ,1.983272018739e-01  ,1.902502772344e-01  
  1.461583781481e-06  ,1.869020840160e-01  ,1.786560773078e-01  
  1.471051979303e-06  ,1.578306191161e-01  ,1.500211072664e-01  
  1.479615676641e-06  ,1.195020283709e-01  ,1.126778056360e-01  
  1.484170216560e-06  ,9.541214975924e-02  ,8.932083654931e-02  
  1.485430482268e-06  ,8.837987579221e-02  ,8.251530541060e-02  
  1.487634364009e-06  ,7.575603643211e-02  ,7.030981116812e-02  
  1.489896732807e-06  ,6.242016263128e-02  ,5.743006746150e-02  
  1.494421470404e-06  ,3.487178362750e-02  ,3.086572184531e-02  
  1.498353141785e-06  ,1.034289962781e-02  ,7.255245323188e-03  
  1.501772213221e-06  ,-1.112939220009e-02  ,-1.338005213621e-02  
  1.503995839000e-06  ,-2.504070831902e-02  ,-2.673516423339e-02  
  1.506817001343e-06  ,-4.250581024065e-02  ,-4.348107043790e-02  
  1.509552109480e-06  ,-5.912092565811e-02  ,-5.938720090463e-02  
  1.515022325754e-06  ,-9.092306519309e-02  ,-8.977859784327e-02  
  1.520472425461e-06  ,-1.199454499078e-01  ,-1.174341552640e-01  
  1.526470887899e-06  ,-1.478030519021e-01  ,-1.438716313297e-01  
  1.529826629400e-06  ,-1.611607160641e-01  ,-1.564878800933e-01  
  1.532901111484e-06  ,-1.718312899878e-01  ,-1.665230209701e-01  
  1.534011620522e-06  ,-1.752964990388e-01  ,-1.697700218278e-01  
  1.535984161735e-06  ,-1.809230167707e-01  ,-1.750216553101e-01  
  1.539929244161e-06  ,-1.900734531264e-01  ,-1.835014192490e-01  
  1.547819409013e-06  ,-1.995308860801e-01  ,-1.919348438643e-01  
  1.555320653558e-06  ,-1.972124781305e-01  ,-1.890724041089e-01  
  1.564873787999e-06  ,-1.785599236224e-01  ,-1.703821316255e-01  
  1.574207875371e-06  ,-1.448965225863e-01  ,-1.373870347587e-01  
  1.583865317941e-06  ,-9.709142918738e-02  ,-9.094026196860e-02  
  1.588340136647e-06  ,-7.163368099349e-02  ,-6.631657059052e-02  
  1.589342798531e-06  ,-6.571716287516e-02  ,-6.060332192094e-02  
  1.590468208730e-06  ,-5.899895575849e-02  ,-5.411941373198e-02  
  1.592538352549e-06  ,-4.645472095572e-02  ,-4.201902326876e-02  
  1.596678640187e-06  ,-2.083087145849e-02  ,-1.734039356340e-02  
  1.600081320345e-06  ,5.109502435995e-04  ,3.182561180576e-03  
  1.604852672160e-06  ,3.037226978708e-02  ,3.185272996243e-02  
  1.607518489897e-06  ,4.680203040175e-02  ,4.759807110978e-02  
  1.610356788576e-06  ,6.393152060297e-02  ,6.399320748016e-02  
  1.616033385932e-06  ,9.653450464204e-02  ,9.514043427224e-02  
  1.620645295322e-06  ,1.208128375942e-01  ,1.182528688851e-01  
  1.625763844192e-06  ,1.447739840834e-01  ,1.409967678132e-01  
  1.628804426134e-06  ,1.572748677174e-01  ,1.528136503268e-01  
  1.632109131157e-06  ,1.692320036955e-01  ,1.640732198203e-01  
  1.633100617170e-06  ,1.724693589419e-01  ,1.671118783449e-01  
  1.634914461017e-06  ,1.779566611900e-01  ,1.722454243570e-01  
  1.638542148709e-06  ,1.871822522120e-01  ,1.808296131506e-01  
  1.645797524095e-06  ,1.982594789236e-01  ,1.908840274929e-01  
  1.652859184384e-06  ,1.991937085596e-01  ,1.911894473835e-01  
  1.660107109189e-06  ,1.900022624080e-01  ,1.817531593635e-01  
  1.670002970338e-06  ,1.617924282266e-01  ,1.538996478782e-01  
  1.678884062409e-06  ,1.231561905997e-01  ,1.162271249557e-01  
  1.683695647359e-06  ,9.802206980651e-02  ,9.184825481869e-02  
  1.686557415366e-06  ,8.197394801707e-02  ,7.631906399717e-02  
  1.687611672521e-06  ,7.588796827214e-02  ,7.043649988163e-02  
  1.689316924155e-06  ,6.587068761104e-02  ,6.075629583496e-02  
  1.692727427423e-06  ,4.529840676264e-02  ,4.090820014222e-02  
  1.699548433959e-06  ,2.837177943671e-03  ,3.541814657166e-05  
  1.703514378011e-06  ,-2.203665411959e-02  ,-2.385410755416e-02  
  1.705705593765e-06  ,-3.565764215504e-02  ,-3.692143028411e-02  
  1.707827146590e-06  ,-4.868530012958e-02  ,-4.940409158911e-02  
  1.712070252240e-06  ,-7.403514152015e-02  ,-7.365390009576e-02  
  1.717366124928e-06  ,-1.037815824118e-01  ,-1.020395081046e-01  
  1.721712793648e-06  ,-1.260891818177e-01  ,-1.232726749232e-01  
  1.726803030312e-06  ,-1.492009092829e-01  ,-1.451920507827e-01  
  1.729436810553e-06  ,-1.596982312660e-01  ,-1.551054601513e-01  
  1.732113431633e-06  ,-1.692464022536e-01  ,-1.640913040800e-01  
  1.733986507595e-06  ,-1.752204794610e-01  ,-1.696938894945e-01  
  1.736355419695e-06  ,-1.819049464417e-01  ,-1.759365180980e-01  
  1.741093243897e-06  ,-1.922213650211e-01  ,-1.854729006221e-01  
  1.748031224549e-06  ,-1.996175684962e-01  ,-1.920002899265e-01  
  1.755861784756e-06  ,-1.966183255260e-01  ,-1.884564678653e-01  
  1.766443099320e-06  ,-1.739031603777e-01  ,-1.657901019528e-01  
  1.776380683720e-06  ,-1.351560470688e-01  ,-1.278958269273e-01  
  1.784530128777e-06  ,-9.341861997708e-02  ,-8.738493620628e-02  
  1.789014633238e-06  ,-6.766106916528e-02  ,-6.248008142707e-02  
  1.789928633213e-06  ,-6.222970714407e-02  ,-5.723690233444e-02  
  1.790918442845e-06  ,-5.629012917955e-02  ,-5.150585193730e-02  
  1.792898062110e-06  ,-4.425349295477e-02  ,-3.989759195450e-02  
  1.796857300639e-06  ,-1.971409789504e-02  ,-1.626128107943e-02  
  1.800220120192e-06  ,1.383044930331e-03  ,4.024780526046e-03  
  1.804700899363e-06  ,2.942937172955e-02  ,3.094512695859e-02  
  1.807314563036e-06  ,4.555534486342e-02  ,4.640365278263e-02  
  1.810067552567e-06  ,6.220693085773e-02  ,6.235220973679e-02  
  1.815573531628e-06  ,9.399402385402e-02  ,9.272330504118e-02  
  1.821064609528e-06  ,1.229019242943e-01  ,1.202486462482e-01  
  1.826801556587e-06  ,1.491947427196e-01  ,1.451804657284e-01  
  1.829901743174e-06  ,1.614397500381e-01  ,1.567394355171e-01  
  1.832961696625e-06  ,1.720257712189e-01  ,1.666957008608e-01  
  1.834214884281e-06  ,1.759077809386e-01  ,1.703333069345e-01  
  1.836111057043e-06  ,1.812614138354e-01  ,1.753289796263e-01  
  1.839903402567e-06  ,1.900228730400e-01  ,1.834489968677e-01  
  1.847488093615e-06  ,1.993775832716e-01  ,1.918123090877e-01  
  1.855242657900e-06  ,1.972934204179e-01  ,1.891552271090e-01  
  1.864476907492e-06  ,1.796693006402e-01  ,1.714776463609e-01  
  1.873809504747e-06  ,1.466104558308e-01  ,1.390586648235e-01  
  1.883699405432e-06  ,9.800148689575e-02  ,9.183190065636e-02  
  1.888682353735e-06  ,6.962201803054e-02  ,6.438103816120e-02  
  1.889795843005e-06  ,6.302209299616e-02  ,5.800836274559e-02  
  1.890900391579e-06  ,5.639895467437e-02  ,5.161688253048e-02  
  1.893109488726e-06  ,4.295702132911e-02  ,3.865238163988e-02  
  1.897527683020e-06  ,1.551841188227e-02  ,1.223225165101e-02  
  1.901173997164e-06  ,-7.374769484848e-03  ,-9.774691068184e-03  
  1.904705199838e-06  ,-2.945609801354e-02  ,-3.097252653781e-02  
  1.907615396619e-06  ,-4.739378933639e-02  ,-4.816355557987e-02  
  1.910541612148e-06  ,-6.503078869902e-02  ,-6.504194707209e-02  
  1.916394043207e-06  ,-9.851289766590e-02  ,-9.702089705393e-02  
  1.920996266842e-06  ,-1.225628759135e-01  ,-1.199203094847e-01  
  1.926076072693e-06  ,-1.461205078378e-01  ,-1.422762671866e-01  
  1.929119262338e-06  ,-1.584891724667e-01  ,-1.539664327492e-01  
  1.932136747479e-06  ,-1.693244130006e-01  ,-1.641618796873e-01  
  1.933010141790e-06  ,-1.721808341790e-01  ,-1.668428351130e-01  
  1.934756930411e-06  ,-1.775027583598e-01  ,-1.718243970967e-01  
  1.938250507653e-06  ,-1.865289554747e-01  ,-1.802251387704e-01  
  1.945237662137e-06  ,-1.977657596444e-01  ,-1.904549715893e-01  
  1.952241952956e-06  ,-1.995041238841e-01  ,-1.915382939471e-01  
  1.959601636469e-06  ,-1.909698544440e-01  ,-1.827228965413e-01  
  1.969823833048e-06  ,-1.624515309157e-01  ,-1.545451492397e-01  
  1.978940363467e-06  ,-1.228772723405e-01  ,-1.159557304596e-01  
  1.983875628054e-06  ,-9.703478919364e-02  ,-9.089153575791e-02  
  1.986651714385e-06  ,-8.143314536858e-02  ,-7.579562506294e-02  
  1.988380807877e-06  ,-7.139503132719e-02  ,-6.609496419249e-02  
  1.990646901965e-06  ,-5.792523322963e-02  ,-5.309125300104e-02  
  1.995179090142e-06  ,-3.017500090368e-02  ,-2.634045353548e-02  
  1.998898419976e-06  ,-6.920049921211e-03  ,-3.962764312924e-03  
  2.002139050007e-06  ,1.342993426923e-02  ,1.558971482040e-02  
  2.004035222769e-06  ,2.528619739994e-02  ,2.697056244475e-02  
  2.006449955940e-06  ,4.024950607163e-02  ,4.132191608554e-02  
  2.009531888604e-06  ,5.899954011263e-02  ,5.928294819152e-02  
  2.015695753932e-06  ,9.467118110824e-02  ,9.336462726627e-02  
  2.021358940244e-06  ,1.243556066062e-01  ,1.216310004187e-01  
  2.026463333011e-06  ,1.477710685689e-01  ,1.438436816878e-01  
  2.029258418322e-06  ,1.590209548972e-01  ,1.544734532656e-01  
  2.032204005361e-06  ,1.695489369436e-01  ,1.643812034846e-01  
  2.033241312444e-06  ,1.729152652364e-01  ,1.675395129952e-01  
  2.035107310355e-06  ,1.785063950759e-01  ,1.727672222670e-01  
  2.038839306176e-06  ,1.878317441368e-01  ,1.814353129185e-01  
  2.046303297818e-06  ,1.986527738857e-01  ,1.912191999179e-01  
  2.053379859269e-06  ,1.988736096934e-01  ,1.908315871968e-01  
  2.060589786112e-06  ,1.890335835891e-01  ,1.807803455478e-01  
  2.070208485663e-06  ,1.610299620767e-01  ,1.531517180023e-01  
  2.078894372523e-06  ,1.231051425733e-01  ,1.161774689669e-01  
  2.083594198763e-06  ,9.857718508370e-02  ,9.238614209500e-02  
  2.086398969829e-06  ,8.288100704802e-02  ,7.719649280900e-02  
  2.087430130184e-06  ,7.694208950250e-02  ,7.145556710560e-02  
  2.089152518153e-06  ,6.684516393961e-02  ,6.169767855517e-02  
  2.092597294092e-06  ,4.609442951749e-02  ,4.167594300667e-02  
  2.099486845970e-06  ,3.224102202613e-03  ,4.074148161075e-04  
  2.103478867054e-06  ,-2.181487705288e-02  ,-2.364132955731e-02  
  2.105669337749e-06  ,-3.543346560383e-02  ,-3.670670065663e-02  
  2.107780832291e-06  ,-4.840300088101e-02  ,-4.913387797018e-02  
  2.112003821373e-06  ,-7.364723430663e-02  ,-7.328053486985e-02  
  2.117430824280e-06  ,-1.041288716453e-01  ,-1.023689808030e-01  
  2.121834117413e-06  ,-1.266799868226e-01  ,-1.238312058428e-01  
  2.126971292734e-06  ,-1.499028700791e-01  ,-1.458519254938e-01  
  2.129614758730e-06  ,-1.603688245664e-01  ,-1.557318391320e-01  
  2.132220226765e-06  ,-1.696029748606e-01  ,-1.644215506952e-01  
  2.134222570300e-06  ,-1.759307547709e-01  ,-1.703548060617e-01  
  2.136597442865e-06  ,-1.825317511471e-01  ,-1.765137957712e-01  
  2.141347187996e-06  ,-1.926559049620e-01  ,-1.858641916677e-01  
  2.148282188416e-06  ,-1.997088308263e-01  ,-1.920637523580e-01  
  2.156239408493e-06  ,-1.961700281704e-01  ,-1.879928239033e-01  
  2.167673069477e-06  ,-1.699573357037e-01  ,-1.619081456978e-01  
  2.177969771862e-06  ,-1.276310832470e-01  ,-1.205739778088e-01  
  2.183784950018e-06  ,-9.753259154209e-02  ,-9.137128818347e-02  
  2.189440685749e-06  ,-6.513596035218e-02  ,-6.004984097972e-02  
  2.190654944122e-06  ,-5.787686675965e-02  ,-5.304351110695e-02  
  2.191852438688e-06  ,-5.063546655702e-02  ,-4.605827820071e-02  
  2.194247427821e-06  ,-3.594804810823e-02  ,-3.189896150565e-02  
  2.199037406087e-06  ,-6.047234129029e-03  ,-3.124062717518e-03  
  2.202799949288e-06  ,1.756992191149e-02  ,1.956392458655e-02  
  2.204955402255e-06  ,3.101009641706e-02  ,3.246123949765e-02  
  2.207033741713e-06  ,4.383552338409e-02  ,4.475537634013e-02  
  2.211190420628e-06  ,6.887208008857e-02  ,6.871368730913e-02  
  2.217238056898e-06  ,1.030928836960e-01  ,1.013835189021e-01  
  2.221874553204e-06  ,1.268764867444e-01  ,1.240226554378e-01  
  2.227081763983e-06  ,1.503614598202e-01  ,1.462906920679e-01  
  2.229757267475e-06  ,1.609022521473e-01  ,1.562404051951e-01  
  2.232367205858e-06  ,1.700905929414e-01  ,1.648840659005e-01  
  2.234473112464e-06  ,1.766740112006e-01  ,1.710540559759e-01  
  2.236869219184e-06  ,1.832230324272e-01  ,1.771631239048e-01  
  2.241661432624e-06  ,1.931766510038e-01  ,1.863429433782e-01  
  2.248685094953e-06  ,1.998293812438e-01  ,1.921476423795e-01  
  2.256733212113e-06  ,1.955421612156e-01  ,1.873495890090e-01  
  2.269357475877e-06  ,1.641432218724e-01  ,1.562017149219e-01  
  2.280132505536e-06  ,1.168824812154e-01  ,1.101293483638e-01  
  2.285286817193e-06  ,8.918873004489e-02  ,8.329125848418e-02  
  2.286824617028e-06  ,8.043969964084e-02  ,7.483042748062e-02  
  2.288938719273e-06  ,6.810973328249e-02  ,6.291796750149e-02  
  2.291704002261e-06  ,5.153718034590e-02  ,4.692562873196e-02  
  2.297234568238e-06  ,1.735387011982e-02  ,1.399589997588e-02  
  2.301643076777e-06  ,-1.031917187230e-02  ,-1.260624397776e-02  
  2.306164089084e-06  ,-3.848850072073e-02  ,-3.962849987817e-02  
  2.310418370605e-06  ,-6.429803095139e-02  ,-6.434319339396e-02  
  2.314329180360e-06  ,-8.702272630385e-02  ,-8.606275268485e-02  
  2.319822493434e-06  ,-1.166529252296e-01  ,-1.143051596556e-01  
  2.325788173318e-06  ,-1.448794085150e-01  ,-1.411020353090e-01  
  2.329166639090e-06  ,-1.586705625769e-01  ,-1.541352812491e-01  
  2.332761171699e-06  ,-1.713796982184e-01  ,-1.660932788776e-01  
  2.333800527692e-06  ,-1.746541064575e-01  ,-1.691628064883e-01  
  2.335694465280e-06  ,-1.801397047381e-01  ,-1.742884653368e-01  
  2.339482340455e-06  ,-1.891811013560e-01  ,-1.826751843158e-01  
  2.347058090806e-06  ,-1.991464104178e-01  ,-1.916286482651e-01  
  2.354592117906e-06  ,-1.979223497376e-01  ,-1.898210050948e-01  
  2.362786266446e-06  ,-1.840801241572e-01  ,-1.758494597421e-01  
  2.372829649091e-06  ,-1.507278948849e-01  ,-1.430781941105e-01  
  2.383589777589e-06  ,-9.860135452350e-02  ,-9.241206037093e-02  
  2.389046582818e-06  ,-6.747212664103e-02  ,-6.230246300214e-02  
  2.390268291771e-06  ,-6.019800098740e-02  ,-5.528030780358e-02  
  2.391480128706e-06  ,-5.289502954281e-02  ,-4.823465267671e-02  
  2.393903802574e-06  ,-3.806981107788e-02  ,-3.394051493988e-02  
  2.398751150310e-06  ,-7.844741107782e-03  ,-4.850505254045e-03  
  2.402146379888e-06  ,1.347588496444e-02  ,1.563471418718e-02  
  2.404224719346e-06  ,2.646683003154e-02  ,2.810444468323e-02  
  2.406852539122e-06  ,4.272397303067e-02  ,4.369054510534e-02  
  2.410121108830e-06  ,6.252665550885e-02  ,6.264568801069e-02  
  2.415919150651e-06  ,9.590526820488e-02  ,9.453194335189e-02  
  2.421702291310e-06  ,1.260379527728e-01  ,1.232269396749e-01  
  2.427437003195e-06  ,1.518238305337e-01  ,1.476751038136e-01  
  2.430335279047e-06  ,1.630326407172e-01  ,1.582499610092e-01  
  2.432872201741e-06  ,1.717382688841e-01  ,1.664339103615e-01  
  2.434369209647e-06  ,1.763670996614e-01  ,1.707701725000e-01  
  2.436286989093e-06  ,1.817258125386e-01  ,1.757674986471e-01  
  2.440122547984e-06  ,1.904478335186e-01  ,1.838445323306e-01  
  2.447793665767e-06  ,1.995197487907e-01  ,1.919255669774e-01  
  2.455592933536e-06  ,1.969206330607e-01  ,1.887689812132e-01  
  2.465515616775e-06  ,1.767071900285e-01  ,1.685533808928e-01  
  2.475006166339e-06  ,1.413939572619e-01  ,1.339721602181e-01  
  2.484407308936e-06  ,9.410026613875e-02  ,8.805449885862e-02  
  2.488998356700e-06  ,6.775729870210e-02  ,6.258090512294e-02  
  2.490004185081e-06  ,6.177838970446e-02  ,5.680857930152e-02  
  2.491000700235e-06  ,5.579399618199e-02  ,5.103388612785e-02  
  2.492993730545e-06  ,4.366709088961e-02  ,3.933784684967e-02  
  2.496979791164e-06  ,1.894807119755e-02  ,1.552782771911e-02  
  2.500359747052e-06  ,-2.260309273554e-03  ,-4.865086002927e-03  
  2.504737708211e-06  ,-2.965811128927e-02  ,-3.116271496239e-02  
  2.507393095136e-06  ,-4.603566681833e-02  ,-4.686228384973e-02  
  2.510164711118e-06  ,-6.278682541173e-02  ,-6.290579574096e-02  
  2.515707943082e-06  ,-9.473863717756e-02  ,-9.343295794164e-02  
  2.521245214581e-06  ,-1.237951758115e-01  ,-1.210970403954e-01  
  2.526932242751e-06  ,-1.497403330564e-01  ,-1.456961310278e-01  
  2.529982137918e-06  ,-1.617374058126e-01  ,-1.570194416315e-01  
  2.532982859254e-06  ,-1.720935574553e-01  ,-1.667588193677e-01  
  2.534301798284e-06  ,-1.761669724567e-01  ,-1.705754510565e-01  
  2.536190147936e-06  ,-1.814708719249e-01  ,-1.755263054879e-01  
  2.539966847241e-06  ,-1.901468303396e-01  ,-1.835628709317e-01  
  2.547520245850e-06  ,-1.993934070739e-01  ,-1.918247074248e-01  
  2.555343355477e-06  ,-1.971886960475e-01  ,-1.890461476177e-01  
  2.564722146332e-06  ,-1.789870850807e-01  ,-1.708034670545e-01  
  2.574047293007e-06  ,-1.455901509704e-01  ,-1.380633518918e-01  
  2.583792652428e-06  ,-9.749033771877e-02  ,-9.133698039459e-02  
  2.588708545506e-06  ,-6.946771983824e-02  ,-6.423226090934e-02  
  2.589804712176e-06  ,-6.296920289855e-02  ,-5.795754513850e-02  
  2.590891751885e-06  ,-5.645103429272e-02  ,-5.166734842132e-02  
  2.593065831304e-06  ,-4.322488653876e-02  ,-3.891082977098e-02  
  2.597413990140e-06  ,-1.623051117223e-02  ,-1.291751412841e-02  
  2.601005542517e-06  ,6.316959195897e-03  ,8.758389600543e-03  
  2.605107832193e-06  ,3.195590034029e-02  ,3.336912910241e-02  
  2.608259055257e-06  ,5.131286809269e-02  ,5.191624749559e-02  
  2.611463177443e-06  ,7.047849440906e-02  ,7.025193710341e-02  
  2.617871421814e-06  ,1.064823704303e-01  ,1.046181805569e-01  
  2.622617441654e-06  ,1.304498337193e-01  ,1.274182510538e-01  
  2.627891707659e-06  ,1.536680410053e-01  ,1.494194210077e-01  
  2.630611169577e-06  ,1.640305853521e-01  ,1.591909440849e-01  
  2.631957303226e-06  ,1.687216860401e-01  ,1.636025069012e-01  
  2.633825536311e-06  ,1.747306137271e-01  ,1.692347664865e-01  
  2.636510353029e-06  ,1.823074146934e-01  ,1.763101845370e-01  
  2.641879986465e-06  ,1.935277268817e-01  ,1.866619784900e-01  
  2.648434262216e-06  ,1.997580919947e-01  ,1.920998642187e-01  
  2.656203727663e-06  ,1.962135689060e-01  ,1.880383484337e-01  
  2.667883257806e-06  ,1.692574843449e-01  ,1.612207026348e-01  
  2.678218703210e-06  ,1.264229942509e-01  ,1.193993394236e-01  
  2.683989177883e-06  ,9.641031579887e-02  ,9.028415750727e-02  
  2.689507822931e-06  ,6.473697882194e-02  ,5.966439178736e-02  
  2.690418377012e-06  ,5.929805186716e-02  ,5.441472890984e-02  
  2.691323995084e-06  ,5.384047436361e-02  ,4.914935746625e-02  
  2.693135231227e-06  ,4.279903730502e-02  ,3.850164690868e-02  
  2.696757703513e-06  ,2.033674003726e-02  ,1.686553506361e-02  
  2.700005039066e-06  ,-3.166138580749e-05  ,-2.722102038972e-03  
  2.704478367656e-06  ,-2.804567585191e-02  ,-2.961533550999e-02  
  2.706980272621e-06  ,-4.350767426599e-02  ,-4.443990114160e-02  
  2.709531723946e-06  ,-5.899855157691e-02  ,-5.928081904962e-02  
  2.714634626597e-06  ,-8.874667177474e-02  ,-8.771501916614e-02  
  2.719934224576e-06  ,-1.172224498333e-01  ,-1.148419090143e-01  
  2.726148008794e-06  ,-1.464287530912e-01  ,-1.425688583351e-01  
  2.729545101017e-06  ,-1.601069170077e-01  ,-1.554960156572e-01  
  2.732844218105e-06  ,-1.716480927296e-01  ,-1.663482963210e-01  
  2.733803107828e-06  ,-1.746620046913e-01  ,-1.691730889169e-01  
  2.735720887274e-06  ,-1.802117666907e-01  ,-1.743579494044e-01  
  2.739556446165e-06  ,-1.893316553038e-01  ,-1.828158894177e-01  
  2.747227563947e-06  ,-1.992418620254e-01  ,-1.917072983570e-01  
  2.754678144544e-06  ,-1.978439185678e-01  ,-1.897389897369e-01  
  2.763103261083e-06  ,-1.832922868260e-01  ,-1.750679995292e-01  
  2.773398473352e-06  ,-1.483547877347e-01  ,-1.407613131007e-01  
  2.783593847841e-06  ,-9.857910355665e-02  ,-9.239131224829e-02  
  2.788861408323e-06  ,-6.856625563752e-02  ,-6.336051317921e-02  
  2.790038600057e-06  ,-6.157269250356e-02  ,-5.660845431116e-02  
  2.791206478566e-06  ,-5.455122564552e-02  ,-4.983349266560e-02  
  2.793542235583e-06  ,-4.029756317593e-02  ,-3.608836071395e-02  
  2.798213749617e-06  ,-1.121745254320e-02  ,-8.094594690431e-03  
  2.801724463195e-06  ,1.082982241058e-02  ,1.309340010994e-02  
  2.804202153772e-06  ,2.632628667762e-02  ,2.796967201518e-02  
  2.807245715946e-06  ,4.513403064748e-02  ,4.600034475126e-02  
  2.810128718108e-06  ,6.257206767147e-02  ,6.269002921452e-02  
  2.815894722432e-06  ,9.577055089364e-02  ,9.440352757159e-02  
  2.820627331227e-06  ,1.207228668465e-01  ,1.181754198273e-01  
  2.825757055968e-06  ,1.447445538493e-01  ,1.409728474782e-01  
  2.828818499535e-06  ,1.573294774001e-01  ,1.528703322311e-01  
  2.832140340894e-06  ,1.693364278602e-01  ,1.641693438871e-01  
  2.833133503288e-06  ,1.725738871664e-01  ,1.672078597010e-01  
  2.834951072425e-06  ,1.780615281516e-01  ,1.723454578520e-01  
  2.838586210698e-06  ,1.872795892217e-01  ,1.809131414803e-01  
  2.845856487244e-06  ,1.983079088058e-01  ,1.909180005791e-01  
  2.852943479508e-06  ,1.991454995766e-01  ,1.911303975366e-01  
  2.860183953732e-06  ,1.898509623459e-01  ,1.815986678343e-01  
  2.870035111398e-06  ,1.616736283280e-01  ,1.537822457415e-01  
  2.878884911031e-06  ,1.231519893459e-01  ,1.162227702177e-01  
  2.883677869529e-06  ,9.811942020218e-02  ,9.194244169067e-02  
  2.886521383613e-06  ,8.218039956167e-02  ,7.651865155389e-02  
  2.887570611626e-06  ,7.612660461887e-02  ,7.066708972256e-02  
  2.889283127576e-06  ,6.607115289701e-02  ,6.094987893922e-02  
  2.892708159477e-06  ,4.541631644465e-02  ,4.102188581076e-02  
  2.899558223277e-06  ,2.775675901647e-03  ,-2.372570169411e-05  
  2.903535343200e-06  ,-2.216757544119e-02  ,-2.397978862064e-02  
  2.905987329274e-06  ,-3.739805758982e-02  ,-3.858991530087e-02  
  2.908197171479e-06  ,-5.093695927034e-02  ,-5.156089157190e-02  
  2.912616855890e-06  ,-7.721450668827e-02  ,-7.669264255070e-02  
  2.917786813766e-06  ,-1.060319963257e-01  ,-1.041829662850e-01  
  2.922206498176e-06  ,-1.284818232878e-01  ,-1.255438523564e-01  
  2.927327282220e-06  ,-1.513741651699e-01  ,-1.472454975626e-01  
  2.929963670164e-06  ,-1.616691214890e-01  ,-1.569609011987e-01  
  2.932505808264e-06  ,-1.705470983029e-01  ,-1.653109484936e-01  
  2.934812135488e-06  ,-1.776623195960e-01  ,-1.719767688427e-01  
  2.937233574182e-06  ,-1.841288284527e-01  ,-1.780039665067e-01  
  2.942076451570e-06  ,-1.938355338915e-01  ,-1.869412574288e-01  
  2.949123210698e-06  ,-1.999241312778e-01  ,-1.922011335113e-01  
  2.957315869123e-06  ,-1.947408084065e-01  ,-1.865311983632e-01  
  2.971536047250e-06  ,-1.559443692314e-01  ,-1.481738945413e-01  
  2.984072394162e-06  ,-9.595188391369e-02  ,-8.982636959948e-02  
  2.989872671157e-06  ,-6.256377680583e-02  ,-5.754571194948e-02  
  2.991172424942e-06  ,-5.475704674093e-02  ,-5.001405751295e-02  
  2.992461002856e-06  ,-4.692729385617e-02  ,-4.246505501143e-02  
  2.995038158685e-06  ,-3.105006431478e-02  ,-2.716658174979e-02  
  2.999118841678e-06  ,-5.535773934525e-03  ,-2.620132782658e-03  
  3.002530835062e-06  ,1.588495691972e-02  ,1.795556011049e-02  
  3.004518649966e-06  ,2.829625369366e-02  ,2.986581420729e-02  
  3.006666279823e-06  ,4.157996066218e-02  ,4.259982940083e-02  
  3.010734296829e-06  ,6.617447712123e-02  ,6.613831458219e-02  
  3.017362333328e-06  ,1.037612167763e-01  ,1.020246954463e-01  
  3.022239483386e-06  ,1.286405844521e-01  ,1.257029302708e-01  
  3.027558452874e-06  ,1.523194595047e-01  ,1.481459348086e-01  
  3.030289463192e-06  ,1.628657288529e-01  ,1.580940549572e-01  
  3.032912812620e-06  ,1.718688997272e-01  ,1.665560357973e-01  
  3.035319722682e-06  ,1.791043112531e-01  ,1.733276203107e-01  
  3.037895015866e-06  ,1.857114584575e-01  ,1.794757493149e-01  
  3.043045602232e-06  ,1.952456560533e-01  ,1.882181599206e-01  
  3.050246588379e-06  ,1.999939987353e-01  ,1.921739643899e-01  
  3.058473519474e-06  ,1.929553206710e-01  ,1.847207497604e-01  
  3.069336465985e-06  ,1.642186076601e-01  ,1.562772694275e-01  
  3.079114607960e-06  ,1.220116243713e-01  ,1.151141742417e-01  
  3.084363541991e-06  ,9.434283323414e-02  ,8.828373356254e-02  
  3.086938090116e-06  ,7.978642620847e-02  ,7.420233936231e-02  
  3.088709279388e-06  ,6.946339579118e-02  ,6.422802199461e-02  
  3.091064407915e-06  ,5.540948900553e-02  ,5.066299251645e-02  
  3.095774664968e-06  ,2.647066447436e-02  ,2.277281412152e-02  
  3.099240302533e-06  ,4.772866817229e-03  ,1.898059345318e-03  
  3.102637394756e-06  ,-1.655228581365e-02  ,-1.858756928680e-02  
  3.104551448911e-06  ,-2.850024749967e-02  ,-3.005366548591e-02  
  3.106575771660e-06  ,-4.102353934283e-02  ,-4.206333123568e-02  
  3.110624417156e-06  ,-6.552257591110e-02  ,-6.552181338983e-02  
  3.117332174867e-06  ,-1.035991757326e-01  ,-1.018752058783e-01  
  3.122215285391e-06  ,-1.285241305326e-01  ,-1.255977836690e-01  
  3.127524569124e-06  ,-1.521814046345e-01  ,-1.480204127984e-01  
  3.130253344268e-06  ,-1.627339060356e-01  ,-1.579762763681e-01  
  3.132876693696e-06  ,-1.717527316695e-01  ,-1.664471343531e-01  
  3.135309680790e-06  ,-1.790762238897e-01  ,-1.733006496553e-01  
  3.137850328773e-06  ,-1.856070540135e-01  ,-1.793780514475e-01  
  3.142931624740e-06  ,-1.950891846675e-01  ,-1.880766492117e-01  
  3.150160923094e-06  ,-1.999974441488e-01  ,-1.921842533087e-01  
  3.158395304769e-06  ,-1.930840207527e-01  ,-1.848506876739e-01  
  3.169310405344e-06  ,-1.643120166725e-01  ,-1.563688527154e-01  
  3.179127290338e-06  ,-1.219484751668e-01  ,-1.150527791016e-01  
  3.184395595878e-06  ,-9.416520021739e-02  ,-8.811166876778e-02  
  3.186956360430e-06  ,-7.968114759685e-02  ,-7.410047441366e-02  
  3.188730529934e-06  ,-6.933817118720e-02  ,-6.410699428259e-02  
  3.191091618925e-06  ,-5.524518943826e-02  ,-5.050441769949e-02  
  3.195813796908e-06  ,-2.622693435055e-02  ,-2.253810728463e-02  
  3.199298805982e-06  ,-4.405375638525e-03  ,-1.544720062797e-03  
  3.202752895147e-06  ,1.727539598621e-02  ,1.928178381437e-02  
  3.204688183457e-06  ,2.935034269001e-02  ,3.086910708445e-02  
  3.206642843276e-06  ,4.143591076965e-02  ,4.245861189108e-02  
  3.210552162915e-06  ,6.509347529328e-02  ,6.511117247271e-02  
  3.216547645122e-06  ,9.935165883243e-02  ,9.783114384490e-02  
  3.221263862640e-06  ,1.238871804269e-01  ,1.211939682537e-01  
  3.226488954812e-06  ,1.478795037218e-01  ,1.439534217435e-01  
  3.229234121233e-06  ,1.589283226645e-01  ,1.543909287838e-01  
  3.232133887202e-06  ,1.693148478989e-01  ,1.641614900281e-01  
  3.233136735350e-06  ,1.725841503058e-01  ,1.672289314288e-01  
  3.235013536602e-06  ,1.782399019677e-01  ,1.725197123168e-01  
  3.238767139107e-06  ,1.876755127005e-01  ,1.812898520089e-01  
  3.246274344116e-06  ,1.986316116590e-01  ,1.912007281640e-01  
  3.253235421568e-06  ,1.989677436624e-01  ,1.909387908806e-01  
  3.260465464979e-06  ,1.892872472057e-01  ,1.810363979122e-01  
  3.270125887781e-06  ,1.613372105186e-01  ,1.534534488995e-01  
  3.278850517660e-06  ,1.233221898556e-01  ,1.163885636308e-01  
  3.283576420933e-06  ,9.867436041747e-02  ,9.248035298262e-02  
  3.286481402308e-06  ,8.240935764355e-02  ,7.674040716945e-02  
  3.287531189114e-06  ,7.635559987780e-02  ,7.088873168796e-02  
  3.289225637406e-06  ,6.641198610262e-02  ,6.127921089796e-02  
  3.292614533991e-06  ,4.598901741627e-02  ,4.157418084467e-02  
  3.299392327160e-06  ,3.817889146504e-03  ,9.782534863987e-04  
  3.303342624992e-06  ,-2.096375315769e-02  ,-2.282441283994e-02  
  3.305425434798e-06  ,-3.392419553551e-02  ,-3.525951140887e-02  
  3.307458698243e-06  ,-4.643669713381e-02  ,-4.725022348728e-02  
  3.311525225133e-06  ,-7.084320897934e-02  ,-7.060018479392e-02  
  3.317204057664e-06  ,-1.029097686077e-01  ,-1.012083097169e-01  
  3.321672170848e-06  ,-1.258909529802e-01  ,-1.230838029182e-01  
  3.326797425240e-06  ,-1.491774540616e-01  ,-1.451680515620e-01  
  3.329451322049e-06  ,-1.597531046719e-01  ,-1.551539912911e-01  
  3.332143216819e-06  ,-1.693460421790e-01  ,-1.641823301005e-01  
  3.334018155426e-06  ,-1.753162630203e-01  ,-1.697813779360e-01  
  3.336393400520e-06  ,-1.820040078286e-01  ,-1.760239793756e-01  
  3.341143890709e-06  ,-1.923090075853e-01  ,-1.855489420772e-01  
  3.348119869322e-06  ,-1.996512216251e-01  ,-1.920229661266e-01  
  3.355950429529e-06  ,-1.965155737684e-01  ,-1.883492741961e-01  
  3.366728439420e-06  ,-1.730106898941e-01  ,-1.649111013423e-01  
  3.376829936594e-06  ,-1.330620051823e-01  ,-1.258573040190e-01  
  3.383396878332e-06  ,-9.965402733005e-02  ,-9.342631242929e-02  
  3.387362077326e-06  ,-7.733659369763e-02  ,-7.183241494421e-02  
  3.388571120292e-06  ,-7.027677827847e-02  ,-6.501175357472e-02  
  3.389781467110e-06  ,-6.310781130070e-02  ,-5.808991330808e-02  
  3.392202160746e-06  ,-4.850667525293e-02  ,-4.400078819906e-02  
  3.397043548018e-06  ,-1.854923920560e-02  ,-1.514690944108e-02  
  3.400896243244e-06  ,5.630518357714e-03  ,8.100602385073e-03  
  3.405384472996e-06  ,3.367052638523e-02  ,3.500856980154e-02  
  3.408483169466e-06  ,5.267260128873e-02  ,5.321669753771e-02  
  3.411806500942e-06  ,7.249314378431e-02  ,7.218715240641e-02  
  3.418365247041e-06  ,1.090959222309e-01  ,1.071179763652e-01  
  3.423246867448e-06  ,1.334218914289e-01  ,1.302478244729e-01  
  3.428562111646e-06  ,1.563297907220e-01  ,1.519380485012e-01  
  3.431304670364e-06  ,1.664845177052e-01  ,1.615025944975e-01  
  3.432528800756e-06  ,1.706225146489e-01  ,1.653899526996e-01  
  3.434284343809e-06  ,1.761150257441e-01  ,1.705328515047e-01  
  3.437514915556e-06  ,1.848117502350e-01  ,1.786395585212e-01  
  3.443976059049e-06  ,1.964292076662e-01  ,1.892777921544e-01  
  3.450725540012e-06  ,1.999480478317e-01  ,1.920886749355e-01  
  3.458264037460e-06  ,1.932973968924e-01  ,1.850661014532e-01  
  3.469696208328e-06  ,1.629179652526e-01  ,1.550018991680e-01  
  3.479568227619e-06  ,1.197409552407e-01  ,1.129078223030e-01  
  3.484864845365e-06  ,9.155392337432e-02  ,8.558289508753e-02  
  3.486337825149e-06  ,8.323049633244e-02  ,7.753147281897e-02  
  3.488695561379e-06  ,6.954421643862e-02  ,6.430571365402e-02  
  3.491023122758e-06  ,5.565869064159e-02  ,5.090251822994e-02  
  3.495678245515e-06  ,2.707103375877e-02  ,2.334984502325e-02  
  3.499121158808e-06  ,5.521220537158e-03  ,2.616688444865e-03  
  3.502397551626e-06  ,-1.505002117961e-02  ,-1.714596923318e-02  
  3.504271000117e-06  ,-2.675503516144e-02  ,-2.838008642605e-02  
  3.506443216890e-06  ,-4.020802878297e-02  ,-4.128212684289e-02  
  3.509992673486e-06  ,-6.175961645273e-02  ,-6.192277049519e-02  
  3.515833928674e-06  ,-9.543503937247e-02  ,-9.409646570588e-02  
  3.521683379501e-06  ,-1.259456688271e-01  ,-1.231424204416e-01  
  3.527490362018e-06  ,-1.520418573779e-01  ,-1.478785164659e-01  
  3.530413597316e-06  ,-1.633171798538e-01  ,-1.585188837112e-01  
  3.532917364925e-06  ,-1.718835254487e-01  ,-1.665676353521e-01  
  3.535596221179e-06  ,-1.798706705912e-01  ,-1.740413873951e-01  
  3.538079872221e-06  ,-1.861394555908e-01  ,-1.798713091896e-01  
  3.543047174305e-06  ,-1.952477967394e-01  ,-1.882209167981e-01  
  3.551302417606e-06  ,-1.998326060834e-01  ,-1.919304731923e-01  
  3.559287949890e-06  ,-1.915461230387e-01  ,-1.833006879382e-01  
  3.569830521435e-06  ,-1.624270145647e-01  ,-1.545209970757e-01  
  3.579292758793e-06  ,-1.211227899134e-01  ,-1.142508254195e-01  
  3.584358408540e-06  ,-9.437127238912e-02  ,-8.831154307949e-02  
  3.585781469435e-06  ,-8.639623084618e-02  ,-8.059482030796e-02  
  3.587816222996e-06  ,-7.469729501777e-02  ,-6.928532616112e-02  
  3.590099080890e-06  ,-6.121102628175e-02  ,-5.626178028523e-02  
  3.594664796680e-06  ,-3.336533421790e-02  ,-2.941380292273e-02  
  3.598448946565e-06  ,-9.741699972885e-03  ,-6.676674927335e-03  
  3.601793884724e-06  ,1.126534469602e-02  ,1.351076813808e-02  
  3.603928848594e-06  ,2.462305217495e-02  ,2.633434580859e-02  
  3.606652408332e-06  ,4.149470394110e-02  ,4.251196018900e-02  
  3.609371870250e-06  ,5.803811712779e-02  ,5.835083838408e-02  
  3.614810794085e-06  ,8.973725949267e-02  ,8.864705521384e-02  
  3.620198308915e-06  ,1.185628071456e-01  ,1.161201320862e-01  
  3.626343547791e-06  ,1.472628512908e-01  ,1.433628673414e-01  
  3.629727601498e-06  ,1.607914742363e-01  ,1.561423353826e-01  
  3.632877334446e-06  ,1.717547944187e-01  ,1.664452986073e-01  
  3.633888378233e-06  ,1.749223858708e-01  ,1.694138974691e-01  
  3.635910465807e-06  ,1.807251685572e-01  ,1.748361353996e-01  
  3.639954640955e-06  ,1.901230405429e-01  ,1.835425604110e-01  
  3.648042991251e-06  ,1.996221247262e-01  ,1.920015922578e-01  
  3.655384793371e-06  ,1.971450279060e-01  ,1.890011868453e-01  
  3.665194227785e-06  ,1.776439548372e-01  ,1.694799962604e-01  
  3.674590900034e-06  ,1.432272095992e-01  ,1.357613134929e-01  
  3.684091880411e-06  ,9.584444083893e-02  ,8.974417143212e-02  
  3.688831194729e-06  ,6.874455760598e-02  ,6.353479251820e-02  
  3.689951948315e-06  ,6.209046908598e-02  ,5.711018719979e-02  
  3.690992980689e-06  ,5.584057229103e-02  ,5.107915763562e-02  
  3.693075045437e-06  ,4.316835890259e-02  ,3.885712418086e-02  
  3.697239174932e-06  ,1.732503439329e-02  ,1.397113961591e-02  
  3.700728281826e-06  ,-4.575530444375e-03  ,-7.084904153615e-03  
  3.704893901438e-06  ,-3.062829090479e-02  ,-3.209555871235e-02  
  3.707781373948e-06  ,-4.840630303409e-02  ,-4.913239066939e-02  
  3.710754528135e-06  ,-6.629442099187e-02  ,-6.625109551883e-02  
  3.716700836509e-06  ,-1.001858740641e-01  ,-9.862109125106e-02  
  3.721268042415e-06  ,-1.239077965090e-01  ,-1.212031323894e-01  
  3.726397767156e-06  ,-1.474931486147e-01  ,-1.435765780571e-01  
  3.729162305087e-06  ,-1.586539836967e-01  ,-1.541184833986e-01  
  3.732071384281e-06  ,-1.691054896543e-01  ,-1.639571228859e-01  
  3.733029715210e-06  ,-1.722433715492e-01  ,-1.669024273299e-01  
  3.734922907740e-06  ,-1.779808762452e-01  ,-1.722704865372e-01  
  3.738709292799e-06  ,-1.875495871041e-01  ,-1.811710916867e-01  
  3.746282062918e-06  ,-1.986372693892e-01  ,-1.912044477662e-01  
  3.753142557532e-06  ,-1.990261020779e-01  ,-1.909971585606e-01  
  3.760358444840e-06  ,-1.895032975424e-01  ,-1.812521649707e-01  
  3.770065061241e-06  ,-1.615627792414e-01  ,-1.536757491153e-01  
  3.778823963791e-06  ,-1.234534969945e-01  ,-1.165173343159e-01  
  3.783572218806e-06  ,-9.869732515471e-02  ,-9.250346840696e-02  
  3.786543510348e-06  ,-8.205363222097e-02  ,-7.639707497928e-02  
  3.787606521934e-06  ,-7.591790921398e-02  ,-7.046631341952e-02  
  3.789282716304e-06  ,-6.607359190963e-02  ,-6.095283890634e-02  
  3.792635105044e-06  ,-4.586321956385e-02  ,-4.145317958450e-02  
  3.799339882523e-06  ,-4.147343141963e-03  ,-1.295186220174e-03  
  3.803263358265e-06  ,2.046838470857e-02  ,2.234878627994e-02  
  3.805279857904e-06  ,3.302241167372e-02  ,3.439462413376e-02  
  3.807412959129e-06  ,4.615711567782e-02  ,4.698200795644e-02  
  3.811679161578e-06  ,7.174687777348e-02  ,7.146364750890e-02  
  3.817352033645e-06  ,1.037058871714e-01  ,1.019667946935e-01  
  3.821826852351e-06  ,1.266446601901e-01  ,1.237996927132e-01  
  3.826982654124e-06  ,1.499501170269e-01  ,1.458988495829e-01  
  3.829635060817e-06  ,1.604450143462e-01  ,1.558062468139e-01  
  3.832242018968e-06  ,1.696755012913e-01  ,1.644917309860e-01  
  3.834255910903e-06  ,1.760302924574e-01  ,1.704496877374e-01  
  3.836634508759e-06  ,1.826268154978e-01  ,1.766035486479e-01  
  3.841391704470e-06  ,1.927308175531e-01  ,1.859333763032e-01  
  3.848343096167e-06  ,1.997291079329e-01  ,1.920785365984e-01  
  3.856310747057e-06  ,1.960822358626e-01  ,1.879027544922e-01  
  3.867909810930e-06  ,1.691685463220e-01  ,1.611331875543e-01  
  3.878234825522e-06  ,1.263444836507e-01  ,1.193230098868e-01  
  3.883986673743e-06  ,9.642410071139e-02  ,9.029752568756e-02  
  3.889481476933e-06  ,6.489358173423e-02  ,5.981561509357e-02  
  3.890370238066e-06  ,5.958684975076e-02  ,5.469346099998e-02  
  3.891276414931e-06  ,5.412833269422e-02  ,4.942706682519e-02  
  3.893088768661e-06  ,4.308416181030e-02  ,3.877650812986e-02  
  3.896713476121e-06  ,2.061316885467e-02  ,1.713158712712e-02  
  3.899957831442e-06  ,2.649527843151e-04  ,-2.437027032611e-03  
  3.904491509736e-06  ,-2.812743167808e-02  ,-2.969374876169e-02  
  3.907002727926e-06  ,-4.364537539402e-02  ,-4.457190930973e-02  
  3.909556786954e-06  ,-5.914900105560e-02  ,-5.942500354359e-02  
  3.914664905012e-06  ,-8.891712124209e-02  ,-8.787788797467e-02  
  3.919968228281e-06  ,-1.173954898038e-01  ,-1.150066177607e-01  
  3.926158170640e-06  ,-1.464722362249e-01  ,-1.426098972995e-01  
  3.929547812283e-06  ,-1.601171255062e-01  ,-1.555054707591e-01  
  3.932832028210e-06  ,-1.716087697924e-01  ,-1.663112165810e-01  
  3.933750405401e-06  ,-1.745004460211e-01  ,-1.690216096482e-01  
  3.935587159783e-06  ,-1.798457702870e-01  ,-1.740165013762e-01  
  3.939260668546e-06  ,-1.887246325973e-01  ,-1.822566430524e-01  
  3.946607686073e-06  ,-1.988653008565e-01  ,-1.913975198500e-01  
  3.954132772475e-06  ,-1.983166571686e-01  ,-1.902389170994e-01  
  3.961657858878e-06  ,-1.867359105797e-01  ,-1.784904540084e-01  
  3.971148408443e-06  ,-1.574577647318e-01  ,-1.496562962980e-01  
  3.979731477290e-06  ,-1.189178069942e-01  ,-1.121103939104e-01  
  3.984286017209e-06  ,-9.477205643084e-02  ,-8.870092172085e-02  
  3.985559693962e-06  ,-8.765085783555e-02  ,-8.180980322257e-02  
  3.987649954349e-06  ,-7.566536945662e-02  ,-7.022199168488e-02  
  3.990028924733e-06  ,-6.163052888467e-02  ,-5.666769104854e-02  
  3.994786865503e-06  ,-3.260885798644e-02  ,-2.868411125879e-02  
  3.998487196356e-06  ,-9.501647738116e-03  ,-6.444598337495e-03  
  4.001813135535e-06  ,1.138610700428e-02  ,1.362776875261e-02  
  4.003919787198e-06  ,2.456654988264e-02  ,2.628095985090e-02  
  4.006610564381e-06  ,4.123747569201e-02  ,4.226608455632e-02  
  4.009315497667e-06  ,5.769906850274e-02  ,5.802684265678e-02  
  4.014725364238e-06  ,8.925722986279e-02  ,8.818916275369e-02  
  4.020085311919e-06  ,1.179902855844e-01  ,1.155757967564e-01  
  4.026290900499e-06  ,1.470388224890e-01  ,1.431515472073e-01  
  4.029688365251e-06  ,1.606447447747e-01  ,1.560047103357e-01  
  4.032874233514e-06  ,1.717448110254e-01  ,1.664366359495e-01  
  4.033840015024e-06  ,1.747748582348e-01  ,1.692764169688e-01  
  4.035771578044e-06  ,1.803496703580e-01  ,1.744841588397e-01  
  4.039634704083e-06  ,1.894895308621e-01  ,1.829598826699e-01  
  4.047360956162e-06  ,1.993130198774e-01  ,1.917620461917e-01  
  4.054802596062e-06  ,1.977278978791e-01  ,1.896152253370e-01  
  4.063458680600e-06  ,1.823873380302e-01  ,1.741700126231e-01  
  4.073983370751e-06  ,1.458652302518e-01  ,1.383316767964e-01  
  4.083761512727e-06  ,9.766112851921e-02  ,9.150250393513e-02  
  4.088877081364e-06  ,6.847373868579e-02  ,6.327187487247e-02  
  4.090014971286e-06  ,6.171392866225e-02  ,5.674545494876e-02  
  4.091143547982e-06  ,5.493153083634e-02  ,5.020099208683e-02  
  4.093400701374e-06  ,4.116820927331e-02  ,3.692809882594e-02  
  4.097915008157e-06  ,1.309102423718e-02  ,9.897088435795e-03  
  4.101724490017e-06  ,-1.082999069149e-02  ,-1.309341432745e-02  
  4.104409679264e-06  ,-2.761829336645e-02  ,-2.920943436885e-02  
  4.107620134443e-06  ,-4.742270954559e-02  ,-4.819353912088e-02  
  4.110544487327e-06  ,-6.504787206887e-02  ,-6.505869317177e-02  
  4.116393193096e-06  ,-9.850824913318e-02  ,-9.701398163311e-02  
  4.120989456266e-06  ,-1.225290576329e-01  ,-1.198909087872e-01  
  4.126061811537e-06  ,-1.460593102792e-01  ,-1.422136342528e-01  
  4.129101648420e-06  ,-1.584216449758e-01  ,-1.538965449243e-01  
  4.132129564375e-06  ,-1.693003892691e-01  ,-1.641381052234e-01  
  4.132999978453e-06  ,-1.721483364845e-01  ,-1.668113576476e-01  
  4.134740806609e-06  ,-1.774560543889e-01  ,-1.717785663799e-01  
  4.138222462922e-06  ,-1.864653071455e-01  ,-1.801667640323e-01  
  4.145185775548e-06  ,-1.977169028130e-01  ,-1.904138490956e-01  
  4.152188576251e-06  ,-1.995274453809e-01  ,-1.915664864914e-01  
  4.159554220229e-06  ,-1.910581532770e-01  ,-1.828122259747e-01  
  4.169810689479e-06  ,-1.624996879116e-01  ,-1.545925461607e-01  
  4.178951061755e-06  ,-1.228242289920e-01  ,-1.159042146228e-01  
  4.183898247272e-06  ,-9.691049182371e-02  ,-9.077113122117e-02  
  4.186656824738e-06  ,-8.140381715545e-02  ,-7.576723408569e-02  
  4.188384614378e-06  ,-7.137268965706e-02  ,-6.607335225153e-02  
  4.190657786518e-06  ,-5.785977137122e-02  ,-5.302806231072e-02  
  4.195204130799e-06  ,-3.001945753740e-02  ,-2.619063388344e-02  
  4.198911167175e-06  ,-6.840004316228e-03  ,-3.885786066055e-03  
  4.202151052147e-06  ,1.350517477361e-02  ,1.566196382741e-02  
  4.204044989735e-06  ,2.534707141602e-02  ,2.702895469233e-02  
  4.206447056919e-06  ,4.023166349218e-02  ,4.130478474772e-02  
  4.209549106151e-06  ,5.910289823654e-02  ,5.938177272621e-02  
  4.215753204614e-06  ,9.498899772847e-02  ,9.366772781946e-02  
  4.220853127033e-06  ,1.218509296113e-01  ,1.192539783726e-01  
  4.226210839540e-06  ,1.466973702145e-01  ,1.428325361807e-01  
  4.229376218706e-06  ,1.594687522816e-01  ,1.549005254116e-01  
  4.232382900506e-06  ,1.701424474154e-01  ,1.649396325159e-01  
  4.233317575842e-06  ,1.731555559175e-01  ,1.677656371497e-01  
  4.235186926514e-06  ,1.787314381499e-01  ,1.729775190570e-01  
  4.238925627857e-06  ,1.880173501178e-01  ,1.816074856320e-01  
  4.246403030545e-06  ,1.987244101551e-01  ,1.912799757313e-01  
  4.253535471350e-06  ,1.987676108428e-01  ,1.907168074822e-01  
  4.260740182787e-06  ,1.887228618672e-01  ,1.804722522383e-01  
  4.270282886416e-06  ,1.607522771225e-01  ,1.528821378021e-01  
  4.278915129095e-06  ,1.230023322697e-01  ,1.160791670674e-01  
  4.283582172781e-06  ,9.864292362764e-02  ,9.245098017823e-02  
  4.286339260131e-06  ,8.322229781215e-02  ,7.752750063188e-02  
  4.287359058350e-06  ,7.735408660068e-02  ,7.185465841777e-02  
  4.289094671100e-06  ,6.718761541930e-02  ,6.202922207633e-02  
  4.292565896600e-06  ,4.628637243163e-02  ,4.186162263055e-02  
  4.299508347601e-06  ,3.089020303443e-03  ,2.778350139325e-04  
  4.303521230310e-06  ,-2.207944572785e-02  ,-2.389508640180e-02  
  4.305995568126e-06  ,-3.744890950538e-02  ,-3.863874686956e-02  
  4.308224036783e-06  ,-5.110017447174e-02  ,-5.171727994654e-02  
  4.312680974096e-06  ,-7.758598148057e-02  ,-7.704766275300e-02  
  4.317850931972e-06  ,-1.063733705935e-01  ,-1.045081217102e-01  
  4.322289987892e-06  ,-1.288834000265e-01  ,-1.259251203056e-01  
  4.327406301588e-06  ,-1.516981888186e-01  ,-1.475516802902e-01  
  4.330041944474e-06  ,-1.619581661597e-01  ,-1.572330314002e-01  
  4.332578867167e-06  ,-1.707864265619e-01  ,-1.655354389819e-01  
  4.335096790880e-06  ,-1.784765771684e-01  ,-1.727375304172e-01  
  4.337480604142e-06  ,-1.847292354254e-01  ,-1.785614803080e-01  
  4.342248230666e-06  ,-1.940986143494e-01  ,-1.871798227541e-01  
  4.349447726697e-06  ,-1.999698978891e-01  ,-1.922176287570e-01  
  4.357723831624e-06  ,-1.941408668411e-01  ,-1.859211105881e-01  
  4.370014309376e-06  ,-1.617505356583e-01  ,-1.538587787500e-01  
  4.380538999528e-06  ,-1.148004837059e-01  ,-1.081100753060e-01  
  4.385523437947e-06  ,-8.785556213175e-02  ,-8.200244911558e-02  
  4.387033856899e-06  ,-7.923430005526e-02  ,-7.366604270055e-02  
  4.388891100377e-06  ,-6.839097129383e-02  ,-6.319024703317e-02  
  4.392043441027e-06  ,-4.947355833518e-02  ,-4.492932699093e-02  
  4.398348122329e-06  ,-1.037439547129e-02  ,-7.279988078104e-03  
  4.402226894587e-06  ,1.398058042090e-02  ,1.612271038221e-02  
  4.404700114816e-06  ,2.942449593060e-02  ,3.094126340272e-02  
  4.407880022615e-06  ,4.900746898452e-02  ,4.970765903429e-02  
  4.411382540554e-06  ,7.000411309833e-02  ,6.979888833439e-02  
  4.418060495943e-06  ,1.074861003998e-01  ,1.055789795409e-01  
  4.422880276531e-06  ,1.316971717437e-01  ,1.286028271794e-01  
  4.428106113762e-06  ,1.545267827185e-01  ,1.502275518763e-01  
  4.430835633963e-06  ,1.648334248573e-01  ,1.599459464952e-01  
  4.432123466820e-06  ,1.692799893681e-01  ,1.641264087020e-01  
  4.433931908995e-06  ,1.750548272695e-01  ,1.695381183035e-01  
  4.436789951712e-06  ,1.830227878030e-01  ,1.769756301718e-01  
  4.442506037146e-06  ,1.944828357494e-01  ,1.875281913430e-01  
  4.449102781206e-06  ,1.999205547904e-01  ,1.921992606239e-01  
  4.456823072821e-06  ,1.954228385271e-01  ,1.872270207746e-01  
  4.470342896372e-06  ,1.605276628193e-01  ,1.526611414319e-01  
  4.481424889952e-06  ,1.101987004011e-01  ,1.036430712933e-01  
  4.486672333866e-06  ,8.131479773925e-02  ,7.567292608862e-02  
  4.488289109856e-06  ,7.193292932809e-02  ,6.660687884484e-02  
  4.489809587091e-06  ,6.294012992342e-02  ,5.792391460289e-02  
  4.492850541562e-06  ,4.454462307654e-02  ,4.017567019088e-02  
  4.498932450503e-06  ,6.706353929349e-03  ,3.752314361332e-03  
  4.502627565950e-06  ,-1.649074067812e-02  ,-1.853256260350e-02  
  4.504943578929e-06  ,-3.093670452930e-02  ,-3.239553122782e-02  
  4.507392584771e-06  ,-4.603254620124e-02  ,-4.686374045672e-02  
  4.511766820639e-06  ,-7.226072321901e-02  ,-7.195579393571e-02  
  4.517722069710e-06  ,-1.056868534081e-01  ,-1.038557846464e-01  
  4.522332488984e-06  ,-1.290874854055e-01  ,-1.261210534478e-01  
  4.527570247144e-06  ,-1.523674732106e-01  ,-1.481851086621e-01  
  4.530256553978e-06  ,-1.627456289623e-01  ,-1.579741889995e-01  
  4.532834082335e-06  ,-1.716153978828e-01  ,-1.663128305802e-01  
  4.535226091236e-06  ,-1.788417309492e-01  ,-1.730780804786e-01  
  4.537791326135e-06  ,-1.854686431912e-01  ,-1.792471350402e-01  
  4.542921795934e-06  ,-1.950755742369e-01  ,-1.880627868000e-01  
  4.550051256508e-06  ,-1.999997407029e-01  ,-1.921948723122e-01  
  4.558282657951e-06  ,-1.932673291214e-01  ,-1.850356454186e-01  
  4.569257363170e-06  ,-1.645017951638e-01  ,-1.565548719982e-01  
  4.579118951648e-06  ,-1.219899980790e-01  ,-1.150930761303e-01  
  4.584413334221e-06  ,-9.406685859933e-02  ,-8.801639051484e-02  
  4.586989372462e-06  ,-7.949085657152e-02  ,-7.391643394310e-02  
  4.588771923870e-06  ,-6.909415752026e-02  ,-6.387123599415e-02  
  4.591124072164e-06  ,-5.504918461622e-02  ,-5.031525001667e-02  
  4.595828368753e-06  ,-2.613616463971e-02  ,-2.245069476314e-02  
  4.599303319544e-06  ,-4.377022930275e-03  ,-1.517466710149e-03  
  4.602759643883e-06  ,1.731764067358e-02  ,1.932232393700e-02  
  4.604694932193e-06  ,2.939228650018e-02  ,3.090931713048e-02  
  4.606643631548e-06  ,4.144075614993e-02  ,4.246323040377e-02  
  4.610541030258e-06  ,6.502733123308e-02  ,6.504785306286e-02  
  4.616528316826e-06  ,9.924624125595e-02  ,9.773055663911e-02  
  4.621246024460e-06  ,1.237991724199e-01  ,1.211102709392e-01  
  4.626470371574e-06  ,1.478008663240e-01  ,1.438789801442e-01  
  4.629218518227e-06  ,1.588687876426e-01  ,1.543347643632e-01  
  4.632130205125e-06  ,1.693025325930e-01  ,1.641499326269e-01  
  4.633122808725e-06  ,1.725399148003e-01  ,1.671874706360e-01  
  4.635005197912e-06  ,1.782161295404e-01  ,1.724975307014e-01  
  4.638769976288e-06  ,1.876816730165e-01  ,1.812955593488e-01  
  4.646299533039e-06  ,1.986500315095e-01  ,1.912163344196e-01  
  4.653244964272e-06  ,1.989616507945e-01  ,1.909321361335e-01  
  4.660469047219e-06  ,1.892799784227e-01  ,1.810291288291e-01  
  4.670124999672e-06  ,1.613405082169e-01  ,1.534566791594e-01  
  4.678845159203e-06  ,1.233486939910e-01  ,1.164143233966e-01  
  4.683569572359e-06  ,9.871178717034e-02  ,9.251661703665e-02  
  4.686485729605e-06  ,8.238458308824e-02  ,7.671645780248e-02  
  4.687537006527e-06  ,7.632181537400e-02  ,7.085608681762e-02  
  4.689228288323e-06  ,6.639627477354e-02  ,6.126402887912e-02  
  4.692610851914e-06  ,4.601153234105e-02  ,4.159587943084e-02  
  4.699375979096e-06  ,3.920587836414e-03  ,1.076984817986e-03  
  4.703321806580e-06  ,-2.083366330634e-02  ,-2.269955273585e-02  
  4.705389342695e-06  ,-3.370068649600e-02  ,-3.504519496822e-02  
  4.707449800760e-06  ,-4.638231854263e-02  ,-4.719806885250e-02  
  4.711570716888e-06  ,-7.111043728024e-02  ,-7.085556709418e-02  
  4.717242843896e-06  ,-1.031186563522e-01  ,-1.014073255624e-01  
  4.721709466964e-06  ,-1.260729561684e-01  ,-1.232566509931e-01  
  4.726841426879e-06  ,-1.493614607540e-01  ,-1.453420681840e-01  
  4.729493461043e-06  ,-1.599122597692e-01  ,-1.553040014585e-01  
  4.732164121658e-06  ,-1.694158862659e-01  ,-1.642478959629e-01  
  4.734071842819e-06  ,-1.754783538764e-01  ,-1.699330924230e-01  
  4.736445970327e-06  ,-1.821406925497e-01  ,-1.761511867366e-01  
  4.741194225341e-06  ,-1.923956275672e-01  ,-1.856280164632e-01  
  4.748159028083e-06  ,-1.996655948091e-01  ,-1.920334187596e-01  
  4.756026841193e-06  ,-1.964257787835e-01  ,-1.882566204392e-01  
  4.766947902232e-06  ,-1.723148043324e-01  ,-1.642263213663e-01  
  4.777158177882e-06  ,-1.315152369956e-01  ,-1.243520847155e-01  
  4.783352590591e-06  ,-9.989519530250e-02  ,-9.366016594876e-02  
  4.787358022720e-06  ,-7.736008721417e-02  ,-7.185539984529e-02  
  4.788571722299e-06  ,-7.027323695075e-02  ,-6.500859193128e-02  
  4.789807959884e-06  ,-6.294983440943e-02  ,-5.793765670289e-02  
  4.792280435055e-06  ,-4.802940108232e-02  ,-4.354068425255e-02  
  4.797225385398e-06  ,-1.741134927568e-02  ,-1.405208425512e-02  
  4.801195054740e-06  ,7.506986533848e-03  ,9.903240774256e-03  
  4.805584191769e-06  ,3.490681460334e-02  ,3.619387670503e-02  
  4.809009596199e-06  ,5.585611928647e-02  ,5.626432318103e-02  
  4.812533348292e-06  ,7.673022814510e-02  ,7.623683219020e-02  
  4.818877517670e-06  ,1.117793409195e-01  ,1.096721095068e-01  
  4.824010222644e-06  ,1.369562363365e-01  ,1.336038867406e-01  
  4.828840434045e-06  ,1.574145295839e-01  ,1.529613217019e-01  
  4.831522643059e-06  ,1.672395397454e-01  ,1.622103550234e-01  
  4.832700579852e-06  ,1.711831375778e-01  ,1.659140554520e-01  
  4.834392979234e-06  ,1.764374769402e-01  ,1.708351050810e-01  
  4.837777778000e-06  ,1.854367714355e-01  ,1.792180813104e-01  
  4.844547375530e-06  ,1.970728249968e-01  ,1.898479713324e-01  
  4.851339324802e-06  ,1.998229860496e-01  ,1.919160939947e-01  
  4.858766063541e-06  ,1.924636262403e-01  ,1.842236514379e-01  
  4.869713946670e-06  ,1.628532928789e-01  ,1.549382332539e-01  
  4.879276021808e-06  ,1.212064563922e-01  ,1.143316878651e-01  
  4.884429588407e-06  ,9.397671951216e-02  ,8.792913320750e-02  
  4.885864011437e-06  ,8.592820048246e-02  ,8.014167201874e-02  
  4.887884608895e-06  ,7.429853527694e-02  ,6.889963765043e-02  
  4.890173427254e-06  ,6.076614363786e-02  ,5.583206553415e-02  
  4.894751063973e-06  ,3.283077488003e-02  ,2.889869801681e-02  
  4.898485294968e-06  ,9.513581005638e-03  ,6.457201219258e-03  
  4.901812351733e-06  ,-1.138119022065e-02  ,-1.362204760257e-02  
  4.903913042933e-06  ,-2.452449475436e-02  ,-2.623973442514e-02  
  4.906600094825e-06  ,-4.117310479544e-02  ,-4.220368691019e-02  
  4.909325517207e-06  ,-5.775934352554e-02  ,-5.808396661444e-02  
  4.914776361972e-06  ,-8.954386328920e-02  ,-8.846250437370e-02  
  4.920156426221e-06  ,-1.183507740987e-01  ,-1.159187518520e-01  
  4.926333702594e-06  ,-1.472209878566e-01  ,-1.433238785669e-01  
  4.929725579411e-06  ,-1.607839183247e-01  ,-1.561358816306e-01  
  4.932888350874e-06  ,-1.717902484283e-01  ,-1.664792661797e-01  
  4.933890267700e-06  ,-1.749281413273e-01  ,-1.694199474125e-01  
  4.935894101351e-06  ,-1.806811041484e-01  ,-1.747956146453e-01  
  4.939901768655e-06  ,-1.900196707522e-01  ,-1.834479542999e-01  
  4.947917103261e-06  ,-1.995719640429e-01  ,-1.919641916166e-01  
  4.955286472529e-06  ,-1.972480962767e-01  ,-1.891085372076e-01  
  4.964882820338e-06  ,-1.785343523299e-01  ,-1.703591463588e-01  
  4.974219887942e-06  ,-1.448444863512e-01  ,-1.373383992841e-01  
  4.983872860163e-06  ,-9.704999597305e-02  ,-9.091154116037e-02  
  4.988733618945e-06  ,-6.931996578011e-02  ,-6.409029559063e-02  
  4.989890507847e-06  ,-6.245732030243e-02  ,-5.746407385892e-02  
  4.990964881569e-06  ,-5.601008139325e-02  ,-5.124249284667e-02  
  4.993113629013e-06  ,-4.293161390801e-02  ,-3.862860305025e-02  
  4.997411123902e-06  ,-1.624846081357e-02  ,-1.293510595070e-02  
  5.000984422356e-06  ,6.184322139134e-03  ,8.630706117443e-03  
  5.005075536162e-06  ,3.175556896772e-02  ,3.317677536429e-02  
  5.008197329432e-06  ,5.093791898660e-02  ,5.155700470090e-02  
  5.011372394353e-06  ,6.994439180965e-02  ,6.974117014035e-02  
  5.017722524196e-06  ,1.056892777418e-01  ,1.038625063653e-01  
  5.022427565843e-06  ,1.295431998035e-01  ,1.265575140411e-01  
  5.027676499873e-06  ,1.527990773047e-01  ,1.485984504834e-01  
  5.030375472695e-06  ,1.631787921816e-01  ,1.583892846141e-01  
  5.032691113144e-06  ,1.711523714259e-01  ,1.658853700096e-01  
  5.035134903580e-06  ,1.785845166219e-01  ,1.728406749133e-01  
  5.037710569292e-06  ,1.852781675509e-01  ,1.790724509007e-01  
  5.042861900717e-06  ,1.949922324136e-01  ,1.879889212128e-01  
  5.050661168486e-06  ,1.999568571907e-01  ,1.921030586546e-01  
  5.058588586241e-06  ,1.927638640794e-01  ,1.845272259737e-01  
  5.069511137396e-06  ,1.635896955662e-01  ,1.556604756158e-01  
  5.079234145075e-06  ,1.214156470497e-01  ,1.145350260317e-01  
  5.084453276783e-06  ,9.384530957119e-02  ,8.780187811592e-02  
  5.086870990187e-06  ,8.017284878920e-02  ,7.457580583166e-02  
  5.088693402201e-06  ,6.955693621825e-02  ,6.431831399337e-02  
  5.091076097876e-06  ,5.533891019628e-02  ,5.059486531037e-02  
  5.095841489226e-06  ,2.605443101299e-02  ,2.237199909305e-02  
  5.099367476493e-06  ,3.974000857872e-03  ,1.129956426028e-03  
  5.102888248354e-06  ,-1.812250800133e-02  ,-2.009502853555e-02  
  5.104851103812e-06  ,-3.036252982510e-02  ,-3.184000355661e-02  
  5.106724552304e-06  ,-4.193802754037e-02  ,-4.293994617706e-02  
  5.110471449286e-06  ,-6.461373989108e-02  ,-6.465212340308e-02  
  5.116402111441e-06  ,-9.855701245036e-02  ,-9.707696888160e-02  
  5.121124289423e-06  ,-1.231975332013e-01  ,-1.205394965147e-01  
  5.126323304564e-06  ,-1.471767583911e-01  ,-1.432893343303e-01  
  5.129429451615e-06  ,-1.596703916765e-01  ,-1.550917173591e-01  
  5.132280043751e-06  ,-1.698018607520e-01  ,-1.646192617180e-01  
  5.133275441319e-06  ,-1.730229212670e-01  ,-1.676406543767e-01  
  5.135182044893e-06  ,-1.787176719228e-01  ,-1.729662099237e-01  
  5.138995252043e-06  ,-1.881660463684e-01  ,-1.817430585183e-01  
  5.146621666342e-06  ,-1.988746253761e-01  ,-1.914050554020e-01  
  5.153666190296e-06  ,-1.986748971188e-01  ,-1.906212244033e-01  
  5.160857490689e-06  ,-1.884775770095e-01  ,-1.802270870604e-01  
  5.170331648976e-06  ,-1.605698047398e-01  ,-1.527019419878e-01  
  5.178913227707e-06  ,-1.230117522970e-01  ,-1.160871247960e-01  
  5.183552704245e-06  ,-9.880395019478e-02  ,-9.260611186390e-02  
  5.186307183892e-06  ,-8.340551946036e-02  ,-7.770404004611e-02  
  5.187322884291e-06  ,-7.756363644088e-02  ,-7.205660792943e-02  
  5.189058497041e-06  ,-6.740165123137e-02  ,-6.223543188898e-02  
  5.192529722542e-06  ,-4.650746018594e-02  ,-4.207443147050e-02  
  5.199472173542e-06  ,-3.316279463737e-03  ,-4.960966562439e-04  
  5.203485056251e-06  ,2.185353249279e-02  ,2.367843641622e-02  
  5.205694525927e-06  ,3.558921289582e-02  ,3.685611230297e-02  
  5.207828372210e-06  ,4.869276924909e-02  ,4.941149724729e-02  
  5.212096064776e-06  ,7.418578077690e-02  ,7.379526941528e-02  
  5.217496990651e-06  ,1.044835905018e-01  ,1.027068191194e-01  
  5.221902518958e-06  ,1.270122680959e-01  ,1.241465384976e-01  
  5.227049380034e-06  ,1.502272145247e-01  ,1.461583366651e-01  
  5.229695081204e-06  ,1.606698773462e-01  ,1.560151997026e-01  
  5.232271491975e-06  ,1.697734636140e-01  ,1.645813250588e-01  
  5.234334557742e-06  ,1.762643257034e-01  ,1.706666712177e-01  
  5.236715763301e-06  ,1.828343455832e-01  ,1.767950834616e-01  
  5.241478174418e-06  ,1.928752523333e-01  ,1.860640514274e-01  
  5.248418390244e-06  ,1.997531636803e-01  ,1.920981831868e-01  
  5.256435214967e-06  ,1.959267022974e-01  ,1.877443815178e-01  
  5.268278657883e-06  ,1.679209691604e-01  ,1.599083365284e-01  
  5.278660296887e-06  ,1.242609189434e-01  ,1.172976839296e-01  
  5.284351050347e-06  ,9.441203227309e-02  ,8.834878319528e-02  
  5.288028656930e-06  ,7.345746814405e-02  ,6.808299937652e-02  
  5.289329900831e-06  ,6.579369637610e-02  ,6.068149753053e-02  
  5.290728188545e-06  ,5.743619658164e-02  ,5.261540099238e-02  
  5.293524763972e-06  ,4.040508305103e-02  ,3.618979986061e-02  
  5.299117914826e-06  ,5.541595285286e-03  ,2.635183258519e-03  
  5.302611119539e-06  ,-1.638775449906e-02  ,-1.843131872560e-02  
  5.304790786892e-06  ,-2.998788582669e-02  ,-3.148293603203e-02  
  5.307114622980e-06  ,-4.433121663188e-02  ,-4.523163695297e-02  
  5.311450860888e-06  ,-7.040606614867e-02  ,-7.018141171408e-02  
  5.317533514887e-06  ,-1.046792041615e-01  ,-1.028958717850e-01  
  5.322170756251e-06  ,-1.283096380344e-01  ,-1.253838454074e-01  
  5.327407769352e-06  ,-1.517041986368e-01  ,-1.475600445152e-01  
  5.330095566303e-06  ,-1.621556111070e-01  ,-1.574209324008e-01  
  5.332684643060e-06  ,-1.711313353863e-01  ,-1.658606350057e-01  
  5.335218212992e-06  ,-1.788195665681e-01  ,-1.730590556099e-01  
  5.337624750525e-06  ,-1.850744456881e-01  ,-1.788828085671e-01  
  5.342437825590e-06  ,-1.943824169437e-01  ,-1.874374998950e-01  
  5.349726728588e-06  ,-1.999926296947e-01  ,-1.922161453288e-01  
  5.357999853283e-06  ,-1.937168614782e-01  ,-1.854911173224e-01  
  5.369211486965e-06  ,-1.646655663172e-01  ,-1.567157249726e-01  
  5.379239968449e-06  ,-1.213865695918e-01  ,-1.145067032671e-01  
  5.384611837059e-06  ,-9.296437060426e-02  ,-8.694865319934e-02  
  5.387048921973e-06  ,-7.914737966857e-02  ,-7.358397383706e-02  
  5.388867981225e-06  ,-6.852745824256e-02  ,-6.332355604733e-02  
  5.391266695648e-06  ,-5.418711917241e-02  ,-4.948332023029e-02  
  5.396064124495e-06  ,-2.466686707018e-02  ,-2.103592790981e-02  
  5.399670205504e-06  ,-2.072122860669e-03  ,6.984506343217e-04  
  5.403598151594e-06  ,2.255973725916e-02  ,2.435393627892e-02  
  5.405392437667e-06  ,3.371985455309e-02  ,3.505999701201e-02  
  5.407100483268e-06  ,4.424457979498e-02  ,4.515018097778e-02  
  5.410516574472e-06  ,6.488200063627e-02  ,6.491103814341e-02  
  5.416632756084e-06  ,9.981542230950e-02  ,9.828260065610e-02  
  5.421385481447e-06  ,1.244861712953e-01  ,1.217624429501e-01  
  5.426499559969e-06  ,1.479243582378e-01  ,1.439864591719e-01  
  5.429210826248e-06  ,1.588394239823e-01  ,1.542963602004e-01  
  5.432086377829e-06  ,1.691557711498e-01  ,1.640066830249e-01  
  5.433098352939e-06  ,1.724621553279e-01  ,1.671097384592e-01  
  5.434958017856e-06  ,1.780813955438e-01  ,1.723660654467e-01  
  5.438677347690e-06  ,1.874797803101e-01  ,1.811077175214e-01  
  5.446116007358e-06  ,1.985129771714e-01  ,1.910994543517e-01  
  5.453058458358e-06  ,1.990774907297e-01  ,1.910539278827e-01  
  5.460313088685e-06  ,1.895942155651e-01  ,1.813434151866e-01  
  5.470056957990e-06  ,1.615927847688e-01  ,1.537052850731e-01  
  5.478845662862e-06  ,1.233462029280e-01  ,1.164131088030e-01  
  5.483607328922e-06  ,9.850539463039e-02  ,9.231753740234e-02  
  5.486531681806e-06  ,8.212140462653e-02  ,7.646259272683e-02  
  5.487589105457e-06  ,7.601913843896e-02  ,7.056413071674e-02  
  5.489278524607e-06  ,6.609844976773e-02  ,6.097689441063e-02  
  5.492657362908e-06  ,4.572708480510e-02  ,4.132197178548e-02  
  5.499415039510e-06  ,3.675208287509e-03  ,8.412962339651e-04  
  5.503357141703e-06  ,-2.105445970978e-02  ,-2.291129627426e-02  
  5.505441814154e-06  ,-3.402561427496e-02  ,-3.535657222551e-02  
  5.507450490683e-06  ,-4.638653526712e-02  ,-4.720205179309e-02  
  5.511467843741e-06  ,-7.050593211044e-02  ,-7.027770092455e-02  
  5.517164557666e-06  ,-1.026968797582e-01  ,-1.010054621390e-01  
  5.521639376372e-06  ,-1.257307747674e-01  ,-1.229317585987e-01  
  5.526760160416e-06  ,-1.490213965283e-01  ,-1.450205697809e-01  
  5.529416292399e-06  ,-1.596205877939e-01  ,-1.550292203255e-01  
  5.532127558678e-06  ,-1.692936797234e-01  ,-1.641332857824e-01  
  5.533974185079e-06  ,-1.751831379685e-01  ,-1.696568563525e-01  
  5.536351292819e-06  ,-1.818941671424e-01  ,-1.759218131885e-01  
  5.541105508298e-06  ,-1.922426328057e-01  ,-1.854883808674e-01  
  5.548095643014e-06  ,-1.996421780898e-01  ,-1.920163904645e-01  
  5.555893420666e-06  ,-1.965818300072e-01  ,-1.884177065304e-01  
  5.566570102662e-06  ,-1.735076480556e-01  ,-1.654002882731e-01  
  5.576580702752e-06  ,-1.342270254966e-01  ,-1.269912799193e-01  
  5.583943366498e-06  ,-9.666240606326e-02  ,-9.052738399448e-02  
  5.588161140174e-06  ,-7.268259702663e-02  ,-6.733301228449e-02  
  5.589216142386e-06  ,-6.646825696484e-02  ,-6.133149794004e-02  
  5.590380109340e-06  ,-5.952764053138e-02  ,-5.463232426697e-02  
  5.592708043247e-06  ,-4.541702765483e-02  ,-4.102067354043e-02  
  5.597363911062e-06  ,-1.654410924690e-02  ,-1.321693482165e-02  
  5.601151786238e-06  ,7.235307245666e-03  ,9.642473563173e-03  
  5.605341992766e-06  ,3.340739498725e-02  ,3.476276170653e-02  
  5.608688048512e-06  ,5.391334910859e-02  ,5.440757787397e-02  
  5.612086258322e-06  ,7.412855707931e-02  ,7.374189910080e-02  
  5.618804446846e-06  ,1.113983293583e-01  ,1.093003852115e-01  
  5.623946092516e-06  ,1.366623154857e-01  ,1.333124892359e-01  
  5.629447601229e-06  ,1.597390380215e-01  ,1.551492238798e-01  
  5.632396541029e-06  ,1.701874815477e-01  ,1.649822440610e-01  
  5.633577458054e-06  ,1.739669197510e-01  ,1.685265797501e-01  
  5.635340451688e-06  ,1.791622342940e-01  ,1.733810904115e-01  
  5.638866438955e-06  ,1.878902330507e-01  ,1.814905304760e-01  
  5.645918413490e-06  ,1.983580398393e-01  ,1.909686280318e-01  
  5.653419658035e-06  ,1.988469520727e-01  ,1.908029426354e-01  
  5.660698130220e-06  ,1.888101677010e-01  ,1.805571690438e-01  
  5.670333221048e-06  ,1.605639156791e-01  ,1.526953948312e-01  
  5.679028048605e-06  ,1.224421105209e-01  ,1.155332546525e-01  
  5.683716698974e-06  ,9.790675281044e-02  ,9.173667000994e-02  
  5.686285659164e-06  ,8.352842268198e-02  ,7.782253841583e-02  
  5.688002459198e-06  ,7.361054378455e-02  ,6.823621863881e-02  
  5.690299845725e-06  ,6.000890592353e-02  ,5.510280072239e-02  
  5.694894618779e-06  ,3.194069817622e-02  ,2.804134366655e-02  
  5.698762215167e-06  ,7.775271587545e-03  ,4.785127640184e-03  
  5.702029294759e-06  ,-1.274179975210e-02  ,-1.492906090651e-02  
  5.703978739172e-06  ,-2.493410877380e-02  ,-2.663304960926e-02  
  5.706528327852e-06  ,-4.073173401979e-02  ,-4.178069725306e-02  
  5.709455288440e-06  ,-5.853949521534e-02  ,-5.883037723795e-02  
  5.715309209615e-06  ,-9.252485518914e-02  ,-9.130754906078e-02  
  5.720861382276e-06  ,-1.218920564915e-01  ,-1.192869083075e-01  
  5.726850158960e-06  ,-1.493979427658e-01  ,-1.453820030873e-01  
  5.729859448463e-06  ,-1.612827433825e-01  ,-1.566044834054e-01  
  5.732839308172e-06  ,-1.716322569845e-01  ,-1.663302941481e-01  
  5.734871826559e-06  ,-1.778342455661e-01  ,-1.721376584578e-01  
  5.737384162337e-06  ,-1.844961552952e-01  ,-1.783450063726e-01  
  5.742408833891e-06  ,-1.943394659702e-01  ,-1.873993805975e-01  
  5.750078461558e-06  ,-1.999993924061e-01  ,-1.921934644983e-01  
  5.757995448500e-06  ,-1.937237422584e-01  ,-1.854982453830e-01  
  5.769449971110e-06  ,-1.638104889115e-01  ,-1.558771781778e-01  
  5.779494843870e-06  ,-1.201099508077e-01  ,-1.132663014271e-01  
  5.784871927887e-06  ,-9.151435674633e-02  ,-8.554454050305e-02  
  5.786358691245e-06  ,-8.311126485958e-02  ,-7.741610681253e-02  
  5.788839734584e-06  ,-6.869416692693e-02  ,-6.348465075119e-02  
  5.791093907744e-06  ,-5.523136775383e-02  ,-5.049016334801e-02  
  5.795602254063e-06  ,-2.754403046494e-02  ,-2.380535187137e-02  
  5.799121908337e-06  ,-5.516512904642e-03  ,-2.612241785281e-03  
  5.802426985890e-06  ,1.523443128742e-02  ,1.732297825370e-02  
  5.804317198187e-06  ,2.704266887528e-02  ,2.865603675241e-02  
  5.806481964380e-06  ,4.044648591638e-02  ,4.151076278089e-02  
  5.810101083905e-06  ,6.240712970748e-02  ,6.254240692935e-02  
  5.815963200718e-06  ,9.614805373286e-02  ,9.477677638543e-02  
  5.820791176945e-06  ,1.215420385105e-01  ,1.189621532875e-01  
  5.826063207775e-06  ,1.460653031223e-01  ,1.422306059720e-01  
  5.829168982297e-06  ,1.586795248345e-01  ,1.541529737497e-01  
  5.832262835890e-06  ,1.697447076297e-01  ,1.645635068012e-01  
  5.833170689136e-06  ,1.726918601328e-01  ,1.673284858928e-01  
  5.834986395627e-06  ,1.781624820024e-01  ,1.724441295703e-01  
  5.838617808610e-06  ,1.873491709995e-01  ,1.809886047336e-01  
  5.845880634576e-06  ,1.983275460336e-01  ,1.909447664359e-01  
  5.852961666375e-06  ,1.991349151994e-01  ,1.911254266763e-01  
  5.860226727515e-06  ,1.897662651638e-01  ,1.815173434367e-01  
  5.870049572974e-06  ,1.616201216194e-01  ,1.537310696314e-01  
  5.878885961562e-06  ,1.231467883749e-01  ,1.162181207181e-01  
  5.883669979364e-06  ,9.816261649516e-02  ,9.198451045262e-02  
  5.886510513216e-06  ,8.224266313536e-02  ,7.657903655755e-02  
  5.887558251113e-06  ,7.619841625183e-02  ,7.073665359892e-02  
  5.889271512121e-06  ,6.614003308460e-02  ,6.101652757632e-02  
  5.892698034137e-06  ,4.547827151800e-02  ,4.108171322924e-02  
  5.899551078171e-06  ,2.820565537669e-03  ,1.947143306108e-05  
  5.903529688209e-06  ,-2.213226266364e-02  ,-2.394587458387e-02  
  5.905982419342e-06  ,-3.736775126847e-02  ,-3.856085790232e-02  
  5.908190026373e-06  ,-5.089354437739e-02  ,-5.151931688437e-02  
  5.912605240434e-06  ,-7.714717790536e-02  ,-7.662831064255e-02  
  5.917777433485e-06  ,-1.059820182948e-01  ,-1.041353780043e-01  
  5.922194137663e-06  ,-1.284222953372e-01  ,-1.254873563357e-01  
  5.927316411823e-06  ,-1.513295174185e-01  ,-1.472033321060e-01  
  5.929953172296e-06  ,-1.616302814730e-01  ,-1.569243624539e-01  
  5.932496427983e-06  ,-1.705163050251e-01  ,-1.652820877652e-01  
  5.934792696923e-06  ,-1.776061965370e-01  ,-1.719243464446e-01  
  5.937212272972e-06  ,-1.840765359292e-01  ,-1.779554139095e-01  
  5.942051425070e-06  ,-1.937967343810e-01  ,-1.869060532213e-01  
  5.949092223734e-06  ,-1.999186742722e-01  ,-1.921985269921e-01  
  5.957278921694e-06  ,-1.947935642885e-01  ,-1.865849470070e-01  
  5.971387341112e-06  ,-1.565276851214e-01  ,-1.487443968903e-01  
  5.983926668257e-06  ,-9.675424315464e-02  ,-9.060375361250e-02  
  5.989715769380e-06  ,-6.349937919167e-02  ,-5.844938950030e-02  
  5.991011611611e-06  ,-5.572815648477e-02  ,-5.095139789679e-02  
  5.992296277970e-06  ,-4.793276417081e-02  ,-4.343492576611e-02  
  5.994865610689e-06  ,-3.212060875305e-02  ,-2.819792825533e-02  
  5.999164595693e-06  ,-5.248397500625e-03  ,-2.344049899837e-03  
  6.002597823232e-06  ,1.630449084156e-02  ,1.835825994656e-02  
  6.004617303103e-06  ,2.890973758372e-02  ,3.045432907673e-02  
  6.006750031799e-06  ,4.209454728820e-02  ,4.309303547094e-02  
  6.011003568262e-06  ,6.776867821768e-02  ,6.766282477597e-02  
  6.017326876014e-06  ,1.035706954500e-01  ,1.018423220590e-01  
  6.022078856319e-06  ,1.278661716801e-01  ,1.249658276938e-01  
  6.027355357498e-06  ,1.514893964723e-01  ,1.473597632462e-01  
  6.030064016074e-06  ,1.620394933370e-01  ,1.573142909619e-01  
  6.032678424805e-06  ,1.711111114515e-01  ,1.658438443009e-01  
  6.035270481795e-06  ,1.789664130136e-01  ,1.731979379361e-01  
  6.037634923548e-06  ,1.850986653465e-01  ,1.789067089353e-01  
  6.042363807052e-06  ,1.942724394506e-01  ,1.873388421691e-01  
  6.049742862076e-06  ,1.999934742617e-01  ,1.922161312628e-01  
  6.058027907699e-06  ,1.936729501936e-01  ,1.854468771433e-01  
  6.069223150104e-06  ,1.646239630767e-01  ,1.566749914983e-01  
  6.079244181007e-06  ,1.213655327775e-01  ,1.144862845760e-01  
  6.084610834211e-06  ,9.296994956166e-02  ,8.695406745151e-02  
  6.087042703718e-06  ,7.918325904617e-02  ,7.361867298440e-02  
  6.089238017291e-06  ,6.633860963198e-02  ,6.120980246311e-02  
  6.091454565018e-06  ,5.304991452541e-02  ,4.838624485904e-02  
  6.095887660474e-06  ,2.576677337235e-02  ,2.209513270354e-02  
  6.099295928568e-06  ,4.423450560896e-03  ,1.562355581735e-03  
  6.102729156107e-06  ,-1.712679187889e-02  ,-1.913883290582e-02  
  6.104650288314e-06  ,-2.911479758740e-02  ,-3.064284774424e-02  
  6.106605693191e-06  ,-4.120752628056e-02  ,-4.223936578500e-02  
  6.110516502947e-06  ,-6.488157553322e-02  ,-6.490812989484e-02  
  6.116505279630e-06  ,-9.912054734642e-02  ,-9.761047996038e-02  
  6.121232673019e-06  ,-1.237332751424e-01  ,-1.210475512900e-01  
  6.126465215772e-06  ,-1.477790399476e-01  ,-1.438583225287e-01  
  6.129215970129e-06  ,-1.588590614599e-01  ,-1.543256284287e-01  
  6.132128402084e-06  ,-1.692965012041e-01  ,-1.641443397231e-01  
  6.133118397981e-06  ,-1.725258979522e-01  ,-1.671743971192e-01  
  6.135005630046e-06  ,-1.782173617930e-01  ,-1.724987492697e-01  
  6.138780094177e-06  ,-1.877036296501e-01  ,-1.813158819244e-01  
  6.146329022437e-06  ,-1.986714380922e-01  ,-1.912344521713e-01  
  6.153267748147e-06  ,-1.989470313306e-01  ,-1.909161812897e-01  
  6.160486615688e-06  ,-1.892442952340e-01  ,-1.809934399638e-01  
  6.170130647212e-06  ,-1.613195358147e-01  ,-1.534361405882e-01  
  6.178843356162e-06  ,-1.233576114486e-01  ,-1.164229999709e-01  
  6.183564044029e-06  ,-9.874199559823e-02  ,-9.254589393953e-02  
  6.186483181506e-06  ,-8.239917159546e-02  ,-7.673058040366e-02  
  6.187534458429e-06  ,-7.633661371588e-02  ,-7.087040333298e-02  
  6.189224808902e-06  ,-6.641689635050e-02  ,-6.128395165895e-02  
  6.192605509847e-06  ,-4.604419656616e-02  ,-4.162737901689e-02  
  6.199366911739e-06  ,-3.977548610761e-03  ,-1.131748124998e-03  
  6.203311994165e-06  ,2.077234451099e-02  ,2.264069965904e-02  
  6.205373197287e-06  ,3.360068812326e-02  ,3.494931361444e-02  
  6.207447066396e-06  ,4.636560625612e-02  ,4.718203515041e-02  
  6.211594804615e-06  ,7.125187496286e-02  ,7.099074057013e-02  
  6.217263206333e-06  ,1.032282593432e-01  ,1.015117465125e-01  
  6.221729084343e-06  ,1.261686185522e-01  ,1.233474938945e-01  
  6.226864769548e-06  ,1.494589596215e-01  ,1.454342625536e-01  
  6.229516431183e-06  ,1.599988978693e-01  ,1.553856482702e-01  
  6.232176288456e-06  ,1.694565024938e-01  ,1.642860168953e-01  
  6.234101891011e-06  ,1.755688563355e-01  ,1.700177883583e-01  
  6.236476018518e-06  ,1.822185965783e-01  ,1.762236770799e-01  
  6.241224273533e-06  ,1.924471076619e-01  ,1.856750000743e-01  
  6.248184605926e-06  ,1.996748199822e-01  ,1.920400934900e-01  
  6.256071790546e-06  ,1.963724278508e-01  ,1.882016090684e-01  
  6.267080768436e-06  ,1.718895216006e-01  ,1.638079466841e-01  
  6.277304455131e-06  ,1.308214215513e-01  ,1.236770566749e-01  
  6.283400520176e-06  ,9.963418715516e-02  ,9.340731304868e-02  
  6.287503554910e-06  ,7.651605007385e-02  ,7.103950634301e-02  
  6.288742027670e-06  ,6.927040477318e-02  ,6.403982596140e-02  
  6.289966158062e-06  ,6.200559196782e-02  ,5.702602207980e-02  
  6.292414418846e-06  ,4.721176833091e-02  ,4.275221024906e-02  
  6.297310940415e-06  ,1.687576992051e-02  ,1.353673816218e-02  
  6.301263473421e-06  ,-7.936553182138e-03  ,-1.031582358367e-02  
  6.305548302323e-06  ,-3.468475358800e-02  ,-3.598783843569e-02  
  6.309021017939e-06  ,-5.592502503921e-02  ,-5.633371918803e-02  
  6.312552220613e-06  ,-7.683971910459e-02  ,-7.633292690811e-02  
  6.319113201886e-06  ,-1.130042397334e-01  ,-1.108284366730e-01  
  6.324458993465e-06  ,-1.389974174426e-01  ,-1.355251386589e-01  
  6.328610456973e-06  ,-1.565190727593e-01  ,-1.521065058263e-01  
  6.331150732428e-06  ,-1.659465960227e-01  ,-1.609870679851e-01  
  6.332286573440e-06  ,-1.698235350686e-01  ,-1.646310556256e-01  
  6.333946190268e-06  ,-1.750982064214e-01  ,-1.695737847657e-01  
  6.337240091950e-06  ,-1.841448125030e-01  ,-1.780147298445e-01  
  6.343827895313e-06  ,-1.962519518273e-01  ,-1.891168913774e-01  
  6.350246570498e-06  ,-1.999939996056e-01  ,-1.921716798481e-01  
  6.357759735972e-06  ,-1.940865383505e-01  ,-1.858649094680e-01  
  6.369932494551e-06  ,-1.620523434990e-01  ,-1.541536853972e-01  
  6.380191944033e-06  ,-1.165792284505e-01  ,-1.098368669641e-01  
  6.385103366762e-06  ,-9.021893796085e-02  ,-8.429009412152e-02  
  6.386567405850e-06  ,-8.191668681912e-02  ,-7.626025191684e-02  
  6.388598434120e-06  ,-7.011607839766e-02  ,-6.485731581696e-02  
  6.391418106347e-06  ,-5.327075069369e-02  ,-4.859517242877e-02  
  6.397057450801e-06  ,-1.846226018847e-02  ,-1.505913003616e-02  
  6.401503957301e-06  ,9.446126924262e-03  ,1.177056896377e-02  
  6.406131512910e-06  ,3.828762433213e-02  ,3.943780691618e-02  
  6.409783414990e-06  ,6.050773887870e-02  ,6.071906002641e-02  
  6.413661442190e-06  ,8.322631042579e-02  ,8.244443171744e-02  
  6.419969103724e-06  ,1.173999430405e-01  ,1.150245948293e-01  
  6.425953410059e-06  ,1.455931797012e-01  ,1.417880647253e-01  
  6.429414577276e-06  ,1.596140945297e-01  ,1.550344384676e-01  
  6.432908154517e-06  ,1.718539304565e-01  ,1.665478742175e-01  
  6.433846182615e-06  ,1.747936943703e-01  ,1.693025950173e-01  
  6.435722238809e-06  ,1.802154494590e-01  ,1.743649501274e-01  
  6.439474351197e-06  ,1.891648090500e-01  ,1.826669767464e-01  
  6.446978575975e-06  ,1.990996797967e-01  ,1.915948263489e-01  
  6.454527504236e-06  ,1.979803078945e-01  ,1.898783458754e-01  
  6.462648637086e-06  ,1.844164997434e-01  ,1.761816962881e-01  
  6.472611553460e-06  ,1.516250548072e-01  ,1.439539299652e-01  
  6.482520825654e-06  ,1.043881213880e-01  ,9.801033216803e-02  
  6.487011290580e-06  ,7.936446687823e-02  ,7.378902963166e-02  
  6.488415538758e-06  ,7.119114601217e-02  ,6.589178329508e-02  
  6.489682882518e-06  ,6.369528812008e-02  ,5.865414667231e-02  
  6.492217570037e-06  ,4.841274087503e-02  ,4.390734542103e-02  
  6.497286945075e-06  ,1.702599460417e-02  ,1.367938854039e-02  
  6.501364647835e-06  ,-8.571708893809e-03  ,-1.092740212181e-02  
  6.505683749408e-06  ,-3.552258063590e-02  ,-3.678518900041e-02  
  6.509287967771e-06  ,-5.753342620067e-02  ,-5.787042424993e-02  
  6.512937262148e-06  ,-7.906765112487e-02  ,-7.847058382569e-02  
  6.519255354494e-06  ,-1.137400448608e-01  ,-1.115428731079e-01  
  6.524694278330e-06  ,-1.400565687301e-01  ,-1.365459409075e-01  
  6.528519406408e-06  ,-1.561622908289e-01  ,-1.517800317267e-01  
  6.531040310353e-06  ,-1.655583452016e-01  ,-1.606342498719e-01  
  6.532153427094e-06  ,-1.693801643351e-01  ,-1.642228331029e-01  
  6.533801309258e-06  ,-1.746564990843e-01  ,-1.691696428504e-01  
  6.537024802953e-06  ,-1.836127615505e-01  ,-1.775268444777e-01  
  6.543471790344e-06  ,-1.958085418820e-01  ,-1.887239673372e-01  
  6.549784667283e-06  ,-1.999954236616e-01  ,-1.922182068763e-01  
  6.557345516473e-06  ,-1.946982862993e-01  ,-1.864898908492e-01  
  6.570124752313e-06  ,-1.613414266809e-01  ,-1.534581207502e-01  
  6.580729908735e-06  ,-1.138161952781e-01  ,-1.071541379888e-01  
  6.585773951799e-06  ,-8.643882859093e-02  ,-8.063093695731e-02  
  6.587308212608e-06  ,-7.764859833440e-02  ,-7.213237756027e-02  
  6.589071765035e-06  ,-6.732315684075e-02  ,-6.215816889479e-02  
  6.592404782265e-06  ,-4.727060341690e-02  ,-4.280291431143e-02  
  6.599070816725e-06  ,-5.837401584525e-03  ,-2.915999077920e-03  
  6.603006213397e-06  ,1.886052896771e-02  ,2.080842038116e-02  
  6.605454101652e-06  ,3.410169086972e-02  ,3.543183115134e-02  
  6.607670276850e-06  ,4.772871988837e-02  ,4.849002897797e-02  
  6.612102627248e-06  ,7.422407089790e-02  ,7.383319245875e-02  
  6.617653309792e-06  ,1.053198236690e-01  ,1.035048846495e-01  
  6.622137814254e-06  ,1.281507980518e-01  ,1.252291452626e-01  
  6.627330868930e-06  ,1.513888929126e-01  ,1.472575147853e-01  
  6.629994824022e-06  ,1.617842810023e-01  ,1.570657491280e-01  
  6.632564156741e-06  ,1.707383100634e-01  ,1.654874818004e-01  
  6.634883149952e-06  ,1.778667893618e-01  ,1.721654488224e-01  
  6.637315764517e-06  ,1.843298251150e-01  ,1.781887032879e-01  
  6.642180993646e-06  ,1.939963134044e-01  ,1.870858499838e-01  
  6.649279161781e-06  ,1.999487189634e-01  ,1.922108612932e-01  
  6.657473310322e-06  ,1.945130636118e-01  ,1.862990287065e-01  
  6.672204598278e-06  ,1.532800439069e-01  ,1.455709636300e-01  
  6.685868963093e-06  ,8.590010515885e-02  ,8.011100114812e-02  
  6.693861945957e-06  ,3.832796253200e-02  ,3.417103592776e-02  
  6.696011438459e-06  ,2.499534185352e-02  ,2.133230210105e-02  
  6.698290943593e-06  ,1.073315947012e-02  ,7.612921707633e-03  
  6.701189591974e-06  ,-7.472687041592e-03  ,-9.883153620922e-03  
  6.703332006425e-06  ,-2.089740109444e-02  ,-2.277227806796e-02  
  6.705324664205e-06  ,-3.330004116127e-02  ,-3.466631303957e-02  
  6.707129939884e-06  ,-4.442505648660e-02  ,-4.533065245179e-02  
  6.710740491241e-06  ,-6.621120432543e-02  ,-6.618343476308e-02  
  6.716855182737e-06  ,-1.010240312495e-01  ,-9.942524273983e-02  
  6.721557244152e-06  ,-1.253290306879e-01  ,-1.225577201024e-01  
  6.726716771215e-06  ,-1.488394340074e-01  ,-1.448541735136e-01  
  6.729409038514e-06  ,-1.595931222399e-01  ,-1.550085445505e-01  
  6.732163518161e-06  ,-1.694138709770e-01  ,-1.642502855937e-01  
  6.733990586787e-06  ,-1.752328350444e-01  ,-1.697068791709e-01  
  6.736378870398e-06  ,-1.819661410364e-01  ,-1.759915279403e-01  
  6.741112224251e-06  ,-1.922542668955e-01  ,-1.855007003581e-01  
  6.748205922037e-06  ,-1.996824095787e-01  ,-1.920466845344e-01  
  6.755969427019e-06  ,-1.964933546677e-01  ,-1.883268125342e-01  
  6.766841314226e-06  ,-1.726538049393e-01  ,-1.645600489688e-01  
  6.777014336973e-06  ,-1.321947882501e-01  ,-1.250133690265e-01  
  6.783316783100e-06  ,-1.000900428851e-01  ,-9.384894335064e-02  
  6.787263355643e-06  ,-7.790825704713e-02  ,-7.238531416958e-02  
  6.788462154061e-06  ,-7.091736082443e-02  ,-6.563086870483e-02  
  6.789699322969e-06  ,-6.359735989510e-02  ,-5.856284264249e-02  
  6.792173660785e-06  ,-4.868037982466e-02  ,-4.416847672968e-02  
  6.797122336417e-06  ,-1.805627451026e-02  ,-1.467265972920e-02  
  6.801071889192e-06  ,6.733605641035e-03  ,9.160328433374e-03  
  6.805507964879e-06  ,3.443511859033e-02  ,3.574165130317e-02  
  6.808784357697e-06  ,5.449582907886e-02  ,5.496221296912e-02  
  6.812222055584e-06  ,7.492034790432e-02  ,7.450719810645e-02  
  6.818622104317e-06  ,1.104449889309e-01  ,1.084020612946e-01  
  6.823599092156e-06  ,1.350623546809e-01  ,1.318084549091e-01  
  6.829000018030e-06  ,1.580310719104e-01  ,1.535450810553e-01  
  6.831810377032e-06  ,1.682241890667e-01  ,1.631379616796e-01  
  6.833002842456e-06  ,1.721574960304e-01  ,1.668300870559e-01  
  6.834745346993e-06  ,1.774692106053e-01  ,1.718015039009e-01  
  6.838230356067e-06  ,1.864832355055e-01  ,1.801889013049e-01  
  6.845200374216e-06  ,1.977307021545e-01  ,1.904260710135e-01  
  6.852224781603e-06  ,1.995116876489e-01  ,1.915423797855e-01  
  6.859582229942e-06  ,1.910060446436e-01  ,1.827597540522e-01  
  6.869826778263e-06  ,1.624407360842e-01  ,1.545365788099e-01  
  6.878959699959e-06  ,1.227813896607e-01  ,1.158641063658e-01  
  6.883900925010e-06  ,9.689577384445e-02  ,9.075799229351e-02  
  6.886643483728e-06  ,8.148037652503e-02  ,7.584216341959e-02  
  6.888366616756e-06  ,7.147831490604e-02  ,6.617617367939e-02  
  6.890646494418e-06  ,5.792768416503e-02  ,5.309423973068e-02  
  6.895206249744e-06  ,3.000629457416e-02  ,2.617836788243e-02  
  6.898912913591e-06  ,6.829037669170e-03  ,3.875524808226e-03  
  6.902153916150e-06  ,-1.352312870830e-02  ,-1.567899571158e-02  
  6.904048226267e-06  ,-2.536724304074e-02  ,-2.704813767592e-02  
  6.906448058277e-06  ,-4.023782657971e-02  ,-4.131056169820e-02  
  6.909554577857e-06  ,-5.913574164901e-02  ,-5.941311218455e-02  
  6.915767617017e-06  ,-9.506867849491e-02  ,-9.374369999242e-02  
  6.920866049320e-06  ,-1.219153036563e-01  ,-1.193151643056e-01  
  6.926223016769e-06  ,-1.467493648179e-01  ,-1.428817373436e-01  
  6.929389140993e-06  ,-1.595177412530e-01  ,-1.549467149959e-01  
  6.932385019451e-06  ,-1.701494451543e-01  ,-1.649461909365e-01  
  6.933328635484e-06  ,-1.731903201415e-01  ,-1.677982059995e-01  
  6.935215867549e-06  ,-1.788129658638e-01  ,-1.730535868734e-01  
  6.938990331680e-06  ,-1.881555675109e-01  ,-1.817350776140e-01  
  6.946539259940e-06  ,-1.988191088618e-01  ,-1.913595100801e-01  
  6.953658289701e-06  ,-1.986805958454e-01  ,-1.906228436171e-01  
  6.960848099977e-06  ,-1.884973068127e-01  ,-1.802468334697e-01  
  6.970337159425e-06  ,-1.605491606067e-01  ,-1.526831835190e-01  
  6.978929168969e-06  ,-1.229327610877e-01  ,-1.160115883884e-01  
  6.983572370797e-06  ,-9.869649454526e-02  ,-9.250291353490e-02  
  6.986297793180e-06  ,-8.345914382147e-02  ,-7.775661391545e-02  
  6.987309768289e-06  ,-7.763959035939e-02  ,-7.213067757618e-02  
  6.989054321736e-06  ,-6.742635021141e-02  ,-6.225988352820e-02  
  6.992543428630e-06  ,-4.642369869446e-02  ,-4.199411033953e-02  
  6.999521642417e-06  ,-3.005496207917e-03  ,-1.975495476267e-04  
  7.003547936171e-06  ,2.224621015444e-02  ,2.405515076440e-02  
  7.006029724568e-06  ,3.765970339894e-02  ,3.884087302170e-02  
  7.008282780141e-06  ,5.145693194278e-02  ,5.205894100564e-02  
  7.012788891286e-06  ,7.821049815765e-02  ,7.764117066561e-02  
  7.018030374736e-06  ,1.073264502419e-01  ,1.054138520513e-01  
  7.022569268435e-06  ,1.302202506175e-01  ,1.271907000891e-01  
  7.027711659163e-06  ,1.529415214965e-01  ,1.487215376131e-01  
  7.030369281262e-06  ,1.631562959454e-01  ,1.583598471334e-01  
  7.032648041338e-06  ,1.710121999172e-01  ,1.657469926962e-01  
  7.035050108522e-06  ,1.783440188584e-01  ,1.726104869790e-01  
  7.037647008389e-06  ,1.851274120421e-01  ,1.789281807485e-01  
  7.042840808123e-06  ,1.949627185142e-01  ,1.879610388243e-01  
  7.050550668925e-06  ,1.999700725267e-01  ,1.921244343715e-01  
  7.058469145983e-06  ,1.929625478841e-01  ,1.847275666822e-01  
  7.069479613990e-06  ,1.637035618162e-01  ,1.557720349918e-01  
  7.079254775733e-06  ,1.213126150876e-01  ,1.144348590293e-01  
  7.084502219647e-06  ,9.357363722746e-02  ,8.753873721448e-02  
  7.085970542818e-06  ,8.532329167767e-02  ,7.955637221790e-02  
  7.087974376470e-06  ,7.377457825194e-02  ,6.839316698258e-02  
  7.090278095990e-06  ,6.013925304667e-02  ,5.522683850698e-02  
  7.094885535032e-06  ,3.199703919165e-02  ,2.809554507969e-02  
  7.098546750337e-06  ,9.127865145556e-03  ,6.086253183958e-03  
  7.101848102599e-06  ,-1.160544830859e-02  ,-1.383736354761e-02  
  7.103895894676e-06  ,-2.441755864335e-02  ,-2.613699502112e-02  
  7.106527067214e-06  ,-4.072397916921e-02  ,-4.177309694998e-02  
  7.109267018229e-06  ,-5.740734782579e-02  ,-5.774692836364e-02  
  7.114746920258e-06  ,-8.937841374847e-02  ,-8.830461878691e-02  
  7.120123259217e-06  ,-1.181827192305e-01  ,-1.157593235655e-01  
  7.126334808260e-06  ,-1.472256900372e-01  ,-1.433291328417e-01  
  7.129734508187e-06  ,-1.608172774862e-01  ,-1.561682000416e-01  
  7.132908828050e-06  ,-1.718560951468e-01  ,-1.665419719122e-01  
  7.133917077869e-06  ,-1.750097406492e-01  ,-1.694972214544e-01  
  7.135933577508e-06  ,-1.807873198378e-01  ,-1.748928575483e-01  
  7.139966576785e-06  ,-1.901463035293e-01  ,-1.835643167946e-01  
  7.148032575339e-06  ,-1.996180929269e-01  ,-1.919987437874e-01  
  7.155403434724e-06  ,-1.971252742868e-01  ,-1.889860008724e-01  
  7.165226280183e-06  ,-1.775513419087e-01  ,-1.693880407348e-01  
  7.174631893128e-06  ,-1.430473190829e-01  ,-1.355843766123e-01  
  7.184119462460e-06  ,-9.569229782756e-02  ,-8.959622201585e-02  
  7.188845365733e-06  ,-6.866093679595e-02  ,-6.345365969487e-02  
  7.189962021500e-06  ,-6.203030159927e-02  ,-5.705177471711e-02  
  7.190999328583e-06  ,-5.580227232343e-02  ,-5.104190086216e-02  
  7.193073942751e-06  ,-4.317512394336e-02  ,-3.886341066036e-02  
  7.197223171085e-06  ,-1.742520934713e-02  ,-1.406736421087e-02  
  7.200704082340e-06  ,4.423519078909e-03  ,6.938967611214e-03  
  7.204878642648e-06  ,3.053354449075e-02  ,3.200476325886e-02  
  7.207746743649e-06  ,4.819515510421e-02  ,4.893021101206e-02  
  7.210702761501e-06  ,6.598746263511e-02  ,6.595758254857e-02  
  7.216614797205e-06  ,9.971762496576e-02  ,9.817466818726e-02  
  7.221182003111e-06  ,1.234829911132e-01  ,1.207994509783e-01  
  7.226305767387e-06  ,1.471021259968e-01  ,1.432065977816e-01  
  7.229382112116e-06  ,1.594910977216e-01  ,1.549084540159e-01  
  7.232216685504e-06  ,1.695911817132e-01  ,1.644137417021e-01  
  7.233198299497e-06  ,1.727793021931e-01  ,1.674053798485e-01  
  7.235101550311e-06  ,1.784900703965e-01  ,1.727464939430e-01  
  7.238908051938e-06  ,1.879796710281e-01  ,1.815686936981e-01  
  7.246521055192e-06  ,1.988066647551e-01  ,1.913471711966e-01  
  7.253506719559e-06  ,1.987875536530e-01  ,1.907373186372e-01  
  7.260702490300e-06  ,1.888011309974e-01  ,1.805498643746e-01  
  7.270242213696e-06  ,1.609041883003e-01  ,1.530306523103e-01  
  7.278875946492e-06  ,1.231963655085e-01  ,1.162676070768e-01  
  7.283548205584e-06  ,9.882852502951e-02  ,9.263072834284e-02  
  7.286385759205e-06  ,8.295654196016e-02  ,7.727045103400e-02  
  7.287418037146e-06  ,7.701221890236e-02  ,7.152418363724e-02  
  7.289130553097e-06  ,6.697522196797e-02  ,6.182395407122e-02  
  7.292555584997e-06  ,4.634940074921e-02  ,4.192227005155e-02  
  7.299405648798e-06  ,3.734201746019e-03  ,8.980612309510e-04  
  7.303384258837e-06  ,-2.122388728300e-02  ,-2.307395819999e-02  
  7.305512517184e-06  ,-3.446329406341e-02  ,-3.577640237259e-02  
  7.307527526706e-06  ,-4.685723191843e-02  ,-4.765315691668e-02  
  7.311557545751e-06  ,-7.103308212183e-02  ,-7.078179574063e-02  
  7.317191674799e-06  ,-1.028430470626e-01  ,-1.011445788992e-01  
  7.321641161531e-06  ,-1.257394974647e-01  ,-1.229395540032e-01  
  7.326755985111e-06  ,-1.490038984672e-01  ,-1.450034660619e-01  
  7.329408764333e-06  ,-1.595920839381e-01  ,-1.550017024181e-01  
  7.332119658083e-06  ,-1.692672437561e-01  ,-1.641079459916e-01  
  7.333962000400e-06  ,-1.751461883513e-01  ,-1.696218279931e-01  
  7.336338363081e-06  ,-1.818603751936e-01  ,-1.758900240368e-01  
  7.341087363154e-06  ,-1.922111570602e-01  ,-1.854594140406e-01  
  7.348074517637e-06  ,-1.996341977248e-01  ,-1.920104032286e-01  
  7.355867824942e-06  ,-1.966113725038e-01  ,-1.884481737557e-01  
  7.366490862757e-06  ,-1.737547405029e-01  ,-1.656435436643e-01  
  7.376455269247e-06  ,-1.348102442391e-01  ,-1.275590314215e-01  
  7.384293280035e-06  ,-9.473186894250e-02  ,-8.865703287591e-02  
  7.388670496136e-06  ,-6.969185676944e-02  ,-6.444245275430e-02  
  7.389593529940e-06  ,-6.422722263246e-02  ,-5.916623217810e-02  
  7.390700872481e-06  ,-5.760057753872e-02  ,-5.277130712737e-02  
  7.392915557563e-06  ,-4.414628384742e-02  ,-3.979486042790e-02  
  7.397344927728e-06  ,-1.666297332078e-02  ,-1.332865032127e-02  
  7.400972987950e-06  ,6.112511604785e-03  ,8.566264404675e-03  
  7.405189271510e-06  ,3.246091958817e-02  ,3.385718479619e-02  
  7.408369179308e-06  ,5.198132863495e-02  ,5.255931452941e-02  
  7.411624337971e-06  ,7.142523245855e-02  ,7.115939129395e-02  
  7.418134655297e-06  ,1.078787535876e-01  ,1.059497956745e-01  
  7.422968591988e-06  ,1.321142800155e-01  ,1.289988117020e-01  
  7.428295012057e-06  ,1.552775521274e-01  ,1.509399005545e-01  
  7.431039433420e-06  ,1.655552538697e-01  ,1.606253402045e-01  
  7.432300257921e-06  ,1.698689354560e-01  ,1.646796405066e-01  
  7.434090259910e-06  ,1.755338430557e-01  ,1.699865163300e-01  
  7.437093588948e-06  ,1.837836689683e-01  ,1.776829442991e-01  
  7.443100247025e-06  ,1.953197862282e-01  ,1.882833215298e-01  
  7.449771496892e-06  ,1.999948467394e-01  ,1.922139418510e-01  
  7.457439634442e-06  ,1.945621773369e-01  ,1.863489849700e-01  
  7.469894024968e-06  ,1.621938845536e-01  ,1.542927928329e-01  
  7.480374011636e-06  ,1.156478019674e-01  ,1.089324151310e-01  
  7.485373351216e-06  ,8.870174805664e-02  ,8.282130785800e-02  
  7.486877623439e-06  ,8.013466431628e-02  ,7.453662025821e-02  
  7.488812166691e-06  ,6.885681755380e-02  ,6.364035785390e-02  
  7.491815868258e-06  ,5.085772565819e-02  ,4.626728650100e-02  
  7.497823271394e-06  ,1.366613208088e-02  ,1.044395016540e-02  
  7.501858505845e-06  ,-1.167070306715e-02  ,-1.390726682988e-02  
  7.505004140973e-06  ,-3.131259091358e-02  ,-3.275431475341e-02  
  7.508338275790e-06  ,-5.179380461676e-02  ,-5.237975443525e-02  
  7.511689174414e-06  ,-7.180559924623e-02  ,-7.153302048677e-02  
  7.518354463816e-06  ,-1.090391305480e-01  ,-1.070657686594e-01  
  7.523217457771e-06  ,-1.332841760408e-01  ,-1.301186479909e-01  
  7.528477567673e-06  ,-1.559979169703e-01  ,-1.516247623580e-01  
  7.531201872468e-06  ,-1.661257312287e-01  ,-1.611645113518e-01  
  7.532432335854e-06  ,-1.703055093842e-01  ,-1.650917593377e-01  
  7.534189182758e-06  ,-1.758308835285e-01  ,-1.702663575618e-01  
  7.537344131112e-06  ,-1.843989104890e-01  ,-1.782558043068e-01  
  7.543654027820e-06  ,-1.960385230622e-01  ,-1.889306168628e-01  
  7.550349864602e-06  ,-1.999879192087e-01  ,-1.921596126809e-01  
  7.557947966695e-06  ,-1.937976787716e-01  ,-1.855731559447e-01  
  7.569703492761e-06  ,-1.628914129985e-01  ,-1.549761347435e-01  
  7.579773697495e-06  ,-1.187044115446e-01  ,-1.119008914524e-01  
  7.585162702441e-06  ,-8.988605108780e-02  ,-8.396802815741e-02  
  7.586689140141e-06  ,-8.121831116141e-02  ,-7.558502086138e-02  
  7.588839750230e-06  ,-6.869407459955e-02  ,-6.348385984363e-02  
  7.591376672924e-06  ,-5.352163490079e-02  ,-4.884091165706e-02  
  7.596450518310e-06  ,-2.225586064866e-02  ,-1.871455555762e-02  
  7.600354622543e-06  ,2.228113058976e-03  ,4.831970537998e-03  
  7.605633358896e-06  ,3.521095734084e-02  ,3.648588119244e-02  
  7.607479053974e-06  ,4.656109124296e-02  ,4.736528835625e-02  
  7.609705659986e-06  ,6.004190454296e-02  ,6.027709980941e-02  
  7.614158872008e-06  ,8.605801241104e-02  ,8.514502953251e-02  
  7.619185778737e-06  ,1.133801918892e-01  ,1.111868022719e-01  
  7.624870571733e-06  ,1.408451541054e-01  ,1.372752920763e-01  
  7.628503102303e-06  ,1.560982681699e-01  ,1.517050123165e-01  
  7.631060886621e-06  ,1.656308438076e-01  ,1.606904831952e-01  
  7.632164876401e-06  ,1.694184065353e-01  ,1.642478057351e-01  
  7.633805866778e-06  ,1.746704490352e-01  ,1.691732458093e-01  
  7.637045006692e-06  ,1.836630492434e-01  ,1.775665370069e-01  
  7.643523286521e-06  ,1.958741802395e-01  ,1.887788849205e-01  
  7.649835418403e-06  ,1.999973266161e-01  ,1.922136639091e-01  
  7.657384346664e-06  ,1.946423381106e-01  ,1.864318963709e-01  
  7.670117388904e-06  ,1.613687631232e-01  ,1.534846666875e-01  
  7.680692743003e-06  ,1.140081361480e-01  ,1.073404821621e-01  
  7.685724120080e-06  ,8.672107178474e-02  ,8.090412746591e-02  
  7.687252979219e-06  ,7.796829992353e-02  ,7.244154375217e-02  
  7.689031432807e-06  ,6.756172883270e-02  ,6.238870713398e-02  
  7.692331667483e-06  ,4.771685616453e-02  ,4.323326379411e-02  
  7.698932136834e-06  ,6.708323663923e-03  ,3.753409939204e-03  
  7.702857847750e-06  ,-1.793227292020e-02  ,-1.991737217212e-02  
  7.705306481063e-06  ,-3.318738242454e-02  ,-3.455517582153e-02  
  7.707675765693e-06  ,-4.776221015729e-02  ,-4.852197183944e-02  
  7.712414334953e-06  ,-7.603913233081e-02  ,-7.556750875479e-02  
  7.717973958194e-06  ,-1.070271695750e-01  ,-1.051311034256e-01  
  7.722541164100e-06  ,-1.300861736667e-01  ,-1.270665612969e-01  
  7.727804254234e-06  ,-1.533157674957e-01  ,-1.490783976730e-01  
  7.730502854526e-06  ,-1.636402558430e-01  ,-1.588132323913e-01  
  7.731877300382e-06  ,-1.684512388601e-01  ,-1.633391679967e-01  
  7.733767512679e-06  ,-1.745529406395e-01  ,-1.690629659464e-01  
  7.736383038998e-06  ,-1.819770086576e-01  ,-1.759962462730e-01  
  7.741614091635e-06  ,-1.930994038448e-01  ,-1.862682182539e-01  
  7.748134094715e-06  ,-1.996564779878e-01  ,-1.920254048166e-01  
  7.755915481091e-06  ,-1.965562659541e-01  ,-1.883905799281e-01  
  7.766864854336e-06  ,-1.725791026155e-01  ,-1.644861133697e-01  
  7.777087050915e-06  ,-1.318516004562e-01  ,-1.246792672274e-01  
  7.783352244139e-06  ,-9.989708113791e-02  ,-9.366190365634e-02  
  7.787336814642e-06  ,-7.748295226229e-02  ,-7.197409193597e-02  
  7.788546043873e-06  ,-7.042426888704e-02  ,-6.515442528937e-02  
  7.789779114962e-06  ,-6.312183509199e-02  ,-5.810365046088e-02  
  7.792245257139e-06  ,-4.824393298937e-02  ,-4.374752310317e-02  
  7.797177541494e-06  ,-1.771080028767e-02  ,-1.434019308710e-02  
  7.801127094269e-06  ,7.080262421644e-03  ,9.493340184287e-03  
  7.805536347866e-06  ,3.461077722873e-02  ,3.591006575470e-02  
  7.808882403612e-06  ,5.508830033989e-02  ,5.552935225368e-02  
  7.812355864286e-06  ,7.569921035927e-02  ,7.525155789106e-02  
  7.818729835987e-06  ,1.110086819147e-01  ,1.089385921598e-01  
  7.823767918587e-06  ,1.358428018796e-01  ,1.325483639676e-01  
  7.829209077597e-06  ,1.588327473191e-01  ,1.543009979482e-01  
  7.832071963191e-06  ,1.691074317502e-01  ,1.639727320405e-01  
  7.833256605506e-06  ,1.729635302169e-01  ,1.675904771748e-01  
  7.835003580391e-06  ,1.782115167999e-01  ,1.724969619669e-01  
  7.838497530162e-06  ,1.870833202219e-01  ,1.807473764982e-01  
  7.845485429704e-06  ,1.979918115928e-01  ,1.906546291685e-01  
  7.852728884161e-06  ,1.992654794759e-01  ,1.912641075264e-01  
  7.860056530178e-06  ,1.901012437376e-01  ,1.818496373115e-01  
  7.870001565158e-06  ,1.617976182934e-01  ,1.539038544924e-01  
  7.878930340946e-06  ,1.229269525622e-01  ,1.160040853761e-01  
  7.883759062231e-06  ,9.767456470134e-02  ,9.151145200905e-02  
  7.886523600161e-06  ,8.216770241986e-02  ,7.650625230106e-02  
  7.887566495180e-06  ,7.615052146220e-02  ,7.069009233782e-02  
  7.889303225517e-06  ,6.595195039794e-02  ,6.083477197540e-02  
  7.892776686192e-06  ,4.499689369432e-02  ,4.061753229721e-02  
  7.899723607540e-06  ,1.736603220304e-03  ,-1.022565709765e-03  
  7.903743195772e-06  ,-2.346502306941e-02  ,-2.522490465188e-02  
  7.906208965421e-06  ,-3.876515827616e-02  ,-3.990040540474e-02  
  7.908559251070e-06  ,-5.313360905118e-02  ,-5.366415152737e-02  
  7.913259822369e-06  ,-8.092516093268e-02  ,-8.023407635708e-02  
  7.918458092451e-06  ,-1.095843896424e-01  ,-1.075631907484e-01  
  7.923219758511e-06  ,-1.332949537144e-01  ,-1.301077696183e-01  
  7.928380030632e-06  ,-1.556136724671e-01  ,-1.512442822010e-01  
  7.931042495608e-06  ,-1.655660480334e-01  ,-1.606274773934e-01  
  7.932279850781e-06  ,-1.698012201085e-01  ,-1.646088687107e-01  
  7.934031854808e-06  ,-1.753576710667e-01  ,-1.698158098986e-01  
  7.937087710440e-06  ,-1.837690966063e-01  ,-1.776650544992e-01  
  7.943199421704e-06  ,-1.954528543446e-01  ,-1.884005356919e-01  
  7.949797655880e-06  ,-1.999959590874e-01  ,-1.922114100382e-01  
  7.957437481225e-06  ,-1.945653102358e-01  ,-1.863550586458e-01  
  7.969936575234e-06  ,-1.620373155616e-01  ,-1.541426858071e-01  
  7.980429972947e-06  ,-1.153607519347e-01  ,-1.086557838761e-01  
  7.985432292759e-06  ,-8.836967095515e-02  ,-8.250131043527e-02  
  7.986940476537e-06  ,-7.977267648113e-02  ,-7.418780009561e-02  
  7.988844472408e-06  ,-6.866620856240e-02  ,-6.345720253989e-02  
  7.991901818156e-06  ,-5.033525371883e-02  ,-4.576108399029e-02  
  7.998016509652e-06  ,-1.245457371134e-02  ,-9.275925490096e-03  
  8.001993629575e-06  ,1.251815607579e-02  ,1.472316145564e-02  
  8.004870671272e-06  ,3.048404502523e-02  ,3.196140155700e-02  
  8.008490535855e-06  ,5.271725027854e-02  ,5.326326236135e-02  
  8.011845159769e-06  ,7.271947289900e-02  ,7.239764854369e-02  
  8.018524605274e-06  ,1.099337461793e-01  ,1.079111793115e-01  
  8.023442733526e-06  ,1.343361540092e-01  ,1.311067191941e-01  
  8.028737116098e-06  ,1.570132564547e-01  ,1.525749933295e-01  
  8.031489360571e-06  ,1.671247610332e-01  ,1.621015829990e-01  
  8.032695050776e-06  ,1.711651702988e-01  ,1.658965718738e-01  
  8.034435320139e-06  ,1.765625966523e-01  ,1.709495222368e-01  
  8.037830922246e-06  ,1.855615997404e-01  ,1.793337061497e-01  
  8.044622126460e-06  ,1.971523434123e-01  ,1.899180698854e-01  
  8.051423016429e-06  ,1.998001761871e-01  ,1.918870881934e-01  
  8.058849755168e-06  ,1.923199688094e-01  ,1.840787817347e-01  
  8.069703760982e-06  ,1.628904351521e-01  ,1.549746169350e-01  
  8.079213682055e-06  ,1.215177914238e-01  ,1.146342223546e-01  
  8.084342661738e-06  ,9.445849387205e-02  ,8.839575205553e-02  
  8.086751061916e-06  ,8.086261660306e-02  ,7.524295426048e-02  
  8.088570121169e-06  ,7.028265559981e-02  ,6.501955505357e-02  
  8.090940150857e-06  ,5.615923433015e-02  ,5.138653972868e-02  
  8.095680210233e-06  ,2.705880262566e-02  ,2.333915000355e-02  
  8.099145102739e-06  ,5.370832172093e-03  ,2.472957691749e-03  
  8.102450180292e-06  ,-1.537973855298e-02  ,-1.746187544521e-02  
  8.104334804654e-06  ,-2.715227350673e-02  ,-2.876061814933e-02  
  8.106477219105e-06  ,-4.041728608626e-02  ,-4.148226468787e-02  
  8.110136944294e-06  ,-6.262115751840e-02  ,-6.274666423045e-02  
  8.116008746862e-06  ,-9.639889138250e-02  ,-9.501565911115e-02  
  8.120824802160e-06  ,-1.217097553569e-01  ,-1.191210948974e-01  
  8.126093852758e-06  ,-1.461967646800e-01  ,-1.423546150661e-01  
  8.129198882222e-06  ,-1.587938100125e-01  ,-1.542604140119e-01  
  8.132265168667e-06  ,-1.697524584770e-01  ,-1.645704667036e-01  
  8.133164360613e-06  ,-1.726717993834e-01  ,-1.673093823120e-01  
  8.134962744504e-06  ,-1.780949112638e-01  ,-1.723808052641e-01  
  8.138559512287e-06  ,-1.872206527942e-01  ,-1.808696100121e-01  
  8.145753047854e-06  ,-1.982224978687e-01  ,-1.908543656838e-01  
  8.152842275292e-06  ,-1.992032107863e-01  ,-1.912010138955e-01  
  8.160129688174e-06  ,-1.899579212423e-01  ,-1.817092478303e-01  
  8.170010648161e-06  ,-1.617640644205e-01  ,-1.538720506162e-01  
  8.178890250117e-06  ,-1.231255552180e-01  ,-1.161974233988e-01  
  8.183697364718e-06  ,-9.801266402646e-02  ,-9.183918187937e-02  
  8.186534918338e-06  ,-8.210286182949e-02  ,-7.644375915520e-02  
  8.187585263938e-06  ,-7.604146331466e-02  ,-7.058488050103e-02  
  8.189299828798e-06  ,-6.597209846213e-02  ,-6.085428591328e-02  
  8.192728958517e-06  ,-4.528903655954e-02  ,-4.089921454891e-02  
  8.199587217957e-06  ,-2.593513376877e-03  ,1.988094286183e-04  
  8.203568063170e-06  ,2.237188261113e-02  ,2.417583359092e-02  
  8.206021166831e-06  ,3.760689403559e-02  ,3.879008004510e-02  
  8.208251498133e-06  ,5.126697322198e-02  ,5.187687038995e-02  
  8.212712160736e-06  ,7.776655047607e-02  ,7.721693951556e-02  
  8.217952899128e-06  ,1.069153683982e-01  ,1.050223633906e-01  
  8.222461245447e-06  ,1.297043530417e-01  ,1.267010263349e-01  
  8.227602891117e-06  ,1.525002556205e-01  ,1.483047363513e-01  
  8.230253807694e-06  ,1.627355987238e-01  ,1.579637105781e-01  
  8.232793710619e-06  ,1.714849986066e-01  ,1.661896936428e-01  
  8.235146231443e-06  ,1.786165490538e-01  ,1.728671298797e-01  
  8.237730092794e-06  ,1.853243256493e-01  ,1.791127786253e-01  
  8.242897815496e-06  ,1.950422892988e-01  ,1.880325057723e-01  
  8.249938614160e-06  ,1.999996280916e-01  ,1.922041219766e-01  
  8.258164055139e-06  ,1.934577137454e-01  ,1.852282268305e-01  
  8.269211776048e-06  ,1.646645354065e-01  ,1.567144879955e-01  
  8.279122538358e-06  ,1.219721389101e-01  ,1.150756890791e-01  
  8.284444488078e-06  ,9.389407048815e-02  ,8.784901947874e-02  
  8.287019781262e-06  ,7.931549568647e-02  ,7.374681269244e-02  
  8.288809038192e-06  ,6.887527244213e-02  ,6.365973980693e-02  
  8.291159696370e-06  ,5.483396252299e-02  ,5.010753847816e-02  
  8.295861012727e-06  ,2.593280170094e-02  ,2.225486401843e-02  
  8.299341923982e-06  ,4.134519025784e-03  ,1.284312085210e-03  
  8.302833266050e-06  ,-1.777843829098e-02  ,-1.976467948738e-02  
  8.304781220347e-06  ,-2.992845560944e-02  ,-3.142358846629e-02  
  8.306684098631e-06  ,-4.168946673051e-02  ,-4.270161157798e-02  
  8.310489855200e-06  ,-6.472317530118e-02  ,-6.475677120844e-02  
  8.316452554852e-06  ,-9.883267886890e-02  ,-9.734003156644e-02  
  8.321176222950e-06  ,-1.234544201141e-01  ,-1.207838961495e-01  
  8.326387159020e-06  ,-1.474481240945e-01  ,-1.435463606940e-01  
  8.329191185027e-06  ,-1.587644027486e-01  ,-1.542372794338e-01  
  8.332133419305e-06  ,-1.693132830687e-01  ,-1.641607570286e-01  
  8.333089887589e-06  ,-1.724352152313e-01  ,-1.670899858001e-01  
  8.334997236222e-06  ,-1.781934204716e-01  ,-1.724744781078e-01  
  8.338811933488e-06  ,-1.877725997709e-01  ,-1.813810483416e-01  
  8.346441328019e-06  ,-1.987514001976e-01  ,-1.913026582157e-01  
  8.353341310710e-06  ,-1.988991335122e-01  ,-1.908594434986e-01  
  8.360536336392e-06  ,-1.891429954652e-01  ,-1.808921419276e-01  
  8.370149075478e-06  ,-1.612510662769e-01  ,-1.533705362190e-01  
  8.378837942570e-06  ,-1.233843835524e-01  ,-1.164502734920e-01  
  8.383545964450e-06  ,-9.884076693989e-02  ,-9.264252793138e-02  
  8.386475160211e-06  ,-8.244509208580e-02  ,-7.677575500606e-02  
  8.387526250869e-06  ,-7.638427662790e-02  ,-7.091717113726e-02  
  8.389213621110e-06  ,-6.648319795156e-02  ,-6.134857045174e-02  
  8.392588361591e-06  ,-4.614904132765e-02  ,-4.172890171598e-02  
  8.399337842554e-06  ,-4.160157880273e-03  ,-1.307538101215e-03  
  8.403279199690e-06  ,2.056739414690e-02  ,2.244383366857e-02  
  8.405318796128e-06  ,3.326368503466e-02  ,3.462605532205e-02  
  8.407437741250e-06  ,4.630860886699e-02  ,4.712724909653e-02  
  8.411675631493e-06  ,7.172617347341e-02  ,7.144395368613e-02  
  8.417337327689e-06  ,1.036268683722e-01  ,1.018914818990e-01  
  8.421803950757e-06  ,1.265332571586e-01  ,1.236937703908e-01  
  8.426952301949e-06  ,1.498238532508e-01  ,1.457793023736e-01  
  8.429603218526e-06  ,1.603254873439e-01  ,1.556934235732e-01  
  8.432222842664e-06  ,1.696116850086e-01  ,1.644316775038e-01  
  8.434213637799e-06  ,1.759040541848e-01  ,1.703314498913e-01  
  8.436590000480e-06  ,1.825126335290e-01  ,1.764972415049e-01  
  8.441342725843e-06  ,1.926483752441e-01  ,1.858586192684e-01  
  8.448292627424e-06  ,1.997123580530e-01  ,1.920669372145e-01  
  8.456248357385e-06  ,1.961590693178e-01  ,1.879818893753e-01  
  8.467619433492e-06  ,1.701347385973e-01  ,1.620825955297e-01  
  8.477890803903e-06  ,1.280126953777e-01  ,1.209451175735e-01  
  8.483720138162e-06  ,9.788790948083e-02  ,9.171553413936e-02  
  8.489423557609e-06  ,6.523770280364e-02  ,6.014816100486e-02  
  8.490710459143e-06  ,5.754289232807e-02  ,5.272131891308e-02  
  8.491980969399e-06  ,4.985378472891e-02  ,4.530450226204e-02  
  8.494521989912e-06  ,3.424970256573e-02  ,3.026261108215e-02  
  8.499604030937e-06  ,2.487882832357e-03  ,-2.977964532404e-04  
  8.503406807274e-06  ,-2.136475796590e-02  ,-2.320631400093e-02  
  8.505213014275e-06  ,-3.260811271356e-02  ,-3.399364693460e-02  
  8.506952166051e-06  ,-4.333528776675e-02  ,-4.427954685786e-02  
  8.510430469602e-06  ,-6.437001085759e-02  ,-6.441148205101e-02  
  8.516802951187e-06  ,-1.007406595002e-01  ,-9.914840854473e-02  
  8.521662964910e-06  ,-1.258460018598e-01  ,-1.230531001172e-01  
  8.526869430631e-06  ,-1.494784186497e-01  ,-1.454594505317e-01  
  8.529573246330e-06  ,-1.602128335704e-01  ,-1.555945764051e-01  
  8.532262533396e-06  ,-1.697437025027e-01  ,-1.645614732153e-01  
  8.534211232752e-06  ,-1.758968627701e-01  ,-1.703296030500e-01  
  8.536599888891e-06  ,-1.825380321941e-01  ,-1.765279757576e-01  
  8.541377201170e-06  ,-1.927064527048e-01  ,-1.859171500275e-01  
  8.548423215240e-06  ,-1.997546671162e-01  ,-1.920995346277e-01  
  8.556331261486e-06  ,-1.960568075731e-01  ,-1.878781558355e-01  
  8.567943736404e-06  ,-1.690547438016e-01  ,-1.610218843541e-01  
  8.578252359718e-06  ,-1.262590608196e-01  ,-1.192401070864e-01  
  8.583993032068e-06  ,-9.638909792585e-02  ,-9.026370159384e-02  
  8.589471443981e-06  ,-6.495320679323e-02  ,-5.987323022642e-02  
  8.590344279498e-06  ,-5.974252533883e-02  ,-5.484374364457e-02  
  8.591269362211e-06  ,-5.417099113490e-02  ,-4.946826559080e-02  
  8.593119527638e-06  ,-4.289541496533e-02  ,-3.859459279555e-02  
  8.596819858491e-06  ,-1.994819447519e-02  ,-1.649151679887e-02  
  8.600096623838e-06  ,6.071045466448e-04  ,3.275236321351e-03  
  8.604525248945e-06  ,2.833729861957e-02  ,2.989512189652e-02  
  8.607026408851e-06  ,4.379056877803e-02  ,4.471092506132e-02  
  8.609624798834e-06  ,5.955708113132e-02  ,5.981512412810e-02  
  8.614821578801e-06  ,8.979781284345e-02  ,8.871821318817e-02  
  8.620144273579e-06  ,1.182892124261e-01  ,1.158558375490e-01  
  8.626243318856e-06  ,1.468360033659e-01  ,1.429529225749e-01  
  8.629606138408e-06  ,1.603364544446e-01  ,1.557111109948e-01  
  8.632800202310e-06  ,1.715059851660e-01  ,1.662137857254e-01  
  8.633732269943e-06  ,1.744447413379e-01  ,1.689685012889e-01  
  8.635596405208e-06  ,1.798711761445e-01  ,1.740394046889e-01  
  8.639324675739e-06  ,1.888573776136e-01  ,1.823783935169e-01  
  8.646781216800e-06  ,1.989783242305e-01  ,1.914913045887e-01  
  8.654239247978e-06  ,1.982289314361e-01  ,1.901455471423e-01  
  8.661974440753e-06  ,1.860143556272e-01  ,1.777720042058e-01  
  8.671587179840e-06  ,1.557430091294e-01  ,1.479791185960e-01  
  8.680302869022e-06  ,1.160122073708e-01  ,1.092889993261e-01  
  8.684398453176e-06  ,9.414936129412e-02  ,8.809778352021e-02  
  8.685617740691e-06  ,8.732288481023e-02  ,8.149223384068e-02  
  8.687483366072e-06  ,7.663323441073e-02  ,7.115709107246e-02  
  8.690230767667e-06  ,6.042279667190e-02  ,5.549454245237e-02  
  8.695725570858e-06  ,2.677638655355e-02  ,2.305864908119e-02  
  8.699776451528e-06  ,1.404584927891e-03  ,-1.347728584178e-03  
  8.703745375812e-06  ,-2.347862600734e-02  ,-2.524188214315e-02  
  8.705679174006e-06  ,-3.549428925570e-02  ,-3.676695596716e-02  
  8.707566778600e-06  ,-4.709695895408e-02  ,-4.788800134003e-02  
  8.711341987789e-06  ,-6.976537398216e-02  ,-6.958603899149e-02  
  8.716835300863e-06  ,-1.009161981701e-01  ,-9.933401077303e-02  
  8.721231888473e-06  ,-1.237294022646e-01  ,-1.210415615528e-01  
  8.726261775434e-06  ,-1.469147144262e-01  ,-1.430333904891e-01  
  8.729300494730e-06  ,-1.591811512951e-01  ,-1.546190152982e-01  
  8.732132460415e-06  ,-1.693100760491e-01  ,-1.641519278346e-01  
  8.733083340764e-06  ,-1.724143722765e-01  ,-1.670652166374e-01  
  8.734985101461e-06  ,-1.781587871426e-01  ,-1.724388136961e-01  
  8.738788622856e-06  ,-1.877221228418e-01  ,-1.813320542504e-01  
  8.746395665646e-06  ,-1.987191867815e-01  ,-1.912743617120e-01  
  8.753291177988e-06  ,-1.989318910743e-01  ,-1.908945169281e-01  
  8.760495144367e-06  ,-1.892269519088e-01  ,-1.809758282419e-01  
  8.770130235195e-06  ,-1.613210660310e-01  ,-1.534390179543e-01  
  8.778835493565e-06  ,-1.233964935699e-01  ,-1.164620068371e-01  
  8.783553201199e-06  ,-9.880123536434e-02  ,-9.260420393832e-02  
  8.786489847541e-06  ,-8.236100575015e-02  ,-7.669440780841e-02  
  8.787543359637e-06  ,-7.628491691056e-02  ,-7.082110961710e-02  
  8.789228867233e-06  ,-6.639284365465e-02  ,-6.126127530657e-02  
  8.792599882424e-06  ,-4.607860421395e-02  ,-4.166095691961e-02  
  8.799341912806e-06  ,-4.134589230862e-03  ,-1.282949185364e-03  
  8.803280289710e-06  ,2.057420662134e-02  ,2.245036896049e-02  
  8.805318023503e-06  ,3.325889809117e-02  ,3.462144917476e-02  
  8.807433988392e-06  ,4.628566943820e-02  ,4.710526155161e-02  
  8.811665918171e-06  ,7.166919932180e-02  ,7.138948614184e-02  
  8.817331339657e-06  ,1.035946868348e-01  ,1.018608295440e-01  
  8.821798707783e-06  ,1.265077439042e-01  ,1.236695660482e-01  
  8.826946313918e-06  ,1.497989271979e-01  ,1.457557620505e-01  
  8.829597230494e-06  ,1.603029920319e-01  ,1.556722599699e-01  
  8.832219462335e-06  ,1.696004293263e-01  ,1.644211402032e-01  
  8.834205787122e-06  ,1.758805758963e-01  ,1.703095054815e-01  
  8.836581777275e-06  ,1.824914985757e-01  ,1.764775980411e-01  
  8.841333757579e-06  ,1.926332301795e-01  ,1.858448170809e-01  
  8.848284404218e-06  ,1.997095813175e-01  ,1.920649767638e-01  
  8.856235663831e-06  ,1.961746092981e-01  ,1.879978812472e-01  
  8.867579917848e-06  ,1.702651289547e-01  ,1.622107503476e-01  
  8.877843837678e-06  ,1.282392858562e-01  ,1.211654750998e-01  
  8.883687328041e-06  ,9.806762973204e-02  ,9.188964295712e-02  
  8.889425765216e-06  ,6.522459050992e-02  ,6.013552758927e-02  
  8.890754203737e-06  ,5.727960460317e-02  ,5.246728662398e-02  
  8.892066623509e-06  ,4.933241226560e-02  ,4.480173774261e-02  
  8.894691463053e-06  ,3.320012076823e-02  ,2.925142530000e-02  
  8.899265374482e-06  ,4.615378516813e-03  ,1.744591527287e-03  
  8.902693014085e-06  ,-1.690052803612e-02  ,-1.892388200644e-02  
  8.904732983053e-06  ,-2.962875016497e-02  ,-3.113865644070e-02  
  8.906852673233e-06  ,-4.272479622040e-02  ,-4.369263389579e-02  
  8.911092053592e-06  ,-6.829149581087e-02  ,-6.815980181447e-02  
  8.917315523565e-06  ,-1.035096686264e-01  ,-1.017822357496e-01  
  8.922010134399e-06  ,-1.275338549250e-01  ,-1.246488519659e-01  
  8.927255343139e-06  ,-1.510783633798e-01  ,-1.469702322566e-01  
  8.929947237909e-06  ,-1.616083176461e-01  ,-1.569074235885e-01  
  8.932555686176e-06  ,-1.707105870522e-01  ,-1.654674341270e-01  
  8.934820662677e-06  ,-1.776869184067e-01  ,-1.720022180545e-01  
  8.937249551952e-06  ,-1.841679982975e-01  ,-1.780423205113e-01  
  8.942107330501e-06  ,-1.938832415128e-01  ,-1.869858266401e-01  
  8.949228595436e-06  ,-1.999412723127e-01  ,-1.922093714198e-01  
  8.957388471305e-06  ,-1.946363781327e-01  ,-1.864251628849e-01  
  8.971869419754e-06  ,-1.546243312180e-01  ,-1.468851160002e-01  
  8.984395335853e-06  ,-9.416664158362e-02  ,-8.809826408558e-02  
  8.990219454706e-06  ,-6.049055278147e-02  ,-5.554439416975e-02  
  8.991527404130e-06  ,-5.260850792039e-02  ,-4.794130707603e-02  
  8.992823991418e-06  ,-4.470723682241e-02  ,-4.032459507620e-02  
  8.995417165995e-06  ,-2.869541949183e-02  ,-2.489901312440e-02  
  8.999099242926e-06  ,-5.658868289560e-03  ,-2.738388850885e-03  
  9.002851355314e-06  ,1.789164367180e-02  ,1.988168537946e-02  
  9.004893186927e-06  ,3.062385444990e-02  ,3.209804870693e-02  
  9.006787124515e-06  ,4.232235844451e-02  ,4.331159458624e-02  
  9.010574999690e-06  ,6.522913378058e-02  ,6.523441835351e-02  
  9.017039123416e-06  ,1.020197935198e-01  ,1.003642236637e-01  
  9.021905842662e-06  ,1.270283990677e-01  ,1.241707385136e-01  
  9.027170422912e-06  ,1.507281922446e-01  ,1.466405473207e-01  
  9.029877218843e-06  ,1.613487453847e-01  ,1.566638845835e-01  
  9.032513979316e-06  ,1.705739098931e-01  ,1.653399624674e-01  
  9.034713390708e-06  ,1.773765373586e-01  ,1.717127664046e-01  
  9.037132221699e-06  ,1.838792805575e-01  ,1.777746173631e-01  
  9.041969883680e-06  ,1.936694868322e-01  ,1.867920963961e-01  
  9.049092638731e-06  ,1.999187486076e-01  ,1.921994654442e-01  
  9.057207811117e-06  ,1.948943617724e-01  ,1.866880683617e-01  
  9.071149337530e-06  ,1.574541652742e-01  ,1.496507970385e-01  
  9.083697605371e-06  ,9.801134597027e-02  ,9.182182908057e-02  
  9.089473295450e-06  ,6.494220413943e-02  ,5.984308883859e-02  
  9.090763363481e-06  ,5.722446069139e-02  ,5.239578430029e-02  
  9.092042255640e-06  ,4.948077483754e-02  ,4.492825084474e-02  
  9.094600039959e-06  ,3.376644147712e-02  ,2.978363775619e-02  
  9.099715608597e-06  ,1.786860113412e-03  ,-9.801158394668e-04  
  9.103542226791e-06  ,-2.221055931275e-02  ,-2.402396684816e-02  
  9.105495023966e-06  ,-3.435501985324e-02  ,-3.567357302413e-02  
  9.107378158212e-06  ,-4.594433034773e-02  ,-4.678599013170e-02  
  9.111144426703e-06  ,-6.860069517731e-02  ,-6.847058344897e-02  
  9.116803887725e-06  ,-1.007457428888e-01  ,-9.916661779363e-02  
  9.121305528522e-06  ,-1.240925952484e-01  ,-1.213885276033e-01  
  9.126375648618e-06  ,-1.473992515304e-01  ,-1.434945652019e-01  
  9.129136088729e-06  ,-1.585536354489e-01  ,-1.540301888460e-01  
  9.132035482168e-06  ,-1.689849379441e-01  ,-1.638488031254e-01  
  9.132983382285e-06  ,-1.720952318175e-01  ,-1.667680150265e-01  
  9.134876574814e-06  ,-1.778478949446e-01  ,-1.721500341620e-01  
  9.138662959874e-06  ,-1.874482782215e-01  ,-1.810801728702e-01  
  9.146235729992e-06  ,-1.986031329003e-01  ,-1.911769345441e-01  
  9.153057481587e-06  ,-1.990780794209e-01  ,-1.910550159726e-01  
  9.160277094185e-06  ,-1.896660938647e-01  ,-1.814154961206e-01  
  9.170026923955e-06  ,-1.617039064356e-01  ,-1.538141149889e-01  
  9.178815628827e-06  ,-1.234946951347e-01  ,-1.165573610623e-01  
  9.183583255351e-06  ,-9.863700647261e-02  ,-9.244500455493e-02  
  9.186592917383e-06  ,-8.177042897419e-02  ,-7.612316214047e-02  
  9.187664497137e-06  ,-7.558077824525e-02  ,-7.014043842972e-02  
  9.189328584313e-06  ,-6.580150783587e-02  ,-6.068998781821e-02  
  9.192656758666e-06  ,-4.573078079877e-02  ,-4.132539986948e-02  
  9.199313107371e-06  ,-4.315538718251e-03  ,-1.456874319442e-03  
  9.203217956662e-06  ,2.018459515477e-02  ,2.207638233421e-02  
  9.205209496856e-06  ,3.258630763849e-02  ,3.397637655848e-02  
  9.207390654325e-06  ,4.602074241712e-02  ,4.685122214234e-02  
  9.211752969265e-06  ,7.217956470958e-02  ,7.187710329839e-02  
  9.217426586390e-06  ,1.041061369075e-01  ,1.023481386129e-01  
  9.221908855677e-06  ,1.270430209709e-01  ,1.241780690725e-01  
  9.227080303669e-06  ,1.503554095457e-01  ,1.462821442120e-01  
  9.229736808181e-06  ,1.608258685386e-01  ,1.561652208220e-01  
  9.232323277235e-06  ,1.699452347671e-01  ,1.647450265850e-01  
  9.234418380499e-06  ,1.765125765587e-01  ,1.709009265771e-01  
  9.236807036638e-06  ,1.830660435531e-01  ,1.770153958885e-01  
  9.241584348917e-06  ,1.930506536256e-01  ,1.862270665581e-01  
  9.248563307762e-06  ,1.997963175983e-01  ,1.921255742538e-01  
  9.256603974342e-06  ,1.957110386353e-01  ,1.875222924328e-01  
  9.268889981747e-06  ,1.658036746436e-01  ,1.578300887062e-01  
  9.279472786427e-06  ,1.202207375828e-01  ,1.133716994068e-01  
  9.285165775061e-06  ,8.986880446676e-02  ,8.394966216567e-02  
  9.286742317915e-06  ,8.091286297546e-02  ,7.528818931004e-02  
  9.288992020726e-06  ,6.779475321800e-02  ,6.261405622388e-02  
  9.291353854775e-06  ,5.365976275029e-02  ,4.897243112942e-02  
  9.296077522874e-06  ,2.458332312260e-02  ,2.095369733097e-02  
  9.299630704761e-06  ,2.320298369339e-03  ,-4.612595169025e-04  
  9.303505006671e-06  ,-2.197812981274e-02  ,-2.379675215406e-02  
  9.305221061647e-06  ,-3.265799823439e-02  ,-3.404260233283e-02  
  9.306810456753e-06  ,-4.246562788753e-02  ,-4.344912870293e-02  
  9.309989246964e-06  ,-6.173913881884e-02  ,-6.190244735282e-02  
  9.315522793174e-06  ,-9.371250622452e-02  ,-9.245220526912e-02  
  9.321040693164e-06  ,-1.227833394643e-01  ,-1.201389915205e-01  
  9.326826814055e-06  ,-1.493003842720e-01  ,-1.452880837278e-01  
  9.329770538449e-06  ,-1.609517630316e-01  ,-1.562872476408e-01  
  9.332683342934e-06  ,-1.711271074616e-01  ,-1.658571414008e-01  
  9.334677490830e-06  ,-1.772722144664e-01  ,-1.716135560419e-01  
  9.337158534169e-06  ,-1.839442458229e-01  ,-1.778336051178e-01  
  9.342120620847e-06  ,-1.939037187934e-01  ,-1.870053700209e-01  
  9.349647197366e-06  ,-1.999877154589e-01  ,-1.922192433055e-01  
  9.357552263379e-06  ,-1.943970630740e-01  ,-1.861819233837e-01  
  9.370341930032e-06  ,-1.605312843053e-01  ,-1.526645146756e-01  
  9.381040963769e-06  ,-1.122037061006e-01  ,-1.055891574502e-01  
  9.386099907994e-06  ,-8.458744325794e-02  ,-7.883946068921e-02  
  9.387650001287e-06  ,-7.566509645330e-02  ,-7.021470377616e-02  
  9.389298442245e-06  ,-6.598032275763e-02  ,-6.086077962229e-02  
  9.392595324159e-06  ,-4.610647367192e-02  ,-4.168060084024e-02  
  9.399189087987e-06  ,-5.094559339331e-03  ,-2.194839435380e-03  
  9.403304043651e-06  ,2.072265947431e-02  ,2.260222757973e-02  
  9.405412930489e-06  ,3.384676451035e-02  ,3.518871834197e-02  
  9.407558325171e-06  ,4.704533651763e-02  ,4.783451810849e-02  
  9.411849114537e-06  ,7.274262015047e-02  ,7.242515218296e-02  
  9.417331251740e-06  ,1.035942143151e-01  ,1.018772501587e-01  
  9.421718898654e-06  ,1.261189549359e-01  ,1.233185513004e-01  
  9.426813605666e-06  ,1.492451507592e-01  ,1.452431729764e-01  
  9.429450738668e-06  ,1.597508993322e-01  ,1.551633272590e-01  
  9.432125124574e-06  ,1.692855361438e-01  ,1.641295589965e-01  
  9.434008258820e-06  ,1.752863291235e-01  ,1.697561991004e-01  
  9.436377915978e-06  ,1.819636524074e-01  ,1.759914225024e-01  
  9.441117230296e-06  ,1.922629333329e-01  ,1.855107856537e-01  
  9.448058936238e-06  ,1.996282553184e-01  ,1.920081268758e-01  
  9.455901417375e-06  ,1.965725741739e-01  ,1.884091453855e-01  
  9.466560217977e-06  ,1.735385300318e-01  ,1.654310529289e-01  
  9.476563367486e-06  ,1.343077523096e-01  ,1.270699732935e-01  
  9.483984890819e-06  ,9.643391507409e-02  ,9.030603775701e-02  
  9.488221290946e-06  ,7.233036936720e-02  ,6.699256861215e-02  
  9.489262323320e-06  ,6.619451686177e-02  ,6.106702093073e-02  
  9.490420888603e-06  ,5.928298046198e-02  ,5.439606801214e-02  
  9.492738019168e-06  ,4.523358378811e-02  ,4.084374463641e-02  
  9.497372280300e-06  ,1.649170342926e-02  ,1.316646676081e-02  
  9.501145999372e-06  ,-7.198970975975e-03  ,-9.607581961927e-03  
  9.505323539913e-06  ,-3.329307560712e-02  ,-3.465310850030e-02  
  9.508661027491e-06  ,-5.374983651756e-02  ,-5.425099522729e-02  
  9.512048806489e-06  ,-7.390994933261e-02  ,-7.353294058477e-02  
  9.518784876406e-06  ,-1.112961839006e-01  ,-1.092031955109e-01  
  9.523917581379e-06  ,-1.365314651978e-01  ,-1.331885269314e-01  
  9.529411639512e-06  ,-1.596029714110e-01  ,-1.550210413648e-01  
  9.532347540796e-06  ,-1.700255620172e-01  ,-1.648248045825e-01  
  9.533528830349e-06  ,-1.738159821852e-01  ,-1.683801340590e-01  
  9.535289216280e-06  ,-1.790189291022e-01  ,-1.732451363981e-01  
  9.538809988141e-06  ,-1.877683911610e-01  ,-1.813744671225e-01  
  9.545851531863e-06  ,-1.983038648497e-01  ,-1.909203576816e-01  
  9.553314033389e-06  ,-1.989170181685e-01  ,-1.908781934071e-01  
  9.560600701213e-06  ,-1.890111747703e-01  ,-1.807576159666e-01  
  9.570277515292e-06  ,-1.607723531269e-01  ,-1.528993257477e-01  
  9.579005125403e-06  ,-1.225559631006e-01  ,-1.156437687312e-01  
  9.583713892341e-06  ,-9.792212952456e-02  ,-9.175148569065e-02  
  9.586323458195e-06  ,-8.331257011357e-02  ,-7.761370952707e-02  
  9.588024425745e-06  ,-7.348219469893e-02  ,-6.811212140813e-02  
  9.590322557330e-06  ,-5.987276436896e-02  ,-5.497133565422e-02  
  9.594918820500e-06  ,-3.179057679653e-02  ,-2.789670841260e-02  
  9.598773750901e-06  ,-7.702844718119e-03  ,-4.715467064463e-03  
  9.602037850261e-06  ,1.279544588996e-02  ,1.498057678272e-02  
  9.603978726506e-06  ,2.493402981206e-02  ,2.663295902969e-02  
  9.606519001961e-06  ,4.067436403076e-02  ,4.172569568475e-02  
  9.609453413129e-06  ,5.852822821865e-02  ,5.881957013103e-02  
  9.615322235465e-06  ,9.259740645090e-02  ,9.137678761966e-02  
  9.620879623532e-06  ,1.219829037152e-01  ,1.193733370025e-01  
  9.626867655158e-06  ,1.494710068051e-01  ,1.454511449037e-01  
  9.629874709487e-06  ,1.613394282899e-01  ,1.566579530094e-01  
  9.632851216435e-06  ,1.716706570140e-01  ,1.663663680996e-01  
  9.634899753571e-06  ,1.779144679981e-01  ,1.722126640587e-01  
  9.637411716819e-06  ,1.845629217580e-01  ,1.784070297005e-01  
  9.642435643315e-06  ,1.943791895321e-01  ,1.874353548635e-01  
  9.650099310517e-06  ,1.999990266033e-01  ,1.921913434901e-01  
  9.658029708505e-06  ,1.936701264014e-01  ,1.854439151635e-01  
  9.669433567166e-06  ,1.638695997731e-01  ,1.559351186661e-01  
  9.679454598069e-06  ,1.203120478735e-01  ,1.134626479861e-01  
  9.684821996331e-06  ,9.179320349121e-02  ,8.581454534387e-02  
  9.686298701406e-06  ,8.345395784090e-02  ,7.774762974045e-02  
  9.688511151314e-06  ,7.062942181173e-02  ,6.535395379290e-02  
  9.690848770976e-06  ,5.671005907957e-02  ,5.191697516610e-02  
  9.695524010301e-06  ,2.803088225909e-02  ,2.427405119521e-02  
  9.698960218072e-06  ,6.531980731323e-03  ,3.588462045676e-03  
  9.702190417290e-06  ,-1.375193832449e-02  ,-1.589968581546e-02  
  9.704048964620e-06  ,-2.537184477208e-02  ,-2.705321159332e-02  
  9.706366095185e-06  ,-3.973323473362e-02  ,-4.082722868520e-02  
  9.709506514907e-06  ,-5.884718859677e-02  ,-5.913664295388e-02  
  9.715787354350e-06  ,-9.517776717541e-02  ,-9.385220352697e-02  
  9.721496734262e-06  ,-1.250325167702e-01  ,-1.222775028018e-01  
  9.727478805423e-06  ,-1.519946727703e-01  ,-1.478375008690e-01  
  9.730440783739e-06  ,-1.634157201300e-01  ,-1.586149516209e-01  
  9.732999685645e-06  ,-1.721473999593e-01  ,-1.668182314549e-01  
  9.734520535409e-06  ,-1.768134651774e-01  ,-1.711880347285e-01  
  9.736466999590e-06  ,-1.821952308312e-01  ,-1.762071150053e-01  
  9.740359927952e-06  ,-1.908979684798e-01  ,-1.842567033001e-01  
  9.748145784676e-06  ,-1.996607676454e-01  ,-1.920308025293e-01  
  9.755998696625e-06  ,-1.964589845113e-01  ,-1.882912833001e-01  
  9.766708161175e-06  ,-1.730745747830e-01  ,-1.649741534758e-01  
  9.776757504284e-06  ,-1.334014273153e-01  ,-1.261877507556e-01  
  9.783518906176e-06  ,-9.898853060051e-02  ,-9.278142558132e-02  
  9.787537749350e-06  ,-7.631750126228e-02  ,-7.084706724711e-02  
  9.788766908884e-06  ,-6.912372665604e-02  ,-6.389764226706e-02  
  9.789946335793e-06  ,-6.212399018154e-02  ,-5.713981833956e-02  
  9.792305189610e-06  ,-4.787840068831e-02  ,-4.339473392881e-02  
  9.797022897244e-06  ,-1.867842867203e-02  ,-1.527109857123e-02  
  9.800778734922e-06  ,4.892447750287e-03  ,7.391493089987e-03  
  9.805276650429e-06  ,3.300253495261e-02  ,3.437484849440e-02  
  9.808279979467e-06  ,5.143992699117e-02  ,5.203969889865e-02  
  9.811513903976e-06  ,7.077668357310e-02  ,7.053859388128e-02  
  9.817981752992e-06  ,1.070685397584e-01  ,1.051816408430e-01  
  9.822768751025e-06  ,1.311689958412e-01  ,1.281003233813e-01  
  9.828066858888e-06  ,1.543700818135e-01  ,1.500786620013e-01  
  9.830809790134e-06  ,1.647414062795e-01  ,1.598586173835e-01  
  9.832112337887e-06  ,1.692427405433e-01  ,1.640907675853e-01  
  9.833940151572e-06  ,1.750798682747e-01  ,1.695609295263e-01  
  9.836766156793e-06  ,1.829624557881e-01  ,1.769190121353e-01  
  9.842418167233e-06  ,1.943533108409e-01  ,1.874106451433e-01  
  9.849032792687e-06  ,1.999076779429e-01  ,1.921926553983e-01  
  9.856765005231e-06  ,1.955001224158e-01  ,1.873060221504e-01  
  9.870074722409e-06  ,1.615269912225e-01  ,1.536399490221e-01  
  9.881068799138e-06  ,1.120588847499e-01  ,1.054482931530e-01  
  9.886282715440e-06  ,8.354522797405e-02  ,7.783079000700e-02  
  9.887882168829e-06  ,7.431276926323e-02  ,6.890723449129e-02  
  9.889525021851e-06  ,6.463472300631e-02  ,5.956091811183e-02  
  9.892810727894e-06  ,4.478846132072e-02  ,4.040945293950e-02  
  9.899382139981e-06  ,3.881885218754e-03  ,1.028853983258e-03  
  9.903509016573e-06  ,-2.200317200997e-02  ,-2.383116298957e-02  
  9.905957649887e-06  ,-3.721484946433e-02  ,-3.841751825928e-02  
  9.908162649214e-06  ,-5.072717235542e-02  ,-5.136048421025e-02  
  9.912572647870e-06  ,-7.695820084750e-02  ,-7.645391919366e-02  
  9.917764957488e-06  ,-1.059155320625e-01  ,-1.040863821895e-01  
  9.922171230853e-06  ,-1.283119254703e-01  ,-1.253968184574e-01  
  9.927306171000e-06  ,-1.512874393581e-01  ,-1.471728529078e-01  
  9.929946284235e-06  ,-1.616047874676e-01  ,-1.569077464303e-01  
  9.932493265212e-06  ,-1.705059190447e-01  ,-1.652782329567e-01  
  9.934779848397e-06  ,-1.775690638890e-01  ,-1.718944313614e-01  
  9.937199424446e-06  ,-1.840449541128e-01  ,-1.779299222169e-01  
  9.942038576543e-06  ,-1.937767682936e-01  ,-1.868904100781e-01  
  9.949079375207e-06  ,-1.999163559980e-01  ,-1.921986891225e-01  
  9.957260112703e-06  ,-1.948203201522e-01  ,-1.866128140741e-01  
  9.971314887941e-06  ,-1.568106535756e-01  ,-1.490213197169e-01  
  9.983858685434e-06  ,-9.712786037135e-02  ,-9.096575723851e-02  
  9.989644061267e-06  ,-6.392646101738e-02  ,-5.886190473151e-02  
  9.990938227117e-06  ,-5.617083514212e-02  ,-5.137869141953e-02  
  9.992221217096e-06  ,-4.839050689673e-02  ,-4.387647287494e-02  
  9.994787197053e-06  ,-3.260680266500e-02  ,-2.866633579396e-02  
  9.999189745128e-06  ,-5.090431738026e-03  ,-2.192257938548e-03  
  1.000263489360e-05  ,1.653662442440e-02  ,1.858109446783e-02  
  1.000466964716e-05  ,2.923513166200e-02  ,3.076647910415e-02  
  1.000679119998e-05  ,4.234738511620e-02  ,4.333537681718e-02  
  1.001103430563e-05  ,6.795035023804e-02  ,6.783659823874e-02  
  1.001730992967e-05  ,1.034795929436e-01  ,1.017553358810e-01  
  1.002204253846e-05  ,1.276906245577e-01  ,1.247987568858e-01  
  1.002730786377e-05  ,1.512943957934e-01  ,1.471750654661e-01  
  1.003000944430e-05  ,1.618382710847e-01  ,1.571243532248e-01  
  1.003262236291e-05  ,1.709284838688e-01  ,1.656721608623e-01  
  1.003493763083e-05  ,1.780230544246e-01  ,1.723165198914e-01  
  1.003737993115e-05  ,1.844858905888e-01  ,1.783377020990e-01  
  1.004226453179e-05  ,1.941232860501e-01  ,1.872036189962e-01  
  1.004942453974e-05  ,1.999673172506e-01  ,1.922178231108e-01  
  1.005761123770e-05  ,1.943096356142e-01  ,1.860928429860e-01  
  1.007032192820e-05  ,1.606062105311e-01  ,1.527380089350e-01  
  1.008103586310e-05  ,1.122302344616e-01  ,1.056150443614e-01  
  1.008609331721e-05  ,8.462496649817e-02  ,7.887587047065e-02  
  1.008764378303e-05  ,7.570126145176e-02  ,7.024975865044e-02  
  1.008929669434e-05  ,6.599069022955e-02  ,6.087088491636e-02  
  1.009260251695e-05  ,4.606249616558e-02  ,4.163824234060e-02  
  1.009921416217e-05  ,4.937063151980e-03  ,2.043397782955e-03  
  1.010333805853e-05  ,-2.093521907645e-02  ,-2.280626056381e-02  
  1.010546855205e-05  ,-3.419115232441e-02  ,-3.551893779647e-02  
  1.010756998831e-05  ,-4.711655877667e-02  ,-4.790281654706e-02  
  1.011177286083e-05  ,-7.229610982563e-02  ,-7.199823973983e-02  
  1.011725946838e-05  ,-1.032081425585e-01  ,-1.015090341189e-01  
  1.012163966471e-05  ,-1.257321836773e-01  ,-1.229507446319e-01  
  1.012671798044e-05  ,-1.488445089342e-01  ,-1.448640494526e-01  
  1.012935772115e-05  ,-1.593985814782e-01  ,-1.548310592282e-01  
  1.013207904571e-05  ,-1.691311872775e-01  ,-1.639846809199e-01  
  1.013388823295e-05  ,-1.749219432924e-01  ,-1.694151794783e-01  
  1.013626310551e-05  ,-1.816630936372e-01  ,-1.757116389881e-01  
  1.014090705240e-05  ,-1.918949858017e-01  ,-1.851744243739e-01  
  1.014794040048e-05  ,-1.995814823443e-01  ,-1.919733405662e-01  
  1.015568155372e-05  ,-1.968225358923e-01  ,-1.886676977351e-01  
  1.016594994390e-05  ,-1.754126364326e-01  ,-1.672771209031e-01  
  1.017564165914e-05  ,-1.385420000037e-01  ,-1.311932657450e-01  
  1.018499064767e-05  ,-9.085045370956e-02  ,-8.490846266999e-02  
  1.018924865448e-05  ,-6.627555419984e-02  ,-6.115014990739e-02  
  1.019015604207e-05  ,-6.087020496627e-02  ,-5.593209644079e-02  
  1.019105383703e-05  ,-5.547330488787e-02  ,-5.072457196793e-02  
  1.019284942695e-05  ,-4.455145042036e-02  ,-4.019076744464e-02  
  1.019644060680e-05  ,-2.231774862155e-02  ,-1.877200983180e-02  
  1.019965739498e-05  ,-2.152609293489e-03  ,6.228938159784e-04  
  1.020461948165e-05  ,2.892328198992e-02  ,3.045724952547e-02  
  1.020619770089e-05  ,3.869572092365e-02  ,3.982953808177e-02  
  1.020784409294e-05  ,4.878856735609e-02  ,4.950427658239e-02  
  1.021113687703e-05  ,6.855613499750e-02  ,6.842194496478e-02  
  1.021633738229e-05  ,9.820291389111e-02  ,9.673416244487e-02  
  1.022066989490e-05  ,1.209359788550e-01  ,1.183760950051e-01  
  1.022561037490e-05  ,1.441070147836e-01  ,1.403642804943e-01  
  1.022857645103e-05  ,1.563859700516e-01  ,1.519754294486e-01  
  1.023195640692e-05  ,1.687186620092e-01  ,1.635858633120e-01  
  1.023299259642e-05  ,1.721247211154e-01  ,1.667837706620e-01  
  1.023473435590e-05  ,1.774373565946e-01  ,1.717596621623e-01  
  1.023821787485e-05  ,1.864548806150e-01  ,1.801485408327e-01  
  1.024518491277e-05  ,1.977160859742e-01  ,1.904046307526e-01  
  1.025223986754e-05  ,1.995050455816e-01  ,1.915346877767e-01  
  1.025956676850e-05  ,1.910348270544e-01  ,1.827857381375e-01  
  1.026983515868e-05  ,1.624100124972e-01  ,1.545036573207e-01  
  1.027896957049e-05  ,1.227324278014e-01  ,1.158147320319e-01  
  1.028391303071e-05  ,9.682922724539e-02  ,9.069228251831e-02  
  1.028663584539e-05  ,8.152420380615e-02  ,7.588353968076e-02  
  1.028835488060e-05  ,7.154718026606e-02  ,6.624184356634e-02  
  1.029064258137e-05  ,5.795121624610e-02  ,5.311625159270e-02  
  1.029521798292e-05  ,2.993340526841e-02  ,2.610769877723e-02  
  1.029891905883e-05  ,6.790448382567e-03  ,3.838080532583e-03  
  1.030216117898e-05  ,-1.356865760212e-02  ,-1.572296372788e-02  
  1.030405511656e-05  ,-2.541018581015e-02  ,-2.708953879352e-02  
  1.030644787052e-05  ,-4.023667100393e-02  ,-4.130960016865e-02  
  1.030956668356e-05  ,-5.920839880490e-02  ,-5.948270230913e-02  
  1.031580430964e-05  ,-9.527145020206e-02  ,-9.393712362511e-02  
  1.032089976171e-05  ,-1.220831516629e-01  ,-1.194746007283e-01  
  1.032625598410e-05  ,-1.468900216533e-01  ,-1.430147355942e-01  
  1.032942434350e-05  ,-1.596510621446e-01  ,-1.550722964303e-01  
  1.033239153722e-05  ,-1.701709651182e-01  ,-1.649662212515e-01  
  1.033335825005e-05  ,-1.732833058630e-01  ,-1.678851834044e-01  
  1.033529167572e-05  ,-1.790258187355e-01  ,-1.732520392680e-01  
  1.033915852705e-05  ,-1.885112202566e-01  ,-1.820631500182e-01  
  1.034689222971e-05  ,-1.990475272601e-01  ,-1.915492386269e-01  
  1.035397326151e-05  ,-1.984439266032e-01  ,-1.903688852943e-01  
  1.036154454151e-05  ,-1.869896986606e-01  ,-1.787428061256e-01  
  1.037102764049e-05  ,-1.579244991369e-01  ,-1.501141586623e-01  
  1.037961666980e-05  ,-1.194970245187e-01  ,-1.126740473405e-01  
  1.038418313065e-05  ,-9.534082893917e-02  ,-8.925259615772e-02  
  1.038544712165e-05  ,-8.828607712332e-02  ,-8.242528424226e-02  
  1.038765361109e-05  ,-7.564410070990e-02  ,-7.020223777355e-02  
  1.038991858760e-05  ,-6.228968940268e-02  ,-5.730460805229e-02  
  1.039444854060e-05  ,-3.470428935424e-02  ,-3.070469226860e-02  
  1.039836307564e-05  ,-1.028056636605e-02  ,-7.195541508476e-03  
  1.040177320638e-05  ,1.113562274893e-02  ,1.338584199126e-02  
  1.040398751894e-05  ,2.498884232425e-02  ,2.668522025913e-02  
  1.040679825047e-05  ,4.239067916121e-02  ,4.337059526062e-02  
  1.040952963331e-05  ,5.898600016706e-02  ,5.925797090117e-02  
  1.041499239901e-05  ,9.075554427177e-02  ,8.961869019188e-02  
  1.042043281296e-05  ,1.197461920323e-01  ,1.172447588715e-01  
  1.042644990185e-05  ,1.477141877053e-01  ,1.437878620896e-01  
  1.042980825105e-05  ,1.610923071451e-01  ,1.564237285394e-01  
  1.043289316395e-05  ,1.718057318183e-01  ,1.664993103224e-01  
  1.043398858556e-05  ,1.752267738338e-01  ,1.697049903976e-01  
  1.043596820483e-05  ,1.808802601832e-01  ,1.749820362114e-01  
  1.043992744336e-05  ,1.900699324471e-01  ,1.834983533787e-01  
  1.044784592041e-05  ,1.995422192888e-01  ,1.919436019657e-01  
  1.045532183298e-05  ,1.972112450564e-01  ,1.890711655149e-01  
  1.046489433894e-05  ,1.785017213795e-01  ,1.703246672718e-01  
  1.047422991642e-05  ,1.448010290253e-01  ,1.372939083082e-01  
  1.048387692818e-05  ,9.702764605201e-02  ,9.087849410512e-02  
  1.048835025677e-05  ,7.157430928855e-02  ,6.625921261417e-02  
  1.048935198733e-05  ,6.566263098125e-02  ,6.055066464486e-02  
  1.049047497609e-05  ,5.895832604822e-02  ,5.408019891163e-02  
  1.049252835611e-05  ,4.651581036439e-02  ,4.207792137754e-02  
  1.049663511613e-05  ,2.110283425162e-02  ,1.760212016228e-02  
  1.050002289513e-05  ,-1.438543166049e-04  ,-2.829772286724e-03  
  1.050484193066e-05  ,-3.030555998317e-02  ,-3.178876529570e-02  
  1.050647863695e-05  ,-4.042601082743e-02  ,-4.148941268852e-02  
  1.050945179114e-05  ,-5.851848302021e-02  ,-5.881867914246e-02  
  1.051539809951e-05  ,-9.301964479719e-02  ,-9.179040177569e-02  
  1.052087427625e-05  ,-1.219562767110e-01  ,-1.193497992245e-01  
  1.052688167939e-05  ,-1.495295393072e-01  ,-1.454958367609e-01  
  1.053015732715e-05  ,-1.623824550555e-01  ,-1.576286992946e-01  
  1.053339236924e-05  ,-1.733902495282e-01  ,-1.679763706030e-01  
  1.053473012099e-05  ,-1.774250774805e-01  ,-1.717536888106e-01  
  1.053666540930e-05  ,-1.827058780493e-01  ,-1.766772879614e-01  
  1.054053598592e-05  ,-1.912249651215e-01  ,-1.845534319631e-01  
  1.054827713916e-05  ,-1.997071170299e-01  ,-1.920625351521e-01  
  1.055630737492e-05  ,-1.960864079350e-01  ,-1.879068572057e-01  
  1.056754881093e-05  ,-1.703675883419e-01  ,-1.623113776765e-01  
  1.057778292844e-05  ,-1.285327291056e-01  ,-1.214508803893e-01  
  1.058362939903e-05  ,-9.838468633904e-02  ,-9.219684179695e-02  
  1.058939838359e-05  ,-6.538720411385e-02  ,-6.029262083183e-02  
  1.059077562341e-05  ,-5.715064547855e-02  ,-5.234292473806e-02  
  1.059213703075e-05  ,-4.890357909622e-02  ,-4.438827372711e-02  
  1.059485984543e-05  ,-3.215636219485e-02  ,-2.824591000143e-02  
  1.059911189178e-05  ,-5.579424591182e-03  ,-2.671478152750e-03  
  1.060247210363e-05  ,1.551707537558e-02  ,1.759558582778e-02  
  1.060445619324e-05  ,2.790771973487e-02  ,2.948758916208e-02  
  1.060669136742e-05  ,4.173413354456e-02  ,4.274295607020e-02  
  1.061050457457e-05  ,6.481067616266e-02  ,6.483085474789e-02  
  1.061647919515e-05  ,9.897816437268e-02  ,9.746273523156e-02  
  1.062119168738e-05  ,1.235308507477e-01  ,1.208462712788e-01  
  1.062640783885e-05  ,1.475358811348e-01  ,1.436157173272e-01  
  1.062919696370e-05  ,1.587864811256e-01  ,1.542461358875e-01  
  1.063213137487e-05  ,1.693064452283e-01  ,1.641431291716e-01  
  1.063309641132e-05  ,1.724559773976e-01  ,1.670990727518e-01  
  1.063499742696e-05  ,1.781939646335e-01  ,1.724684697779e-01  
  1.063879945824e-05  ,1.877455983368e-01  ,1.813489062206e-01  
  1.064640352079e-05  ,1.987247574740e-01  ,1.912765775654e-01  
  1.065331393430e-05  ,1.989170828733e-01  ,1.908820744190e-01  
  1.066051641056e-05  ,1.891836473058e-01  ,1.809320292705e-01  
  1.067013958046e-05  ,1.612863514216e-01  ,1.534033697921e-01  
  1.067883589813e-05  ,1.233944930911e-01  ,1.164587741249e-01  
  1.068354839036e-05  ,9.882751570116e-02  ,9.262872160533e-02  
  1.068648280153e-05  ,8.240134702930e-02  ,7.673268286317e-02  
  1.068753538230e-05  ,7.633124829165e-02  ,7.086521726094e-02  
  1.068922126243e-05  ,6.643791452868e-02  ,6.130422956799e-02  
  1.069259302267e-05  ,4.612054470141e-02  ,4.170097495206e-02  
  1.069933654317e-05  ,4.168320363626e-03  ,1.315147473449e-03  
  1.070327566513e-05  ,-2.054530349659e-02  ,-2.242279065930e-02  
  1.070531153628e-05  ,-3.321870453448e-02  ,-3.458304331191e-02  
  1.070743457922e-05  ,-4.628928094939e-02  ,-4.710882167910e-02  
  1.071168066511e-05  ,-7.175569584194e-02  ,-7.147222768568e-02  
  1.071734310636e-05  ,-1.036579212598e-01  ,-1.019211041192e-01  
  1.072181047449e-05  ,-1.265649980036e-01  ,-1.237239398947e-01  
  1.072695957074e-05  ,-1.498541035072e-01  ,-1.458079240541e-01  
  1.072961048731e-05  ,-1.603527864591e-01  ,-1.557191640194e-01  
  1.073222675869e-05  ,-1.696247220410e-01  ,-1.644439264270e-01  
  1.073422314176e-05  ,-1.759324624778e-01  ,-1.703580402177e-01  
  1.073659987697e-05  ,-1.825380015855e-01  ,-1.765208476066e-01  
  1.074135334739e-05  ,-1.926662924937e-01  ,-1.858749646091e-01  
  1.074830250391e-05  ,-1.997156754363e-01  ,-1.920692847027e-01  
  1.075626270422e-05  ,-1.961414677651e-01  ,-1.879637826551e-01  
  1.076766507277e-05  ,-1.699838157174e-01  ,-1.619342712281e-01  
  1.077794538388e-05  ,-1.277490219696e-01  ,-1.206887063207e-01  
  1.078375981697e-05  ,-9.767042646792e-02  ,-9.150484471267e-02  
  1.078942523846e-05  ,-6.522771925652e-02  ,-6.013848509588e-02  
  1.079066166231e-05  ,-5.783645995657e-02  ,-5.300456499394e-02  
  1.079188132235e-05  ,-5.045987699544e-02  ,-4.588897962885e-02  
  1.079432064244e-05  ,-3.549542424193e-02  ,-3.146284826707e-02  
  1.079919928262e-05  ,-5.030525118069e-03  ,-2.146551065585e-03  
  1.080296033570e-05  ,1.857353601801e-02  ,2.052730576396e-02  
  1.080512137660e-05  ,3.203990615673e-02  ,3.344876916770e-02  
  1.080707193860e-05  ,4.406965435386e-02  ,4.497974222374e-02  
  1.081097306260e-05  ,6.758831324875e-02  ,6.748626022157e-02  
  1.081706614742e-05  ,1.021658016363e-01  ,1.004999608545e-01  
  1.082173766145e-05  ,1.262104289958e-01  ,1.233901608345e-01  
  1.082692326555e-05  ,1.497029355356e-01  ,1.456681265622e-01  
  1.082960174927e-05  ,1.603199683027e-01  ,1.556918498450e-01  
  1.083225154826e-05  ,1.697071906528e-01  ,1.645242601223e-01  
  1.083423004994e-05  ,1.759531018735e-01  ,1.703797767921e-01  
  1.083661349067e-05  ,1.825729399731e-01  ,1.765584855504e-01  
  1.084138037214e-05  ,1.927117831948e-01  ,1.859207315366e-01  
  1.084837795743e-05  ,1.997403847144e-01  ,1.920889455652e-01  
  1.085631878623e-05  ,1.960722807504e-01  ,1.878937430344e-01  
  1.086787165651e-05  ,1.692963051998e-01  ,1.612590941784e-01  
  1.087817431936e-05  ,1.266389620976e-01  ,1.196094425595e-01  
  1.088393063793e-05  ,9.673241315394e-02  ,9.059624277408e-02  
  1.088945151815e-05  ,6.507160534074e-02  ,5.998761223164e-02  
  1.089042139748e-05  ,5.927992679210e-02  ,5.439737796174e-02  
  1.089138662019e-05  ,5.346141127747e-02  ,4.878384369768e-02  
  1.089331706563e-05  ,4.168231214637e-02  ,3.742524627582e-02  
  1.089717795649e-05  ,1.770820302485e-02  ,1.433559332930e-02  
  1.090055493215e-05  ,-3.486564893613e-03  ,-6.042587766742e-03  
  1.090465796688e-05  ,-2.916252866232e-02  ,-3.068692658633e-02  
  1.090738897720e-05  ,-4.601048742894e-02  ,-4.683742359682e-02  
  1.091017176905e-05  ,-6.282892824323e-02  ,-6.294524133815e-02  
  1.091573735276e-05  ,-9.490133628387e-02  ,-9.358750874392e-02  
  1.092039247552e-05  ,-1.195430970035e-01  ,-1.170595253010e-01  
  1.092542087236e-05  ,-1.432788266545e-01  ,-1.395950786882e-01  
  1.092847114006e-05  ,-1.559726405959e-01  ,-1.516004370733e-01  
  1.093136196533e-05  ,-1.666837359491e-01  ,-1.616913415293e-01  
  1.093241231093e-05  ,-1.702395068539e-01  ,-1.650317026224e-01  
  1.093407583931e-05  ,-1.754903999679e-01  ,-1.699498107763e-01  
  1.093740289608e-05  ,-1.845415635221e-01  ,-1.783898156602e-01  
  1.094405700961e-05  ,-1.965242553684e-01  ,-1.893631529626e-01  
  1.095058744350e-05  ,-1.999659419620e-01  ,-1.921179254085e-01  
  1.095806782642e-05  ,-1.936102093611e-01  ,-1.853829435602e-01  
  1.096982931295e-05  ,-1.624314448071e-01  ,-1.545252332287e-01  
  1.097985481420e-05  ,-1.182938340564e-01  ,-1.115021265379e-01  
  1.098521848717e-05  ,-8.957280096670e-02  ,-8.366481467831e-02  
  1.098674473861e-05  ,-8.089895335609e-02  ,-7.527615778330e-02  
  1.098882009783e-05  ,-6.881002908014e-02  ,-6.359574687422e-02  
  1.099143599668e-05  ,-5.316239471156e-02  ,-4.849432833011e-02  
  1.099666779438e-05  ,-2.089864584550e-02  ,-1.740807115193e-02  
  1.100073581138e-05  ,4.622827534096e-03  ,7.133281911826e-03  
  1.100569864312e-05  ,3.561466880698e-02  ,3.687303692702e-02  
  1.100871873596e-05  ,5.409900128891e-02  ,5.458360931339e-02  
  1.101217915812e-05  ,7.467037304103e-02  ,7.426974786476e-02  
  1.101850991645e-05  ,1.098566348541e-01  ,1.078435142977e-01  
  1.102342133918e-05  ,1.342365364466e-01  ,1.310210226666e-01  
  1.102879171768e-05  ,1.572255280843e-01  ,1.527840327590e-01  
  1.103156296113e-05  ,1.673783366104e-01  ,1.623435079791e-01  
  1.103276790628e-05  ,1.714015069386e-01  ,1.661214566112e-01  
  1.103451320478e-05  ,1.767919340552e-01  ,1.711664166870e-01  
  1.103795798072e-05  ,1.858579448131e-01  ,1.796100929401e-01  
  1.104484753260e-05  ,1.973855413909e-01  ,1.901242268075e-01  
  1.105168567547e-05  ,1.997196205486e-01  ,1.917879331404e-01  
  1.105909304270e-05  ,1.918948174216e-01  ,1.836506869183e-01  
  1.106971459040e-05  ,1.628509449465e-01  ,1.549359217039e-01  
  1.107908593068e-05  ,1.221543453794e-01  ,1.152528433761e-01  
  1.108414860019e-05  ,9.553149561316e-02  ,8.943509005709e-02  
  1.108671048233e-05  ,8.109575080240e-02  ,7.546876102850e-02  
  1.108844646761e-05  ,7.100950891557e-02  ,6.572199822032e-02  
  1.109079340050e-05  ,5.704359724194e-02  ,5.224010391114e-02  
  1.109548726627e-05  ,2.825945431029e-02  ,2.449541796408e-02  
  1.109906466255e-05  ,5.876052852040e-03  ,2.958748526465e-03  
  1.110234627077e-05  ,-1.472870822285e-02  ,-1.683684654659e-02  
  1.110423573801e-05  ,-2.653545186312e-02  ,-2.816901006869e-02  
  1.110646718690e-05  ,-4.035555040711e-02  ,-4.142330702713e-02  
  1.110992090353e-05  ,-6.133055462144e-02  ,-6.151245817883e-02  
  1.111573235640e-05  ,-9.487370132152e-02  ,-9.356127493413e-02  
  1.112154157409e-05  ,-1.252522867996e-01  ,-1.224848225680e-01  
  1.112736122259e-05  ,-1.515134541170e-01  ,-1.473804610731e-01  
  1.113028892824e-05  ,-1.628637779755e-01  ,-1.580931308551e-01  
  1.113315516660e-05  ,-1.726426431627e-01  ,-1.672782594402e-01  
  1.113579043695e-05  ,-1.804008590933e-01  ,-1.745340860969e-01  
  1.113827706823e-05  ,-1.865891019681e-01  ,-1.802859642144e-01  
  1.114325033078e-05  ,-1.955204249715e-01  ,-1.884646543668e-01  
  1.115097211251e-05  ,-1.999067392183e-01  ,-1.920286180851e-01  
  1.115921096453e-05  ,-1.916847108328e-01  ,-1.834396660867e-01  
  1.116978780875e-05  ,-1.625834550010e-01  ,-1.546742764640e-01  
  1.117932157168e-05  ,-1.209786788033e-01  ,-1.141108173066e-01  
  1.118441702375e-05  ,-9.404640013612e-02  ,-8.799691519862e-02  
  1.118582816371e-05  ,-8.613153571334e-02  ,-8.033865250836e-02  
  1.118788526902e-05  ,-7.429468441953e-02  ,-6.889618557359e-02  
  1.119017744014e-05  ,-6.074212142020e-02  ,-5.580909621162e-02  
  1.119476178238e-05  ,-3.276434085552e-02  ,-2.883485018783e-02  
  1.119849079797e-05  ,-9.479043642368e-03  ,-6.424090655138e-03  
  1.120181561956e-05  ,1.140168923679e-02  ,1.364165358335e-02  
  1.120391258547e-05  ,2.452164210201e-02  ,2.623692519959e-02  
  1.120659591207e-05  ,4.114738634146e-02  ,4.217897863754e-02  
  1.120931984434e-05  ,5.772521766475e-02  ,5.805125989064e-02  
  1.121476770887e-05  ,8.949524457507e-02  ,8.841607706069e-02  
  1.122014553794e-05  ,1.182956181197e-01  ,1.158663040807e-01  
  1.122632877478e-05  ,1.472000286737e-01  ,1.433041247098e-01  
  1.122972214171e-05  ,1.607710712289e-01  ,1.561238577826e-01  
  1.123288789341e-05  ,1.717887765828e-01  ,1.664779780771e-01  
  1.123388552615e-05  ,1.749136970506e-01  ,1.694065096110e-01  
  1.123588079163e-05  ,1.806452299872e-01  ,1.747622427248e-01  
  1.123987132260e-05  ,1.899599082721e-01  ,1.833930746919e-01  
  1.124785238454e-05  ,1.995449616111e-01  ,1.919437320592e-01  
  1.125523143956e-05  ,1.973049651491e-01  ,1.891677979566e-01  
  1.126471453854e-05  ,1.790084086308e-01  ,1.708274314463e-01  
  1.127403819510e-05  ,1.456293382172e-01  ,1.381039193737e-01  
  1.128378653476e-05  ,9.752389846221e-02  ,9.136037361588e-02  
  1.128827476451e-05  ,7.201702484746e-02  ,6.668783107549e-02  
  1.128928301433e-05  ,6.607182451022e-02  ,6.094663218739e-02  
  1.129042816857e-05  ,5.923929320960e-02  ,5.435214582106e-02  
  1.129254376093e-05  ,4.642166784028e-02  ,4.198776340517e-02  
  1.129677494565e-05  ,2.022896306518e-02  ,1.676157379169e-02  
  1.130021711388e-05  ,-1.364156177676e-03  ,-4.002186632194e-03  
  1.130489533344e-05  ,-3.063718227283e-02  ,-3.210660485060e-02  
  1.130757046440e-05  ,-4.711946595189e-02  ,-4.790196354973e-02  
  1.131046426991e-05  ,-6.457104784332e-02  ,-6.460472256184e-02  
  1.131625188091e-05  ,-9.773455940099e-02  ,-9.628487872473e-02  
  1.132085633972e-05  ,-1.218669359203e-01  ,-1.192593908339e-01  
  1.132597935894e-05  ,-1.457049148304e-01  ,-1.418800049815e-01  
  1.132902217606e-05  ,-1.581163643034e-01  ,-1.536087720414e-01  
  1.133213502863e-05  ,-1.693186651339e-01  ,-1.641571435449e-01  
  1.133301326582e-05  ,-1.721908198635e-01  ,-1.668530466235e-01  
  1.133476974019e-05  ,-1.775398305286e-01  ,-1.718585867030e-01  
  1.133828268895e-05  ,-1.866018134454e-01  ,-1.802938087235e-01  
  1.134530858645e-05  ,-1.978316924585e-01  ,-1.905114923102e-01  
  1.135230840692e-05  ,-1.994743046531e-01  ,-1.914980586510e-01  
  1.135965095410e-05  ,-1.908775652478e-01  ,-1.826300561609e-01  
  1.136984334835e-05  ,-1.623799772906e-01  ,-1.544768127410e-01  
  1.137893901715e-05  ,-1.228839465666e-01  ,-1.159637459551e-01  
  1.138386236081e-05  ,-9.710767272876e-02  ,-9.096326954464e-02  
  1.138663881966e-05  ,-8.150713857142e-02  ,-7.586810189261e-02  
  1.138836530545e-05  ,-7.148600984197e-02  ,-6.618365949792e-02  
  1.139063139954e-05  ,-5.801845617684e-02  ,-5.318187179010e-02  
  1.139516358772e-05  ,-3.027128691265e-02  ,-2.643361599244e-02  
  1.139889111319e-05  ,-6.965932129365e-03  ,-4.007179619708e-03  
  1.140213211575e-05  ,1.338646307906e-02  ,1.554775835881e-02  
  1.140402940610e-05  ,2.524994304991e-02  ,2.693561222770e-02  
  1.140645233491e-05  ,4.026414765123e-02  ,4.133583520724e-02  
  1.140952271917e-05  ,5.894448834645e-02  ,5.923023544919e-02  
  1.141566348770e-05  ,9.449254932958e-02  ,9.319423902794e-02  
  1.142132220367e-05  ,1.241747449657e-01  ,1.214593374680e-01  
  1.142642883161e-05  ,1.476249024102e-01  ,1.437055807549e-01  
  1.142923062244e-05  ,1.589149759491e-01  ,1.543737098577e-01  
  1.143219930628e-05  ,1.695332747979e-01  ,1.643667267177e-01  
  1.143321817318e-05  ,1.728421617084e-01  ,1.674711975323e-01  
  1.143509348431e-05  ,1.784672005324e-01  ,1.727308339547e-01  
  1.143884410658e-05  ,1.878421021012e-01  ,1.814450459338e-01  
  1.144634535113e-05  ,1.986832178690e-01  ,1.912450254251e-01  
  1.145339434543e-05  ,1.988639426969e-01  ,1.908211233182e-01  
  1.146059607664e-05  ,1.890206717868e-01  ,1.807674573084e-01  
  1.147020732561e-05  ,1.610342847747e-01  ,1.531559577733e-01  
  1.147888725200e-05  ,1.231403994807e-01  ,1.162117363461e-01  
  1.148358484307e-05  ,9.862832804380e-02  ,9.243569645264e-02  
  1.148640339771e-05  ,8.285568638733e-02  ,7.717201915765e-02  
  1.148743623444e-05  ,7.690668572936e-02  ,7.142135999187e-02  
  1.148915452459e-05  ,6.683328194530e-02  ,6.168619461081e-02  
  1.149259110489e-05  ,4.613226961591e-02  ,4.171241791952e-02  
  1.149946426550e-05  ,3.365960249639e-03  ,5.437893359308e-04  
  1.150345032611e-05  ,-2.163661024290e-02  ,-2.347023807031e-02  
  1.150562068024e-05  ,-3.513253651968e-02  ,-3.641817820323e-02  
  1.150770274499e-05  ,-4.792680414213e-02  ,-4.867776256483e-02  
  1.151186687449e-05  ,-7.284655525276e-02  ,-7.251528136308e-02  
  1.151734826663e-05  ,-1.036856481686e-01  ,-1.019469184813e-01  
  1.152175603011e-05  ,-1.262999390504e-01  ,-1.234706999856e-01  
  1.152688277462e-05  ,-1.495341092366e-01  ,-1.455036863054e-01  
  1.152952661315e-05  ,-1.600372752510e-01  ,-1.554199250868e-01  
  1.153217268685e-05  ,-1.694444818738e-01  ,-1.642732109191e-01  
  1.153410909274e-05  ,-1.755905240650e-01  ,-1.700367928033e-01  
  1.153648098508e-05  ,-1.822314574181e-01  ,-1.762346771851e-01  
  1.154122476974e-05  ,-1.924479563527e-01  ,-1.856751581418e-01  
  1.154816945592e-05  ,-1.996693713870e-01  ,-1.920357981182e-01  
  1.155606856146e-05  ,-1.963762735433e-01  ,-1.882054136855e-01  
  1.156706114808e-05  ,-1.719525117741e-01  ,-1.638698518662e-01  
  1.157728483477e-05  ,-1.309146446769e-01  ,-1.237677347835e-01  
  1.158339356580e-05  ,-9.967207231366e-02  ,-9.344400736626e-02  
  1.158748020926e-05  ,-7.665155505684e-02  ,-7.117048655024e-02  
  1.158871458420e-05  ,-6.943213863734e-02  ,-6.419605814691e-02  
  1.158994094977e-05  ,-6.215615669155e-02  ,-5.717138127543e-02  
  1.159239368090e-05  ,-4.733837621075e-02  ,-4.287429853334e-02  
  1.159729914317e-05  ,-1.694962871716e-02  ,-1.360780513152e-02  
  1.160125614652e-05  ,7.890552957374e-03  ,1.027164690304e-02  
  1.160555587658e-05  ,3.473162196186e-02  ,3.603281091549e-02  
  1.160902449438e-05  ,5.594599648980e-02  ,5.635382890823e-02  
  1.161255644211e-05  ,7.686420714939e-02  ,7.635636073256e-02  
  1.161911518821e-05  ,1.130145368353e-01  ,1.108382569445e-01  
  1.162446246991e-05  ,1.390131223039e-01  ,1.355400291618e-01  
  1.162860871801e-05  ,1.565122706042e-01  ,1.521000728518e-01  
  1.163114787588e-05  ,1.659365773501e-01  ,1.609776315552e-01  
  1.163228334436e-05  ,1.698128175127e-01  ,1.646209798077e-01  
  1.163394258866e-05  ,1.750872699064e-01  ,1.695635363726e-01  
  1.163723500022e-05  ,1.841323263087e-01  ,1.780031241439e-01  
  1.164381982335e-05  ,1.962421727600e-01  ,1.891081612515e-01  
  1.165023551831e-05  ,1.999945254667e-01  ,1.921731184213e-01  
  1.165774868378e-05  ,1.941032882309e-01  ,1.858819121423e-01  
  1.166993932375e-05  ,1.620271920849e-01  ,1.541290491581e-01  
  1.168020771393e-05  ,1.164987028001e-01  ,1.097586702992e-01  
  1.168512211689e-05  ,9.011377921638e-02  ,8.418828518682e-02  
  1.168658820489e-05  ,8.179744969182e-02  ,7.614491342077e-02  
  1.168860954741e-05  ,7.005067901488e-02  ,6.479409999642e-02  
  1.169144523838e-05  ,5.310641413479e-02  ,4.843662688441e-02  
  1.169711662033e-05  ,1.809204277582e-02  ,1.470282962750e-02  
  1.170159814456e-05  ,-1.003722027686e-02  ,-1.233836778765e-02  
  1.170621228912e-05  ,-3.878564547854e-02  ,-3.991520105621e-02  
  1.171000463465e-05  ,-6.183109332393e-02  ,-6.198531058416e-02  
  1.171395344236e-05  ,-8.489107803583e-02  ,-8.403422069900e-02  
  1.172037509778e-05  ,-1.194555426487e-01  ,-1.169792438239e-01  
  1.172616121867e-05  ,-1.464852760233e-01  ,-1.426302448429e-01  
  1.172957470217e-05  ,-1.602183088002e-01  ,-1.556019680912e-01  
  1.173282911578e-05  ,-1.715993709593e-01  ,-1.663071898631e-01  
  1.173377887854e-05  ,-1.745877895293e-01  ,-1.691080107602e-01  
  1.173567840406e-05  ,-1.800958395640e-01  ,-1.742520217735e-01  
  1.173947745511e-05  ,-1.891711402004e-01  ,-1.826719108432e-01  
  1.174707555720e-05  ,-1.991565089060e-01  ,-1.916383573850e-01  
  1.175452762792e-05  ,-1.979801977336e-01  ,-1.898767461842e-01  
  1.176270836541e-05  ,-1.842709426987e-01  ,-1.760364781243e-01  
  1.177272343585e-05  ,-1.511657010358e-01  ,-1.435050331795e-01  
  1.178361767480e-05  ,-9.844881571004e-02  ,-9.226383491062e-02  
  1.178971672007e-05  ,-6.349371484333e-02  ,-5.845873477229e-02  
  1.179107030430e-05  ,-5.537389014950e-02  ,-5.062300874124e-02  
  1.179241345772e-05  ,-4.721763656763e-02  ,-4.275744528638e-02  
  1.179509976456e-05  ,-3.066761859338e-02  ,-2.680795698780e-02  
  1.179909849116e-05  ,-5.663589866781e-03  ,-2.749684873057e-03  
  1.180244827220e-05  ,1.536778511934e-02  ,1.745414858550e-02  
  1.180439957926e-05  ,2.755543974317e-02  ,2.915107333668e-02  
  1.180660718629e-05  ,4.121670634967e-02  ,4.224825597681e-02  
  1.181034812281e-05  ,6.387992634409e-02  ,6.394141250551e-02  
  1.181626835415e-05  ,9.782485047845e-02  ,9.636353394044e-02  
  1.182101884434e-05  ,1.226749455388e-01  ,1.200332882931e-01  
  1.182624766180e-05  ,1.468545289923e-01  ,1.429720614244e-01  
  1.182935045609e-05  ,1.593710066180e-01  ,1.547988408913e-01  
  1.183226773092e-05  ,1.697609707331e-01  ,1.645708628400e-01  
  1.183321153322e-05  ,1.728211673276e-01  ,1.674422797611e-01  
  1.183509913781e-05  ,1.784832313410e-01  ,1.727393719803e-01  
  1.183887434700e-05  ,1.879072543795e-01  ,1.814987954829e-01  
  1.184642476538e-05  ,1.987397630261e-01  ,1.912893863129e-01  
  1.185344544747e-05  ,1.988295120595e-01  ,1.907820117086e-01  
  1.186064866880e-05  ,1.889124333958e-01  ,1.806607794746e-01  
  1.187022117475e-05  ,1.609826649600e-01  ,1.531074249779e-01  
  1.187887874940e-05  ,1.231824916311e-01  ,1.162540902641e-01  
  1.188356367448e-05  ,9.874401481545e-02  ,9.254882663509e-02  
  1.188639862040e-05  ,8.288300519439e-02  ,7.719929439502e-02  
  1.188743220219e-05  ,7.693007250082e-02  ,7.144474701740e-02  
  1.188914583573e-05  ,6.688473484474e-02  ,6.173653544583e-02  
  1.189257310280e-05  ,4.624232259057e-02  ,4.181900370623e-02  
  1.189942763695e-05  ,3.596069306373e-03  ,7.652597641000e-04  
  1.190340699205e-05  ,-2.136591229418e-02  ,-2.321026439746e-02  
  1.190554828891e-05  ,-3.468467060080e-02  ,-3.598864225749e-02  
  1.190758527765e-05  ,-4.720991523291e-02  ,-4.799097560883e-02  
  1.191165925512e-05  ,-7.163011286369e-02  ,-7.135249135656e-02  
  1.191723526964e-05  ,-1.030778763174e-01  ,-1.013681386383e-01  
  1.192166463980e-05  ,-1.258541808659e-01  ,-1.230480500450e-01  
  1.192678020844e-05  ,-1.491053789808e-01  ,-1.450990023096e-01  
  1.192942963490e-05  ,-1.596710851627e-01  ,-1.550756753205e-01  
  1.193212674507e-05  ,-1.692909578290e-01  ,-1.641298110616e-01  
  1.193398659626e-05  ,-1.752207480422e-01  ,-1.696912911219e-01  
  1.193636109629e-05  ,-1.819197685777e-01  ,-1.759450542575e-01  
  1.194111009637e-05  ,-1.922505816713e-01  ,-1.854952606356e-01  
  1.194808234969e-05  ,-1.996371666331e-01  ,-1.920124804927e-01  
  1.195589651862e-05  ,-1.965782457387e-01  ,-1.884139055344e-01  
  1.196656575003e-05  ,-1.735212487083e-01  ,-1.654136420448e-01  
  1.197657187977e-05  ,-1.342681172876e-01  ,-1.270312720258e-01  
  1.198396434584e-05  ,-9.654698602920e-02  ,-9.041555186625e-02  
  1.198819106022e-05  ,-7.250742521926e-02  ,-6.716368840461e-02  
  1.198923917064e-05  ,-6.633177313277e-02  ,-6.119962199224e-02  
  1.199040052989e-05  ,-5.940513717639e-02  ,-5.451401975879e-02  
  1.199272324839e-05  ,-4.532398163972e-02  ,-4.093092536869e-02  
  1.199736868539e-05  ,-1.651421385758e-02  ,-1.318814372117e-02  
  1.200114985505e-05  ,7.223181147464e-03  ,9.630834997978e-03  
  1.200533335605e-05  ,3.335389009380e-02  ,3.471144145155e-02  
  1.200867605904e-05  ,5.384080186247e-02  ,5.433810461005e-02  
  1.201206979850e-05  ,7.403249310332e-02  ,7.365007380535e-02  
  1.201879543760e-05  ,1.113513119774e-01  ,1.092556446466e-01  
  1.202393261293e-05  ,1.366004653080e-01  ,1.332538873195e-01  
  1.202943114141e-05  ,1.596767850799e-01  ,1.550905738948e-01  
  1.203237412074e-05  ,1.701134445310e-01  ,1.649127589670e-01  
  1.203355522403e-05  ,1.738979569965e-01  ,1.684619886117e-01  
  1.203531710008e-05  ,1.790969774987e-01  ,1.733201996679e-01  
  1.203884085217e-05  ,1.878350804368e-01  ,1.814396067573e-01  
  1.204588835636e-05  ,1.983338014999e-01  ,1.909478839266e-01  
  1.205337171951e-05  ,1.988790234937e-01  ,1.908378056096e-01  
  1.206065466204e-05  ,1.889000661302e-01  ,1.806470331543e-01  
  1.207030912438e-05  ,1.606541399628e-01  ,1.527837467662e-01  
  1.207901885310e-05  ,1.224877894402e-01  ,1.155776171093e-01  
  1.208371644416e-05  ,9.790814886945e-02  ,9.173800207588e-02  
  1.208630179563e-05  ,8.343628926123e-02  ,7.773341191981e-02  
  1.208801226267e-05  ,7.355326705988e-02  ,6.818084892649e-02  
  1.209031002173e-05  ,5.994791106314e-02  ,5.504390895165e-02  
  1.209490553984e-05  ,3.187295797076e-02  ,2.797608417443e-02  
  1.209876792082e-05  ,7.739448878797e-03  ,4.750677125080e-03  
  1.210203351030e-05  ,-1.276823284207e-02  ,-1.495444194480e-02  
  1.210397885689e-05  ,-2.493484265449e-02  ,-2.663374533048e-02  
  1.210652397522e-05  ,-4.070495843194e-02  ,-4.175502559646e-02  
  1.210945466110e-05  ,-5.853572614335e-02  ,-5.882675761854e-02  
  1.211531603286e-05  ,-9.256286115224e-02  ,-9.134381901630e-02  
  1.212087044069e-05  ,-1.219371752716e-01  ,-1.193298300472e-01  
  1.212685921738e-05  ,-1.494357763028e-01  ,-1.454178024008e-01  
  1.212986738929e-05  ,-1.613122430907e-01  ,-1.566323061392e-01  
  1.213284575889e-05  ,-1.716530612840e-01  ,-1.663498326473e-01  
  1.213488647291e-05  ,-1.778763353816e-01  ,-1.721770076156e-01  
  1.213739843616e-05  ,-1.845307590403e-01  ,-1.783771492524e-01  
  1.214242236266e-05  ,-1.943595287921e-01  ,-1.874175484971e-01  
  1.215008901009e-05  ,-1.999992180519e-01  ,-1.921924005414e-01  
  1.215801344761e-05  ,-1.936956021752e-01  ,-1.854697284186e-01  
  1.216943965802e-05  ,-1.638476567530e-01  ,-1.559136109040e-01  
  1.217947111973e-05  ,-1.202291064592e-01  ,-1.133820653618e-01  
  1.218484298834e-05  ,-9.167599941647e-02  ,-8.570105634529e-02  
  1.218632397750e-05  ,-8.330960378439e-02  ,-7.760797932154e-02  
  1.218855356374e-05  ,-7.038004425535e-02  ,-6.511302172347e-02  
  1.219089304605e-05  ,-5.644323339346e-02  ,-5.165947924695e-02  
  1.219557201067e-05  ,-2.773223215757e-02  ,-2.398645692031e-02  
  1.219901268879e-05  ,-6.202464666055e-03  ,-3.271621520785e-03  
  1.220224884847e-05  ,1.411817995650e-02  ,1.625134303917e-02  
  1.220410944471e-05  ,2.574873616402e-02  ,2.741478104547e-02  
  1.220638336191e-05  ,3.983955637970e-02  ,4.092908385363e-02  
  1.220963591287e-05  ,5.962374095850e-02  ,5.987955136650e-02  
  1.221536391923e-05  ,9.282947203050e-02  ,9.161097013897e-02  
  1.222107627937e-05  ,1.229597618590e-01  ,1.203081424379e-01  
  1.222699055025e-05  ,1.499829422335e-01  ,1.459368115058e-01  
  1.222997040996e-05  ,1.616940481172e-01  ,1.569943296481e-01  
  1.223291227171e-05  ,1.718671616418e-01  ,1.665542568690e-01  
  1.223507331261e-05  ,1.784099566979e-01  ,1.726787339550e-01  
  1.223757857034e-05  ,1.849642634976e-01  ,1.787821836177e-01  
  1.224258908579e-05  ,1.946038915665e-01  ,1.876403248123e-01  
  1.225019761869e-05  ,1.999961456212e-01  ,1.921810474294e-01  
  1.225822189400e-05  ,1.933652045180e-01  ,1.851355696523e-01  
  1.226937839338e-05  ,1.640680965405e-01  ,1.561298066913e-01  
  1.227928319523e-05  ,1.211706013036e-01  ,1.142968779388e-01  
  1.228459471413e-05  ,9.305961469666e-02  ,8.704091466898e-02  
  1.228604701856e-05  ,8.488845579006e-02  ,7.913554717876e-02  
  1.228808288971e-05  ,7.314042327817e-02  ,6.778023656056e-02  
  1.229040262797e-05  ,5.939254933959e-02  ,5.450599782928e-02  
  1.229504210451e-05  ,3.102557231437e-02  ,2.715978584244e-02  
  1.229862359861e-05  ,8.645490240836e-03  ,5.622366648762e-03  
  1.230189850131e-05  ,-1.192156446787e-02  ,-1.414087978246e-02  
  1.230388482609e-05  ,-2.434853146546e-02  ,-2.607061080242e-02  
  1.230645304123e-05  ,-4.026849468505e-02  ,-4.133637579245e-02  
  1.230921832421e-05  ,-5.711420190567e-02  ,-5.746617380675e-02  
  1.231474889019e-05  ,-8.938948630062e-02  ,-8.831521032005e-02  
  1.232013044456e-05  ,-1.182191377342e-01  ,-1.157944025111e-01  
  1.232635987499e-05  ,-1.473322462447e-01  ,-1.434306620188e-01  
  1.232975547710e-05  ,-1.608955705396e-01  ,-1.562427674004e-01  
  1.233293016949e-05  ,-1.719246453280e-01  ,-1.666108438039e-01  
  1.233395127156e-05  ,-1.751136322807e-01  ,-1.695989760585e-01  
  1.233599161306e-05  ,-1.809429670497e-01  ,-1.750399009667e-01  
  1.234007229605e-05  ,-1.903511833448e-01  ,-1.837562500029e-01  
  1.234823366204e-05  ,-1.996921523056e-01  ,-1.920547319230e-01  
  1.235560154119e-05  ,-1.969111718233e-01  ,-1.887593277212e-01  
  1.236581032673e-05  ,-1.758323521973e-01  ,-1.676907547565e-01  
  1.237541114488e-05  ,-1.395829415299e-01  ,-1.322073623941e-01  
  1.238474523225e-05  ,-9.222145778900e-02  ,-8.623559933646e-02  
  1.238914554515e-05  ,-6.688645544384e-02  ,-6.174005298871e-02  
  1.239009530792e-05  ,-6.123359457133e-02  ,-5.628283497799e-02  
  1.239103557119e-05  ,-5.558356042336e-02  ,-5.083094949627e-02  
  1.239291609773e-05  ,-4.414297358462e-02  ,-3.979686130525e-02  
  1.239667715082e-05  ,-2.084017853323e-02  ,-1.734943581140e-02  
  1.239995615134e-05  ,-2.755091914987e-04  ,2.427488757279e-03  
  1.240462766537e-05  ,2.897416031268e-02  ,3.050628639644e-02  
  1.240618725815e-05  ,3.863134501373e-02  ,3.976767866688e-02  
  1.240785581568e-05  ,4.885999503418e-02  ,4.957203017874e-02  
  1.241119293073e-05  ,6.888688668229e-02  ,6.873753427364e-02  
  1.241637480953e-05  ,9.840770793945e-02  ,9.692835607294e-02  
  1.242068869570e-05  ,1.210300436974e-01  ,1.184686563792e-01  
  1.242563066581e-05  ,1.441953905005e-01  ,1.404555838740e-01  
  1.242859413424e-05  ,1.564552062110e-01  ,1.520461306106e-01  
  1.243195285597e-05  ,1.687066802027e-01  ,1.635841712941e-01  
  1.243298252621e-05  ,1.720924912775e-01  ,1.667625111479e-01  
  1.243473005989e-05  ,1.774249003134e-01  ,1.717517425371e-01  
  1.243822512725e-05  ,1.864713601375e-01  ,1.801740723721e-01  
  1.244521526197e-05  ,1.977447319155e-01  ,1.904390617073e-01  
  1.245225233534e-05  ,1.994995224102e-01  ,1.915348025142e-01  
  1.245957551101e-05  ,1.910185578802e-01  ,1.827727383037e-01  
  1.246983645061e-05  ,1.624052751247e-01  ,1.545001124814e-01  
  1.247896639207e-05  ,1.227481953408e-01  ,1.158303571786e-01  
  1.248390761712e-05  ,9.685898818369e-02  ,9.072125764775e-02  
  1.248663564721e-05  ,8.152534089324e-02  ,7.588475107296e-02  
  1.248835524121e-05  ,7.154506443614e-02  ,6.623989329464e-02  
  1.249064070681e-05  ,5.796248911111e-02  ,5.312720551590e-02  
  1.249521163800e-05  ,2.997282191120e-02  ,2.614571221992e-02  
  1.249891569415e-05  ,6.811577077728e-03  ,3.858433953359e-03  
  1.250215744177e-05  ,-1.354523001975e-02  ,-1.570044177610e-02  
  1.250405137935e-05  ,-2.538689433457e-02  ,-2.706717495396e-02  
  1.250644823113e-05  ,-4.023889044201e-02  ,-4.131171978113e-02  
  1.250956033865e-05  ,-5.917031836434e-02  ,-5.944627748776e-02  
  1.251578455368e-05  ,-9.516229001873e-02  ,-9.383302020230e-02  
  1.252088149586e-05  ,-1.219922262485e-01  ,-1.193882320766e-01  
  1.252623771825e-05  ,-1.468121089318e-01  ,-1.429410578981e-01  
  1.252940458754e-05  ,-1.595762652999e-01  ,-1.550018308401e-01  
  1.253238742748e-05  ,-1.701573966624e-01  ,-1.649535667913e-01  
  1.253334147432e-05  ,-1.732306507697e-01  ,-1.678359177246e-01  
  1.253524956802e-05  ,-1.789077147440e-01  ,-1.731419185311e-01  
  1.253906575540e-05  ,-1.883157028855e-01  ,-1.818828148738e-01  
  1.254669813016e-05  ,-1.989249462338e-01  ,-1.914478145040e-01  
  1.255380002359e-05  ,-1.985765032646e-01  ,-1.905108702193e-01  
  1.256110978821e-05  ,-1.879413668792e-01  ,-1.796917540679e-01  
  1.257053924301e-05  ,-1.597887639004e-01  ,-1.519386807767e-01  
  1.257909101942e-05  ,-1.221290269563e-01  ,-1.152307377626e-01  
  1.258369324306e-05  ,-9.803523741915e-02  ,-9.186238566044e-02  
  1.258615528741e-05  ,-8.427200907726e-02  ,-7.854279105679e-02  
  1.258791418323e-05  ,-7.412598032568e-02  ,-6.873525497467e-02  
  1.259020523676e-05  ,-6.057569670227e-02  ,-5.565066561281e-02  
  1.259478734383e-05  ,-3.260589278011e-02  ,-2.868259063722e-02  
  1.259850294837e-05  ,-9.402785489377e-03  ,-6.350688032702e-03  
  1.260181808421e-05  ,1.141714988342e-02  ,1.365664702500e-02  
  1.260391765782e-05  ,2.455327188011e-02  ,2.626741417704e-02  
  1.260659837672e-05  ,4.116254079970e-02  ,4.219362904249e-02  
  1.260931225070e-05  ,5.767953436776e-02  ,5.800764099005e-02  
  1.261473999867e-05  ,8.933950634092e-02  ,8.826744564213e-02  
  1.262010590681e-05  ,1.180947446974e-01  ,1.156751777177e-01  
  1.262630553493e-05  ,1.471011364324e-01  ,1.432106322171e-01  
  1.262970150957e-05  ,1.606939269844e-01  ,1.560512293403e-01  
  1.263287918219e-05  ,1.717607424220e-01  ,1.664517864803e-01  
  1.263385762969e-05  ,1.748286369173e-01  ,1.693269652008e-01  
  1.263581452468e-05  ,1.804661483101e-01  ,1.745929114758e-01  
  1.263972831467e-05  ,1.896768739784e-01  ,1.831323569724e-01  
  1.264755589464e-05  ,1.994107138878e-01  ,1.918395315744e-01  
  1.265497220257e-05  ,1.975649150741e-01  ,1.894444300247e-01  
  1.266394568184e-05  ,1.811104616053e-01  ,1.729055052012e-01  
  1.267341089943e-05  ,1.483024151965e-01  ,1.407104093070e-01  
  1.268360180357e-05  ,9.853560708059e-02  ,9.234918060497e-02  
  1.268873599866e-05  ,6.930594023348e-02  ,6.407523373822e-02  
  1.268988562325e-05  ,6.248647550505e-02  ,5.749081796645e-02  
  1.269102612087e-05  ,5.564059685401e-02  ,5.088475082020e-02  
  1.269330711612e-05  ,4.174345195065e-02  ,3.748217189671e-02  
  1.269786910662e-05  ,1.337879990209e-02  ,1.017365911081e-02  
  1.270167858848e-05  ,-1.054199481617e-02  ,-1.281704046460e-02  
  1.270443828353e-05  ,-2.779628624625e-02  ,-2.938041047758e-02  
  1.270736785182e-05  ,-4.588130282967e-02  ,-4.671803618326e-02  
  1.271028922448e-05  ,-6.352913224815e-02  ,-6.360639468562e-02  
  1.271613196978e-05  ,-9.707652990224e-02  ,-9.565052409741e-02  
  1.272081763992e-05  ,-1.216740426855e-01  ,-1.190804519434e-01  
  1.272593097338e-05  ,-1.454964900176e-01  ,-1.416841130086e-01  
  1.272898235866e-05  ,-1.579630412728e-01  ,-1.534677752971e-01  
  1.273213805208e-05  ,-1.693287752694e-01  ,-1.641677279933e-01  
  1.273304376328e-05  ,-1.722882151969e-01  ,-1.669452953857e-01  
  1.273485518569e-05  ,-1.777863783261e-01  ,-1.720893597151e-01  
  1.273847803050e-05  ,-1.870399684989e-01  ,-1.807002157518e-01  
  1.274572372013e-05  ,-1.981979007550e-01  ,-1.908321836260e-01  
  1.275271534497e-05  ,-1.992727455446e-01  ,-1.912779994535e-01  
  1.275998562151e-05  ,-1.902392012834e-01  ,-1.819908524611e-01  
  1.276995002800e-05  ,-1.619877541719e-01  ,-1.540910793493e-01  
  1.277888178402e-05  ,-1.231674697402e-01  ,-1.162380408454e-01  
  1.278372168118e-05  ,-9.787945492075e-02  ,-9.171004100994e-02  
  1.278659425253e-05  ,-8.176277313444e-02  ,-7.611477087696e-02  
  1.278765391135e-05  ,-7.564235427098e-02  ,-7.019904279081e-02  
  1.278935636902e-05  ,-6.563662548115e-02  ,-6.053017712665e-02  
  1.279276128435e-05  ,-4.509118001689e-02  ,-4.070833597332e-02  
  1.279957111502e-05  ,-2.694682288501e-03  ,1.015810578334e-04  
  1.280353333378e-05  ,2.215502762127e-02  ,2.396770238737e-02  
  1.280573200011e-05  ,3.582088758829e-02  ,3.707789715021e-02  
  1.280786621892e-05  ,4.892337734954e-02  ,4.963208124772e-02  
  1.281213465655e-05  ,7.441090729254e-02  ,7.401302305983e-02  
  1.281740817750e-05  ,1.040073584794e-01  ,1.022545206471e-01  
  1.282175484622e-05  ,1.262941712146e-01  ,1.234671912639e-01  
  1.282685253346e-05  ,1.494078613140e-01  ,1.453875807910e-01  
  1.282948519611e-05  ,1.598810659780e-01  ,1.552775733774e-01  
  1.283213834786e-05  ,1.693297642765e-01  ,1.641693965172e-01  
  1.283404830420e-05  ,1.754073484337e-01  ,1.698686560713e-01  
  1.283641609871e-05  ,1.820630854440e-01  ,1.760836324961e-01  
  1.284115168774e-05  ,1.923224568422e-01  ,1.855651677046e-01  
  1.284808072770e-05  ,1.996365527744e-01  ,1.920142718623e-01  
  1.285595301116e-05  ,1.965125584576e-01  ,1.883472133689e-01  
  1.286670419896e-05  ,1.730870492144e-01  ,1.649866443833e-01  
  1.287679079497e-05  ,1.332455108534e-01  ,1.260360297233e-01  
  1.288346875036e-05  ,9.926223935362e-02  ,9.304667753715e-02  
  1.288746673191e-05  ,7.672976280498e-02  ,7.124568268797e-02  
  1.288868788207e-05  ,6.958945403385e-02  ,6.434764229293e-02  
  1.288988034749e-05  ,6.251796378352e-02  ,5.752029141297e-02  
  1.289226527834e-05  ,4.812184125803e-02  ,4.362957357895e-02  
  1.289703514004e-05  ,1.860183975153e-02  ,1.519745717409e-02  
  1.290083270097e-05  ,-5.231417752197e-03  ,-7.717160111689e-03  
  1.290532242084e-05  ,-3.328614232360e-02  ,-3.464688373401e-02  
  1.290836263025e-05  ,-5.194159271077e-02  ,-5.252014163178e-02  
  1.291163641536e-05  ,-7.149610768753e-02  ,-7.122637327350e-02  
  1.291818398559e-05  ,-1.081396196272e-01  ,-1.062019771788e-01  
  1.292304101908e-05  ,-1.324555896885e-01  ,-1.293214943007e-01  
  1.292837861502e-05  ,-1.556080849433e-01  ,-1.512478910658e-01  
  1.293112527156e-05  ,-1.658572510142e-01  ,-1.609088307598e-01  
  1.293237380260e-05  ,-1.701123933518e-01  ,-1.649077277598e-01  
  1.293415337378e-05  ,-1.757235541043e-01  ,-1.701638380543e-01  
  1.293722524816e-05  ,-1.841083986401e-01  ,-1.779845193748e-01  
  1.294336899692e-05  ,-1.956759863909e-01  ,-1.886032754436e-01  
  1.295006855899e-05  ,-1.999995360957e-01  ,-1.921932261094e-01  
  1.295770093375e-05  ,-1.941753856501e-01  ,-1.859557449509e-01  
  1.296979918653e-05  ,-1.625418110794e-01  ,-1.546335281598e-01  
  1.298007055694e-05  ,-1.171981066608e-01  ,-1.104378776942e-01  
  1.298499464566e-05  ,-9.082807420838e-02  ,-8.487983814329e-02  
  1.298645328307e-05  ,-8.257030820759e-02  ,-7.689252723990e-02  
  1.298857446337e-05  ,-7.025711219639e-02  ,-6.499380019042e-02  
  1.299127343619e-05  ,-5.414634996823e-02  ,-4.944315103770e-02  
  1.299667138183e-05  ,-2.087622846766e-02  ,-1.738780233036e-02  
  1.300085935318e-05  ,5.398819418924e-03  ,7.877639490230e-03  
  1.300581100905e-05  ,3.630917732746e-02  ,3.753806349632e-02  
  1.300893019462e-05  ,5.537690240638e-02  ,5.580634479698e-02  
  1.301248635674e-05  ,7.645748157143e-02  ,7.597726158776e-02  
  1.301872770810e-05  ,1.109975602972e-01  ,1.089293272726e-01  
  1.302375908518e-05  ,1.358020615390e-01  ,1.325046852922e-01  
  1.302921589041e-05  ,1.588587571448e-01  ,1.543239800749e-01  
  1.303208063865e-05  ,1.691365289936e-01  ,1.639940469552e-01  
  1.303326565349e-05  ,1.729920669063e-01  ,1.676116941229e-01  
  1.303501355970e-05  ,1.782399677965e-01  ,1.725209172532e-01  
  1.303850937212e-05  ,1.871096130360e-01  ,1.807679912099e-01  
  1.304550099695e-05  ,1.980056140522e-01  ,1.906646306615e-01  
  1.305275115693e-05  ,1.992534479357e-01  ,1.912496260036e-01  
  1.306007731283e-05  ,1.900606309085e-01  ,1.818084149780e-01  
  1.307001042688e-05  ,1.617648820244e-01  ,1.538716019889e-01  
  1.307893026197e-05  ,1.229273439875e-01  ,1.160044196682e-01  
  1.308375376785e-05  ,9.770359206815e-02  ,9.153955346895e-02  
  1.308651756072e-05  ,8.220229746043e-02  ,7.653970222381e-02  
  1.308755971068e-05  ,7.618993710370e-02  ,7.072818373976e-02  
  1.308929662728e-05  ,6.599108795476e-02  ,6.087256687108e-02  
  1.309277046049e-05  ,4.503500721794e-02  ,4.065427903392e-02  
  1.309971812689e-05  ,1.771037817486e-03  ,-9.894686108207e-04  
  1.310373771513e-05  ,-2.343082463014e-02  ,-2.519209254006e-02  
  1.310620385730e-05  ,-3.873367118033e-02  ,-3.987023294699e-02  
  1.310855153525e-05  ,-5.308686970324e-02  ,-5.361941128678e-02  
  1.311324689114e-05  ,-8.085085320676e-02  ,-8.016311244364e-02  
  1.311844590628e-05  ,-1.095203302573e-01  ,-1.075022215203e-01  
  1.312320012176e-05  ,-1.332029441629e-01  ,-1.300204942718e-01  
  1.312835741365e-05  ,-1.555243646668e-01  ,-1.511599840500e-01  
  1.313101801598e-05  ,-1.654797149276e-01  ,-1.605462562649e-01  
  1.313225872391e-05  ,-1.697310430255e-01  ,-1.645429729638e-01  
  1.313401333565e-05  ,-1.753016869259e-01  ,-1.697634008991e-01  
  1.313704944724e-05  ,-1.836740919734e-01  ,-1.775767521846e-01  
  1.314312167042e-05  ,-1.953486917757e-01  ,-1.883068620018e-01  
  1.314971021885e-05  ,-1.999917122428e-01  ,-1.922147298991e-01  
  1.315735898489e-05  ,-1.946789132504e-01  ,-1.864707234612e-01  
  1.316997579807e-05  ,-1.618927337843e-01  ,-1.540011209142e-01  
  1.318053625101e-05  ,-1.148146244337e-01  ,-1.081255509964e-01  
  1.318556464785e-05  ,-8.762287894333e-02  ,-8.177845354216e-02  
  1.318708642894e-05  ,-7.893090016440e-02  ,-7.337372275367e-02  
  1.318893882954e-05  ,-6.810908185714e-02  ,-6.291881717679e-02  
  1.319209638560e-05  ,-4.915116803737e-02  ,-4.461903182950e-02  
  1.319841149771e-05  ,-9.976711971101e-03  ,-6.897873959229e-03  
  1.320227983916e-05  ,1.431240772378e-02  ,1.644105464846e-02  
  1.320474039340e-05  ,2.967479619083e-02  ,3.118593896894e-02  
  1.320782009089e-05  ,4.864230020805e-02  ,4.936383421171e-02  
  1.321141276085e-05  ,7.018194985699e-02  ,6.996912646506e-02  
  1.321817788804e-05  ,1.081073888903e-01  ,1.061630079918e-01  
  1.322306472385e-05  ,1.325671485549e-01  ,1.294257396886e-01  
  1.322836283171e-05  ,1.555457661516e-01  ,1.511880596459e-01  
  1.323110427284e-05  ,1.657834843415e-01  ,1.608386737122e-01  
  1.323235243136e-05  ,1.700417408088e-01  ,1.648407137107e-01  
  1.323412920856e-05  ,1.756509985881e-01  ,1.700954202336e-01  
  1.323718953454e-05  ,1.840206242053e-01  ,1.779026088607e-01  
  1.324331018651e-05  ,1.955992306209e-01  ,1.885341885799e-01  
  1.324999410236e-05  ,1.999999965671e-01  ,1.921998659933e-01  
  1.325763243759e-05  ,1.942780445053e-01  ,1.860599772025e-01  
  1.326982605779e-05  ,1.624433768912e-01  ,1.545371015027e-01  
  1.328015256250e-05  ,1.167801969223e-01  ,1.100320284658e-01  
  1.328509527767e-05  ,9.026429539913e-02  ,8.433399794976e-02  
  1.328656658107e-05  ,8.192141440840e-02  ,7.626483108555e-02  
  1.328863150948e-05  ,6.992141164822e-02  ,6.466929740303e-02  
  1.329141392881e-05  ,5.329605028675e-02  ,4.861952257284e-02  
  1.329697876745e-05  ,1.895447441420e-02  ,1.553629415404e-02  
  1.330135002309e-05  ,-8.479902444684e-03  ,-1.083898807961e-02  
  1.330598651940e-05  ,-3.739305871766e-02  ,-3.857803603578e-02  
  1.330948009664e-05  ,-5.868852541882e-02  ,-5.897627578596e-02  
  1.331324860030e-05  ,-8.086067547051e-02  ,-8.018374177010e-02  
  1.331947803074e-05  ,-1.148880881566e-01  ,-1.126350659791e-01  
  1.332573353821e-05  ,-1.446425420946e-01  ,-1.408910104684e-01  
  1.332928560251e-05  ,-1.591244843244e-01  ,-1.545755413105e-01  
  1.333309955472e-05  ,-1.724659788750e-01  ,-1.671243932835e-01  
  1.333417839879e-05  ,-1.757985843951e-01  ,-1.702455613480e-01  
  1.333608537489e-05  ,-1.811931584980e-01  ,-1.752776049047e-01  
  1.333989932710e-05  ,-1.900148846404e-01  ,-1.834502298189e-01  
  1.334752723151e-05  ,-1.993968181844e-01  ,-1.918342919390e-01  
  1.335528626615e-05  ,-1.972483106442e-01  ,-1.891115579585e-01  
  1.336456819946e-05  ,-1.794165848017e-01  ,-1.712292435940e-01  
  1.337388887578e-05  ,-1.462707964863e-01  ,-1.387277776315e-01  
  1.338372066194e-05  ,-9.788503961012e-02  ,-9.170880274754e-02  
  1.338821634227e-05  ,-7.235935732384e-02  ,-6.701759733538e-02  
  1.338922831738e-05  ,-6.639610255572e-02  ,-6.125888310441e-02  
  1.339039228433e-05  ,-5.945460541078e-02  ,-5.455916485032e-02  
  1.339254959995e-05  ,-4.638598135653e-02  ,-4.195267357255e-02  
  1.339686423117e-05  ,-1.967076368835e-02  ,-1.622395134735e-02  
  1.340034439737e-05  ,2.163870251443e-03  ,4.771013153368e-03  
  1.340494513088e-05  ,3.094633835423e-02  ,3.240332092029e-02  
  1.340769812042e-05  ,4.789859319940e-02  ,4.864839563631e-02  
  1.341064557010e-05  ,6.564813438396e-02  ,6.563495633232e-02  
  1.341654046947e-05  ,9.931252669843e-02  ,9.778958008114e-02  
  1.342112406665e-05  ,1.231964305608e-01  ,1.205279022457e-01  
  1.342625528151e-05  ,1.468870256599e-01  ,1.430036231000e-01  
  1.342932566577e-05  ,1.592768513877e-01  ,1.547069504034e-01  
  1.343220419759e-05  ,1.695495775552e-01  ,1.643750728377e-01  
  1.343315172517e-05  ,1.726317259584e-01  ,1.672673792038e-01  
  1.343504678035e-05  ,1.783345535876e-01  ,1.726015910688e-01  
  1.343883689070e-05  ,1.878265305825e-01  ,1.814274867327e-01  
  1.344641711140e-05  ,1.987343670399e-01  ,1.912865758863e-01  
  1.345337818885e-05  ,1.988747217600e-01  ,1.908319689874e-01  
  1.346058066511e-05  ,1.890522920542e-01  ,1.808010166100e-01  
  1.347017850304e-05  ,1.611416172246e-01  ,1.532632229753e-01  
  1.347885544920e-05  ,1.232977942657e-01  ,1.163661299167e-01  
  1.348355453038e-05  ,9.879397399064e-02  ,9.259720790731e-02  
  1.348644200289e-05  ,8.263485626795e-02  ,7.695928763522e-02  
  1.348748545671e-05  ,7.662110094588e-02  ,7.114608587427e-02  
  1.348918437535e-05  ,6.665647671279e-02  ,6.151599164359e-02  
  1.349258221263e-05  ,4.618663294949e-02  ,4.176521758062e-02  
  1.349937788719e-05  ,3.908601226878e-03  ,1.065706017214e-03  
  1.350333563560e-05  ,-2.092007893848e-02  ,-2.278234994433e-02  
  1.350542030805e-05  ,-3.389244958606e-02  ,-3.522899360057e-02  
  1.350746698254e-05  ,-4.648732488490e-02  ,-4.729864303908e-02  
  1.351156033152e-05  ,-7.104944420310e-02  ,-7.079726916141e-02  
  1.351722724313e-05  ,-1.030346549847e-01  ,-1.013272434035e-01  
  1.352169088596e-05  ,-1.259823034197e-01  ,-1.231704725875e-01  
  1.352681837553e-05  ,-1.492650998516e-01  ,-1.452508474427e-01  
  1.352947078222e-05  ,-1.598266387562e-01  ,-1.552231961807e-01  
  1.353215224618e-05  ,-1.693762186693e-01  ,-1.642105740334e-01  
  1.353404283100e-05  ,-1.753908245119e-01  ,-1.698510977274e-01  
  1.353641733104e-05  ,-1.820662902254e-01  ,-1.760818914330e-01  
  1.354116633111e-05  ,-1.923476842973e-01  ,-1.855842177434e-01  
  1.354813560420e-05  ,-1.996570334118e-01  ,-1.920271792207e-01  
  1.355598404580e-05  ,-1.964762091657e-01  ,-1.883086370263e-01  
  1.356682315046e-05  ,-1.727113814192e-01  ,-1.646165356293e-01  
  1.357698276216e-05  ,-1.323435971134e-01  ,-1.251581408605e-01  
  1.358330532485e-05  ,-1.001523665624e-01  ,-9.390931655154e-02  
  1.358724072152e-05  ,-7.803921804862e-02  ,-7.251191604705e-02  
  1.358843653971e-05  ,-7.106782019772e-02  ,-6.577622908899e-02  
  1.358967501247e-05  ,-6.374216037495e-02  ,-5.870265276505e-02  
  1.359215195799e-05  ,-4.881263015282e-02  ,-4.429601894467e-02  
  1.359710584903e-05  ,-1.815944236465e-02  ,-1.477193440493e-02  
  1.360105540180e-05  ,6.630070147052e-03  ,9.060874139388e-03  
  1.360549967313e-05  ,3.438379683993e-02  ,3.569245072081e-02  
  1.360875967467e-05  ,5.434659293727e-02  ,5.481936095806e-02  
  1.361218694174e-05  ,7.471574034708e-02  ,7.431165892844e-02  
  1.361859667623e-05  ,1.103117547469e-01  ,1.082752586834e-01  
  1.362356099808e-05  ,1.348857280619e-01  ,1.316410168922e-01  
  1.362895223820e-05  ,1.578468935510e-01  ,1.533714087204e-01  
  1.363175253892e-05  ,1.680273635447e-01  ,1.629531885040e-01  
  1.363294742578e-05  ,1.719800172085e-01  ,1.666638023889e-01  
  1.363468955779e-05  ,1.773073054949e-01  ,1.716503150249e-01  
  1.363817382181e-05  ,1.863545715210e-01  ,1.800698908419e-01  
  1.364514234984e-05  ,1.976756089687e-01  ,1.903780858296e-01  
  1.365211758339e-05  ,1.995575944020e-01  ,1.915955919132e-01  
  1.365948099220e-05  ,1.911936859769e-01  ,1.829482820289e-01  
  1.366979557598e-05  ,1.625550283408e-01  ,1.546485980093e-01  
  1.367897320116e-05  ,1.227144152355e-01  ,1.157989815592e-01  
  1.368393826807e-05  ,9.669044927528e-02  ,9.055905391549e-02  
  1.368666108274e-05  ,8.137937893861e-02  ,7.574441360114e-02  
  1.368838533336e-05  ,7.136846959498e-02  ,6.606997454470e-02  
  1.369067340666e-05  ,5.776581692356e-02  ,5.293797440549e-02  
  1.369524955326e-05  ,2.973726251181e-02  ,2.591922736857e-02  
  1.369893386537e-05  ,6.697469061320e-03  ,3.748995381510e-03  
  1.370217673057e-05  ,-1.366614441074e-02  ,-1.581632436168e-02  
  1.370406843299e-05  ,-2.549317509378e-02  ,-2.716893961497e-02  
  1.370644479567e-05  ,-4.021774595681e-02  ,-4.129126690156e-02  
  1.370958968574e-05  ,-5.934643184596e-02  ,-5.961458339780e-02  
  1.371587946588e-05  ,-9.568638507419e-02  ,-9.433278617995e-02  
  1.372097044760e-05  ,-1.224346394057e-01  ,-1.198085235518e-01  
  1.372632592493e-05  ,-1.471879059757e-01  ,-1.432964862760e-01  
  1.372950061733e-05  ,-1.599392605589e-01  ,-1.553438862510e-01  
  1.373240969652e-05  ,-1.702308847406e-01  ,-1.650222741864e-01  
  1.373342185789e-05  ,-1.734825186869e-01  ,-1.680716708503e-01  
  1.373534448022e-05  ,-1.791734823916e-01  ,-1.733895934970e-01  
  1.373918972486e-05  ,-1.885766103258e-01  ,-1.821232559980e-01  
  1.374688021415e-05  ,-1.990401538526e-01  ,-1.915430064174e-01  
  1.375401265496e-05  ,-1.984129589028e-01  ,-1.903357489694e-01  
  1.376162416810e-05  ,-1.868116125502e-01  ,-1.785653808298e-01  
  1.377113110894e-05  ,-1.575247617209e-01  ,-1.497230866316e-01  
  1.377973652953e-05  ,-1.188922822530e-01  ,-1.120867332072e-01  
  1.378384477967e-05  ,-9.720422857440e-02  ,-9.105744314180e-02  
  1.378505903804e-05  ,-9.046742779735e-02  ,-8.453652618660e-02  
  1.378731470132e-05  ,-7.761102505146e-02  ,-7.210374734809e-02  
  1.378952640617e-05  ,-6.462649175290e-02  ,-5.956103994283e-02  
  1.379394981587e-05  ,-3.778594728900e-02  ,-3.367402800667e-02  
  1.379821452820e-05  ,-1.121256824242e-02  ,-8.091754371446e-03  
  1.380178894424e-05  ,1.123435189165e-02  ,1.348108063709e-02  
  1.380416083658e-05  ,2.606891986305e-02  ,2.772234045283e-02  
  1.380715336227e-05  ,4.456853515277e-02  ,4.545821544102e-02  
  1.380998011255e-05  ,6.168454611038e-02  ,6.184064711424e-02  
  1.381563361311e-05  ,9.432707151965e-02  ,9.302638028776e-02  
  1.382126401687e-05  ,1.238879411652e-01  ,1.211864748618e-01  
  1.382699649358e-05  ,1.500076433239e-01  ,1.459559126689e-01  
  1.382991376841e-05  ,1.614843381612e-01  ,1.567905759514e-01  
  1.383278857493e-05  ,1.714683907350e-01  ,1.661785420679e-01  
  1.383493583226e-05  ,1.780179039882e-01  ,1.723115064274e-01  
  1.383741501296e-05  ,1.845708992706e-01  ,1.784164540210e-01  
  1.384237337434e-05  ,1.942867137559e-01  ,1.873530595725e-01  
  1.384985673749e-05  ,1.999979743515e-01  ,1.922162527075e-01  
  1.385789442384e-05  ,1.938805359588e-01  ,1.856598023767e-01  
  1.386933851564e-05  ,1.642112564239e-01  ,1.562708620255e-01  
  1.387942511165e-05  ,1.204599938947e-01  ,1.136064439567e-01  
  1.388482603753e-05  ,9.177064350835e-02  ,8.579267334774e-02  
  1.388630739921e-05  ,8.340428980993e-02  ,7.769955705460e-02  
  1.388849079186e-05  ,7.074908728402e-02  ,6.546949990592e-02  
  1.389082990164e-05  ,5.682374267454e-02  ,5.202663312542e-02  
  1.389550812119e-05  ,2.812972757616e-02  ,2.436920326963e-02  
  1.389894358391e-05  ,6.636439627057e-03  ,3.688876001597e-03  
  1.390217266554e-05  ,-1.364066261725e-02  ,-1.579286177441e-02  
  1.390403102660e-05  ,-2.526004345630e-02  ,-2.694597447686e-02  
  1.390636194074e-05  ,-3.970765156350e-02  ,-4.080274287134e-02  
  1.390946957791e-05  ,-5.862534063817e-02  ,-5.892442295137e-02  
  1.391568485224e-05  ,-9.461083822249e-02  ,-9.331135986498e-02  
  1.392136741006e-05  ,-1.243972817639e-01  ,-1.216744100229e-01  
  1.392735693181e-05  ,-1.514958545235e-01  ,-1.473668203289e-01  
  1.393032449806e-05  ,-1.629933948386e-01  ,-1.582179709915e-01  
  1.393323543990e-05  ,-1.728967208395e-01  ,-1.675189990639e-01  
  1.393591839397e-05  ,-1.807464994680e-01  ,-1.748584333347e-01  
  1.393840837801e-05  ,-1.868845437387e-01  ,-1.805611085850e-01  
  1.394338834608e-05  ,-1.957010937132e-01  ,-1.886278821014e-01  
  1.395122188652e-05  ,-1.998526642427e-01  ,-1.919560695702e-01  
  1.395945179784e-05  ,-1.912474377078e-01  ,-1.830002010491e-01  
  1.396995562637e-05  ,-1.619671206854e-01  ,-1.540704053734e-01  
  1.397941786373e-05  ,-1.204963440240e-01  ,-1.136423383727e-01  
  1.398446563208e-05  ,-9.377674861928e-02  ,-8.773587530782e-02  
  1.398584119552e-05  ,-8.605762938432e-02  ,-8.026715435772e-02  
  1.398797839457e-05  ,-7.375111159300e-02  ,-6.837098100358e-02  
  1.399027466351e-05  ,-6.015982150232e-02  ,-5.524707988228e-02  
  1.399486720139e-05  ,-3.211074379645e-02  ,-2.820532430342e-02  
  1.399853996509e-05  ,-9.170453457435e-03  ,-6.127393554289e-03  
  1.400184355253e-05  ,1.157690743220e-02  ,1.380982384827e-02  
  1.400389879519e-05  ,2.443564665869e-02  ,2.615425097366e-02  
  1.400653779083e-05  ,4.078994377442e-02  ,4.183624798021e-02  
  1.400927215391e-05  ,5.743825766968e-02  ,5.777646318256e-02  
  1.401474088007e-05  ,8.934446109268e-02  ,8.827215781452e-02  
  1.402011349374e-05  ,1.181332137943e-01  ,1.157121464828e-01  
  1.402632653290e-05  ,1.471904922503e-01  ,1.432957606778e-01  
  1.402972660536e-05  ,1.607877520426e-01  ,1.561402993622e-01  
  1.403290316039e-05  ,1.718378772608e-01  ,1.665248122721e-01  
  1.403389930302e-05  ,1.749556550543e-01  ,1.694465181073e-01  
  1.403589158827e-05  ,1.806743329699e-01  ,1.747875072592e-01  
  1.403987615877e-05  ,1.899694127933e-01  ,1.834017214774e-01  
  1.404784529978e-05  ,1.995419555600e-01  ,1.919413797522e-01  
  1.405523851091e-05  ,1.972976909209e-01  ,1.891654539737e-01  
  1.406472459012e-05  ,1.789802333131e-01  ,1.707990556739e-01  
  1.407404973680e-05  ,1.455796228468e-01  ,1.380538563614e-01  
  1.408379062587e-05  ,9.750145554827e-02  ,9.134807399600e-02  
  1.408870577389e-05  ,6.948404991633e-02  ,6.424824155153e-02  
  1.408980156803e-05  ,6.298795313989e-02  ,5.797583405614e-02  
  1.409088842148e-05  ,5.647110871655e-02  ,5.168688831066e-02  
  1.409306212837e-05  ,4.324760261683e-02  ,3.893286660923e-02  
  1.409740954214e-05  ,1.625836642092e-02  ,1.294440835832e-02  
  1.410099960440e-05  ,-6.279667438477e-03  ,-8.722497161655e-03  
  1.410510636443e-05  ,-3.194679655131e-02  ,-3.336035675738e-02  
  1.410825348967e-05  ,-5.127906824656e-02  ,-5.188385157032e-02  
  1.411145463163e-05  ,-7.042824133119e-02  ,-7.020387675783e-02  
  1.411785691553e-05  ,-1.064052059104e-01  ,-1.045446630623e-01  
  1.412259846503e-05  ,-1.303594308646e-01  ,-1.273324334781e-01  
  1.412786975080e-05  ,-1.535797049287e-01  ,-1.493359753764e-01  
  1.413058660501e-05  ,-1.639422296330e-01  ,-1.591078043251e-01  
  1.413193888539e-05  ,-1.686595194863e-01  ,-1.635441339048e-01  
  1.413381307894e-05  ,-1.746925171677e-01  ,-1.691991080240e-01  
  1.413648038679e-05  ,-1.822299084100e-01  ,-1.762380555417e-01  
  1.414181500250e-05  ,-1.934242916494e-01  ,-1.865679259028e-01  
  1.414836257273e-05  ,-1.997354376668e-01  ,-1.920841741319e-01  
  1.415613501841e-05  ,-1.962967191397e-01  ,-1.881239739558e-01  
  1.416763424450e-05  ,-1.700857989246e-01  ,-1.620346197049e-01  
  1.417794137770e-05  ,-1.277683884145e-01  ,-1.207075206123e-01  
  1.418377965266e-05  ,-9.756164846029e-02  ,-9.139943095403e-02  
  1.418947040612e-05  ,-6.495937438201e-02  ,-5.987933033854e-02  
  1.419071353549e-05  ,-5.752438012866e-02  ,-5.270336417477e-02  
  1.419193990105e-05  ,-5.010363797720e-02  ,-4.554536733047e-02  
  1.419439263219e-05  ,-3.505018962654e-02  ,-3.103386261233e-02  
  1.419929809445e-05  ,-4.409845230423e-03  ,-1.549827573524e-03  
  1.420305244201e-05  ,1.914967751914e-02  ,2.108030699664e-02  
  1.420492626303e-05  ,3.082921048058e-02  ,3.228770163007e-02  
  1.420692711645e-05  ,4.318162217331e-02  ,4.412832701418e-02  
  1.421092882329e-05  ,6.732663767664e-02  ,6.723554068563e-02  
  1.421709343368e-05  ,1.023131520067e-01  ,1.006405626350e-01  
  1.422179176980e-05  ,1.264739771638e-01  ,1.236412505512e-01  
  1.422700494105e-05  ,1.500427428821e-01  ,1.459905369892e-01  
  1.422968864018e-05  ,1.606457737501e-01  ,1.560002415055e-01  
  1.423231534237e-05  ,1.699189440630e-01  ,1.647241407530e-01  
  1.423435866410e-05  ,1.763358447680e-01  ,1.707387613056e-01  
  1.423674918288e-05  ,1.829193559522e-01  ,1.768815089488e-01  
  1.424153022045e-05  ,1.929615011364e-01  ,1.861475238314e-01  
  1.424854270691e-05  ,1.997904355075e-01  ,1.921260801622e-01  
  1.425653867000e-05  ,1.957951462251e-01  ,1.876106200278e-01  
  1.426866225475e-05  ,1.665995870456e-01  ,1.586116497770e-01  
  1.427916161293e-05  ,1.217774760736e-01  ,1.148843186137e-01  
  1.428484119052e-05  ,9.168603872224e-02  ,8.570908813475e-02  
  1.428739189678e-05  ,7.716377292141e-02  ,7.166455640138e-02  
  1.428926124746e-05  ,6.620089569317e-02  ,6.107494741198e-02  
  1.429158173078e-05  ,5.227910773264e-02  ,4.764125187378e-02  
  1.429622269744e-05  ,2.367782880139e-02  ,2.008302898335e-02  
  1.429974719459e-05  ,1.588406550278e-03  ,-1.163800736000e-03  
  1.430393814617e-05  ,-2.468102511358e-02  ,-2.638967532928e-02  
  1.430604889566e-05  ,-3.777799733858e-02  ,-3.895075586039e-02  
  1.430811307901e-05  ,-5.042583696884e-02  ,-5.107180893400e-02  
  1.431224144572e-05  ,-7.503329473000e-02  ,-7.461426079226e-02  
  1.431746132249e-05  ,-1.042924289554e-01  ,-1.025397132898e-01  
  1.432183034295e-05  ,-1.266616341726e-01  ,-1.238214840121e-01  
  1.432699210519e-05  ,-1.499894052151e-01  ,-1.459408148418e-01  
  1.432963966900e-05  ,-1.604622988762e-01  ,-1.558269419897e-01  
  1.433223731393e-05  ,-1.696598492161e-01  ,-1.644805216331e-01  
  1.433425306851e-05  ,-1.760218140698e-01  ,-1.704446642387e-01  
  1.433663129383e-05  ,-1.826185798582e-01  ,-1.766014267345e-01  
  1.434138774449e-05  ,-1.927241689414e-01  ,-1.859309791655e-01  
  1.434832796031e-05  ,-1.997241372601e-01  ,-1.920769703891e-01  
  1.435629710132e-05  ,-1.960991050867e-01  ,-1.879210502649e-01  
  1.436786189252e-05  ,-1.693289605163e-01  ,-1.612910866665e-01  
  1.437818243676e-05  ,-1.265994819065e-01  ,-1.195710110766e-01  
  1.438394546086e-05  ,-9.665088562098e-02  ,-9.051723555885e-02  
  1.438946932131e-05  ,-6.496582083306e-02  ,-5.988543161825e-02  
  1.439043081874e-05  ,-5.922338868866e-02  ,-5.434277168460e-02  
  1.439138728702e-05  ,-5.345737392928e-02  ,-4.877990647324e-02  
  1.439330022359e-05  ,-4.178580423469e-02  ,-3.752498511296e-02  
  1.439712609673e-05  ,-1.803274415663e-02  ,-1.464794477472e-02  
  1.440048295581e-05  ,3.034384445978e-03  ,5.608035024649e-03  
  1.440462175333e-05  ,2.893740527034e-02  ,3.047095086850e-02  
  1.440729725683e-05  ,4.544945837642e-02  ,4.629999047242e-02  
  1.441003832543e-05  ,6.203237392065e-02  ,6.218314866335e-02  
  1.441552046263e-05  ,9.369956970427e-02  ,9.244102664848e-02  
  1.442099887455e-05  ,1.225758231188e-01  ,1.199375454542e-01  
  1.442675295794e-05  ,1.489912104574e-01  ,1.449872748150e-01  
  1.442987214351e-05  ,1.613298999149e-01  ,1.566354094621e-01  
  1.443295407617e-05  ,1.720013434427e-01  ,1.666724374160e-01  
  1.443418230438e-05  ,1.758102843945e-01  ,1.702417423796e-01  
  1.443608332002e-05  ,1.811876921820e-01  ,1.752600748370e-01  
  1.443988535130e-05  ,1.899874667618e-01  ,1.834162965068e-01  
  1.444748941386e-05  ,1.993782370375e-01  ,1.918127855817e-01  
  1.445521417582e-05  ,1.973226832933e-01  ,1.891856907207e-01  
  1.446441564286e-05  ,1.798380658082e-01  ,1.716444632625e-01  
  1.447375569069e-05  ,1.468402285553e-01  ,1.392828298967e-01  
  1.448368135417e-05  ,9.810034093986e-02  ,9.192760487635e-02  
  1.448868143880e-05  ,6.962740712562e-02  ,6.438617007172e-02  
  1.448979921216e-05  ,6.300200208863e-02  ,5.798889890696e-02  
  1.449090785855e-05  ,5.635394081173e-02  ,5.157338835195e-02  
  1.449312515134e-05  ,4.286090183192e-02  ,3.855966465254e-02  
  1.449755973691e-05  ,1.531761071481e-02  ,1.203902676057e-02  
  1.450122579509e-05  ,-7.699994213843e-03  ,-1.008713422534e-02  
  1.450465715998e-05  ,-2.915751294981e-02  ,-3.068612975784e-02  
  1.450755655342e-05  ,-4.703451658739e-02  ,-4.781937369326e-02  
  1.451046563262e-05  ,-6.457915143288e-02  ,-6.460988038329e-02  
  1.451628379101e-05  ,-9.790943732033e-02  ,-9.644538701179e-02  
  1.452090091580e-05  ,-1.220888952740e-01  ,-1.194701721631e-01  
  1.452598221177e-05  ,-1.457171931149e-01  ,-1.418949561281e-01  
  1.452902018601e-05  ,-1.581087071794e-01  ,-1.536080275125e-01  
  1.453211888248e-05  ,-1.692646479617e-01  ,-1.641063969358e-01  
  1.453298762017e-05  ,-1.721087967303e-01  ,-1.667758906185e-01  
  1.453472509557e-05  ,-1.774105022194e-01  ,-1.717364144493e-01  
  1.453820004636e-05  ,-1.864143280192e-01  ,-1.801198742011e-01  
  1.454514994794e-05  ,-1.976828606202e-01  ,-1.903842959625e-01  
  1.455215721899e-05  ,-1.995408844667e-01  ,-1.915821349517e-01  
  1.455951988274e-05  ,-1.911218321146e-01  ,-1.828762402226e-01  
  1.456980466419e-05  ,-1.625217548152e-01  ,-1.546141837603e-01  
  1.457895993763e-05  ,-1.227802108416e-01  ,-1.158614260704e-01  
  1.458391457373e-05  ,-9.682074408692e-02  ,-9.068417940568e-02  
  1.458665787750e-05  ,-8.139777508623e-02  ,-7.576135841569e-02  
  1.458838399076e-05  ,-7.137634993016e-02  ,-6.607686016790e-02  
  1.459066349590e-05  ,-5.782543132425e-02  ,-5.299490449357e-02  
  1.459522250617e-05  ,-2.990530467871e-02  ,-2.608067698095e-02  
  1.459892097437e-05  ,-6.778419589887e-03  ,-3.826556164798e-03  
  1.460216272199e-05  ,1.357833029926e-02  ,1.573221534301e-02  
  1.460405591452e-05  ,2.541515888474e-02  ,2.709427678160e-02  
  1.460644680583e-05  ,4.023011812838e-02  ,4.130328925374e-02  
  1.460956822658e-05  ,5.921765920453e-02  ,5.949153301955e-02  
  1.461581106806e-05  ,9.530878496914e-02  ,9.397271967330e-02  
  1.462090652013e-05  ,1.221167841754e-01  ,1.195065556606e-01  
  1.462626274252e-05  ,1.469188373563e-01  ,1.430419979604e-01  
  1.462943184698e-05  ,1.596794545027e-01  ,1.550990642928e-01  
  1.463239345276e-05  ,1.701772883875e-01  ,1.649721522421e-01  
  1.463336482221e-05  ,1.733039212099e-01  ,1.679044972354e-01  
  1.463530756110e-05  ,1.790702927979e-01  ,1.732935280760e-01  
  1.463919303888e-05  ,1.885835458070e-01  ,1.821298584517e-01  
  1.464696399444e-05  ,1.990909754589e-01  ,1.915849438666e-01  
  1.465403757566e-05  ,1.983932114859e-01  ,1.903147433947e-01  
  1.466171018356e-05  ,1.866179241886e-01  ,1.783724752667e-01  
  1.467124543661e-05  ,1.570811356154e-01  ,1.492890979325e-01  
  1.467987469906e-05  ,1.181930682266e-01  ,1.114076919011e-01  
  1.468397549862e-05  ,9.648561081289e-02  ,9.036134748001e-02  
  1.468516125852e-05  ,8.989415553946e-02  ,8.398155519704e-02  
  1.468732006425e-05  ,7.757996824920e-02  ,7.207352627505e-02  
  1.468964427286e-05  ,6.392520125951e-02  ,5.888428628267e-02  
  1.469429269010e-05  ,3.566825215081e-02  ,3.163380315763e-02  
  1.469828098589e-05  ,1.079563486368e-02  ,7.691059243979e-03  
  1.470176003450e-05  ,-1.105298880770e-02  ,-1.330649691545e-02  
  1.470404102975e-05  ,-2.532239053802e-02  ,-2.700544268913e-02  
  1.470692701215e-05  ,-4.318098224392e-02  ,-4.412813328685e-02  
  1.470967106098e-05  ,-5.983450472478e-02  ,-6.007010586125e-02  
  1.471515915865e-05  ,-9.168798846871e-02  ,-9.050843446826e-02  
  1.472065694207e-05  ,-1.208711482005e-01  ,-1.183137758878e-01  
  1.472656972283e-05  ,-1.482206982041e-01  ,-1.442651913468e-01  
  1.472991726869e-05  ,-1.614973124555e-01  ,-1.568034547991e-01  
  1.473294555718e-05  ,-1.719740236778e-01  ,-1.666534166716e-01  
  1.473486817950e-05  ,-1.778237590085e-01  ,-1.721305335576e-01  
  1.473741218024e-05  ,-1.845640434898e-01  ,-1.784104320940e-01  
  1.474250018173e-05  ,-1.944742506411e-01  ,-1.875231327897e-01  
  1.475040375763e-05  ,-1.999839107644e-01  ,-1.921520332743e-01  
  1.475820600563e-05  ,-1.933906804633e-01  ,-1.851613935204e-01  
  1.476956814104e-05  ,-1.633833843839e-01  ,-1.554584826228e-01  
  1.477951317602e-05  ,-1.200178309654e-01  ,-1.131768686911e-01  
  1.478483736092e-05  ,-9.170742275804e-02  ,-8.573153329433e-02  
  1.478631108576e-05  ,-8.338323624163e-02  ,-7.767924792167e-02  
  1.478875636631e-05  ,-6.918588170123e-02  ,-6.395968137920e-02  
  1.479102618569e-05  ,-5.564020565589e-02  ,-5.088471761800e-02  
  1.479556582445e-05  ,-2.777072530136e-02  ,-2.402367111779e-02  
  1.479897558266e-05  ,-6.435492926131e-03  ,-3.495870428560e-03  
  1.480220466429e-05  ,1.384124162322e-02  ,1.598525735871e-02  
  1.480405930007e-05  ,2.543625828824e-02  ,2.711482477868e-02  
  1.480635854924e-05  ,3.968676609249e-02  ,4.078249566538e-02  
  1.480952467346e-05  ,5.895622198025e-02  ,5.924073068695e-02  
  1.481585692191e-05  ,9.556197655605e-02  ,9.421857030090e-02  
  1.482157598758e-05  ,1.254207864377e-01  ,1.226459238252e-01  
  1.482755954885e-05  ,1.523239220514e-01  ,1.481481072734e-01  
  1.483052040958e-05  ,1.637036469069e-01  ,1.588855567610e-01  
  1.483300815845e-05  ,1.721744937303e-01  ,1.668430808488e-01  
  1.483569595540e-05  ,1.801437721053e-01  ,1.742981997659e-01  
  1.483823064291e-05  ,1.864838868300e-01  ,1.801919748119e-01  
  1.484330001795e-05  ,1.955858915344e-01  ,1.885243041241e-01  
  1.485159251416e-05  ,1.997497490358e-01  ,1.918260179447e-01  
  1.485955569470e-05  ,1.910554138952e-01  ,1.828073198877e-01  
  1.486997607672e-05  ,1.618917057489e-01  ,1.539964216558e-01  
  1.487933698618e-05  ,1.209015405893e-01  ,1.140359821286e-01  
  1.488434452140e-05  ,9.444819439790e-02  ,8.838614799623e-02  
  1.488573442721e-05  ,8.666271035026e-02  ,8.085272530012e-02  
  1.488779972816e-05  ,7.479342526909e-02  ,6.937834995831e-02  
  1.489007848823e-05  ,6.133419214528e-02  ,5.638077314091e-02  
  1.489463600838e-05  ,3.354366792095e-02  ,2.958565701494e-02  
  1.489843729460e-05  ,9.814823862008e-03  ,6.747035549698e-03  
  1.490178856575e-05  ,-1.123197752595e-02  ,-1.347870975937e-02  
  1.490393433297e-05  ,-2.465724898367e-02  ,-2.636716787300e-02  
  1.490667018616e-05  ,-4.160396831451e-02  ,-4.261669093504e-02  
  1.490938890302e-05  ,-5.814052368444e-02  ,-5.844886302215e-02  
  1.491482633674e-05  ,-8.982452415725e-02  ,-8.873032787839e-02  
  1.492021832192e-05  ,-1.186640514407e-01  ,-1.162163297794e-01  
  1.492635014975e-05  ,-1.472909160420e-01  ,-1.433891969017e-01  
  1.492973085070e-05  ,-1.608036141192e-01  ,-1.561535379151e-01  
  1.493287499571e-05  ,-1.717472650475e-01  ,-1.664379826134e-01  
  1.493389181370e-05  ,-1.749328500850e-01  ,-1.694234598350e-01  
  1.493591613644e-05  ,-1.807404266825e-01  ,-1.748501601090e-01  
  1.493996478194e-05  ,-1.901428070764e-01  ,-1.835605813262e-01  
  1.494806207293e-05  ,-1.996294554308e-01  ,-1.920069557103e-01  
  1.495540163988e-05  ,-1.971271791654e-01  ,-1.889825925445e-01  
  1.496524832720e-05  ,-1.774875342563e-01  ,-1.693256036731e-01  
  1.497465841049e-05  ,-1.429308262188e-01  ,-1.354723487631e-01  
  1.498414001936e-05  ,-9.557885892901e-02  ,-8.948700350490e-02  
  1.498885772699e-05  ,-6.858798389207e-02  ,-6.338359457484e-02  
  1.498997177505e-05  ,-6.197203735359e-02  ,-5.699588826068e-02  
  1.499100666070e-05  ,-5.575803130075e-02  ,-5.099953943104e-02  
  1.499307643199e-05  ,-4.315985224744e-02  ,-3.884896738239e-02  
  1.499721597457e-05  ,-1.747025399672e-02  ,-1.411089730915e-02  
  1.500069204295e-05  ,4.347891530654e-03  ,6.866162021042e-03  
  1.500487032855e-05  ,3.048191676896e-02  ,3.195514874859e-02  
  1.500772837126e-05  ,4.808311177343e-02  ,4.882281859627e-02  
  1.501067507589e-05  ,6.582322478273e-02  ,6.580045565624e-02  
  1.501656848514e-05  ,9.946528038411e-02  ,9.793403727768e-02  
  1.502113643610e-05  ,1.232576456351e-01  ,1.205797047961e-01  
  1.502625796521e-05  ,1.468984691428e-01  ,1.430082998231e-01  
  1.502932574177e-05  ,1.592771401728e-01  ,1.547022134771e-01  
  1.503219831312e-05  ,1.695299640918e-01  ,1.643542552529e-01  
  1.503314882094e-05  ,1.726225112985e-01  ,1.672566530038e-01  
  1.503504983658e-05  ,1.783432455212e-01  ,1.726081843929e-01  
  1.503885186785e-05  ,1.878588397523e-01  ,1.814557226303e-01  
  1.504645593041e-05  ,1.987616154337e-01  ,1.913087105810e-01  
  1.505341924304e-05  ,1.988472316461e-01  ,1.908016736745e-01  
  1.506060160273e-05  ,1.890093229459e-01  ,1.807554242582e-01  
  1.507018602961e-05  ,1.611136017285e-01  ,1.532333842912e-01  
  1.507884956473e-05  ,1.233269035135e-01  ,1.163928985677e-01  
  1.508354268545e-05  ,9.885867717672e-02  ,9.265883092583e-02  
  1.508644133383e-05  ,8.263868448617e-02  ,7.696216956019e-02  
  1.508748571897e-05  ,7.661957883431e-02  ,7.114386682195e-02  
  1.508918128484e-05  ,6.667478439293e-02  ,6.153301773201e-02  
  1.509257241660e-05  ,4.624651726512e-02  ,4.182247422933e-02  
  1.509935468012e-05  ,4.054386638627e-03  ,1.205604181837e-03  
  1.510330870324e-05  ,-2.075177875968e-02  ,-2.262099555632e-02  
  1.510537512177e-05  ,-3.361260808824e-02  ,-3.496081017914e-02  
  1.510745793158e-05  ,-4.643201166524e-02  ,-4.724570073558e-02  
  1.511162355119e-05  ,-7.142061493681e-02  ,-7.115207160067e-02  
  1.511728077704e-05  ,-1.033228015843e-01  ,-1.016018063977e-01  
  1.512174292976e-05  ,-1.262361056244e-01  ,-1.234115118976e-01  
  1.512688010508e-05  ,-1.495229701121e-01  ,-1.454947035231e-01  
  1.512953102165e-05  ,-1.600538865161e-01  ,-1.554373620937e-01  
  1.513218305582e-05  ,-1.694790831568e-01  ,-1.643071235666e-01  
  1.513411983424e-05  ,-1.756228251432e-01  ,-1.700682202526e-01  
  1.513649396175e-05  ,-1.822650394254e-01  ,-1.762668359980e-01  
  1.514124221677e-05  ,-1.924777671478e-01  ,-1.857029438871e-01  
  1.514819882387e-05  ,-1.996798922221e-01  ,-1.920437303950e-01  
  1.515609792942e-05  ,-1.963412232323e-01  ,-1.881694374462e-01  
  1.516715757126e-05  ,-1.716423220708e-01  ,-1.635648006929e-01  
  1.517739168876e-05  ,-1.304063430602e-01  ,-1.232732490646e-01  
  1.518343708986e-05  ,-9.943488917957e-02  ,-9.321422875135e-02  
  1.518762804145e-05  ,-7.579280066636e-02  ,-7.034039083169e-02  
  1.518888867968e-05  ,-6.840526386904e-02  ,-6.320411138062e-02  
  1.519009790891e-05  ,-6.121803662658e-02  ,-5.626568476202e-02  
  1.519251636738e-05  ,-4.658906880476e-02  ,-4.215173014280e-02  
  1.519735328430e-05  ,-1.661064941051e-02  ,-1.328162111469e-02  
  1.520127154464e-05  ,7.987225914262e-03  ,1.036445287385e-02  
  1.520550123924e-05  ,3.439349046101e-02  ,3.570839378445e-02  
  1.520897097462e-05  ,5.562306753190e-02  ,5.604449574633e-02  
  1.521248429590e-05  ,7.644551635986e-02  ,7.595610762579e-02  
  1.521906613880e-05  ,1.127601362112e-01  ,1.105960899817e-01  
  1.522437393242e-05  ,1.386126370927e-01  ,1.351604965495e-01  
  1.522864833051e-05  ,1.566671033558e-01  ,1.522466672240e-01  
  1.523121282035e-05  ,1.661640241662e-01  ,1.611920086685e-01  
  1.523235853338e-05  ,1.700619216981e-01  ,1.648552928123e-01  
  1.523402243429e-05  ,1.753291999071e-01  ,1.697903546599e-01  
  1.523735023612e-05  ,1.844137597658e-01  ,1.782647600052e-01  
  1.524400583977e-05  ,1.964643222958e-01  ,1.893063060691e-01  
  1.525048113936e-05  ,1.999771527859e-01  ,1.921357114861e-01  
  1.525796897286e-05  ,1.937650220993e-01  ,1.855388029365e-01  
  1.526986158961e-05  ,1.623130398276e-01  ,1.544090010119e-01  
  1.527995861644e-05  ,1.177673121356e-01  ,1.109906907914e-01  
  1.528481341475e-05  ,9.184110527347e-02  ,8.586072270732e-02  
  1.528623908335e-05  ,8.379423333632e-02  ,7.807656347220e-02  
  1.528843774968e-05  ,7.106071381172e-02  ,6.577049757209e-02  
  1.529101602310e-05  ,5.570153551670e-02  ,5.094387157778e-02  
  1.529617256993e-05  ,2.399054469268e-02  ,2.038361203322e-02  
  1.530007592911e-05  ,-4.770761862194e-04  ,-3.150011926263e-03  
  1.530585981482e-05  ,-3.661069438708e-02  ,-3.782842247775e-02  
  1.530778541738e-05  ,-4.843095291390e-02  ,-4.915752531014e-02  
  1.531007311815e-05  ,-6.224016495855e-02  ,-6.238226221563e-02  
  1.531464851969e-05  ,-8.882489163118e-02  ,-8.778782079139e-02  
  1.531982890838e-05  ,-1.166856629659e-01  ,-1.143324556404e-01  
  1.532587877983e-05  ,-1.452712850609e-01  ,-1.414601120328e-01  
  1.532952658409e-05  ,-1.600371657529e-01  ,-1.554165050105e-01  
  1.533302910203e-05  ,-1.722414134091e-01  ,-1.668963056317e-01  
  1.533403157765e-05  ,-1.753568336340e-01  ,-1.698159234893e-01  
  1.533598996276e-05  ,-1.809385493595e-01  ,-1.750266640723e-01  
  1.533990673298e-05  ,-1.900293987247e-01  ,-1.834548154491e-01  
  1.534774027342e-05  ,-1.994962336767e-01  ,-1.919087831339e-01  
  1.535532943481e-05  ,-1.972032909575e-01  ,-1.890700584894e-01  
  1.536479018205e-05  ,-1.787959361784e-01  ,-1.706181823145e-01  
  1.537410936826e-05  ,-1.453224580156e-01  ,-1.378034411250e-01  
  1.538380853409e-05  ,-9.740319622571e-02  ,-9.125312021258e-02  
  1.538870133036e-05  ,-6.951022961964e-02  ,-6.427372016896e-02  
  1.538979153657e-05  ,-6.304777207563e-02  ,-5.803375859460e-02  
  1.539087280208e-05  ,-5.656524816512e-02  ,-5.177788159250e-02  
  1.539303533310e-05  ,-4.341196363429e-02  ,-3.909145145031e-02  
  1.539736039513e-05  ,-1.656612466786e-02  ,-1.324060842809e-02  
  1.540093034083e-05  ,5.844671595761e-03  ,8.304529831094e-03  
  1.540508776480e-05  ,3.183142672010e-02  ,3.324968938589e-02  
  1.540818348104e-05  ,5.085377154969e-02  ,5.147658026984e-02  
  1.541134737009e-05  ,6.979706676630e-02  ,6.960048252410e-02  
  1.541767514819e-05  ,1.054364469693e-01  ,1.036217337777e-01  
  1.542236752385e-05  ,1.292555457896e-01  ,1.262844681850e-01  
  1.542760900730e-05  ,1.525251159236e-01  ,1.483396326886e-01  
  1.543030313724e-05  ,1.629155801623e-01  ,1.581415628580e-01  
  1.543288625354e-05  ,1.717835001806e-01  ,1.664763889181e-01  
  1.543524697000e-05  ,1.789004175491e-01  ,1.731376216531e-01  
  1.543785616332e-05  ,1.856207062992e-01  ,1.793919072358e-01  
  1.544307454997e-05  ,1.952849977401e-01  ,1.882537770996e-01  
  1.545017569834e-05  ,1.999969532701e-01  ,1.921828732285e-01  
  1.545839368874e-05  ,1.930866675961e-01  ,1.848535248896e-01  
  1.546929388815e-05  ,1.643711621338e-01  ,1.564268868499e-01  
  1.547909885222e-05  ,1.220900497613e-01  ,1.151903555881e-01  
  1.548436492258e-05  ,9.433518437508e-02  ,8.827629942015e-02  
  1.548696443015e-05  ,7.963463925146e-02  ,7.405555814681e-02  
  1.548874325627e-05  ,6.926316299851e-02  ,6.403457969294e-02  
  1.549108571881e-05  ,5.528081765191e-02  ,5.053880949269e-02  
  1.549577064389e-05  ,2.649570717567e-02  ,2.279692495559e-02  
  1.549922994846e-05  ,4.837904588061e-03  ,1.960602957811e-03  
  1.550261549228e-05  ,-1.641513672859e-02  ,-1.845588375699e-02  
  1.550452507609e-05  ,-2.833622350541e-02  ,-2.989630668495e-02  
  1.550656206483e-05  ,-4.093924416665e-02  ,-4.198251166621e-02  
  1.551058165306e-05  ,-6.526865082069e-02  ,-6.527894475903e-02  
  1.551663524979e-05  ,-9.982899960669e-02  ,-9.828671840721e-02  
  1.552135742778e-05  ,-1.243481636871e-01  ,-1.216326572820e-01  
  1.552660561675e-05  ,-1.483720214501e-01  ,-1.444198835896e-01  
  1.552933848971e-05  ,-1.593255696058e-01  ,-1.547659375704e-01  
  1.553216598505e-05  ,-1.694221083969e-01  ,-1.642624685976e-01  
  1.553322992796e-05  ,-1.728793098209e-01  ,-1.675058343580e-01  
  1.553508270109e-05  ,-1.784366085008e-01  ,-1.727035333078e-01  
  1.553878824735e-05  ,-1.877213088886e-01  ,-1.813322145518e-01  
  1.554619933987e-05  ,-1.985760268872e-01  ,-1.911535553198e-01  
  1.555325205946e-05  ,-1.989571090368e-01  ,-1.909271911641e-01  
  1.556050967002e-05  ,-1.891973822907e-01  ,-1.809465123011e-01  
  1.557016115212e-05  ,-1.612061666308e-01  ,-1.533251081981e-01  
  1.557888131166e-05  ,-1.231698081096e-01  ,-1.162405064462e-01  
  1.558360050941e-05  ,-9.854268311134e-02  ,-9.235279849640e-02  
  1.558643769050e-05  ,-8.265953015606e-02  ,-7.698234226846e-02  
  1.558747630143e-05  ,-7.667423321700e-02  ,-7.119670157801e-02  
  1.558918993497e-05  ,-6.662354072671e-02  ,-6.148362021693e-02  
  1.559261720204e-05  ,-4.597270259521e-02  ,-4.155854639178e-02  
  1.559947173619e-05  ,-3.319027030933e-03  ,-4.986821466966e-04  
  1.560345034623e-05  ,2.163673589712e-02  ,2.347033023464e-02  
  1.560561511242e-05  ,3.509809632554e-02  ,3.638510222753e-02  
  1.560769084418e-05  ,4.785420448200e-02  ,4.860817611071e-02  
  1.561184230769e-05  ,7.270277896969e-02  ,7.237783081752e-02  
  1.561733189547e-05  ,1.035976741021e-01  ,1.018631165715e-01  
  1.562174114907e-05  ,1.262274273035e-01  ,1.234018943066e-01  
  1.562686640346e-05  ,1.494657812218e-01  ,1.454391478432e-01  
  1.562951098704e-05  ,1.599783713565e-01  ,1.553645054196e-01  
  1.563216488385e-05  ,1.694184314141e-01  ,1.642488344547e-01  
  1.563408862376e-05  ,1.755289158558e-01  ,1.699791984003e-01  
  1.563646051610e-05  ,1.821784247078e-01  ,1.761853758187e-01  
  1.564120430076e-05  ,1.924129083991e-01  ,1.856432004584e-01  
  1.564815271223e-05  ,1.996632970180e-01  ,1.920314109531e-01  
  1.565603840673e-05  ,1.964120889295e-01  ,1.882423492579e-01  
  1.566697287881e-05  ,1.722350873472e-01  ,1.641478384469e-01  
  1.567718762481e-05  ,1.313757884925e-01  ,1.242163904756e-01  
  1.568336117589e-05  ,9.984845930378e-02  ,9.361488434805e-02  
  1.568738299930e-05  ,7.721534600901e-02  ,7.171547918243e-02  
  1.568860098296e-05  ,7.010107973670e-02  ,6.484227607152e-02  
  1.568983573043e-05  ,6.278419131542e-02  ,5.777772876180e-02  
  1.569230522537e-05  ,4.787818251785e-02  ,4.339485392598e-02  
  1.569724421525e-05  ,1.729348397116e-02  ,1.393867017477e-02  
  1.570121313953e-05  ,-7.620535356590e-03  ,-1.001230805511e-02  
  1.570557992482e-05  ,-3.488041577136e-02  ,-3.616856542775e-02  
  1.570901874030e-05  ,-5.591128491667e-02  ,-5.631710193000e-02  
  1.571254659021e-05  ,-7.680705619055e-02  ,-7.631020941162e-02  
  1.571889001453e-05  ,-1.118444440811e-01  ,-1.097392725531e-01  
  1.572403166020e-05  ,-1.370543649077e-01  ,-1.337010619703e-01  
  1.572882163846e-05  ,-1.573416533420e-01  ,-1.528958565460e-01  
  1.573149341667e-05  ,-1.671387587534e-01  ,-1.621182413822e-01  
  1.573267079467e-05  ,-1.710862866516e-01  ,-1.658255446793e-01  
  1.573435984129e-05  ,-1.763393346872e-01  ,-1.707453507638e-01  
  1.573773793453e-05  ,-1.853428457132e-01  ,-1.791324698815e-01  
  1.574449412102e-05  ,-1.970155110243e-01  ,-1.897981522155e-01  
  1.575126073831e-05  ,-1.998431469846e-01  ,-1.919425479879e-01  
  1.575869343752e-05  ,-1.925872112529e-01  ,-1.843485456098e-01  
  1.576971582645e-05  ,-1.628464364035e-01  ,-1.549315968791e-01  
  1.577932111496e-05  ,-1.209809639198e-01  ,-1.141125905515e-01  
  1.578449554318e-05  ,-9.361071003598e-02  ,-8.757465589958e-02  
  1.578590351665e-05  ,-8.570399304052e-02  ,-7.992464003730e-02  
  1.578795913184e-05  ,-7.386359987919e-02  ,-6.847925380666e-02  
  1.579025651836e-05  ,-6.026854097106e-02  ,-5.535167970711e-02  
  1.579485129142e-05  ,-3.220940823044e-02  ,-2.830013249055e-02  
  1.579853113317e-05  ,-9.225887317267e-03  ,-6.180534024389e-03  
  1.580183844590e-05  ,1.154487519266e-02  ,1.377919453606e-02  
  1.580389964902e-05  ,2.444097127088e-02  ,2.615948124756e-02  
  1.580654497766e-05  ,4.083414979795e-02  ,4.187871505441e-02  
  1.580928008580e-05  ,5.748599391588e-02  ,5.782223062091e-02  
  1.581475030208e-05  ,8.939742197741e-02  ,8.832274637051e-02  
  1.582012589598e-05  ,1.181960842068e-01  ,1.157719245310e-01  
  1.582633148456e-05  ,1.472115544427e-01  ,1.433155764142e-01  
  1.582972969437e-05  ,1.607992939494e-01  ,1.561510517684e-01  
  1.583290252411e-05  ,1.718358316894e-01  ,1.665227535389e-01  
  1.583390444094e-05  ,1.749712944060e-01  ,1.694610298587e-01  
  1.583590827459e-05  ,1.807192710615e-01  ,1.748292702998e-01  
  1.583991594189e-05  ,1.900474320710e-01  ,1.834733503891e-01  
  1.584793127650e-05  ,1.995777673909e-01  ,1.919684977395e-01  
  1.585531182164e-05  ,1.972217031705e-01  ,1.890862898384e-01  
  1.586494840258e-05  ,1.783482526168e-01  ,1.701747916496e-01  
  1.587429739112e-05  ,1.445082613681e-01  ,1.370089237085e-01  
  1.588391460055e-05  ,9.682059662288e-02  ,9.068877911433e-02  
  1.588875077242e-05  ,6.921885813055e-02  ,6.399231828441e-02  
  1.588990021074e-05  ,6.239940132729e-02  ,5.740787750621e-02  
  1.589096787894e-05  ,5.599200172048e-02  ,5.122478850632e-02  
  1.589310321534e-05  ,4.299551742215e-02  ,3.869001621015e-02  
  1.589737388813e-05  ,1.648163548467e-02  ,1.315932065896e-02  
  1.590092893267e-05  ,-5.835827640424e-03  ,-8.295996285335e-03  
  1.590505357409e-05  ,-3.161932014190e-02  ,-3.304617145197e-02  
  1.590813252652e-05  ,-5.054407223635e-02  ,-5.117989923182e-02  
  1.591127480888e-05  ,-6.936963452784e-02  ,-6.919172085497e-02  
  1.591755937362e-05  ,-1.048176130189e-01  ,-1.030320228872e-01  
  1.592222567225e-05  ,-1.285741268292e-01  ,-1.256374285077e-01  
  1.592744778419e-05  ,-1.518679166149e-01  ,-1.477185485169e-01  
  1.593013334596e-05  ,-1.622944461291e-01  ,-1.575567567338e-01  
  1.593271757984e-05  ,-1.712383483704e-01  ,-1.659650883885e-01  
  1.593520830894e-05  ,-1.787916872935e-01  ,-1.730362430050e-01  
  1.593765433455e-05  ,-1.851448260704e-01  ,-1.789507033794e-01  
  1.594254638577e-05  ,-1.945418152995e-01  ,-1.875834116335e-01  
  1.594978611493e-05  ,-1.999954849866e-01  ,-1.922146928615e-01  
  1.595804731870e-05  ,-1.936424796865e-01  ,-1.854161337121e-01  
  1.596919934773e-05  ,-1.647088443324e-01  ,-1.567582388892e-01  
  1.597918908620e-05  ,-1.216404990404e-01  ,-1.147534563749e-01  
  1.598454530859e-05  ,-9.333427572711e-02  ,-8.730687769583e-02  
  1.598704050803e-05  ,-7.919592745034e-02  ,-7.363102961974e-02  
  1.598882957870e-05  ,-6.875409267860e-02  ,-6.354253813494e-02  
  1.599121748978e-05  ,-5.448466018282e-02  ,-4.977043661668e-02  
  1.599599331194e-05  ,-2.510833711089e-02  ,-2.146098775119e-02  
  1.599956549281e-05  ,-2.730004415232e-03  ,6.601273871664e-05  
  1.600332207555e-05  ,2.083534407465e-02  ,2.269898337243e-02  
  1.600490327501e-05  ,3.068649076767e-02  ,3.215106956162e-02  
  1.600668154234e-05  ,4.167375774304e-02  ,4.268909472180e-02  
  1.601023807698e-05  ,6.322432507568e-02  ,6.332296144572e-02  
  1.601600855166e-05  ,9.639781674371e-02  ,9.501530147466e-02  
  1.602078586394e-05  ,1.215155257134e-01  ,1.189337383805e-01  
  1.602597966367e-05  ,1.457062264084e-01  ,1.418859928656e-01  
  1.602905787104e-05  ,1.582536030622e-01  ,1.537423024196e-01  
  1.603220276111e-05  ,1.695447901995e-01  ,1.643709220017e-01  
  1.603308416480e-05  ,1.724169961338e-01  ,1.670663522357e-01  
  1.603484697217e-05  ,1.777627343369e-01  ,1.720676630870e-01  
  1.603837258691e-05  ,1.868043302674e-01  ,1.804824172037e-01  
  1.604542381638e-05  ,1.979367184888e-01  ,1.906061527260e-01  
  1.605249367231e-05  ,1.993865821869e-01  ,1.914059638129e-01  
  1.605981535786e-05  ,1.905666043366e-01  ,1.823191052111e-01  
  1.606989897364e-05  ,1.621756901748e-01  ,1.542751808832e-01  
  1.607891715640e-05  ,1.229922879407e-01  ,1.160676971215e-01  
  1.608380026692e-05  ,9.744856057801e-02  ,9.129251245503e-02  
  1.608661025339e-05  ,8.167101149054e-02  ,7.602585953595e-02  
  1.608766655946e-05  ,7.556878104203e-02  ,7.012777218486e-02  
  1.608938764358e-05  ,6.545097353038e-02  ,6.035084410534e-02  
  1.609282981181e-05  ,4.467159086021e-02  ,4.030378355034e-02  
  1.609971414828e-05  ,1.796035167606e-03  ,-9.654446144379e-04  
  1.610371063972e-05  ,-2.326186784493e-02  ,-2.502990678104e-02  
  1.610617082143e-05  ,-3.853000975677e-02  ,-3.967489028277e-02  
  1.610848981464e-05  ,-5.271287898387e-02  ,-5.326124514975e-02  
  1.611312780106e-05  ,-8.016589083653e-02  ,-7.950883873721e-02  
  1.611832532609e-05  ,-1.088856091815e-01  ,-1.068979962479e-01  
  1.612301099622e-05  ,-1.323141913232e-01  ,-1.291773293086e-01  
  1.612814966166e-05  ,-1.547003458995e-01  ,-1.503820770026e-01  
  1.613080057824e-05  ,-1.647085804817e-01  ,-1.598206680892e-01  
  1.613207555884e-05  ,-1.691194929874e-01  ,-1.639686521190e-01  
  1.613385941410e-05  ,-1.748340818604e-01  ,-1.693255784209e-01  
  1.613672751510e-05  ,-1.828642619646e-01  ,-1.768236616335e-01  
  1.614246371710e-05  ,-1.944206387076e-01  ,-1.874692591838e-01  
  1.614898595536e-05  ,-1.998985207696e-01  ,-1.921864853326e-01  
  1.615669730628e-05  ,-1.955894035415e-01  ,-1.874005897850e-01  
  1.616985801184e-05  ,-1.623261728830e-01  ,-1.544213922824e-01  
  1.618080738509e-05  ,-1.134155733195e-01  ,-1.067634246675e-01  
  1.618600863540e-05  ,-8.510676122830e-02  ,-7.934049521540e-02  
  1.618759691292e-05  ,-7.597376218548e-02  ,-7.051190054115e-02  
  1.618934277022e-05  ,-6.571733088847e-02  ,-6.060593701285e-02  
  1.619273166680e-05  ,-4.527246175899e-02  ,-4.087692362798e-02  
  1.619950945997e-05  ,-3.082031897874e-03  ,-2.674248879988e-04  
  1.620345528746e-05  ,2.166760005381e-02  ,2.350224035791e-02  
  1.620561409318e-05  ,3.509179162126e-02  ,3.638077926041e-02  
  1.620768907988e-05  ,4.784344100025e-02  ,4.859923666108e-02  
  1.621183905327e-05  ,7.268372938435e-02  ,7.236060341064e-02  
  1.621732417071e-05  ,1.035561538615e-01  ,1.018241368209e-01  
  1.622173789465e-05  ,1.262115656527e-01  ,1.233870812132e-01  
  1.622686538422e-05  ,1.494615259331e-01  ,1.454352213749e-01  
  1.622951071286e-05  ,1.599773374627e-01  ,1.553634963565e-01  
  1.623216609979e-05  ,1.694224915080e-01  ,1.642526199690e-01  
  1.623408946717e-05  ,1.755314557999e-01  ,1.699815522142e-01  
  1.623646135950e-05  ,1.821806113606e-01  ,1.761874023099e-01  
  1.624120514417e-05  ,1.924143540900e-01  ,1.856445170560e-01  
  1.624815579081e-05  ,1.996644180274e-01  ,1.920322269148e-01  
  1.625603999519e-05  ,1.964102066769e-01  ,1.882404068525e-01  
  1.626697893763e-05  ,1.722157336392e-01  ,1.641287973503e-01  
  1.627719368362e-05  ,1.313470825088e-01  ,1.241884611286e-01  
  1.628336276436e-05  ,9.983981135403e-02  ,9.360650756282e-02  
  1.628738682294e-05  ,7.719318353542e-02  ,7.169405686383e-02  
  1.628860536540e-05  ,7.007529028394e-02  ,6.481736351445e-02  
  1.628983936781e-05  ,6.276249191874e-02  ,5.775677898336e-02  
  1.629230737263e-05  ,4.786508308540e-02  ,4.338222292315e-02  
  1.629724338228e-05  ,1.729869809899e-02  ,1.394368787497e-02  
  1.630121007138e-05  ,-7.601271570820e-03  ,-9.993800260474e-03  
  1.630557760173e-05  ,-3.486604296399e-02  ,-3.615478368371e-02  
  1.630901306444e-05  ,-5.587704348353e-02  ,-5.628432338737e-02  
  1.631253793412e-05  ,-7.675683610917e-02  ,-7.626221728164e-02  
  1.631888284856e-05  ,-1.118071146317e-01  ,-1.097037511287e-01  
  1.632401927882e-05  ,-1.369976978075e-01  ,-1.336473513814e-01  
  1.632883309895e-05  ,-1.573860956876e-01  ,-1.529378594412e-01  
  1.633151083761e-05  ,-1.671988481503e-01  ,-1.621747875245e-01  
  1.633268858814e-05  ,-1.711441627856e-01  ,-1.658799051294e-01  
  1.633437949741e-05  ,-1.763975718632e-01  ,-1.707998702914e-01  
  1.633776131594e-05  ,-1.853979995207e-01  ,-1.791836451012e-01  
  1.634452495301e-05  ,-1.970487604858e-01  ,-1.898275361923e-01  
  1.635130721653e-05  ,-1.998313704172e-01  ,-1.919273035187e-01  
  1.635873619044e-05  ,-1.925145815295e-01  ,-1.842752697607e-01  
  1.636971387589e-05  ,-1.628535510387e-01  ,-1.549385568360e-01  
  1.637929383242e-05  ,-1.211174218100e-01  ,-1.142451834846e-01  
  1.638445633972e-05  ,-9.382831432172e-02  ,-8.778540358963e-02  
  1.638588014567e-05  ,-8.583664841282e-02  ,-8.005305078725e-02  
  1.638791452670e-05  ,-7.412397592291e-02  ,-6.873091650483e-02  
  1.639020669782e-05  ,-6.056694773193e-02  ,-5.563975921751e-02  
  1.639479104006e-05  ,-3.258297915409e-02  ,-2.865999177742e-02  
  1.639850366437e-05  ,-9.398291695949e-03  ,-6.346329972601e-03  
  1.640182252550e-05  ,1.144500972111e-02  ,1.368331758234e-02  
  1.640390757048e-05  ,2.449036945145e-02  ,2.620694570468e-02  
  1.640657748604e-05  ,4.103408200519e-02  ,4.207040158036e-02  
  1.640930663371e-05  ,5.764574042113e-02  ,5.797519292662e-02  
  1.641476492906e-05  ,8.947962439882e-02  ,8.840119760281e-02  
  1.642014350319e-05  ,1.182853092778e-01  ,1.158566113888e-01  
  1.642633270049e-05  ,1.472167259560e-01  ,1.433201043147e-01  
  1.642972755754e-05  ,1.607913099842e-01  ,1.561431290301e-01  
  1.643289479935e-05  ,1.718109919213e-01  ,1.664990237031e-01  
  1.643389559859e-05  ,1.749443762899e-01  ,1.694354270565e-01  
  1.643589719707e-05  ,1.806894436161e-01  ,1.748036254033e-01  
  1.643990039402e-05  ,1.900169762372e-01  ,1.834456419252e-01  
  1.644790678793e-05  ,1.995677154697e-01  ,1.919610519878e-01  
  1.645528360778e-05  ,1.972510711417e-01  ,1.891116752369e-01  
  1.646486803466e-05  ,1.785762042997e-01  ,1.704004989987e-01  
  1.647420361215e-05  ,1.449149851151e-01  ,1.374071634145e-01  
  1.648386403495e-05  ,9.709847675276e-02  ,9.095848987064e-02  
  1.648873000914e-05  ,6.934124048604e-02  ,6.411083262348e-02  
  1.648988820189e-05  ,6.247108426736e-02  ,5.747734961768e-02  
  1.649096387947e-05  ,5.601612581636e-02  ,5.124831495150e-02  
  1.649311523461e-05  ,4.292176073566e-02  ,3.861909182740e-02  
  1.649741794491e-05  ,1.620574446387e-02  ,1.289399901176e-02  
  1.650099496865e-05  ,-6.250554449047e-03  ,-8.694342030436e-03  
  1.650507937694e-05  ,-3.177939489892e-02  ,-3.319963008091e-02  
  1.650820936584e-05  ,-5.101104839352e-02  ,-5.162703681352e-02  
  1.651139076376e-05  ,-7.005251027882e-02  ,-6.984453381641e-02  
  1.651775355959e-05  ,-1.058547769389e-01  ,-1.040201821287e-01  
  1.652246605182e-05  ,-1.297273391607e-01  ,-1.267323302643e-01  
  1.652771945620e-05  ,-1.529730850876e-01  ,-1.487628532550e-01  
  1.653042178178e-05  ,-1.633468579049e-01  ,-1.585474690277e-01  
  1.653186346912e-05  ,-1.684043747799e-01  ,-1.633046027172e-01  
  1.653379689479e-05  ,-1.746429835800e-01  ,-1.691526728186e-01  
  1.653635914946e-05  ,-1.819146858536e-01  ,-1.759445541025e-01  
  1.654148365879e-05  ,-1.928843651465e-01  ,-1.860762009703e-01  
  1.654805209064e-05  ,-1.996256294337e-01  ,-1.920049667747e-01  
  1.655584688807e-05  ,-1.966354432499e-01  ,-1.884734964425e-01  
  1.656660403633e-05  ,-1.734015043579e-01  ,-1.652959390926e-01  
  1.657667722130e-05  ,-1.337768309989e-01  ,-1.265530739033e-01  
  1.658373143101e-05  ,-9.782602788721e-02  ,-9.165486552097e-02  
  1.658785383725e-05  ,-7.447800797820e-02  ,-6.906859319451e-02  
  1.658897477710e-05  ,-6.789667367931e-02  ,-6.271172015609e-02  
  1.659016146833e-05  ,-6.083772732829e-02  ,-5.589750531865e-02  
  1.659253485078e-05  ,-4.647612121063e-02  ,-4.204219891088e-02  
  1.659728161567e-05  ,-1.705935841738e-02  ,-1.371294220899e-02  
  1.660111717457e-05  ,7.017973814870e-03  ,9.433613219936e-03  
  1.660541392440e-05  ,3.385291932155e-02  ,3.519013624019e-02  
  1.660874917680e-05  ,5.428311183172e-02  ,5.476178045510e-02  
  1.661216638559e-05  ,7.459591790678e-02  ,7.418876782366e-02  
  1.661884136075e-05  ,1.115908821861e-01  ,1.094837032259e-01  
  1.662400237793e-05  ,1.369203122933e-01  ,1.335569637738e-01  
  1.662893093699e-05  ,1.577646684815e-01  ,1.532851670694e-01  
  1.663165561432e-05  ,1.676962815849e-01  ,1.626352899615e-01  
  1.663283317858e-05  ,1.716124818034e-01  ,1.663129430058e-01  
  1.663453563625e-05  ,1.768577889879e-01  ,1.712224362399e-01  
  1.663794055158e-05  ,1.858174690612e-01  ,1.795683934290e-01  
  1.664475038224e-05  ,1.972862457509e-01  ,1.900346244098e-01  
  1.665165409023e-05  ,1.997300269547e-01  ,1.917993980395e-01  
  1.665905624205e-05  ,1.919598477327e-01  ,1.837155506729e-01  
  1.666972845370e-05  ,1.628003639963e-01  ,1.548861729976e-01  
  1.667912512594e-05  ,1.219592536748e-01  ,1.150632154815e-01  
  1.668419897133e-05  ,9.525332398405e-02  ,8.916562581412e-02  
  1.668670795435e-05  ,8.111026998035e-02  ,7.548269870861e-02  
  1.668847020292e-05  ,7.087007210864e-02  ,6.558722641685e-02  
  1.669082272375e-05  ,5.686698262675e-02  ,5.206962618170e-02  
  1.669552776539e-05  ,2.800752100164e-02  ,2.425278378468e-02  
  1.669908765280e-05  ,5.731661648791e-03  ,2.819904099176e-03  
  1.670237931931e-05  ,-1.493578650296e-02  ,-1.703566960424e-02  
  1.670426990414e-05  ,-2.674821079324e-02  ,-2.837310267475e-02  
  1.670647602105e-05  ,-4.040991377793e-02  ,-4.147537963864e-02  
  1.670999493027e-05  ,-6.177310307061e-02  ,-6.193575093438e-02  
  1.671582873487e-05  ,-9.540635942187e-02  ,-9.406930148156e-02  
  1.672166924500e-05  ,-1.258766676979e-01  ,-1.230773380414e-01  
  1.672747175717e-05  ,-1.519658855253e-01  ,-1.478070692346e-01  
  1.673039312983e-05  ,-1.632429145032e-01  ,-1.584492489777e-01  
  1.673291291618e-05  ,-1.718692324954e-01  ,-1.665545252741e-01  
  1.673442650163e-05  ,-1.765365632261e-01  ,-1.709265687731e-01  
  1.673745367253e-05  ,-1.846643177824e-01  ,-1.785001958872e-01  
  1.674281287515e-05  ,-1.949235014364e-01  ,-1.879254224275e-01  
  1.675084013069e-05  ,-1.999303424444e-01  ,-1.920619048087e-01  
  1.675827432001e-05  ,-1.932808011443e-01  ,-1.850492685874e-01  
  1.677004325712e-05  ,-1.616434939030e-01  ,-1.537531128915e-01  
  1.678006428802e-05  ,-1.172300218184e-01  ,-1.104690213920e-01  
  1.678486469710e-05  ,-9.155475161948e-02  ,-8.558353240579e-02  
  1.678628384644e-05  ,-8.353877135563e-02  ,-7.782946455999e-02  
  1.678839161569e-05  ,-7.133159388700e-02  ,-6.603210551699e-02  
  1.679106786424e-05  ,-5.538862202693e-02  ,-5.064194644245e-02  
  1.679642036134e-05  ,-2.244415562393e-02  ,-1.889706883995e-02  
  1.680052339607e-05  ,3.288446338600e-03  ,5.849848398698e-03  
  1.680582299405e-05  ,3.638322738658e-02  ,3.760906332665e-02  
  1.680771022612e-05  ,4.797243855137e-02  ,4.871660756259e-02  
  1.681005119854e-05  ,6.210926409885e-02  ,6.225471607614e-02  
  1.681473314339e-05  ,8.930096751006e-02  ,8.824048754428e-02  
  1.681990757161e-05  ,1.170867232075e-01  ,1.147118314842e-01  
  1.682593136603e-05  ,1.454981827247e-01  ,1.416736987147e-01  
  1.682955905372e-05  ,1.601594395274e-01  ,1.555307372911e-01  
  1.683302692646e-05  ,1.722344654220e-01  ,1.668890043336e-01  
  1.683400053108e-05  ,1.752629435278e-01  ,1.697272918263e-01  
  1.683594774032e-05  ,1.808253589349e-01  ,1.749206804024e-01  
  1.683984215879e-05  ,1.899024997416e-01  ,1.833377462565e-01  
  1.684763099575e-05  ,1.994463555476e-01  ,1.918698533671e-01  
  1.685520823622e-05  ,1.973287658143e-01  ,1.892006245964e-01  
  1.686445589685e-05  ,1.797272534841e-01  ,1.715385045366e-01  
  1.687378104353e-05  ,1.467320304525e-01  ,1.391784869680e-01  
  1.688367988491e-05  ,9.810838562142e-02  ,9.193591235550e-02  
  1.688866730356e-05  ,6.971065869866e-02  ,6.446694506605e-02  
  1.688978209668e-05  ,6.310405764589e-02  ,5.808775040599e-02  
  1.689088776284e-05  ,5.647507861884e-02  ,5.169056915711e-02  
  1.689309909517e-05  ,4.302079957720e-02  ,3.871404362984e-02  
  1.689752175981e-05  ,1.555551604825e-02  ,1.226807147720e-02  
  1.690116881901e-05  ,-7.342256215692e-03  ,-9.743375065911e-03  
  1.690471753055e-05  ,-2.953272704759e-02  ,-3.104598509202e-02  
  1.690763294274e-05  ,-4.750088753912e-02  ,-4.826611860243e-02  
  1.691056586379e-05  ,-6.517486732940e-02  ,-6.517974091989e-02  
  1.691643170589e-05  ,-9.871877217722e-02  ,-9.721720210305e-02  
  1.692103020424e-05  ,-1.227313102039e-01  ,-1.200802704330e-01  
  1.692611001009e-05  ,-1.462660222157e-01  ,-1.424138487223e-01  
  1.692915617996e-05  ,-1.586305482229e-01  ,-1.540996208089e-01  
  1.693214311773e-05  ,-1.693457109314e-01  ,-1.641816597304e-01  
  1.693302321756e-05  ,-1.722226186766e-01  ,-1.668818106834e-01  
  1.693478341722e-05  ,-1.775793808175e-01  ,-1.718958186238e-01  
  1.693830381656e-05  ,-1.866495423361e-01  ,-1.803366029082e-01  
  1.694534461522e-05  ,-1.978648094345e-01  ,-1.905411568222e-01  
  1.695234145546e-05  ,-1.994591513995e-01  ,-1.914866659720e-01  
  1.695968921804e-05  ,-1.908056453794e-01  ,-1.825580224827e-01  
  1.696984733963e-05  ,-1.623653356035e-01  ,-1.544606850016e-01  
  1.697892214680e-05  ,-1.229675607449e-01  ,-1.160435147327e-01  
  1.698383580470e-05  ,-9.725350780396e-02  ,-9.110345419320e-02  
  1.698664281094e-05  ,-8.148423703684e-02  ,-7.584511725517e-02  
  1.698770302856e-05  ,-7.535657582871e-02  ,-6.992256439898e-02  
  1.698942485774e-05  ,-6.522998061674e-02  ,-6.013733760443e-02  
  1.699286851609e-05  ,-4.443451549214e-02  ,-4.007514635387e-02  
  1.699975583279e-05  ,-1.534132773139e-03  ,1.217218946577e-03  
  1.700375604951e-05  ,2.354522581369e-02  ,2.530182212346e-02  
  1.700621362352e-05  ,3.879387055104e-02  ,3.992778303805e-02  
  1.700855869377e-05  ,5.313023323527e-02  ,5.366079482090e-02  
  1.701324883425e-05  ,8.086201991219e-02  ,8.017369111327e-02  
  1.701844263399e-05  ,1.095031259567e-01  ,1.074857817015e-01  
  1.702319759452e-05  ,1.331910989110e-01  ,1.300092109878e-01  
  1.702835190618e-05  ,1.555026054040e-01  ,1.511394080168e-01  
  1.703101176345e-05  ,1.654576482412e-01  ,1.605254652782e-01  
  1.703225303018e-05  ,1.697121173660e-01  ,1.645251738830e-01  
  1.703400782818e-05  ,1.752850261872e-01  ,1.697477814514e-01  
  1.703703946942e-05  ,1.836492741739e-01  ,1.775536669898e-01  
  1.704310275191e-05  ,1.953231705155e-01  ,1.882838904877e-01  
  1.704968832010e-05  ,1.999904123126e-01  ,1.922153291706e-01  
  1.705733857626e-05  ,1.947082555391e-01  ,1.865006061760e-01  
  1.706998817199e-05  ,1.618470704627e-01  ,1.539564055838e-01  
  1.708056650633e-05  ,1.146589181355e-01  ,1.079743822362e-01  
  1.708560235375e-05  ,8.740985173489e-02  ,8.157226293928e-02  
  1.708712786013e-05  ,7.869164380222e-02  ,7.314234967031e-02  
  1.708896610463e-05  ,6.794792583643e-02  ,6.276308782588e-02  
  1.709215160036e-05  ,4.881480923989e-02  ,4.429463015847e-02  
  1.709852259183e-05  ,9.279496711759e-03  ,6.227334599173e-03  
  1.710239316845e-05  ,-1.502255881167e-02  ,-1.712291350043e-02  
  1.710484440947e-05  ,-3.032095485982e-02  ,-3.180564490513e-02  
  1.710775572383e-05  ,-4.824991459430e-02  ,-4.898809572336e-02  
  1.711154955947e-05  ,-7.098617213968e-02  ,-7.073789177614e-02  
  1.711803678000e-05  ,-1.073604078422e-01  ,-1.054509047606e-01  
  1.712282452309e-05  ,-1.314333295794e-01  ,-1.283488239140e-01  
  1.712809357369e-05  ,-1.544767497391e-01  ,-1.501779225853e-01  
  1.713083128953e-05  ,-1.648179638244e-01  ,-1.599295290001e-01  
  1.713212545538e-05  ,-1.692866429510e-01  ,-1.641309962705e-01  
  1.713394265199e-05  ,-1.750874622310e-01  ,-1.695672740057e-01  
  1.713679026389e-05  ,-1.830235786541e-01  ,-1.769752918984e-01  
  1.714248548770e-05  ,-1.944526775094e-01  ,-1.875002558283e-01  
  1.714909489775e-05  ,-1.999191526526e-01  ,-1.921982339922e-01  
  1.715681965971e-05  ,-1.954273991304e-01  ,-1.872315175027e-01  
  1.717031415129e-05  ,-1.606353254956e-01  ,-1.527665508943e-01  
  1.718138571405e-05  ,-1.104040309304e-01  ,-1.038423244469e-01  
  1.718662943268e-05  ,-8.156099509060e-02  ,-7.591110299293e-02  
  1.718824434602e-05  ,-7.219529614882e-02  ,-6.686047004464e-02  
  1.718977748924e-05  ,-6.313152760920e-02  ,-5.810880305699e-02  
  1.719284377569e-05  ,-4.458606549109e-02  ,-4.021566018839e-02  
  1.719897634858e-05  ,-6.430683000963e-03  ,-3.487267557234e-03  
  1.720268785530e-05  ,1.686823016599e-02  ,1.889496596793e-02  
  1.720501169139e-05  ,3.135944567068e-02  ,3.280098080205e-02  
  1.720740966076e-05  ,4.613695060692e-02  ,4.696384082141e-02  
  1.721192992800e-05  ,7.321537482213e-02  ,7.286827981876e-02  
  1.721774734133e-05  ,1.058216255592e-01  ,1.039837684489e-01  
  1.722232646817e-05  ,1.290585881281e-01  ,1.260929658567e-01  
  1.722756497139e-05  ,1.523459985344e-01  ,1.481642420615e-01  
  1.723024904305e-05  ,1.627181939575e-01  ,1.579477890301e-01  
  1.723282470876e-05  ,1.715851461511e-01  ,1.662840008420e-01  
  1.723522193307e-05  ,1.788300338642e-01  ,1.730667981311e-01  
  1.723777971739e-05  ,1.854413358683e-01  ,1.792215238594e-01  
  1.724289528602e-05  ,1.950387719276e-01  ,1.880294313802e-01  
  1.725002921695e-05  ,1.999999157501e-01  ,1.921968189120e-01  
  1.725826210850e-05  ,1.933005079266e-01  ,1.850691705097e-01  
  1.726925171489e-05  ,1.645219771446e-01  ,1.565746614527e-01  
  1.727912373418e-05  ,1.219661842730e-01  ,1.150699295261e-01  
  1.728442258710e-05  ,9.401554892979e-02  ,8.796669278190e-02  
  1.728699340993e-05  ,7.946757754201e-02  ,7.389390729771e-02  
  1.728877652013e-05  ,6.906705573187e-02  ,6.384504059592e-02  
  1.729113090360e-05  ,5.500791811942e-02  ,5.027542269447e-02  
  1.729583967054e-05  ,2.606576073717e-02  ,2.238289913929e-02  
  1.729932095432e-05  ,4.266246216676e-03  ,1.410957907963e-03  
  1.730279292488e-05  ,-1.752595647019e-02  ,-1.952230921887e-02  
  1.730473417366e-05  ,-2.963614837788e-02  ,-3.114322863260e-02  
  1.730666275644e-05  ,-4.155830607423e-02  ,-4.257590606336e-02  
  1.731051992202e-05  ,-6.490189597793e-02  ,-6.492781422561e-02  
  1.731651242399e-05  ,-9.915953346281e-02  ,-9.765196916292e-02  
  1.732123758221e-05  ,-1.237575074259e-01  ,-1.210721761139e-01  
  1.732645894909e-05  ,-1.477525055871e-01  ,-1.438345605800e-01  
  1.732921193862e-05  ,-1.588436709668e-01  ,-1.543121277333e-01  
  1.733212921345e-05  ,-1.692992153963e-01  ,-1.641475991997e-01  
  1.733311660165e-05  ,-1.725201884521e-01  ,-1.671696920151e-01  
  1.733500197107e-05  ,-1.782069269744e-01  ,-1.724895312448e-01  
  1.733877270991e-05  ,-1.876876070576e-01  ,-1.813014678631e-01  
  1.734631418759e-05  ,-1.986606906715e-01  ,-1.912255639305e-01  
  1.735325291330e-05  ,-1.989565618143e-01  ,-1.909266816379e-01  
  1.736047327095e-05  ,-1.892714048917e-01  ,-1.810206063531e-01  
  1.737012475306e-05  ,-1.613414239145e-01  ,-1.534575948740e-01  
  1.737884193236e-05  ,-1.233646530126e-01  ,-1.164298405466e-01  
  1.738356485540e-05  ,-9.873756222978e-02  ,-9.254159459335e-02  
  1.738648809069e-05  ,-8.237106478683e-02  ,-7.670339352659e-02  
  1.738754029894e-05  ,-7.630269363442e-02  ,-7.083761341821e-02  
  1.738922953182e-05  ,-6.638890468569e-02  ,-6.125690785946e-02  
  1.739260799760e-05  ,-4.602898531222e-02  ,-4.161270271845e-02  
  1.739936492914e-05  ,-3.990003179377e-03  ,-1.143719714128e-03  
  1.740330777639e-05  ,2.074598659944e-02  ,2.261539985249e-02  
  1.740536525422e-05  ,3.355148870293e-02  ,3.490213168971e-02  
  1.740744433874e-05  ,4.634893461246e-02  ,4.716604666784e-02  
  1.741160250777e-05  ,7.129709754067e-02  ,7.103395218964e-02  
  1.741727016443e-05  ,1.032657023631e-01  ,1.015474200193e-01  
  1.742173604244e-05  ,1.262025375765e-01  ,1.233797110347e-01  
  1.742687321776e-05  ,1.494942267499e-01  ,1.454676206518e-01  
  1.742952487940e-05  ,1.600307416375e-01  ,1.554156702579e-01  
  1.743218063885e-05  ,1.694710193360e-01  ,1.642996520240e-01  
  1.743411257440e-05  ,1.756009960437e-01  ,1.700478734609e-01  
  1.743648670191e-05  ,1.822462555896e-01  ,1.762494192270e-01  
  1.744123495692e-05  ,1.924653696630e-01  ,1.856916690485e-01  
  1.744819379920e-05  ,1.996781042263e-01  ,1.920424646808e-01  
  1.745608694428e-05  ,1.963543534318e-01  ,1.881829791334e-01  
  1.746712721461e-05  ,1.717401482561e-01  ,1.636610212563e-01  
  1.747735686177e-05  ,1.305721758572e-01  ,1.234345765890e-01  
  1.748342163438e-05  ,9.951913472094e-02  ,9.329584883686e-02  
  1.748757458800e-05  ,7.610350038866e-02  ,7.064071991612e-02  
  1.748882572675e-05  ,6.877681963827e-02  ,6.356302423958e-02  
  1.749004166150e-05  ,6.155439086499e-02  ,5.659041131448e-02  
  1.749247353101e-05  ,4.685077104657e-02  ,4.240409261218e-02  
  1.749733727002e-05  ,1.671092034666e-02  ,1.337811074078e-02  
  1.750127192163e-05  ,-7.989592780949e-03  ,-1.036674570078e-02  
  1.750552322292e-05  ,-3.452955206537e-02  ,-3.583892815707e-02  
  1.750899817371e-05  ,-5.578720184641e-02  ,-5.620168881598e-02  
  1.751252155328e-05  ,-7.666178367706e-02  ,-7.616281743984e-02  
  1.751909296536e-05  ,-1.128993085915e-01  ,-1.107285446569e-01  
  1.752442236567e-05  ,-1.388318502218e-01  ,-1.353682337422e-01  
  1.752862598324e-05  ,-1.565797847478e-01  ,-1.521639939327e-01  
  1.753117631698e-05  ,-1.660362680887e-01  ,-1.610715952090e-01  
  1.753231644207e-05  ,-1.699225883627e-01  ,-1.647242345958e-01  
  1.753397773528e-05  ,-1.751938990027e-01  ,-1.696635083040e-01  
  1.753728840077e-05  ,-1.842630434071e-01  ,-1.781246519576e-01  
  1.754390973175e-05  ,-1.963503828562e-01  ,-1.892047360100e-01  
  1.755035075867e-05  ,-1.999878573861e-01  ,-1.921569909422e-01  
  1.755785200322e-05  ,-1.939457921084e-01  ,-1.857220943249e-01  
  1.756989959204e-05  ,-1.621734162867e-01  ,-1.542722569993e-01  
  1.758008602583e-05  ,-1.171193348385e-01  ,-1.103613777246e-01  
  1.758497137153e-05  ,-9.095833565021e-02  ,-8.500597022725e-02  
  1.758641864681e-05  ,-8.276847271507e-02  ,-7.708422117880e-02  
  1.758852008307e-05  ,-7.057691508072e-02  ,-6.530277726472e-02  
  1.759123097682e-05  ,-5.440311885490e-02  ,-4.969091938847e-02  
  1.759665276432e-05  ,-2.099256315684e-02  ,-1.749978511787e-02  
  1.760085414672e-05  ,5.366118078803e-03  ,7.846242681202e-03  
  1.760583038950e-05  ,3.642891801823e-02  ,3.765286611788e-02  
  1.760894398713e-05  ,5.546016996690e-02  ,5.588609811506e-02  
  1.761250722730e-05  ,7.657863830838e-02  ,7.609308038707e-02  
  1.761873814785e-05  ,1.110521200055e-01  ,1.089812825712e-01  
  1.762377697551e-05  ,1.358845622373e-01  ,1.325828814259e-01  
  1.762923974121e-05  ,1.589497569491e-01  ,1.544098032532e-01  
  1.763211156750e-05  ,1.692401612621e-01  ,1.640913593947e-01  
  1.763329583728e-05  ,1.730871632968e-01  ,1.677008135213e-01  
  1.763504486108e-05  ,1.783290943316e-01  ,1.726041478361e-01  
  1.763854290867e-05  ,1.871839340725e-01  ,1.808367039279e-01  
  1.764553900385e-05  ,1.980391133273e-01  ,1.906936055489e-01  
  1.765281449580e-05  ,1.992186997000e-01  ,1.912108828140e-01  
  1.766013618135e-05  ,1.899451520772e-01  ,1.816927090076e-01  
  1.767003800297e-05  ,1.616629324118e-01  ,1.537717271600e-01  
  1.767893548632e-05  ,1.229014492068e-01  ,1.159792848249e-01  
  1.768374632621e-05  ,9.774438757431e-02  ,9.157910089240e-02  
  1.768649745309e-05  ,8.231745635739e-02  ,7.665110185783e-02  
  1.768789238805e-05  ,7.425315311006e-02  ,6.885669538776e-02  
  1.768941379660e-05  ,6.529567547114e-02  ,6.020537994107e-02  
  1.769245661372e-05  ,4.695410128814e-02  ,4.250477320509e-02  
  1.769854224795e-05  ,9.156124900846e-03  ,6.111405828016e-03  
  1.770227573389e-05  ,-1.428667956560e-02  ,-1.641419235996e-02  
  1.770464390093e-05  ,-2.907509141534e-02  ,-3.060856487019e-02  
  1.770758837038e-05  ,-4.722879810819e-02  ,-4.800825884103e-02  
  1.771115012044e-05  ,-6.863429855522e-02  ,-6.848825444956e-02  
  1.771720595235e-05  ,-1.029199761926e-01  ,-1.012193441414e-01  
  1.772179327482e-05  ,-1.264813025040e-01  ,-1.236462328645e-01  
  1.772694013590e-05  ,-1.497732047287e-01  ,-1.457325654464e-01  
  1.772960036570e-05  ,-1.603147708000e-01  ,-1.556840600726e-01  
  1.773223228329e-05  ,-1.696431099117e-01  ,-1.644617716553e-01  
  1.773421972567e-05  ,-1.759222532434e-01  ,-1.703489660123e-01  
  1.773659720594e-05  ,-1.825311426912e-01  ,-1.765148731894e-01  
  1.774135216647e-05  ,-1.926643014913e-01  ,-1.858734152025e-01  
  1.774831845933e-05  ,-1.997209940312e-01  ,-1.920731973798e-01  
  1.775626971895e-05  ,-1.961328471840e-01  ,-1.879549825125e-01  
  1.776769443923e-05  ,-1.698865200309e-01  ,-1.618386773720e-01  
  1.777798071080e-05  ,-1.275781588845e-01  ,-1.205225580782e-01  
  1.778378545815e-05  ,-9.752980422454e-02  ,-9.136861832357e-02  
  1.778942703778e-05  ,-6.521703188021e-02  ,-6.012814210587e-02  
  1.779062918895e-05  ,-5.803174829830e-02  ,-5.319298982524e-02  
  1.779181457633e-05  ,-5.086557622272e-02  ,-4.628022365802e-02  
  1.779418535107e-05  ,-3.633166706758e-02  ,-3.226861023192e-02  
  1.779892690057e-05  ,-6.741205503135e-03  ,-3.791326314956e-03  
  1.780230350369e-05  ,1.446071119238e-02  ,1.657879904097e-02  
  1.780434943312e-05  ,2.724333304957e-02  ,2.884789085919e-02  
  1.780678242022e-05  ,4.229346939077e-02  ,4.327695015648e-02  
  1.781033262187e-05  ,6.378762509073e-02  ,6.385096797328e-02  
  1.781621485525e-05  ,9.753152337300e-02  ,9.608247540380e-02  
  1.782094895416e-05  ,1.223278264527e-01  ,1.197022285883e-01  
  1.782615020448e-05  ,1.464381498238e-01  ,1.425773729490e-01  
  1.782923698002e-05  ,1.589392265516e-01  ,1.543911590715e-01  
  1.783223323101e-05  ,1.696462637302e-01  ,1.644629753305e-01  
  1.783312357539e-05  ,1.725423508368e-01  ,1.671807145074e-01  
  1.783490426415e-05  ,1.779274121371e-01  ,1.722201068304e-01  
  1.783846564168e-05  ,1.870123891461e-01  ,1.806717783328e-01  
  1.784558839673e-05  ,1.980822263071e-01  ,1.907294383342e-01  
  1.785265005702e-05  ,1.993072774621e-01  ,1.913146953548e-01  
  1.785996727222e-05  ,1.902747473227e-01  ,1.820254511625e-01  
  1.786994508976e-05  ,1.620059505381e-01  ,1.541085658747e-01  
  1.787889621729e-05  ,1.230960073106e-01  ,1.161684829343e-01  
  1.788374356502e-05  ,9.775952319451e-02  ,9.159379022948e-02  
  1.788658931428e-05  ,8.179108877045e-02  ,7.614208019130e-02  
  1.788764617914e-05  ,7.568732617982e-02  ,7.024244045815e-02  
  1.788935645992e-05  ,6.563608598984e-02  ,6.052964091190e-02  
  1.789277702147e-05  ,4.499484109815e-02  ,4.061545160285e-02  
  1.789961814457e-05  ,2.399210869142e-03  ,-3.856248146709e-04  
  1.790359377438e-05  ,-2.253240971311e-02  ,-2.432988246820e-02  
  1.790604315275e-05  ,-3.774256254226e-02  ,-3.892007895328e-02  
  1.790828428739e-05  ,-5.146608341858e-02  ,-5.206747319695e-02  
  1.791276655668e-05  ,-7.808132135266e-02  ,-7.751761355799e-02  
  1.791799090379e-05  ,-1.071170986261e-01  ,-1.052143739599e-01  
  1.792251415128e-05  ,-1.299572083881e-01  ,-1.269409141976e-01  
  1.792764685625e-05  ,-1.526788343968e-01  ,-1.484732962216e-01  
  1.793029777282e-05  ,-1.628960267561e-01  ,-1.581146700328e-01  
  1.793283469552e-05  ,-1.716173763146e-01  ,-1.663137864937e-01  
  1.793515406126e-05  ,-1.786386766392e-01  ,-1.728876924344e-01  
  1.793778262609e-05  ,-1.854481803503e-01  ,-1.792275755621e-01  
  1.794303975576e-05  ,-1.952376907541e-01  ,-1.882085021874e-01  
  1.795004106635e-05  ,-1.999998335546e-01  ,-1.921955798248e-01  
  1.795825458640e-05  ,-1.933126328565e-01  ,-1.850813598345e-01  
  1.796923376197e-05  ,-1.645860906121e-01  ,-1.566375014720e-01  
  1.797909535044e-05  ,-1.221074760358e-01  ,-1.152072145035e-01  
  1.798439271325e-05  ,-9.418117879505e-02  ,-8.812709660473e-02  
  1.798700265163e-05  ,-7.941428742225e-02  ,-7.384242838559e-02  
  1.798879079098e-05  ,-6.898289877734e-02  ,-6.376378487204e-02  
  1.799112654799e-05  ,-5.503422923571e-02  ,-5.030081954467e-02  
  1.799579806203e-05  ,-2.632494257242e-02  ,-2.263247600968e-02  
  1.799925624901e-05  ,-4.672700083263e-03  ,-1.801764656479e-03  
  1.800267047757e-05  ,1.675942917554e-02  ,1.878641118228e-02  
  1.800458937460e-05  ,2.873608947374e-02  ,3.027986487574e-02  
  1.800659171814e-05  ,4.112159845698e-02  ,4.215729222738e-02  
  1.801059640521e-05  ,6.535625961675e-02  ,6.536262476093e-02  
  1.801730714315e-05  ,1.034646099909e-01  ,1.017468806919e-01  
  1.802219546908e-05  ,1.284287083504e-01  ,1.255070724749e-01  
  1.802750251764e-05  ,1.520914661346e-01  ,1.479353717122e-01  
  1.803023129278e-05  ,1.626533219714e-01  ,1.579003696882e-01  
  1.803285575980e-05  ,1.716853014597e-01  ,1.663839237247e-01  
  1.803530625576e-05  ,1.790666399344e-01  ,1.732917445505e-01  
  1.803782604212e-05  ,1.855501585687e-01  ,1.793253407084e-01  
  1.804286561483e-05  ,1.949974205384e-01  ,1.879939575291e-01  
  1.805011353964e-05  ,1.999987276861e-01  ,1.921895371234e-01  
  1.805835388178e-05  ,1.931517089640e-01  ,1.849191413905e-01  
  1.806929729456e-05  ,1.643589679549e-01  ,1.564149167383e-01  
  1.807913653129e-05  ,1.219024496044e-01  ,1.150080466822e-01  
  1.808441601270e-05  ,9.405200650875e-02  ,8.800203212149e-02  
  1.808696634644e-05  ,7.962359432385e-02  ,7.404478658482e-02  
  1.808874200606e-05  ,6.927053212914e-02  ,6.404162148894e-02  
  1.809110756540e-05  ,5.514888613740e-02  ,5.041147325190e-02  
  1.809583868408e-05  ,2.607190595133e-02  ,2.238882234769e-02  
  1.809933710420e-05  ,4.164796081315e-03  ,1.313410601132e-03  
  1.810282546604e-05  ,-1.772962284552e-02  ,-1.971784317034e-02  
  1.810477416539e-05  ,-2.988462640614e-02  ,-3.138158554471e-02  
  1.810668412173e-05  ,-4.168960866409e-02  ,-4.270178993180e-02  
  1.811050403440e-05  ,-6.480746532603e-02  ,-6.483747220473e-02  
  1.811647641981e-05  ,-9.896301117063e-02  ,-9.746442555721e-02  
  1.812120157802e-05  ,-1.235797185150e-01  ,-1.209030513777e-01  
  1.812641549432e-05  ,-1.475683521426e-01  ,-1.436601721746e-01  
  1.812919903123e-05  ,-1.587943792222e-01  ,-1.542655598535e-01  
  1.813213120723e-05  ,-1.693058845143e-01  ,-1.641538069180e-01  
  1.813310015523e-05  ,-1.724678893712e-01  ,-1.671206141020e-01  
  1.813499819064e-05  ,-1.781961433427e-01  ,-1.724794418586e-01  
  1.813879426146e-05  ,-1.877343419180e-01  ,-1.813446270147e-01  
  1.814638640308e-05  ,-1.987126024340e-01  ,-1.912693903694e-01  
  1.815330203199e-05  ,-1.989248407344e-01  ,-1.908920629402e-01  
  1.816050823355e-05  ,-1.892003082474e-01  ,-1.809494895883e-01  
  1.817013736391e-05  ,-1.612945864323e-01  ,-1.534117202090e-01  
  1.817883666182e-05  ,-1.233907168106e-01  ,-1.164551903964e-01  
  1.818355064416e-05  ,-9.881520406978e-02  ,-9.261683789026e-02  
  1.818648356521e-05  ,-8.239697482185e-02  ,-7.672848334818e-02  
  1.818753614599e-05  ,-7.632681311435e-02  ,-7.086095634958e-02  
  1.818922239864e-05  ,-6.643118085344e-02  ,-6.129774903529e-02  
  1.819259490395e-05  ,-4.610904282584e-02  ,-4.168990121549e-02  
  1.819933991456e-05  ,-4.147141887747e-03  ,-1.294795463093e-03  
  1.820327978158e-05  ,2.057103088429e-02  ,2.244747752832e-02  
  1.820531826043e-05  ,3.326036602760e-02  ,3.462298702305e-02  
  1.820743571544e-05  ,4.629622611838e-02  ,4.711548169061e-02  
  1.821167062545e-05  ,7.169681100842e-02  ,7.141595070033e-02  
  1.821733455682e-05  ,1.036119773090e-01  ,1.018773334298e-01  
  1.822180192494e-05  ,1.265233995949e-01  ,1.236844379701e-01  
  1.822694953108e-05  ,1.498123197564e-01  ,1.457684169936e-01  
  1.822960044765e-05  ,1.603150786842e-01  ,1.556836326465e-01  
  1.823222118938e-05  ,1.696061802092e-01  ,1.644265243088e-01  
  1.823421012187e-05  ,1.758935407460e-01  ,1.703216247529e-01  
  1.823658611202e-05  ,1.825026410884e-01  ,1.764879549427e-01  
  1.824133809233e-05  ,1.926405523502e-01  ,1.858514894679e-01  
  1.824828799391e-05  ,1.997107950897e-01  ,1.920658329360e-01  
  1.825624074364e-05  ,1.961683941312e-01  ,1.879914840939e-01  
  1.826759691858e-05  ,1.702090635276e-01  ,1.621556448953e-01  
  1.827786381865e-05  ,1.281429209545e-01  ,1.210717600956e-01  
  1.828370134854e-05  ,9.799084396678e-02  ,9.181525437437e-02  
  1.828942488456e-05  ,6.522982130401e-02  ,6.014056668169e-02  
  1.829073581421e-05  ,5.739029973260e-02  ,5.257408990795e-02  
  1.829203053886e-05  ,4.955210157687e-02  ,4.501358411323e-02  
  1.829461998814e-05  ,3.364289596803e-02  ,2.967799485916e-02  
  1.829979888672e-05  ,1.263623621643e-03  ,-1.474583432368e-03  
  1.830365083688e-05  ,-2.288862496270e-02  ,-2.466871794372e-02  
  1.830564572984e-05  ,-3.528746951620e-02  ,-3.656264000352e-02  
  1.830758884126e-05  ,-4.723167303347e-02  ,-4.801196312561e-02  
  1.831147506410e-05  ,-7.054838461890e-02  ,-7.032797994745e-02  
  1.831692441875e-05  ,-1.013992378794e-01  ,-9.978606553491e-02  
  1.832131132060e-05  ,-1.241211336658e-01  ,-1.214117944273e-01  
  1.832636132413e-05  ,-1.473384035938e-01  ,-1.434369995993e-01  
  1.832911841148e-05  ,-1.584859116052e-01  ,-1.539697439691e-01  
  1.833201035434e-05  ,-1.689004361124e-01  ,-1.637691208983e-01  
  1.833294800991e-05  ,-1.719818906627e-01  ,-1.666613097492e-01  
  1.833482332104e-05  ,-1.776945845243e-01  ,-1.720055246981e-01  
  1.833857394332e-05  ,-1.872525254809e-01  ,-1.808982847759e-01  
  1.834607518786e-05  ,-1.984815964924e-01  ,-1.910731940425e-01  
  1.835288427347e-05  ,-1.991795059321e-01  ,-1.911668513781e-01  
  1.836012549275e-05  ,-1.899661675458e-01  ,-1.817159752357e-01  
  1.836996770972e-05  ,-1.619225688895e-01  ,-1.540283570399e-01  
  1.837882197970e-05  ,-1.234633047389e-01  ,-1.165268054617e-01  
  1.838362536901e-05  ,-9.840673129746e-02  ,-9.222185285996e-02  
  1.838662683541e-05  ,-8.157589532426e-02  ,-7.593494694183e-02  
  1.838770176792e-05  ,-7.536391284129e-02  ,-6.993075446058e-02  
  1.838936809027e-05  ,-6.556705321884e-02  ,-6.046350414892e-02  
  1.839270073497e-05  ,-4.546174605603e-02  ,-4.106595187099e-02  
  1.839936602437e-05  ,-3.983122979875e-03  ,-1.137276067986e-03  
  1.840327236378e-05  ,2.052467011605e-02  ,2.240278412320e-02  
  1.840528178537e-05  ,3.303435601364e-02  ,3.440598357347e-02  
  1.840739290738e-05  ,4.603451879705e-02  ,4.686450122471e-02  
  1.841161515141e-05  ,7.137131492661e-02  ,7.110462164482e-02  
  1.841730441475e-05  ,1.034499387488e-01  ,1.017229753886e-01  
  1.842178146863e-05  ,1.264238308841e-01  ,1.235900961911e-01  
  1.842693130994e-05  ,1.497364476705e-01  ,1.456969615012e-01  
  1.842958408916e-05  ,1.602536039358e-01  ,1.556260598539e-01  
  1.843221451664e-05  ,1.695839579012e-01  ,1.644059559678e-01  
  1.843419003808e-05  ,1.758334444587e-01  ,1.702656352002e-01  
  1.843656602824e-05  ,1.824509870342e-01  ,1.764400840855e-01  
  1.844131800854e-05  ,1.926065971486e-01  ,1.858206351960e-01  
  1.844827387059e-05  ,1.997060049474e-01  ,1.920625043103e-01  
  1.845621320927e-05  ,1.962020227041e-01  ,1.880261201135e-01  
  1.846751424992e-05  ,1.704812339312e-01  ,1.624231752158e-01  
  1.847777220929e-05  ,1.285843222268e-01  ,1.215010306588e-01  
  1.848364103162e-05  ,9.832104504222e-02  ,9.213514447798e-02  
  1.848943758333e-05  ,6.515439037273e-02  ,6.006777511798e-02  
  1.849082730287e-05  ,5.683939807931e-02  ,5.204254818144e-02  
  1.849220118994e-05  ,4.851259289279e-02  ,4.401120043167e-02  
  1.849494896406e-05  ,3.160357297156e-02  ,2.771341108628e-02  
  1.849907733077e-05  ,5.796489962741e-03  ,2.880194189300e-03  
  1.850241966122e-05  ,-1.518854236132e-02  ,-1.728010338394e-02  
  1.850438437933e-05  ,-2.746084342929e-02  ,-2.905879307239e-02  
  1.850663780743e-05  ,-4.140495560900e-02  ,-4.242737579826e-02  
  1.851032360965e-05  ,-6.373395430640e-02  ,-6.380090825710e-02  
  1.851622297937e-05  ,-9.757608453450e-02  ,-9.612579337263e-02  
  1.852097123438e-05  ,-1.224385483052e-01  ,-1.198082896742e-01  
  1.852619409138e-05  ,-1.466258234784e-01  ,-1.427557179139e-01  
  1.852928980762e-05  ,-1.591404888736e-01  ,-1.545815568245e-01  
  1.853225029582e-05  ,-1.697030265625e-01  ,-1.645166751852e-01  
  1.853315395811e-05  ,-1.726388097261e-01  ,-1.672715204493e-01  
  1.853496128270e-05  ,-1.780907316954e-01  ,-1.723729885820e-01  
  1.853857593188e-05  ,-1.872569144408e-01  ,-1.808980937416e-01  
  1.854580523023e-05  ,-1.982658470719e-01  ,-1.908878646354e-01  
  1.855286167511e-05  ,-1.991923041207e-01  ,-1.911864722401e-01  
  1.856015057811e-05  ,-1.899168119452e-01  ,-1.816668121402e-01  
  1.857001365671e-05  ,-1.617529475357e-01  ,-1.538607292629e-01  
  1.857888282785e-05  ,-1.231623023640e-01  ,-1.162330149912e-01  
  1.858368472704e-05  ,-9.808187246480e-02  ,-9.190617287831e-02  
  1.858653643677e-05  ,-8.209416213086e-02  ,-7.643532039803e-02  
  1.858758827248e-05  ,-7.602397934191e-02  ,-7.056795973180e-02  
  1.858929855326e-05  ,-6.597966428831e-02  ,-6.086155616657e-02  
  1.859271911481e-05  ,-4.534927761187e-02  ,-4.095726619253e-02  
  1.859956023791e-05  ,-2.763018777623e-03  ,3.587497313866e-05  
  1.860353437760e-05  ,2.216154579907e-02  ,2.397398076873e-02  
  1.860598450103e-05  ,3.738060052156e-02  ,3.857315188532e-02  
  1.860819136301e-05  ,5.090166619063e-02  ,5.152707122896e-02  
  1.861260508695e-05  ,7.714628818112e-02  ,7.662744261366e-02  
  1.861777578989e-05  ,1.059732602751e-01  ,1.041270210497e-01  
  1.862219174901e-05  ,1.284107893906e-01  ,1.254764146809e-01  
  1.862731327811e-05  ,1.513166431032e-01  ,1.471911478727e-01  
  1.862995003858e-05  ,1.616186839487e-01  ,1.569134242090e-01  
  1.863249329427e-05  ,1.705060144713e-01  ,1.652724190088e-01  
  1.863478658298e-05  ,1.775885306464e-01  ,1.719078261650e-01  
  1.863720578650e-05  ,1.840605958507e-01  ,1.779405984174e-01  
  1.864204419354e-05  ,1.937855007563e-01  ,1.868958500685e-01  
  1.864908275703e-05  ,1.999169693418e-01  ,1.921976889797e-01  
  1.865726796487e-05  ,1.948091586846e-01  ,1.866008355841e-01  
  1.867134360173e-05  ,1.566986079359e-01  ,1.489115816683e-01  
  1.868388590911e-05  ,9.697829869269e-02  ,9.082084140697e-02  
  1.868967277506e-05  ,6.375548517549e-02  ,5.869676429625e-02  
  1.869096768597e-05  ,5.599316570147e-02  ,5.120720064767e-02  
  1.869225142100e-05  ,4.820634701476e-02  ,4.369883239452e-02  
  1.869481889108e-05  ,3.241031149933e-02  ,2.847703531304e-02  
  1.869917673567e-05  ,5.172145670265e-03  ,2.270789939062e-03  
  1.870261629620e-05  ,-1.642017084484e-02  ,-1.846930199974e-02  
  1.870464434424e-05  ,-2.907784721809e-02  ,-3.061559784727e-02  
  1.870677260259e-05  ,-4.223317641593e-02  ,-4.322590730292e-02  
  1.871102911928e-05  ,-6.791970096384e-02  ,-6.780726051650e-02  
  1.871732038954e-05  ,-1.035358280251e-01  ,-1.018089882432e-01  
  1.872205895880e-05  ,-1.277700150029e-01  ,-1.248742844156e-01  
  1.872732949951e-05  ,-1.513832700420e-01  ,-1.472592173628e-01  
  1.873003443280e-05  ,-1.619304701431e-01  ,-1.572113553283e-01  
  1.873264772394e-05  ,-1.710111658354e-01  ,-1.657498693039e-01  
  1.873498534361e-05  ,-1.781594784887e-01  ,-1.724440794339e-01  
  1.873743248680e-05  ,-1.846131574875e-01  ,-1.784559414460e-01  
  1.874232677320e-05  ,-1.942170198526e-01  ,-1.872886011512e-01  
  1.874950168231e-05  ,-1.999754922477e-01  ,-1.922191589337e-01  
  1.875770030120e-05  ,-1.941763378070e-01  ,-1.859574319481e-01  
  1.876991031268e-05  ,-1.621339861067e-01  ,-1.542344696474e-01  
  1.878038433889e-05  ,-1.155948558570e-01  ,-1.088812839930e-01  
  1.878535760143e-05  ,-8.879043100413e-02  ,-8.290733341427e-02  
  1.878685628572e-05  ,-8.025748298195e-02  ,-7.465555625155e-02  
  1.878879194656e-05  ,-6.897608353956e-02  ,-6.375572087282e-02  
  1.879179862836e-05  ,-5.096247896744e-02  ,-4.636844925637e-02  
  1.879781199196e-05  ,-1.373683635096e-02  ,-1.051202640780e-02  
  1.880185765722e-05  ,1.166538010509e-02  ,1.390212985175e-02  
  1.880501968363e-05  ,3.140904025312e-02  ,3.284679818335e-02  
  1.880835903385e-05  ,5.191977092147e-02  ,5.250038421170e-02  
  1.881171626547e-05  ,7.196444235762e-02  ,7.168491652459e-02  
  1.881836292842e-05  ,1.090837118787e-01  ,1.071082097115e-01  
  1.882322443226e-05  ,1.333168454647e-01  ,1.301496055090e-01  
  1.882848603228e-05  ,1.560311940274e-01  ,1.516561106091e-01  
  1.883121033707e-05  ,1.661553400070e-01  ,1.611922594980e-01  
  1.883244005540e-05  ,1.703309351563e-01  ,1.651155364413e-01  
  1.883419597098e-05  ,1.758512046284e-01  ,1.702852914226e-01  
  1.883735836992e-05  ,1.844335331600e-01  ,1.782878887149e-01  
  1.884368316779e-05  ,1.960747016114e-01  ,1.889629359709e-01  
  1.885038198480e-05  ,1.999855991974e-01  ,1.921546460248e-01  
  1.885797561654e-05  ,1.937546761110e-01  ,1.855295541494e-01  
  1.886969836006e-05  ,1.629101229462e-01  ,1.549944540014e-01  
  1.887974919328e-05  ,1.188282897336e-01  ,1.120212217912e-01  
  1.888512925753e-05  ,9.007372325383e-02  ,8.414972098434e-02  
  1.888665029356e-05  ,8.144129908555e-02  ,7.580070608304e-02  
  1.888882251033e-05  ,6.879579609766e-02  ,6.358218687416e-02  
  1.889133521864e-05  ,5.377255467489e-02  ,4.908238336689e-02  
  1.889636063525e-05  ,2.281701551278e-02  ,1.925386420919e-02  
  1.890020811507e-05  ,-1.307616240524e-03  ,-3.948076160275e-03  
  1.890564927408e-05  ,-3.530938906076e-02  ,-3.658072011094e-02  
  1.890750670382e-05  ,-4.673002928596e-02  ,-4.752771705394e-02  
  1.890971915373e-05  ,-6.012277206139e-02  ,-6.035525092354e-02  
  1.891414405355e-05  ,-8.597395615156e-02  ,-8.506535339113e-02  
  1.891917692074e-05  ,-1.133343385178e-01  ,-1.111438019250e-01  
  1.892485798845e-05  ,-1.407890101795e-01  ,-1.372224985098e-01  
  1.892850653777e-05  ,-1.561117618872e-01  ,-1.517181187529e-01  
  1.893106171438e-05  ,-1.656337588948e-01  ,-1.606935264348e-01  
  1.893216644922e-05  ,-1.694236582417e-01  ,-1.642530046961e-01  
  1.893380799839e-05  ,-1.746769723786e-01  ,-1.691795853640e-01  
  1.893704751083e-05  ,-1.836692769674e-01  ,-1.775724946628e-01  
  1.894352653572e-05  ,-1.958783045594e-01  ,-1.887826716821e-01  
  1.894984015772e-05  ,-1.999974783653e-01  ,-1.922134602952e-01  
  1.895738908598e-05  ,-1.946354896698e-01  ,-1.864249506653e-01  
  1.897011467764e-05  ,-1.613788264458e-01  ,-1.534945271000e-01  
  1.898068556139e-05  ,-1.140452073874e-01  ,-1.073764716517e-01  
  1.898571544835e-05  ,-8.677016613953e-02  ,-8.095164352459e-02  
  1.898724356243e-05  ,-7.802278272964e-02  ,-7.249422836183e-02  
  1.898902499625e-05  ,-6.759979213371e-02  ,-6.242548756999e-02  
  1.899231889793e-05  ,-4.779476877428e-02  ,-4.330839683670e-02  
  1.899890670130e-05  ,-6.868047773074e-03  ,-3.906991107767e-03  
  1.900283092210e-05  ,1.776376905623e-02  ,1.975561789200e-02  
  1.900527992794e-05  ,3.302284567970e-02  ,3.439740985117e-02  
  1.900767752478e-05  ,4.777294292657e-02  ,4.853222925890e-02  
  1.901246452281e-05  ,7.633069720710e-02  ,7.584608146793e-02  
  1.901803010651e-05  ,1.073250281701e-01  ,1.054147873753e-01  
  1.902261519381e-05  ,1.304391276426e-01  ,1.274016077367e-01  
  1.902789169499e-05  ,1.536679900690e-01  ,1.494111583485e-01  
  1.903060072610e-05  ,1.639930333764e-01  ,1.591505950925e-01  
  1.903194853613e-05  ,1.686921010997e-01  ,1.635702793996e-01  
  1.903381453404e-05  ,1.746969684631e-01  ,1.691996411338e-01  
  1.903649748811e-05  ,1.822741599673e-01  ,1.762764107740e-01  
  1.904186339626e-05  ,1.935013968402e-01  ,1.866363009242e-01  
  1.904840724120e-05  ,1.997496721572e-01  ,1.920930974439e-01  
  1.905617670664e-05  ,1.962463781681e-01  ,1.880716509283e-01  
  1.906778918156e-05  ,1.695716385305e-01  ,1.615292062231e-01  
  1.907810823569e-05  ,1.269600629627e-01  ,1.199214898591e-01  
  1.908390180716e-05  ,9.689092503332e-02  ,9.074969118600e-02  
  1.908948154697e-05  ,6.489316549623e-02  ,5.981528259046e-02  
  1.909054660746e-05  ,5.852810449083e-02  ,5.367181063410e-02  
  1.909159471789e-05  ,5.220034008469e-02  ,4.756742218291e-02  
  1.909369093874e-05  ,3.938195941992e-02  ,3.520806211584e-02  
  1.909788338044e-05  ,1.328931437602e-02  ,1.008345580433e-02  
  1.910158259371e-05  ,-9.939633323766e-03  ,-1.224246470767e-02  
  1.910431360403e-05  ,-2.702029331793e-02  ,-2.863532203699e-02  
  1.910712955096e-05  ,-4.442267387213e-02  ,-4.531774424478e-02  
  1.910992947915e-05  ,-6.138183862762e-02  ,-6.156089380199e-02  
  1.911552933553e-05  ,-9.374881926332e-02  ,-9.248423883693e-02  
  1.912030366758e-05  ,-1.190952816984e-01  ,-1.166312671520e-01  
  1.912535069087e-05  ,-1.429708204013e-01  ,-1.392961284841e-01  
  1.912843038836e-05  ,-1.558122380377e-01  ,-1.514439808881e-01  
  1.913122063079e-05  ,-1.661913311174e-01  ,-1.612242503049e-01  
  1.913227488795e-05  ,-1.697847417978e-01  ,-1.646010467763e-01  
  1.913392444649e-05  ,-1.750321460155e-01  ,-1.695177891240e-01  
  1.913722356358e-05  ,-1.841042636130e-01  ,-1.779815046874e-01  
  1.914382179776e-05  ,-1.962445658890e-01  ,-1.891128098851e-01  
  1.915022110143e-05  ,-1.999951751800e-01  ,-1.921763925851e-01  
  1.915772681633e-05  ,-1.941363599652e-01  ,-1.859162204492e-01  
  1.916996663013e-05  ,-1.619265503267e-01  ,-1.540306339728e-01  
  1.918025886217e-05  ,-1.162373284903e-01  ,-1.095048869343e-01  
  1.918518071571e-05  ,-8.978493063064e-02  ,-8.386992763026e-02  
  1.918665257791e-05  ,-8.142818977903e-02  ,-7.578774095219e-02  
  1.918864262798e-05  ,-6.985595617022e-02  ,-6.460587930671e-02  
  1.919152935544e-05  ,-5.259667915792e-02  ,-4.794487167479e-02  
  1.919730281034e-05  ,-1.692666995399e-02  ,-1.358132098975e-02  
  1.920189683834e-05  ,1.191113428474e-02  ,1.413829173860e-02  
  1.920582403937e-05  ,3.638968569203e-02  ,3.762297327046e-02  
  1.920950499871e-05  ,5.883808371977e-02  ,5.912452042625e-02  
  1.921323922971e-05  ,8.080682142468e-02  ,8.013255558960e-02  
  1.921949324706e-05  ,1.149663337604e-01  ,1.127162733656e-01  
  1.922566232780e-05  ,1.443331751220e-01  ,1.405999803395e-01  
  1.922920135358e-05  ,1.588032499070e-01  ,1.542716291426e-01  
  1.923307118514e-05  ,1.723756534002e-01  ,1.670387667937e-01  
  1.923416791061e-05  ,1.757671518230e-01  ,1.702152798199e-01  
  1.923604620197e-05  ,1.810888216621e-01  ,1.751821853142e-01  
  1.923980278471e-05  ,1.898247395454e-01  ,1.832752469919e-01  
  1.924731595019e-05  ,1.992894027085e-01  ,1.917484982407e-01  
  1.925511819819e-05  ,1.974201287070e-01  ,1.892905228777e-01  
  1.926406038502e-05  ,1.808035399283e-01  ,1.726006757761e-01  
  1.927349132994e-05  ,1.479628762718e-01  ,1.403786972835e-01  
  1.928360921839e-05  ,9.849506239937e-02  ,9.230986362981e-02  
  1.928870690563e-05  ,6.947738186468e-02  ,6.424092681256e-02  
  1.928984814832e-05  ,6.271010685622e-02  ,5.770679691751e-02  
  1.929098026404e-05  ,5.591729141246e-02  ,5.115180121931e-02  
  1.929324449548e-05  ,4.212816251937e-02  ,3.785307226498e-02  
  1.929777295837e-05  ,1.398150206946e-02  ,1.075348268809e-02  
  1.930156530389e-05  ,-9.831130978932e-03  ,-1.213428189312e-02  
  1.930448108861e-05  ,-2.806260307049e-02  ,-2.963590688192e-02  
  1.930738979527e-05  ,-4.601548965592e-02  ,-4.684693660288e-02  
  1.931029105136e-05  ,-6.354001629932e-02  ,-6.361944477975e-02  
  1.931609356353e-05  ,-9.686547836675e-02  ,-9.545514772076e-02  
  1.932076358745e-05  ,-1.214043254790e-01  ,-1.188203564444e-01  
  1.932579868981e-05  ,-1.449249530255e-01  ,-1.411395785779e-01  
  1.932882586071e-05  ,-1.573580290590e-01  ,-1.528914956102e-01  
  1.933207841167e-05  ,-1.691290609668e-01  ,-1.639760269619e-01  
  1.933304642835e-05  ,-1.722967187414e-01  ,-1.669495106330e-01  
  1.933487927118e-05  ,-1.778556441794e-01  ,-1.721507321149e-01  
  1.933852782050e-05  ,-1.871505225780e-01  ,-1.808000677851e-01  
  1.934582491913e-05  ,-1.982820646921e-01  ,-1.909034274796e-01  
  1.935282473961e-05  ,-1.992130057573e-01  ,-1.912108497463e-01  
  1.936007340947e-05  ,-1.900682649157e-01  ,-1.818192682504e-01  
  1.936998268166e-05  ,-1.618673343809e-01  ,-1.539730185864e-01  
  1.937887420455e-05  ,-1.232049873358e-01  ,-1.162745240488e-01  
  1.938369249502e-05  ,-9.803933407696e-02  ,-9.186496279567e-02  
  1.938657661477e-05  ,-8.186389807669e-02  ,-7.621262787979e-02  
  1.938763515601e-05  ,-7.575143094430e-02  ,-7.030452532459e-02  
  1.938933407465e-05  ,-6.576893060756e-02  ,-6.065798315596e-02  
  1.939273191193e-05  ,-4.527096157504e-02  ,-4.088169717083e-02  
  1.939952758649e-05  ,-2.968152659504e-03  ,-1.613178962857e-04  
  1.940348384479e-05  ,2.184596619876e-02  ,2.367109568860e-02  
  1.940565084615e-05  ,3.531911148508e-02  ,3.659684702554e-02  
  1.940773849884e-05  ,4.814487639946e-02  ,4.888645376249e-02  
  1.941191380420e-05  ,7.312108899253e-02  ,7.277755902551e-02  
  1.941736390391e-05  ,1.037696529463e-01  ,1.020267915857e-01  
  1.942176719704e-05  ,1.263543346836e-01  ,1.235221181824e-01  
  1.942689543167e-05  ,1.495869086087e-01  ,1.455533988730e-01  
  1.942953889766e-05  ,1.600835556838e-01  ,1.554633191259e-01  
  1.943217863837e-05  ,1.694643443188e-01  ,1.642916771171e-01  
  1.943412435749e-05  ,1.756364211465e-01  ,1.700795961191e-01  
  1.943649624982e-05  ,1.822709575303e-01  ,1.762713173968e-01  
  1.944124003449e-05  ,1.924740415754e-01  ,1.856988904345e-01  
  1.944818174043e-05  ,1.996737928962e-01  ,1.920389558504e-01  
  1.945609127679e-05  ,1.963491777038e-01  ,1.881774662358e-01  
  1.946712856689e-05  ,1.717357937715e-01  ,1.636566759748e-01  
  1.947735970417e-05  ,1.305586473097e-01  ,1.234213981535e-01  
  1.948342298666e-05  ,9.951176457842e-02  ,9.328870044924e-02  
  1.948757817546e-05  ,7.608265491218e-02  ,7.062056534065e-02  
  1.948882987300e-05  ,6.875235624471e-02  ,6.353938876330e-02  
  1.949004562148e-05  ,6.153071681292e-02  ,5.656755211804e-02  
  1.949247711846e-05  ,4.682885729013e-02  ,4.238295802364e-02  
  1.949734011242e-05  ,1.669312342643e-02  ,1.336098448705e-02  
  1.950127476403e-05  ,-8.007437797101e-03  ,-1.038388763350e-02  
  1.950552234003e-05  ,-3.452408796842e-02  ,-3.583368521550e-02  
  1.950899915347e-05  ,-5.579311344744e-02  ,-5.620734300383e-02  
  1.951252290556e-05  ,-7.666963126539e-02  ,-7.617030944224e-02  
  1.951909431764e-05  ,-1.129063219077e-01  ,-1.107352125200e-01  
  1.952442446300e-05  ,-1.388413357032e-01  ,-1.353772176464e-01  
  1.952862510034e-05  ,-1.565763333878e-01  ,-1.521607211700e-01  
  1.953117506155e-05  ,-1.660318704210e-01  ,-1.610674440029e-01  
  1.953231481412e-05  ,-1.699171934432e-01  ,-1.647191551791e-01  
  1.953397610733e-05  ,-1.751889647802e-01  ,-1.696588777629e-01  
  1.953728602776e-05  ,-1.842572456173e-01  ,-1.781192585698e-01  
  1.954390586862e-05  ,-1.963457655564e-01  ,-1.892006155134e-01  
  1.955034540543e-05  ,-1.999882251928e-01  ,-1.921577947529e-01  
  1.955784664997e-05  ,-1.939540025895e-01  ,-1.857304222614e-01  
  1.956990317950e-05  ,-1.621602237888e-01  ,-1.542593336425e-01  
  1.958009408364e-05  ,-1.170782913569e-01  ,-1.103215187373e-01  
  1.958498091945e-05  ,-9.090490339650e-02  ,-8.495423651738e-02  
  1.958642931232e-05  ,-8.270746256211e-02  ,-7.702520155887e-02  
  1.958852516064e-05  ,-7.054706330586e-02  ,-6.527391894547e-02  
  1.959124425003e-05  ,-5.432286079613e-02  ,-4.961347639098e-02  
  1.959668242881e-05  ,-2.080719617774e-02  ,-1.732136849079e-02  
  1.960090243766e-05  ,5.669423467124e-03  ,8.137663786997e-03  
  1.960584217259e-05  ,3.650171239745e-02  ,3.772265763346e-02  
  1.960898482749e-05  ,5.570666844276e-02  ,5.612202142070e-02  
  1.961256445894e-05  ,7.691070737409e-02  ,7.641032581881e-02  
  1.961878569373e-05  ,1.113004506873e-01  ,1.092226908349e-01  
  1.962385581383e-05  ,1.362476108795e-01  ,1.329365659577e-01  
  1.962933720598e-05  ,1.593206938538e-01  ,1.547654223637e-01  
  1.963223920712e-05  ,1.696661476703e-01  ,1.644956601758e-01  
  1.963342124173e-05  ,1.734805922531e-01  ,1.680733666714e-01  
  1.963517548093e-05  ,1.786991548482e-01  ,1.729529972868e-01  
  1.963868395934e-05  ,1.874942436465e-01  ,1.811258451291e-01  
  1.964570091614e-05  ,1.981786588073e-01  ,1.908152172361e-01  
  1.965307773599e-05  ,1.990658339159e-01  ,1.910423652883e-01  
  1.966038228521e-05  ,1.894553543958e-01  ,1.812025778182e-01  
  1.967015893707e-05  ,1.612144037100e-01  ,1.533324786688e-01  
  1.967896403322e-05  ,1.227598963849e-01  ,1.158418846430e-01  
  1.968371973881e-05  ,9.789009758642e-02  ,9.172038588553e-02  
  1.968640828082e-05  ,8.282776064988e-02  ,7.714475859535e-02  
  1.968808019111e-05  ,7.315620432536e-02  ,6.779702040170e-02  
  1.969038130292e-05  ,5.952048087311e-02  ,5.463123189239e-02  
  1.969498352656e-05  ,3.138912017745e-02  ,2.750997963087e-02  
  1.969859594056e-05  ,8.819105138880e-03  ,5.789020902433e-03  
  1.970187270591e-05  ,-1.175977148585e-02  ,-1.398585735488e-02  
  1.970389404842e-05  ,-2.440604502587e-02  ,-2.612615328016e-02  
  1.970649318346e-05  ,-4.051551845955e-02  ,-4.157345751465e-02  
  1.970923127183e-05  ,-5.719216175939e-02  ,-5.754107619282e-02  
  1.971470744857e-05  ,-8.915648020980e-02  ,-8.809285345490e-02  
  1.972007112154e-05  ,-1.179182820101e-01  ,-1.155079459405e-01  
  1.972631470808e-05  ,-1.471401802109e-01  ,-1.432486843090e-01  
  1.972971291789e-05  ,-1.607365914292e-01  ,-1.560926413402e-01  
  1.973290176639e-05  ,-1.718333955972e-01  ,-1.665249807307e-01  
  1.973388338038e-05  ,-1.749071590815e-01  ,-1.694054132979e-01  
  1.973584660837e-05  ,-1.805529498938e-01  ,-1.746763081158e-01  
  1.973977306435e-05  ,-1.897658521851e-01  ,-1.832179572581e-01  
  1.974762597629e-05  ,-1.994440080225e-01  ,-1.918674770806e-01  
  1.975505793044e-05  ,-1.974804007916e-01  ,-1.893516829997e-01  
  1.976416253993e-05  ,-1.805282180994e-01  ,-1.723275412592e-01  
  1.977354729125e-05  ,-1.477260770869e-01  ,-1.401473790861e-01  
  1.978362345645e-05  ,-9.841719282870e-02  ,-9.223440421699e-02  
  1.978869655678e-05  ,-6.953835241587e-02  ,-6.429987299396e-02  
  1.978983202526e-05  ,-6.280629434385e-02  ,-5.779970592159e-02  
  1.979095836678e-05  ,-5.604937589139e-02  ,-5.127929008783e-02  
  1.979321104982e-05  ,-4.233356956405e-02  ,-3.805111623422e-02  
  1.979771641591e-05  ,-1.433587738634e-02  ,-1.109441847008e-02  
  1.980147821406e-05  ,9.284554777963e-03  ,1.160928684209e-02  
  1.980450948277e-05  ,2.823923273407e-02  ,2.980533058194e-02  
  1.980740477839e-05  ,4.610710065565e-02  ,4.693083822747e-02  
  1.981029411355e-05  ,6.355825948811e-02  ,6.363297513559e-02  
  1.981607278386e-05  ,9.675123031074e-02  ,9.534052076469e-02  
  1.982074280778e-05  ,1.213005435062e-01  ,1.187215649191e-01  
  1.982584198514e-05  ,1.451122884044e-01  ,1.413184258686e-01  
  1.982888666490e-05  ,1.575935472360e-01  ,1.531200211532e-01  
  1.983211649159e-05  ,1.692566455005e-01  ,1.640981208291e-01  
  1.983306997964e-05  ,1.723718121806e-01  ,1.670218981816e-01  
  1.983492666432e-05  ,1.779916415855e-01  ,1.722811529743e-01  
  1.983860725114e-05  ,1.873259429174e-01  ,1.809621796238e-01  
  1.984596842477e-05  ,1.983979774024e-01  ,1.910013492386e-01  
  1.985296973535e-05  ,1.991301984028e-01  ,1.911177567603e-01  
  1.986020201394e-05  ,1.898152427926e-01  ,1.815651313369e-01  
  1.987003081986e-05  ,1.616895002508e-01  ,1.537985886639e-01  
  1.987886571833e-05  ,1.232469848871e-01  ,1.163153444084e-01  
  1.988365271637e-05  ,9.825710519367e-02  ,9.207597223400e-02  
  1.988653534600e-05  ,8.210041158982e-02  ,7.644142895931e-02  
  1.988758960316e-05  ,7.601624599615e-02  ,7.056054605413e-02  
  1.988929075697e-05  ,6.602590544588e-02  ,6.090621959394e-02  
  1.989269306460e-05  ,4.550867751243e-02  ,4.111094833384e-02  
  1.989949767986e-05  ,3.156039528859e-03  ,3.419483850545e-04  
  1.990345691839e-05  ,-2.167778715873e-02  ,-2.350970505521e-02  
  1.990561050871e-05  ,-3.506961887068e-02  ,-3.635769092863e-02  
  1.990767580965e-05  ,-4.776247836467e-02  ,-4.852022146797e-02  
  1.991180641153e-05  ,-7.249262022484e-02  ,-7.217690157538e-02  
  1.991730494002e-05  ,-1.034527632825e-01  ,-1.017250590337e-01  
  1.992171568373e-05  ,-1.261032768461e-01  ,-1.232840511746e-01  
  1.992683721283e-05  ,-1.493438507379e-01  ,-1.453239368735e-01  
  1.992948254147e-05  ,-1.598710444465e-01  ,-1.552634777624e-01  
  1.993215059438e-05  ,-1.693706993248e-01  ,-1.642041307641e-01  
  1.993405310014e-05  ,-1.754218234090e-01  ,-1.698790534672e-01  
  1.993642536500e-05  ,-1.820871766189e-01  ,-1.761005227149e-01  
  1.994116989473e-05  ,-1.923538174956e-01  ,-1.855893008950e-01  
  1.994812277654e-05  ,-1.996522990998e-01  ,-1.920234249366e-01  
  1.995598462918e-05  ,-1.964755240935e-01  ,-1.883077957615e-01  
  1.996681479314e-05  ,-1.727378539924e-01  ,-1.646425385391e-01  
  1.997696844438e-05  ,-1.324110324394e-01  ,-1.252237539964e-01  
  1.998330143788e-05  ,-1.001735056023e-01  ,-9.392979292947e-02  
  1.998723236421e-05  ,-7.808756350583e-02  ,-7.255865076152e-02  
  1.998842687854e-05  ,-7.112455820554e-02  ,-6.583104278833e-02  
  1.998966535130e-05  ,-6.379969481111e-02  ,-5.875820243022e-02  
  1.999214229682e-05  ,-4.887149511556e-02  ,-4.435278793921e-02  
  1.999709618786e-05  ,-1.821989369593e-02  ,-1.483010424172e-02  
  2.000000000000e-05  ,7.857546894914e-16  ,2.688486689849e-03  
