  Time                 , V(D2:2)              , V(D4:1)              
  0.000000000000e+00  ,0.000000000000e+00  ,1.176793038016e-15  
  2.500000000000e-10  ,1.570780177742e-01  ,1.567551768827e-01  
  3.859498128295e-10  ,2.424934775327e-01  ,2.419636346450e-01  
  6.578494384885e-10  ,4.133095688346e-01  ,4.122598204459e-01  
  1.201648689806e-09  ,7.548388187069e-01  ,7.522585647060e-01  
  2.041422255337e-09  ,1.281784333457e+00  ,1.275624219039e+00  
  2.837982453406e-09  ,1.780795482092e+00  ,1.769937656365e+00  
  3.591515548527e-09  ,2.251830736976e+00  ,2.235378189747e+00  
  3.992403350770e-09  ,2.501929121904e+00  ,2.482054001422e+00  
  4.108178388327e-09  ,2.574084583967e+00  ,2.553162051121e+00  
  4.289064515382e-09  ,2.686751262007e+00  ,2.664139584414e+00  
  4.466434899718e-09  ,2.797143898225e+00  ,2.772811370071e+00  
  4.815401468426e-09  ,3.014078640974e+00  ,2.986171476625e+00  
  5.513334605843e-09  ,3.446835323851e+00  ,3.410979935351e+00  
  6.909200880677e-09  ,4.307170351201e+00  ,4.251521488787e+00  
  9.700933430344e-09  ,6.001357592196e+00  ,5.868120647795e+00  
  1.209182474390e-08  ,7.416103973896e+00  ,5.981125310241e+00  
  1.502139303461e-08  ,9.091784532240e+00  ,3.992448113565e+00  
  1.788018080965e-08  ,1.065289522113e+01  ,3.214994431148e+00  
  2.268431517854e-08  ,1.307680430337e+01  ,2.781093329637e+00  
  2.776263091341e-08  ,1.531476968261e+01  ,2.809263076156e+00  
  3.791926238313e-08  ,1.857679535142e+01  ,2.531062556318e+00  
  5.452809664980e-08  ,1.979797802067e+01  ,2.076863862670e+00  
  7.952926490083e-08  ,1.199369508824e+01  ,1.512433905463e+00  
  8.265441093221e-08  ,1.036712615617e+01  ,1.397485392517e+00  
  8.890470299497e-08  ,6.831064958772e+00  ,1.191295031954e+00  
  9.046727601066e-08  ,5.900455538632e+00  ,1.125729743214e+00  
  9.359242204204e-08  ,3.998864950888e+00  ,9.601913981156e-01  
  9.437370854989e-08  ,3.516724400893e+00  ,9.029228028203e-01  
  9.593628156558e-08  ,2.546379403969e+00  ,7.667762892145e-01  
  9.744763183966e-08  ,1.601982229997e+00  ,5.859312648990e-01  
  9.825452971831e-08  ,1.096161781367e+00  ,4.476722793422e-01  
  9.863613914326e-08  ,8.566768701342e-01  ,3.637397064694e-01  
  9.900508258119e-08  ,6.250232694103e-01  ,2.614973783695e-01  
  9.954031366482e-08  ,2.888194032892e-01  ,4.389283893531e-02  
  1.001545209028e-07  ,-9.708796528165e-02  ,-2.816747362061e-01  
  1.007115449347e-07  ,-4.470396351876e-01  ,-6.009338273927e-01  
  1.009581125863e-07  ,-6.019089936431e-01  ,-7.452366836696e-01  
  1.010281713270e-07  ,-6.459067658262e-01  ,-7.864717787069e-01  
  1.011448660456e-07  ,-7.191854685805e-01  ,-8.553449220558e-01  
  1.012936448269e-07  ,-8.125972799577e-01  ,-9.434539199973e-01  
  1.015497119687e-07  ,-9.733281290200e-01  ,-1.095747648286e+00  
  1.019903206788e-07  ,-1.249740636584e+00  ,-1.359233994935e+00  
  1.025474378429e-07  ,-1.598894354566e+00  ,-1.694117052866e+00  
  1.031215982102e-07  ,-1.958215680024e+00  ,-2.040418233561e+00  
  1.036715441905e-07  ,-2.301787311386e+00  ,-2.372652518492e+00  
  1.039277510308e-07  ,-2.461620842813e+00  ,-2.527491807550e+00  
  1.040131416693e-07  ,-2.514856501659e+00  ,-2.579096034999e+00  
  1.041599413902e-07  ,-2.606334321040e+00  ,-2.667808208669e+00  
  1.043233186528e-07  ,-2.708077123472e+00  ,-2.766523954179e+00  
  1.046500731781e-07  ,-2.911346024999e+00  ,-2.963881541348e+00  
  1.052222777680e-07  ,-3.266553676604e+00  ,-3.309109801654e+00  
  1.063666869476e-07  ,-3.973687876612e+00  ,-3.997183065510e+00  
  1.086555053070e-07  ,-5.371641529542e+00  ,-5.357031874321e+00  
  1.128993560150e-07  ,-7.884882633298e+00  ,-7.740744814151e+00  
  1.157845933512e-07  ,-9.516250927327e+00  ,-6.295017780781e+00  
  1.187365133837e-07  ,-1.110435788044e+01  ,-3.529910435680e+00  
  1.222744215801e-07  ,-1.288085948707e+01  ,-2.917294521482e+00  
  1.252758879736e-07  ,-1.426417669900e+01  ,-2.771399248762e+00  
  1.289642978981e-07  ,-1.578934139998e+01  ,-2.699071010155e+00  
  1.363411177471e-07  ,-1.818675770455e+01  ,-2.537223761517e+00  
  1.510947574452e-07  ,-1.998817250562e+01  ,-2.183304623930e+00  
  1.760959256962e-07  ,-1.364694369751e+01  ,-1.578356935822e+00  
  1.792210717276e-07  ,-1.214809105067e+01  ,-1.494072703199e+00  
  1.854713637903e-07  ,-8.814937740241e+00  ,-1.315837107881e+00  
  1.928042252138e-07  ,-4.482828024889e+00  ,-1.032290074448e+00  
  1.946374405697e-07  ,-3.353479665230e+00  ,-9.030095801320e-01  
  1.950957444087e-07  ,-3.069257895526e+00  ,-8.607006070826e-01  
  1.960123520866e-07  ,-2.498964635998e+00  ,-7.686352092926e-01  
  1.969392043129e-07  ,-1.920192338305e+00  ,-6.590301126824e-01  
  1.978852417842e-07  ,-1.327764504751e+00  ,-5.155152556442e-01  
  1.983529519811e-07  ,-1.034409060268e+00  ,-4.260802492556e-01  
  1.984794488698e-07  ,-9.550271381913e-01  ,-3.986413294866e-01  
  1.986018479392e-07  ,-8.782023932914e-01  ,-3.704198789519e-01  
  1.988466460779e-07  ,-7.245150838999e-01  ,-3.073731107830e-01  
  1.993362423554e-07  ,-4.170210043109e-01  ,-1.363965499316e-01  
  1.998620670810e-07  ,-8.666553775594e-02  ,1.215485263503e-01  
  2.003520358875e-07  ,2.211861625535e-01  ,3.937977556457e-01  
  2.007344369367e-07  ,4.614193938941e-01  ,6.144640973135e-01  
  2.009708997384e-07  ,6.099397101181e-01  ,7.529425812473e-01  
  2.010336941630e-07  ,6.493750461773e-01  ,7.899098794386e-01  
  2.011357554756e-07  ,7.134648014547e-01  ,8.501357393365e-01  
  2.012774329223e-07  ,8.024193460583e-01  ,9.340014217309e-01  
  2.014864449911e-07  ,9.336215205220e-01  ,1.058199042718e+00  
  2.018650276177e-07  ,1.171161050122e+00  ,1.284274235914e+00  
  2.024818425588e-07  ,1.557808172197e+00  ,1.654708619512e+00  
  2.030765851550e-07  ,1.930067086763e+00  ,2.013320849215e+00  
  2.036397559159e-07  ,2.281945723685e+00  ,2.353512575348e+00  
  2.039171503447e-07  ,2.455010742039e+00  ,2.521151987490e+00  
  2.040064991042e-07  ,2.510715926935e+00  ,2.575147002943e+00  
  2.041652430370e-07  ,2.609637001429e+00  ,2.671075430534e+00  
  2.043238938376e-07  ,2.708435194002e+00  ,2.766933490391e+00  
  2.046411954388e-07  ,2.905827279127e+00  ,2.958580205668e+00  
  2.052287668511e-07  ,3.270576070607e+00  ,3.313077149771e+00  
  2.064039096758e-07  ,3.996606615391e+00  ,4.019549152337e+00  
  2.087541953251e-07  ,5.431345982615e+00  ,5.415112391086e+00  
  2.129764393494e-07  ,7.929369571781e+00  ,7.778992125449e+00  
  2.158478931114e-07  ,9.551213782285e+00  ,6.226464753976e+00  
  2.187454239056e-07  ,1.110901386678e+01  ,3.539699309474e+00  
  2.224483624622e-07  ,1.296427265002e+01  ,2.899564730777e+00  
  2.255269423649e-07  ,1.437430149023e+01  ,2.758905119059e+00  
  2.292991713211e-07  ,1.591761169486e+01  ,2.689817513231e+00  
  2.368436292335e-07  ,1.831585115108e+01  ,2.525556021817e+00  
  2.519325450584e-07  ,1.996315100934e+01  ,2.162538143531e+00  
  2.769337133095e-07  ,1.325745009821e+01  ,1.558259804989e+00  
  2.800588593408e-07  ,1.172576556320e+01  ,1.471336084403e+00  
  2.863091514036e-07  ,8.339428333475e+00  ,1.288379357877e+00  
  2.924208626673e-07  ,4.717242387608e+00  ,1.046772935179e+00  
  2.939487904832e-07  ,3.779227393168e+00  ,9.468664667968e-01  
  2.964864582345e-07  ,2.203143181703e+00  ,7.218115175768e-01  
  2.981855631396e-07  ,1.139427020518e+00  ,4.735305058102e-01  
  2.984270085171e-07  ,9.879374859088e-01  ,4.217863411827e-01  
  2.989098992720e-07  ,6.847966117184e-01  ,2.972788423385e-01  
  2.993464567289e-07  ,4.106044981102e-01  ,1.362370002017e-01  
  2.998584978804e-07  ,8.890811105014e-02  ,-1.179085935261e-01  
  3.003571279868e-07  ,-2.243854243995e-01  ,-3.956967164818e-01  
  3.007089350894e-07  ,-4.454002292393e-01  ,-5.989121847534e-01  
  3.009406248629e-07  ,-5.909260198761e-01  ,-7.345766536102e-01  
  3.010012888871e-07  ,-6.290246131017e-01  ,-7.702803216292e-01  
  3.011052943356e-07  ,-6.943373609926e-01  ,-8.316383492285e-01  
  3.012451091371e-07  ,-7.821256553504e-01  ,-9.143839414577e-01  
  3.014598954059e-07  ,-9.169577868942e-01  ,-1.041995575794e+00  
  3.018562662937e-07  ,-1.165665549998e+00  ,-1.278710677845e+00  
  3.024699147381e-07  ,-1.550336360945e+00  ,-1.647292784723e+00  
  3.030714559890e-07  ,-1.926859353380e+00  ,-2.010041997073e+00  
  3.036355580725e-07  ,-2.279325345588e+00  ,-2.350827447614e+00  
  3.039166312255e-07  ,-2.454687036156e+00  ,-2.520703177131e+00  
  3.040064456463e-07  ,-2.510682604049e+00  ,-2.574983416821e+00  
  3.041667961106e-07  ,-2.610604480576e+00  ,-2.671889033920e+00  
  3.043243758902e-07  ,-2.708735286109e+00  ,-2.767105686582e+00  
  3.046395354494e-07  ,-2.904795340489e+00  ,-2.957469222039e+00  
  3.052304596230e-07  ,-3.271625348355e+00  ,-3.314004532668e+00  
  3.064123079702e-07  ,-4.001776849837e+00  ,-4.024510559172e+00  
  3.087760046646e-07  ,-5.444532944669e+00  ,-5.427861620676e+00  
  3.129982486889e-07  ,-7.941947920709e+00  ,-7.789439427512e+00  
  3.158622518703e-07  ,-9.559139417869e+00  ,-6.206742771924e+00  
  3.187415287420e-07  ,-1.110697864658e+01  ,-3.544470794737e+00  
  3.225003466532e-07  ,-1.298912658880e+01  ,-2.893766587489e+00  
  3.256105915233e-07  ,-1.441079585914e+01  ,-2.754505417696e+00  
  3.294074073955e-07  ,-1.595869451572e+01  ,-2.686735847819e+00  
  3.370010391399e-07  ,-1.835535180607e+01  ,-2.521931427749e+00  
  3.521883026287e-07  ,-1.995275634875e+01  ,-2.156179341620e+00  
  3.771894708797e-07  ,-1.313670425320e+01  ,-1.552116284066e+00  
  3.803146169111e-07  ,-1.159520724443e+01  ,-1.464315592474e+00  
  3.865649089739e-07  ,-8.193099860483e+00  ,-1.279775286089e+00  
  3.926706597731e-07  ,-4.564574712567e+00  ,-1.033712446714e+00  
  3.941970974728e-07  ,-3.625908777898e+00  ,-9.303001022347e-01  
  3.966010273024e-07  ,-2.131581289919e+00  ,-7.087917532798e-01  
  3.969673630372e-07  ,-1.902580673816e+00  ,-6.609107710023e-01  
  3.977000345066e-07  ,-1.443853813082e+00  ,-5.507062719057e-01  
  3.979394309744e-07  ,-1.293789639235e+00  ,-5.091274142190e-01  
  3.980559859946e-07  ,-1.220700842183e+00  ,-4.875670821813e-01  
  3.982276520282e-07  ,-1.113023755484e+00  ,-4.540655276374e-01  
  3.985349884778e-07  ,-9.201689453683e-01  ,-3.878676446401e-01  
  3.991165062934e-07  ,-5.550441951156e-01  ,-2.237778662596e-01  
  3.997053815573e-07  ,-1.851115839556e-01  ,3.865079726905e-02  
  4.003080403954e-07  ,1.935444676360e-01  ,3.684154198659e-01  
  4.007536782473e-07  ,4.735057629862e-01  ,6.254790724761e-01  
  4.010133775473e-07  ,6.366163391394e-01  ,7.777835177336e-01  
  4.010832267404e-07  ,6.804800744840e-01  ,8.189693535288e-01  
  4.011841937490e-07  ,7.438792569569e-01  ,8.786391406324e-01  
  4.013325767182e-07  ,8.370380960293e-01  ,9.665938810474e-01  
  4.015381196104e-07  ,9.660530016007e-01  ,1.088870877164e+00  
  4.018895541839e-07  ,1.186544752681e+00  ,1.298871075188e+00  
  4.025026438348e-07  ,1.570837958705e+00  ,1.667164241938e+00  
  4.030834165923e-07  ,1.934339327245e+00  ,2.017389635715e+00  
  4.036416513436e-07  ,2.283128874702e+00  ,2.354611604889e+00  
  4.039126196466e-07  ,2.452185523799e+00  ,2.518371026965e+00  
  4.040017122924e-07  ,2.507732049207e+00  ,2.572212526161e+00  
  4.041585702971e-07  ,2.605480181793e+00  ,2.667003412348e+00  
  4.043173840791e-07  ,2.704382614237e+00  ,2.762962289037e+00  
  4.046350116432e-07  ,2.901983059182e+00  ,2.954810932315e+00  
  4.052120591104e-07  ,3.260219152721e+00  ,3.302974726127e+00  
  4.063661540449e-07  ,3.973359718749e+00  ,3.996893934025e+00  
  4.086743439138e-07  ,5.383042317647e+00  ,5.368195457080e+00  
  4.128444338739e-07  ,7.853157311108e+00  ,7.713566700078e+00  
  4.157430822551e-07  ,9.493302336413e+00  ,6.345093911996e+00  
  4.187363530099e-07  ,1.110427407289e+01  ,3.521096270871e+00  
  4.221621299684e-07  ,1.282680570328e+01  ,2.558927517792e+00  
  4.277455950677e-07  ,1.530788323011e+01  ,2.477268529015e+00  
  4.331636572778e-07  ,1.726695694650e+01  ,2.549445313533e+00  
  4.439997816980e-07  ,1.964571931229e+01  ,2.397172506181e+00  
  4.656720305383e-07  ,1.762447619103e+01  ,1.795760152981e+00  
  4.906731987894e-07  ,5.776706735079e+00  ,1.201189402443e+00  
  4.937983448207e-07  ,3.872009670105e+00  ,9.508080522853e-01  
  4.945796313286e-07  ,3.389282495096e+00  ,8.901395478230e-01  
  4.961422043443e-07  ,2.417994875525e+00  ,7.478061658015e-01  
  4.976401435733e-07  ,1.481383629094e+00  ,5.577870541745e-01  
  4.983553061783e-07  ,1.032931851451e+00  ,4.278124055386e-01  
  4.985729795471e-07  ,8.963230804642e-01  ,3.793497724080e-01  
  4.987887669876e-07  ,7.608565013096e-01  ,3.251466118581e-01  
  4.992203418687e-07  ,4.898246704847e-01  ,1.849105728341e-01  
  4.997419756427e-07  ,1.621197095900e-01  ,-5.791763664646e-02  
  5.002248663977e-07  ,-1.412865494268e-01  ,-3.216681295159e-01  
  5.006725997254e-07  ,-4.225754235524e-01  ,-5.785577754901e-01  
  5.009167925045e-07  ,-5.759580808134e-01  ,-7.212783026806e-01  
  5.009794472307e-07  ,-6.153077378191e-01  ,-7.581064649271e-01  
  5.010987263694e-07  ,-6.902130590428e-01  ,-8.284100130202e-01  
  5.012192627937e-07  ,-7.658980852093e-01  ,-8.996852534915e-01  
  5.014603356421e-07  ,-9.172341044845e-01  ,-1.042822747774e+00  
  5.019031795263e-07  ,-1.195090619288e+00  ,-1.307303701498e+00  
  5.024927998483e-07  ,-1.564671831673e+00  ,-1.661501642393e+00  
  5.031001152992e-07  ,-1.944781979789e+00  ,-2.027731573926e+00  
  5.036615165472e-07  ,-2.295528509459e+00  ,-2.366874465717e+00  
  5.039340215325e-07  ,-2.465530711142e+00  ,-2.531562480885e+00  
  5.040203900598e-07  ,-2.519374586418e+00  ,-2.583757084647e+00  
  5.041729406975e-07  ,-2.614432158389e+00  ,-2.675943641050e+00  
  5.043347347118e-07  ,-2.715183811474e+00  ,-2.773701242012e+00  
  5.046583227403e-07  ,-2.916474068737e+00  ,-2.969142980948e+00  
  5.052607953139e-07  ,-3.290427589215e+00  ,-3.332608266365e+00  
  5.064657404609e-07  ,-4.034664906589e+00  ,-4.056833862777e+00  
  5.088756307550e-07  ,-5.504739010064e+00  ,-5.486577227930e+00  
  5.132297500558e-07  ,-8.075233348312e+00  ,-7.898978215993e+00  
  5.160509123988e-07  ,-9.663093498348e+00  ,-6.014528872071e+00  
  5.188076272197e-07  ,-1.114149249422e+01  ,-3.554223793073e+00  
  5.232347622104e-07  ,-1.333652205550e+01  ,-2.825985797415e+00  
  5.267614945360e-07  ,-1.490269870773e+01  ,-2.706488242447e+00  
  5.308421775289e-07  ,-1.648567063975e+01  ,-2.649948379631e+00  
  5.390035435148e-07  ,-1.881836944755e+01  ,-2.475486060684e+00  
  5.553262754865e-07  ,-1.972065980533e+01  ,-2.078161035402e+00  
  5.803274437375e-07  ,-1.158863966331e+01  ,-1.475532007331e+00  
  5.834525897689e-07  ,-9.935037794543e+00  ,-1.374404221498e+00  
  5.897028818317e-07  ,-6.357615914654e+00  ,-1.162174098541e+00  
  5.912654548474e-07  ,-5.419462371733e+00  ,-1.087104680295e+00  
  5.943906008787e-07  ,-3.506275511357e+00  ,-9.037671099440e-01  
  5.951718873866e-07  ,-3.021973832414e+00  ,-8.390081778202e-01  
  5.967344604023e-07  ,-2.048201841230e+00  ,-6.790975214583e-01  
  5.980081371553e-07  ,-1.250707712927e+00  ,-4.938858696327e-01  
  5.986420884319e-07  ,-8.529422376610e-01  ,-3.623995387395e-01  
  5.988650703393e-07  ,-7.129462566682e-01  ,-3.037998220165e-01  
  5.991333843730e-07  ,-5.444433920158e-01  ,-2.177172136668e-01  
  5.995733877234e-07  ,-2.680403741888e-01  ,-2.762386348285e-02  
  6.000453820042e-07  ,2.851434455960e-02  ,2.211326684903e-01  
  6.005604965203e-07  ,3.521521513756e-01  ,5.133469929260e-01  
  6.008137696944e-07  ,5.112508834189e-01  ,6.606609292973e-01  
  6.009726998918e-07  ,6.110702527771e-01  ,7.538892512708e-01  
  6.010347026922e-07  ,6.500083893406e-01  ,7.903942791312e-01  
  6.011427244693e-07  ,7.178407451578e-01  ,8.541492134328e-01  
  6.013436573148e-07  ,8.439940892906e-01  ,9.732003194352e-01  
  6.016126232743e-07  ,1.012807703797e+00  ,1.133319632089e+00  
  6.021505551934e-07  ,1.350205944652e+00  ,1.455429081447e+00  
  6.027753795087e-07  ,1.741613707246e+00  ,1.831524651457e+00  
  6.033416236341e-07  ,2.095749608816e+00  ,2.173325811748e+00  
  6.037488909960e-07  ,2.350055969906e+00  ,2.419412695999e+00  
  6.039982526153e-07  ,2.505575410724e+00  ,2.570111799181e+00  
  6.040691262633e-07  ,2.549749554065e+00  ,2.612942047877e+00  
  6.041980213076e-07  ,2.630054734433e+00  ,2.690831299416e+00  
  6.043520620614e-07  ,2.725969709320e+00  ,2.783901578767e+00  
  6.045976518244e-07  ,2.878755620356e+00  ,2.932239126884e+00  
  6.050069215298e-07  ,3.132984609731e+00  ,3.179258641945e+00  
  6.058254609406e-07  ,3.639846855617e+00  ,3.672259635315e+00  
  6.074625397623e-07  ,4.646017415833e+00  ,4.651602895497e+00  
  6.107366974056e-07  ,6.618871064603e+00  ,6.562089082100e+00  
  6.156138474643e-07  ,9.421754231560e+00  ,6.812351265666e+00  
  6.185575718582e-07  ,1.101067243192e+01  ,4.167052615361e+00  
  6.216138000190e-07  ,1.256057594271e+01  ,3.005043193415e+00  
  6.270720953643e-07  ,1.503213955581e+01  ,2.540136662763e+00  
  6.326712066829e-07  ,1.710876274079e+01  ,2.721671807293e+00  
  6.438694293201e-07  ,1.963020701551e+01  ,2.300695233557e+00  
  6.604603821933e-07  ,1.892975566602e+01  ,1.996859490306e+00  
  6.854615504444e-07  ,8.820472033258e+00  ,1.304926687900e+00  
  6.885866964757e-07  ,7.018514272081e+00  ,1.201378021049e+00  
  6.948369885385e-07  ,3.229809955218e+00  ,8.944558128683e-01  
  6.956694046557e-07  ,2.712607026164e+00  ,8.155362990305e-01  
  6.973342368901e-07  ,1.672991135605e+00  ,6.098530255540e-01  
  6.982323112488e-07  ,1.110100805734e+00  ,4.565916824823e-01  
  6.988528514802e-07  ,7.206186600512e-01  ,3.107713526235e-01  
  6.994724603891e-07  ,3.314477396282e-01  ,7.781883604115e-02  
  7.001255969107e-07  ,-7.891466163370e-02  ,-2.649204864413e-01  
  7.007372895777e-07  ,-4.632112821945e-01  ,-6.157005404061e-01  
  7.010106327534e-07  ,-6.348926058162e-01  ,-7.759728410692e-01  
  7.010889453404e-07  ,-6.840710854869e-01  ,-8.221607126661e-01  
  7.012027413175e-07  ,-7.555248473270e-01  ,-8.894513213817e-01  
  7.013645120487e-07  ,-8.570856503858e-01  ,-9.854213110474e-01  
  7.016025115326e-07  ,-1.006462409805e+00  ,-1.127162078046e+00  
  7.019939929768e-07  ,-1.252043492049e+00  ,-1.361396996862e+00  
  7.025269888863e-07  ,-1.586086691196e+00  ,-1.681797327259e+00  
  7.030774005279e-07  ,-1.930577008897e+00  ,-2.013754835095e+00  
  7.036035977826e-07  ,-2.259373794520e+00  ,-2.331629142406e+00  
  7.038659047857e-07  ,-2.423052539538e+00  ,-2.490158999260e+00  
  7.039605038762e-07  ,-2.482042284228e+00  ,-2.547331494891e+00  
  7.041231593639e-07  ,-2.583418836847e+00  ,-2.645632020911e+00  
  7.042734049782e-07  ,-2.677000945850e+00  ,-2.736421047656e+00  
  7.045738962069e-07  ,-2.863984154700e+00  ,-2.917941988595e+00  
  7.051748786643e-07  ,-3.237168243526e+00  ,-3.280607465388e+00  
  7.063768435791e-07  ,-3.979942047375e+00  ,-4.003356726369e+00  
  7.087800283507e-07  ,-5.446965577187e+00  ,-5.430283261289e+00  
  7.128890235499e-07  ,-7.878915959771e+00  ,-7.736215298186e+00  
  7.157455761507e-07  ,-9.494681493652e+00  ,-6.335349520250e+00  
  7.186740268543e-07  ,-1.107168256847e+01  ,-3.558313482396e+00  
  7.221527029350e-07  ,-1.282226054227e+01  ,-2.925096475887e+00  
  7.251206417158e-07  ,-1.419563362427e+01  ,-2.773841381363e+00  
  7.287654657438e-07  ,-1.571235275535e+01  ,-2.702377385046e+00  
  7.360551137999e-07  ,-1.811125823629e+01  ,-2.543918346516e+00  
  7.506344099119e-07  ,-1.999602785322e+01  ,-2.194693235034e+00  
  7.756355781630e-07  ,-1.385695536399e+01  ,-1.589370589956e+00  
  7.787607241943e-07  ,-1.237658665315e+01  ,-1.506409717008e+00  
  7.850110162571e-07  ,-9.073642154821e+00  ,-1.330495244448e+00  
  7.865735892728e-07  ,-8.188124202737e+00  ,-1.277995596052e+00  
  7.896987353042e-07  ,-6.360086063571e+00  ,-1.159001207121e+00  
  7.959490273669e-07  ,-2.538435950808e+00  ,-7.900721580384e-01  
  7.969624925926e-07  ,-1.905626963971e+00  ,-6.643943272896e-01  
  7.984965671375e-07  ,-9.442835453441e-01  ,-4.032368881748e-01  
  7.986800376847e-07  ,-8.291191118421e-01  ,-3.589965693186e-01  
  7.990469787791e-07  ,-5.987114357658e-01  ,-2.516500664678e-01  
  7.995039322004e-07  ,-3.116759742865e-01  ,-6.294246329665e-02  
  8.000684999451e-07  ,4.303975164188e-02  ,2.331893104626e-01  
  8.005851045772e-07  ,3.676113458507e-01  ,5.271275711613e-01  
  8.008639425561e-07  ,5.427644725555e-01  ,6.896986865219e-01  
  8.009475636818e-07  ,5.952838908328e-01  ,7.388002332551e-01  
  8.010526983589e-07  ,6.613093224813e-01  ,8.007156385404e-01  
  8.011797773242e-07  ,7.411062483409e-01  ,8.757979767315e-01  
  8.014339352548e-07  ,9.006633921188e-01  ,1.026634602530e+00  
  8.019422511160e-07  ,1.219595249368e+00  ,1.330292556755e+00  
  8.025526399314e-07  ,1.602152440094e+00  ,1.697158657402e+00  
  8.031799788177e-07  ,1.994717735542e+00  ,2.075599901697e+00  
  8.036950933337e-07  ,2.316484723463e+00  ,2.386826211613e+00  
  8.039771909416e-07  ,2.492445681884e+00  ,2.557320399050e+00  
  8.040567840971e-07  ,2.542057828751e+00  ,2.605421607365e+00  
  8.042042357437e-07  ,2.633925420980e+00  ,2.694527431145e+00  
  8.043639575653e-07  ,2.733373934014e+00  ,2.791031830876e+00  
  8.046640296988e-07  ,2.920021479658e+00  ,2.972267933342e+00  
  8.052179803662e-07  ,3.263889767460e+00  ,3.306483634865e+00  
  8.063258817010e-07  ,3.948557070935e+00  ,3.972686233309e+00  
  8.085416843705e-07  ,5.302719250404e+00  ,5.290074379933e+00  
  8.127624382786e-07  ,7.805749752670e+00  ,7.671812189744e+00  
  8.156864186339e-07  ,9.461950917427e+00  ,6.409285328998e+00  
  8.187549402528e-07  ,1.111398545176e+01  ,3.496456951883e+00  
  8.220525672249e-07  ,1.277391165133e+01  ,2.942067397560e+00  
  8.249396672063e-07  ,1.411530508241e+01  ,2.791583503929e+00  
  8.285088678412e-07  ,1.561209128615e+01  ,2.713321831248e+00  
  8.356472691111e-07  ,1.800106755639e+01  ,2.553396439503e+00  
  8.499240716510e-07  ,1.999994310063e+01  ,2.212336651730e+00  
  8.749252399020e-07  ,1.417531162423e+01  ,1.606256427424e+00  
  8.780503859334e-07  ,1.272407060514e+01  ,1.525255608893e+00  
  8.843006779961e-07  ,9.469092864016e+00  ,1.352600080848e+00  
  8.943172385506e-07  ,3.551647179155e+00  ,9.612402871206e-01  
  8.966552307419e-07  ,2.097715171304e+00  ,7.336084128114e-01  
  8.970778183602e-07  ,1.833482969016e+00  ,6.734051032675e-01  
  8.976440624855e-07  ,1.478928056427e+00  ,5.819138200707e-01  
  8.980400142781e-07  ,1.230717303915e+00  ,5.087739236696e-01  
  8.981600151919e-07  ,1.155452828935e+00  ,4.846312765580e-01  
  8.983219256215e-07  ,1.053876911185e+00  ,4.503343760695e-01  
  8.986240932308e-07  ,8.642385321677e-01  ,3.797148392255e-01  
  8.990613957457e-07  ,5.896569871236e-01  ,2.510328736093e-01  
  8.996060331874e-07  ,2.475303290611e-01  ,1.453472013174e-02  
  9.001861540191e-07  ,-1.169633530379e-01  ,-2.983048872054e-01  
  9.007738185637e-07  ,-4.861566542765e-01  ,-6.366021626310e-01  
  9.010799442939e-07  ,-6.784188430705e-01  ,-8.165555156594e-01  
  9.011653698571e-07  ,-7.320599112741e-01  ,-8.670645481032e-01  
  9.012682926431e-07  ,-7.966809303906e-01  ,-9.280534851217e-01  
  9.014369784445e-07  ,-9.025735406132e-01  ,-1.028297889464e+00  
  9.016378880069e-07  ,-1.028661315255e+00  ,-1.148086158550e+00  
  9.020362146720e-07  ,-1.278519021934e+00  ,-1.386568195312e+00  
  9.025520742461e-07  ,-1.601798151540e+00  ,-1.696785488666e+00  
  9.030924276039e-07  ,-1.939974492337e+00  ,-2.022731074784e+00  
  9.036148995683e-07  ,-2.266429315862e+00  ,-2.338380571964e+00  
  9.038738538101e-07  ,-2.428010193113e+00  ,-2.494891929519e+00  
  9.039654610269e-07  ,-2.485132845638e+00  ,-2.550258536357e+00  
  9.041217835210e-07  ,-2.582561609097e+00  ,-2.644735375279e+00  
  9.042748929523e-07  ,-2.677927451809e+00  ,-2.737258272639e+00  
  9.045811118148e-07  ,-2.868471056405e+00  ,-2.922243757878e+00  
  9.051621639691e-07  ,-3.229284448303e+00  ,-3.272894036694e+00  
  9.063242682777e-07  ,-3.947563275243e+00  ,-3.971806968253e+00  
  9.086484768949e-07  ,-5.367387578038e+00  ,-5.353009914276e+00  
  9.127403357588e-07  ,-7.792961818373e+00  ,-7.662191065898e+00  
  9.155808696114e-07  ,-9.403471822909e+00  ,-6.531636739982e+00  
  9.186080405079e-07  ,-1.103713082487e+01  ,-3.564032664695e+00  
  9.217592635714e-07  ,-1.263156912666e+01  ,-2.964574306461e+00  
  9.245532312952e-07  ,-1.394225506098e+01  ,-2.799919164070e+00  
  9.280184963308e-07  ,-1.541767013205e+01  ,-2.721956509412e+00  
  9.349490264021e-07  ,-1.780556738916e+01  ,-2.569481979099e+00  
  9.488100865446e-07  ,-1.998602731331e+01  ,-2.240202733455e+00  
  9.738112547956e-07  ,-1.466029765180e+01  ,-1.632460417199e+00  
  9.932185271345e-07  ,-4.228765159370e+00  ,-1.079551948597e+00  
  9.952409872375e-07  ,-2.979048509850e+00  ,-8.950533685219e-01  
  9.992859074436e-07  ,-4.486399517765e-01  ,-1.802626156123e-01  
  1.001084477600e-06  ,6.812655570214e-01  ,8.157346706291e-01  
  1.001853377517e-06  ,1.163853558948e+00  ,1.274818498346e+00  
  1.002067302313e-06  ,1.298011397991e+00  ,1.403365371101e+00  
  1.002288421575e-06  ,1.436619386342e+00  ,1.536461545943e+00  
  1.002665234689e-06  ,1.672660282151e+00  ,1.763672129320e+00  
  1.003060907084e-06  ,1.920262007977e+00  ,2.002638526764e+00  
  1.003537092317e-06  ,2.217849771845e+00  ,2.290527031624e+00  
  1.003780120943e-06  ,2.369541257121e+00  ,2.437506465028e+00  
  1.003991833847e-06  ,2.501574102643e+00  ,2.565543019200e+00  
  1.004069960169e-06  ,2.550269236520e+00  ,2.612787042080e+00  
  1.004198017024e-06  ,2.630052066040e+00  ,2.690216916465e+00  
  1.004420556553e-06  ,2.768598100301e+00  ,2.824742950124e+00  
  1.004689475946e-06  ,2.935837569402e+00  ,2.987228803856e+00  
  1.005227314733e-06  ,3.269675956577e+00  ,3.311840035988e+00  
  1.006302992307e-06  ,3.934457292202e+00  ,3.958892156867e+00  
  1.008454347454e-06  ,5.249787887444e+00  ,5.238876677460e+00  
  1.012692982756e-06  ,7.765551981040e+00  ,7.638220875210e+00  
  1.015606532298e-06  ,9.417699689305e+00  ,6.536435508474e+00  
  1.018813262187e-06  ,1.114443261701e+01  ,3.449435621838e+00  
  1.021914566360e-06  ,1.270707313076e+01  ,2.589386196590e+00  
  1.025517294608e-06  ,1.437008598718e+01  ,2.563640304507e+00  
  1.031561950646e-06  ,1.673748612480e+01  ,2.605001698271e+00  
  1.040906468831e-06  ,1.918939525272e+01  ,2.461850941348e+00  
  1.059595505200e-06  ,1.909812959925e+01  ,1.950434850302e+00  
  1.084596673451e-06  ,9.304871761169e+00  ,1.382703566003e+00  
  1.087721819483e-06  ,7.524719719030e+00  ,1.234745217271e+00  
  1.093972111546e-06  ,3.764837306339e+00  ,9.431540820595e-01  
  1.095534684561e-06  ,2.796447431483e+00  ,8.109905189431e-01  
  1.095813289709e-06  ,2.623009364839e+00  ,7.835844739189e-01  
  1.096370500006e-06  ,2.275543701661e+00  ,7.238819601439e-01  
  1.096991599031e-06  ,1.887421259285e+00  ,6.479647713019e-01  
  1.097611580469e-06  ,1.499280460405e+00  ,5.580092119021e-01  
  1.097915750422e-06  ,1.308637045221e+00  ,5.071544421040e-01  
  1.098033073783e-06  ,1.235069852036e+00  ,4.860001497538e-01  
  1.098211864434e-06  ,1.122927883313e+00  ,4.518947244749e-01  
  1.098506255500e-06  ,9.382029127318e-01  ,3.899437207170e-01  
  1.099047540180e-06  ,5.983588549521e-01  ,2.447533656842e-01  
  1.099682422780e-06  ,1.995363422212e-01  ,-2.781002779321e-02  
  1.100287130527e-06  ,-1.804069843638e-01  ,-3.568882202915e-01  
  1.100690253504e-06  ,-4.336650777777e-01  ,-5.887753562094e-01  
  1.100937147118e-06  ,-5.887418388774e-01  ,-7.331599738495e-01  
  1.101001617923e-06  ,-6.292312503744e-01  ,-7.710759481774e-01  
  1.101111083250e-06  ,-6.979724393709e-01  ,-8.356191738622e-01  
  1.101248593029e-06  ,-7.843129697859e-01  ,-9.169642062427e-01  
  1.101489200216e-06  ,-9.353507885282e-01  ,-1.059896604309e+00  
  1.101894698065e-06  ,-1.189771039953e+00  ,-1.302102205796e+00  
  1.102481151890e-06  ,-1.557375530214e+00  ,-1.654353308035e+00  
  1.103070865344e-06  ,-1.926489966335e+00  ,-2.009927276557e+00  
  1.103622860234e-06  ,-2.271398858943e+00  ,-2.343360813692e+00  
  1.103899882134e-06  ,-2.444242496588e+00  ,-2.510773980009e+00  
  1.103990523104e-06  ,-2.500757003758e+00  ,-2.565550169653e+00  
  1.104153201874e-06  ,-2.602135810565e+00  ,-2.663857248516e+00  
  1.104307941120e-06  ,-2.698503801264e+00  ,-2.757353373323e+00  
  1.104617419612e-06  ,-2.891046193960e+00  ,-2.944281812708e+00  
  1.105229112279e-06  ,-3.270790187290e+00  ,-3.313342970452e+00  
  1.106452497613e-06  ,-4.026514900683e+00  ,-4.048718551527e+00  
  1.108899268281e-06  ,-5.519015753036e+00  ,-5.500262709414e+00  
  1.113184842240e-06  ,-8.049411134233e+00  ,-7.877321373388e+00  
  1.116014572751e-06  ,-9.643096224598e+00  ,-6.037479574926e+00  
  1.118783953559e-06  ,-1.112913661745e+01  ,-3.751375973970e+00  
  1.122927221429e-06  ,-1.319190159249e+01  ,-2.830226265314e+00  
  1.127792450558e-06  ,-1.532681320910e+01  ,-2.789338987420e+00  
  1.134227517020e-06  ,-1.759455352984e+01  ,-2.586621992335e+00  
  1.146865191828e-06  ,-1.990308954266e+01  ,-2.273375779881e+00  
  1.171866360079e-06  ,-1.546365237914e+01  ,-1.690593383034e+00  
  1.196867528331e-06  ,-1.965014735197e+00  ,-8.599771858152e-01  
  1.214301886927e-06  ,8.686828920512e+00  ,8.006692513338e+00  
  1.223057809245e-06  ,1.325346147842e+01  ,3.405108447441e+00  
  1.225507187616e-06  ,1.436566840947e+01  ,2.887458452239e+00  
  1.229415762197e-06  ,1.596185805588e+01  ,2.635087600106e+00  
  1.237232911360e-06  ,1.841272025275e+01  ,2.469858564986e+00  
  1.250165629160e-06  ,1.999972924757e+01  ,2.235674120711e+00  
  1.275166797411e-06  ,1.406783566470e+01  ,1.576576946116e+00  
  1.278291943442e-06  ,1.260660766044e+01  ,1.520364277246e+00  
  1.284542235505e-06  ,9.335135255681e+00  ,1.343252841103e+00  
  1.292566510808e-06  ,4.628261801750e+00  ,1.046967027647e+00  
  1.294572579633e-06  ,3.393649038400e+00  ,9.094109477538e-01  
  1.297435837757e-06  ,1.609368750195e+00  ,6.088337489686e-01  
  1.297775072005e-06  ,1.396825415911e+00  ,5.511821383558e-01  
  1.298453540500e-06  ,9.712869588665e-01  ,4.156480023987e-01  
  1.299125582870e-06  ,5.493433879027e-01  ,2.261525870935e-01  
  1.299750779714e-06  ,1.565881238086e-01  ,-6.056143595794e-02  
  1.300447129603e-06  ,-2.809305765093e-01  ,-4.472368703636e-01  
  1.300843360793e-06  ,-5.298372197002e-01  ,-6.774687352382e-01  
  1.301215051632e-06  ,-7.632540686975e-01  ,-8.965794868655e-01  
  1.301309825346e-06  ,-8.227552996287e-01  ,-9.527787549360e-01  
  1.301397532649e-06  ,-8.778135807987e-01  ,-1.004888564369e+00  
  1.301518790849e-06  ,-9.539223808548e-01  ,-1.077078943208e+00  
  1.301657837309e-06  ,-1.041179038450e+00  ,-1.160041309424e+00  
  1.301935930230e-06  ,-1.215631086354e+00  ,-1.326447601344e+00  
  1.302492116071e-06  ,-1.564243518322e+00  ,-1.660667580054e+00  
  1.303023528732e-06  ,-1.896883679517e+00  ,-1.981114429307e+00  
  1.303540133364e-06  ,-2.219748723578e+00  ,-2.293166209562e+00  
  1.303820740856e-06  ,-2.394881806708e+00  ,-2.462754963770e+00  
  1.304020625964e-06  ,-2.519521628497e+00  ,-2.583561255307e+00  
  1.304101848934e-06  ,-2.570140695455e+00  ,-2.632648353017e+00  
  1.304235563572e-06  ,-2.653436553399e+00  ,-2.713451921011e+00  
  1.304476310458e-06  ,-2.803287775139e+00  ,-2.858900499554e+00  
  1.304756452288e-06  ,-2.977457654078e+00  ,-3.028068152372e+00  
  1.305316735949e-06  ,-3.325092077010e+00  ,-3.366013346732e+00  
  1.306437303271e-06  ,-4.017163034692e+00  ,-4.039493762588e+00  
  1.308678437915e-06  ,-5.385519684557e+00  ,-5.370518568777e+00  
  1.313127179589e-06  ,-8.016231340906e+00  ,-7.852483872383e+00  
  1.315939028706e-06  ,-9.601485049382e+00  ,-6.142568982977e+00  
  1.318735604133e-06  ,-1.110388272391e+01  ,-3.570573554997e+00  
  1.322744761553e-06  ,-1.310551729596e+01  ,-2.866673122341e+00  
  1.325979803648e-06  ,-1.457068288800e+01  ,-2.734667236126e+00  
  1.329880927648e-06  ,-1.613625141344e+01  ,-2.673165894500e+00  
  1.337683175649e-06  ,-1.852132851014e+01  ,-2.506293989007e+00  
  1.353287671652e-06  ,-1.989341637110e+01  ,-2.128831704856e+00  
  1.378288839903e-06  ,-1.260812144692e+01  ,-1.525574080137e+00  
  1.381413985934e-06  ,-1.102558678219e+01  ,-1.438431910073e+00  
  1.387664277997e-06  ,-7.558205303790e+00  ,-1.238797182612e+00  
  1.389226851013e-06  ,-6.640479341353e+00  ,-1.176632891444e+00  
  1.392351997044e-06  ,-4.759280078174e+00  ,-1.031349093314e+00  
  1.395698425319e-06  ,-2.694540173849e+00  ,-8.039168191745e-01  
  1.396532145288e-06  ,-2.174609599568e+00  ,-7.110304669314e-01  
  1.397872318473e-06  ,-1.335866437462e+00  ,-5.206031832974e-01  
  1.398455047008e-06  ,-9.703415081602e-01  ,-4.069123739634e-01  
  1.398660543334e-06  ,-8.413570877848e-01  ,-3.588314733505e-01  
  1.398875189904e-06  ,-7.065919517746e-01  ,-3.016230529530e-01  
  1.399304483045e-06  ,-4.369714184022e-01  ,-1.510630745241e-01  
  1.399812053848e-06  ,-1.180893638779e-01  ,9.443856116703e-02  
  1.400274362374e-06  ,1.723848292565e-01  ,3.493715896621e-01  
  1.400656297762e-06  ,4.123348294233e-01  ,5.687969630510e-01  
  1.400877044495e-06  ,5.509935854843e-01  ,6.976626602150e-01  
  1.400937627029e-06  ,5.890432448098e-01  ,7.332237322874e-01  
  1.401052051648e-06  ,6.609032044113e-01  ,8.005768588643e-01  
  1.401168397121e-06  ,7.339607194331e-01  ,8.692871068214e-01  
  1.401401088066e-06  ,8.800453569886e-01  ,1.007287383416e+00  
  1.401832662947e-06  ,1.150860021533e+00  ,1.264791915714e+00  
  1.402511969633e-06  ,1.576679361969e+00  ,1.672762526834e+00  
  1.403157562442e-06  ,1.980702844598e+00  ,2.062137083900e+00  
  1.403765902348e-06  ,2.360670137055e+00  ,2.429679537754e+00  
  1.404045299120e-06  ,2.534899966564e+00  ,2.598532856971e+00  
  1.404130002908e-06  ,2.587682679649e+00  ,2.649718170286e+00  
  1.404268024914e-06  ,2.673650931714e+00  ,2.733117506370e+00  
  1.404442741029e-06  ,2.782402143670e+00  ,2.838668305872e+00  
  1.404671706684e-06  ,2.924793299164e+00  ,2.976943795934e+00  
  1.405129637994e-06  ,3.209114251358e+00  ,3.253259070907e+00  
  1.406045500614e-06  ,3.775704944507e+00  ,3.804469902382e+00  
  1.407877225854e-06  ,4.899043194716e+00  ,4.897744219619e+00  
  1.411540676333e-06  ,7.093398888973e+00  ,7.014388411205e+00  
  1.414711643435e-06  ,8.918007276797e+00  ,7.377039956352e+00  
  1.417117808439e-06  ,1.024447162130e+01  ,4.883806536298e+00  
  1.419425625779e-06  ,1.146184097368e+01  ,3.424125713198e+00  
  1.424041260459e-06  ,1.370982891210e+01  ,2.553383201331e+00  
  1.428867001511e-06  ,1.575174461955e+01  ,2.822268614292e+00  
  1.437616963364e-06  ,1.850558934526e+01  ,2.463457379067e+00  
  1.448493320920e-06  ,1.997759937299e+01  ,2.272409795327e+00  
  1.470246036030e-06  ,1.608899231971e+01  ,1.699222750010e+00  
  1.495247204281e-06  ,2.975185746280e+00  ,9.892821241353e-01  
  1.495637847535e-06  ,2.732250393676e+00  ,9.268818713546e-01  
  1.496419134043e-06  ,2.245181823087e+00  ,8.050244218725e-01  
  1.497254437260e-06  ,1.722949684547e+00  ,6.701008269814e-01  
  1.497712228872e-06  ,1.436211753939e+00  ,5.885139901012e-01  
  1.498148926027e-06  ,1.162408648987e+00  ,5.014243432414e-01  
  1.498267739505e-06  ,1.087874209316e+00  ,4.756425401173e-01  
  1.498445366003e-06  ,9.764170547090e-01  ,4.348969950761e-01  
  1.498734122567e-06  ,7.951646113369e-01  ,3.609351503464e-01  
  1.499311635695e-06  ,4.324783373418e-01  ,1.572807024145e-01  
  1.499912897550e-06  ,5.472801537604e-02  ,-1.455561659467e-01  
  1.500455579214e-06  ,-2.862390895161e-01  ,-4.516014965790e-01  
  1.500800913624e-06  ,-5.031757745516e-01  ,-6.523594127426e-01  
  1.501148250379e-06  ,-7.213105284538e-01  ,-8.569604352273e-01  
  1.501239147462e-06  ,-7.783826760027e-01  ,-9.108194143547e-01  
  1.501324549742e-06  ,-8.319989906009e-01  ,-9.615195596052e-01  
  1.501456285320e-06  ,-9.146918825151e-01  ,-1.039895682921e+00  
  1.501600617036e-06  ,-1.005273569024e+00  ,-1.125971522767e+00  
  1.501845694572e-06  ,-1.159034368565e+00  ,-1.272541889582e+00  
  1.502335849643e-06  ,-1.466340735883e+00  ,-1.566856257101e+00  
  1.502862885088e-06  ,-1.796379574217e+00  ,-1.884473650772e+00  
  1.503353692085e-06  ,-2.103290542827e+00  ,-2.180861874042e+00  
  1.503718118608e-06  ,-2.330853954383e+00  ,-2.401105706855e+00  
  1.503946851432e-06  ,-2.473530285996e+00  ,-2.539360354605e+00  
  1.504018633120e-06  ,-2.518279458175e+00  ,-2.582747444629e+00  
  1.504142918117e-06  ,-2.595729122412e+00  ,-2.657865406865e+00  
  1.504298728384e-06  ,-2.692768087118e+00  ,-2.752024503651e+00  
  1.504581757315e-06  ,-2.868872442101e+00  ,-2.923008695345e+00  
  1.504956148989e-06  ,-3.101473153848e+00  ,-3.149025075213e+00  
  1.505704932339e-06  ,-3.565355287353e+00  ,-3.600219547414e+00  
  1.507202499039e-06  ,-4.486945400251e+00  ,-4.497341182072e+00  
  1.510197632439e-06  ,-6.298318517174e+00  ,-6.254835318761e+00  
  1.515072547324e-06  ,-9.120400974329e+00  ,-7.292300649858e+00  
  1.517856084235e-06  ,-1.064007832421e+01  ,-4.593571739885e+00  
  1.520667188294e-06  ,-1.209224335692e+01  ,-3.144337630226e+00  
  1.526289396413e-06  ,-1.470324162741e+01  ,-2.764016382537e+00  
  1.531623267062e-06  ,-1.675854413316e+01  ,-2.678436909028e+00  
  1.540867947467e-06  ,-1.918256032289e+01  ,-2.436468841829e+00  
  1.559357308276e-06  ,-1.914203057385e+01  ,-1.976316995004e+00  
  1.584358476527e-06  ,-9.437089576178e+00  ,-1.373172212120e+00  
  1.587483622558e-06  ,-7.663174585221e+00  ,-1.243127361298e+00  
  1.593733914621e-06  ,-3.911718485091e+00  ,-9.615342014140e-01  
  1.595296487637e-06  ,-2.944561088194e+00  ,-8.329954371724e-01  
  1.595575558446e-06  ,-2.771015596206e+00  ,-8.066942973065e-01  
  1.596133700065e-06  ,-2.423298989932e+00  ,-7.497465420177e-01  
  1.596854171209e-06  ,-1.973366483267e+00  ,-6.656670286158e-01  
  1.597586563282e-06  ,-1.514954529077e+00  ,-5.619207369017e-01  
  1.597974459134e-06  ,-1.271826117309e+00  ,-4.967812324944e-01  
  1.598097021185e-06  ,-1.194964734050e+00  ,-4.741958496550e-01  
  1.598288803786e-06  ,-1.074658487356e+00  ,-4.365836382867e-01  
  1.598558328539e-06  ,-9.055192357708e-01  ,-3.781793377169e-01  
  1.599097378045e-06  ,-5.670580977346e-01  ,-2.279505688140e-01  
  1.599725182593e-06  ,-1.726707243051e-01  ,4.975032490052e-02  
  1.600301019341e-06  ,1.891332108061e-01  ,3.648849915528e-01  
  1.600746377796e-06  ,4.689200274110e-01  ,6.215411588750e-01  
  1.601003143430e-06  ,6.301892790820e-01  ,7.720291760896e-01  
  1.601072061300e-06  ,6.734686416924e-01  ,8.126424839990e-01  
  1.601173959631e-06  ,7.374533822829e-01  ,8.728312679246e-01  
  1.601319618482e-06  ,8.289032607939e-01  ,9.591304511990e-01  
  1.601530027535e-06  ,9.609745041847e-01  ,1.084255749480e+00  
  1.601887469139e-06  ,1.185236985315e+00  ,1.297801128384e+00  
  1.602498882409e-06  ,1.568481875229e+00  ,1.665045783000e+00  
  1.603081424680e-06  ,1.933093635170e+00  ,2.016313488516e+00  
  1.603639380034e-06  ,2.281711092343e+00  ,2.353352070526e+00  
  1.603911652189e-06  ,2.451582237327e+00  ,2.517894296288e+00  
  1.604001000948e-06  ,2.507288625204e+00  ,2.571889058007e+00  
  1.604158557445e-06  ,2.605472175303e+00  ,2.667099606055e+00  
  1.604316952132e-06  ,2.704113706046e+00  ,2.762803020647e+00  
  1.604633741505e-06  ,2.901193451481e+00  ,2.954141751296e+00  
  1.605214514263e-06  ,3.261741127221e+00  ,3.304546928478e+00  
  1.606376059778e-06  ,3.979459418923e+00  ,4.002917865169e+00  
  1.608699150808e-06  ,5.398052129947e+00  ,5.382859696023e+00  
  1.612905003555e-06  ,7.888143558885e+00  ,7.744210419864e+00  
  1.615797318943e-06  ,9.523282780345e+00  ,6.292359259620e+00  
  1.618754081853e-06  ,1.111353704223e+01  ,3.524883109696e+00  
  1.622292362578e-06  ,1.288948090621e+01  ,2.916716636817e+00  
  1.625295691617e-06  ,1.427289587589e+01  ,2.771355775686e+00  
  1.628985591657e-06  ,1.579754996363e+01  ,2.698799100509e+00  
  1.636365391739e-06  ,1.819309805506e+01  ,2.536641465309e+00  
  1.651124991901e-06  ,1.998751026194e+01  ,2.182558048350e+00  
  1.676126160152e-06  ,1.363305029531e+01  ,1.577630535494e+00  
  1.679251306184e-06  ,1.213299459948e+01  ,1.493258752425e+00  
  1.685501598246e-06  ,8.797881579706e+00  ,1.314864734144e+00  
  1.692829989322e-06  ,4.467050370788e+00  ,1.030909839138e+00  
  1.694662087090e-06  ,3.338212037017e+00  ,9.012099920192e-01  
  1.695120111533e-06  ,3.054128041943e+00  ,8.587416705597e-01  
  1.696036160417e-06  ,2.484121954696e+00  ,7.662765391980e-01  
  1.696956027724e-06  ,1.909670440964e+00  ,6.569319392956e-01  
  1.697887909092e-06  ,1.326092278437e+00  ,5.151112388511e-01  
  1.698342860170e-06  ,1.040741393684e+00  ,4.282164128419e-01  
  1.698462954216e-06  ,9.653790837623e-01  ,4.023193466599e-01  
  1.698576284532e-06  ,8.942485791248e-01  ,3.764666235542e-01  
  1.698802945163e-06  ,7.519544644531e-01  ,3.194047628120e-01  
  1.699256266426e-06  ,4.672590686825e-01  ,1.696738144980e-01  
  1.699739995372e-06  ,1.633639094815e-01  ,-5.712498916560e-02  
  1.700228660326e-06  ,-1.436702846876e-01  ,-3.237992538898e-01  
  1.700667499524e-06  ,-4.193715822068e-01  ,-5.754969606855e-01  
  1.700908805203e-06  ,-5.709415744345e-01  ,-7.164653256428e-01  
  1.700970470399e-06  ,-6.096700734466e-01  ,-7.526959423724e-01  
  1.701090750709e-06  ,-6.852047673445e-01  ,-8.235620229244e-01  
  1.701209936716e-06  ,-7.600426030310e-01  ,-8.940146163220e-01  
  1.701448308729e-06  ,-9.096852578011e-01  ,-1.035503275358e+00  
  1.701901490293e-06  ,-1.194031137853e+00  ,-1.306111693573e+00  
  1.702495580964e-06  ,-1.566413896321e+00  ,-1.662981702914e+00  
  1.703107273631e-06  ,-1.949258328516e+00  ,-2.031849618201e+00  
  1.703673145227e-06  ,-2.302786584994e+00  ,-2.373691868365e+00  
  1.703943787567e-06  ,-2.471619971037e+00  ,-2.537251891123e+00  
  1.704029294621e-06  ,-2.524924820912e+00  ,-2.588924882236e+00  
  1.704179959331e-06  ,-2.618804190925e+00  ,-2.679969812448e+00  
  1.704343802255e-06  ,-2.720828260010e+00  ,-2.778962894597e+00  
  1.704671488103e-06  ,-2.924657436848e+00  ,-2.976872441038e+00  
  1.705278896686e-06  ,-3.301645504108e+00  ,-3.343292042492e+00  
  1.706493713852e-06  ,-4.051878188537e+00  ,-4.073349285587e+00  
  1.708923348185e-06  ,-5.533556556953e+00  ,-5.514230987053e+00  
  1.713326641317e-06  ,-8.130891481122e+00  ,-7.936367343343e+00  
  1.716124334332e-06  ,-9.703458253603e+00  ,-5.900313677357e+00  
  1.718822189566e-06  ,-1.114908988649e+01  ,-3.552188207340e+00  
  1.723802902695e-06  ,-1.360040484142e+01  ,-2.354532137093e+00  
  1.728871532675e-06  ,-1.575349879910e+01  ,-2.457748704017e+00  
  1.736058362719e-06  ,-1.811212410960e+01  ,-2.677365199006e+00  
  1.748934456106e-06  ,-1.998879525753e+01  ,-2.145609013675e+00  
  1.773935624357e-06  ,-1.460703155488e+01  ,-1.703962194961e+00  
  1.793232628103e-06  ,-4.220105155019e+00  ,-1.088274835565e+00  
  1.795498349663e-06  ,-2.819051227521e+00  ,-8.772537133091e-01  
  1.796064780053e-06  ,-2.466277952057e+00  ,-8.052311816084e-01  
  1.797019571956e-06  ,-1.869923064955e+00  ,-6.747073559994e-01  
  1.797957786318e-06  ,-1.282280578855e+00  ,-5.191908301443e-01  
  1.798331852030e-06  ,-1.047648578519e+00  ,-4.438391558509e-01  
  1.798443366267e-06  ,-9.776720255839e-01  ,-4.191235076015e-01  
  1.798545439221e-06  ,-9.136094537979e-01  ,-3.953319961967e-01  
  1.798749585129e-06  ,-7.854567850823e-01  ,-3.435898109875e-01  
  1.799157876946e-06  ,-5.290597979747e-01  ,-2.134961979709e-01  
  1.799661256798e-06  ,-2.128346138835e-01  ,1.469929251186e-02  
  1.800160538830e-06  ,1.008690940731e-01  ,2.848197761690e-01  
  1.800774559803e-06  ,4.866222511302e-01  ,6.377771505758e-01  
  1.800995655783e-06  ,6.254869702464e-01  ,7.675113810996e-01  
  1.801062652800e-06  ,6.675604299298e-01  ,8.070093163456e-01  
  1.801175878342e-06  ,7.386581226574e-01  ,8.739241344005e-01  
  1.801323446404e-06  ,8.313063425933e-01  ,9.614086622060e-01  
  1.801563029137e-06  ,9.816855522166e-01  ,1.103995757504e+00  
  1.801979516592e-06  ,1.242965422774e+00  ,1.353110779697e+00  
  1.802527320530e-06  ,1.586294412865e+00  ,1.682398009506e+00  
  1.803092167672e-06  ,1.939811942233e+00  ,2.023075430500e+00  
  1.803629261401e-06  ,2.275394762264e+00  ,2.347546481394e+00  
  1.803895293694e-06  ,2.441381080259e+00  ,2.508330695911e+00  
  1.803984153509e-06  ,2.496786228329e+00  ,2.562034622311e+00  
  1.804140778683e-06  ,2.594396240061e+00  ,2.656690537770e+00  
  1.804295913741e-06  ,2.691015686666e+00  ,2.750433140180e+00  
  1.804606183857e-06  ,2.884060527162e+00  ,2.937854893142e+00  
  1.805150541902e-06  ,3.222077690250e+00  ,3.266353115860e+00  
  1.806239257991e-06  ,3.895186503042e+00  ,3.921288775425e+00  
  1.808416690171e-06  ,5.226953117900e+00  ,5.217143348059e+00  
  1.812463845551e-06  ,7.632676395933e+00  ,7.518881456158e+00  
  1.815459724009e-06  ,9.336224092714e+00  ,6.714829850352e+00  
  1.818296160042e-06  ,1.087318472709e+01  ,4.074801639397e+00  
  1.821094598114e-06  ,1.230505190606e+01  ,3.067197768634e+00  
  1.826213892043e-06  ,1.467104058759e+01  ,2.598409595794e+00  
  1.831266875803e-06  ,1.663528083101e+01  ,2.736074886457e+00  
  1.841372843325e-06  ,1.926991239185e+01  ,2.378181409000e+00  
  1.857185955584e-06  ,1.949251460598e+01  ,2.062348540476e+00  
  1.882187123835e-06  ,1.061708081465e+01  ,1.404212430804e+00  
  1.885312269866e-06  ,8.904555992749e+00  ,1.316963474846e+00  
  1.891562561929e-06  ,5.239535217004e+00  ,1.078968395635e+00  
  1.893125134945e-06  ,4.286100242855e+00  ,9.914377915153e-01  
  1.896250280976e-06  ,2.350572630164e+00  ,7.472605480075e-01  
  1.896816338837e-06  ,1.997019871723e+00  ,6.779687313529e-01  
  1.897948454559e-06  ,1.288131777501e+00  ,5.064534205868e-01  
  1.898406804964e-06  ,1.000616056091e+00  ,4.164023602738e-01  
  1.898572300985e-06  ,8.967490047278e-01  ,3.790754170538e-01  
  1.898732325487e-06  ,7.962928559821e-01  ,3.396210382132e-01  
  1.899052374490e-06  ,5.953227217020e-01  ,2.456810122265e-01  
  1.899525858887e-06  ,2.979006311920e-01  ,5.057738562975e-02  
  1.900070589460e-06  ,-4.435262970989e-02  ,-2.351369746729e-01  
  1.900593340822e-06  ,-3.727854441720e-01  ,-5.324281486005e-01  
  1.900847591884e-06  ,-5.324947552154e-01  ,-6.805158064200e-01  
  1.900927103549e-06  ,-5.824339839920e-01  ,-7.271466190558e-01  
  1.901037325576e-06  ,-6.516555230013e-01  ,-7.919928571652e-01  
  1.901162588462e-06  ,-7.303134776376e-01  ,-8.659440690710e-01  
  1.901413114235e-06  ,-8.875942396995e-01  ,-1.014522650348e+00  
  1.901914165780e-06  ,-1.201981079979e+00  ,-1.313676804766e+00  
  1.902528279886e-06  ,-1.586895293924e+00  ,-1.682655377623e+00  
  1.903157947078e-06  ,-1.980943330435e+00  ,-2.062435430256e+00  
  1.903745797887e-06  ,-2.348125964606e+00  ,-2.417591895156e+00  
  1.904017697513e-06  ,-2.517696276759e+00  ,-2.581913186233e+00  
  1.904099432711e-06  ,-2.568635117845e+00  ,-2.631305231231e+00  
  1.904240248684e-06  ,-2.656354244301e+00  ,-2.716394527111e+00  
  1.904411449056e-06  ,-2.762930672192e+00  ,-2.819824944723e+00  
  1.904658296105e-06  ,-2.916457511849e+00  ,-2.968904721799e+00  
  1.905151990201e-06  ,-3.222975793644e+00  ,-3.266793013901e+00  
  1.906139378395e-06  ,-3.833612941729e+00  ,-3.860887632033e+00  
  1.908114154782e-06  ,-5.043237783907e+00  ,-5.038012597286e+00  
  1.912063707557e-06  ,-7.399693969471e+00  ,-7.302256420574e+00  
  1.915150855627e-06  ,-9.164162106700e+00  ,-6.983537624528e+00  
  1.917617370334e-06  ,-1.051277887577e+01  ,-4.518938908606e+00  
  1.920207564678e-06  ,-1.186096371879e+01  ,-3.215940787591e+00  
  1.925035540905e-06  ,-1.415791721303e+01  ,-2.565328582708e+00  
  1.929948453750e-06  ,-1.616128180684e+01  ,-2.785857361829e+00  
  1.939774279442e-06  ,-1.897682629979e+01  ,-2.409812722186e+00  
  1.952410464134e-06  ,-1.994268166820e+01  ,-2.180227104440e+00  
  1.977411632385e-06  ,-1.303113088736e+01  ,-1.522779382285e+00  
  1.980536778416e-06  ,-1.148119110634e+01  ,-1.453868500852e+00  
  1.986787070479e-06  ,-8.065563338152e+00  ,-1.272541158710e+00  
  1.993466515984e-06  ,-4.076345163313e+00  ,-9.929478866828e-01  
  1.995136377361e-06  ,-3.044027388046e+00  ,-8.633847258125e-01  
  1.997463566210e-06  ,-1.592002338522e+00  ,-6.002812354493e-01  
  1.998539616313e-06  ,-9.172642603264e-01  ,-3.995533121663e-01  
  1.999405653175e-06  ,-3.734174247954e-01  ,-1.129084908264e-01  
  2.000289850827e-06  ,1.821161291327e-01  ,3.561021042908e-01  
  2.000817910727e-06  ,5.138519164325e-01  ,6.617668262503e-01  
  2.001163152006e-06  ,7.306673260693e-01  ,8.652339796348e-01  
  2.001257925719e-06  ,7.901723276176e-01  ,9.214164253572e-01  
  2.001354538795e-06  ,8.508249848005e-01  ,9.788029452331e-01  
  2.001515424769e-06  ,9.518098126634e-01  ,1.074598211226e+00  
  2.001686741557e-06  ,1.059315055180e+00  ,1.176879297251e+00  
  2.002029375132e-06  ,1.274230372551e+00  ,1.382126808184e+00  
  2.002533686306e-06  ,1.590281515514e+00  ,1.685425540652e+00  
  2.003064167645e-06  ,1.922301203665e+00  ,2.005424600333e+00  
  2.003570527729e-06  ,2.238727063949e+00  ,2.311347913478e+00  
  2.003831903409e-06  ,2.401844833598e+00  ,2.469331272940e+00  
  2.004001357552e-06  ,2.507510917913e+00  ,2.571755149174e+00  
  2.004146876704e-06  ,2.598195318386e+00  ,2.659706033526e+00  
  2.004315352958e-06  ,2.703118138418e+00  ,2.761516680296e+00  
  2.004652305465e-06  ,2.912733665310e+00  ,2.965057093757e+00  
  2.005326210480e-06  ,3.330962103852e+00  ,3.371611581219e+00  
  2.006674020510e-06  ,4.162753291251e+00  ,4.181155228859e+00  
  2.009096949320e-06  ,5.638292491625e+00  ,5.615717468837e+00  
  2.013785599690e-06  ,8.393502806315e+00  ,7.982109928069e+00  
  2.016563176136e-06  ,9.943633928731e+00  ,5.436528129695e+00  
  2.019170506816e-06  ,1.133011313839e+01  ,3.453881891012e+00  
  2.024385168176e-06  ,1.386635197160e+01  ,2.391488926001e+00  
  2.029743625741e-06  ,1.608513288952e+01  ,2.861957643960e+00  
  2.037842406850e-06  ,1.855885074934e+01  ,2.428212340949e+00  
  2.048729195219e-06  ,1.998406325072e+01  ,2.285387394771e+00  
  2.069674267393e-06  ,1.629978899008e+01  ,1.698545980053e+00  
  2.094675435644e-06  ,3.329942254881e+00  ,1.031252294040e+00  
  2.096845044713e-06  ,1.979072766907e+00  ,7.633274637850e-01  
  2.097387446981e-06  ,1.639673101961e+00  ,6.702305055258e-01  
  2.097806868102e-06  ,1.376895429045e+00  ,5.901654121757e-01  
  2.097920326475e-06  ,1.305767973993e+00  ,5.669500102891e-01  
  2.098132411908e-06  ,1.172767078897e+00  ,5.215792966439e-01  
  2.098370551091e-06  ,1.023365855868e+00  ,4.669329353097e-01  
  2.098846829455e-06  ,7.243999400855e-01  ,3.384660212098e-01  
  2.099455914419e-06  ,3.418424062190e-01  ,9.464456637318e-02  
  2.100083067041e-06  ,-5.219250184443e-02  ,-2.382415454157e-01  
  2.100666913163e-06  ,-4.190032418499e-01  ,-5.733065391644e-01  
  2.100958975922e-06  ,-6.024511977325e-01  ,-7.445733496094e-01  
  2.101036776282e-06  ,-6.513105745226e-01  ,-7.904743677365e-01  
  2.101161573507e-06  ,-7.296761873227e-01  ,-8.643009033814e-01  
  2.101303739898e-06  ,-8.189349216307e-01  ,-9.486632917567e-01  
  2.101588072680e-06  ,-9.974016024526e-01  ,-1.118071397961e+00  
  2.102031242527e-06  ,-1.275401305410e+00  ,-1.383479929501e+00  
  2.102585751988e-06  ,-1.622889625798e+00  ,-1.717111862512e+00  
  2.103159446694e-06  ,-1.981880931293e+00  ,-2.063334812417e+00  
  2.103716656990e-06  ,-2.329941848480e+00  ,-2.400081819124e+00  
  2.103978824295e-06  ,-2.493463944386e+00  ,-2.558563193814e+00  
  2.104060897097e-06  ,-2.544621121912e+00  ,-2.608172560149e+00  
  2.104200036690e-06  ,-2.631310034242e+00  ,-2.692271063752e+00  
  2.104368815623e-06  ,-2.736397668682e+00  ,-2.794265999697e+00  
  2.104647513904e-06  ,-2.909755104311e+00  ,-2.962623108776e+00  
  2.105177343316e-06  ,-3.238696400709e+00  ,-3.282361707387e+00  
  2.106237002142e-06  ,-3.893796242746e+00  ,-3.919841131932e+00  
  2.108356319793e-06  ,-5.190330242324e+00  ,-5.181527229464e+00  
  2.112426571973e-06  ,-7.611024039236e+00  ,-7.499264689753e+00  
  2.115442939527e-06  ,-9.326896365522e+00  ,-6.741901671448e+00  
  2.118246220477e-06  ,-1.084683564934e+01  ,-4.113125376585e+00  
  2.121024169452e-06  ,-1.227013692301e+01  ,-3.078063301962e+00  
  2.126144953497e-06  ,-1.464156763801e+01  ,-2.592787123656e+00  
  2.131175585516e-06  ,-1.660337058588e+01  ,-2.740193758694e+00  
  2.141236849554e-06  ,-1.924686026384e+01  ,-2.380614833495e+00  
  2.156707235105e-06  ,-1.955763647911e+01  ,-2.074416785713e+00  
  2.181708403356e-06  ,-1.087077810004e+01  ,-1.416246018317e+00  
  2.184833549388e-06  ,-9.172870458800e+00  ,-1.332322388371e+00  
  2.191083841451e-06  ,-5.529215381015e+00  ,-1.101701532371e+00  
  2.192646414466e-06  ,-4.579405105799e+00  ,-1.018959801533e+00  
  2.195771560498e-06  ,-2.648999871120e+00  ,-7.940878138105e-01  
  2.196503486909e-06  ,-2.192508550014e+00  ,-7.151925092688e-01  
  2.197810691275e-06  ,-1.374498948543e+00  ,-5.325720206976e-01  
  2.198369950481e-06  ,-1.023742735689e+00  ,-4.262799341933e-01  
  2.198543549009e-06  ,-9.147958678084e-01  ,-3.875781437309e-01  
  2.198716239497e-06  ,-8.063918652162e-01  ,-3.453680951696e-01  
  2.199061620474e-06  ,-5.895158476368e-01  ,-2.436872280250e-01  
  2.199535384268e-06  ,-2.919163084857e-01  ,-4.648191510057e-02  
  2.200088869274e-06  ,5.583813891366e-02  ,2.450909902936e-01  
  2.200618698686e-06  ,3.887153725979e-01  ,5.469476868659e-01  
  2.200899445876e-06  ,5.650633084037e-01  ,7.108065577986e-01  
  2.200972694397e-06  ,6.110668019034e-01  ,7.538483257808e-01  
  2.201086886186e-06  ,6.827780363300e-01  ,8.211390909092e-01  
  2.201212661300e-06  ,7.617532703996e-01  ,8.954976233891e-01  
  2.201464211527e-06  ,9.196668257313e-01  ,1.044856382098e+00  
  2.201967311982e-06  ,1.235311772630e+00  ,1.345475134992e+00  
  2.202573509846e-06  ,1.615222906630e+00  ,1.709857556711e+00  
  2.203196750913e-06  ,2.005203132192e+00  ,2.085834410902e+00  
  2.203680293594e-06  ,2.307248106915e+00  ,2.377975992574e+00  
  2.203951168764e-06  ,2.476222096768e+00  ,2.541682283777e+00  
  2.204031064600e-06  ,2.526028029265e+00  ,2.589965889088e+00  
  2.204175931826e-06  ,2.616295401685e+00  ,2.677509568212e+00  
  2.204335281119e-06  ,2.715523950209e+00  ,2.773790013237e+00  
  2.204653979704e-06  ,2.913774400615e+00  ,2.966278807535e+00  
  2.205184367910e-06  ,3.243051749991e+00  ,3.286294531645e+00  
  2.206245144323e-06  ,3.898814105215e+00  ,3.924333220979e+00  
  2.208366697147e-06  ,5.196626857169e+00  ,5.187077892671e+00  
  2.212495063856e-06  ,7.650803170087e+00  ,7.533336227692e+00  
  2.215485726908e-06  ,9.350669691790e+00  ,6.636921930042e+00  
  2.218416040257e-06  ,1.093632648146e+01  ,3.979041828687e+00  
  2.221283768728e-06  ,1.239853449139e+01  ,3.038506499347e+00  
  2.226446276024e-06  ,1.476988278562e+01  ,2.609442070105e+00  
  2.231587176636e-06  ,1.674615705649e+01  ,2.724230988606e+00  
  2.241868977860e-06  ,1.935102611759e+01  ,2.367669187945e+00  
  2.258722191170e-06  ,1.925384020814e+01  ,2.024878589910e+00  
  2.283723359421e-06  ,9.787025915177e+00  ,1.363825537841e+00  
  2.286848505452e-06  ,8.030225678820e+00  ,1.269747062554e+00  
  2.293098797515e-06  ,4.302262599070e+00  ,9.963729120352e-01  
  2.294661370531e-06  ,3.338655948060e+00  ,8.822658581503e-01  
  2.295052013785e-06  ,3.096406273486e+00  ,8.494798086912e-01  
  2.295833300292e-06  ,2.610544426965e+00  ,7.772736524861e-01  
  2.296811561525e-06  ,2.000006521891e+00  ,6.692413362134e-01  
  2.297818134964e-06  ,1.369832961489e+00  ,5.233123647559e-01  
  2.298343680292e-06  ,1.040226793223e+00  ,4.252639659210e-01  
  2.298465636984e-06  ,9.636954124233e-01  ,3.991429683701e-01  
  2.298583798535e-06  ,8.895320881733e-01  ,3.723077742779e-01  
  2.298820121638e-06  ,7.411696883592e-01  ,3.127293318450e-01  
  2.299292767845e-06  ,4.443305086599e-01  ,1.537318441746e-01  
  2.299830420367e-06  ,1.065495215600e-01  ,-1.050538115564e-01  
  2.300317408942e-06  ,-1.994306147855e-01  ,-3.743017695759e-01  
  2.300704280339e-06  ,-4.424762840037e-01  ,-5.970616134309e-01  
  2.300932477653e-06  ,-5.858091925430e-01  ,-7.305043883124e-01  
  2.300992233638e-06  ,-6.233378214386e-01  ,-7.656342306629e-01  
  2.301099079620e-06  ,-6.904348807211e-01  ,-8.286056872360e-01  
  2.301228021231e-06  ,-7.713971077262e-01  ,-9.048431779254e-01  
  2.301464809995e-06  ,-9.200424562718e-01  ,-1.045431226936e+00  
  2.301853730302e-06  ,-1.164074844592e+00  ,-1.277611138789e+00  
  2.302479206543e-06  ,-1.556156941357e+00  ,-1.653207782260e+00  
  2.303083634894e-06  ,-1.934475847368e+00  ,-2.017652563854e+00  
  2.303653138649e-06  ,-2.290299229010e+00  ,-2.361668915385e+00  
  2.303929601755e-06  ,-2.462774841432e+00  ,-2.528743436116e+00  
  2.304017460398e-06  ,-2.517548478298e+00  ,-2.581836958322e+00  
  2.304174015723e-06  ,-2.615101819403e+00  ,-2.676440915040e+00  
  2.304334622301e-06  ,-2.715113835673e+00  ,-2.773478395043e+00  
  2.304655835457e-06  ,-2.914927959183e+00  ,-2.967481105142e+00  
  2.305231206544e-06  ,-3.272088329985e+00  ,-3.314606268590e+00  
  2.306381948717e-06  ,-3.983085496070e+00  ,-4.006442723579e+00  
  2.308683433063e-06  ,-5.388542234432e+00  ,-5.373558263735e+00  
  2.312941439874e-06  ,-7.909176148152e+00  ,-7.762056547489e+00  
  2.315816991456e-06  ,-9.534150337781e+00  ,-6.265725219358e+00  
  2.318741344340e-06  ,-1.110688229261e+01  ,-3.536120890861e+00  
  2.322352640755e-06  ,-1.291841715004e+01  ,-2.909255867373e+00  
  2.325386517175e-06  ,-1.431281386142e+01  ,-2.765578536983e+00  
  2.329111434944e-06  ,-1.584591701264e+01  ,-2.694850913263e+00  
  2.336561270483e-06  ,-1.824387397888e+01  ,-2.532110798357e+00  
  2.351460941561e-06  ,-1.997893850504e+01  ,-2.174220656787e+00  
  2.376462109812e-06  ,-1.347784920680e+01  ,-1.569592170832e+00  
  2.379587255843e-06  ,-1.196451716203e+01  ,-1.484181304517e+00  
  2.385837547906e-06  ,-8.607831730073e+00  ,-1.303963409662e+00  
  2.392745726235e-06  ,-4.518641230448e+00  ,-1.033394223770e+00  
  2.394472770818e-06  ,-3.455434586733e+00  ,-9.135011187968e-01  
  2.394904531963e-06  ,-3.187920970149e+00  ,-8.750814155622e-01  
  2.395768054254e-06  ,-2.651183483192e+00  ,-7.921593950313e-01  
  2.396846153267e-06  ,-1.978379659662e+00  ,-6.700783841766e-01  
  2.397895008750e-06  ,-1.321641215063e+00  ,-5.133107604700e-01  
  2.398445140995e-06  ,-9.765582625022e-01  ,-4.061998887265e-01  
  2.398626376368e-06  ,-8.628053324359e-01  ,-3.645757019665e-01  
  2.398803676903e-06  ,-7.514950234341e-01  ,-3.193209145116e-01  
  2.399158277974e-06  ,-5.288079130971e-01  ,-2.074880917156e-01  
  2.399619981140e-06  ,-2.387672197638e-01  ,-4.043605951113e-03  
  2.400103989482e-06  ,6.533840227133e-02  ,2.539086436738e-01  
  2.400663993746e-06  ,4.171693189645e-01  ,5.734910446193e-01  
  2.400907767430e-06  ,5.702897880303e-01  ,7.158675393817e-01  
  2.400975625921e-06  ,6.129078702769e-01  ,7.557363404133e-01  
  2.401102285791e-06  ,6.924481731806e-01  ,8.303762065948e-01  
  2.401231064420e-06  ,7.733077738684e-01  ,9.065294026126e-01  
  2.401488621678e-06  ,9.349876802389e-01  ,1.059500077352e+00  
  2.402003084268e-06  ,1.257744463683e+00  ,1.367007303927e+00  
  2.402607140090e-06  ,1.636283483847e+00  ,1.730179274562e+00  
  2.403282069560e-06  ,2.058533039022e+00  ,2.137408692668e+00  
  2.403679464903e-06  ,2.306730900679e+00  ,2.377512755956e+00  
  2.403931993019e-06  ,2.464265875223e+00  ,2.530126847709e+00  
  2.404009083245e-06  ,2.512326737524e+00  ,2.576714608407e+00  
  2.404144823510e-06  ,2.596916185500e+00  ,2.658742624581e+00  
  2.404307083186e-06  ,2.697969673475e+00  ,2.756782920104e+00  
  2.404622708406e-06  ,2.894334300278e+00  ,2.947422320543e+00  
  2.405087484937e-06  ,3.182969070563e+00  ,3.227899532746e+00  
  2.406017037999e-06  ,3.758141424652e+00  ,3.787429254690e+00  
  2.407876144122e-06  ,4.898384226235e+00  ,4.897154673741e+00  
  2.411594356369e-06  ,7.124924333875e+00  ,7.044296036725e+00  
  2.414773146581e-06  ,8.952579792262e+00  ,7.330252340869e+00  
  2.417200918268e-06  ,1.028928543427e+01  ,4.825479058629e+00  
  2.419544870924e-06  ,1.152315989279e+01  ,3.389973844979e+00  
  2.424232776236e-06  ,1.379719230454e+01  ,2.549981215124e+00  
  2.429051811766e-06  ,1.582303205948e+01  ,2.816715603508e+00  
  2.438074464869e-06  ,1.861270250337e+01  ,2.451194103548e+00  
  2.449149007868e-06  ,1.999285298050e+01  ,2.257411909023e+00  
  2.471298093867e-06  ,1.568761275044e+01  ,1.673200723276e+00  
  2.496299262118e-06  ,2.320007392135e+00  ,9.240098342705e-01  
  2.498816440772e-06  ,7.434808512119e-01  ,4.223739832403e-01  
  2.499445735436e-06  ,3.482370981248e-01  ,1.254789590408e-01  
  2.499993446242e-06  ,4.117847526175e-03  ,-1.767992985219e-01  
  2.500607187819e-06  ,-3.814842220683e-01  ,-5.323089110021e-01  
  2.500919925939e-06  ,-5.779260566230e-01  ,-7.167910636479e-01  
  2.500999670435e-06  ,-6.280082117501e-01  ,-7.640703998316e-01  
  2.501119508367e-06  ,-7.032628471155e-01  ,-8.352666994304e-01  
  2.501253595535e-06  ,-7.874537095405e-01  ,-9.151178969142e-01  
  2.501521769870e-06  ,-9.557920208194e-01  ,-1.075331601280e+00  
  2.502058118541e-06  ,-1.292253175366e+00  ,-1.397286016976e+00  
  2.502684619237e-06  ,-1.684796972018e+00  ,-1.775019547559e+00  
  2.503306742717e-06  ,-2.073952685356e+00  ,-2.151039644314e+00  
  2.503746559802e-06  ,-2.348601378365e+00  ,-2.417084255343e+00  
  2.504003046039e-06  ,-2.508563451326e+00  ,-2.572232725469e+00  
  2.504073407460e-06  ,-2.552417536693e+00  ,-2.614789747472e+00  
  2.504205911379e-06  ,-2.634969080162e+00  ,-2.694924619292e+00  
  2.504354201216e-06  ,-2.727301230666e+00  ,-2.784588029809e+00  
  2.504604820121e-06  ,-2.883212619938e+00  ,-2.936067472382e+00  
  2.505007104907e-06  ,-3.133098406644e+00  ,-3.179016648034e+00  
  2.505811674479e-06  ,-3.631328886121e+00  ,-3.663854840873e+00  
  2.507420813624e-06  ,-4.620513326589e+00  ,-4.627014249869e+00  
  2.510639091913e-06  ,-6.560968459839e+00  ,-6.507515300396e+00  
  2.516466936056e-06  ,-9.891122476495e+00  ,-6.028638121499e+00  
  2.519676646177e-06  ,-1.159073398225e+01  ,-3.595832145089e+00  
  2.523214926902e-06  ,-1.332723195338e+01  ,-2.874700910059e+00  
  2.529062887613e-06  ,-1.582728746350e+01  ,-2.596783560971e+00  
  2.535201420967e-06  ,-1.787722879054e+01  ,-2.624250139961e+00  
  2.547478487674e-06  ,-1.993728162170e+01  ,-2.231859205943e+00  
  2.572032621089e-06  ,-1.539719184608e+01  ,-1.708252416580e+00  
  2.597033789340e-06  ,-1.861028962750e+00  ,-8.313772470619e-01  
  2.599210103933e-06  ,-4.962554003811e-01  ,-2.555664178929e-01  
  2.599754182581e-06  ,-1.544501044188e-01  ,3.743369653369e-02  
  2.600842339877e-06  ,5.291959842431e-01  ,6.692268444507e-01  
  2.601296545897e-06  ,8.144185673638e-01  ,9.395676983565e-01  
  2.601405475713e-06  ,8.827995182926e-01  ,1.004698525058e+00  
  2.601514615078e-06  ,9.513016444072e-01  ,1.070043282724e+00  
  2.601645931561e-06  ,1.033708507053e+00  ,1.148774835460e+00  
  2.601877900731e-06  ,1.179235489990e+00  ,1.288108744132e+00  
  2.602341839071e-06  ,1.470093850743e+00  ,1.567543549932e+00  
  2.602864031639e-06  ,1.797097060654e+00  ,1.882892220226e+00  
  2.603338633623e-06  ,2.093881262987e+00  ,2.169917424170e+00  
  2.603698263835e-06  ,2.318463389498e+00  ,2.387514131329e+00  
  2.603916076902e-06  ,2.454341377486e+00  ,2.519301769262e+00  
  2.603988685139e-06  ,2.499611235177e+00  ,2.563230109163e+00  
  2.604111596435e-06  ,2.576214329659e+00  ,2.637585417905e+00  
  2.604262214579e-06  ,2.670032914168e+00  ,2.728685885573e+00  
  2.604563450865e-06  ,2.857488638060e+00  ,2.910813764773e+00  
  2.604918796994e-06  ,3.078285978776e+00  ,3.125485807009e+00  
  2.605629489250e-06  ,3.518702315322e+00  ,3.554042457237e+00  
  2.607050873764e-06  ,4.394054351995e+00  ,4.406434963446e+00  
  2.609893642791e-06  ,6.116750007809e+00  ,6.079484890089e+00  
  2.614632212050e-06  ,8.873307585243e+00  ,7.610582084716e+00  
  2.617401965387e-06  ,1.039740177055e+01  ,4.874281736552e+00  
  2.620009296067e-06  ,1.176042992470e+01  ,3.285550535103e+00  
  2.625223957427e-06  ,1.424128642890e+01  ,2.772376242680e+00  
  2.630591355689e-06  ,1.639593248494e+01  ,2.628800762909e+00  
  2.638545595534e-06  ,1.871898795007e+01  ,2.517522051922e+00  
  2.654454075225e-06  ,1.980451830438e+01  ,2.076627052199e+00  
  2.679455243476e-06  ,1.203088084367e+01  ,1.515822961162e+00  
  2.682580389507e-06  ,1.040687097437e+01  ,1.399569767074e+00  
  2.688830681570e-06  ,6.874758541739e+00  ,1.193788375964e+00  
  2.690393254586e-06  ,5.944878470808e+00  ,1.128791166794e+00  
  2.693518400617e-06  ,4.044423995915e+00  ,9.648149991738e-01  
  2.694299687125e-06  ,3.562499246932e+00  ,9.082301285805e-01  
  2.695862260140e-06  ,2.592503011742e+00  ,7.740223595457e-01  
  2.697239872493e-06  ,1.732066796201e+00  ,6.149752483564e-01  
  2.698033266194e-06  ,1.234949187200e+00  ,4.888980669161e-01  
  2.698783912189e-06  ,7.639046440672e-01  ,3.247222869434e-01  
  2.699361239053e-06  ,4.013184034057e-01  ,1.262754112838e-01  
  2.699970417149e-06  ,1.858745056863e-02  ,-1.798929272652e-01  
  2.700574659236e-06  ,-3.610494333063e-01  ,-5.216548809278e-01  
  2.700880924664e-06  ,-5.534306382513e-01  ,-7.000236248019e-01  
  2.701028958388e-06  ,-6.464010324982e-01  ,-7.870303977270e-01  
  2.701095338404e-06  ,-6.880856017980e-01  ,-8.261780723424e-01  
  2.701209483627e-06  ,-7.597581247355e-01  ,-8.936596207269e-01  
  2.701437774073e-06  ,-9.030729393831e-01  ,-1.029157808626e+00  
  2.701729836833e-06  ,-1.086353628435e+00  ,-1.203334644954e+00  
  2.702313962352e-06  ,-1.452625211138e+00  ,-1.553640553297e+00  
  2.702860369306e-06  ,-1.794805245435e+00  ,-1.882792530078e+00  
  2.703405006748e-06  ,-2.135350962713e+00  ,-2.211623433372e+00  
  2.703744194429e-06  ,-2.347125446989e+00  ,-2.416581494158e+00  
  2.703994813334e-06  ,-2.503431457016e+00  ,-2.568038795033e+00  
  2.704064092092e-06  ,-2.546612269260e+00  ,-2.609905184921e+00  
  2.704189890489e-06  ,-2.624990270003e+00  ,-2.685923279599e+00  
  2.704350590199e-06  ,-2.725053538501e+00  ,-2.783017177683e+00  
  2.704577623360e-06  ,-2.866301839060e+00  ,-2.920149040307e+00  
  2.704964913853e-06  ,-3.106913541858e+00  ,-3.153921802781e+00  
  2.705739494838e-06  ,-3.586721588849e+00  ,-3.620568800329e+00  
  2.707288656808e-06  ,-4.539683493229e+00  ,-4.548130868226e+00  
  2.710386980750e-06  ,-6.411124171574e+00  ,-6.362559839631e+00  
  2.716031540610e-06  ,-9.652435000308e+00  ,-6.345820716870e+00  
  2.719170097686e-06  ,-1.132990130188e+01  ,-3.799005938430e+00  
  2.722494546749e-06  ,-1.298635533709e+01  ,-2.918845631634e+00  
  2.728157733060e-06  ,-1.547324832297e+01  ,-2.582084381988e+00  
  2.734057847835e-06  ,-1.754361488575e+01  ,-2.665607631552e+00  
  2.745858077385e-06  ,-1.983092054588e+01  ,-2.263938374843e+00  
  2.767020706512e-06  ,-1.720821412415e+01  ,-1.833408797120e+00  
  2.792021874763e-06  ,-4.960484053930e+00  ,-1.096445312338e+00  
  2.795147020794e-06  ,-3.037417663626e+00  ,-8.845168659780e-01  
  2.795928307302e-06  ,-2.551348926071e+00  ,-8.016874731709e-01  
  2.797221355565e-06  ,-1.743657319040e+00  ,-6.364706011219e-01  
  2.797893118538e-06  ,-1.322826272159e+00  ,-5.268879884802e-01  
  2.798533589073e-06  ,-9.210472856562e-01  ,-3.950608904106e-01  
  2.798775360413e-06  ,-7.692739351477e-01  ,-3.341475735356e-01  
  2.799040740781e-06  ,-6.026291177825e-01  ,-2.539147864077e-01  
  2.799571501516e-06  ,-2.692254064728e-01  ,-2.976464295840e-02  
  2.800074974500e-06  ,4.710782389915e-02  ,2.372803320136e-01  
  2.800625572406e-06  ,3.930334329661e-01  ,5.510640334329e-01  
  2.800909672357e-06  ,5.714862013779e-01  ,7.169981823739e-01  
  2.800983514596e-06  ,6.178621239041e-01  ,7.604166908571e-01  
  2.801097345497e-06  ,6.893459477591e-01  ,8.275334154375e-01  
  2.801223306876e-06  ,7.684371868410e-01  ,9.020390803451e-01  
  2.801475229632e-06  ,9.265823269733e-01  ,1.051679636466e+00  
  2.801979075145e-06  ,1.242688589562e+00  ,1.352828121257e+00  
  2.802584434818e-06  ,1.622064751534e+00  ,1.716766402378e+00  
  2.803207582753e-06  ,2.011974569050e+00  ,2.092720754151e+00  
  2.803675851744e-06  ,2.304475821371e+00  ,2.375646299345e+00  
  2.803941418376e-06  ,2.470142768205e+00  ,2.536149097794e+00  
  2.804021197796e-06  ,2.519878058387e+00  ,2.584364074959e+00  
  2.804164574906e-06  ,2.609220790871e+00  ,2.671010471134e+00  
  2.804323295556e-06  ,2.708062744974e+00  ,2.766915145773e+00  
  2.804640736856e-06  ,2.905542199921e+00  ,2.958654434187e+00  
  2.805150170304e-06  ,3.221847258171e+00  ,3.266057493763e+00  
  2.806169037201e-06  ,3.851900906534e+00  ,3.879071577591e+00  
  2.808206770994e-06  ,5.099528352295e+00  ,5.093192634320e+00  
  2.812233064748e-06  ,7.498447929268e+00  ,7.395226126932e+00  
  2.815301213838e-06  ,9.248031270843e+00  ,6.878136557420e+00  
  2.817947287537e-06  ,1.068855689372e+01  ,4.310050212845e+00  
  2.820613477804e-06  ,1.206534575825e+01  ,3.144569212442e+00  
  2.825629208662e-06  ,1.441890459445e+01  ,2.574907938439e+00  
  2.830571923830e-06  ,1.638893766053e+01  ,2.763144402692e+00  
  2.840457354166e-06  ,1.910796428238e+01  ,2.396229837042e+00  
  2.854354177095e-06  ,1.981317515932e+01  ,2.086352952966e+00  
  2.879355345346e-06  ,1.208096295565e+01  ,1.512455467832e+00  
  2.882480491377e-06  ,1.046042067791e+01  ,1.402648814507e+00  
  2.888730783440e-06  ,6.933667714769e+00  ,1.198945491608e+00  
  2.890293356456e-06  ,6.004779933760e+00  ,1.131417516284e+00  
  2.893418502487e-06  ,4.105875031620e+00  ,9.691494987655e-01  
  2.896753009833e-06  ,2.036607821452e+00  ,6.961054990290e-01  
  2.897159252740e-06  ,1.782525754360e+00  ,6.397678289369e-01  
  2.897971738555e-06  ,1.273532043414e+00  ,5.072555527518e-01  
  2.898522802122e-06  ,9.278176826901e-01  ,3.943872596095e-01  
  2.898803642444e-06  ,7.515166593327e-01  ,3.239289265450e-01  
  2.899097986944e-06  ,5.666756691020e-01  ,2.323266307640e-01  
  2.899560761131e-06  ,2.759731621508e-01  ,3.464085352380e-02  
  2.900075409986e-06  ,-4.738144733365e-02  ,-2.373795586042e-01  
  2.900600489654e-06  ,-3.772763980694e-01  ,-5.362885999523e-01  
  2.900850642897e-06  ,-5.344110810362e-01  ,-6.820789507844e-01  
  2.900928513106e-06  ,-5.833192583980e-01  ,-7.277639109416e-01  
  2.901040655985e-06  ,-6.537469663875e-01  ,-7.937605898664e-01  
  2.901165476494e-06  ,-7.321268680200e-01  ,-8.674712646407e-01  
  2.901415117510e-06  ,-8.888516925090e-01  ,-1.015555917156e+00  
  2.901914399542e-06  ,-1.202127691430e+00  ,-1.313694211616e+00  
  2.902523018844e-06  ,-1.583600084385e+00  ,-1.679390044141e+00  
  2.903142907150e-06  ,-1.971539711487e+00  ,-2.053273037470e+00  
  2.903725449421e-06  ,-2.335428590547e+00  ,-2.405223368702e+00  
  2.903981516562e-06  ,-2.495142338787e+00  ,-2.559980074145e+00  
  2.904064997990e-06  ,-2.547176827359e+00  ,-2.610429619281e+00  
  2.904208840761e-06  ,-2.636793609964e+00  ,-2.697352076549e+00  
  2.904379063245e-06  ,-2.742775746791e+00  ,-2.800197884857e+00  
  2.904681743082e-06  ,-2.931031413153e+00  ,-2.983000900143e+00  
  2.905287102755e-06  ,-3.306730678143e+00  ,-3.348180369455e+00  
  2.906497822102e-06  ,-4.054405915855e+00  ,-4.075760262640e+00  
  2.908919260796e-06  ,-5.531088584189e+00  ,-5.511788662477e+00  
  2.913338200148e-06  ,-8.137526306179e+00  ,-7.940472722552e+00  
  2.916135893162e-06  ,-9.709808187633e+00  ,-5.885216422705e+00  
  2.918830395635e-06  ,-1.115337008698e+01  ,-3.549230268258e+00  
  2.923885614570e-06  ,-1.363846250408e+01  ,-2.345858406416e+00  
  2.928941578563e-06  ,-1.578057549783e+01  ,-2.456589686592e+00  
  2.936217815574e-06  ,-1.815438802674e+01  ,-2.674414312620e+00  
  2.949099869426e-06  ,-1.999200383347e+01  ,-2.140884482256e+00  
  2.974101037677e-06  ,-1.453584149189e+01  ,-1.700542626094e+00  
  2.993389100727e-06  ,-4.123953466711e+00  ,-1.081617909150e+00  
  2.996514246758e-06  ,-2.185788558714e+00  ,-7.268666683170e-01  
  2.997073971625e-06  ,-1.835889752618e+00  ,-6.522664633159e-01  
  2.997764826711e-06  ,-1.403246931977e+00  ,-5.446439210290e-01  
  2.998305552598e-06  ,-1.064149953073e+00  ,-4.423718398695e-01  
  2.998399499763e-06  ,-1.005200274786e+00  ,-4.222079177223e-01  
  2.998509873129e-06  ,-9.359323854240e-01  ,-3.974021659032e-01  
  2.998730619863e-06  ,-7.973636803569e-01  ,-3.432630190876e-01  
  2.999127177015e-06  ,-5.483421343728e-01  ,-2.215984527968e-01  
  2.999626552179e-06  ,-2.346388030183e-01  ,-1.599082563178e-03  
  3.000142039225e-06  ,8.924558066767e-02  ,2.750358074208e-01  
  3.000729051843e-06  ,4.580367339414e-01  ,6.115370828822e-01  
  3.000960858032e-06  ,6.036332245038e-01  ,7.472928879635e-01  
  3.001028122805e-06  ,6.458762945159e-01  ,7.868925182926e-01  
  3.001143793069e-06  ,7.185117330206e-01  ,8.551686183131e-01  
  3.001284795307e-06  ,8.070415224156e-01  ,9.386692718200e-01  
  3.001543144189e-06  ,9.692063402206e-01  ,1.092305772480e+00  
  3.001971971668e-06  ,1.238233936559e+00  ,1.348714917408e+00  
  3.002529647626e-06  ,1.587751959642e+00  ,1.683891223411e+00  
  3.003103249200e-06  ,1.946741726687e+00  ,2.029832664552e+00  
  3.003647886641e-06  ,2.287020972814e+00  ,2.358852034122e+00  
  3.003912056290e-06  ,2.451834226436e+00  ,2.518504634371e+00  
  3.003999519121e-06  ,2.506364908258e+00  ,2.571361981247e+00  
  3.004151464399e-06  ,2.601053398064e+00  ,2.663185536510e+00  
  3.004310743842e-06  ,2.700248690091e+00  ,2.759427855319e+00  
  3.004629302729e-06  ,2.898433956884e+00  ,2.951844168075e+00  
  3.005156245042e-06  ,3.225614218913e+00  ,3.269812933122e+00  
  3.006210129667e-06  ,3.877233470052e+00  ,3.903829203350e+00  
  3.008317898918e-06  ,5.167013006805e+00  ,5.158893954997e+00  
  3.012337487150e-06  ,7.559232120153e+00  ,7.452253998009e+00  
  3.015312131453e-06  ,9.254113056613e+00  ,6.876949801465e+00  
  3.017975341488e-06  ,1.070345117484e+01  ,4.289456905404e+00  
  3.020641904283e-06  ,1.207958569796e+01  ,3.140217181436e+00  
  3.025649439503e-06  ,1.442771058916e+01  ,2.578561800210e+00  
  3.030574273277e-06  ,1.638978370828e+01  ,2.761494291522e+00  
  3.040423940826e-06  ,1.910175373046e+01  ,2.398079128517e+00  
  3.054408680607e-06  ,1.980847624346e+01  ,2.085283361429e+00  
  3.079409848858e-06  ,1.205365332931e+01  ,1.510885605065e+00  
  3.082534994889e-06  ,1.043121718435e+01  ,1.401075207830e+00  
  3.088785286952e-06  ,6.901535833991e+00  ,1.196904129829e+00  
  3.090347859967e-06  ,5.972105533866e+00  ,1.129017420818e+00  
  3.093473005999e-06  ,4.072352879467e+00  ,9.657251947028e-01  
  3.096806395758e-06  ,2.003235973007e+00  ,6.898707490342e-01  
  3.097136037383e-06  ,1.797053868164e+00  ,6.447979349108e-01  
  3.097674714360e-06  ,1.459720960085e+00  ,5.611175139756e-01  
  3.098125101957e-06  ,1.177352122358e+00  ,4.795802613881e-01  
  3.098265289288e-06  ,1.089411443409e+00  ,4.513279032031e-01  
  3.098408247303e-06  ,9.997109414907e-01  ,4.207992850185e-01  
  3.098694163334e-06  ,8.202512534399e-01  ,3.532378146860e-01  
  3.099227438640e-06  ,4.853669630361e-01  ,1.840439328944e-01  
  3.099762949120e-06  ,1.489420837285e-01  ,-6.792838096667e-02  
  3.100301812362e-06  ,-1.896314583636e-01  ,-3.646238465040e-01  
  3.100711268332e-06  ,-4.468658839224e-01  ,-6.005684278769e-01  
  3.100949686911e-06  ,-5.966173627023e-01  ,-7.401400061896e-01  
  3.101012434769e-06  ,-6.360242742390e-01  ,-7.770705438568e-01  
  3.101118687034e-06  ,-7.027471070360e-01  ,-8.397580903519e-01  
  3.101251423784e-06  ,-7.860902143188e-01  ,-9.183143639979e-01  
  3.101485139184e-06  ,-9.328019511930e-01  ,-1.057186988172e+00  
  3.101867586799e-06  ,-1.172766268083e+00  ,-1.285618553710e+00  
  3.102483470418e-06  ,-1.558827876581e+00  ,-1.655547100646e+00  
  3.103079889394e-06  ,-1.932133501246e+00  ,-2.015201978720e+00  
  3.103643525816e-06  ,-2.284298937520e+00  ,-2.355695105320e+00  
  3.103919476695e-06  ,-2.456461370768e+00  ,-2.522469173968e+00  
  3.104008359794e-06  ,-2.511875779569e+00  ,-2.576184783129e+00  
  3.104166149121e-06  ,-2.610201442375e+00  ,-2.671539587895e+00  
  3.104325381998e-06  ,-2.709361616224e+00  ,-2.767752298484e+00  
  3.104643847752e-06  ,-2.907476083442e+00  ,-2.960106884537e+00  
  3.105225272436e-06  ,-3.268410000951e+00  ,-3.310903984886e+00  
  3.106388121802e-06  ,-3.986886388289e+00  ,-4.010030538374e+00  
  3.108713820536e-06  ,-5.406926743575e+00  ,-5.391296519858e+00  
  3.112934574444e-06  ,-7.905213921888e+00  ,-7.758177218669e+00  
  3.115798950154e-06  ,-9.524184038178e+00  ,-6.273456268290e+00  
  3.118711382110e-06  ,-1.109122142979e+01  ,-3.547241369520e+00  
  3.122313365299e-06  ,-1.289956841179e+01  ,-2.537178900848e+00  
  3.127816364128e-06  ,-1.533646167800e+01  ,-2.474796189174e+00  
  3.133415475447e-06  ,-1.734625608146e+01  ,-2.718766365811e+00  
  3.144613698084e-06  ,-1.971434318654e+01  ,-2.272308564540e+00  
  3.165460422594e-06  ,-1.768693504871e+01  ,-1.887678685490e+00  
  3.190461590845e-06  ,-5.903868546197e+00  ,-1.141101871159e+00  
  3.193586736877e-06  ,-4.002364852340e+00  ,-9.577978453537e-01  
  3.194368023384e-06  ,-3.520240784376e+00  ,-9.023846534909e-01  
  3.195930596400e-06  ,-2.549922387852e+00  ,-7.684859792520e-01  
  3.197364646900e-06  ,-1.653950168158e+00  ,-5.987311283786e-01  
  3.198149193037e-06  ,-1.162241165099e+00  ,-4.685376975500e-01  
  3.198518974666e-06  ,-9.302199485876e-01  ,-3.911966483158e-01  
  3.198919862468e-06  ,-6.785401883650e-01  ,-2.876995533007e-01  
  3.199484057683e-06  ,-3.241619235440e-01  ,-7.032312483653e-02  
  3.200070884038e-06  ,4.453771764722e-02  ,2.354439319527e-01  
  3.200623437721e-06  ,3.916924292852e-01  ,5.500661051782e-01  
  3.200906000990e-06  ,5.691803517650e-01  ,7.149574743299e-01  
  3.200977910735e-06  ,6.143427851951e-01  ,7.572107239743e-01  
  3.201101287693e-06  ,6.918214250986e-01  ,8.299261362003e-01  
  3.201231905684e-06  ,7.738359598906e-01  ,9.071765913664e-01  
  3.201493141666e-06  ,9.378245578202e-01  ,1.062355110535e+00  
  3.202015613630e-06  ,1.265601213984e+00  ,1.374705345860e+00  
  3.202614640310e-06  ,1.640980167374e+00  ,1.734897926703e+00  
  3.203287893400e-06  ,2.062172796456e+00  ,2.141136880441e+00  
  3.203682774171e-06  ,2.308796286835e+00  ,2.379727627716e+00  
  3.203934557229e-06  ,2.465864731609e+00  ,2.531894070708e+00  
  3.204011274926e-06  ,2.513692897665e+00  ,2.578257426638e+00  
  3.204146409832e-06  ,2.597904459623e+00  ,2.659920824264e+00  
  3.204308483243e-06  ,2.698841311963e+00  ,2.757849959123e+00  
  3.204620243475e-06  ,2.892801833106e+00  ,2.946158076177e+00  
  3.205078221351e-06  ,3.177222636963e+00  ,3.222541655141e+00  
  3.205994177103e-06  ,3.744032399435e+00  ,3.773937020342e+00  
  3.207826088607e-06  ,4.867885256405e+00  ,4.867766673498e+00  
  3.211489911616e-06  ,7.063567004046e+00  ,6.986819054643e+00  
  3.214771519840e-06  ,8.951665788571e+00  ,7.364726320376e+00  
  3.217199291527e-06  ,1.028840894805e+01  ,4.854272466739e+00  
  3.219551067293e-06  ,1.152634181219e+01  ,3.393746262661e+00  
  3.224254618824e-06  ,1.380712452571e+01  ,2.542625185014e+00  
  3.229096751153e-06  ,1.584028614230e+01  ,2.817970310001e+00  
  3.238050858915e-06  ,1.860726961695e+01  ,2.450672707841e+00  
  3.249100069940e-06  ,1.999200739530e+01  ,2.259243344303e+00  
  3.271198491991e-06  ,1.572635405341e+01  ,1.675088218701e+00  
  3.296199660242e-06  ,2.382155158862e+00  ,9.311956086928e-01  
  3.296590303496e-06  ,2.138280757528e+00  ,8.550772974006e-01  
  3.297371590003e-06  ,1.649602591445e+00  ,7.030076332960e-01  
  3.297724142164e-06  ,1.428745636335e+00  ,6.308746216232e-01  
  3.298066496342e-06  ,1.214109241536e+00  ,5.561347607502e-01  
  3.298261561856e-06  ,1.091749973737e+00  ,5.106243322367e-01  
  3.298509759322e-06  ,9.360038145140e-01  ,4.481862862934e-01  
  3.298989762977e-06  ,6.346440865031e-01  ,3.007430447736e-01  
  3.299572864041e-06  ,2.683693841362e-01  ,3.982870107513e-02  
  3.300212962046e-06  ,-1.338070017698e-01  ,-3.104047985012e-01  
  3.300830615178e-06  ,-5.218316819715e-01  ,-6.684723633427e-01  
  3.301016600296e-06  ,-6.386402224793e-01  ,-7.780416787033e-01  
  3.301084319089e-06  ,-6.811660193472e-01  ,-8.180812229755e-01  
  3.301192329224e-06  ,-7.489873654980e-01  ,-8.820807433322e-01  
  3.301350654062e-06  ,-8.483863385858e-01  ,-9.761619217232e-01  
  3.301595778164e-06  ,-1.002237047094e+00  ,-1.122346926140e+00  
  3.302031963091e-06  ,-1.275853127462e+00  ,-1.383669691639e+00  
  3.302581164014e-06  ,-1.620016405783e+00  ,-1.714179876436e+00  
  3.303159422200e-06  ,-1.981865617140e+00  ,-2.063208908203e+00  
  3.303712907206e-06  ,-2.327601815819e+00  ,-2.397742273892e+00  
  3.303976424929e-06  ,-2.491968133206e+00  ,-2.557054630772e+00  
  3.304058497731e-06  ,-2.543125800175e+00  ,-2.606668268569e+00  
  3.304197753739e-06  ,-2.629888075768e+00  ,-2.690844042499e+00  
  3.304366206709e-06  ,-2.734773845930e+00  ,-2.792649906450e+00  
  3.304646022577e-06  ,-2.908828042760e+00  ,-2.961694188818e+00  
  3.305169705261e-06  ,-3.233960517049e+00  ,-3.277745935874e+00  
  3.306217070628e-06  ,-3.881511776554e+00  ,-3.907899983610e+00  
  3.308311801363e-06  ,-5.163311769961e+00  ,-5.155328960930e+00  
  3.312358211685e-06  ,-7.571286200030e+00  ,-7.463166248988e+00  
  3.315396185923e-06  ,-9.300900077745e+00  ,-6.802649066813e+00  
  3.318127568770e-06  ,-1.078412576671e+01  ,-4.197658151533e+00  
  3.320855226327e-06  ,-1.218613888836e+01  ,-3.105194191856e+00  
  3.325964089442e-06  ,-1.456391765323e+01  ,-2.582039970115e+00  
  3.330938842107e-06  ,-1.651998199265e+01  ,-2.749694660786e+00  
  3.340888347436e-06  ,-1.918618343404e+01  ,-2.387566473996e+00  
  3.355633046437e-06  ,-1.968764195501e+01  ,-2.100978301539e+00  
  3.380634214688e-06  ,-1.143100879857e+01  ,-1.443325830689e+00  
  3.383759360719e-06  ,-9.767292810403e+00  ,-1.365744100362e+00  
  3.390009652782e-06  ,-6.174571424766e+00  ,-1.149182407248e+00  
  3.391572225798e-06  ,-5.233675056985e+00  ,-1.071669289290e+00  
  3.394697371829e-06  ,-3.316350935968e+00  ,-8.808887811807e-01  
  3.395478658337e-06  ,-2.831299590227e+00  ,-8.120166159764e-01  
  3.396808400709e-06  ,-2.001982556086e+00  ,-6.707527615157e-01  
  3.397996209521e-06  ,-1.258187310370e+00  ,-4.958467382522e-01  
  3.398580986965e-06  ,-8.912968979158e-01  ,-3.765154959904e-01  
  3.398784597363e-06  ,-7.634744505024e-01  ,-3.255180458140e-01  
  3.399024878588e-06  ,-6.125910269723e-01  ,-2.546327804846e-01  
  3.399505441036e-06  ,-3.107280596286e-01  ,-6.019941501640e-02  
  3.400038064416e-06  ,2.391657254594e-02  ,2.172262997146e-01  
  3.400545448955e-06  ,3.426989141004e-01  ,5.047254502323e-01  
  3.400807243731e-06  ,5.071518287804e-01  ,6.569046651949e-01  
  3.400981028523e-06  ,6.163008221859e-01  ,7.588420833478e-01  
  3.401040714659e-06  ,6.537838122212e-01  ,7.939888695889e-01  
  3.401150366250e-06  ,7.226391033941e-01  ,8.587143521068e-01  
  3.401337492239e-06  ,8.401238926084e-01  ,9.695823249477e-01  
  3.401584059890e-06  ,9.948834217134e-01  ,1.116316885498e+00  
  3.402077195194e-06  ,1.304214110885e+00  ,1.411416439144e+00  
  3.402658992406e-06  ,1.668751848868e+00  ,1.761380855140e+00  
  3.403260440525e-06  ,2.045014817828e+00  ,2.124305302313e+00  
  3.403643726330e-06  ,2.284424099531e+00  ,2.355877652127e+00  
  3.403878885280e-06  ,2.431148146024e+00  ,2.497991570380e+00  
  3.403957908001e-06  ,2.480423848158e+00  ,2.545748565428e+00  
  3.404092297848e-06  ,2.564189213552e+00  ,2.626963871054e+00  
  3.404246734414e-06  ,2.660393190271e+00  ,2.720283540736e+00  
  3.404555607546e-06  ,2.852611006766e+00  ,2.906865903990e+00  
  3.404991093982e-06  ,3.123162256060e+00  ,3.169725851628e+00  
  3.405862066854e-06  ,3.662460513237e+00  ,3.694277549414e+00  
  3.407604012597e-06  ,4.732429570387e+00  ,4.735692181553e+00  
  3.411087904084e-06  ,6.826699011176e+00  ,6.760919985702e+00  
  3.415170822252e-06  ,9.175311218661e+00  ,7.085543679097e+00  
  3.417850796092e-06  ,1.063726476055e+01  ,4.487962787628e+00  
  3.420563552488e-06  ,1.204031292360e+01  ,3.160976927670e+00  
  3.425989065278e-06  ,1.457466851542e+01  ,2.772324395100e+00  
  3.431150827516e-06  ,1.659469294982e+01  ,2.690468603724e+00  
  3.440563891042e-06  ,1.912762571367e+01  ,2.444049554225e+00  
  3.459390018094e-06  ,1.913606541570e+01  ,1.975358915221e+00  
  3.484391186345e-06  ,9.418964219306e+00  ,1.368584049007e+00  
  3.487516332377e-06  ,7.644186848560e+00  ,1.241947401616e+00  
  3.493766624440e-06  ,3.891561171505e+00  ,9.570062407432e-01  
  3.495329197455e-06  ,2.924231318013e+00  ,8.291224769480e-01  
  3.495607895736e-06  ,2.750892013159e+00  ,8.028197334051e-01  
  3.496165292297e-06  ,2.403594062320e+00  ,7.457752287796e-01  
  3.496885204647e-06  ,1.953961811737e+00  ,6.613116015461e-01  
  3.497591705952e-06  ,1.511732557677e+00  ,5.608289749187e-01  
  3.497966097627e-06  ,1.277069129954e+00  ,4.980299811251e-01  
  3.498084864538e-06  ,1.202589247218e+00  ,4.762397646573e-01  
  3.498275902081e-06  ,1.082753068100e+00  ,4.389847852947e-01  
  3.498547056649e-06  ,9.125942535599e-01  ,3.805918106388e-01  
  3.499053137336e-06  ,5.948436234397e-01  ,2.428259189308e-01  
  3.499653933529e-06  ,2.174356931538e-01  ,-1.338535075342e-02  
  3.500245882157e-06  ,-1.544907793505e-01  ,-3.336144727270e-01  
  3.500751962844e-06  ,-4.724282448860e-01  ,-6.247497314114e-01  
  3.501028053422e-06  ,-6.458327222931e-01  ,-7.866506638771e-01  
  3.501103036530e-06  ,-6.929195934884e-01  ,-8.308742014155e-01  
  3.501205761410e-06  ,-7.574210697730e-01  ,-8.916007486234e-01  
  3.501356845215e-06  ,-8.522728372995e-01  ,-9.811834380940e-01  
  3.501569186762e-06  ,-9.855498205328e-01  ,-1.107547318385e+00  
  3.501905394211e-06  ,-1.196479657551e+00  ,-1.308488059938e+00  
  3.502577809110e-06  ,-1.617915375514e+00  ,-1.712527894534e+00  
  3.503196486697e-06  ,-2.005037956669e+00  ,-2.085731008816e+00  
  3.503810787067e-06  ,-2.388672539295e+00  ,-2.456876933663e+00  
  3.504007691942e-06  ,-2.511459478276e+00  ,-2.575874292362e+00  
  3.504089613404e-06  ,-2.562516438437e+00  ,-2.625379512935e+00  
  3.504218508448e-06  ,-2.642814852212e+00  ,-2.703265808169e+00  
  3.504395320039e-06  ,-2.752893326086e+00  ,-2.810087756313e+00  
  3.504679606255e-06  ,-2.929703294946e+00  ,-2.981775300364e+00  
  3.505248178687e-06  ,-3.282608091139e+00  ,-3.324778464507e+00  
  3.506385323551e-06  ,-3.985163467227e+00  ,-4.008398840693e+00  
  3.508659613278e-06  ,-5.374127760557e+00  ,-5.359487816487e+00  
  3.512960088398e-06  ,-7.919936859586e+00  ,-7.770870906470e+00  
  3.515841600444e-06  ,-9.547739792374e+00  ,-6.236950983612e+00  
  3.518761855509e-06  ,-1.111759753670e+01  ,-3.529156538347e+00  
  3.522430521395e-06  ,-1.295573476064e+01  ,-2.902981876323e+00  
  3.525492710020e-06  ,-1.435933799928e+01  ,-2.762107359631e+00  
  3.529252272990e-06  ,-1.589975346758e+01  ,-2.691687279005e+00  
  3.536771398928e-06  ,-1.829757560039e+01  ,-2.527189141064e+00  
  3.551809650805e-06  ,-1.996768736849e+01  ,-2.165612834198e+00  
  3.576810819056e-06  ,-1.331516581073e+01  ,-1.561191965725e+00  
  3.579935965087e-06  ,-1.178823148671e+01  ,-1.474696728339e+00  
  3.586186257150e-06  ,-8.409549810677e+00  ,-1.292479490626e+00  
  3.592300203588e-06  ,-4.790881727183e+00  ,-1.052949677172e+00  
  3.593828690197e-06  ,-3.853302081753e+00  ,-9.546579956255e-01  
  3.596549642231e-06  ,-2.163680796219e+00  ,-7.153205919579e-01  
  3.598249864724e-06  ,-1.099088466529e+00  ,-4.619091495510e-01  
  3.598494243767e-06  ,-9.457417315173e-01  ,-4.078699614916e-01  
  3.598856016021e-06  ,-7.186316078358e-01  ,-3.143496285039e-01  
  3.599224400666e-06  ,-4.872752141492e-01  ,-1.881379082610e-01  
  3.599694346037e-06  ,-1.920450977694e-01  ,3.112665999398e-02  
  3.600175001618e-06  ,1.099562052645e-01  ,2.923864617757e-01  
  3.600800198462e-06  ,5.027265667400e-01  ,6.521878960008e-01  
  3.601005974185e-06  ,6.319670092219e-01  ,7.730208707987e-01  
  3.601072610315e-06  ,6.738134020456e-01  ,8.123204214212e-01  
  3.601185894065e-06  ,7.449468564876e-01  ,8.792907057746e-01  
  3.601339282893e-06  ,8.412479992440e-01  ,9.702560624086e-01  
  3.601580076344e-06  ,9.923835767817e-01  ,1.113611332131e+00  
  3.602009276353e-06  ,1.261627340330e+00  ,1.370414325313e+00  
  3.602553355001e-06  ,1.602600287166e+00  ,1.697543290192e+00  
  3.603116991423e-06  ,1.955335037461e+00  ,2.037533408135e+00  
  3.603659486823e-06  ,2.294261619429e+00  ,2.365286221114e+00  
  3.603915181436e-06  ,2.453782990811e+00  ,2.519824556050e+00  
  3.604001363698e-06  ,2.507514749540e+00  ,2.571910233225e+00  
  3.604149187874e-06  ,2.599635156748e+00  ,2.661246683197e+00  
  3.604310516227e-06  ,2.700106984607e+00  ,2.758730312102e+00  
  3.604633172933e-06  ,2.900839985031e+00  ,2.953626139575e+00  
  3.605146052275e-06  ,3.219293590874e+00  ,3.263115837742e+00  
  3.606171810959e-06  ,3.853611067267e+00  ,3.880272360189e+00  
  3.608223328326e-06  ,5.109587083804e+00  ,5.102448045948e+00  
  3.612261543009e-06  ,7.515033131199e+00  ,7.409072157608e+00  
  3.615309203003e-06  ,9.252481835558e+00  ,6.823985203046e+00  
  3.618003705475e-06  ,1.071850160720e+01  ,4.247922760722e+00  
  3.620703795884e-06  ,1.211055629351e+01  ,3.124578805418e+00  
  3.625757524703e-06  ,1.447465862523e+01  ,2.581610219707e+00  
  3.630735257599e-06  ,1.644754205112e+01  ,2.756860992252e+00  
  3.640690723393e-06  ,1.915075328078e+01  ,2.391450619086e+00  
  3.655056932900e-06  ,1.974813924478e+01  ,2.069891188742e+00  
  3.680058101151e-06  ,1.172615148027e+01  ,1.494306141486e+00  
  3.683183247183e-06  ,1.008155638645e+01  ,1.382082659536e+00  
  3.689433539245e-06  ,6.517841342226e+00  ,1.171521625570e+00  
  3.690996112261e-06  ,5.582167825497e+00  ,1.099371861978e+00  
  3.694121258292e-06  ,3.672759961867e+00  ,9.228828943931e-01  
  3.694902544800e-06  ,3.189153571925e+00  ,8.611218790132e-01  
  3.696465117816e-06  ,2.216469663855e+00  ,7.103792265879e-01  
  3.697803614620e-06  ,1.378934794902e+00  ,5.293365195945e-01  
  3.698455633555e-06  ,9.699734036830e-01  ,4.049793718591e-01  
  3.698676333722e-06  ,8.314443741450e-01  ,3.533869898699e-01  
  3.698897313286e-06  ,6.926999295698e-01  ,2.939486249401e-01  
  3.699339272413e-06  ,4.151175747461e-01  ,1.356081837763e-01  
  3.699843862984e-06  ,9.810338686875e-02  ,-1.116245125687e-01  
  3.700308173854e-06  ,-1.936283181700e-01  ,-3.687145608279e-01  
  3.700683031190e-06  ,-4.291282201924e-01  ,-5.844448572521e-01  
  3.700903498527e-06  ,-5.676086425171e-01  ,-7.132709099399e-01  
  3.700961345300e-06  ,-6.039392444494e-01  ,-7.472513518127e-01  
  3.701071218081e-06  ,-6.729391315033e-01  ,-8.119615533496e-01  
  3.701193477452e-06  ,-7.497083116091e-01  ,-8.842009436859e-01  
  3.701437996194e-06  ,-9.032123593969e-01  ,-1.029302681592e+00  
  3.701848104089e-06  ,-1.160545765547e+00  ,-1.274091777621e+00  
  3.702466874808e-06  ,-1.548432056753e+00  ,-1.645655888372e+00  
  3.703078008682e-06  ,-1.930957338343e+00  ,-2.014142614955e+00  
  3.703647326171e-06  ,-2.286671128802e+00  ,-2.358052267269e+00  
  3.703927328303e-06  ,-2.461357254700e+00  ,-2.527268808111e+00  
  3.704015710816e-06  ,-2.516457923341e+00  ,-2.580679884742e+00  
  3.704173849389e-06  ,-2.614998205753e+00  ,-2.676242268811e+00  
  3.704333594494e-06  ,-2.714474022204e+00  ,-2.772760819066e+00  
  3.704653084703e-06  ,-2.913218053711e+00  ,-2.965726180664e+00  
  3.705234136857e-06  ,-3.273904678408e+00  ,-3.316281893802e+00  
  3.706396241166e-06  ,-3.991885414431e+00  ,-4.014921263846e+00  
  3.708720449783e-06  ,-5.410936803238e+00  ,-5.395202352827e+00  
  3.712980691768e-06  ,-7.931822410105e+00  ,-7.782272881166e+00  
  3.715784717776e-06  ,-9.516319688757e+00  ,-6.298957464852e+00  
  3.718633074738e-06  ,-1.105024483012e+01  ,-3.594633759170e+00  
  3.722249959089e-06  ,-1.286909761774e+01  ,-2.540225106665e+00  
  3.727749977686e-06  ,-1.530965524822e+01  ,-2.469034488407e+00  
  3.733303640462e-06  ,-1.731117225065e+01  ,-2.723164016706e+00  
  3.744410966016e-06  ,-1.969249145738e+01  ,-2.276588705974e+00  
  3.764703367330e-06  ,-1.790397014276e+01  ,-1.905985518165e+00  
  3.789704535581e-06  ,-6.356630721064e+00  ,-1.166888689464e+00  
  3.792829681613e-06  ,-4.467238825648e+00  ,-1.003356011456e+00  
  3.793452363886e-06  ,-4.085050132895e+00  ,-9.643240153997e-01  
  3.794697728433e-06  ,-3.316129977022e+00  ,-8.755291072337e-01  
  3.796198647894e-06  ,-2.382786706420e+00  ,-7.405143217969e-01  
  3.797652628697e-06  ,-1.473560428854e+00  ,-5.553543403529e-01  
  3.798345160164e-06  ,-1.039298219903e+00  ,-4.295716186676e-01  
  3.798547769390e-06  ,-9.121468912981e-01  ,-3.848793315697e-01  
  3.798746886156e-06  ,-7.871512886168e-01  ,-3.359359037531e-01  
  3.799145119689e-06  ,-5.370725710130e-01  ,-2.132204273342e-01  
  3.799641887151e-06  ,-2.250041926730e-01  ,6.674654481157e-03  
  3.800146570854e-06  ,9.209285811989e-02  ,2.776634808955e-01  
  3.800742244773e-06  ,4.663238821853e-01  ,6.191390386174e-01  
  3.800968998536e-06  ,6.087457042813e-01  ,7.519565473951e-01  
  3.801033283077e-06  ,6.491168894899e-01  ,7.898017980586e-01  
  3.801151258364e-06  ,7.231992687881e-01  ,8.594378303689e-01  
  3.801292144187e-06  ,8.116551776607e-01  ,9.428709331924e-01  
  3.801539969124e-06  ,9.672137271257e-01  ,1.090236684753e+00  
  3.801968517207e-06  ,1.236067590798e+00  ,1.346441465340e+00  
  3.802525075577e-06  ,1.584888307054e+00  ,1.680916697921e+00  
  3.803097932093e-06  ,1.943416726839e+00  ,2.026388948417e+00  
  3.803641731344e-06  ,2.283178811959e+00  ,2.354890028285e+00  
  3.803907297976e-06  ,2.448867013646e+00  ,2.515383039494e+00  
  3.803995389450e-06  ,2.503790594085e+00  ,2.568619202775e+00  
  3.804148568731e-06  ,2.599249437368e+00  ,2.661186749359e+00  
  3.804307056550e-06  ,2.697953090662e+00  ,2.756949115447e+00  
  3.804624032188e-06  ,2.895157298679e+00  ,2.948406740393e+00  
  3.805156934965e-06  ,3.226042035011e+00  ,3.269967375812e+00  
  3.806222740520e-06  ,3.885006477783e+00  ,3.911118371059e+00  
  3.808354351629e-06  ,5.189135967211e+00  ,5.180103593522e+00  
  3.812366489280e-06  ,7.576099828355e+00  ,7.466030666120e+00  
  3.815385464538e-06  ,9.294935862656e+00  ,6.764191770739e+00  
  3.818149257410e-06  ,1.079559987918e+01  ,4.158011659673e+00  
  3.820896286476e-06  ,1.220658554345e+01  ,3.094905445509e+00  
  3.826003659476e-06  ,1.458094644241e+01  ,2.589158938634e+00  
  3.831008959521e-06  ,1.654477504080e+01  ,2.746232334820e+00  
  3.841019559611e-06  ,1.920929879481e+01  ,2.385167199807e+00  
  3.856090594042e-06  ,1.963499935786e+01  ,2.089665427842e+00  
  3.881091762293e-06  ,1.119393479550e+01  ,1.431849369548e+00  
  3.884216908325e-06  ,9.515421037443e+00  ,1.351673727653e+00  
  3.890467200387e-06  ,5.900500939288e+00  ,1.129506096698e+00  
  3.892029773403e-06  ,4.955676109845e+00  ,1.052125068922e+00  
  3.895154919434e-06  ,3.032512275858e+00  ,8.478797116620e-01  
  3.895936205942e-06  ,2.546426532853e+00  ,7.717890187817e-01  
  3.897233165760e-06  ,1.736264890111e+00  ,6.170333454578e-01  
  3.897904183675e-06  ,1.315888985953e+00  ,5.119932461379e-01  
  3.898540276993e-06  ,9.168495793132e-01  ,3.845333825711e-01  
  3.898792991374e-06  ,7.582041559657e-01  ,3.219904637206e-01  
  3.899069314782e-06  ,5.846834549523e-01  ,2.388879514952e-01  
  3.899549411569e-06  ,2.831036060011e-01  ,3.877806933812e-02  
  3.900062290911e-06  ,-3.913850846256e-02  ,-2.307144744114e-01  
  3.900588301901e-06  ,-3.696199422307e-01  ,-5.295340442901e-01  
  3.900866022293e-06  ,-5.440707270562e-01  ,-6.913584501530e-01  
  3.901003997732e-06  ,-6.307257862214e-01  ,-7.724083556751e-01  
  3.901068584953e-06  ,-6.712856226661e-01  ,-8.104675048743e-01  
  3.901176385541e-06  ,-7.389765872143e-01  ,-8.741452466933e-01  
  3.901391986717e-06  ,-8.743323131249e-01  ,-1.001995366643e+00  
  3.901684934232e-06  ,-1.058181071915e+00  ,-1.176561752075e+00  
  3.902270829264e-06  ,-1.425594145930e+00  ,-1.527753106402e+00  
  3.902826363180e-06  ,-1.773523756192e+00  ,-1.862319907517e+00  
  3.903383107815e-06  ,-2.121669602402e+00  ,-2.198428348306e+00  
  3.903769373853e-06  ,-2.362836086357e+00  ,-2.431830796763e+00  
  3.904060505290e-06  ,-2.544376942539e+00  ,-2.607770700866e+00  
  3.904139702633e-06  ,-2.593725848954e+00  ,-2.655628351750e+00  
  3.904258585960e-06  ,-2.667773376826e+00  ,-2.727462609967e+00  
  3.904427038930e-06  ,-2.772631826986e+00  ,-2.829230496380e+00  
  3.904618099757e-06  ,-2.891469052564e+00  ,-2.944621494702e+00  
  3.905000221409e-06  ,-3.128826703303e+00  ,-3.175250314959e+00  
  3.905764464714e-06  ,-3.602155166669e+00  ,-3.635613289842e+00  
  3.907292951323e-06  ,-4.542311344615e+00  ,-4.550712463535e+00  
  3.910349924542e-06  ,-6.389065391280e+00  ,-6.341361050369e+00  
  3.915458787657e-06  ,-9.335703797454e+00  ,-6.966556008591e+00  
  3.918408472516e-06  ,-1.093234507660e+01  ,-4.271880047213e+00  
  3.921431918122e-06  ,-1.247143999522e+01  ,-3.026268853843e+00  
  3.926838059403e-06  ,-1.493473886744e+01  ,-2.527059947317e+00  
  3.932452816941e-06  ,-1.703729457101e+01  ,-2.531510936364e+00  
  3.943682332017e-06  ,-1.960736662563e+01  ,-2.428213566730e+00  
  3.963971753098e-06  ,-1.810409067594e+01  ,-1.818805736261e+00  
  3.988972921349e-06  ,-6.790764114031e+00  ,-1.273171990463e+00  
  3.992098067380e-06  ,-4.914092508865e+00  ,-1.049297111423e+00  
  3.992879353888e-06  ,-4.436811890393e+00  ,-1.001176092377e+00  
  3.994441926904e-06  ,-3.474521328417e+00  ,-8.949770688778e-01  
  3.994832570158e-06  ,-3.232549635468e+00  ,-8.642926123820e-01  
  3.995613856666e-06  ,-2.747182199602e+00  ,-7.959121608011e-01  
  3.996594166808e-06  ,-2.135867264229e+00  ,-6.938297429802e-01  
  3.997763349168e-06  ,-1.404173010398e+00  ,-5.335500921502e-01  
  3.998294761829e-06  ,-1.070920327852e+00  ,-4.364092754111e-01  
  3.998408872128e-06  ,-9.993188433635e-01  ,-4.124759155040e-01  
  3.998545008205e-06  ,-9.138799864080e-01  ,-3.821990935179e-01  
  3.998817280360e-06  ,-7.429536873226e-01  ,-3.142264399503e-01  
  3.999361824669e-06  ,-4.009505242701e-01  ,-1.247056578264e-01  
  3.999915495940e-06  ,-5.309540473431e-02  ,1.506310962076e-01  
  4.000433776952e-06  ,2.725416615913e-01  ,4.407986863256e-01  
  4.000769425608e-06  ,4.833972899117e-01  ,6.351081552811e-01  
  4.001076017000e-06  ,6.759526662626e-01  ,8.150805454876e-01  
  4.001154271379e-06  ,7.250911604914e-01  ,8.612957735522e-01  
  4.001244621310e-06  ,7.818193791232e-01  ,9.147677705904e-01  
  4.001420804258e-06  ,8.924212375094e-01  ,1.019350792515e+00  
  4.001581736799e-06  ,9.934255849674e-01  ,1.115189528115e+00  
  4.001875103410e-06  ,1.177480934953e+00  ,1.290510615585e+00  
  4.002461836632e-06  ,1.545275959863e+00  ,1.642858659497e+00  
  4.003018395003e-06  ,1.893672578191e+00  ,1.978382123623e+00  
  4.003551670309e-06  ,2.226952668798e+00  ,2.300466140105e+00  
  4.003841870423e-06  ,2.408061852398e+00  ,2.475836994408e+00  
  4.004030346829e-06  ,2.525580651788e+00  ,2.589737912588e+00  
  4.004114119295e-06  ,2.577786275427e+00  ,2.640361557676e+00  
  4.004248439293e-06  ,2.661454874197e+00  ,2.721524067931e+00  
  4.004506322514e-06  ,2.821957504461e+00  ,2.877310353781e+00  
  4.004796103533e-06  ,3.002091320763e+00  ,3.052275448290e+00  
  4.005375665572e-06  ,3.361597627522e+00  ,3.401777022256e+00  
  4.006534789648e-06  ,4.077148292777e+00  ,4.098128611100e+00  
  4.008853037801e-06  ,5.491090336534e+00  ,5.473243294562e+00  
  4.013441105332e-06  ,8.196546979929e+00  ,7.985180492079e+00  
  4.016203780618e-06  ,9.747076821409e+00  ,5.855388568747e+00  
  4.018856187310e-06  ,1.116681792882e+01  ,3.559071058394e+00  
  4.024161000695e-06  ,1.376450893768e+01  ,2.749138462971e+00  
  4.029384602752e-06  ,1.595005395690e+01  ,2.613866495706e+00  
  4.035955269780e-06  ,1.808455673267e+01  ,2.598168877869e+00  
  4.049096603837e-06  ,1.999194571344e+01  ,2.196428623535e+00  
  4.074097772088e-06  ,1.453725073056e+01  ,1.655496372796e+00  
  4.077222918119e-06  ,1.312085058367e+01  ,1.544937013518e+00  
  4.083473210182e-06  ,9.923791131307e+00  ,1.370594370569e+00  
  4.095973794308e-06  ,2.522999506566e+00  ,8.451976223660e-01  
  4.097885613289e-06  ,1.327531596416e+00  ,5.459845436995e-01  
  4.098222100135e-06  ,1.116506689952e+00  ,4.783772144966e-01  
  4.098556305241e-06  ,9.067892060841e-01  ,4.021833444781e-01  
  4.098878403153e-06  ,7.045742645949e-01  ,3.147330723023e-01  
  4.099510305520e-06  ,3.076719794342e-01  ,6.329164443625e-02  
  4.100153197493e-06  ,-9.625645235649e-02  ,-2.793148067229e-01  
  4.100752596702e-06  ,-4.728263984826e-01  ,-6.240095453186e-01  
  4.100987755653e-06  ,-6.205255810554e-01  ,-7.619962718218e-01  
  4.101057243958e-06  ,-6.641638382090e-01  ,-8.029744321187e-01  
  4.101170446217e-06  ,-7.352473356012e-01  ,-8.698965544442e-01  
  4.101321669720e-06  ,-8.301909825072e-01  ,-9.595777525807e-01  
  4.101559715770e-06  ,-9.796062068156e-01  ,-1.101292450208e+00  
  4.101976016961e-06  ,-1.240770782956e+00  ,-1.350348586715e+00  
  4.102523634635e-06  ,-1.583985781883e+00  ,-1.679572006128e+00  
  4.103088388644e-06  ,-1.937448690233e+00  ,-2.020228243014e+00  
  4.103625482373e-06  ,-2.273035730005e+00  ,-2.344723913805e+00  
  4.103890769608e-06  ,-2.438559746569e+00  ,-2.505067793069e+00  
  4.103981154464e-06  ,-2.494916603090e+00  ,-2.559696555171e+00  
  4.104137779638e-06  ,-2.592527794530e+00  ,-2.654357488338e+00  
  4.104293263942e-06  ,-2.689365899131e+00  ,-2.748315684485e+00  
  4.104604232550e-06  ,-2.882847293800e+00  ,-2.936167174900e+00  
  4.105165261269e-06  ,-3.231204988172e+00  ,-3.274727058324e+00  
  4.106287318707e-06  ,-3.924801240914e+00  ,-3.949616923473e+00  
  4.108531433582e-06  ,-5.296508723506e+00  ,-5.284150754501e+00  
  4.112627017736e-06  ,-7.727340122416e+00  ,-7.602634930707e+00  
  4.115566644311e-06  ,-9.395582420568e+00  ,-6.546924828103e+00  
  4.118750277400e-06  ,-1.111154958144e+01  ,-3.471131663794e+00  
  4.121825132012e-06  ,-1.266362940107e+01  ,-2.964941718818e+00  
  4.124904084444e-06  ,-1.409945732545e+01  ,-2.795406669238e+00  
  4.128228906035e-06  ,-1.550154367969e+01  ,-2.721051778028e+00  
  4.134878549218e-06  ,-1.778535694195e+01  ,-2.572495639950e+00  
  4.148177835584e-06  ,-1.996723906661e+01  ,-2.254653480293e+00  
  4.173179003835e-06  ,-1.492760587718e+01  ,-1.648391205350e+00  
  4.176304149866e-06  ,-1.355101115615e+01  ,-1.570673475625e+00  
  4.182554441929e-06  ,-1.042078987042e+01  ,-1.402993602096e+00  
  4.195055026054e-06  ,-3.094536415267e+00  ,-9.109181013178e-01  
  4.197345707059e-06  ,-1.665809366087e+00  ,-6.515322074379e-01  
  4.197918377310e-06  ,-1.306990055081e+00  ,-5.464676954018e-01  
  4.199063717812e-06  ,-5.881986223478e-01  ,-2.575560777211e-01  
  4.200054831296e-06  ,3.445150242660e-02  ,2.228394102414e-01  
  4.200962684542e-06  ,6.047803306533e-01  ,7.465885002165e-01  
  4.201378100976e-06  ,8.656159033602e-01  ,9.926444790007e-01  
  4.201475889847e-06  ,9.269967063925e-01  ,1.050881078043e+00  
  4.201573736925e-06  ,9.884052887283e-01  ,1.109245646671e+00  
  4.201707265299e-06  ,1.072192180445e+00  ,1.189030389151e+00  
  4.201948664110e-06  ,1.223617128917e+00  ,1.333612946691e+00  
  4.202431461733e-06  ,1.526247198369e+00  ,1.623793842654e+00  
  4.202931675088e-06  ,1.839422678697e+00  ,1.925398853707e+00  
  4.203405532014e-06  ,2.135679110261e+00  ,2.211612845261e+00  
  4.203740994405e-06  ,2.345128694247e+00  ,2.414370789452e+00  
  4.204049774405e-06  ,2.537689168524e+00  ,2.601015557771e+00  
  4.204126736574e-06  ,2.585647618005e+00  ,2.647531561705e+00  
  4.204251440667e-06  ,2.663323908843e+00  ,2.722897133488e+00  
  4.204409928486e-06  ,2.761984427085e+00  ,2.818662579070e+00  
  4.204578102060e-06  ,2.866599509810e+00  ,2.920252378171e+00  
  4.204894146375e-06  ,3.062981174014e+00  ,3.111063719310e+00  
  4.205526235007e-06  ,3.454819319736e+00  ,3.492118399235e+00  
  4.206790412270e-06  ,4.234254797663e+00  ,4.250793670149e+00  
  4.209318766795e-06  ,5.771873538142e+00  ,5.745320901766e+00  
  4.214306930505e-06  ,8.689683258636e+00  ,7.722090879549e+00  
  4.217165345751e-06  ,1.027011287624e+01  ,4.967345169403e+00  
  4.219838986598e-06  ,1.167370860508e+01  ,3.288860786642e+00  
  4.225186268292e-06  ,1.422464983610e+01  ,2.442770709208e+00  
  4.230479160748e-06  ,1.635546190302e+01  ,2.818159412833e+00  
  4.239816228352e-06  ,1.898513221627e+01  ,2.384196022985e+00  
  4.251796761952e-06  ,1.996814588725e+01  ,2.210422453249e+00  
  4.275757829152e-06  ,1.380146500175e+01  ,1.551219374121e+00  
  4.278882975183e-06  ,1.231615729825e+01  ,1.493525512011e+00  
  4.285133267246e-06  ,9.005122844751e+00  ,1.329249956300e+00  
  4.293039823376e-06  ,4.338442260130e+00  ,1.024206905950e+00  
  4.295016462408e-06  ,3.118472594153e+00  ,8.628910708311e-01  
  4.295368595473e-06  ,2.899740607567e+00  ,8.302946340578e-01  
  4.296072861604e-06  ,2.461238839104e+00  ,7.591832569713e-01  
  4.296865230851e-06  ,1.966451294792e+00  ,6.664604054367e-01  
  4.297703700565e-06  ,1.441556361617e+00  ,5.447061657333e-01  
  4.298135182314e-06  ,1.171029372733e+00  ,4.684244410419e-01  
  4.298229397234e-06  ,1.111928908289e+00  ,4.499907142725e-01  
  4.298417827073e-06  ,9.936992734212e-01  ,4.108421628093e-01  
  4.298638340976e-06  ,8.552946854409e-01  ,3.604129419579e-01  
  4.299079368781e-06  ,5.783690115589e-01  ,2.347642448892e-01  
  4.299614227336e-06  ,2.423821798866e-01  ,6.692683386939e-03  
  4.300174045335e-06  ,-1.093553645772e-01  ,-2.931399297911e-01  
  4.300777449232e-06  ,-4.884371929883e-01  ,-6.396621554128e-01  
  4.300989045721e-06  ,-6.213357639569e-01  ,-7.636905290020e-01  
  4.301054575905e-06  ,-6.624883733911e-01  ,-8.022844278829e-01  
  4.301168208901e-06  ,-7.338425367783e-01  ,-8.693809086972e-01  
  4.301317080814e-06  ,-8.273101644772e-01  ,-9.575752049064e-01  
  4.301557688002e-06  ,-9.783336494397e-01  ,-1.100693063670e+00  
  4.301987959031e-06  ,-1.248259665883e+00  ,-1.357973474235e+00  
  4.302538370673e-06  ,-1.593215453258e+00  ,-1.688784429317e+00  
  4.303106756840e-06  ,-1.948935164847e+00  ,-2.031567139685e+00  
  4.303649717901e-06  ,-2.288164035786e+00  ,-2.359559398281e+00  
  4.303910395090e-06  ,-2.450798333206e+00  ,-2.517094889745e+00  
  4.303997601807e-06  ,-2.505169716937e+00  ,-2.569795457984e+00  
  4.304148103535e-06  ,-2.598959625001e+00  ,-2.660743334190e+00  
  4.304308337584e-06  ,-2.698750628866e+00  ,-2.757559154667e+00  
  4.304628805682e-06  ,-2.898124949725e+00  ,-2.951122176964e+00  
  4.305154537275e-06  ,-3.224555240492e+00  ,-3.268349101803e+00  
  4.306206000462e-06  ,-3.874688201227e+00  ,-3.900883130594e+00  
  4.308308926836e-06  ,-5.161566856435e+00  ,-5.153039530098e+00  
  4.312371728435e-06  ,-7.579146263228e+00  ,-7.468062253509e+00  
  4.315387350932e-06  ,-9.295985323905e+00  ,-6.742416562991e+00  
  4.318177965894e-06  ,-1.081078004637e+01  ,-4.130727789793e+00  
  4.320945856586e-06  ,-1.223124282436e+01  ,-3.085619467205e+00  
  4.326066640630e-06  ,-1.460800361988e+01  ,-2.592273060456e+00  
  4.331098017707e-06  ,-1.657614966457e+01  ,-2.743071733099e+00  
  4.341160771862e-06  ,-1.923381116683e+01  ,-2.382049540048e+00  
  4.356494066730e-06  ,-1.958521185988e+01  ,-2.079777983749e+00  
  4.381495234981e-06  ,-1.098295860206e+01  ,-1.421588944642e+00  
  4.384620381013e-06  ,-9.291683588671e+00  ,-1.339066753151e+00  
  4.390870673075e-06  ,-5.657807879725e+00  ,-1.111491670881e+00  
  4.392433246091e-06  ,-4.709680817733e+00  ,-1.030697739307e+00  
  4.395558392122e-06  ,-2.781697085557e+00  ,-8.134370410744e-01  
  4.396339678630e-06  ,-2.294782518496e+00  ,-7.304616734699e-01  
  4.397675008938e-06  ,-1.459536365270e+00  ,-5.519013352110e-01  
  4.398250566289e-06  ,-1.098648325908e+00  ,-4.484021674739e-01  
  4.398405212402e-06  ,-1.001615437689e+00  ,-4.160706425843e-01  
  4.398583257996e-06  ,-8.898713830228e-01  ,-3.758570922784e-01  
  4.398939349182e-06  ,-6.663032470051e-01  ,-2.812516956353e-01  
  4.399477560498e-06  ,-3.282436826751e-01  ,-7.343703894916e-02  
  4.400025923230e-06  ,1.628804382552e-02  ,2.103721317077e-01  
  4.400556870230e-06  ,3.498740366619e-01  ,5.112860670404e-01  
  4.400843531318e-06  ,5.299443262035e-01  ,6.780973129130e-01  
  4.401000459172e-06  ,6.285035453029e-01  ,7.702410292753e-01  
  4.401063695975e-06  ,6.682155101670e-01  ,8.075046733803e-01  
  4.401176083326e-06  ,7.387868300738e-01  ,8.738928823941e-01  
  4.401386469096e-06  ,8.708687911207e-01  ,9.986530077253e-01  
  4.401663816959e-06  ,1.044931050170e+00  ,1.163898150777e+00  
  4.402218512684e-06  ,1.392804371514e+00  ,1.496273318884e+00  
  4.402769762516e-06  ,1.738097826273e+00  ,1.828158335057e+00  
  4.403329580516e-06  ,2.088224203094e+00  ,2.166072025180e+00  
  4.403721341357e-06  ,2.332865056718e+00  ,2.402785403292e+00  
  4.403957664460e-06  ,2.480272008240e+00  ,2.545605322096e+00  
  4.404029737186e-06  ,2.525200667264e+00  ,2.589161226968e+00  
  4.404157002416e-06  ,2.604503444835e+00  ,2.666068136064e+00  
  4.404309506487e-06  ,2.699478353299e+00  ,2.758214673627e+00  
  4.404593792703e-06  ,2.876356091375e+00  ,2.929931984337e+00  
  4.404981222894e-06  ,3.117036006489e+00  ,3.163779734895e+00  
  4.405756083276e-06  ,3.596974948328e+00  ,3.630565616413e+00  
  4.407305804040e-06  ,4.550175541405e+00  ,4.558363653826e+00  
  4.410405245569e-06  ,6.421993638866e+00  ,6.373050888103e+00  
  4.416094508912e-06  ,9.687067518025e+00  ,6.297085604691e+00  
  4.419244986918e-06  ,1.136864571034e+01  ,3.767974023447e+00  
  4.422604826238e-06  ,1.303897402403e+01  ,2.910689843267e+00  
  4.428300050046e-06  ,1.552975006829e+01  ,2.584037223605e+00  
  4.434241888072e-06  ,1.759884511088e+01  ,2.659291603515e+00  
  4.446125564124e-06  ,1.985202769372e+01  ,2.258341825531e+00  
  4.467854437377e-06  ,1.693538832638e+01  ,1.812931908747e+00  
  4.492855605628e-06  ,4.451360326920e+00  ,1.062945979063e+00  
  4.495980751660e-06  ,2.518662935635e+00  ,7.748835405120e-01  
  4.496762038168e-06  ,2.030964557763e+00  ,6.830457341402e-01  
  4.497958601411e-06  ,1.281769493761e+00  ,5.048239059512e-01  
  4.498492528643e-06  ,9.468181686027e-01  ,3.979834058442e-01  
  4.498677419458e-06  ,8.307627754544e-01  ,3.541039668003e-01  
  4.498881658498e-06  ,7.025301369973e-01  ,2.992478635586e-01  
  4.499290136579e-06  ,4.459833720680e-01  ,1.565987355613e-01  
  4.499790070537e-06  ,1.319016152522e-01  ,-8.327392500661e-02  
  4.500243345235e-06  ,-1.528968308762e-01  ,-3.322642093466e-01  
  4.500633802224e-06  ,-3.982033684690e-01  ,-5.561778905644e-01  
  4.500857645605e-06  ,-5.388094279670e-01  ,-6.867308133601e-01  
  4.500922314316e-06  ,-5.794260897019e-01  ,-7.246662565304e-01  
  4.501031523529e-06  ,-6.480119144864e-01  ,-7.889114187608e-01  
  4.501145494130e-06  ,-7.195798499893e-01  ,-8.561773955736e-01  
  4.501373435330e-06  ,-8.626871287745e-01  ,-9.912807505300e-01  
  4.501829317730e-06  ,-1.148761635723e+00  ,-1.263212579350e+00  
  4.502517099451e-06  ,-1.579892469858e+00  ,-1.676267534014e+00  
  4.503172750544e-06  ,-1.990198670666e+00  ,-2.071722118443e+00  
  4.503723720979e-06  ,-2.334350004842e+00  ,-2.404599650188e+00  
  4.504023513716e-06  ,-2.521321591116e+00  ,-2.585782214199e+00  
  4.504109346732e-06  ,-2.574812569094e+00  ,-2.637651141787e+00  
  4.504251373425e-06  ,-2.663282036047e+00  ,-2.723472489329e+00  
  4.504418988205e-06  ,-2.767622162728e+00  ,-2.824736519180e+00  
  4.504682599060e-06  ,-2.931563432389e+00  ,-2.983936887533e+00  
  4.505209820770e-06  ,-3.258831565255e+00  ,-3.302019094536e+00  
  4.506264264189e-06  ,-3.910596291304e+00  ,-3.936200410883e+00  
  4.508373151027e-06  ,-5.200542566073e+00  ,-5.191343349280e+00  
  4.512590924703e-06  ,-7.706418288414e+00  ,-7.585298021471e+00  
  4.515586803161e-06  ,-9.406762035518e+00  ,-6.575101879011e+00  
  4.518904919229e-06  ,-1.119220684993e+01  ,-3.392325787799e+00  
  4.521934697829e-06  ,-1.271683839653e+01  ,-2.960863774154e+00  
  4.524978260003e-06  ,-1.413247349992e+01  ,-2.804020959059e+00  
  4.528303081594e-06  ,-1.553095026057e+01  ,-2.724867983444e+00  
  4.534952724777e-06  ,-1.780662554712e+01  ,-2.571007497783e+00  
  4.548252011143e-06  ,-1.996985134630e+01  ,-2.252596214484e+00  
  4.573253179394e-06  ,-1.489654824520e+01  ,-1.646814457471e+00  
  4.576378325425e-06  ,-1.351669688011e+01  ,-1.568752207427e+00  
  4.582628617488e-06  ,-1.038098197761e+01  ,-1.400857652759e+00  
  4.595129201613e-06  ,-3.048483437603e+00  ,-9.057879567100e-01  
  4.597390080295e-06  ,-1.638024105798e+00  ,-6.456113784864e-01  
  4.597955299966e-06  ,-1.283839581758e+00  ,-5.404770775417e-01  
  4.598535234533e-06  ,-9.200145078771e-01  ,-4.130057673895e-01  
  4.599131094716e-06  ,-5.458814911033e-01  ,-2.325048089535e-01  
  4.599723974667e-06  ,-1.734296577981e-01  ,4.373504506471e-02  
  4.600372640841e-06  ,2.341317974502e-01  ,4.035226119946e-01  
  4.600796485744e-06  ,5.003945312326e-01  ,6.493071047701e-01  
  4.601072296925e-06  ,6.736166050203e-01  ,8.115645053530e-01  
  4.601146674674e-06  ,7.203211272228e-01  ,8.555485151770e-01  
  4.601242728956e-06  ,7.806312852491e-01  ,9.124656842177e-01  
  4.601406921126e-06  ,8.837068117695e-01  ,1.010027199043e+00  
  4.601586643100e-06  ,9.965044873994e-01  ,1.117150131986e+00  
  4.601894771174e-06  ,1.189816894221e+00  ,1.301464352589e+00  
  4.602511027321e-06  ,1.576089131740e+00  ,1.671844523625e+00  
  4.603079227224e-06  ,1.931719392958e+00  ,2.014590662589e+00  
  4.603632898495e-06  ,2.277665163171e+00  ,2.349119862390e+00  
  4.603904053062e-06  ,2.446843502496e+00  ,2.513017770124e+00  
  4.603993378539e-06  ,2.502537036097e+00  ,2.567008075572e+00  
  4.604152797680e-06  ,2.601884006458e+00  ,2.663360368921e+00  
  4.604308677796e-06  ,2.698962435262e+00  ,2.757559415941e+00  
  4.604620438028e-06  ,2.892922789034e+00  ,2.945889704439e+00  
  4.605200745124e-06  ,3.253205245138e+00  ,3.296065485710e+00  
  4.606361359317e-06  ,3.970407108155e+00  ,3.993974304958e+00  
  4.608682587702e-06  ,5.388030717973e+00  ,5.372999069101e+00  
  4.612878754694e-06  ,7.872985196095e+00  ,7.731013582536e+00  
  4.615762129385e-06  ,9.503834173433e+00  ,6.326283207926e+00  
  4.618725225288e-06  ,1.109845829894e+01  ,3.532927336153e+00  
  4.622203156311e-06  ,1.284657308534e+01  ,2.923843643234e+00  
  4.625174075324e-06  ,1.421926339242e+01  ,2.775447512331e+00  
  4.628828212578e-06  ,1.573671494389e+01  ,2.702390714563e+00  
  4.636136487085e-06  ,1.813288828796e+01  ,2.541984189943e+00  
  4.650753036100e-06  ,1.999440356990e+01  ,2.191769839976e+00  
  4.675754204351e-06  ,1.380311325030e+01  ,1.586525572646e+00  
  4.678879350383e-06  ,1.231795167550e+01  ,1.503241002859e+00  
  4.685129642446e-06  ,9.007156391062e+00  ,1.326747165115e+00  
  4.692531049211e-06  ,4.649935294109e+00  ,1.046764383022e+00  
  4.694381400902e-06  ,3.511966355712e+00  ,9.213352246758e-01  
  4.694843988825e-06  ,3.225469200003e+00  ,8.804714628430e-01  
  4.695769164670e-06  ,2.650491943786e+00  ,7.922191138479e-01  
  4.696797717322e-06  ,2.008661299465e+00  ,6.763674740065e-01  
  4.697934675921e-06  ,1.296771055241e+00  ,5.065408407847e-01  
  4.698514703620e-06  ,9.329006129082e-01  ,3.910701674185e-01  
  4.698707324412e-06  ,8.119887918892e-01  ,3.449401067053e-01  
  4.698919712525e-06  ,6.786343460491e-01  ,2.868103238987e-01  
  4.699344488751e-06  ,4.118407535890e-01  ,1.330662217277e-01  
  4.699835854542e-06  ,1.031351762027e-01  ,-1.075019593689e-01  
  4.700290246826e-06  ,-1.823649319054e-01  ,-3.586252391413e-01  
  4.700662636157e-06  ,-4.163165058857e-01  ,-5.726586630286e-01  
  4.700879634317e-06  ,-5.526201990526e-01  ,-6.993354172317e-01  
  4.700939180754e-06  ,-5.900190550967e-01  ,-7.342849931421e-01  
  4.701051172294e-06  ,-6.603509910057e-01  ,-8.001969950100e-01  
  4.701168588787e-06  ,-7.340810657121e-01  ,-8.695303052163e-01  
  4.701403421775e-06  ,-8.815102464433e-01  ,-1.008789652028e+00  
  4.701812412083e-06  ,-1.138156879452e+00  ,-1.252774393206e+00  
  4.702440496027e-06  ,-1.531906998902e+00  ,-1.629816525465e+00  
  4.703068300575e-06  ,-1.924885961503e+00  ,-2.008317587030e+00  
  4.703643112868e-06  ,-2.284041172085e+00  ,-2.355538463924e+00  
  4.703931962565e-06  ,-2.464246886053e+00  ,-2.530100183554e+00  
  4.704020880587e-06  ,-2.519680338581e+00  ,-2.583834271456e+00  
  4.704181696713e-06  ,-2.619886417852e+00  ,-2.681013668183e+00  
  4.704341232270e-06  ,-2.719228494427e+00  ,-2.777404253698e+00  
  4.704660303384e-06  ,-2.917705235536e+00  ,-2.970113078012e+00  
  4.705257467419e-06  ,-3.288365085839e+00  ,-3.330371249035e+00  
  4.706451795489e-06  ,-4.026082775113e+00  ,-4.048237311978e+00  
  4.708840451628e-06  ,-5.483485679080e+00  ,-5.465646325982e+00  
  4.713170729071e-06  ,-8.041292681632e+00  ,-7.870222661484e+00  
  4.715991146356e-06  ,-9.630198295355e+00  ,-6.054952754083e+00  
  4.718762017280e-06  ,-1.111768202904e+01  ,-3.562377296363e+00  
  4.723033435136e-06  ,-1.324198827714e+01  ,-2.841208972253e+00  
  4.726459957153e-06  ,-1.477567743115e+01  ,-2.716650502993e+00  
  4.730475820094e-06  ,-1.635425375586e+01  ,-2.658645175197e+00  
  4.738507545978e-06  ,-1.871055601326e+01  ,-2.487110555313e+00  
  4.754570997745e-06  ,-1.979413841531e+01  ,-2.096940139827e+00  
  4.779572165996e-06  ,-1.197211338849e+01  ,-1.493408689427e+00  
  4.782697312027e-06  ,-1.034406530865e+01  ,-1.396845653465e+00  
  4.788947604090e-06  ,-6.805724250715e+00  ,-1.192457029549e+00  
  4.790510177106e-06  ,-5.874694420078e+00  ,-1.122440661466e+00  
  4.793635323137e-06  ,-3.972450074476e+00  ,-9.553395844959e-01  
  4.794416609645e-06  ,-3.490185644630e+00  ,-8.998066483796e-01  
  4.795979182661e-06  ,-2.519640915343e+00  ,-7.644892810363e-01  
  4.797407458961e-06  ,-1.627141208659e+00  ,-5.930863055339e-01  
  4.798186230898e-06  ,-1.139008136818e+00  ,-4.618977777041e-01  
  4.798513218254e-06  ,-9.338328792582e-01  ,-3.929576074959e-01  
  4.798870101064e-06  ,-7.097873589100e-01  ,-3.026298737484e-01  
  4.799465774983e-06  ,-3.356477198777e-01  ,-7.927884142665e-02  
  4.800058096141e-06  ,3.650286144665e-02  ,2.279644334174e-01  
  4.800618100405e-06  ,3.883395321015e-01  ,5.465801983220e-01  
  4.800906344742e-06  ,5.693962494715e-01  ,7.147777885354e-01  
  4.800979395356e-06  ,6.152751594282e-01  ,7.577049125054e-01  
  4.801103796769e-06  ,6.933969785278e-01  ,8.310316827620e-01  
  4.801235904876e-06  ,7.763468388037e-01  ,9.091728722032e-01  
  4.801500121091e-06  ,9.422050131633e-01  ,1.066144925151e+00  
  4.802028553519e-06  ,1.273715186395e+00  ,1.382105200710e+00  
  4.802641084377e-06  ,1.657538874218e+00  ,1.750477519969e+00  
  4.803291240666e-06  ,2.064264725018e+00  ,2.142806819845e+00  
  4.803744049702e-06  ,2.347035140344e+00  ,2.416405396704e+00  
  4.804007381160e-06  ,2.511265753533e+00  ,2.575551703128e+00  
  4.804078394506e-06  ,2.555525336669e+00  ,2.618466159772e+00  
  4.804213226732e-06  ,2.639525316364e+00  ,2.699942704272e+00  
  4.804362866987e-06  ,2.732695131228e+00  ,2.790353199137e+00  
  4.804609667469e-06  ,2.886226450654e+00  ,2.939419589455e+00  
  4.805035887245e-06  ,3.150958317806e+00  ,3.196656016228e+00  
  4.805888326798e-06  ,3.678679866089e+00  ,3.709975845330e+00  
  4.807593205903e-06  ,4.725832075623e+00  ,4.729182936433e+00  
  4.811002964113e-06  ,6.776510678520e+00  ,6.712838737008e+00  
  4.815122390125e-06  ,9.148261094992e+00  ,7.121650636026e+00  
  4.817798266146e-06  ,1.060930019955e+01  ,4.520506352732e+00  
  4.820493886206e-06  ,1.200533236849e+01  ,3.173632804089e+00  
  4.825885126326e-06  ,1.452986898267e+01  ,2.773234229222e+00  
  4.831055084202e-06  ,1.656104065184e+01  ,2.693667641040e+00  
  4.840313175652e-06  ,1.908101525916e+01  ,2.450743227937e+00  
  4.858829358552e-06  ,1.923551023471e+01  ,1.988392945791e+00  
  4.883830526803e-06  ,9.728248376417e+00  ,1.383417028251e+00  
  4.886955672834e-06  ,7.968511018809e+00  ,1.261785580890e+00  
  4.893205964897e-06  ,4.236479464589e+00  ,9.912904797948e-01  
  4.894768537913e-06  ,3.272246729328e+00  ,8.748899522323e-01  
  4.895159181166e-06  ,3.029865483304e+00  ,8.413143159992e-01  
  4.895940467674e-06  ,2.543770577394e+00  ,7.672868218583e-01  
  4.896926924545e-06  ,1.927872157769e+00  ,6.551690468029e-01  
  4.897819038440e-06  ,1.369266623277e+00  ,5.233824055828e-01  
  4.898282883648e-06  ,1.078372827556e+00  ,4.378015187723e-01  
  4.898387273267e-06  ,1.012872625448e+00  ,4.161130128112e-01  
  4.898514142685e-06  ,9.332526753586e-01  ,3.883210304010e-01  
  4.898767881520e-06  ,7.739695634496e-01  ,3.267143670043e-01  
  4.899275359191e-06  ,4.552659218961e-01  ,1.609310099563e-01  
  4.899784420110e-06  ,1.354518040570e-01  ,-8.069218825128e-02  
  4.900294784881e-06  ,-1.852161558760e-01  ,-3.613781419486e-01  
  4.900689898483e-06  ,-4.334420644428e-01  ,-5.886194573711e-01  
  4.900919725612e-06  ,-5.778002396958e-01  ,-7.229430893709e-01  
  4.900979272049e-06  ,-6.151977199529e-01  ,-7.579355473753e-01  
  4.901089412585e-06  ,-6.843644920334e-01  ,-8.228275288329e-01  
  4.901213581167e-06  ,-7.623308203773e-01  ,-8.962207215423e-01  
  4.901461918332e-06  ,-9.182274901952e-01  ,-1.043638826845e+00  
  4.901860291563e-06  ,-1.168190392616e+00  ,-1.281468416522e+00  
  4.902475895785e-06  ,-1.554083028367e+00  ,-1.651145601037e+00  
  4.903079765342e-06  ,-1.932055921525e+00  ,-2.015248924115e+00  
  4.903645730071e-06  ,-2.285674842658e+00  ,-2.357124840517e+00  
  4.903923124500e-06  ,-2.458735984084e+00  ,-2.524762055346e+00  
  4.904011751484e-06  ,-2.513989953045e+00  ,-2.578320045469e+00  
  4.904169494245e-06  ,-2.612285254855e+00  ,-2.673641941865e+00  
  4.904329239350e-06  ,-2.711762900095e+00  ,-2.770159507684e+00  
  4.904648729559e-06  ,-2.910510793979e+00  ,-2.963123783719e+00  
  4.905230433639e-06  ,-3.271609242100e+00  ,-3.314073124736e+00  
  4.906393841799e-06  ,-3.990408171053e+00  ,-4.013501506638e+00  
  4.908720658120e-06  ,-5.411062823281e+00  ,-5.395338623986e+00  
  4.912963763770e-06  ,-7.922057329470e+00  ,-7.772533340065e+00  
  4.915825159248e-06  ,-9.538661348012e+00  ,-6.245316755424e+00  
  4.918721199926e-06  ,-1.109635415608e+01  ,-3.547583430185e+00  
  4.922389493283e-06  ,-1.293608521266e+01  ,-2.527408673597e+00  
  4.927865670022e-06  ,-1.535632792386e+01  ,-2.474479769650e+00  
  4.933542267378e-06  ,-1.738577305157e+01  ,-2.716942000382e+00  
  4.944895462092e-06  ,-1.974338520025e+01  ,-2.264062174626e+00  
  4.966126636561e-06  ,-1.748766277941e+01  ,-1.873065925472e+00  
  4.991127804812e-06  ,-5.502663721621e+00  ,-1.116208767537e+00  
  4.994252950843e-06  ,-3.591391055081e+00  ,-9.134451542610e-01  
  4.995034237351e-06  ,-3.107440380806e+00  ,-8.503092567725e-01  
  4.996596810367e-06  ,-2.134215758530e+00  ,-6.964116021057e-01  
  4.997903083410e-06  ,-1.316578803791e+00  ,-5.132564521965e-01  
  4.998543460812e-06  ,-9.148512251482e-01  ,-3.860279011738e-01  
  4.998758363497e-06  ,-7.799453996703e-01  ,-3.331287631875e-01  
  4.999000367668e-06  ,-6.279842831957e-01  ,-2.630041633773e-01  
  4.999484376010e-06  ,-3.239619396448e-01  ,-7.018309986211e-02  
  5.000043728348e-06  ,2.747532263683e-02  ,2.205439041566e-01  
  5.000551485416e-06  ,3.464911710011e-01  ,5.084277624617e-01  
  5.000831254717e-06  ,5.222333793985e-01  ,6.712076277916e-01  
  5.001004946377e-06  ,6.313215408091e-01  ,7.731875637458e-01  
  5.001062554499e-06  ,6.674986999358e-01  ,8.071364237472e-01  
  5.001173230546e-06  ,7.369955954370e-01  ,8.725097208403e-01  
  5.001353651011e-06  ,8.502676787807e-01  ,9.794570290401e-01  
  5.001591277966e-06  ,9.994130322706e-01  ,1.120906324569e+00  
  5.002066531876e-06  ,1.297528338582e+00  ,1.405304289491e+00  
  5.002637060085e-06  ,1.655019022812e+00  ,1.748453556498e+00  
  5.003246238181e-06  ,2.036137790710e+00  ,2.116018494018e+00  
  5.003702912206e-06  ,2.321364331653e+00  ,2.391933766716e+00  
  5.003957489232e-06  ,2.480162758897e+00  ,2.545788029599e+00  
  5.004032449057e-06  ,2.526890941142e+00  ,2.591088317377e+00  
  5.004168794682e-06  ,2.611849471354e+00  ,2.673482021173e+00  
  5.004316921538e-06  ,2.704094659808e+00  ,2.762982827985e+00  
  5.004613175249e-06  ,2.888407365479e+00  ,2.941925024907e+00  
  5.005037392681e-06  ,3.151892394914e+00  ,3.197951964272e+00  
  5.005885827547e-06  ,3.677136321183e+00  ,3.708867510681e+00  
  5.007582697278e-06  ,4.719416030295e+00  ,4.723372161218e+00  
  5.010976436740e-06  ,6.760826590891e+00  ,6.698608816478e+00  
  5.015136095887e-06  ,9.155918135517e+00  ,7.149936847910e+00  
  5.017816442257e-06  ,1.061897960947e+01  ,4.532499153945e+00  
  5.020511317259e-06  ,1.201409017975e+01  ,3.174539314854e+00  
  5.025901067263e-06  ,1.453674987917e+01  ,2.772254336003e+00  
  5.031069535023e-06  ,1.656612950038e+01  ,2.693387288499e+00  
  5.040287393337e-06  ,1.907615489905e+01  ,2.451502774843e+00  
  5.058723109966e-06  ,1.925368398391e+01  ,1.990839520483e+00  
  5.083724278217e-06  ,9.786522458270e+00  ,1.386206876541e+00  
  5.086849424249e-06  ,8.029696955913e+00  ,1.277786104907e+00  
  5.093099716311e-06  ,4.301698815565e+00  ,9.941909300075e-01  
  5.094662289327e-06  ,3.338086750410e+00  ,8.813789035694e-01  
  5.095052932581e-06  ,3.095835936140e+00  ,8.489381631149e-01  
  5.095834219089e-06  ,2.609972068082e+00  ,7.770299852291e-01  
  5.096813039115e-06  ,1.999082776348e+00  ,6.690446628961e-01  
  5.097819053760e-06  ,1.369257019862e+00  ,5.231630094263e-01  
  5.098344319692e-06  ,1.039825590221e+00  ,4.251445536660e-01  
  5.098466811894e-06  ,9.629580515346e-01  ,3.989000041405e-01  
  5.098585671937e-06  ,8.883561583132e-01  ,3.718871606486e-01  
  5.098823392024e-06  ,7.391162519379e-01  ,3.118601660015e-01  
  5.099298832199e-06  ,4.405210953954e-01  ,1.512647938208e-01  
  5.099835832795e-06  ,1.031488396745e-01  ,-1.078778120095e-01  
  5.100323380163e-06  ,-2.031822536859e-01  ,-3.776427185637e-01  
  5.100709320238e-06  ,-4.456421650960e-01  ,-5.999406172254e-01  
  5.100938355742e-06  ,-5.895009101279e-01  ,-7.339020072337e-01  
  5.100998519180e-06  ,-6.272852135584e-01  ,-7.692783170950e-01  
  5.101104445482e-06  ,-6.938043315798e-01  ,-8.317184171694e-01  
  5.101235436002e-06  ,-7.760524583130e-01  ,-9.091799601602e-01  
  5.101466636831e-06  ,-9.211890743712e-01  ,-1.046463874126e+00  
  5.101853927324e-06  ,-1.164198426832e+00  ,-1.277674850461e+00  
  5.102479310432e-06  ,-1.556222018859e+00  ,-1.653216451601e+00  
  5.103082900593e-06  ,-1.934016635014e+00  ,-2.017155687926e+00  
  5.103652124951e-06  ,-2.289666492570e+00  ,-2.361002876924e+00  
  5.103928681189e-06  ,-2.462200833847e+00  ,-2.528133647798e+00  
  5.104016667889e-06  ,-2.517054490235e+00  ,-2.581304564025e+00  
  5.104173386196e-06  ,-2.614709670960e+00  ,-2.676007028728e+00  
  5.104333969491e-06  ,-2.714707459368e+00  ,-2.773030468740e+00  
  5.104655136080e-06  ,-2.914493219398e+00  ,-2.967005144830e+00  
  5.105232183548e-06  ,-3.272693926859e+00  ,-3.315140989536e+00  
  5.106386278482e-06  ,-3.985751434847e+00  ,-4.008981677867e+00  
  5.108694468351e-06  ,-5.395219184367e+00  ,-5.379973242137e+00  
  5.112954710336e-06  ,-7.916833848641e+00  ,-7.768208503586e+00  
  5.115824301453e-06  ,-9.538187623979e+00  ,-6.250647856402e+00  
  5.118734498234e-06  ,-1.110330479033e+01  ,-3.540352978992e+00  
  5.122382675024e-06  ,-1.293281766799e+01  ,-2.529143418435e+00  
  5.127878968330e-06  ,-1.536167974849e+01  ,-2.474706332567e+00  
  5.133535449119e-06  ,-1.738365503190e+01  ,-2.716470053449e+00  
  5.144848410698e-06  ,-1.973864304954e+01  ,-2.265739806702e+00  
  5.166046802612e-06  ,-1.751194775548e+01  ,-1.874532554287e+00  
  5.191047970863e-06  ,-5.550871600425e+00  ,-1.119468079948e+00  
  5.194173116894e-06  ,-3.640725501876e+00  ,-9.190177567235e-01  
  5.194954403402e-06  ,-3.156982549436e+00  ,-8.567748118817e-01  
  5.196516976418e-06  ,-2.184083728259e+00  ,-7.055393890108e-01  
  5.197845414938e-06  ,-1.352732198020e+00  ,-5.231295235242e-01  
  5.198493056657e-06  ,-9.464867798826e-01  ,-3.973492724351e-01  
  5.198711149121e-06  ,-8.095876318813e-01  ,-3.452114456781e-01  
  5.198940999532e-06  ,-6.652668761281e-01  ,-2.813699357094e-01  
  5.199400700355e-06  ,-3.765288264003e-01  ,-1.086458146320e-01  
  5.199900075519e-06  ,-6.278429967989e-02  ,1.419721762259e-01  
  5.200369927758e-06  ,2.324272334939e-01  ,4.041430467033e-01  
  5.200737148250e-06  ,4.631225068791e-01  ,6.162261187999e-01  
  5.200973191956e-06  ,6.113792814650e-01  ,7.544893647522e-01  
  5.201035637135e-06  ,6.505952064328e-01  ,7.912568925518e-01  
  5.201136266539e-06  ,7.137857074934e-01  ,8.506450142442e-01  
  5.201279457385e-06  ,8.036903275189e-01  ,9.354155389002e-01  
  5.201482043328e-06  ,9.308588799579e-01  ,1.055799471276e+00  
  5.201858483912e-06  ,1.167056549506e+00  ,1.280587926046e+00  
  5.202483308228e-06  ,1.558726279691e+00  ,1.655832504518e+00  
  5.203080844792e-06  ,1.932730986385e+00  ,2.016139669362e+00  
  5.203647647711e-06  ,2.286871832850e+00  ,2.358533131901e+00  
  5.203924716176e-06  ,2.459728474963e+00  ,2.525977716944e+00  
  5.204013145255e-06  ,2.514858736668e+00  ,2.579417399846e+00  
  5.204170701751e-06  ,2.613037451978e+00  ,2.674628917924e+00  
  5.204329911346e-06  ,2.712181227759e+00  ,2.770825058566e+00  
  5.204648330534e-06  ,2.910262747837e+00  ,2.963146805233e+00  
  5.205224912340e-06  ,3.268186787485e+00  ,3.311017047921e+00  
  5.206378075952e-06  ,3.980700880537e+00  ,4.004342996032e+00  
  5.208684403175e-06  ,5.389129231080e+00  ,5.374408248008e+00  
  5.212907392258e-06  ,7.889522736305e+00  ,7.747978113435e+00  
  5.215734515065e-06  ,9.488564123275e+00  ,6.388991211321e+00  
  5.218656260246e-06  ,1.106238429907e+01  ,3.576833063455e+00  
  5.222073096508e-06  ,1.278383419771e+01  ,2.566733430222e+00  
  5.227599192137e-06  ,1.524852177271e+01  ,2.472086342435e+00  
  5.232955414528e-06  ,1.720056343323e+01  ,2.550259693324e+00  
  5.243667859310e-06  ,1.960557159519e+01  ,2.407768864005e+00  
  5.265092748875e-06  ,1.779359819693e+01  ,1.807677465954e+00  
  5.290093917126e-06  ,6.124191345868e+00  ,1.223155916926e+00  
  5.293219063157e-06  ,4.228435980207e+00  ,9.865770893533e-01  
  5.293803561205e-06  ,3.868794076991e+00  ,9.454477802363e-01  
  5.294972557301e-06  ,3.145718605507e+00  ,8.551793131840e-01  
  5.296383883530e-06  ,2.267188990674e+00  ,7.206778783944e-01  
  5.297759633237e-06  ,1.406502027331e+00  ,5.375506730657e-01  
  5.298410813982e-06  ,9.981002625735e-01  ,4.152790975868e-01  
  5.298634075286e-06  ,8.579724380269e-01  ,3.641873846168e-01  
  5.298843995394e-06  ,7.261794619423e-01  ,3.095180625967e-01  
  5.299263835611e-06  ,4.625044947374e-01  ,1.672301151397e-01  
  5.299774200382e-06  ,1.418728945415e-01  ,-7.489455376271e-02  
  5.300239163177e-06  ,-1.502692421537e-01  ,-3.298089582388e-01  
  5.300641308265e-06  ,-4.029186070405e-01  ,-5.604229140212e-01  
  5.300869691843e-06  ,-5.463755168167e-01  ,-6.936714996736e-01  
  5.300933336100e-06  ,-5.863483387959e-01  ,-7.310200345682e-01  
  5.301054757280e-06  ,-6.626022721624e-01  ,-8.024852651503e-01  
  5.301166807028e-06  ,-7.329623062235e-01  ,-8.686559305791e-01  
  5.301390906522e-06  ,-8.736542552681e-01  ,-1.001537541561e+00  
  5.301839105511e-06  ,-1.154901272638e+00  ,-1.268943999841e+00  
  5.302564792061e-06  ,-1.609763192960e+00  ,-1.704864063318e+00  
  5.303288057173e-06  ,-2.062275149628e+00  ,-2.141232578307e+00  
  5.303715767065e-06  ,-2.329386498294e+00  ,-2.399663429868e+00  
  5.303992788965e-06  ,-2.502169506932e+00  ,-2.567083307506e+00  
  5.304068202810e-06  ,-2.549174064931e+00  ,-2.612657128109e+00  
  5.304208925651e-06  ,-2.636846482359e+00  ,-2.697693254412e+00  
  5.304375422845e-06  ,-2.740510008983e+00  ,-2.798287233520e+00  
  5.304629394511e-06  ,-2.898491016302e+00  ,-2.951679638457e+00  
  5.305137337843e-06  ,-3.213889430058e+00  ,-3.258185503292e+00  
  5.306153224507e-06  ,-3.842151031002e+00  ,-3.869436457836e+00  
  5.308184997836e-06  ,-5.086298859033e+00  ,-5.080145924565e+00  
  5.312162862817e-06  ,-7.457538042380e+00  ,-7.356734548644e+00  
  5.315233619610e-06  ,-9.210352920053e+00  ,-6.924825476032e+00  
  5.317830146948e-06  ,-1.062627554394e+01  ,-4.379142363761e+00  
  5.320454986492e-06  ,-1.198577516875e+01  ,-3.172091707961e+00  
  5.325410367647e-06  ,-1.432327687943e+01  ,-2.571866959522e+00  
  5.330330731073e-06  ,-1.630160870749e+01  ,-2.771425060804e+00  
  5.340171457926e-06  ,-1.905414468157e+01  ,-2.402359052382e+00  
  5.353581012884e-06  ,-1.987356904674e+01  ,-2.151204057160e+00  
  5.378582181135e-06  ,-1.246451324490e+01  ,-1.494416913137e+00  
  5.381707327167e-06  ,-1.087134567688e+01  ,-1.426300470572e+00  
  5.387957619229e-06  ,-7.387243188642e+00  ,-1.229446932137e+00  
  5.389520192245e-06  ,-6.466343923344e+00  ,-1.164908322783e+00  
  5.392645338276e-06  ,-4.580063329126e+00  ,-1.014937912518e+00  
  5.395700076321e-06  ,-2.693512272842e+00  ,-8.018684509291e-01  
  5.396463760832e-06  ,-2.217317027723e+00  ,-7.178898608375e-01  
  5.397794993320e-06  ,-1.384338776162e+00  ,-5.329882807556e-01  
  5.398366080323e-06  ,-1.026171232057e+00  ,-4.253286668389e-01  
  5.398542705650e-06  ,-9.153252110818e-01  ,-3.861744668898e-01  
  5.398718073690e-06  ,-8.052403434184e-01  ,-3.434885730261e-01  
  5.399068809772e-06  ,-5.850006261932e-01  ,-2.402836339850e-01  
  5.399547788972e-06  ,-2.841230111016e-01  ,-4.009588328576e-02  
  5.400094009662e-06  ,5.906792685491e-02  ,2.480909363450e-01  
  5.400630172068e-06  ,3.959229239239e-01  ,5.537169689076e-01  
  5.400879021460e-06  ,5.522352766760e-01  ,6.988756407370e-01  
  5.400949825259e-06  ,5.967042505994e-01  ,7.404391503431e-01  
  5.401083539898e-06  ,6.806767230061e-01  ,8.191903764567e-01  
  5.401205170626e-06  ,7.570501350922e-01  ,8.910820925834e-01  
  5.401448432082e-06  ,9.097626829760e-01  ,1.035474165772e+00  
  5.401934954995e-06  ,1.215019460845e+00  ,1.326077644865e+00  
  5.402532770956e-06  ,1.589708204252e+00  ,1.685306015008e+00  
  5.403142228449e-06  ,1.971115347424e+00  ,2.052890268484e+00  
  5.403718344593e-06  ,2.330994977577e+00  ,2.400946407466e+00  
  5.403972642222e-06  ,2.489609892488e+00  ,2.554630666951e+00  
  5.404056240065e-06  ,2.541718775299e+00  ,2.605149809453e+00  
  5.404199850006e-06  ,2.631193757024e+00  ,2.691930559540e+00  
  5.404369327432e-06  ,2.736716222831e+00  ,2.794325618698e+00  
  5.404681506759e-06  ,2.930884530084e+00  ,2.982864483744e+00  
  5.405295807129e-06  ,3.312124403325e+00  ,3.353427132594e+00  
  5.406524407869e-06  ,4.070761992589e+00  ,4.091676014115e+00  
  5.408981609350e-06  ,5.568724817820e+00  ,5.548278969244e+00  
  5.413428115850e-06  ,8.189101649057e+00  ,7.972004510930e+00  
  5.416209045058e-06  ,9.749965026645e+00  ,5.796320677251e+00  
  5.418863686925e-06  ,1.117072687068e+01  ,3.542785248112e+00  
  5.424172970658e-06  ,1.376996438986e+01  ,2.752209049249e+00  
  5.429374220973e-06  ,1.594611764382e+01  ,2.617563148025e+00  
  5.436028334504e-06  ,1.810411406741e+01  ,2.595404267072e+00  
  5.449336561566e-06  ,1.999565604540e+01  ,2.243088852607e+00  
  5.474337729817e-06  ,1.443329245330e+01  ,1.607044778869e+00  
  5.477462875849e-06  ,1.300668920016e+01  ,1.541554276986e+00  
  5.483713167911e-06  ,9.792609833430e+00  ,1.368638606011e+00  
  5.496213752037e-06  ,2.373363819234e+00  ,8.223796050621e-01  
  5.497484448558e-06  ,1.578922864729e+00  ,6.388750636425e-01  
  5.497802122688e-06  ,1.379869971325e+00  ,5.799010584830e-01  
  5.498109459138e-06  ,1.187163608532e+00  ,5.174075366223e-01  
  5.498379542684e-06  ,1.017723631008e+00  ,4.570670659192e-01  
  5.498708765214e-06  ,8.110842544955e-01  ,3.733664260288e-01  
  5.499367210275e-06  ,3.975673228038e-01  ,1.346017430763e-01  
  5.500004607445e-06  ,-2.894942825466e-03  ,-1.948849620169e-01  
  5.500590316212e-06  ,-3.708853542794e-01  ,-5.287150736611e-01  
  5.500906453660e-06  ,-5.694646570351e-01  ,-7.135380176408e-01  
  5.500988200499e-06  ,-6.208049515589e-01  ,-7.616750843965e-01  
  5.501106222352e-06  ,-6.949200990873e-01  ,-8.313704553284e-01  
  5.501240612200e-06  ,-7.793022996677e-01  ,-9.109842465839e-01  
  5.501509391895e-06  ,-9.480235235258e-01  ,-1.070876161751e+00  
  5.502046951285e-06  ,-1.285251163735e+00  ,-1.392611688171e+00  
  5.502672334393e-06  ,-1.677105488470e+00  ,-1.768968800302e+00  
  5.503303491702e-06  ,-2.071921014340e+00  ,-2.149988675976e+00  
  5.503683843842e-06  ,-2.309463886053e+00  ,-2.379860683693e+00  
  5.503929526737e-06  ,-2.462728064923e+00  ,-2.528368237616e+00  
  5.504004696110e-06  ,-2.509592030312e+00  ,-2.573804805244e+00  
  5.504138108069e-06  ,-2.592732412544e+00  ,-2.654442032559e+00  
  5.504299226874e-06  ,-2.693078445696e+00  ,-2.751811552985e+00  
  5.504606656456e-06  ,-2.884354366338e+00  ,-2.937534956073e+00  
  5.505038976395e-06  ,-3.152875033301e+00  ,-3.198485160534e+00  
  5.505903616274e-06  ,-3.688122199423e+00  ,-3.719182078238e+00  
  5.507632896030e-06  ,-4.750060247462e+00  ,-4.752848439013e+00  
  5.511091455543e-06  ,-6.828796399261e+00  ,-6.763070174745e+00  
  5.515061124885e-06  ,-9.114013138594e+00  ,-7.172873982850e+00  
  5.517696022714e-06  ,-1.055478765248e+01  ,-4.577865902320e+00  
  5.520328312838e-06  ,-1.192196488738e+01  ,-3.207914955336e+00  
  5.525592893088e-06  ,-1.440308269622e+01  ,-2.776821931266e+00  
  5.530715167249e-06  ,-1.644035693120e+01  ,-2.703914142023e+00  
  5.539661824429e-06  ,-1.895439755757e+01  ,-2.468028474821e+00  
  5.557555138791e-06  ,-1.943928158443e+01  ,-2.017976008467e+00  
  5.582556307042e-06  ,-1.041978961038e+01  ,-1.423033583374e+00  
  5.585681453073e-06  ,-8.696256570994e+00  ,-1.304703636057e+00  
  5.591931745136e-06  ,-5.015324736395e+00  ,-1.060728911106e+00  
  5.593494318152e-06  ,-4.059241678203e+00  ,-9.641102831165e-01  
  5.596619464183e-06  ,-2.120062680291e+00  ,-6.984902690878e-01  
  5.597046382451e-06  ,-1.853150662187e+00  ,-6.435282275527e-01  
  5.597900218988e-06  ,-1.318374664216e+00  ,-5.120890373187e-01  
  5.598185436526e-06  ,-1.139506444790e+00  ,-4.591850158046e-01  
  5.598329023184e-06  ,-1.049423550376e+00  ,-4.301813778057e-01  
  5.598534030566e-06  ,-9.207701813596e-01  ,-3.854450301460e-01  
  5.598932869459e-06  ,-6.703723034332e-01  ,-2.818677646631e-01  
  5.599476575578e-06  ,-3.288624427734e-01  ,-7.338236604691e-02  
  5.600048966432e-06  ,3.076650446271e-02  ,2.232842377247e-01  
  5.600590344245e-06  ,3.709029647833e-01  ,5.307587728126e-01  
  5.600874723593e-06  ,5.495358715209e-01  ,6.964585216037e-01  
  5.600954922108e-06  ,5.999052620146e-01  ,7.435339002346e-01  
  5.601069148822e-06  ,6.716397124369e-01  ,8.107940148178e-01  
  5.601199813379e-06  ,7.536864792464e-01  ,8.880013968637e-01  
  5.601461142493e-06  ,9.177405303919e-01  ,1.043121504468e+00  
  5.601983800722e-06  ,1.245652006586e+00  ,1.355431403462e+00  
  5.602600522531e-06  ,1.632139452542e+00  ,1.726185542610e+00  
  5.603292960865e-06  ,2.065339782680e+00  ,2.143984567582e+00  
  5.603695105953e-06  ,2.316492599109e+00  ,2.386964002127e+00  
  5.603954665555e-06  ,2.478402275060e+00  ,2.543828654706e+00  
  5.604031103855e-06  ,2.526052496537e+00  ,2.590022171492e+00  
  5.604167519329e-06  ,2.611055003715e+00  ,2.672457237997e+00  
  5.604332270293e-06  ,2.713649698732e+00  ,2.772000443893e+00  
  5.604620142100e-06  ,2.892738807434e+00  ,2.945873977361e+00  
  5.605095116613e-06  ,3.187702987183e+00  ,3.232503858718e+00  
  5.606045065640e-06  ,3.775436556208e+00  ,3.804265425228e+00  
  5.607944963692e-06  ,4.940296397799e+00  ,4.937919705258e+00  
  5.611744759796e-06  ,7.213145701988e+00  ,7.127529720367e+00  
  5.614899335621e-06  ,9.023409150061e+00  ,7.219931964256e+00  
  5.617381496547e-06  ,1.038641321360e+01  ,4.689906862514e+00  
  5.619793622015e-06  ,1.165055256387e+01  ,3.322499562258e+00  
  5.624617872952e-06  ,1.397134607817e+01  ,2.549672810515e+00  
  5.629427967785e-06  ,1.596647771686e+01  ,2.803910550590e+00  
  5.639048157452e-06  ,1.882784344563e+01  ,2.426190112739e+00  
  5.650608478306e-06  ,1.999634593122e+01  ,2.223441525694e+00  
  5.673729120014e-06  ,1.469535240676e+01  ,1.613333399398e+00  
  5.692117152927e-06  ,4.902467435173e+00  ,1.117588835723e+00  
  5.695242298959e-06  ,2.978233522777e+00  ,8.431652267293e-01  
  5.696023585467e-06  ,2.491961652474e+00  ,7.651174990896e-01  
  5.697329299716e-06  ,1.676082361064e+00  ,6.046099431242e-01  
  5.697981318651e-06  ,1.267524849602e+00  ,4.992426527988e-01  
  5.698408236919e-06  ,9.997174579539e-01  ,4.150055601267e-01  
  5.698811266763e-06  ,7.467295201777e-01  ,3.180672902101e-01  
  5.699209267465e-06  ,4.967808063504e-01  ,1.885618614281e-01  
  5.699725499568e-06  ,1.724715700575e-01  ,-4.970965625059e-02  
  5.700220218120e-06  ,-1.383660218905e-01  ,-3.192776377331e-01  
  5.700692305533e-06  ,-4.349541019579e-01  ,-5.902112328301e-01  
  5.700945252744e-06  ,-5.938325278639e-01  ,-7.381729545512e-01  
  5.701011516346e-06  ,-6.354475031752e-01  ,-7.771569776874e-01  
  5.701125952607e-06  ,-7.073093640887e-01  ,-8.446585500894e-01  
  5.701254428556e-06  ,-7.879767062461e-01  ,-9.206824350363e-01  
  5.701511380455e-06  ,-9.492715662827e-01  ,-1.073371284405e+00  
  5.701916924870e-06  ,-1.203711529038e+00  ,-1.315689185789e+00  
  5.702492947882e-06  ,-1.564764558904e+00  ,-1.661730806621e+00  
  5.703075862681e-06  ,-1.929615261489e+00  ,-2.013221092228e+00  
  5.703622921562e-06  ,-2.271437142886e+00  ,-2.343676189217e+00  
  5.703895845642e-06  ,-2.441725285746e+00  ,-2.508613691817e+00  
  5.703987359727e-06  ,-2.498784981934e+00  ,-2.563917995427e+00  
  5.704148268985e-06  ,-2.599062698471e+00  ,-2.661156631114e+00  
  5.704303031513e-06  ,-2.695447180372e+00  ,-2.754667994427e+00  
  5.704612556571e-06  ,-2.888022713584e+00  ,-2.941627699782e+00  
  5.705215774203e-06  ,-3.262522169375e+00  ,-3.305589532667e+00  
  5.706422209466e-06  ,-4.007872140828e+00  ,-4.030871309050e+00  
  5.708835079992e-06  ,-5.480239836410e+00  ,-5.462945708928e+00  
  5.713065519655e-06  ,-7.980722360024e+00  ,-7.824317163852e+00  
  5.715907543624e-06  ,-9.584126454085e+00  ,-6.185843629201e+00  
  5.718748822534e-06  ,-1.111078951209e+01  ,-3.557395342679e+00  
  5.722599282587e-06  ,-1.303633266052e+01  ,-2.883133727573e+00  
  5.725760936463e-06  ,-1.447613784788e+01  ,-2.745971349815e+00  
  5.729589789832e-06  ,-1.602750317015e+01  ,-2.681146820670e+00  
  5.737247496570e-06  ,-1.841629620842e+01  ,-2.516295051227e+00  
  5.752562910045e-06  ,-1.993520644086e+01  ,-2.146808022262e+00  
  5.777564078296e-06  ,-1.295831952246e+01  ,-1.543139340008e+00  
  5.780689224327e-06  ,-1.140263001556e+01  ,-1.457936402164e+00  
  5.786939516390e-06  ,-7.977820856814e+00  ,-1.268917931341e+00  
  5.793615981663e-06  ,-3.984359819477e+00  ,-9.841105255224e-01  
  5.795285097981e-06  ,-2.951639245862e+00  ,-8.401758803769e-01  
  5.797482274199e-06  ,-1.580284786941e+00  ,-5.886166085369e-01  
  5.798503935063e-06  ,-9.396592785951e-01  ,-4.015742710129e-01  
  5.799273952568e-06  ,-4.561494997718e-01  ,-1.679935032448e-01  
  5.800060454482e-06  ,3.798464859816e-02  ,2.278235150443e-01  
  5.800800483400e-06  ,5.029055420618e-01  ,6.521923841372e-01  
  5.801148425514e-06  ,7.214204975458e-01  ,8.569765946049e-01  
  5.801248810446e-06  ,7.844494719702e-01  ,9.164339588571e-01  
  5.801351418911e-06  ,8.488664743632e-01  ,9.773448422920e-01  
  5.801534563495e-06  ,9.638212303542e-01  ,1.086366069796e+00  
  5.801716148114e-06  ,1.077765349923e+00  ,1.194781067090e+00  
  5.802079317352e-06  ,1.305544661192e+00  ,1.412371516748e+00  
  5.802563418826e-06  ,1.608903161771e+00  ,1.703552202873e+00  
  5.803079278400e-06  ,1.931751397558e+00  ,2.014722316793e+00  
  5.803583589574e-06  ,2.246882297021e+00  ,2.319387909120e+00  
  5.803840541473e-06  ,2.407232920501e+00  ,2.474686936092e+00  
  5.803938970627e-06  ,2.468616570274e+00  ,2.534177068375e+00  
  5.804083791288e-06  ,2.558888402608e+00  ,2.621704048614e+00  
  5.804236411775e-06  ,2.653964782320e+00  ,2.713934916489e+00  
  5.804541652748e-06  ,2.843932319526e+00  ,2.898341047957e+00  
  5.805152134696e-06  ,3.223065395705e+00  ,3.266775439091e+00  
  5.806373098591e-06  ,3.977636035336e+00  ,4.001016229075e+00  
  5.808597469429e-06  ,5.336507444133e+00  ,5.322938007002e+00  
  5.812771284679e-06  ,7.810866991984e+00  ,7.676566904587e+00  
  5.815671050647e-06  ,9.453442790041e+00  ,6.423126691348e+00  
  5.818711260060e-06  ,1.109115761585e+01  ,3.518812569789e+00  
  5.821997338632e-06  ,1.274719130837e+01  ,2.579446380272e+00  
  5.827524924377e-06  ,1.521828529607e+01  ,2.481813648550e+00  
  5.832814836601e-06  ,1.715532692323e+01  ,2.555044229754e+00  
  5.843394661048e-06  ,1.957092723228e+01  ,2.413440212883e+00  
  5.864554309944e-06  ,1.794551292034e+01  ,1.821416887584e+00  
  5.889555478195e-06  ,6.445359918605e+00  ,1.240877641113e+00  
  5.892680624226e-06  ,4.558478877753e+00  ,1.017276015991e+00  
  5.893361793557e-06  ,4.140740837050e+00  ,9.727038303113e-01  
  5.894724132219e-06  ,3.299768483166e+00  ,8.741058792067e-01  
  5.896357299486e-06  ,2.283783777172e+00  ,7.240327958644e-01  
  5.897849837044e-06  ,1.349960056611e+00  ,5.239954149848e-01  
  5.898566955427e-06  ,9.001043278179e-01  ,3.821364883308e-01  
  5.898817388067e-06  ,7.428860594400e-01  ,3.186332339078e-01  
  5.899105073610e-06  ,5.622247590158e-01  ,2.288587248139e-01  
  5.899563191185e-06  ,2.744464591194e-01  ,3.294504038498e-02  
  5.900062845746e-06  ,-3.948712116456e-02  ,-2.307744140671e-01  
  5.900585038314e-06  ,-3.675697182303e-01  ,-5.276491066249e-01  
  5.900837333599e-06  ,-5.260515418310e-01  ,-6.745799191090e-01  
  5.900921373820e-06  ,-5.788354063653e-01  ,-7.238627146238e-01  
  5.901025414193e-06  ,-6.441753087206e-01  ,-7.850648900399e-01  
  5.901151701534e-06  ,-7.234775384387e-01  ,-8.596071125174e-01  
  5.901404276216e-06  ,-8.820465860802e-01  ,-1.009382382665e+00  
  5.901909425581e-06  ,-1.199008095360e+00  ,-1.310974918581e+00  
  5.902522794629e-06  ,-1.583459647643e+00  ,-1.679505431887e+00  
  5.903146315092e-06  ,-1.973670544145e+00  ,-2.055574275299e+00  
  5.903731930727e-06  ,-2.339473007632e+00  ,-2.409379619539e+00  
  5.903987532208e-06  ,-2.498892505701e+00  ,-2.563853639140e+00  
  5.904070710955e-06  ,-2.550737117542e+00  ,-2.614119774180e+00  
  5.904214134632e-06  ,-2.640090775766e+00  ,-2.700788081370e+00  
  5.904384426964e-06  ,-2.746113990745e+00  ,-2.803674943463e+00  
  5.904681099771e-06  ,-2.930631572466e+00  ,-2.982848891405e+00  
  5.905274445383e-06  ,-3.298887008939e+00  ,-3.340789402572e+00  
  5.906461136607e-06  ,-4.031831650139e+00  ,-4.054029716267e+00  
  5.908834519057e-06  ,-5.479900878766e+00  ,-5.462418397410e+00  
  5.913212480215e-06  ,-8.065305004661e+00  ,-7.890968027474e+00  
  5.916042955784e-06  ,-9.658716144406e+00  ,-6.023400230236e+00  
  5.918814944295e-06  ,-1.114531021279e+01  ,-3.548438947550e+00  
  5.923184709815e-06  ,-1.331306947626e+01  ,-2.831756722734e+00  
  5.926676796941e-06  ,-1.486715479928e+01  ,-2.710752381107e+00  
  5.930738853483e-06  ,-1.644882739272e+01  ,-2.652832007560e+00  
  5.938862966565e-06  ,-1.878827553930e+01  ,-2.478693585260e+00  
  5.955111192731e-06  ,-1.974271710214e+01  ,-2.083509554973e+00  
  5.980112360982e-06  ,-1.169851654838e+01  ,-1.479862438054e+00  
  5.983237507014e-06  ,-1.005209752189e+01  ,-1.380900544000e+00  
  5.989487799076e-06  ,-6.485600641079e+00  ,-1.170984553694e+00  
  5.991050372092e-06  ,-5.549422121626e+00  ,-1.097436986424e+00  
  5.994175518123e-06  ,-3.639241963098e+00  ,-9.190810499520e-01  
  5.994956804631e-06  ,-3.155492718451e+00  ,-8.583617049265e-01  
  5.996519377647e-06  ,-2.182584008618e+00  ,-7.072390794622e-01  
  5.997847443638e-06  ,-1.351460444460e+00  ,-5.241666903618e-01  
  5.998495551018e-06  ,-9.449212795726e-01  ,-3.978458590872e-01  
  5.998714458389e-06  ,-8.075100570155e-01  ,-3.453101199805e-01  
  5.998946869938e-06  ,-6.615804213522e-01  ,-2.803994446951e-01  
  5.999411693035e-06  ,-3.696231238327e-01  ,-1.042727278254e-01  
  5.999912930844e-06  ,-5.470709573060e-02  ,1.484466910733e-01  
  6.000385949580e-06  ,2.424933312469e-01  ,4.128600643762e-01  
  6.000751307426e-06  ,4.720165482481e-01  ,6.240625059543e-01  
  6.001003509579e-06  ,6.304192232981e-01  ,7.719174958196e-01  
  6.001070273766e-06  ,6.723461368450e-01  ,8.112684261377e-01  
  6.001168807695e-06  ,7.342185165724e-01  ,8.694759806824e-01  
  6.001324152300e-06  ,8.317494865862e-01  ,9.615294268199e-01  
  6.001514118822e-06  ,9.509901908480e-01  ,1.074503704602e+00  
  6.001880128594e-06  ,1.180632859561e+00  ,1.293157771647e+00  
  6.002486978384e-06  ,1.561025282200e+00  ,1.657660479629e+00  
  6.003070638241e-06  ,1.926347936777e+00  ,2.009601996029e+00  
  6.003626824083e-06  ,2.273873286923e+00  ,2.345576458681e+00  
  6.003904125379e-06  ,2.446888599392e+00  ,2.513161888873e+00  
  6.003994277405e-06  ,2.503097370552e+00  ,2.567643430103e+00  
  6.004156234400e-06  ,2.604024995170e+00  ,2.665515608424e+00  
  6.004311695421e-06  ,2.700841109119e+00  ,2.759448738676e+00  
  6.004622617463e-06  ,2.894277760203e+00  ,2.947249656585e+00  
  6.005223506788e-06  ,3.267315520692e+00  ,3.309795708564e+00  
  6.006425285438e-06  ,4.009765608731e+00  ,4.032244453800e+00  
  6.008828842739e-06  ,5.476470743279e+00  ,5.458716235944e+00  
  6.013092064956e-06  ,7.996013057938e+00  ,7.833285114374e+00  
  6.015919932822e-06  ,9.590958080841e+00  ,6.124116256556e+00  
  6.018722841242e-06  ,1.109721212859e+01  ,3.564322122959e+00  
  6.022752860287e-06  ,1.310936073622e+01  ,2.865862858213e+00  
  6.026026272872e-06  ,1.459066790154e+01  ,2.733664770429e+00  
  6.029934847454e-06  ,1.615624410884e+01  ,2.672129407571e+00  
  6.037751996616e-06  ,1.853760283921e+01  ,2.504687854668e+00  
  6.053386294940e-06  ,1.988693200856e+01  ,2.126394924707e+00  
  6.078387463192e-06  ,1.255995828444e+01  ,1.523166949969e+00  
  6.081512609223e-06  ,1.097383372419e+01  ,1.430878306470e+00  
  6.087762901286e-06  ,7.500797600141e+00  ,1.237909393034e+00  
  6.089325474301e-06  ,6.581996041565e+00  ,1.176240492373e+00  
  6.092450620333e-06  ,4.699070551743e+00  ,1.028007475115e+00  
  6.095796303550e-06  ,2.633589523827e+00  ,7.956634923234e-01  
  6.096594260732e-06  ,2.135808587594e+00  ,7.047934892610e-01  
  6.097901092568e-06  ,1.317826970687e+00  ,5.160485425784e-01  
  6.098469013074e-06  ,9.615766105115e-01  ,4.041262509130e-01  
  6.098668711917e-06  ,8.362291311011e-01  ,3.570776394713e-01  
  6.098882077919e-06  ,7.022667695056e-01  ,2.998569106913e-01  
  6.099308809923e-06  ,4.342534056447e-01  ,1.493528792917e-01  
  6.099813121097e-06  ,1.174188031159e-01  ,-9.496807070562e-02  
  6.100273380714e-06  ,-1.717680565614e-01  ,-3.488005158068e-01  
  6.100654151948e-06  ,-4.109868604907e-01  ,-5.675434350001e-01  
  6.100874316605e-06  ,-5.492802499456e-01  ,-6.960592096685e-01  
  6.100935120327e-06  ,-5.874689193698e-01  ,-7.317474961574e-01  
  6.101049801061e-06  ,-6.594898891713e-01  ,-7.992474252920e-01  
  6.101165599382e-06  ,-7.322040290748e-01  ,-8.676308226768e-01  
  6.101397196023e-06  ,-8.776022758715e-01  ,-1.004973547629e+00  
  6.101837106241e-06  ,-1.153647187972e+00  ,-1.267453595455e+00  
  6.102519300027e-06  ,-1.581270807712e+00  ,-1.677181022494e+00  
  6.103167407406e-06  ,-1.986858113651e+00  ,-2.068087270614e+00  
  6.103779286338e-06  ,-2.369020552130e+00  ,-2.437774336729e+00  
  6.104050254641e-06  ,-2.537988470895e+00  ,-2.601534021147e+00  
  6.104130860610e-06  ,-2.588217058685e+00  ,-2.650243096396e+00  
  6.104271513602e-06  ,-2.675823247832e+00  ,-2.735232104700e+00  
  6.104443272768e-06  ,-2.782732995545e+00  ,-2.838996356764e+00  
  6.104666953167e-06  ,-2.921838653436e+00  ,-2.974080769630e+00  
  6.105114313966e-06  ,-3.199610263362e+00  ,-3.244025745634e+00  
  6.106009035563e-06  ,-3.753202793350e+00  ,-3.782579516939e+00  
  6.107798478758e-06  ,-4.851057339534e+00  ,-4.851085453450e+00  
  6.111377365148e-06  ,-6.997365116287e+00  ,-6.923379920046e+00  
  6.114747262752e-06  ,-8.938033885387e+00  ,-7.365305140551e+00  
  6.117216757691e-06  ,-1.029781829119e+01  ,-4.832387239477e+00  
  6.119577846682e-06  ,-1.154008836785e+01  ,-3.383889467964e+00  
  6.124300024664e-06  ,-1.382775057535e+01  ,-2.543440234456e+00  
  6.129180154955e-06  ,-1.587222459862e+01  ,-2.816429701603e+00  
  6.138187906897e-06  ,-1.863866821942e+01  ,-2.446663116306e+00  
  6.149368248140e-06  ,-1.999606106742e+01  ,-2.253338563643e+00  
  6.171728930628e-06  ,-1.551826948829e+01  ,-1.661811940927e+00  
  6.196730098879e-06  ,-2.050927839486e+00  ,-8.934000010757e-01  
  6.213887295878e-06  ,8.451458083961e+00  ,8.040762074471e+00  
  6.222373507177e-06  ,1.292842318490e+01  ,3.571518636433e+00  
  6.224755085265e-06  ,1.403290533500e+01  ,2.968043540181e+00  
  6.228528059280e-06  ,1.561962521233e+01  ,2.658662861007e+00  
  6.236074007308e-06  ,1.811629092610e+01  ,2.485290321547e+00  
  6.247877217090e-06  ,1.995554199748e+01  ,2.298459222053e+00  
  6.271483636653e-06  ,1.561503445023e+01  ,1.659808838975e+00  
  6.296484804904e-06  ,2.204175674806e+00  ,9.173256728687e-01  
  6.313808894908e-06  ,-8.406786021353e+00  ,-8.034773191711e+00  
  6.322271264350e-06  ,-1.287934187909e+01  ,-3.606808289688e+00  
  6.324652469909e-06  ,-1.398689226094e+01  ,-2.983859353040e+00  
  6.328405327355e-06  ,-1.557134686961e+01  ,-2.662544461589e+00  
  6.335911042249e-06  ,-1.807267198664e+01  ,-2.486726162339e+00  
  6.347545868909e-06  ,-1.994058718621e+01  ,-2.307910328163e+00  
  6.370815522229e-06  ,-1.587387699908e+01  ,-1.674794972402e+00  
  6.395816690480e-06  ,-2.620891038857e+00  ,-9.631283136243e-01  
  6.398941836512e-06  ,-6.647412771252e-01  ,-3.793698009877e-01  
  6.399723123020e-06  ,-1.739647437934e-01  ,2.200565714337e-02  
  6.400486062473e-06  ,3.053901900681e-01  ,4.600488983179e-01  
  6.400917870184e-06  ,5.766349259048e-01  ,7.146532002172e-01  
  6.401166486746e-06  ,7.327612023607e-01  ,8.624405781114e-01  
  6.401220998220e-06  ,7.669876848553e-01  ,8.949348678677e-01  
  6.401330021169e-06  ,8.354338013175e-01  ,9.600067429994e-01  
  6.401506949175e-06  ,9.464904400869e-01  ,1.065824288020e+00  
  6.401672235649e-06  ,1.050213408276e+00  ,1.164889145670e+00  
  6.402002808597e-06  ,1.257571596973e+00  ,1.363516855373e+00  
  6.402520158287e-06  ,1.581808379886e+00  ,1.675344246330e+00  
  6.403044120368e-06  ,1.909763064413e+00  ,1.991912715230e+00  
  6.403551318642e-06  ,2.226733083543e+00  ,2.298702706125e+00  
  6.403822566342e-06  ,2.396020536249e+00  ,2.462812145786e+00  
  6.404012672562e-06  ,2.514564092106e+00  ,2.577818890710e+00  
  6.404094477609e-06  ,2.565547488419e+00  ,2.627302324312e+00  
  6.404225770809e-06  ,2.647337845168e+00  ,2.706710742626e+00  
  6.404472757556e-06  ,2.801077440458e+00  ,2.856046882565e+00  
  6.404764168389e-06  ,2.982251709240e+00  ,3.032140425484e+00  
  6.405346990056e-06  ,3.343835234397e+00  ,3.383861910885e+00  
  6.406512633391e-06  ,4.063518455948e+00  ,4.084543535175e+00  
  6.408843920059e-06  ,5.485581416369e+00  ,5.468014231773e+00  
  6.413353011437e-06  ,8.146026489286e+00  ,7.958034281462e+00  
  6.416133940645e-06  ,9.708735646574e+00  ,5.981306666424e+00  
  6.418837011285e-06  ,1.115682020148e+01  ,3.568342372560e+00  
  6.423506290145e-06  ,1.346317318832e+01  ,2.800417055282e+00  
  6.428906470962e-06  ,1.576701396748e+01  ,2.622799221534e+00  
  6.434817016549e-06  ,1.776764017993e+01  ,2.623610358227e+00  
  6.446638107724e-06  ,1.988855423142e+01  ,2.259616221898e+00  
  6.470280290075e-06  ,1.607619822102e+01  ,1.744210427163e+00  
  6.495281458326e-06  ,2.953901047824e+00  ,9.534307162549e-01  
  6.495672101580e-06  ,2.710928147426e+00  ,8.990642282455e-01  
  6.496453388087e-06  ,2.223794120480e+00  ,7.861861977749e-01  
  6.497289436363e-06  ,1.701039815209e+00  ,6.558664624793e-01  
  6.497740010224e-06  ,1.418800735812e+00  ,5.768136094074e-01  
  6.498163203202e-06  ,1.153453082818e+00  ,4.931896248182e-01  
  6.498337663203e-06  ,1.044002305943e+00  ,4.552503851331e-01  
  6.498586372897e-06  ,8.879161666647e-01  ,3.962666234803e-01  
  6.499083792284e-06  ,5.755907995852e-01  ,2.472025281022e-01  
  6.499672295019e-06  ,2.058994748892e-01  ,-1.805437661228e-02  
  6.500241519377e-06  ,-1.517496437908e-01  ,-3.294596322147e-01  
  6.500750859693e-06  ,-4.717353074133e-01  ,-6.233090259055e-01  
  6.501025087625e-06  ,-6.439702262571e-01  ,-7.843770573921e-01  
  6.501099395525e-06  ,-6.906332510968e-01  ,-8.282573285047e-01  
  6.501202329952e-06  ,-7.552665633827e-01  ,-8.891764014655e-01  
  6.501350223977e-06  ,-8.481163515129e-01  ,-9.769508419555e-01  
  6.501566127833e-06  ,-9.836301691736e-01  ,-1.105534850270e+00  
  6.501906852197e-06  ,-1.197394094842e+00  ,-1.309307836402e+00  
  6.502516775351e-06  ,-1.579689467940e+00  ,-1.675878760347e+00  
  6.503091773909e-06  ,-1.939565699834e+00  ,-2.022719483446e+00  
  6.503647494089e-06  ,-2.286775942559e+00  ,-2.358481673764e+00  
  6.503916925710e-06  ,-2.454870667019e+00  ,-2.521334244777e+00  
  6.504005145241e-06  ,-2.509871996532e+00  ,-2.574654655089e+00  
  6.504160140600e-06  ,-2.606458420882e+00  ,-2.668330746012e+00  
  6.504319070797e-06  ,-2.705432673341e+00  ,-2.764370406293e+00  
  6.504636931192e-06  ,-2.903176378195e+00  ,-2.956378747107e+00  
  6.505192744505e-06  ,-3.248245152877e+00  ,-3.291771035231e+00  
  6.506304371130e-06  ,-3.935306699559e+00  ,-3.960349023160e+00  
  6.508527624380e-06  ,-5.294200745894e+00  ,-5.282514108172e+00  
  6.512646305334e-06  ,-7.738516377650e+00  ,-7.614956821682e+00  
  6.515598970424e-06  ,-9.413507882916e+00  ,-6.567630651618e+00  
  6.518812778365e-06  ,-1.114418018979e+01  ,-3.452669365893e+00  
  6.521866398823e-06  ,-1.268368765580e+01  ,-2.964015129198e+00  
  6.524925979745e-06  ,-1.410921108324e+01  ,-2.797364816721e+00  
  6.528242233168e-06  ,-1.550683337218e+01  ,-2.721930211091e+00  
  6.534874740016e-06  ,-1.778426210844e+01  ,-2.572599190026e+00  
  6.548139753710e-06  ,-1.996585579316e+01  ,-2.255541694756e+00  
  6.573140921962e-06  ,-1.494351944369e+01  ,-1.649328141002e+00  
  6.576266067993e-06  ,-1.356859959512e+01  ,-1.571650273889e+00  
  6.582516360056e-06  ,-1.044120534815e+01  ,-1.404091985071e+00  
  6.595016944181e-06  ,-3.118173589159e+00  ,-9.135260701960e-01  
  6.597322898876e-06  ,-1.680089946177e+00  ,-6.545447583431e-01  
  6.597899387550e-06  ,-1.318895935570e+00  ,-5.495174911982e-01  
  6.599052364897e-06  ,-5.953287462574e-01  ,-2.613757813545e-01  
  6.599944944452e-06  ,-3.459240347157e-02  ,1.621410591000e-01  
  6.600810515653e-06  ,5.092069745569e-01  ,6.572229555948e-01  
  6.601249680813e-06  ,7.849959189022e-01  ,9.163926695597e-01  
  6.601351858541e-06  ,8.491424535604e-01  ,9.770949706322e-01  
  6.601454187609e-06  ,9.133752290066e-01  ,1.038003419242e+00  
  6.601608531043e-06  ,1.010239769619e+00  ,1.130069471515e+00  
  6.601769044489e-06  ,1.110951326502e+00  ,1.226034822701e+00  
  6.602090071380e-06  ,1.312287130382e+00  ,1.418516674089e+00  
  6.602555034176e-06  ,1.603651948834e+00  ,1.698260684988e+00  
  6.603050870314e-06  ,1.913984758489e+00  ,1.997386074202e+00  
  6.603537206963e-06  ,2.217921361637e+00  ,2.291212838649e+00  
  6.603794764221e-06  ,2.378676846898e+00  ,2.446891339597e+00  
  6.603996372275e-06  ,2.504403261689e+00  ,2.568754938378e+00  
  6.604076640639e-06  ,2.554432378828e+00  ,2.617271402357e+00  
  6.604207351763e-06  ,2.635866208207e+00  ,2.696270453976e+00  
  6.604442277882e-06  ,2.782113969567e+00  ,2.838222878169e+00  
  6.604726470966e-06  ,2.958828437767e+00  ,3.009863717513e+00  
  6.605294857133e-06  ,3.311535744033e+00  ,3.352749110008e+00  
  6.606431629468e-06  ,4.013670667682e+00  ,4.036051066975e+00  
  6.608705174137e-06  ,5.401696148010e+00  ,5.386229762202e+00  
  6.613102506805e-06  ,8.002026277386e+00  ,7.841269524766e+00  
  6.615909513045e-06  ,9.585212525513e+00  ,6.175858145260e+00  
  6.618711303879e-06  ,1.109118052656e+01  ,3.578746723311e+00  
  6.622635524679e-06  ,1.305359363894e+01  ,2.875444719912e+00  
  6.625816177536e-06  ,1.450006532925e+01  ,2.740118816925e+00  
  6.629675578285e-06  ,1.605968733729e+01  ,2.677852930300e+00  
  6.637394379783e-06  ,1.845209290233e+01  ,2.513023088301e+00  
  6.652831982780e-06  ,1.992089672399e+01  ,2.140082450253e+00  
  6.677833151031e-06  ,1.282908050515e+01  ,1.536674632916e+00  
  6.680958297063e-06  ,1.126332967051e+01  ,1.446465054965e+00  
  6.687208589125e-06  ,7.822506830499e+00  ,1.257601815298e+00  
  6.693295713473e-06  ,4.181351631427e+00  ,9.992592743601e-01  
  6.694817494560e-06  ,3.241897007098e+00  ,8.858969933277e-01  
  6.695197939832e-06  ,3.005791528348e+00  ,8.504097783830e-01  
  6.695958830375e-06  ,2.532326231611e+00  ,7.738896056758e-01  
  6.696919396479e-06  ,1.932580101245e+00  ,6.612632445911e-01  
  6.697798937518e-06  ,1.381866496721e+00  ,5.300735738133e-01  
  6.698257101659e-06  ,1.094548208962e+00  ,4.455349917000e-01  
  6.698373260867e-06  ,1.021665479922e+00  ,4.214457269385e-01  
  6.698505834635e-06  ,9.384670586100e-01  ,3.923743146845e-01  
  6.698770982172e-06  ,7.720228218462e-01  ,3.276986032157e-01  
  6.699301277246e-06  ,4.389851980100e-01  ,1.511594820542e-01  
  6.699875437614e-06  ,7.826465587293e-02  ,-1.286736751417e-01  
  6.700393066701e-06  ,-2.469648151682e-01  ,-4.171816126066e-01  
  6.700790136080e-06  ,-4.964061585513e-01  ,-6.469313754602e-01  
  6.701101803180e-06  ,-6.921451212357e-01  ,-8.300460360543e-01  
  6.701183165848e-06  ,-7.432338543773e-01  ,-8.781365245553e-01  
  6.701273702044e-06  ,-8.000770480815e-01  ,-9.317605333940e-01  
  6.701450467069e-06  ,-9.110399772501e-01  ,-1.036760365133e+00  
  6.701610165607e-06  ,-1.011265484248e+00  ,-1.131917638612e+00  
  6.701929562684e-06  ,-1.211637612372e+00  ,-1.322910402709e+00  
  6.702568356838e-06  ,-1.611995731281e+00  ,-1.706793560704e+00  
  6.703157418367e-06  ,-1.980612764232e+00  ,-2.062111878931e+00  
  6.703736514743e-06  ,-2.342333433064e+00  ,-2.411974968576e+00  
  6.704005341005e-06  ,-2.509994026234e+00  ,-2.574438854191e+00  
  6.704087134410e-06  ,-2.560971670375e+00  ,-2.623866373724e+00  
  6.704227251891e-06  ,-2.648260245281e+00  ,-2.708534360309e+00  
  6.704397800338e-06  ,-2.754436901571e+00  ,-2.811572504949e+00  
  6.704653029289e-06  ,-2.913183607597e+00  ,-2.965716738775e+00  
  6.705163487192e-06  ,-3.230104941879e+00  ,-3.273716082584e+00  
  6.706184402999e-06  ,-3.861374322410e+00  ,-3.887898974693e+00  
  6.708226234611e-06  ,-5.111352536245e+00  ,-5.104211065617e+00  
  6.712256998714e-06  ,-7.512387022320e+00  ,-7.406679119218e+00  
  6.715301678475e-06  ,-9.248290124416e+00  ,-6.831646312086e+00  
  6.717987985309e-06  ,-1.071016126019e+01  ,-4.258038296726e+00  
  6.720680625137e-06  ,-1.209896699293e+01  ,-3.128596523685e+00  
  6.725722433027e-06  ,-1.445943442696e+01  ,-2.581272154080e+00  
  6.730694205459e-06  ,-1.643285316832e+01  ,-2.758166374621e+00  
  6.740637750324e-06  ,-1.914113072657e+01  ,-2.392665195786e+00  
  6.754919023212e-06  ,-1.976166214577e+01  ,-2.073148577437e+00  
  6.779920191463e-06  ,-1.179623635809e+01  ,-1.497858479203e+00  
  6.783045337494e-06  ,-1.015629856518e+01  ,-1.386155534469e+00  
  6.789295629557e-06  ,-6.599700573886e+00  ,-1.177017156336e+00  
  6.790858202573e-06  ,-5.665322832618e+00  ,-1.105828449780e+00  
  6.793983348604e-06  ,-3.757902841438e+00  ,-9.323479366419e-01  
  6.794764635112e-06  ,-3.274665862397e+00  ,-8.735867532957e-01  
  6.796327208128e-06  ,-2.302566041960e+00  ,-7.263037630477e-01  
  6.797735554125e-06  ,-1.421593517561e+00  ,-5.411329753557e-01  
  6.798414581414e-06  ,-9.957360573849e-01  ,-4.143006717831e-01  
  6.798647225793e-06  ,-8.497172638364e-01  ,-3.608767754370e-01  
  6.798868298490e-06  ,-7.109192354769e-01  ,-3.026124084181e-01  
  6.799310443882e-06  ,-4.332270004531e-01  ,-1.480371380980e-01  
  6.799824906472e-06  ,-1.100139533803e-01  ,1.014630117303e-01  
  6.800293175463e-06  ,1.842049715097e-01  ,3.601559454672e-01  
  6.800673667300e-06  ,4.232460507653e-01  ,5.789714311993e-01  
  6.800895019393e-06  ,5.622831718806e-01  ,7.082721183305e-01  
  6.800953785848e-06  ,5.991916495939e-01  ,7.427845848934e-01  
  6.801065381575e-06  ,6.692740121147e-01  ,8.084978660199e-01  
  6.801185498904e-06  ,7.446987422620e-01  ,8.794601659472e-01  
  6.801425733563e-06  ,8.955153150856e-01  ,1.021991706803e+00  
  6.801809112500e-06  ,1.136087044091e+00  ,1.250737895564e+00  
  6.802473797422e-06  ,1.552768571056e+00  ,1.649808729349e+00  
  6.803106910508e-06  ,1.949031257900e+00  ,2.031578018933e+00  
  6.803697182756e-06  ,2.317788705494e+00  ,2.388169906588e+00  
  6.803976672661e-06  ,2.492122574635e+00  ,2.557078677521e+00  
  6.804060677957e-06  ,2.544484550987e+00  ,2.607843648740e+00  
  6.804211528931e-06  ,2.638467883826e+00  ,2.698999639624e+00  
  6.804377118085e-06  ,2.741565108737e+00  ,2.799044517462e+00  
  6.804690740962e-06  ,2.936623789626e+00  ,2.988452560315e+00  
  6.805317893583e-06  ,3.325809314865e+00  ,3.366750071642e+00  
  6.806572198827e-06  ,4.100156763505e+00  ,4.120306100698e+00  
  6.809080809314e-06  ,5.628562028791e+00  ,5.606327073549e+00  
  6.813588410575e-06  ,8.280883815058e+00  ,8.007168368718e+00  
  6.816345870454e-06  ,9.824937127626e+00  ,5.642426927265e+00  
  6.818953946192e-06  ,1.121772301446e+01  ,3.518764677528e+00  
  6.824170097668e-06  ,1.376865516807e+01  ,2.761400567630e+00  
  6.829604551155e-06  ,1.603304928775e+01  ,2.753081434437e+00  
  6.836305603344e-06  ,1.817746231039e+01  ,2.527361270454e+00  
  6.849707707722e-06  ,1.999915679848e+01  ,2.202554328846e+00  
  6.874708875973e-06  ,1.427088534092e+01  ,1.623718938542e+00  
  6.877834022004e-06  ,1.282866067246e+01  ,1.530163498869e+00  
  6.884084314067e-06  ,9.588616433595e+00  ,1.358063879249e+00  
  6.896584898192e-06  ,2.141657512374e+00  ,7.890323650969e-01  
  6.898146353621e-06  ,1.164022203393e+00  ,5.082823723720e-01  
  6.900536127347e-06  ,-3.368428205439e-01  ,-4.942331076311e-01  
  6.901070985902e-06  ,-6.727933318936e-01  ,-8.083261127576e-01  
  6.901350336108e-06  ,-8.481867422661e-01  ,-9.743305068409e-01  
  6.901559231762e-06  ,-9.793024603019e-01  ,-1.099004931777e+00  
  6.901750502136e-06  ,-1.099318622522e+00  ,-1.213471818661e+00  
  6.902133042883e-06  ,-1.339227534983e+00  ,-1.443124259677e+00  
  6.902617610019e-06  ,-1.642839791639e+00  ,-1.735012940598e+00  
  6.903162154328e-06  ,-1.983573807345e+00  ,-2.063823826983e+00  
  6.903704742860e-06  ,-2.322506787631e+00  ,-2.391842254408e+00  
  6.903919715393e-06  ,-2.456610213508e+00  ,-2.521831290485e+00  
  6.904002929065e-06  ,-2.508490534726e+00  ,-2.572145444756e+00  
  6.904135409702e-06  ,-2.591051275755e+00  ,-2.652242823106e+00  
  6.904298274737e-06  ,-2.692485647182e+00  ,-2.750694362683e+00  
  6.904624004807e-06  ,-2.895140275966e+00  ,-2.947517641655e+00  
  6.905073880177e-06  ,-3.174529605873e+00  ,-3.219098645744e+00  
  6.905973630916e-06  ,-3.731350291823e+00  ,-3.760895942581e+00  
  6.907773132395e-06  ,-4.835605780634e+00  ,-4.835803011068e+00  
  6.911372135352e-06  ,-6.994286721865e+00  ,-6.920373060778e+00  
  6.914817656349e-06  ,-8.977579049972e+00  ,-7.315888155112e+00  
  6.917315836024e-06  ,-1.035113484720e+01  ,-4.771776040971e+00  
  6.919730941724e-06  ,-1.161851891169e+01  ,-3.342975862118e+00  
  6.924561153125e-06  ,-1.394582325668e+01  ,-2.536294016357e+00  
  6.929455439519e-06  ,-1.597686683239e+01  ,-2.809625567185e+00  
  6.938795487355e-06  ,-1.877369977138e+01  ,-2.429819967166e+00  
  6.950252990197e-06  ,-1.999936830877e+01  ,-2.233525726783e+00  
  6.973167995881e-06  ,-1.493220805214e+01  ,-1.625745748205e+00  
  6.976293141913e-06  ,-1.355609726770e+01  ,-1.572586624478e+00  
  6.982543433975e-06  ,-1.042669270614e+01  ,-1.402689561070e+00  
  6.995044018101e-06  ,-3.101369437812e+00  ,-9.118900713147e-01  
  6.997338424396e-06  ,-1.670369255063e+00  ,-6.210602557787e-01  
  6.997912025969e-06  ,-1.310972163708e+00  ,-5.238153009883e-01  
  6.999059229117e-06  ,-5.910177270198e-01  ,-2.503437864330e-01  
  6.999825707596e-06  ,-1.095106001091e-01  ,9.950861166171e-02  
  7.000656167936e-06  ,4.122532744397e-01  ,5.678745996107e-01  
  7.001086858060e-06  ,6.827603745739e-01  ,8.205637929300e-01  
  7.001198558561e-06  ,7.528986136149e-01  ,8.866427188926e-01  
  7.001338466495e-06  ,8.407354953421e-01  ,9.696485178670e-01  
  7.001488083467e-06  ,9.346498816912e-01  ,1.058667567613e+00  
  7.001787317410e-06  ,1.122414631455e+00  ,1.237356528219e+00  
  7.002385785297e-06  ,1.497629973939e+00  ,1.596607804036e+00  
  7.002981831744e-06  ,1.870801170854e+00  ,1.955918185698e+00  
  7.003526841715e-06  ,2.211448737071e+00  ,2.285121296346e+00  
  7.003835668281e-06  ,2.404193235298e+00  ,2.471769987332e+00  
  7.004062235780e-06  ,2.545455403346e+00  ,2.608704453511e+00  
  7.004139395855e-06  ,2.593534722539e+00  ,2.655335859392e+00  
  7.004277673975e-06  ,2.679659074996e+00  ,2.738895702097e+00  
  7.004495487042e-06  ,2.815217323819e+00  ,2.870485557323e+00  
  7.004732042976e-06  ,2.962290864912e+00  ,3.013337232479e+00  
  7.005205154844e-06  ,3.255939022321e+00  ,3.298770548676e+00  
  7.006151378579e-06  ,3.841012796977e+00  ,3.868041882383e+00  
  7.008043826051e-06  ,5.000464623819e+00  ,4.996412218059e+00  
  7.011828720994e-06  ,7.262324475164e+00  ,7.173824376968e+00  
  7.014879733749e-06  ,9.012415980007e+00  ,7.228133268665e+00  
  7.017389461823e-06  ,1.039068982826e+01  ,4.668943949015e+00  
  7.019764706917e-06  ,1.163578069843e+01  ,3.296144274980e+00  
  7.024515197106e-06  ,1.392511146269e+01  ,2.538955996634e+00  
  7.029421404429e-06  ,1.596399386109e+01  ,2.810515543379e+00  
  7.038683966227e-06  ,1.874942587184e+01  ,2.432931845253e+00  
  7.050294951029e-06  ,1.999914138896e+01  ,2.232457614477e+00  
  7.073516920634e-06  ,1.478546464530e+01  ,1.617264845008e+00  
  7.076642066665e-06  ,1.339409464926e+01  ,1.563571287967e+00  
  7.082892358728e-06  ,1.023898456308e+01  ,1.392593475723e+00  
  7.095392942853e-06  ,2.884603495382e+00  ,8.872204360105e-01  
  7.097546533175e-06  ,1.540032722102e+00  ,5.934176830564e-01  
  7.097910307772e-06  ,1.312049415065e+00  ,5.294272666982e-01  
  7.098299973138e-06  ,1.067650649211e+00  ,4.518366746138e-01  
  7.098731594585e-06  ,7.967517308831e-01  ,3.496729864312e-01  
  7.099132156424e-06  ,5.452146486840e-01  ,2.240540934818e-01  
  7.099656863563e-06  ,2.155948064146e-01  ,-1.179506838327e-02  
  7.100193677895e-06  ,-1.216906593939e-01  ,-3.028924773507e-01  
  7.100814404391e-06  ,-5.116495444647e-01  ,-6.605583556463e-01  
  7.101006978616e-06  ,-6.325977966184e-01  ,-7.736649864667e-01  
  7.101074732333e-06  ,-6.751459471747e-01  ,-8.136245823011e-01  
  7.101184977643e-06  ,-7.443714511823e-01  ,-8.788000807530e-01  
  7.101342417724e-06  ,-8.432159248694e-01  ,-9.721718870646e-01  
  7.101589404471e-06  ,-9.982373495084e-01  ,-1.119233428047e+00  
  7.102029081859e-06  ,-1.274046477698e+00  ,-1.382350885162e+00  
  7.102580517955e-06  ,-1.619611808809e+00  ,-1.713964657169e+00  
  7.103150766768e-06  ,-1.976453942074e+00  ,-2.057988128236e+00  
  7.103705462493e-06  ,-2.322955886707e+00  ,-2.393134189978e+00  
  7.103974009357e-06  ,-2.490462205202e+00  ,-2.555442009301e+00  
  7.104056140367e-06  ,-2.541656641053e+00  ,-2.605078092104e+00  
  7.104196304414e-06  ,-2.628985342933e+00  ,-2.689782345211e+00  
  7.104363965761e-06  ,-2.733379035160e+00  ,-2.791087025496e+00  
  7.104642431211e-06  ,-2.906595496261e+00  ,-2.959281453509e+00  
  7.105160712223e-06  ,-3.228384255087e+00  ,-3.272022299571e+00  
  7.106197274249e-06  ,-3.869309092119e+00  ,-3.895625089927e+00  
  7.108270398300e-06  ,-5.138174965155e+00  ,-5.130317833594e+00  
  7.112298182171e-06  ,-7.536362237669e+00  ,-7.428965787174e+00  
  7.115330195945e-06  ,-9.264173702542e+00  ,-6.807138298975e+00  
  7.118044442456e-06  ,-1.074010247549e+01  ,-4.221613257721e+00  
  7.120756453793e-06  ,-1.213687030021e+01  ,-3.116192390157e+00  
  7.125829554122e-06  ,-1.450585278664e+01  ,-2.583613508076e+00  
  7.130810267251e-06  ,-1.647431060670e+01  ,-2.753839453731e+00  
  7.140771693509e-06  ,-1.916535899290e+01  ,-2.390036816844e+00  
  7.155330127995e-06  ,-1.972025650921e+01  ,-2.063524715952e+00  
  7.180331296246e-06  ,-1.158666673732e+01  ,-1.487181364513e+00  
  7.183456442278e-06  ,-9.932936898564e+00  ,-1.373961382864e+00  
  7.189706734341e-06  ,-6.355320820335e+00  ,-1.160482698723e+00  
  7.191269307356e-06  ,-5.417132291500e+00  ,-1.086328300157e+00  
  7.194394453388e-06  ,-3.503892371737e+00  ,-9.035160264981e-01  
  7.195175739896e-06  ,-3.019580999232e+00  ,-8.387018619154e-01  
  7.196738312911e-06  ,-2.045793950360e+00  ,-6.786416638761e-01  
  7.198011617135e-06  ,-1.248525449189e+00  ,-4.932646144104e-01  
  7.198645568412e-06  ,-8.507576860124e-01  ,-3.615647274375e-01  
  7.198869062547e-06  ,-7.104394674629e-01  ,-3.026741928715e-01  
  7.199138261337e-06  ,-5.413802345192e-01  ,-2.159549130725e-01  
  7.199576122645e-06  ,-2.663221254474e-01  ,-2.627680383831e-02  
  7.200045974884e-06  ,2.888686162849e-02  ,2.214691197653e-01  
  7.200561461929e-06  ,3.527586415223e-01  ,5.139136264532e-01  
  7.200814409140e-06  ,5.116525278394e-01  ,6.610443274878e-01  
  7.200972501148e-06  ,6.109454363709e-01  ,7.537819828310e-01  
  7.201034655288e-06  ,6.499786200556e-01  ,7.903760318998e-01  
  7.201142583933e-06  ,7.177525003038e-01  ,8.540758893786e-01  
  7.201344471384e-06  ,8.445051280432e-01  ,9.736935504612e-01  
  7.201614648063e-06  ,1.014078281510e+00  ,1.134537676523e+00  
  7.202155001421e-06  ,1.352993204856e+00  ,1.458109217008e+00  
  7.202782154042e-06  ,1.745854063148e+00  ,1.835619881088e+00  
  7.203347466845e-06  ,2.099400758831e+00  ,2.176865672491e+00  
  7.203753989149e-06  ,2.353237013241e+00  ,2.422503831076e+00  
  7.204005492810e-06  ,2.510088654336e+00  ,2.574497437539e+00  
  7.204076063778e-06  ,2.554072894287e+00  ,2.617144590196e+00  
  7.204205051955e-06  ,2.634433793887e+00  ,2.695089663225e+00  
  7.204359581653e-06  ,2.730650240197e+00  ,2.788454517951e+00  
  7.204598326195e-06  ,2.879174926994e+00  ,2.932656536291e+00  
  7.205012159381e-06  ,3.136234976144e+00  ,3.182428445105e+00  
  7.205839825753e-06  ,3.648721433274e+00  ,3.680906284842e+00  
  7.207495158497e-06  ,4.665949268084e+00  ,4.671008955394e+00  
  7.210805823985e-06  ,6.659841481264e+00  ,6.601371956348e+00  
  7.215471377555e-06  ,9.342698851786e+00  ,6.903659069901e+00  
  7.218333518092e-06  ,1.089287805889e+01  ,4.266798631051e+00  
  7.221288418356e-06  ,1.240082670117e+01  ,3.046290824154e+00  
  7.227198218886e-06  ,1.508429280135e+01  ,2.758255592814e+00  
  7.232563381974e-06  ,1.707357748575e+01  ,2.647577325533e+00  
  7.243293708149e-06  ,1.955776043112e+01  ,2.372239627798e+00  
  7.264754360501e-06  ,1.788966800429e+01  ,1.851051217293e+00  
  7.289755528752e-06  ,6.326243984522e+00  ,1.214766810036e+00  
  7.292880674783e-06  ,4.436002623620e+00  ,1.004489219376e+00  
  7.293561564717e-06  ,4.017859800590e+00  ,9.594497505515e-01  
  7.294923344586e-06  ,3.176251220620e+00  ,8.582726996867e-01  
  7.295263789553e-06  ,2.964880457344e+00  ,8.291072773836e-01  
  7.295944679487e-06  ,2.541145687103e+00  ,7.645607757569e-01  
  7.296801961917e-06  ,2.006007808069e+00  ,6.690616895310e-01  
  7.297713819850e-06  ,1.435214691758e+00  ,5.395998691277e-01  
  7.298188980628e-06  ,1.137283230374e+00  ,4.554500721868e-01  
  7.298342229757e-06  ,1.041136956532e+00  ,4.246229360517e-01  
  7.298484442715e-06  ,9.518929805946e-01  ,3.940828416564e-01  
  7.298740742687e-06  ,7.910083387748e-01  ,3.330032047447e-01  
  7.299253342632e-06  ,4.690956392919e-01  ,1.692952312031e-01  
  7.299768829677e-06  ,1.452473207384e-01  ,-7.289060963294e-02  
  7.300287017558e-06  ,-1.803360064589e-01  ,-3.572977487989e-01  
  7.300691071857e-06  ,-4.341791431844e-01  ,-5.896192304094e-01  
  7.300924275029e-06  ,-5.806575240511e-01  ,-7.259232939879e-01  
  7.300984578166e-06  ,-6.185300655658e-01  ,-7.613646513490e-01  
  7.301094928250e-06  ,-6.878280466476e-01  ,-8.263877383637e-01  
  7.301218584605e-06  ,-7.654722788166e-01  ,-8.994851658326e-01  
  7.301465897314e-06  ,-9.207249152132e-01  ,-1.046303885171e+00  
  7.301862314768e-06  ,-1.169459437206e+00  ,-1.282970147161e+00  
  7.302478570916e-06  ,-1.555758775163e+00  ,-1.653038904102e+00  
  7.303081881680e-06  ,-1.933379432120e+00  ,-2.016804257274e+00  
  7.303647753276e-06  ,-2.286937726507e+00  ,-2.358622243750e+00  
  7.303924588911e-06  ,-2.459649118890e+00  ,-2.525920966383e+00  
  7.304012994707e-06  ,-2.514764895146e+00  ,-2.579345077052e+00  
  7.304170411505e-06  ,-2.612856647696e+00  ,-2.674469678608e+00  
  7.304330063477e-06  ,-2.712275931800e+00  ,-2.770930755426e+00  
  7.304649367422e-06  ,-2.910907307913e+00  ,-2.963782432778e+00  
  7.305227625608e-06  ,-3.269868657286e+00  ,-3.312655740808e+00  
  7.306384141982e-06  ,-3.984435950168e+00  ,-4.007972603885e+00  
  7.308697174728e-06  ,-5.396856590719e+00  ,-5.381889783137e+00  
  7.312930594623e-06  ,-7.902916890964e+00  ,-7.759384415219e+00  
  7.315752129495e-06  ,-9.498305301954e+00  ,-6.366162080495e+00  
  7.318654503167e-06  ,-1.106146453268e+01  ,-3.581296097768e+00  
  7.322119395673e-06  ,-1.280619273602e+01  ,-2.560119830223e+00  
  7.327667097986e-06  ,-1.527609549404e+01  ,-2.470114835315e+00  
  7.333061318338e-06  ,-1.723442065326e+01  ,-2.725827172184e+00  
  7.343849759042e-06  ,-1.962783760455e+01  ,-2.293512195568e+00  
  7.363477568567e-06  ,-1.823386092454e+01  ,-1.932321797557e+00  
  7.388478736818e-06  ,-7.081992877671e+00  ,-1.209090519178e+00  
  7.391603882849e-06  ,-5.214474878126e+00  ,-1.069061102537e+00  
  7.392385169357e-06  ,-4.739033448597e+00  ,-1.027100418767e+00  
  7.393947742373e-06  ,-3.779874074286e+00  ,-9.304894521655e-01  
  7.395816347986e-06  ,-2.621104378216e+00  ,-7.807860320184e-01  
  7.397637642413e-06  ,-1.482950832830e+00  ,-5.615907979093e-01  
  7.398511688650e-06  ,-9.347929086424e-01  ,-3.973848064454e-01  
  7.398843984544e-06  ,-7.261862746481e-01  ,-3.133448767245e-01  
  7.399205617100e-06  ,-4.990736876467e-01  ,-1.929494030500e-01  
  7.399686179548e-06  ,-1.971760107438e-01  ,2.806462542589e-02  
  7.400162923574e-06  ,1.023674539384e-01  ,2.862566678333e-01  
  7.400784115732e-06  ,4.926246184968e-01  ,6.432150345044e-01  
  7.400999390945e-06  ,6.278326896266e-01  ,7.695318644962e-01  
  7.401065817527e-06  ,6.695477754193e-01  ,8.086890869950e-01  
  7.401180090807e-06  ,7.413030803146e-01  ,8.762159981797e-01  
  7.401330010459e-06  ,8.354270777659e-01  ,9.650895440517e-01  
  7.401569686323e-06  ,9.858633227790e-01  ,1.107728548316e+00  
  7.401992739603e-06  ,1.251257517681e+00  ,1.360776887716e+00  
  7.402538122103e-06  ,1.593059768412e+00  ,1.688618770743e+00  
  7.403101944789e-06  ,1.945926031644e+00  ,2.028678575618e+00  
  7.403640994295e-06  ,2.282718737521e+00  ,2.354326587134e+00  
  7.403902649373e-06  ,2.445968161394e+00  ,2.512461423064e+00  
  7.403990682639e-06  ,2.500856456187e+00  ,2.565664334992e+00  
  7.404142767616e-06  ,2.595635359169e+00  ,2.657573766002e+00  
  7.404300929472e-06  ,2.694138472556e+00  ,2.753142535094e+00  
  7.404617253184e-06  ,2.890942722806e+00  ,2.944213344077e+00  
  7.405141122133e-06  ,3.216236245979e+00  ,3.260339449007e+00  
  7.406188860029e-06  ,3.864122029850e+00  ,3.890703669328e+00  
  7.408284335822e-06  ,5.146637745810e+00  ,5.138717128747e+00  
  7.412245064467e-06  ,7.505437071572e+00  ,7.400814872687e+00  
  7.415288999170e-06  ,9.241225657025e+00  ,6.858433360507e+00  
  7.417944758624e-06  ,1.068721384596e+01  ,4.292971028536e+00  
  7.420612066478e-06  ,1.206463851870e+01  ,3.142083458903e+00  
  7.425618856639e-06  ,1.441439635682e+01  ,2.579233040354e+00  
  7.430567532271e-06  ,1.638735599900e+01  ,2.762292644403e+00  
  7.440464883536e-06  ,1.910936086316e+01  ,2.396599018598e+00  
  7.454458564013e-06  ,1.980412474016e+01  ,2.084015978035e+00  
  7.479459732264e-06  ,1.202862768551e+01  ,1.509682734393e+00  
  7.482584878296e-06  ,1.040446237990e+01  ,1.399625417776e+00  
  7.488835170358e-06  ,6.872109943032e+00  ,1.194976376372e+00  
  7.490397743374e-06  ,5.942185499827e+00  ,1.126792931839e+00  
  7.493522889405e-06  ,4.041661836289e+00  ,9.625712939486e-01  
  7.494304175913e-06  ,3.559723926516e+00  ,9.065929582943e-01  
  7.495866748929e-06  ,2.589706392383e+00  ,7.729889379840e-01  
  7.497244733810e-06  ,1.729023796085e+00  ,6.140217801927e-01  
  7.498036451131e-06  ,1.232951844723e+00  ,4.881413116657e-01  
  7.498783930629e-06  ,7.638930662183e-01  ,3.246087749172e-01  
  7.499373178422e-06  ,3.938181588857e-01  ,1.210157910273e-01  
  7.499986733735e-06  ,8.335440144795e-03  ,-1.888369130245e-01  
  7.500596377492e-06  ,-3.746931072723e-01  ,-5.342302753554e-01  
  7.500898591667e-06  ,-5.645268070646e-01  ,-7.103888128884e-01  
  7.500980419997e-06  ,-6.159186553730e-01  ,-7.584579371588e-01  
  7.501096998300e-06  ,-6.891279269858e-01  ,-8.271575117360e-01  
  7.501230363693e-06  ,-7.728678230827e-01  ,-9.060231005586e-01  
  7.501497094478e-06  ,-9.403054438744e-01  ,-1.064463213793e+00  
  7.502030556049e-06  ,-1.274970856254e+00  ,-1.383414905561e+00  
  7.502653052058e-06  ,-1.665032404122e+00  ,-1.757787539334e+00  
  7.503297247883e-06  ,-2.068018975548e+00  ,-2.146526629778e+00  
  7.503682536032e-06  ,-2.308647659839e+00  ,-2.379321334002e+00  
  7.503930267837e-06  ,-2.463190167391e+00  ,-2.529038179721e+00  
  7.504006578080e-06  ,-2.510765156545e+00  ,-2.575155048356e+00  
  7.504140083171e-06  ,-2.593962928919e+00  ,-2.655833178561e+00  
  7.504302342847e-06  ,-2.695018425547e+00  ,-2.753874702625e+00  
  7.504612799227e-06  ,-2.888173580866e+00  ,-2.941395762014e+00  
  7.505059508100e-06  ,-3.165613520434e+00  ,-3.210985399963e+00  
  7.505952925846e-06  ,-3.718568540793e+00  ,-3.748875247660e+00  
  7.507739761338e-06  ,-4.815257562069e+00  ,-4.816260655439e+00  
  7.511313432321e-06  ,-6.959719646786e+00  ,-6.887604585637e+00  
  7.514841282234e-06  ,-8.990841583053e+00  ,-7.301851243624e+00  
  7.517357343301e-06  ,-1.037344118515e+01  ,-4.750749315582e+00  
  7.519800016150e-06  ,-1.165381783999e+01  ,-3.325585684265e+00  
  7.524685361847e-06  ,-1.400165696991e+01  ,-2.531742505800e+00  
  7.529601254925e-06  ,-1.603181112868e+01  ,-2.806819531048e+00  
  7.539075413212e-06  ,-1.883361314707e+01  ,-2.421730924559e+00  
  7.550674477085e-06  ,-1.999551029408e+01  ,-2.224329465297e+00  
  7.573872604832e-06  ,-1.463405003518e+01  ,-1.607852931012e+00  
  7.592287459835e-06  ,-4.798655354989e+00  ,-1.110717080617e+00  
  7.595412605867e-06  ,-2.872377488046e+00  ,-8.289933096379e-01  
  7.596193892375e-06  ,-2.385753378980e+00  ,-7.479285517640e-01  
  7.597516370431e-06  ,-1.558927570426e+00  ,-5.773690901370e-01  
  7.598092207178e-06  ,-1.197984046056e+00  ,-4.793564640510e-01  
  7.598428274930e-06  ,-9.871427461123e-01  ,-4.111068949470e-01  
  7.598749022424e-06  ,-7.858100702465e-01  ,-3.349039368268e-01  
  7.599262739956e-06  ,-4.631927303561e-01  ,-1.674939863111e-01  
  7.599785863847e-06  ,-1.345446984824e-01  ,8.114709294478e-02  
  7.600309639662e-06  ,1.945492695021e-01  ,3.698719038236e-01  
  7.600708897650e-06  ,4.453767113437e-01  ,5.998450314532e-01  
  7.600942519918e-06  ,5.921161972611e-01  ,7.365388856061e-01  
  7.601003672887e-06  ,6.305217813741e-01  ,7.725114896472e-01  
  7.601109890226e-06  ,6.972232962636e-01  ,8.351466499420e-01  
  7.601239204366e-06  ,7.784184026244e-01  ,9.116402199055e-01  
  7.601475248072e-06  ,9.265939008371e-01  ,1.051838613585e+00  
  7.601856438402e-06  ,1.165773505052e+00  ,1.279451918405e+00  
  7.602486478124e-06  ,1.560711918315e+00  ,1.657830886296e+00  
  7.603089416359e-06  ,1.938091384258e+00  ,2.021403603403e+00  
  7.603660130832e-06  ,2.294663590911e+00  ,2.366165687482e+00  
  7.603934358764e-06  ,2.465740983839e+00  ,2.531893973064e+00  
  7.604021542199e-06  ,2.520092728628e+00  ,2.584580722670e+00  
  7.604176816955e-06  ,2.616846764571e+00  ,2.678412898486e+00  
  7.604337749496e-06  ,2.717060506958e+00  ,2.775649291938e+00  
  7.604659614578e-06  ,2.917277075359e+00  ,2.970049062154e+00  
  7.605227255687e-06  ,3.269639356099e+00  ,3.312518347650e+00  
  7.606362537906e-06  ,3.971132895637e+00  ,3.995122496939e+00  
  7.608633102342e-06  ,5.358081206989e+00  ,5.344371489822e+00  
  7.612844170496e-06  ,7.853005116555e+00  ,7.716695595801e+00  
  7.615691409871e-06  ,9.464713725034e+00  ,6.449213895471e+00  
  7.618674622342e-06  ,1.107199416106e+01  ,3.557963503251e+00  
  7.621969641611e-06  ,1.273377666057e+01  ,2.581911546783e+00  
  7.627464444801e-06  ,1.519360116445e+01  ,2.476753323142e+00  
  7.632722319528e-06  ,1.712537327242e+01  ,2.554419580022e+00  
  7.643238068983e-06  ,1.955041958472e+01  ,2.418926107552e+00  
  7.664269567892e-06  ,1.802377682416e+01  ,1.826940061767e+00  
  7.689270736143e-06  ,6.614463435625e+00  ,1.251393216703e+00  
  7.692395882174e-06  ,4.732493809650e+00  ,1.032816579143e+00  
  7.693077330902e-06  ,4.315433727654e+00  ,9.898607431713e-01  
  7.694440228358e-06  ,3.475572323218e+00  ,8.955096663174e-01  
  7.696075258270e-06  ,2.459744408899e+00  ,7.536426807578e-01  
  7.697761324659e-06  ,1.405441905119e+00  ,5.395832677905e-01  
  7.698553880170e-06  ,9.083113534747e-01  ,3.860353860090e-01  
  7.698848317802e-06  ,7.234653971573e-01  ,3.107706720386e-01  
  7.699178238824e-06  ,5.162704224154e-01  ,2.025896365797e-01  
  7.699636402965e-06  ,2.284497870089e-01  ,-3.175508403613e-03  
  7.700112495065e-06  ,-7.068258664430e-02  ,-2.582766068311e-01  
  7.700679949909e-06  ,-4.271926380998e-01  ,-5.826279483271e-01  
  7.700919672340e-06  ,-5.777667821007e-01  ,-7.227821604331e-01  
  7.700986413244e-06  ,-6.196825265229e-01  ,-7.620234921850e-01  
  7.701110581826e-06  ,-6.976575771565e-01  ,-8.352392451831e-01  
  7.701241758611e-06  ,-7.800220637420e-01  ,-9.128499716524e-01  
  7.701504112180e-06  ,-9.447098971231e-01  ,-1.068743706659e+00  
  7.701989051845e-06  ,-1.248944961720e+00  ,-1.358654890522e+00  
  7.702576250728e-06  ,-1.616939422376e+00  ,-1.711664365202e+00  
  7.703175929334e-06  ,-1.992186040107e+00  ,-2.073423004188e+00  
  7.703685083386e-06  ,-2.310237502732e+00  ,-2.381037356282e+00  
  7.703961080831e-06  ,-2.482401992507e+00  ,-2.547841625858e+00  
  7.704041372478e-06  ,-2.532452662198e+00  ,-2.596364700379e+00  
  7.704188451596e-06  ,-2.624094004837e+00  ,-2.685245365007e+00  
  7.704346613452e-06  ,-2.722578155404e+00  ,-2.780808164071e+00  
  7.704662937164e-06  ,-2.919342374060e+00  ,-2.971861383452e+00  
  7.705209250987e-06  ,-3.258478343904e+00  ,-3.301473491748e+00  
  7.706301878631e-06  ,-3.933771220398e+00  ,-3.958549440691e+00  
  7.708487133920e-06  ,-5.269663089747e+00  ,-5.258263090011e+00  
  7.712682555854e-06  ,-7.759514157145e+00  ,-7.632041146329e+00  
  7.715634475887e-06  ,-9.433185167899e+00  ,-6.494688550792e+00  
  7.718797992408e-06  ,-1.113646458806e+01  ,-3.463489971293e+00  
  7.721951450646e-06  ,-1.272496088618e+01  ,-2.954842634031e+00  
  7.725093733013e-06  ,-1.418371872842e+01  ,-2.788207512268e+00  
  7.728455062449e-06  ,-1.559093881181e+01  ,-2.715269487358e+00  
  7.735177721322e-06  ,-1.787054758889e+01  ,-2.565489503430e+00  
  7.748623039067e-06  ,-1.998128993668e+01  ,-2.243537185546e+00  
  7.773624207318e-06  ,-1.473998633394e+01  ,-1.637939524879e+00  
  7.776749353349e-06  ,-1.334395798779e+01  ,-1.559184716802e+00  
  7.782999645412e-06  ,-1.018102008274e+01  ,-1.390074245262e+00  
  7.795500229537e-06  ,-2.817881854839e+00  ,-8.791244655939e-01  
  7.795764073223e-06  ,-2.653662744071e+00  ,-8.455140983587e-01  
  7.796291760594e-06  ,-2.324688855173e+00  ,-7.769592163826e-01  
  7.796981591225e-06  ,-1.893681192773e+00  ,-6.810309068653e-01  
  7.797607812524e-06  ,-1.501641257992e+00  ,-5.824414597678e-01  
  7.797944019973e-06  ,-1.290912312136e+00  ,-5.223284055399e-01  
  7.798055743758e-06  ,-1.220852760386e+00  ,-5.008639691952e-01  
  7.798238841776e-06  ,-1.106003856801e+00  ,-4.638158419086e-01  
  7.798517633189e-06  ,-9.310619104668e-01  ,-4.020411442684e-01  
  7.798957589973e-06  ,-6.548484734070e-01  ,-2.832481275306e-01  
  7.799523834098e-06  ,-2.991727015347e-01  ,-5.435991398726e-02  
  7.800118483562e-06  ,7.444524569012e-02  ,2.605979329203e-01  
  7.800687242258e-06  ,4.317734994576e-01  ,5.863133703985e-01  
  7.800952482928e-06  ,5.983733676176e-01  ,7.415672984000e-01  
  7.801025719807e-06  ,6.443672316906e-01  ,7.846926671518e-01  
  7.801146069966e-06  ,7.199414245162e-01  ,8.557584312823e-01  
  7.801291379571e-06  ,8.111751509090e-01  ,9.418494804436e-01  
  7.801571102306e-06  ,9.867519285189e-01  ,1.108298238640e+00  
  7.802012642339e-06  ,1.263738032593e+00  ,1.372482155143e+00  
  7.802568548784e-06  ,1.612115941841e+00  ,1.706749527975e+00  
  7.803142336622e-06  ,1.971182983690e+00  ,2.052894007814e+00  
  7.803696380422e-06  ,2.317287979899e+00  ,2.387641671968e+00  
  7.803943506867e-06  ,2.471444953495e+00  ,2.537003062173e+00  
  7.804027710069e-06  ,2.523937180140e+00  ,2.587892419095e+00  
  7.804170295555e-06  ,2.612784418750e+00  ,2.674061792697e+00  
  7.804337374825e-06  ,2.716827276505e+00  ,2.775017989406e+00  
  7.804671533365e-06  ,2.924685570253e+00  ,2.976849973972e+00  
  7.805258918513e-06  ,3.289264423231e+00  ,3.331219321995e+00  
  7.806433688808e-06  ,4.014938257678e+00  ,4.037383440991e+00  
  7.808783229399e-06  ,5.448900799075e+00  ,5.432114861049e+00  
  7.813135113526e-06  ,8.020798188331e+00  ,7.854548591302e+00  
  7.815977882553e-06  ,9.622893296781e+00  ,6.083128748084e+00  
  7.818786378909e-06  ,1.113040275165e+01  ,3.545061480817e+00  
  7.822921451140e-06  ,1.318917631384e+01  ,2.855177587082e+00  
  7.826264899183e-06  ,1.469280312722e+01  ,2.727384216544e+00  
  7.830227863003e-06  ,1.626407812979e+01  ,2.665832011719e+00  
  7.838153790642e-06  ,1.863088423575e+01  ,2.495192109903e+00  
  7.854005645920e-06  ,1.984184910255e+01  ,2.111201869893e+00  
  7.879006814171e-06  ,1.225475776748e+01  ,1.507905148689e+00  
  7.882131960202e-06  ,1.064643821548e+01  ,1.413198321813e+00  
  7.888382252265e-06  ,7.138655383530e+00  ,1.215151257749e+00  
  7.889944825280e-06  ,6.213301146757e+00  ,1.150587686322e+00  
  7.893069971312e-06  ,4.319948851678e+00  ,9.927403885747e-01  
  7.896410439122e-06  ,2.250610386132e+00  ,7.349261642551e-01  
  7.896973796148e-06  ,1.898556923202e+00  ,6.620513407426e-01  
  7.898100510199e-06  ,1.192776431313e+00  ,4.812103835656e-01  
  7.898375436623e-06  ,1.020300194695e+00  ,4.254120883958e-01  
  7.898601002950e-06  ,8.787328031312e-01  ,3.742599975423e-01  
  7.898823379498e-06  ,7.391241170601e-01  ,3.169009596943e-01  
  7.899268132593e-06  ,4.598053387080e-01  ,1.665935606585e-01  
  7.899795447435e-06  ,1.285232823630e-01  ,-8.544548933773e-02  
  7.900273029651e-06  ,-1.715474858992e-01  ,-3.485081309922e-01  
  7.900666047778e-06  ,-4.184596236388e-01  ,-5.743937141878e-01  
  7.900891893502e-06  ,-5.603198902319e-01  ,-7.063163293806e-01  
  7.900951789185e-06  ,-5.979376715395e-01  ,-7.414950658991e-01  
  7.901066306937e-06  ,-6.698551083607e-01  ,-8.089381505902e-01  
  7.901184305508e-06  ,-7.439494284308e-01  ,-8.786576895256e-01  
  7.901420302648e-06  ,-8.921063802434e-01  ,-1.018680053781e+00  
  7.901820072863e-06  ,-1.142962456101e+00  ,-1.257239459953e+00  
  7.902462219778e-06  ,-1.545515977909e+00  ,-1.642802673326e+00  
  7.903086857829e-06  ,-1.936491372333e+00  ,-2.019448179420e+00  
  7.903667164925e-06  ,-2.299054000067e+00  ,-2.370012503038e+00  
  7.903946701396e-06  ,-2.473436739278e+00  ,-2.538950959549e+00  
  7.904033326037e-06  ,-2.527437547242e+00  ,-2.591300161912e+00  
  7.904188996606e-06  ,-2.624433484027e+00  ,-2.685371451084e+00  
  7.904351558961e-06  ,-2.725656551610e+00  ,-2.783591629273e+00  
  7.904676683672e-06  ,-2.927886777863e+00  ,-2.979955195960e+00  
  7.905325163580e-06  ,-3.330313502648e+00  ,-3.371123409702e+00  
  7.906622123398e-06  ,-4.130853983694e+00  ,-4.150185868359e+00  
  7.909216043033e-06  ,-5.710046553756e+00  ,-5.685316581604e+00  
  7.913763132371e-06  ,-8.380687410650e+00  ,-7.987080653935e+00  
  7.916496750392e-06  ,-9.907399754816e+00  ,-5.482795188313e+00  
  7.919076513924e-06  ,-1.128139703600e+01  ,-3.483431642431e+00  
  7.924236040987e-06  ,-1.379867725929e+01  ,-2.393510790563e+00  
  7.929564696230e-06  ,-1.601806710398e+01  ,-2.474262819344e+00  
  7.937277537264e-06  ,-1.842364930665e+01  ,-2.637646245248e+00  
  7.951329332270e-06  ,-1.998256171710e+01  ,-2.091053524873e+00  
  7.976330500521e-06  ,-1.353882952560e+01  ,-1.642870565346e+00  
  7.979455646552e-06  ,-1.203067852827e+01  ,-1.483928321808e+00  
  7.985705938615e-06  ,-8.682399738793e+00  ,-1.291856950191e+00  
  7.993025388993e-06  ,-4.347295251628e+00  ,-1.015487254081e+00  
  7.994855251588e-06  ,-3.218485029797e+00  ,-8.845384257521e-01  
  7.997467797674e-06  ,-1.589352053554e+00  ,-6.011341641257e-01  
  7.997779837303e-06  ,-1.393838586399e+00  ,-5.481914984429e-01  
  7.998403916560e-06  ,-1.002428616857e+00  ,-4.252049294631e-01  
  7.999059940182e-06  ,-5.905711468033e-01  ,-2.486335999249e-01  
  7.999693612061e-06  ,-1.925062467532e-01  ,3.107420622336e-02  
  8.000411289237e-06  ,2.584134587394e-01  ,4.267353291494e-01  
  8.000817858107e-06  ,5.138188653950e-01  ,6.625792334975e-01  
  8.001212506048e-06  ,7.616557937911e-01  ,8.951224188955e-01  
  8.001320294995e-06  ,8.293279608573e-01  ,9.590415893834e-01  
  8.001422204968e-06  ,8.933004515780e-01  ,1.019607542924e+00  
  8.001539598178e-06  ,9.669809276622e-01  ,1.089522347805e+00  
  8.001660251018e-06  ,1.042693556910e+00  ,1.161520816451e+00  
  8.001901556697e-06  ,1.194072785851e+00  ,1.305882308640e+00  
  8.002384168055e-06  ,1.496616681996e+00  ,1.595714058035e+00  
  8.002890900668e-06  ,1.813910435999e+00  ,1.901093539140e+00  
  8.003369321074e-06  ,2.113055819386e+00  ,2.189973967550e+00  
  8.003729929175e-06  ,2.338224024338e+00  ,2.407886169338e+00  
  8.003969511908e-06  ,2.487658343548e+00  ,2.552683475108e+00  
  8.004040164366e-06  ,2.531699691299e+00  ,2.595383167683e+00  
  8.004165590234e-06  ,2.609853286582e+00  ,2.671181966307e+00  
  8.004324776545e-06  ,2.708984705312e+00  ,2.767369549518e+00  
  8.004575255752e-06  ,2.864829575448e+00  ,2.918674165973e+00  
  8.004950019956e-06  ,3.097668696540e+00  ,3.144900733130e+00  
  8.005699548364e-06  ,3.562026571070e+00  ,3.596519855717e+00  
  8.007198605180e-06  ,4.484561147722e+00  ,4.494485812846e+00  
  8.010196718812e-06  ,6.297773673385e+00  ,6.253456596945e+00  
  8.015088024974e-06  ,9.129054755073e+00  ,7.233594296255e+00  
  8.017929303885e-06  ,1.067900472355e+01  ,4.521912930140e+00  
  8.020757171750e-06  ,1.213722884534e+01  ,3.126722817109e+00  
  8.026412907481e-06  ,1.475573808989e+01  ,2.477353212632e+00  
  8.031697604299e-06  ,1.678399050265e+01  ,2.765836588416e+00  
  8.042266997933e-06  ,1.941270141147e+01  ,2.330243212460e+00  
  8.056090805173e-06  ,1.963497412914e+01  ,2.040158216368e+00  
  8.081091973424e-06  ,1.119382486238e+01  ,1.471745916587e+00  
  8.084217119455e-06  ,9.515304355864e+00  ,1.350846695201e+00  
  8.090467411518e-06  ,5.900374186391e+00  ,1.127461118487e+00  
  8.092029984534e-06  ,4.955547589198e+00  ,1.047656629928e+00  
  8.095155130565e-06  ,3.032381152164e+00  ,8.446943457507e-01  
  8.095936417073e-06  ,2.546294955013e+00  ,7.695912027784e-01  
  8.097233563155e-06  ,1.736016141798e+00  ,6.158396564846e-01  
  8.097904487938e-06  ,1.315698225994e+00  ,5.111385396509e-01  
  8.098540394992e-06  ,9.167755165623e-01  ,3.839454350889e-01  
  8.098793388769e-06  ,7.579546445371e-01  ,3.214197178212e-01  
  8.099069945008e-06  ,5.842876414169e-01  ,2.383340439555e-01  
  8.099549576133e-06  ,2.830002173054e-01  ,3.855302636254e-02  
  8.100062362343e-06  ,-3.918339070517e-02  ,-2.308196531055e-01  
  8.100588280201e-06  ,-3.696063101650e-01  ,-5.295596271533e-01  
  8.100866000593e-06  ,-5.440570977075e-01  ,-6.913763105463e-01  
  8.101003999315e-06  ,-6.307267805129e-01  ,-7.724370034271e-01  
  8.101068563253e-06  ,-6.712719959542e-01  ,-8.104812332223e-01  
  8.101176363841e-06  ,-7.389629621306e-01  ,-8.741571502058e-01  
  8.101391965017e-06  ,-8.743186917662e-01  ,-1.002004207810e+00  
  8.101684772834e-06  ,-1.058079804463e+00  ,-1.176483927025e+00  
  8.102270388469e-06  ,-1.425317890629e+00  ,-1.527502406726e+00  
  8.102825829253e-06  ,-1.773189601179e+00  ,-1.862009518532e+00  
  8.103382573888e-06  ,-2.121336018750e+00  ,-2.198115611678e+00  
  8.103768839926e-06  ,-2.362502959084e+00  ,-2.431516986763e+00  
  8.104059552267e-06  ,-2.543783005233e+00  ,-2.607203048846e+00  
  8.104138621554e-06  ,-2.593052321657e+00  ,-2.654983209138e+00  
  8.104257598013e-06  ,-2.667158177247e+00  ,-2.726873610522e+00  
  8.104425888002e-06  ,-2.771915658229e+00  ,-2.828542918238e+00  
  8.104617437772e-06  ,-2.891057484876e+00  ,-2.944229129957e+00  
  8.105000537314e-06  ,-3.129022747936e+00  ,-3.175447755402e+00  
  8.105766736396e-06  ,-3.603559155956e+00  ,-3.636985620111e+00  
  8.107299134560e-06  ,-4.546094776532e+00  ,-4.554399912812e+00  
  8.110363930888e-06  ,-6.397404093968e+00  ,-6.349392289637e+00  
  8.115489185281e-06  ,-9.352590479697e+00  ,-6.944759498475e+00  
  8.118451908655e-06  ,-1.095518851143e+01  ,-4.250053579064e+00  
  8.121490627952e-06  ,-1.250025691769e+01  ,-3.019061264267e+00  
  8.126909435220e-06  ,-1.496452974250e+01  ,-2.528936295057e+00  
  8.132542074151e-06  ,-1.706660114198e+01  ,-2.531473743076e+00  
  8.143807352014e-06  ,-1.962270390916e+01  ,-2.423857678804e+00  
  8.164362013765e-06  ,-1.799852506121e+01  ,-1.810337669844e+00  
  8.189363182016e-06  ,-6.559618757562e+00  ,-1.259603800536e+00  
  8.192488328047e-06  ,-4.676038036535e+00  ,-1.028719232567e+00  
  8.197474256583e-06  ,-1.585306603501e+00  ,-6.092929492544e-01  
  8.198127113707e-06  ,-1.176090292332e+00  ,-4.899722089584e-01  
  8.199432827957e-06  ,-3.563458480247e-01  ,-9.954956425100e-02  
  8.200547062285e-06  ,3.437124500365e-01  ,5.041076947339e-01  
  8.201144971378e-06  ,7.192516081917e-01  ,8.546585787658e-01  
  8.201295682654e-06  ,8.138766254418e-01  ,9.440366453978e-01  
  8.201461760752e-06  ,9.181285843007e-01  ,1.042832506268e+00  
  8.201613403350e-06  ,1.013297210702e+00  ,1.133279676008e+00  
  8.201916688547e-06  ,1.203563312004e+00  ,1.314753102255e+00  
  8.202523258939e-06  ,1.583750466818e+00  ,1.679356360975e+00  
  8.203158048406e-06  ,1.981006683560e+00  ,2.062330840521e+00  
  8.203729414806e-06  ,2.337903052478e+00  ,2.407590259745e+00  
  8.203963688999e-06  ,2.484028072806e+00  ,2.549197230801e+00  
  8.204045820009e-06  ,2.535224610824e+00  ,2.598838320378e+00  
  8.204180722084e-06  ,2.619279315907e+00  ,2.680370286246e+00  
  8.204346567351e-06  ,2.722549459270e+00  ,2.780587417997e+00  
  8.204655021388e-06  ,2.914421925303e+00  ,2.966908410112e+00  
  8.205181591172e-06  ,3.241330151129e+00  ,3.284653080389e+00  
  8.206234730739e-06  ,3.892396377462e+00  ,3.918169234934e+00  
  8.208341009874e-06  ,5.181039713772e+00  ,5.172098149496e+00  
  8.212464161176e-06  ,7.632859699126e+00  ,7.517801153053e+00  
  8.215471588034e-06  ,9.342815783244e+00  ,6.675757869022e+00  
  8.218247301836e-06  ,1.084740647805e+01  ,4.097220280322e+00  
  8.221095658798e-06  ,1.230557727939e+01  ,3.060728847364e+00  
  8.226181425113e-06  ,1.465716872910e+01  ,2.596530226314e+00  
  8.231287307996e-06  ,1.664240411238e+01  ,2.737390907609e+00  
  8.241499073762e-06  ,1.929099479421e+01  ,2.373740447912e+00  
  8.257309205789e-06  ,1.947503421313e+01  ,2.060403542731e+00  
  8.282310374040e-06  ,1.055137350632e+01  ,1.400165769828e+00  
  8.285435520072e-06  ,8.835147949422e+00  ,1.312968544464e+00  
  8.291685812134e-06  ,5.164760407967e+00  ,1.072934207616e+00  
  8.293248385150e-06  ,4.210427103189e+00  ,9.840629568123e-01  
  8.296373531181e-06  ,2.273651515102e+00  ,7.343562058978e-01  
  8.296892277855e-06  ,1.949538796182e+00  ,6.691883229107e-01  
  8.297929771204e-06  ,1.299846279867e+00  ,5.103037225887e-01  
  8.298307096545e-06  ,1.063181235733e+00  ,4.376972351588e-01  
  8.298402242787e-06  ,1.003478956210e+00  ,4.175379336671e-01  
  8.298518937506e-06  ,9.302432714855e-01  ,3.915344946532e-01  
  8.298752326943e-06  ,7.837353788810e-01  ,3.344012842656e-01  
  8.299219105817e-06  ,4.906010711038e-01  ,1.852458683320e-01  
  8.299774080940e-06  ,1.419479403394e-01  ,-7.456797210606e-02  
  8.300273828633e-06  ,-1.720494823544e-01  ,-3.491552349261e-01  
  8.300682353280e-06  ,-4.287023749338e-01  ,-5.840182789900e-01  
  8.300915649585e-06  ,-5.752402610570e-01  ,-7.203806494217e-01  
  8.300975813024e-06  ,-6.130253751521e-01  ,-7.557407056182e-01  
  8.301088770811e-06  ,-6.839614893070e-01  ,-8.223041825993e-01  
  8.301211076748e-06  ,-7.607583883420e-01  ,-8.946082987470e-01  
  8.301455688622e-06  ,-9.143173580185e-01  ,-1.039826193906e+00  
  8.301868776750e-06  ,-1.173512648925e+00  ,-1.286472899015e+00  
  8.302471621852e-06  ,-1.551405742817e+00  ,-1.648525272995e+00  
  8.303074746352e-06  ,-1.928917121799e+00  ,-2.012189767319e+00  
  8.303636333864e-06  ,-2.279809613336e+00  ,-2.351429093422e+00  
  8.303915125277e-06  ,-2.453747971807e+00  ,-2.519914731844e+00  
  8.304004823282e-06  ,-2.509671303337e+00  ,-2.574121445005e+00  
  8.304164451972e-06  ,-2.609144208936e+00  ,-2.670585642472e+00  
  8.304322474130e-06  ,-2.707551379716e+00  ,-2.766064944886e+00  
  8.304638518445e-06  ,-2.904163112066e+00  ,-2.956954696683e+00  
  8.305227486841e-06  ,-3.269782640540e+00  ,-3.312299102195e+00  
  8.306405423634e-06  ,-3.997538672549e+00  ,-4.020453800481e+00  
  8.308761297219e-06  ,-5.435640404797e+00  ,-5.419283816394e+00  
  8.312976090662e-06  ,-7.929168439212e+00  ,-7.778855077867e+00  
  8.315845681779e-06  ,-9.549993015604e+00  ,-6.228615303519e+00  
  8.318741722457e-06  ,-1.110707986651e+01  ,-3.541346791762e+00  
  8.322441680782e-06  ,-1.296107559114e+01  ,-2.899914254642e+00  
  8.325518398039e-06  ,-1.437056818858e+01  ,-2.759000979386e+00  
  8.329288391821e-06  ,-1.591351006925e+01  ,-2.689989330367e+00  
  8.336828379385e-06  ,-1.831200051928e+01  ,-2.525916994892e+00  
  8.351908354513e-06  ,-1.996406747213e+01  ,-2.163132232712e+00  
  8.376909522764e-06  ,-1.326882652609e+01  ,-1.558846120107e+00  
  8.380034668796e-06  ,-1.173807522165e+01  ,-1.471997810206e+00  
  8.386284960859e-06  ,-8.353240927150e+00  ,-1.289186249589e+00  
  8.392396672122e-06  ,-4.732011564798e+00  ,-1.048015329247e+00  
  8.393924599938e-06  ,-3.794151844237e+00  ,-9.484454685018e-01  
  8.396490579896e-06  ,-2.200569207676e+00  ,-7.214241604461e-01  
  8.398192292504e-06  ,-1.135205678091e+00  ,-4.723694197225e-01  
  8.398434669204e-06  ,-9.831299817555e-01  ,-4.202470553717e-01  
  8.398801936261e-06  ,-7.525879275276e-01  ,-3.287786929950e-01  
  8.399176514201e-06  ,-5.173536732401e-01  ,-2.064045208800e-01  
  8.399695074610e-06  ,-1.915873424914e-01  ,3.168261472905e-02  
  8.400190072559e-06  ,1.194254011756e-01  ,3.009545338817e-01  
  8.400731636636e-06  ,4.596603796061e-01  ,6.121732604854e-01  
  8.401007960044e-06  ,6.332141370192e-01  ,7.742337747054e-01  
  8.401083350606e-06  ,6.805578566666e-01  ,8.187037562480e-01  
  8.401191977743e-06  ,7.487666782605e-01  ,8.829326249129e-01  
  8.401339196559e-06  ,8.411938022527e-01  ,9.702414283063e-01  
  8.401576404419e-06  ,9.900792732573e-01  ,1.111452421546e+00  
  8.401937524747e-06  ,1.216631097296e+00  ,1.327415850227e+00  
  8.402504234534e-06  ,1.571834334844e+00  ,1.667976186946e+00  
  8.403065822046e-06  ,1.923335879539e+00  ,2.006653137049e+00  
  8.403602077585e-06  ,2.258424737941e+00  ,2.330602979617e+00  
  8.403873884078e-06  ,2.428029070389e+00  ,2.494875441112e+00  
  8.403969158378e-06  ,2.487437938913e+00  ,2.552456146371e+00  
  8.404135026928e-06  ,2.590812798676e+00  ,2.652698463061e+00  
  8.404285575222e-06  ,2.684578730939e+00  ,2.743669709834e+00  
  8.404586671811e-06  ,2.871928343638e+00  ,2.925553265578e+00  
  8.405188864987e-06  ,3.245839919822e+00  ,3.288935359193e+00  
  8.406393251341e-06  ,3.990044633719e+00  ,4.013089296532e+00  
  8.408802024048e-06  ,5.460262154882e+00  ,5.443125379712e+00  
  8.412964663427e-06  ,7.922576362120e+00  ,7.774768784032e+00  
  8.415754905861e-06  ,9.499840429822e+00  ,6.330105668034e+00  
  8.418594694655e-06  ,1.103013690365e+01  ,3.611381727837e+00  
  8.422156817239e-06  ,1.282424435587e+01  ,2.917301322414e+00  
  8.425144500058e-06  ,1.420618936722e+01  ,2.764434964849e+00  
  8.428812793415e-06  ,1.573073393794e+01  ,2.697798124891e+00  
  8.436149380129e-06  ,1.813630455063e+01  ,2.541870687903e+00  
  8.450822553556e-06  ,1.999332265299e+01  ,2.189945984052e+00  
  8.475823721807e-06  ,1.377147149442e+01  ,1.584949775443e+00  
  8.478948867839e-06  ,1.228351078144e+01  ,1.501375908545e+00  
  8.485199159902e-06  ,8.968136132331e+00  ,1.324520685402e+00  
  8.492584920447e-06  ,4.617007893292e+00  ,1.043931559802e+00  
  8.494431360584e-06  ,3.481059198933e+00  ,9.178110540817e-01  
  8.494892970618e-06  ,3.195092092267e+00  ,8.766871794826e-01  
  8.495816190686e-06  ,2.621202360475e+00  ,7.877903476442e-01  
  8.496810470667e-06  ,2.000688491426e+00  ,6.749237550010e-01  
  8.497917440679e-06  ,1.307577299228e+00  ,5.096321835139e-01  
  8.498479866382e-06  ,9.547651068866e-01  ,3.988265351186e-01  
  8.498666806106e-06  ,8.374255394027e-01  ,3.549955927228e-01  
  8.498862616677e-06  ,7.144869562896e-01  ,3.032642000937e-01  
  8.499254237819e-06  ,4.685333310859e-01  ,1.706922938081e-01  
  8.499738898087e-06  ,1.640533304117e-01  ,-5.648767006413e-02  
  8.500193476636e-06  ,-1.215642071054e-01  ,-3.039512748537e-01  
  8.500669568736e-06  ,-4.206714200287e-01  ,-5.766784102143e-01  
  8.500920141075e-06  ,-5.780611737989e-01  ,-7.231020296710e-01  
  8.500984833069e-06  ,-6.186901492187e-01  ,-7.611279896709e-01  
  8.501107721083e-06  ,-6.958612100855e-01  ,-8.335649026056e-01  
  8.501229864039e-06  ,-7.725541152746e-01  ,-9.058003826231e-01  
  8.501474149950e-06  ,-9.259046705035e-01  ,-1.050869417769e+00  
  8.501939485274e-06  ,-1.217860649225e+00  ,-1.328869099399e+00  
  8.502521655016e-06  ,-1.582745854482e+00  ,-1.678677992139e+00  
  8.503118260257e-06  ,-1.956128448497e+00  ,-2.038478876695e+00  
  8.503681058489e-06  ,-2.307725495376e+00  ,-2.378469723948e+00  
  8.503943970852e-06  ,-2.471734249146e+00  ,-2.537358403336e+00  
  8.504028977320e-06  ,-2.524727049461e+00  ,-2.588729008397e+00  
  8.504176917911e-06  ,-2.616909651384e+00  ,-2.678127904524e+00  
  8.504341785289e-06  ,-2.719572739748e+00  ,-2.777740248358e+00  
  8.504671520047e-06  ,-2.924677292328e+00  ,-2.976887576069e+00  
  8.505270360462e-06  ,-3.296355506010e+00  ,-3.338143348574e+00  
  8.506468041293e-06  ,-4.036080829748e+00  ,-4.057966847831e+00  
  8.508863402955e-06  ,-5.497352394075e+00  ,-5.479098997944e+00  
  8.513242109172e-06  ,-8.082337082445e+00  ,-7.901544817920e+00  
  8.516058056109e-06  ,-9.667023115988e+00  ,-5.981437972608e+00  
  8.518799869768e-06  ,-1.113744436453e+01  ,-3.553851845631e+00  
  8.523358134978e-06  ,-1.339418873673e+01  ,-2.814734353041e+00  
  8.528741924517e-06  ,-1.570319684454e+01  ,-2.630887631417e+00  
  8.534593610518e-06  ,-1.770275846044e+01  ,-2.552272372129e+00  
  8.546296982519e-06  ,-1.986481720562e+01  ,-2.298208219261e+00  
  8.569703726523e-06  ,-1.628905607789e+01  ,-1.733638393387e+00  
  8.594704894774e-06  ,-3.311689473808e+00  ,-1.002964173997e+00  
  8.597238837235e-06  ,-1.732714823268e+00  ,-7.023732544113e-01  
  8.597872322850e-06  ,-1.335863693311e+00  ,-5.795569511847e-01  
  8.598435307346e-06  ,-9.827295096909e-01  ,-4.536762965212e-01  
  8.598832423292e-06  ,-7.334455855723e-01  ,-3.449981394630e-01  
  8.599227536894e-06  ,-4.853052460653e-01  ,-2.000986045045e-01  
  8.599740043707e-06  ,-1.633335403076e-01  ,4.999156888873e-02  
  8.600227404811e-06  ,1.428814409933e-01  ,3.197173876949e-01  
  8.600680726074e-06  ,4.276802050954e-01  ,5.812491585172e-01  
  8.600926874630e-06  ,5.822902108839e-01  ,7.255894017427e-01  
  8.600990309339e-06  ,6.221293351476e-01  ,7.629808513871e-01  
  8.601107679266e-06  ,6.958349519855e-01  ,8.323329178318e-01  
  8.601229589392e-06  ,7.723816782226e-01  ,9.045776522818e-01  
  8.601473409642e-06  ,9.254400195552e-01  ,1.049611348232e+00  
  8.601900607307e-06  ,1.193477329956e+00  ,1.305062575622e+00  
  8.602490320761e-06  ,1.563118944413e+00  ,1.659573052164e+00  
  8.603094190318e-06  ,1.941076812763e+00  ,2.023895004345e+00  
  8.603652704466e-06  ,2.290028218481e+00  ,2.361403844082e+00  
  8.603922555182e-06  ,2.458380984405e+00  ,2.524531359957e+00  
  8.604010239203e-06  ,2.513047292270e+00  ,2.577534350475e+00  
  8.604165141430e-06  ,2.609573705482e+00  ,2.671164312858e+00  
  8.604324793402e-06  ,2.708995199241e+00  ,2.767649527811e+00  
  8.604644097347e-06  ,2.907631242199e+00  ,2.960545418166e+00  
  8.605202797759e-06  ,3.254477770802e+00  ,3.297696839031e+00  
  8.606320198584e-06  ,3.945056483254e+00  ,3.969741388275e+00  
  8.608555000234e-06  ,5.310785958142e+00  ,5.298564730338e+00  
  8.612711679149e-06  ,7.776376268047e+00  ,7.648809297588e+00  
  8.615653540898e-06  ,9.443746240313e+00  ,6.508202186930e+00  
  8.618806999136e-06  ,1.114116476104e+01  ,3.470059554905e+00  
  8.621951144148e-06  ,1.272481231423e+01  ,2.955450694469e+00  
  8.625084858347e-06  ,1.417978689482e+01  ,2.787639865641e+00  
  8.628436129499e-06  ,1.558348511652e+01  ,2.715175618645e+00  
  8.635138671804e-06  ,1.785951747514e+01  ,2.566360253000e+00  
  8.648543756414e-06  ,1.997907371928e+01  ,2.245500690817e+00  
  8.673544924665e-06  ,1.477361004911e+01  ,1.639808349458e+00  
  8.676670070697e-06  ,1.338102260127e+01  ,1.561235294484e+00  
  8.682920362759e-06  ,1.022386583286e+01  ,1.392388237462e+00  
  8.695420946885e-06  ,2.867190904389e+00  ,8.849707738958e-01  
  8.697564106394e-06  ,1.529023691759e+00  ,5.909212331800e-01  
  8.697926484007e-06  ,1.301907312434e+00  ,5.267859553192e-01  
  8.698341248516e-06  ,1.041752652275e+00  ,4.432671559735e-01  
  8.698801321868e-06  ,7.529736888022e-01  ,3.309740479082e-01  
  8.699251709465e-06  ,4.701215056204e-01  ,1.774436040387e-01  
  8.699818884913e-06  ,1.137973513887e-01  ,-9.642819495143e-02  
  8.700331019197e-06  ,-2.079817465530e-01  ,-3.807661846560e-01  
  8.700727622915e-06  ,-4.571391468890e-01  ,-6.097861379293e-01  
  8.700964737643e-06  ,-6.060697406489e-01  ,-7.487479106834e-01  
  8.701027636841e-06  ,-6.455711134486e-01  ,-7.857997369970e-01  
  8.701131060213e-06  ,-7.105165508442e-01  ,-8.468645092595e-01  
  8.701269245200e-06  ,-7.972789640575e-01  ,-9.287017101485e-01  
  8.701486615889e-06  ,-9.337287816453e-01  ,-1.057922672901e+00  
  8.701865012251e-06  ,-1.171151411441e+00  ,-1.283974487227e+00  
  8.702483410440e-06  ,-1.558790306458e+00  ,-1.655456725653e+00  
  8.703078898095e-06  ,-1.931513561624e+00  ,-2.014580078683e+00  
  8.703643000178e-06  ,-2.283970830089e+00  ,-2.355374842122e+00  
  8.703919696115e-06  ,-2.456598192283e+00  ,-2.522607292931e+00  
  8.704008649062e-06  ,-2.512056093252e+00  ,-2.576367499407e+00  
  8.704166787636e-06  ,-2.610599201124e+00  ,-2.671937326483e+00  
  8.704325624701e-06  ,-2.709512704998e+00  ,-2.767914570313e+00  
  8.704643298831e-06  ,-2.907134849368e+00  ,-2.959797853896e+00  
  8.705224816646e-06  ,-3.268127469743e+00  ,-3.310662200554e+00  
  8.706387852278e-06  ,-3.986720439645e+00  ,-4.009918856717e+00  
  8.708713923540e-06  ,-5.406989053102e+00  ,-5.391439511560e+00  
  8.712930207100e-06  ,-7.902693217760e+00  ,-7.756544212965e+00  
  8.715797563043e-06  ,-9.523417649018e+00  ,-6.283836448716e+00  
  8.718718563166e-06  ,-1.109497576892e+01  ,-3.544609524850e+00  
  8.722297449555e-06  ,-1.289192467189e+01  ,-2.913129818360e+00  
  8.725314562168e-06  ,-1.428119908940e+01  ,-2.767354099799e+00  
  8.729018618312e-06  ,-1.581026747167e+01  ,-2.696699065271e+00  
  8.736426730599e-06  ,-1.820907256973e+01  ,-2.535263446369e+00  
  8.751242955174e-06  ,-1.998475401480e+01  ,-2.179605023416e+00  
  8.776244123425e-06  ,-1.357872606289e+01  ,-1.574830242764e+00  
  8.779369269457e-06  ,-1.207398948139e+01  ,-1.490076899061e+00  
  8.785619561519e-06  ,-8.731259214194e+00  ,-1.311050579623e+00  
  8.792929326143e-06  ,-4.406190299610e+00  ,-1.025538824052e+00  
  8.794756767299e-06  ,-3.279542540868e+00  ,-8.942202167607e-01  
  8.797373411205e-06  ,-1.648462193156e+00  ,-6.151880547982e-01  
  8.798726995435e-06  ,-7.996391599197e-01  ,-3.568525922193e-01  
  8.799961370375e-06  ,-2.427170324848e-02  ,1.722700255228e-01  
  8.801249948289e-06  ,7.851638494145e-01  ,9.168613502812e-01  
  8.801769160625e-06  ,1.111024184200e+00  ,1.226322472667e+00  
  8.801899336237e-06  ,1.192680115998e+00  ,1.304275506002e+00  
  8.802078871947e-06  ,1.305265401737e+00  ,1.411972436815e+00  
  8.802437943365e-06  ,1.530307820922e+00  ,1.627874292229e+00  
  8.802870309871e-06  ,1.801025798088e+00  ,1.888497384430e+00  
  8.803278089460e-06  ,2.056045533987e+00  ,2.134712276718e+00  
  8.803602701943e-06  ,2.258814524477e+00  ,2.330863891807e+00  
  8.803793576505e-06  ,2.377935878332e+00  ,2.446228443632e+00  
  8.803875823930e-06  ,2.429238895513e+00  ,2.495941306373e+00  
  8.804003275424e-06  ,2.508706439749e+00  ,2.572975914504e+00  
  8.804136407986e-06  ,2.591673229216e+00  ,2.653438784585e+00  
  8.804402673110e-06  ,2.757469348109e+00  ,2.814331198139e+00  
  8.804935203359e-06  ,3.088471159341e+00  ,3.135876453204e+00  
  8.806000263855e-06  ,3.747789139989e+00  ,3.777240478771e+00  
  8.807810009882e-06  ,4.858085884556e+00  ,4.857894619446e+00  
  8.811429501936e-06  ,7.028043852995e+00  ,6.952538949059e+00  
  8.814816535875e-06  ,8.976949942120e+00  ,7.312695868764e+00  
  8.817277090117e-06  ,1.033029660778e+01  ,4.794912062246e+00  
  8.819682137534e-06  ,1.159354563599e+01  ,3.341352534128e+00  
  8.824492232367e-06  ,1.391475066797e+01  ,2.527715065518e+00  
  8.829408870503e-06  ,1.595924859994e+01  ,2.814389368835e+00  
  8.838553713128e-06  ,1.872078338049e+01  ,2.434687537086e+00  
  8.849933729932e-06  ,1.999995665546e+01  ,2.241822557346e+00  
  8.872693763539e-06  ,1.512877083767e+01  ,1.636762002018e+00  
  8.875818909571e-06  ,1.377366396318e+01  ,1.584813337250e+00  
  8.882069201633e-06  ,1.067979866037e+01  ,1.416233361888e+00  
  8.894569785759e-06  ,3.395379012442e+00  ,9.432252044182e-01  
  8.897053809330e-06  ,1.848504241296e+00  ,6.565552836496e-01  
  8.897674815223e-06  ,1.459657755475e+00  ,5.603470472610e-01  
  8.898190767929e-06  ,1.136162051219e+00  ,4.660168093850e-01  
  8.898291467182e-06  ,1.072987439914e+00  ,4.453638205635e-01  
  8.898462225176e-06  ,9.658366184703e-01  ,4.083067351822e-01  
  8.898674543440e-06  ,8.325682673402e-01  ,3.577925125068e-01  
  8.899099179968e-06  ,5.659263704207e-01  ,2.318725742842e-01  
  8.899622490123e-06  ,2.371908908363e-01  ,4.048221591047e-03  
  8.900163867936e-06  ,-1.029608057112e-01  ,-2.868096315550e-01  
  8.900762894616e-06  ,-4.792949348348e-01  ,-6.308257804347e-01  
  8.900980847381e-06  ,-6.161870612107e-01  ,-7.585918508271e-01  
  8.901046703529e-06  ,-6.575447074898e-01  ,-7.973843005866e-01  
  8.901161081582e-06  ,-7.293673076901e-01  ,-8.649309009751e-01  
  8.901307974435e-06  ,-8.215933213584e-01  ,-9.519621305262e-01  
  8.901551375590e-06  ,-9.743721733587e-01  ,-1.096755260423e+00  
  8.901981180958e-06  ,-1.244009151930e+00  ,-1.353779490505e+00  
  8.902533734642e-06  ,-1.590311789543e+00  ,-1.685900526008e+00  
  8.903103704058e-06  ,-1.947026165065e+00  ,-2.029658749782e+00  
  8.903646944515e-06  ,-2.286432899638e+00  ,-2.357836039731e+00  
  8.903909251519e-06  ,-2.450085219914e+00  ,-2.516363265773e+00  
  8.903996772558e-06  ,-2.504652786781e+00  ,-2.569255889624e+00  
  8.904148182325e-06  ,-2.599008710393e+00  ,-2.660755930703e+00  
  8.904307927430e-06  ,-2.698495277975e+00  ,-2.757279687266e+00  
  8.904627417639e-06  ,-2.897262018770e+00  ,-2.950258368367e+00  
  8.905156967655e-06  ,-3.226062305431e+00  ,-3.269797022688e+00  
  8.906216067687e-06  ,-3.880893589670e+00  ,-3.906918270159e+00  
  8.908334267750e-06  ,-5.176948006037e+00  ,-5.167998723227e+00  
  8.912403774872e-06  ,-7.597775975772e+00  ,-7.485193795934e+00  
  8.915411201730e-06  ,-9.309251468873e+00  ,-6.719484287766e+00  
  8.918231619015e-06  ,-1.083912658939e+01  ,-4.096621558572e+00  
  8.921020371333e-06  ,-1.226825229798e+01  ,-3.074688576710e+00  
  8.926147115842e-06  ,-1.464249313840e+01  ,-2.596302040639e+00  
  8.931200099602e-06  ,-1.661195283423e+01  ,-2.739022189015e+00  
  8.941306067124e-06  ,-1.925863717135e+01  ,-2.379164383541e+00  
  8.956946325913e-06  ,-1.952566424169e+01  ,-2.068630007316e+00  
  8.981947494164e-06  ,-1.074437601482e+01  ,-1.410059611428e+00  
  8.985072640196e-06  ,-9.039119797246e+00  ,-1.324693254212e+00  
  8.991322932258e-06  ,-5.384690573708e+00  ,-1.090481813580e+00  
  8.992885505274e-06  ,-4.433043083141e+00  ,-1.005422879739e+00  
  8.996010651305e-06  ,-2.500024890226e+00  ,-7.713196655831e-01  
  8.996661180124e-06  ,-2.093997646241e+00  ,-6.955658660478e-01  
  8.997962237760e-06  ,-1.279489396945e+00  ,-5.032555708967e-01  
  8.998530437663e-06  ,-9.230252691851e-01  ,-3.887933954413e-01  
  8.998734956101e-06  ,-7.946413004742e-01  ,-3.390153108531e-01  
  8.998969044030e-06  ,-6.476554936734e-01  ,-2.727259770810e-01  
  8.999437219888e-06  ,-3.535867510509e-01  ,-9.220079528243e-02  
  8.999936315656e-06  ,-4.001402692790e-02  ,1.613753405427e-01  
  9.000411942095e-06  ,2.588236266878e-01  ,4.279183976904e-01  
  9.000773667783e-06  ,4.860619437028e-01  ,6.372720968357e-01  
  9.001100887969e-06  ,6.915704215851e-01  ,8.294828462117e-01  
  9.001188641839e-06  ,7.466721330832e-01  ,8.813511743039e-01  
  9.001276570331e-06  ,8.018778002757e-01  ,9.334346166064e-01  
  9.001413451467e-06  ,8.878059199514e-01  ,1.014717213544e+00  
  9.001558924053e-06  ,9.791093529333e-01  ,1.101335501998e+00  
  9.001770124730e-06  ,1.111629013412e+00  ,1.227451477591e+00  
  9.002192526083e-06  ,1.376515687669e+00  ,1.480675956258e+00  
  9.002705498558e-06  ,1.697868841894e+00  ,1.789425219894e+00  
  9.003211858641e-06  ,2.014647541691e+00  ,2.094979075568e+00  
  9.003644877072e-06  ,2.285142398683e+00  ,2.356586025583e+00  
  9.003879803192e-06  ,2.431720608973e+00  ,2.498562224607e+00  
  9.003961084370e-06  ,2.482404198964e+00  ,2.547683991046e+00  
  9.004100410227e-06  ,2.569244221653e+00  ,2.631882222993e+00  
  9.004242576618e-06  ,2.657803962546e+00  ,2.717787878839e+00  
  9.004526909400e-06  ,2.834762627570e+00  ,2.889551887280e+00  
  9.005023490597e-06  ,3.143266309764e+00  ,3.189288399634e+00  
  9.006016652990e-06  ,3.757903825410e+00  ,3.787188781152e+00  
  9.008002977777e-06  ,4.975609933510e+00  ,4.972254106731e+00  
  9.011676114012e-06  ,7.172900354290e+00  ,7.089579045557e+00  
  9.014813926030e-06  ,8.975484560310e+00  ,7.289805402762e+00  
  9.017250265885e-06  ,1.031586108906e+01  ,4.781821345162e+00  
  9.019603531767e-06  ,1.155326551492e+01  ,3.373027984771e+00  
  9.024310063530e-06  ,1.383230703223e+01  ,2.553190483123e+00  
  9.029112707783e-06  ,1.584640495594e+01  ,2.813234259755e+00  
  9.038296293426e-06  ,1.866325564344e+01  ,2.446043319180e+00  
  9.049478124786e-06  ,1.999731203655e+01  ,2.249393549373e+00  
  9.071841787506e-06  ,1.547343918442e+01  ,1.660127696444e+00  
  9.096842955757e-06  ,1.980378850894e+00  ,8.838904029202e-01  
  9.114301156212e-06  ,-8.686415364684e+00  ,-8.002084441236e+00  
  9.123048137832e-06  ,-1.324890995191e+01  ,-3.406412880683e+00  
  9.125496026088e-06  ,-1.436078823064e+01  ,-2.888442287016e+00  
  9.129394169856e-06  ,-1.595367987913e+01  ,-2.635973636732e+00  
  9.137190457393e-06  ,-1.840228952320e+01  ,-2.470821849521e+00  
  9.150109764148e-06  ,-1.999988108947e+01  ,-2.237062480891e+00  
  9.175110932399e-06  ,-1.409276387560e+01  ,-1.577900353587e+00  
  9.178236078430e-06  ,-1.263383810228e+01  ,-1.521850798060e+00  
  9.184486370493e-06  ,-9.366163706027e+00  ,-1.344970700524e+00  
  9.192760985304e-06  ,-4.509301060957e+00  ,-1.038169529491e+00  
  9.194829639006e-06  ,-3.234367103651e+00  ,-8.907520368051e-01  
  9.195198396180e-06  ,-3.005508052774e+00  ,-8.562000241003e-01  
  9.195935910527e-06  ,-2.546610637149e+00  ,-7.811560900004e-01  
  9.196865556721e-06  ,-1.966247536751e+00  ,-6.715874447099e-01  
  9.197767356370e-06  ,-1.401661413316e+00  ,-5.375572227671e-01  
  9.198241120163e-06  ,-1.104574491437e+00  ,-4.504378622967e-01  
  9.198350841604e-06  ,-1.035733272225e+00  ,-4.277650253415e-01  
  9.198495685548e-06  ,-9.448368465313e-01  ,-3.961077351057e-01  
  9.198734942317e-06  ,-7.946499541083e-01  ,-3.383362719828e-01  
  9.199213455856e-06  ,-4.941499706626e-01  ,-1.871325366919e-01  
  9.199720560998e-06  ,-1.755744481059e-01  ,4.682213343440e-02  
  9.200235116720e-06  ,1.477268488834e-01  ,3.273212933209e-01  
  9.200689136475e-06  ,4.329633929588e-01  ,5.880103915735e-01  
  9.200937892735e-06  ,5.892101205905e-01  ,7.334919816014e-01  
  9.201002887409e-06  ,6.300284964792e-01  ,7.717199718012e-01  
  9.201116590254e-06  ,7.014304735547e-01  ,8.387723015746e-01  
  9.201244810089e-06  ,7.819379018624e-01  ,9.146275779370e-01  
  9.201501249760e-06  ,9.429133893687e-01  ,1.066983633680e+00  
  9.201907027006e-06  ,1.197503733708e+00  ,1.309408906511e+00  
  9.202487799764e-06  ,1.561539795533e+00  ,1.658284060883e+00  
  9.203073974192e-06  ,1.928434220801e+00  ,2.011736654592e+00  
  9.203623547643e-06  ,2.271827975892e+00  ,2.343711537908e+00  
  9.203897682443e-06  ,2.442870744547e+00  ,2.509380979637e+00  
  9.203988148790e-06  ,2.499276879364e+00  ,2.564052029912e+00  
  9.204149919521e-06  ,2.600090963473e+00  ,2.661811049830e+00  
  9.204304751899e-06  ,2.696518264667e+00  ,2.755364191278e+00  
  9.204614416655e-06  ,2.889179184787e+00  ,2.942406806443e+00  
  9.205219031271e-06  ,3.264541216328e+00  ,3.307205405285e+00  
  9.206428260501e-06  ,4.011596924871e+00  ,4.034135065686e+00  
  9.208846718963e-06  ,5.487272556077e+00  ,5.469325229144e+00  
  9.213103980716e-06  ,8.002874999396e+00  ,7.839638984651e+00  
  9.215930358466e-06  ,9.596705842886e+00  ,6.121451178358e+00  
  9.218729169067e-06  ,1.110051962407e+01  ,3.565007718084e+00  
  9.222774089273e-06  ,1.311943141012e+01  ,2.864031153268e+00  
  9.226056815084e-06  ,1.460378625368e+01  ,2.732298968161e+00  
  9.229970605072e-06  ,1.616947696167e+01  ,2.671153178883e+00  
  9.237798185047e-06  ,1.854847658515e+01  ,2.503621639888e+00  
  9.253453344997e-06  ,1.988241452849e+01  ,2.124725532609e+00  
  9.278454513248e-06  ,1.252714518430e+01  ,1.521538660602e+00  
  9.281579659279e-06  ,1.093858868937e+01  ,1.428977541142e+00  
  9.287829951342e-06  ,7.461727231466e+00  ,1.235482157837e+00  
  9.289392524358e-06  ,6.542199453839e+00  ,1.173519921748e+00  
  9.292517670389e-06  ,4.658110691861e+00  ,1.024317862022e+00  
  9.295862608548e-06  ,2.592285947450e+00  ,7.894951991457e-01  
  9.296636537608e-06  ,2.109395267998e+00  ,7.001788394805e-01  
  9.297920645174e-06  ,1.305568156921e+00  ,5.127820599007e-01  
  9.298479252454e-06  ,9.551504091461e-01  ,4.019578814505e-01  
  9.298672920983e-06  ,8.335868024179e-01  ,3.561327919615e-01  
  9.298886496533e-06  ,6.994921780970e-01  ,2.986570819953e-01  
  9.299313647632e-06  ,4.312144952794e-01  ,1.473500538693e-01  
  9.299816654954e-06  ,1.151984528417e-01  ,-9.682708020125e-02  
  9.300276402343e-06  ,-1.736665316088e-01  ,-3.505058517856e-01  
  9.300655869726e-06  ,-4.120659437042e-01  ,-5.685365643831e-01  
  9.300875568721e-06  ,-5.500666808654e-01  ,-6.967895556627e-01  
  9.300936116330e-06  ,-5.880944561661e-01  ,-7.323291042647e-01  
  9.301050273195e-06  ,-6.597863783256e-01  ,-7.995226156758e-01  
  9.301166432403e-06  ,-7.327270807959e-01  ,-8.681206840422e-01  
  9.301398750819e-06  ,-8.785782413241e-01  ,-1.005895600166e+00  
  9.301832234912e-06  ,-1.150591524212e+00  ,-1.264536286184e+00  
  9.302509399556e-06  ,-1.575069555083e+00  ,-1.671218162719e+00  
  9.303154992364e-06  ,-1.979095949259e+00  ,-2.060590012845e+00  
  9.303762214683e-06  ,-2.358369289985e+00  ,-2.427456729400e+00  
  9.304045057349e-06  ,-2.534749282190e+00  ,-2.598392967316e+00  
  9.304130319931e-06  ,-2.587880196169e+00  ,-2.649916019100e+00  
  9.304268062539e-06  ,-2.673674360287e+00  ,-2.733146688415e+00  
  9.304442918353e-06  ,-2.782512476017e+00  ,-2.838782072098e+00  
  9.304671232082e-06  ,-2.924498303535e+00  ,-2.976664149958e+00  
  9.305127859540e-06  ,-3.208011289580e+00  ,-3.252194053401e+00  
  9.306041114457e-06  ,-3.772998560655e+00  ,-3.801844003682e+00  
  9.307867624290e-06  ,-4.893193921316e+00  ,-4.892065511966e+00  
  9.311520643957e-06  ,-7.081629014450e+00  ,-7.003271569458e+00  
  9.314696826465e-06  ,-8.909673291874e+00  ,-7.390682572162e+00  
  9.317098148592e-06  ,-1.023386057135e+01  ,-4.899523007213e+00  
  9.319398515351e-06  ,-1.144787762155e+01  ,-3.432436905509e+00  
  9.323999248870e-06  ,-1.369059807870e+01  ,-2.553666338789e+00  
  9.328826480038e-06  ,-1.573604308581e+01  ,-2.823608998548e+00  
  9.337512366898e-06  ,-1.848056284034e+01  ,-2.466219135043e+00  
  9.348339550622e-06  ,-1.997279476125e+01  ,-2.275958609838e+00  
  9.369993918069e-06  ,-1.618258574889e+01  ,-1.705424602941e+00  
  9.394995086320e-06  ,-3.131738609381e+00  ,-1.003253609675e+00  
  9.397168793209e-06  ,-1.776555077172e+00  ,-7.215520490763e-01  
  9.397568097763e-06  ,-1.526523168201e+00  ,-6.475840957231e-01  
  9.397981698118e-06  ,-1.267286902412e+00  ,-5.633475529249e-01  
  9.398103258997e-06  ,-1.191052380005e+00  ,-5.367068718149e-01  
  9.398311782122e-06  ,-1.060241352053e+00  ,-4.886522566875e-01  
  9.398656185210e-06  ,-8.440929458814e-01  ,-4.002366768288e-01  
  9.399344991386e-06  ,-4.115250057284e-01  ,-1.491694288356e-01  
  9.400010328233e-06  ,6.489420237599e-03  ,1.969225435922e-01  
  9.400615035981e-06  ,3.864144590618e-01  ,5.427477306134e-01  
  9.400938577443e-06  ,5.896401486680e-01  ,7.323075640657e-01  
  9.401016878389e-06  ,6.388148643016e-01  ,7.784950755928e-01  
  9.401139719836e-06  ,7.159540918584e-01  ,8.511492871857e-01  
  9.401274621911e-06  ,8.006545547921e-01  ,9.311783595851e-01  
  9.401544426061e-06  ,9.700108173426e-01  ,1.091863483936e+00  
  9.402084034361e-06  ,1.308502109864e+00  ,1.415076062352e+00  
  9.402712583967e-06  ,1.702304622403e+00  ,1.793517507894e+00  
  9.403317850508e-06  ,2.080894164054e+00  ,2.158991801056e+00  
  9.403746910818e-06  ,2.348820401819e+00  ,2.418333293993e+00  
  9.403999951161e-06  ,2.506634227100e+00  ,2.571303368510e+00  
  9.404071115848e-06  ,2.550989441324e+00  ,2.614320953938e+00  
  9.404201873537e-06  ,2.632454122949e+00  ,2.693355845197e+00  
  9.404352771077e-06  ,2.726411039100e+00  ,2.784548859663e+00  
  9.404604973231e-06  ,2.883307816521e+00  ,2.936913327867e+00  
  9.405014382634e-06  ,3.137614597860e+00  ,3.184061711413e+00  
  9.405833201442e-06  ,3.644629027667e+00  ,3.677299433318e+00  
  9.407470839057e-06  ,4.651089207885e+00  ,4.657071688243e+00  
  9.410746114288e-06  ,6.624454167826e+00  ,6.568518874213e+00  
  9.415752904449e-06  ,9.498733802046e+00  ,6.769875688125e+00  
  9.418678002391e-06  ,1.107376271921e+01  ,4.146405633535e+00  
  9.421811716590e-06  ,1.265710407950e+01  ,2.981170363343e+00  
  9.427291618619e-06  ,1.512276187948e+01  ,2.536811149595e+00  
  9.432954059873e-06  ,1.720012911876e+01  ,2.714695339971e+00  
  9.444278942380e-06  ,1.967783158245e+01  ,2.290104394090e+00  
  9.461284147535e-06  ,1.875638979824e+01  ,1.977913884302e+00  
  9.486285315786e-06  ,8.353038301704e+00  ,1.280731275531e+00  
  9.489410461817e-06  ,6.531548006461e+00  ,1.168442505714e+00  
  9.495660753880e-06  ,2.717992142618e+00  ,8.165891989665e-01  
  9.497223326895e-06  ,1.742423408478e+00  ,6.258765166541e-01  
  9.497613970149e-06  ,1.497783200374e+00  ,5.655147042820e-01  
  9.497936580289e-06  ,1.295577020765e+00  ,5.101204932186e-01  
  9.498050399549e-06  ,1.224204346387e+00  ,4.890654364688e-01  
  9.498241087846e-06  ,1.104594765745e+00  ,4.517469931792e-01  
  9.498622464441e-06  ,8.652609740625e-01  ,3.676081870632e-01  
  9.499164028518e-06  ,5.251959940800e-01  ,2.066282945379e-01  
  9.499729993247e-06  ,1.696482121620e-01  ,-5.145206496505e-02  
  9.500304339878e-06  ,-1.912194717459e-01  ,-3.664400911296e-01  
  9.500734610908e-06  ,-4.615286740481e-01  ,-6.144719703421e-01  
  9.500984624453e-06  ,-6.185591344877e-01  ,-7.609668580059e-01  
  9.501051248942e-06  ,-6.603991240296e-01  ,-8.002156269660e-01  
  9.501154288143e-06  ,-7.251016865958e-01  ,-8.610591377270e-01  
  9.501295406796e-06  ,-8.137034424616e-01  ,-9.446423860849e-01  
  9.501512311824e-06  ,-9.498561028535e-01  ,-1.073600041104e+00  
  9.501879020087e-06  ,-1.179937578178e+00  ,-1.292667098386e+00  
  9.502492947929e-06  ,-1.564764588094e+00  ,-1.661429354631e+00  
  9.503080891870e-06  ,-1.932760428161e+00  ,-2.015967748312e+00  
  9.503641268663e-06  ,-2.282890001178e+00  ,-2.354482140770e+00  
  9.503915124066e-06  ,-2.453747216846e+00  ,-2.519986218800e+00  
  9.504004274920e-06  ,-2.509329479906e+00  ,-2.573862769070e+00  
  9.504161947832e-06  ,-2.607584249570e+00  ,-2.669145892633e+00  
  9.504320598632e-06  ,-2.706383813600e+00  ,-2.765005953152e+00  
  9.504637900233e-06  ,-2.903778794482e+00  ,-2.956656844671e+00  
  9.505218672991e-06  ,-3.264319121396e+00  ,-3.307064121498e+00  
  9.506380218506e-06  ,-3.982020143616e+00  ,-4.005430768364e+00  
  9.508703309536e-06  ,-5.400568114797e+00  ,-5.385339767086e+00  
  9.512892771006e-06  ,-7.881080093562e+00  ,-7.738357634887e+00  
  9.515784713864e-06  ,-9.516317527113e+00  ,-6.309281929877e+00  
  9.518748927355e-06  ,-1.111084427447e+01  ,-3.525694574012e+00  
  9.522253307939e-06  ,-1.287070823544e+01  ,-2.920368597504e+00  
  9.525239873171e-06  ,-1.424830590093e+01  ,-2.773692812747e+00  
  9.528910774231e-06  ,-1.576867728637e+01  ,-2.700681490168e+00  
  9.536252576351e-06  ,-1.816354113049e+01  ,-2.539269568632e+00  
  9.550936180592e-06  ,-1.999135056566e+01  ,-2.187233399522e+00  
  9.575937348843e-06  ,-1.371961134563e+01  ,-1.582148838374e+00  
  9.579062494874e-06  ,-1.222709069749e+01  ,-1.498334468492e+00  
  9.585312786937e-06  ,-8.904265084035e+00  ,-1.320919732521e+00  
  9.592673960567e-06  ,-4.562555474941e+00  ,-1.039230858360e+00  
  9.594514253974e-06  ,-3.429758986536e+00  ,-9.119102620514e-01  
  9.594974327326e-06  ,-3.144620303724e+00  ,-8.703401359096e-01  
  9.595894474030e-06  ,-2.572431872483e+00  ,-7.803258409360e-01  
  9.596851314843e-06  ,-1.975152425701e+00  ,-6.700574372132e-01  
  9.597891602159e-06  ,-1.323776953615e+00  ,-5.142719431389e-01  
  9.598418823868e-06  ,-9.930737419458e-01  ,-4.121277331558e-01  
  9.598594541155e-06  ,-8.827889300542e-01  ,-3.723397377556e-01  
  9.598758942872e-06  ,-7.795816438971e-01  ,-3.313739497620e-01  
  9.599087746307e-06  ,-5.731074382038e-01  ,-2.327340360495e-01  
  9.599550473928e-06  ,-2.824361724394e-01  ,-3.829585299725e-02  
  9.600074156612e-06  ,4.659393146419e-02  ,2.372818801226e-01  
  9.600599515677e-06  ,3.766645389113e-01  ,5.360288873804e-01  
  9.600877236068e-06  ,5.511139087028e-01  ,6.979353295702e-01  
  9.600956957281e-06  ,6.011834221242e-01  ,7.447405384404e-01  
  9.601064874284e-06  ,6.689554499762e-01  ,8.082857014442e-01  
  9.601191138342e-06  ,7.482396365328e-01  ,8.828793160803e-01  
  9.601443666458e-06  ,9.067714423231e-01  ,1.032732955248e+00  
  9.601948722690e-06  ,1.223653867005e+00  ,1.334409075708e+00  
  9.602559390903e-06  ,1.606380532192e+00  ,1.701409036173e+00  
  9.603185519069e-06  ,1.998181391488e+00  ,2.079094667000e+00  
  9.603690295905e-06  ,2.313490670896e+00  ,2.384056372006e+00  
  9.603968854487e-06  ,2.487248481264e+00  ,2.552403092778e+00  
  9.604048564058e-06  ,2.536934829982e+00  ,2.600572719771e+00  
  9.604195200797e-06  ,2.628297935109e+00  ,2.689182926767e+00  
  9.604355015751e-06  ,2.727808236268e+00  ,2.785740885789e+00  
  9.604663562920e-06  ,2.919731336268e+00  ,2.972090750126e+00  
  9.605212391313e-06  ,3.260425089803e+00  ,3.303209845158e+00  
  9.606310048100e-06  ,3.938803850752e+00  ,3.963275398085e+00  
  9.608505361673e-06  ,5.280710362299e+00  ,5.268774282838e+00  
  9.612711214419e-06  ,7.776107244894e+00  ,7.645861076263e+00  
  9.615649723407e-06  ,9.441631810310e+00  ,6.456159094723e+00  
  9.618768536445e-06  ,1.112108672922e+01  ,3.480590696535e+00  
  9.621982716914e-06  ,1.274011069482e+01  ,2.950078754320e+00  
  9.625174545642e-06  ,1.421947120177e+01  ,2.781932892117e+00  
  9.628559344407e-06  ,1.563189454897e+01  ,2.711161820228e+00  
  9.635328941938e-06  ,1.791300819900e+01  ,2.561938210291e+00  
  9.648868136998e-06  ,1.998735724528e+01  ,2.237457998036e+00  
  9.673869305249e-06  ,1.463546309217e+01  ,1.632148985597e+00  
  9.693237834569e-06  ,4.216907433660e+00  ,1.078756301647e+00  
  9.695506536361e-06  ,2.813958634725e+00  ,8.724045271391e-01  
  9.696073711809e-06  ,2.460708699491e+00  ,8.011522230738e-01  
  9.697028689977e-06  ,1.864219062205e+00  ,6.715223713529e-01  
  9.697837916162e-06  ,1.357432991175e+00  ,5.408104812652e-01  
  9.698292355012e-06  ,1.072430402952e+00  ,4.521063308742e-01  
  9.698391866829e-06  ,1.009990098187e+00  ,4.304966761101e-01  
  9.698514545295e-06  ,9.329999830268e-01  ,4.024625992163e-01  
  9.698759902228e-06  ,7.789793208780e-01  ,3.406404564210e-01  
  9.699250616092e-06  ,4.708083018483e-01  ,1.768335096325e-01  
  9.699754461605e-06  ,1.542747935231e-01  ,-6.303038430810e-02  
  9.700262125541e-06  ,-1.646964730361e-01  ,-3.421814558099e-01  
  9.700672466267e-06  ,-4.224915878195e-01  ,-5.782156473766e-01  
  9.700906274799e-06  ,-5.693523212433e-01  ,-7.149268130032e-01  
  9.700965844519e-06  ,-6.067648921445e-01  ,-7.499481287193e-01  
  9.701082329690e-06  ,-6.799167674872e-01  ,-8.186109741345e-01  
  9.701198791578e-06  ,-7.530449186806e-01  ,-8.874758916044e-01  
  9.701431715354e-06  ,-8.992700003721e-01  ,-1.025755697183e+00  
  9.701817841694e-06  ,-1.141562859261e+00  ,-1.256241819960e+00  
  9.702451979235e-06  ,-1.539100814932e+00  ,-1.637027580479e+00  
  9.703072798863e-06  ,-1.927699179341e+00  ,-2.011381672008e+00  
  9.703646586701e-06  ,-2.286209552223e+00  ,-2.358019208393e+00  
  9.703933247790e-06  ,-2.465048261724e+00  ,-2.531272040617e+00  
  9.704021863133e-06  ,-2.520292769939e+00  ,-2.584827083558e+00  
  9.704181934200e-06  ,-2.620034349651e+00  ,-2.681562803417e+00  
  9.704341143794e-06  ,-2.719173419758e+00  ,-2.777762680761e+00  
  9.704659562983e-06  ,-2.917245003835e+00  ,-2.970089734857e+00  
  9.705250021495e-06  ,-3.283750253769e+00  ,-3.326327877812e+00  
  9.706430938520e-06  ,-4.013245363185e+00  ,-4.036228183887e+00  
  9.708792772569e-06  ,-5.454669877944e+00  ,-5.438311736938e+00  
  9.713093992747e-06  ,-7.997123293103e+00  ,-7.839202670953e+00  
  9.715947937645e-06  ,-9.606395088849e+00  ,-6.164811901088e+00  
  9.718798529781e-06  ,-1.113674504198e+01  ,-3.542393575884e+00  
  9.722692948259e-06  ,-1.308090804356e+01  ,-2.877910180424e+00  
  9.725884404458e-06  ,-1.452955730244e+01  ,-2.743347970050e+00  
  9.729738589801e-06  ,-1.608325227570e+01  ,-2.678199660530e+00  
  9.737446960486e-06  ,-1.846481180777e+01  ,-2.511568846749e+00  
  9.752863701858e-06  ,-1.991911604074e+01  ,-2.139414796291e+00  
  9.777864870109e-06  ,-1.281378485225e+01  ,-1.535805424589e+00  
  9.780990016140e-06  ,-1.124685531700e+01  ,-1.445582662319e+00  
  9.787240308203e-06  ,-7.804160915672e+00  ,-1.256513610696e+00  
  9.793325942434e-06  ,-4.162776063967e+00  ,-9.975287291359e-01  
  9.794847350992e-06  ,-3.223384323070e+00  ,-8.836423681964e-01  
  9.795227703132e-06  ,-2.987301787822e+00  ,-8.479675900883e-01  
  9.795988407411e-06  ,-2.513890908320e+00  ,-7.709944084264e-01  
  9.796846341766e-06  ,-1.978261802647e+00  ,-6.707466688001e-01  
  9.797762949444e-06  ,-1.404423544282e+00  ,-5.361693963760e-01  
  9.798233826138e-06  ,-1.109150438782e+00  ,-4.502383508396e-01  
  9.798342453275e-06  ,-1.040996706770e+00  ,-4.279630934020e-01  
  9.798492582474e-06  ,-9.467843838402e-01  ,-3.953703419267e-01  
  9.798722688999e-06  ,-8.023428023063e-01  ,-3.402762796128e-01  
  9.799182902049e-06  ,-5.133414023662e-01  ,-1.981334174932e-01  
  9.799732196104e-06  ,-1.682641655007e-01  ,5.305742572109e-02  
  9.800240791362e-06  ,1.512922317118e-01  ,3.306188313419e-01  
  9.800682331394e-06  ,4.286886266711e-01  ,5.841091379521e-01  
  9.800926989835e-06  ,5.823625653851e-01  ,7.271325557968e-01  
  9.800990389619e-06  ,6.221797521552e-01  ,7.644058403607e-01  
  9.801105244976e-06  ,6.943063658372e-01  ,8.321102942858e-01  
  9.801230251748e-06  ,7.727975385334e-01  ,9.060368140766e-01  
  9.801480265293e-06  ,9.297429171924e-01  ,1.054515508494e+00  
  9.801896752749e-06  ,1.191059747063e+00  ,1.303271591048e+00  
  9.802481995855e-06  ,1.557904198095e+00  ,1.654800592991e+00  
  9.803074782673e-06  ,1.928939836937e+00  ,2.012231629124e+00  
  9.803628081415e-06  ,2.274658167679e+00  ,2.346455645249e+00  
  9.803903287236e-06  ,2.446365933446e+00  ,2.512771532801e+00  
  9.803993113298e-06  ,2.502371690187e+00  ,2.567055205022e+00  
  9.804154208820e-06  ,2.602763114273e+00  ,2.664405357802e+00  
  9.804310065653e-06  ,2.699826472296e+00  ,2.758576503707e+00  
  9.804621779319e-06  ,2.893756681422e+00  ,2.946853700954e+00  
  9.805216521915e-06  ,3.262985677118e+00  ,3.305692411083e+00  
  9.806406007107e-06  ,3.997897881390e+00  ,4.020797230553e+00  
  9.808784977492e-06  ,5.449957600330e+00  ,5.433105415710e+00  
  9.813028083142e-06  ,7.959148645082e+00  ,7.803739352762e+00  
  9.815873459872e-06  ,9.565324571352e+00  ,6.188956834329e+00  
  9.818723306950e-06  ,1.109745556475e+01  ,3.556752010866e+00  
  9.822549925145e-06  ,1.301279807412e+01  ,2.886774644134e+00  
  9.825697422918e-06  ,1.444857329629e+01  ,2.748737628966e+00  
  9.829520315822e-06  ,1.600135416034e+01  ,2.683094916690e+00  
  9.837166101631e-06  ,1.839629065503e+01  ,2.518180253869e+00  
  9.852457673248e-06  ,1.994041564138e+01  ,2.149450758208e+00  
  9.877458841499e-06  ,1.300861469449e+01  ,1.545658157259e+00  
  9.880583987530e-06  ,1.145689054490e+01  ,1.460737080402e+00  
  9.886834279593e-06  ,8.038411120039e+00  ,1.272484390800e+00  
  9.893512980040e-06  ,4.047759420811e+00  ,9.901441080912e-01  
  9.895182655152e-06  ,3.015285750969e+00  ,8.486735779926e-01  
  9.897468493279e-06  ,1.588916373984e+00  ,5.909191632905e-01  
  9.898527593311e-06  ,9.248105204536e-01  ,3.966921465873e-01  
  9.899363082793e-06  ,4.001601803959e-01  ,1.300978606962e-01  
  9.900216453668e-06  ,-1.360008023441e-01  ,-3.150445011455e-01  
  9.900796853896e-06  ,-5.006257754121e-01  ,-6.497852625763e-01  
  9.901138323318e-06  ,-7.150771953047e-01  ,-8.508129345846e-01  
  9.901232840918e-06  ,-7.744231444869e-01  ,-9.067957030347e-01  
  9.901332084980e-06  ,-8.367293983555e-01  ,-9.657005775913e-01  
  9.901517255191e-06  ,-9.529585956496e-01  ,-1.075908595879e+00  
  9.901692390401e-06  ,-1.062859329810e+00  ,-1.180453597423e+00  
  9.902042660821e-06  ,-1.282560946529e+00  ,-1.390265018116e+00  
  9.902536075521e-06  ,-1.591777945916e+00  ,-1.686996471570e+00  
  9.903053052682e-06  ,-1.915349682874e+00  ,-1.998820771275e+00  
  9.903554104228e-06  ,-2.228472428569e+00  ,-2.301512495993e+00  
  9.903816876892e-06  ,-2.392471457285e+00  ,-2.460332077192e+00  
  9.903999392834e-06  ,-2.506286185112e+00  ,-2.570646898608e+00  
  9.904083712451e-06  ,-2.558839275319e+00  ,-2.621608496098e+00  
  9.904214377008e-06  ,-2.640241732808e+00  ,-2.700573809720e+00  
  9.904475706123e-06  ,-2.802911808082e+00  ,-2.858465859746e+00  
  9.904784160160e-06  ,-2.994671888657e+00  ,-3.044730834321e+00  
  9.905401068233e-06  ,-3.377330447713e+00  ,-3.416770358991e+00  
  9.906634884380e-06  ,-4.138698726367e+00  ,-4.157766900828e+00  
  9.909102516674e-06  ,-5.641648593039e+00  ,-5.618998397154e+00  
  9.913795637392e-06  ,-8.399226976750e+00  ,-7.979799941098e+00  
  9.916574703954e-06  ,-9.949917762495e+00  ,-5.427301011025e+00  
  9.919191347860e-06  ,-1.134090159321e+01  ,-3.446357163820e+00  
  9.924424635671e-06  ,-1.388421165860e+01  ,-2.390182491560e+00  
  9.929775642656e-06  ,-1.609707981769e+01  ,-2.860932669112e+00  
  9.937923597597e-06  ,-1.857780433235e+01  ,-2.425891171518e+00  
  9.948831247591e-06  ,-1.998651981069e+01  ,-2.283162159621e+00  
  9.969838904642e-06  ,-1.623962757025e+01  ,-1.694386340340e+00  
  9.994840072893e-06  ,-3.227897420312e+00  ,-1.022657924380e+00  
  9.997006701730e-06  ,-1.877974091178e+00  ,-7.456740396637e-01  
  9.997548358940e-06  ,-1.538888963672e+00  ,-6.483408750295e-01  
  9.997974858113e-06  ,-1.271575938936e+00  ,-5.624815630982e-01  
  9.998099073261e-06  ,-1.193677677542e+00  ,-5.354499217602e-01  
  9.998276187532e-06  ,-1.082573977312e+00  ,-4.950990100077e-01  
  9.998576585628e-06  ,-8.940595837103e-01  ,-4.203439788524e-01  
  9.998998195358e-06  ,-6.293485112813e-01  ,-2.913632814603e-01  
  9.999546651222e-06  ,-2.848378083110e-01  ,-5.086187224120e-02  
  1.000017454890e-05  ,1.096717597747e-01  ,2.895023382489e-01  
  1.000075923321e-05  ,4.769950659175e-01  ,6.270884215696e-01  
  1.000098174946e-05  ,6.167535848773e-01  ,7.578712059321e-01  
  1.000104789665e-05  ,6.582939595024e-01  ,7.969227035552e-01  
  1.000116030728e-05  ,7.288811230596e-01  ,8.634410002976e-01  
  1.000130624553e-05  ,8.205079326770e-01  ,9.500548360557e-01  
  1.000154401218e-05  ,9.697510749748e-01  ,1.091686095491e+00  
  1.000196259511e-05  ,1.232353721247e+00  ,1.342213579711e+00  
  1.000251701144e-05  ,1.579837344370e+00  ,1.675636941417e+00  
  1.000308726025e-05  ,1.936743034926e+00  ,2.019699253927e+00  
  1.000362677542e-05  ,2.273842910202e+00  ,2.345724485108e+00  
  1.000389248175e-05  ,2.439627488110e+00  ,2.506348259839e+00  
  1.000398315765e-05  ,2.496165402818e+00  ,2.561161272192e+00  
  1.000414097026e-05  ,2.594515591891e+00  ,2.656553445785e+00  
  1.000429577935e-05  ,2.690932014858e+00  ,2.750115980321e+00  
  1.000460539754e-05  ,2.883571633421e+00  ,2.937174376496e+00  
  1.000517816092e-05  ,3.239203337632e+00  ,3.282846093704e+00  
  1.000632368769e-05  ,3.947205657769e+00  ,3.971833820020e+00  
  1.000861474122e-05  ,5.346965400388e+00  ,5.333716579352e+00  
  1.001273342218e-05  ,7.788961031824e+00  ,7.660065396934e+00  
  1.001566150035e-05  ,9.448154382262e+00  ,6.496340555884e+00  
  1.001878515627e-05  ,1.112976449041e+01  ,3.484821035239e+00  
  1.002195128049e-05  ,1.272487840655e+01  ,2.954278748780e+00  
  1.002510399367e-05  ,1.418826323889e+01  ,2.784476411442e+00  
  1.002845973517e-05  ,1.559277756391e+01  ,2.713399455462e+00  
  1.003517121818e-05  ,1.786871254516e+01  ,2.565576606695e+00  
  1.004859418418e-05  ,1.998049769228e+01  ,2.244256111076e+00  
  1.007359535243e-05  ,1.475223426601e+01  ,1.638611830656e+00  
  1.007672049846e-05  ,1.335745723204e+01  ,1.559931970853e+00  
  1.008297079052e-05  ,1.019662109994e+01  ,1.390916982727e+00  
  1.009547137465e-05  ,2.835829902091e+00  ,8.812620268301e-01  
  1.009573666188e-05  ,2.670732532073e+00  ,8.476677125577e-01  
  1.009626723636e-05  ,2.339992751415e+00  ,7.791644655657e-01  
  1.009695865024e-05  ,1.908030190721e+00  ,6.836468626076e-01  
  1.009759725812e-05  ,1.508253981576e+00  ,5.836965039422e-01  
  1.009793337244e-05  ,1.297588330828e+00  ,5.238756017408e-01  
  1.009804627202e-05  ,1.226792875848e+00  ,5.022831865052e-01  
  1.009823104642e-05  ,1.110894295336e+00  ,4.650519252924e-01  
  1.009850732326e-05  ,9.375327565401e-01  ,4.041297523967e-01  
  1.009897661671e-05  ,6.428999175211e-01  ,2.769802832205e-01  
  1.009955738946e-05  ,2.780914398244e-01  ,3.790509605530e-02  
  1.010021006032e-05  ,-1.319838364893e-01  ,-3.121717474796e-01  
  1.010082240492e-05  ,-5.166747621495e-01  ,-6.653111058172e-01  
  1.010100575905e-05  ,-6.318319030890e-01  ,-7.729818109098e-01  
  1.010107416469e-05  ,-6.747894909307e-01  ,-8.133169904559e-01  
  1.010118273362e-05  ,-7.429624657984e-01  ,-8.774931167664e-01  
  1.010134387571e-05  ,-8.441311887607e-01  ,-9.730558982311e-01  
  1.010159635726e-05  ,-1.002600446778e+00  ,-1.123397089239e+00  
  1.010205414887e-05  ,-1.289764160394e+00  ,-1.397407288436e+00  
  1.010261070724e-05  ,-1.638517267351e+00  ,-1.732167758085e+00  
  1.010323329638e-05  ,-2.028048301208e+00  ,-2.107841534286e+00  
  1.010366431247e-05  ,-2.297273621539e+00  ,-2.368272425002e+00  
  1.010391707342e-05  ,-2.454962772758e+00  ,-2.521039578818e+00  
  1.010399634061e-05  ,-2.504383522615e+00  ,-2.568946800947e+00  
  1.010413575960e-05  ,-2.591269270191e+00  ,-2.653204658727e+00  
  1.010429333938e-05  ,-2.689412867204e+00  ,-2.748424988876e+00  
  1.010460849894e-05  ,-2.885499924856e+00  ,-2.938799412131e+00  
  1.010503076059e-05  ,-3.147777334992e+00  ,-3.193658425177e+00  
  1.010587528390e-05  ,-3.670624285734e+00  ,-3.702247047000e+00  
  1.010756433053e-05  ,-4.708200967283e+00  ,-4.712173217904e+00  
  1.011094242377e-05  ,-6.740709837298e+00  ,-6.678911758795e+00  
  1.011527493639e-05  ,-9.233388647967e+00  ,-7.033395789669e+00  
  1.011802047534e-05  ,-1.072739598808e+01  ,-4.415133091542e+00  
  1.012082263870e-05  ,-1.216989684615e+01  ,-3.116734413658e+00  
  1.012642696542e-05  ,-1.476169913232e+01  ,-2.766795774313e+00  
  1.013166323347e-05  ,-1.677223639690e+01  ,-2.675042020134e+00  
  1.014152035160e-05  ,-1.929451864584e+01  ,-2.418766776398e+00  
  1.016123458786e-05  ,-1.876717622502e+01  ,-1.932636990963e+00  
  1.018623575611e-05  ,-8.381321523022e+00  ,-1.318476452439e+00  
  1.018936090214e-05  ,-6.560971991014e+00  ,-1.171674619415e+00  
  1.019561119420e-05  ,-2.748839209391e+00  ,-8.262828940440e-01  
  1.019717376722e-05  ,-1.773442148497e+00  ,-6.476446677548e-01  
  1.019756441047e-05  ,-1.528833193747e+00  ,-5.856123348397e-01  
  1.019792036196e-05  ,-1.305745726677e+00  ,-5.231987336958e-01  
  1.019804304042e-05  ,-1.228819517822e+00  ,-4.999789331822e-01  
  1.019824544010e-05  ,-1.101864325824e+00  ,-4.594137871750e-01  
  1.019860092593e-05  ,-8.787811497132e-01  ,-3.795900522182e-01  
  1.019930733410e-05  ,-4.351804718098e-01  ,-1.526672304703e-01  
  1.019992750181e-05  ,-4.555191988812e-02  ,1.553858761816e-01  
  1.020053910134e-05  ,3.387111685648e-01  ,5.005012897097e-01  
  1.020088215401e-05  ,5.542027628121e-01  ,7.003778963671e-01  
  1.020107538016e-05  ,6.755527573879e-01  ,8.141104176291e-01  
  1.020113267978e-05  ,7.115335133867e-01  ,8.479611762910e-01  
  1.020124727903e-05  ,7.834879917672e-01  ,9.158070087791e-01  
  1.020143200686e-05  ,8.994529724335e-01  ,1.025529930966e+00  
  1.020165182227e-05  ,1.037404783575e+00  ,1.156574908264e+00  
  1.020209145309e-05  ,1.313153412442e+00  ,1.419852844472e+00  
  1.020262538032e-05  ,1.647705469607e+00  ,1.741056959898e+00  
  1.020321118222e-05  ,2.014224696047e+00  ,2.094526633430e+00  
  1.020365430550e-05  ,2.291027560456e+00  ,2.362263881012e+00  
  1.020390576260e-05  ,2.447909563046e+00  ,2.514241763311e+00  
  1.020398660140e-05  ,2.498312242274e+00  ,2.563098738036e+00  
  1.020412802273e-05  ,2.586448950003e+00  ,2.648566821123e+00  
  1.020428327420e-05  ,2.683146034993e+00  ,2.742380795064e+00  
  1.020459377715e-05  ,2.876346420687e+00  ,2.929945863544e+00  
  1.020501859994e-05  ,3.140231571925e+00  ,3.186359280572e+00  
  1.020586824553e-05  ,3.666276971632e+00  ,3.698052187023e+00  
  1.020756753670e-05  ,4.710158824976e+00  ,4.714116517520e+00  
  1.021096611904e-05  ,6.754725065899e+00  ,6.692380188612e+00  
  1.021527702497e-05  ,9.234552702973e+00  ,7.032492144283e+00  
  1.021801921116e-05  ,1.072672559879e+01  ,4.415211322385e+00  
  1.022081802176e-05  ,1.216759467986e+01  ,3.117742083412e+00  
  1.022641564296e-05  ,1.475689825172e+01  ,2.766952141949e+00  
  1.023164520548e-05  ,1.676606338407e+01  ,2.675542424876e+00  
  1.024149636315e-05  ,1.929054526656e+01  ,2.419396587118e+00  
  1.026119867848e-05  ,1.877496330645e+01  ,1.933459678771e+00  
  1.028619984673e-05  ,8.401801961247e+00  ,1.319473624519e+00  
  1.028932499276e-05  ,6.582281747412e+00  ,1.173128369718e+00  
  1.029557528482e-05  ,2.771185860093e+00  ,8.293228336267e-01  
  1.029713785784e-05  ,1.795914665529e+00  ,6.522831018226e-01  
  1.029752850109e-05  ,1.551328726451e+00  ,5.909308332208e-01  
  1.029788463885e-05  ,1.328142506003e+00  ,5.292419625185e-01  
  1.029800715433e-05  ,1.251324030642e+00  ,5.063576667672e-01  
  1.029820361683e-05  ,1.128101794963e+00  ,4.675782184361e-01  
  1.029853265309e-05  ,9.216347543635e-01  ,3.955723814070e-01  
  1.029919072562e-05  ,5.084273090766e-01  ,1.999702603661e-01  
  1.029980111444e-05  ,1.249626697634e-01  ,-8.751836551415e-02  
  1.030041001314e-05  ,-2.576117293346e-01  ,-4.262059468025e-01  
  1.030083301985e-05  ,-5.233420679088e-01  ,-6.716027288575e-01  
  1.030118203299e-05  ,-7.425225481645e-01  ,-8.771748688478e-01  
  1.030127339573e-05  ,-7.998847406185e-01  ,-9.313140557479e-01  
  1.030135755237e-05  ,-8.527167509739e-01  ,-9.812765600769e-01  
  1.030149748359e-05  ,-9.405496563354e-01  ,-1.064533910192e+00  
  1.030164763607e-05  ,-1.034778047201e+00  ,-1.154094289187e+00  
  1.030194794103e-05  ,-1.223163655865e+00  ,-1.333782363957e+00  
  1.030254855096e-05  ,-1.599591506931e+00  ,-1.694779506346e+00  
  1.030314338669e-05  ,-1.971839546365e+00  ,-2.053592416100e+00  
  1.030371018961e-05  ,-2.325905892378e+00  ,-2.396040347690e+00  
  1.030395563967e-05  ,-2.479009611976e+00  ,-2.544387047977e+00  
  1.030403789874e-05  ,-2.530287599834e+00  ,-2.594100735463e+00  
  1.030417438406e-05  ,-2.615331265949e+00  ,-2.676582418557e+00  
  1.030433806400e-05  ,-2.717256285764e+00  ,-2.775483445487e+00  
  1.030464656461e-05  ,-2.909164988380e+00  ,-2.961820971829e+00  
  1.030514677796e-05  ,-3.219743606683e+00  ,-3.263661868547e+00  
  1.030614720467e-05  ,-3.838439038607e+00  ,-3.865615002579e+00  
  1.030814805809e-05  ,-5.063848620916e+00  ,-5.058110465193e+00  
  1.031213113848e-05  ,-7.439038902258e+00  ,-7.339073351195e+00  
  1.031520934585e-05  ,-9.196812105656e+00  ,-6.934753008257e+00  
  1.031779432479e-05  ,-1.060720083353e+01  ,-4.397260377703e+00  
  1.032041134122e-05  ,-1.196381078909e+01  ,-3.178979833095e+00  
  1.032535554651e-05  ,-1.429921527819e+01  ,-2.570931199478e+00  
  1.033027590993e-05  ,-1.628162882568e+01  ,-2.773540469982e+00  
  1.034011663679e-05  ,-1.904364890665e+01  ,-2.403346074474e+00  
  1.035341741327e-05  ,-1.988484639130e+01  ,-2.155294842437e+00  
  1.037841858152e-05  ,-1.254473645208e+01  ,-1.498372105630e+00  
  1.038154372755e-05  ,-1.095748234072e+01  ,-1.430976630164e+00  
  1.038779401961e-05  ,-7.482668939235e+00  ,-1.235379383951e+00  
  1.038935659263e-05  ,-6.563529830932e+00  ,-1.171651754459e+00  
  1.039248173866e-05  ,-4.680063420354e+00  ,-1.024090522850e+00  
  1.039553796682e-05  ,-2.794405370573e+00  ,-8.163981202221e-01  
  1.039630202386e-05  ,-2.318283842897e+00  ,-7.353897045784e-01  
  1.039760364029e-05  ,-1.504255336222e+00  ,-5.635016182615e-01  
  1.039816643852e-05  ,-1.151423647922e+00  ,-4.650678738786e-01  
  1.039836713854e-05  ,-1.025507210975e+00  ,-4.241862959571e-01  
  1.039856904927e-05  ,-8.987900566571e-01  ,-3.791725083476e-01  
  1.039897016991e-05  ,-6.469484556094e-01  ,-2.718182974503e-01  
  1.039950465593e-05  ,-3.112212959579e-01  ,-6.068190709927e-02  
  1.040007229704e-05  ,4.542553113890e-02  ,2.359662302611e-01  
  1.040061451304e-05  ,3.860859489382e-01  ,5.446102326712e-01  
  1.040089134868e-05  ,5.599777017042e-01  ,7.060789810283e-01  
  1.040096469033e-05  ,6.060400278080e-01  ,7.491531754236e-01  
  1.040108664702e-05  ,6.826278529709e-01  ,8.210011521061e-01  
  1.040121689248e-05  ,7.644098664151e-01  ,8.980015957951e-01  
  1.040147738341e-05  ,9.279341295155e-01  ,1.052688179806e+00  
  1.040199836526e-05  ,1.254785276407e+00  ,1.364077586249e+00  
  1.040260381806e-05  ,1.634203180869e+00  ,1.728094639490e+00  
  1.040328824702e-05  ,2.062393800101e+00  ,2.141068262369e+00  
  1.040368750501e-05  ,2.311748862781e+00  ,2.382304484061e+00  
  1.040394324619e-05  ,2.471282420463e+00  ,2.536862934853e+00  
  1.040401994060e-05  ,2.519094434027e+00  ,2.583211914555e+00  
  1.040415586713e-05  ,2.603796198647e+00  ,2.665352922511e+00  
  1.040431931425e-05  ,2.705584230043e+00  ,2.764110547168e+00  
  1.040461994517e-05  ,2.892616374871e+00  ,2.945693796788e+00  
  1.040508709658e-05  ,3.182728165651e+00  ,3.227607559078e+00  
  1.040602139938e-05  ,3.760832913363e+00  ,3.789993657819e+00  
  1.040789000500e-05  ,4.906827558397e+00  ,4.905310074552e+00  
  1.041162721622e-05  ,7.144212419235e+00  ,7.062408212071e+00  
  1.041480004597e-05  ,8.967690139807e+00  ,7.302778110262e+00  
  1.041723936606e-05  ,1.030999322980e+01  ,4.793544395517e+00  
  1.041959933746e-05  ,1.155111423642e+01  ,3.373781003434e+00  
  1.042431928027e-05  ,1.383648913023e+01  ,2.549812822810e+00  
  1.042913533557e-05  ,1.585507509896e+01  ,2.813862375710e+00  
  1.043829954970e-05  ,1.866399098114e+01  ,2.445352546381e+00  
  1.044948138106e-05  ,1.999734547463e+01  ,2.249702948386e+00  
  1.047184504378e-05  ,1.547214279921e+01  ,1.659741584989e+00  
  1.049684621203e-05  ,1.978342916688e+00  ,8.838512233748e-01  
  1.051430441249e-05  ,-8.688258251481e+00  ,-8.001766190081e+00  
  1.052305586446e-05  ,-1.325254632741e+01  ,-3.404621228832e+00  
  1.052550487030e-05  ,-1.436465534939e+01  ,-2.887508907995e+00  
  1.052940524924e-05  ,-1.595787715353e+01  ,-2.635664249448e+00  
  1.053720600713e-05  ,-1.840611381605e+01  ,-2.470583937255e+00  
  1.055014021504e-05  ,-1.999980596134e+01  ,-2.236242734649e+00  
  1.057514138329e-05  ,-1.407918138586e+01  ,-1.577229795542e+00  
  1.057826652933e-05  ,-1.261900015510e+01  ,-1.521037574415e+00  
  1.058451682139e-05  ,-9.349254292085e+00  ,-1.344035923328e+00  
  1.059264689494e-05  ,-4.579111237614e+00  ,-1.043358232158e+00  
  1.059467941332e-05  ,-3.327477864292e+00  ,-9.020719685350e-01  
  1.059504188407e-05  ,-3.102694063698e+00  ,-8.689795848863e-01  
  1.059576682556e-05  ,-2.651948679405e+00  ,-7.967641333374e-01  
  1.059667970795e-05  ,-2.082419899328e+00  ,-6.933984912753e-01  
  1.059783603806e-05  ,-1.358610315933e+00  ,-5.250618310305e-01  
  1.059841308552e-05  ,-9.966747862790e-01  ,-4.143770580045e-01  
  1.059860428605e-05  ,-8.766719589547e-01  ,-3.709377795633e-01  
  1.059877867620e-05  ,-7.671921017664e-01  ,-3.269715500222e-01  
  1.059912745650e-05  ,-5.481665916650e-01  ,-2.193115083957e-01  
  1.059959051009e-05  ,-2.572830025728e-01  ,-1.893602727170e-02  
  1.060009258609e-05  ,5.817347334501e-02  ,2.474433761309e-01  
  1.060063657160e-05  ,3.999430753329e-01  ,5.575117215416e-01  
  1.060088355835e-05  ,5.550847971125e-01  ,7.016179717848e-01  
  1.060095418753e-05  ,5.994439189005e-01  ,7.430848101380e-01  
  1.060108671473e-05  ,6.826703698424e-01  ,8.211429960372e-01  
  1.060120930006e-05  ,7.596428715250e-01  ,8.936029520695e-01  
  1.060145447073e-05  ,9.135529342221e-01  ,1.039139472653e+00  
  1.060194481207e-05  ,1.221201343771e+00  ,1.332049132720e+00  
  1.060254355935e-05  ,1.596465213663e+00  ,1.691861237642e+00  
  1.060316074682e-05  ,1.982693802419e+00  ,2.064126065901e+00  
  1.060374114705e-05  ,2.345223941540e+00  ,2.414778891422e+00  
  1.060400694651e-05  ,2.510994817171e+00  ,2.575413461663e+00  
  1.060408900767e-05  ,2.562138982098e+00  ,2.625002736247e+00  
  1.060422900874e-05  ,2.649354380840e+00  ,2.709600169653e+00  
  1.060440069805e-05  ,2.756240230050e+00  ,2.813327181313e+00  
  1.060465732399e-05  ,2.915853241938e+00  ,2.968313954083e+00  
  1.060517057586e-05  ,3.234500331632e+00  ,3.277993851646e+00  
  1.060619707960e-05  ,3.869189102720e+00  ,3.895509506435e+00  
  1.060825008709e-05  ,5.125840352905e+00  ,5.118296290492e+00  
  1.061230096776e-05  ,7.537983429410e+00  ,7.430276099731e+00  
  1.061533633429e-05  ,9.267591649339e+00  ,6.796747673720e+00  
  1.061806138415e-05  ,1.074908066409e+01  ,4.209103179693e+00  
  1.062078308124e-05  ,1.215016382339e+01  ,3.111411196318e+00  
  1.062586959261e-05  ,1.452316035717e+01  ,2.584301258540e+00  
  1.063085999149e-05  ,1.649200519164e+01  ,2.752259703881e+00  
  1.064084078926e-05  ,1.917772469749e+01  ,2.388443648832e+00  
  1.065551098246e-05  ,1.970099895683e+01  ,2.059254666264e+00  
  1.068051215071e-05  ,1.149385802655e+01  ,1.482496544280e+00  
  1.068363729674e-05  ,9.834147982190e+00  ,1.368542703987e+00  
  1.068988758880e-05  ,6.247474367005e+00  ,1.153036904731e+00  
  1.069145016182e-05  ,5.307658913282e+00  ,1.077491770234e+00  
  1.069457530785e-05  ,3.391959694844e+00  ,8.902150703442e-01  
  1.069535659436e-05  ,2.907201248213e+00  ,8.228555672492e-01  
  1.069691916737e-05  ,1.932723378690e+00  ,6.561870058373e-01  
  1.069817310009e-05  ,1.147244980750e+00  ,4.633150388017e-01  
  1.069882716793e-05  ,7.367453945917e-01  ,3.151752052297e-01  
  1.069909892786e-05  ,5.660847117366e-01  ,2.306972528537e-01  
  1.069942856948e-05  ,3.590210972414e-01  ,9.675296107210e-02  
  1.069988147165e-05  ,7.447338500207e-02  ,-1.314467283296e-01  
  1.070029684152e-05  ,-1.865083248948e-01  ,-3.620722190319e-01  
  1.070064082551e-05  ,-4.026153471410e-01  ,-5.597782320086e-01  
  1.070084520425e-05  ,-5.309950923265e-01  ,-6.789801350059e-01  
  1.070090611275e-05  ,-5.692505434069e-01  ,-7.146940353482e-01  
  1.070101735923e-05  ,-6.391168319206e-01  ,-7.801107185715e-01  
  1.070113013075e-05  ,-7.099329222968e-01  ,-8.466463325265e-01  
  1.070135567380e-05  ,-8.515374819818e-01  ,-9.802856245323e-01  
  1.070180675989e-05  ,-1.134611236860e+00  ,-1.249289314321e+00  
  1.070244834801e-05  ,-1.536826003729e+00  ,-1.634464772188e+00  
  1.070309189191e-05  ,-1.939639491068e+00  ,-2.022497671115e+00  
  1.070368048777e-05  ,-2.307369299672e+00  ,-2.378072512807e+00  
  1.070396086244e-05  ,-2.482265831863e+00  ,-2.547517060134e+00  
  1.070404642770e-05  ,-2.535603351940e+00  ,-2.599225466626e+00  
  1.070420107381e-05  ,-2.631956010678e+00  ,-2.692676362520e+00  
  1.070436491673e-05  ,-2.733970941616e+00  ,-2.791668308087e+00  
  1.070469260258e-05  ,-2.937780797786e+00  ,-2.989572482613e+00  
  1.070534564597e-05  ,-3.343002605124e+00  ,-3.383469794371e+00  
  1.070665173275e-05  ,-4.149055149305e+00  ,-4.167907741343e+00  
  1.070926390631e-05  ,-5.738861756299e+00  ,-5.713239566772e+00  
  1.071385569913e-05  ,-8.433460735785e+00  ,-7.953806553309e+00  
  1.071659714026e-05  ,-9.962144090021e+00  ,-5.391844603202e+00  
  1.071917764885e-05  ,-1.133381078966e+01  ,-3.454442523630e+00  
  1.072433866603e-05  ,-1.384528163583e+01  ,-2.406189578803e+00  
  1.072965614540e-05  ,-1.605240715944e+01  ,-2.481352986763e+00  
  1.073752991898e-05  ,-1.848477641775e+01  ,-2.628512721854e+00  
  1.075176648838e-05  ,-1.996920998847e+01  ,-2.082100212081e+00  
  1.077676765663e-05  ,-1.333538943922e+01  ,-1.630815233998e+00  
  1.077989280266e-05  ,-1.181012886950e+01  ,-1.472328583748e+00  
  1.078614309473e-05  ,-8.434147902339e+00  ,-1.277930211237e+00  
  1.079283446116e-05  ,-4.464311568085e+00  ,-1.022672269801e+00  
  1.079450730277e-05  ,-3.434061775653e+00  ,-9.078651693349e-01  
  1.079492551317e-05  ,-3.174905943936e+00  ,-8.710448822310e-01  
  1.079576193397e-05  ,-2.654994983077e+00  ,-7.915134479693e-01  
  1.079680427020e-05  ,-2.004564779543e+00  ,-6.746239802516e-01  
  1.079787957525e-05  ,-1.331317020485e+00  ,-5.155771591713e-01  
  1.079843967264e-05  ,-9.799900176917e-01  ,-4.071132426856e-01  
  1.079860649580e-05  ,-8.752848650387e-01  ,-3.690785251917e-01  
  1.079878517003e-05  ,-7.631148932941e-01  ,-3.240625799646e-01  
  1.079914251851e-05  ,-5.387063518812e-01  ,-2.131013098115e-01  
  1.079960398884e-05  ,-2.488147307369e-01  ,-1.194010964922e-02  
  1.080010103570e-05  ,6.348249552291e-02  ,2.522890856328e-01  
  1.080065237866e-05  ,4.098729074827e-01  ,5.667627581315e-01  
  1.080089778216e-05  ,5.640183822103e-01  ,7.100210395073e-01  
  1.080096646720e-05  ,6.071559547496e-01  ,7.503612847266e-01  
  1.080109496643e-05  ,6.878520243380e-01  ,8.260648180283e-01  
  1.080122132362e-05  ,7.671919918706e-01  ,9.007688083220e-01  
  1.080147403800e-05  ,9.258344088257e-01  ,1.050823571702e+00  
  1.080195795321e-05  ,1.229442659677e+00  ,1.339954290823e+00  
  1.080255139196e-05  ,1.601370834794e+00  ,1.696599861092e+00  
  1.080315609971e-05  ,1.979788297046e+00  ,2.061335470247e+00  
  1.080373268151e-05  ,2.339941501133e+00  ,2.409673905366e+00  
  1.080400146121e-05  ,2.507575533119e+00  ,2.572107997128e+00  
  1.080408341759e-05  ,2.558655533831e+00  ,2.621633649315e+00  
  1.080422386104e-05  ,2.646148455059e+00  ,2.706498116811e+00  
  1.080439433964e-05  ,2.752283182596e+00  ,2.809493688782e+00  
  1.080465338701e-05  ,2.913405973035e+00  ,2.965943318788e+00  
  1.080517148176e-05  ,3.235062029565e+00  ,3.278544660073e+00  
  1.080620767125e-05  ,3.875718096618e+00  ,3.901866479442e+00  
  1.080828005025e-05  ,5.144035675685e+00  ,5.135977988180e+00  
  1.081233614632e-05  ,7.558452141203e+00  ,7.449015420040e+00  
  1.081535921940e-05  ,9.280331469223e+00  ,6.769874487440e+00  
  1.081811630675e-05  ,1.077816575713e+01  ,4.170418756693e+00  
  1.082085998306e-05  ,1.218850862851e+01  ,3.098761466504e+00  
  1.082597480664e-05  ,1.456853197406e+01  ,2.587532064763e+00  
  1.083098085174e-05  ,1.653484595155e+01  ,2.747699990974e+00  
  1.084099294195e-05  ,1.920463599781e+01  ,2.385411786176e+00  
  1.085598052987e-05  ,1.964803365745e+01  ,2.092550825422e+00  
  1.088098169813e-05  ,1.125117663431e+01  ,1.434488033227e+00  
  1.088410684416e-05  ,9.576190950701e+00  ,1.355083203952e+00  
  1.089035713622e-05  ,5.966542751862e+00  ,1.134308920994e+00  
  1.089191970924e-05  ,5.022645121495e+00  ,1.057800698021e+00  
  1.089504485527e-05  ,3.100849792613e+00  ,8.568244550092e-01  
  1.089582614177e-05  ,2.615003710140e+00  ,7.824278645125e-01  
  1.089711378837e-05  ,1.810976351605e+00  ,6.331720804310e-01  
  1.089785176837e-05  ,1.348749331028e+00  ,5.208902619106e-01  
  1.089836455458e-05  ,1.027128618381e+00  ,4.235701560747e-01  
  1.089851221578e-05  ,9.344620658044e-01  ,3.912336024367e-01  
  1.089865822387e-05  ,8.428131544012e-01  ,3.567692013824e-01  
  1.089895024007e-05  ,6.594640610521e-01  ,2.771593362316e-01  
  1.089953427245e-05  ,2.926148065126e-01  ,4.602855768328e-02  
  1.090008775746e-05  ,-5.513956898158e-02  ,-2.448987983116e-01  
  1.090065670242e-05  ,-4.125890305324e-01  ,-5.692742454310e-01  
  1.090091356119e-05  ,-5.739286237000e-01  ,-7.192736487180e-01  
  1.090098265368e-05  ,-6.173214532985e-01  ,-7.598741190976e-01  
  1.090111229378e-05  ,-6.987325759412e-01  ,-8.362871042271e-01  
  1.090124153807e-05  ,-7.798836015732e-01  ,-9.127342046421e-01  
  1.090150002665e-05  ,-9.421457431083e-01  ,-1.066290483383e+00  
  1.090201402358e-05  ,-1.264604158712e+00  ,-1.373563895752e+00  
  1.090262022145e-05  ,-1.644475050162e+00  ,-1.738055532120e+00  
  1.090328043602e-05  ,-2.057512104182e+00  ,-2.136415226273e+00  
  1.090367350071e-05  ,-2.303008457726e+00  ,-2.373901022050e+00  
  1.090392225697e-05  ,-2.458195034648e+00  ,-2.524235089882e+00  
  1.090399947526e-05  ,-2.506337564176e+00  ,-2.570900336350e+00  
  1.090413451703e-05  ,-2.590495118777e+00  ,-2.652506641855e+00  
  1.090429547285e-05  ,-2.690741187271e+00  ,-2.749760134206e+00  
  1.090461738450e-05  ,-2.891024364875e+00  ,-2.944199086995e+00  
  1.090507154395e-05  ,-3.173080314411e+00  ,-3.218276448848e+00  
  1.090597986286e-05  ,-3.735197116476e+00  ,-3.765087528311e+00  
  1.090779650068e-05  ,-4.849851578477e+00  ,-4.849939145661e+00  
  1.091142977630e-05  ,-7.028205248751e+00  ,-6.952691071157e+00  
  1.091471548235e-05  ,-8.920166204295e+00  ,-7.386408799298e+00  
  1.091716448819e-05  ,-1.026965051682e+01  ,-4.862722199241e+00  
  1.091949428474e-05  ,-1.149716687762e+01  ,-3.407037286165e+00  
  1.092415387785e-05  ,-1.376126169163e+01  ,-2.548822116257e+00  
  1.092901463663e-05  ,-1.580873515479e+01  ,-2.819825204172e+00  
  1.093785847580e-05  ,-1.856261155405e+01  ,-2.456168251503e+00  
  1.094887788450e-05  ,-1.998757404169e+01  ,-2.264115668385e+00  
  1.097091670191e-05  ,-1.583512426815e+01  ,-1.682263213422e+00  
  1.099591787016e-05  ,-2.557853062594e+00  ,-9.494571463249e-01  
  1.099904301619e-05  ,-6.012000847980e-01  ,-2.851254919949e-01  
  1.099982430270e-05  ,-1.103933115122e-01  ,9.224576585420e-02  
  1.100091711660e-05  ,5.761616345425e-01  ,7.188562394299e-01  
  1.100140019362e-05  ,8.794839063826e-01  ,1.005358204436e+00  
  1.100151613164e-05  ,9.522534511331e-01  ,1.074512204717e+00  
  1.100163211623e-05  ,1.025039582880e+00  ,1.143812929503e+00  
  1.100180711174e-05  ,1.134831956936e+00  ,1.248569235448e+00  
  1.100211621770e-05  ,1.328679502893e+00  ,1.434091272666e+00  
  1.100257671015e-05  ,1.617227140296e+00  ,1.711326683416e+00  
  1.100310700522e-05  ,1.949090486165e+00  ,2.031400069316e+00  
  1.100361262025e-05  ,2.265006397089e+00  ,2.336984531924e+00  
  1.100384712727e-05  ,2.411340767136e+00  ,2.478764955280e+00  
  1.100393814077e-05  ,2.468099143352e+00  ,2.533789728854e+00  
  1.100408752491e-05  ,2.561215010992e+00  ,2.624100102106e+00  
  1.100423316048e-05  ,2.651939986399e+00  ,2.712132968805e+00  
  1.100452443162e-05  ,2.833221499107e+00  ,2.888144536051e+00  
  1.100510697389e-05  ,3.195057671173e+00  ,3.239819427041e+00  
  1.100627205843e-05  ,3.915398910419e+00  ,3.940818304166e+00  
  1.100848190063e-05  ,5.266491037701e+00  ,5.255534762506e+00  
  1.101247541183e-05  ,7.639393164339e+00  ,7.525294873914e+00  
  1.101539603943e-05  ,9.300818589821e+00  ,6.773024560048e+00  
  1.101806632751e-05  ,1.075169981038e+01  ,4.213943676914e+00  
  1.102081819946e-05  ,1.216768329019e+01  ,2.995519063617e+00  
  1.102571174079e-05  ,1.445479220601e+01  ,2.531656635420e+00  
  1.103104561144e-05  ,1.655770297192e+01  ,2.772371169253e+00  
  1.104155540043e-05  ,1.930030433429e+01  ,2.354296949024e+00  
  1.105600654656e-05  ,1.964497383920e+01  ,2.043536050679e+00  
  1.108100771481e-05  ,1.123765807222e+01  ,1.472830668333e+00  
  1.108413286084e-05  ,9.561836622543e+00  ,1.353446990051e+00  
  1.109038315290e-05  ,5.950938368438e+00  ,1.131356003949e+00  
  1.109194572592e-05  ,5.006820550220e+00  ,1.052145356633e+00  
  1.109507087195e-05  ,3.084699663305e+00  ,8.516033167942e-01  
  1.109585215846e-05  ,2.598796406130e+00  ,7.777920557418e-01  
  1.109714166769e-05  ,1.793530521024e+00  ,6.283270339927e-01  
  1.109785673717e-05  ,1.345634437582e+00  ,5.192805232168e-01  
  1.109839597294e-05  ,1.007413437766e+00  ,4.163857560641e-01  
  1.109857532238e-05  ,8.948525103671e-01  ,3.762739764673e-01  
  1.109874687200e-05  ,7.871601762458e-01  ,3.340096298785e-01  
  1.109908997124e-05  ,5.717100463604e-01  ,2.317054289509e-01  
  1.109955879902e-05  ,2.772058745584e-01  ,3.417528720696e-02  
  1.110008602073e-05  ,-5.404835319089e-02  ,-2.439194356321e-01  
  1.110061929604e-05  ,-3.890906279138e-01  ,-5.475186952982e-01  
  1.110089915847e-05  ,-5.648827978794e-01  ,-7.108114709561e-01  
  1.110097284937e-05  ,-6.111641282816e-01  ,-7.541025828291e-01  
  1.110108669191e-05  ,-6.826560416030e-01  ,-8.211730092419e-01  
  1.110121253688e-05  ,-7.616751487960e-01  ,-8.955586741679e-01  
  1.110146422680e-05  ,-9.196764123401e-01  ,-1.044977562216e+00  
  1.110196760665e-05  ,-1.235496566003e+00  ,-1.345732293570e+00  
  1.110257399078e-05  ,-1.615524099743e+00  ,-1.710203828322e+00  
  1.110319741811e-05  ,-2.005620233262e+00  ,-2.086277925204e+00  
  1.110367984321e-05  ,-2.306967009199e+00  ,-2.377735609058e+00  
  1.110395039241e-05  ,-2.475738053836e+00  ,-2.541240891837e+00  
  1.110403028825e-05  ,-2.525544139434e+00  ,-2.589523435907e+00  
  1.110417506234e-05  ,-2.615753783153e+00  ,-2.677009044534e+00  
  1.110433441164e-05  ,-2.714982696190e+00  ,-2.773287705028e+00  
  1.110465311022e-05  ,-2.913233916306e+00  ,-2.965773438090e+00  
  1.110518238084e-05  ,-3.241819754082e+00  ,-3.285111561027e+00  
  1.110624092208e-05  ,-3.896212052859e+00  ,-3.921808488749e+00  
  1.110835800456e-05  ,-5.191352534661e+00  ,-5.181952005802e+00  
  1.111248115586e-05  ,-7.642728458569e+00  ,-7.525970247467e+00  
  1.111547442661e-05  ,-9.344392713981e+00  ,-6.649028518382e+00  
  1.111828068779e-05  ,-1.086502412901e+01  ,-4.064261759414e+00  
  1.112115065144e-05  ,-1.233279727872e+01  ,-3.051556081590e+00  
  1.112624237822e-05  ,-1.468319905502e+01  ,-2.601167488114e+00  
  1.113137508319e-05  ,-1.667292716479e+01  ,-2.733756156893e+00  
  1.114164049314e-05  ,-1.931425363548e+01  ,-2.370949175779e+00  
  1.115777547048e-05  ,-1.940626519300e+01  ,-2.048923538738e+00  
  1.118277663873e-05  ,-1.030137495249e+01  ,-1.388097127232e+00  
  1.118590178476e-05  ,-8.571382494422e+00  ,-1.297616742033e+00  
  1.119215207683e-05  ,-4.881190605880e+00  ,-1.049391141222e+00  
  1.119371464984e-05  ,-3.923588408340e+00  ,-9.550347106326e-01  
  1.119644864039e-05  ,-2.226758663830e+00  ,-7.244093235115e-01  
  1.119689325379e-05  ,-1.948928518689e+00  ,-6.683034261402e-01  
  1.119778248058e-05  ,-1.392181798126e+00  ,-5.352752215752e-01  
  1.119811710478e-05  ,-1.182368143665e+00  ,-4.748724503194e-01  
  1.119823971340e-05  ,-1.105457036395e+00  ,-4.507113919328e-01  
  1.119840481361e-05  ,-1.001865691777e+00  ,-4.161848047652e-01  
  1.119865897154e-05  ,-8.423437992238e-01  ,-3.575338608597e-01  
  1.119916728740e-05  ,-5.231490802702e-01  ,-2.047342528581e-01  
  1.119970289101e-05  ,-1.866763705529e-01  ,3.766456122152e-02  
  1.120024892544e-05  ,1.564028725740e-01  ,3.350931863845e-01  
  1.120070713615e-05  ,4.442701998461e-01  ,5.984752193117e-01  
  1.120096073528e-05  ,6.035561346120e-01  ,7.469108854086e-01  
  1.120102777887e-05  ,6.456603049519e-01  ,7.863745144344e-01  
  1.120113687167e-05  ,7.141656775729e-01  ,8.507507561396e-01  
  1.120127158748e-05  ,7.987494876665e-01  ,9.304964105743e-01  
  1.120151852766e-05  ,9.537572007857e-01  ,1.077275226019e+00  
  1.120190116154e-05  ,1.193824942227e+00  ,1.305894038493e+00  
  1.120249022307e-05  ,1.563057748137e+00  ,1.659744360782e+00  
  1.120307257907e-05  ,1.927561722802e+00  ,2.010897518533e+00  
  1.120362280445e-05  ,2.271364034222e+00  ,2.343266791531e+00  
  1.120389754461e-05  ,2.442784788234e+00  ,2.509302576119e+00  
  1.120398819722e-05  ,2.499307069536e+00  ,2.564086346503e+00  
  1.120415031720e-05  ,2.600338709164e+00  ,2.662056679102e+00  
  1.120430500988e-05  ,2.696678875898e+00  ,2.755525624831e+00  
  1.120461439523e-05  ,2.889165867116e+00  ,2.942399895885e+00  
  1.120522189695e-05  ,3.266317614519e+00  ,3.308939592626e+00  
  1.120643690038e-05  ,4.016915050018e+00  ,4.039320134077e+00  
  1.120886690724e-05  ,5.499469360417e+00  ,5.481171965394e+00  
  1.121313012946e-05  ,8.017929372163e+00  ,7.851822025958e+00  
  1.121595017422e-05  ,9.607627626249e+00  ,6.098741444655e+00  
  1.121873296607e-05  ,1.110250407140e+01  ,3.566964962430e+00  
  1.122285984266e-05  ,1.316005193467e+01  ,2.855661750610e+00  
  1.122619323242e-05  ,1.466221529840e+01  ,2.726413995779e+00  
  1.123014055002e-05  ,1.623208941035e+01  ,2.666768012994e+00  
  1.123803518522e-05  ,1.860365667897e+01  ,2.498149653457e+00  
  1.125382445562e-05  ,1.985581619326e+01  ,2.115530579424e+00  
  1.127882562387e-05  ,1.234452905122e+01  ,1.512473844677e+00  
  1.128195076991e-05  ,1.074263997636e+01  ,1.418397857531e+00  
  1.128820106197e-05  ,7.244885401841e+00  ,1.221877754996e+00  
  1.128976363498e-05  ,6.321411998324e+00  ,1.158210609886e+00  
  1.129288878101e-05  ,4.431036047256e+00  ,1.003341194363e+00  
  1.129623111147e-05  ,2.362533283959e+00  ,7.535489907749e-01  
  1.129686878804e-05  ,1.964227065949e+00  ,6.741187893037e-01  
  1.129814414117e-05  ,1.165409967406e+00  ,4.720474694042e-01  
  1.129861259643e-05  ,8.714553836170e-01  ,3.714493817098e-01  
  1.129882759224e-05  ,7.364789732823e-01  ,3.158510836663e-01  
  1.129907499808e-05  ,5.811140473643e-01  ,2.393919734917e-01  
  1.129956980977e-05  ,2.702882660382e-01  ,2.973651345666e-02  
  1.130004916150e-05  ,-3.088906761813e-02  ,-2.231074205608e-01  
  1.130057917717e-05  ,-3.638876718436e-01  ,-5.240469569171e-01  
  1.130085652504e-05  ,-5.381056099933e-01  ,-6.856271430174e-01  
  1.130100393012e-05  ,-6.306833242305e-01  ,-7.722186299982e-01  
  1.130106657320e-05  ,-6.700223138092e-01  ,-8.091392186836e-01  
  1.130117532840e-05  ,-7.383128170629e-01  ,-8.733879603114e-01  
  1.130138666877e-05  ,-8.709941319891e-01  ,-9.987191830053e-01  
  1.130166294561e-05  ,-1.044384315084e+00  ,-1.163331426857e+00  
  1.130221549930e-05  ,-1.390915594974e+00  ,-1.494424624519e+00  
  1.130276656286e-05  ,-1.736095023103e+00  ,-1.826196434353e+00  
  1.130332666026e-05  ,-2.086399372865e+00  ,-2.164279292932e+00  
  1.130371893333e-05  ,-2.331362369656e+00  ,-2.401303433374e+00  
  1.130395474420e-05  ,-2.478451311552e+00  ,-2.543814758628e+00  
  1.130402697991e-05  ,-2.523482076167e+00  ,-2.587469495254e+00  
  1.130415433827e-05  ,-2.602843760794e+00  ,-2.664433301728e+00  
  1.130430658623e-05  ,-2.697660282031e+00  ,-2.756425893597e+00  
  1.130459487714e-05  ,-2.877030375070e+00  ,-2.930563244913e+00  
  1.130498258672e-05  ,-3.117882451383e+00  ,-3.164579829386e+00  
  1.130575800590e-05  ,-3.598163263396e+00  ,-3.631700562546e+00  
  1.130730884425e-05  ,-4.552035647033e+00  ,-4.560153283060e+00  
  1.131041052095e-05  ,-6.425132647511e+00  ,-6.376042585577e+00  
  1.131610499970e-05  ,-9.692833764134e+00  ,-6.286817511424e+00  
  1.131925696782e-05  ,-1.137483827304e+01  ,-3.762114641041e+00  
  1.132262314014e-05  ,-1.304769717023e+01  ,-2.909348105465e+00  
  1.132832432441e-05  ,-1.553935635547e+01  ,-2.584509084526e+00  
  1.133427361302e-05  ,-1.760830632718e+01  ,-2.658155273435e+00  
  1.134617219023e-05  ,-1.985556348145e+01  ,-2.257397420289e+00  
  1.136801133208e-05  ,-1.688274227104e+01  ,-1.809061170655e+00  
  1.139301250033e-05  ,-4.355199458798e+00  ,-1.056365128080e+00  
  1.139613764636e-05  ,-2.420837710393e+00  ,-7.596653059317e-01  
  1.139691893287e-05  ,-1.932870034130e+00  ,-6.640971243462e-01  
  1.139805831290e-05  ,-1.219241524363e+00  ,-4.871815380834e-01  
  1.139860257782e-05  ,-8.777442397990e-01  ,-3.730732717242e-01  
  1.139880707297e-05  ,-7.493627136850e-01  ,-3.208138603962e-01  
  1.139904847178e-05  ,-5.977737739135e-01  ,-2.477955303354e-01  
  1.139953126941e-05  ,-2.945014749820e-01  ,-4.799159757696e-02  
  1.140003632564e-05  ,2.282406609501e-02  ,2.164526518212e-01  
  1.140054883245e-05  ,3.448245126247e-01  ,5.069367089483e-01  
  1.140082650628e-05  ,5.192508572698e-01  ,6.684826164593e-01  
  1.140101521551e-05  ,6.377705804498e-01  ,7.792953861206e-01  
  1.140107089114e-05  ,6.727338248523e-01  ,8.121161516854e-01  
  1.140118224240e-05  ,7.426540323038e-01  ,8.779066595834e-01  
  1.140135383858e-05  ,8.503854249254e-01  ,9.796382900241e-01  
  1.140157297878e-05  ,9.879295151652e-01  ,1.110066447472e+00  
  1.140201125919e-05  ,1.262870706951e+00  ,1.372225908870e+00  
  1.140255794554e-05  ,1.605475314305e+00  ,1.700873720875e+00  
  1.140312428279e-05  ,1.959894342269e+00  ,2.042460929943e+00  
  1.140366957216e-05  ,2.300556478033e+00  ,2.371879223008e+00  
  1.140392359039e-05  ,2.459026493256e+00  ,2.525394949765e+00  
  1.140400905088e-05  ,2.512306564057e+00  ,2.577041346360e+00  
  1.140415545479e-05  ,2.603539320678e+00  ,2.665514440944e+00  
  1.140431806371e-05  ,2.704805717507e+00  ,2.763766513533e+00  
  1.140464328155e-05  ,2.907124109816e+00  ,2.960198630571e+00  
  1.140515653343e-05  ,3.225793043710e+00  ,3.269895922426e+00  
  1.140618303717e-05  ,3.860532288276e+00  ,3.887466155085e+00  
  1.140823604465e-05  ,5.117311429707e+00  ,5.110457848750e+00  
  1.141229959131e-05  ,7.537182353282e+00  ,7.430912011845e+00  
  1.141535507441e-05  ,9.278024366523e+00  ,6.821192964904e+00  
  1.141806075276e-05  ,1.074874611572e+01  ,4.232288902220e+00  
  1.142077164651e-05  ,1.214445617250e+01  ,3.116959618915e+00  
  1.142585294247e-05  ,1.451596573590e+01  ,2.580080181019e+00  
  1.143082695008e-05  ,1.648025174588e+01  ,2.754049441608e+00  
  1.144077496529e-05  ,1.916594656400e+01  ,2.389583877007e+00  
  1.145526336432e-05  ,1.972720471952e+01  ,2.065013478428e+00  
  1.148026453257e-05  ,1.162083334757e+01  ,1.488977048163e+00  
  1.148338967860e-05  ,9.969324644725e+00  ,1.375950917082e+00  
  1.148963997067e-05  ,6.395081421227e+00  ,1.163189343294e+00  
  1.149120254368e-05  ,5.457501139657e+00  ,1.089543981691e+00  
  1.149432768971e-05  ,3.545184699764e+00  ,9.083275287933e-01  
  1.149510897622e-05  ,3.061042319625e+00  ,8.442863880485e-01  
  1.149667154924e-05  ,2.087518237482e+00  ,6.866036507614e-01  
  1.149795137272e-05  ,1.286302045213e+00  ,5.039404803511e-01  
  1.149858513773e-05  ,8.886914788093e-01  ,3.758092703265e-01  
  1.149879899268e-05  ,7.544361232092e-01  ,3.218999234858e-01  
  1.149905166049e-05  ,5.957711411977e-01  ,2.459860641836e-01  
  1.149955699612e-05  ,2.783385612765e-01  ,3.546372709571e-02  
  1.150005506743e-05  ,-3.459987138866e-02  ,-2.266160420012e-01  
  1.150058685262e-05  ,-3.687094894100e-01  ,-5.286246059069e-01  
  1.150086559747e-05  ,-5.438039017880e-01  ,-6.910499052863e-01  
  1.150100524929e-05  ,-6.315117716088e-01  ,-7.730906794823e-01  
  1.150106985979e-05  ,-6.720861770026e-01  ,-8.111670607055e-01  
  1.150117816097e-05  ,-7.400913579128e-01  ,-8.751463872031e-01  
  1.150139476332e-05  ,-8.760752302764e-01  ,-1.003602114002e+00  
  1.150168626728e-05  ,-1.059017476966e+00  ,-1.177320069904e+00  
  1.150226927521e-05  ,-1.424620188663e+00  ,-1.526788744964e+00  
  1.150282341214e-05  ,-1.771676863022e+00  ,-1.860514615839e+00  
  1.150337913232e-05  ,-2.119185806723e+00  ,-2.196004579998e+00  
  1.150376497927e-05  ,-2.360094201932e+00  ,-2.429154583062e+00  
  1.150405285108e-05  ,-2.539606661399e+00  ,-2.603125856910e+00  
  1.150413103561e-05  ,-2.588326087014e+00  ,-2.650372041558e+00  
  1.150425061742e-05  ,-2.662811256259e+00  ,-2.722629343708e+00  
  1.150441753371e-05  ,-2.766717067383e+00  ,-2.823470610753e+00  
  1.150461245953e-05  ,-2.887962378235e+00  ,-2.941198056111e+00  
  1.150500231116e-05  ,-3.130123557106e+00  ,-3.176494134034e+00  
  1.150578201442e-05  ,-3.613001099623e+00  ,-3.646151691655e+00  
  1.150734142094e-05  ,-4.571964583871e+00  ,-4.579556123887e+00  
  1.151046023397e-05  ,-6.454704680006e+00  ,-6.404485284616e+00  
  1.151621431737e-05  ,-9.752857282125e+00  ,-6.195284707468e+00  
  1.151938230424e-05  ,-1.143952404415e+01  ,-3.707876914128e+00  
  1.152281031637e-05  ,-1.313660345784e+01  ,-2.896564985633e+00  
  1.152856588988e-05  ,-1.563445962997e+01  ,-2.588399551376e+00  
  1.153458744912e-05  ,-1.770095669222e+01  ,-2.647098724382e+00  
  1.154663056760e-05  ,-1.988805423209e+01  ,-2.248032757207e+00  
  1.156953365235e-05  ,-1.635082706716e+01  ,-1.771482377797e+00  
  1.159453482060e-05  ,-3.417027306767e+00  ,-9.864380937777e-01  
  1.159673125176e-05  ,-2.050207278353e+00  ,-7.498243494880e-01  
  1.160112411408e-05  ,7.061549069371e-01  ,8.340401205611e-01  
  1.160292585074e-05  ,1.835778610227e+00  ,1.918265247836e+00  
  1.160341358437e-05  ,2.140709556917e+00  ,2.213583232435e+00  
  1.160383957131e-05  ,2.406627782207e+00  ,2.471537017223e+00  
  1.160408306560e-05  ,2.558436187069e+00  ,2.618935470544e+00  
  1.160415986479e-05  ,2.606286601489e+00  ,2.665415477579e+00  
  1.160431346316e-05  ,2.701941636695e+00  ,2.758357357673e+00  
  1.160452969298e-05  ,2.836493936479e+00  ,2.889146782562e+00  
  1.160475139432e-05  ,2.974315017254e+00  ,3.023171704976e+00  
  1.160519479700e-05  ,3.249517644648e+00  ,3.290940294281e+00  
  1.160608160236e-05  ,3.797978020856e+00  ,3.824973027858e+00  
  1.160785521307e-05  ,4.885632342781e+00  ,4.884072844769e+00  
  1.161140243449e-05  ,7.012118962270e+00  ,6.937477302875e+00  
  1.161468106248e-05  ,8.900804527102e+00  ,7.432203574873e+00  
  1.161711404957e-05  ,1.024244314365e+01  ,4.911098584509e+00  
  1.161941553392e-05  ,1.145664408610e+01  ,3.433921123762e+00  
  1.162401850261e-05  ,1.369941445540e+01  ,2.550360098292e+00  
  1.162887777128e-05  ,1.575591346903e+01  ,2.823823967601e+00  
  1.163751150407e-05  ,1.848035556470e+01  ,2.465497325638e+00  
  1.164836103954e-05  ,1.997349421035e+01  ,2.275879995317e+00  
  1.167006011047e-05  ,1.615811126945e+01  ,1.703459135321e+00  
  1.169506127872e-05  ,3.090655000840e+00  ,9.998851783482e-01  
  1.169723498561e-05  ,1.735125758177e+00  ,7.137690498193e-01  
  1.169777841233e-05  ,1.394731743144e+00  ,6.068025832202e-01  
  1.169831206017e-05  ,1.060066895976e+00  ,4.892417529355e-01  
  1.169858386666e-05  ,8.894893255209e-01  ,4.207726999701e-01  
  1.169884896763e-05  ,7.230573637575e-01  ,3.435436430079e-01  
  1.169937916957e-05  ,3.900545302049e-01  ,1.333423032334e-01  
  1.169992892929e-05  ,4.465500707819e-02  ,-1.518283265155e-01  
  1.170043854900e-05  ,-2.755397477769e-01  ,-4.404226109102e-01  
  1.170076944791e-05  ,-4.834113006022e-01  ,-6.329360890368e-01  
  1.170107226745e-05  ,-6.735980950160e-01  ,-8.112395601090e-01  
  1.170114933439e-05  ,-7.219911903533e-01  ,-8.568604759705e-01  
  1.170123919538e-05  ,-7.784127600735e-01  ,-9.101553887427e-01  
  1.170141281719e-05  ,-8.874077844886e-01  ,-1.013403639695e+00  
  1.170157356347e-05  ,-9.882964345249e-01  ,-1.109274601737e+00  
  1.170186190093e-05  ,-1.169199862977e+00  ,-1.281792931824e+00  
  1.170243857587e-05  ,-1.530704071896e+00  ,-1.628362690660e+00  
  1.170299438919e-05  ,-1.878656504322e+00  ,-1.963602361256e+00  
  1.170352198342e-05  ,-2.208414875290e+00  ,-2.282374578286e+00  
  1.170381809744e-05  ,-2.393232839658e+00  ,-2.461377587345e+00  
  1.170405819240e-05  ,-2.542935510290e+00  ,-2.606516307912e+00  
  1.170413328028e-05  ,-2.589724589919e+00  ,-2.651903557259e+00  
  1.170427053394e-05  ,-2.675213243146e+00  ,-2.734858964322e+00  
  1.170447831201e-05  ,-2.804532966942e+00  ,-2.860408576500e+00  
  1.170470476309e-05  ,-2.945338379481e+00  ,-2.997184770485e+00  
  1.170515766526e-05  ,-3.226494884355e+00  ,-3.270492755170e+00  
  1.170606346960e-05  ,-3.786791571434e+00  ,-3.815682565292e+00  
  1.170787507827e-05  ,-4.897734925437e+00  ,-4.897059033007e+00  
  1.171149829561e-05  ,-7.068495101276e+00  ,-6.992247852300e+00  
  1.171467522318e-05  ,-8.897518802746e+00  ,-7.468751537866e+00  
  1.171705382104e-05  ,-1.020992124995e+01  ,-4.973499381066e+00  
  1.171931767995e-05  ,-1.140619371666e+01  ,-3.472452509412e+00  
  1.172384539778e-05  ,-1.361996930728e+01  ,-2.555076368617e+00  
  1.172866070802e-05  ,-1.567154333909e+01  ,-2.828254370375e+00  
  1.173707241351e-05  ,-1.837311473472e+01  ,-2.478302812313e+00  
  1.174765819843e-05  ,-1.994589915629e+01  ,-2.291379345781e+00  
  1.176882976825e-05  ,-1.660149495132e+01  ,-1.734247944785e+00  
  1.179383093650e-05  ,-3.851917121099e+00  ,-1.061599041756e+00  
  1.179603481824e-05  ,-2.484958735965e+00  ,-8.354338587114e-01  
  1.179658578868e-05  ,-2.141101220968e+00  ,-7.565895952055e-01  
  1.179757522578e-05  ,-1.522057529460e+00  ,-6.003169083678e-01  
  1.179799976918e-05  ,-1.255955135695e+00  ,-5.218447480525e-01  
  1.179814458984e-05  ,-1.165128541967e+00  ,-4.925947632318e-01  
  1.179836421898e-05  ,-1.027339205068e+00  ,-4.452602619490e-01  
  1.179864277756e-05  ,-8.525096368773e-01  ,-3.784812949718e-01  
  1.179919989473e-05  ,-5.026680322056e-01  ,-2.010046506090e-01  
  1.179975086516e-05  ,-1.565344363293e-01  ,5.969745070959e-02  
  1.180030695787e-05  ,1.928643302732e-01  ,3.669406870498e-01  
  1.180072721718e-05  ,4.568842853692e-01  ,6.096416208869e-01  
  1.180097127027e-05  ,6.101724106016e-01  ,7.527485610709e-01  
  1.180103583420e-05  ,6.507189623102e-01  ,7.908038031734e-01  
  1.180113953697e-05  ,7.158392679181e-01  ,8.520678396635e-01  
  1.180127541693e-05  ,8.011536821267e-01  ,9.325769259295e-01  
  1.180149830571e-05  ,9.410656408942e-01  ,1.065131785537e+00  
  1.180186752854e-05  ,1.172729728883e+00  ,1.285764204971e+00  
  1.180249477430e-05  ,1.565908610162e+00  ,1.662623689815e+00  
  1.180309044822e-05  ,1.938736668032e+00  ,2.021902350275e+00  
  1.180365799619e-05  ,2.293331210273e+00  ,2.364803535757e+00  
  1.180393040805e-05  ,2.463277593639e+00  ,2.529454043345e+00  
  1.180401783595e-05  ,2.517782569896e+00  ,2.582294508718e+00  
  1.180417304086e-05  ,2.614494553106e+00  ,2.676094467073e+00  
  1.180433348446e-05  ,2.714405524460e+00  ,2.773045247671e+00  
  1.180465437165e-05  ,2.914018040496e+00  ,2.966872919889e+00  
  1.180522042951e-05  ,3.265407971493e+00  ,3.308418945950e+00  
  1.180635254523e-05  ,3.964979129253e+00  ,3.989184102455e+00  
  1.180861677668e-05  ,5.348197749273e+00  ,5.334890115689e+00  
  1.181283753059e-05  ,7.849168027251e+00  ,7.712895668793e+00  
  1.181575294277e-05  ,9.498754992609e+00  ,6.391242751803e+00  
  1.181879389724e-05  ,1.113432722576e+01  ,3.501135708552e+00  
  1.182214032552e-05  ,1.281629117233e+01  ,2.935310202287e+00  
  1.182504567942e-05  ,1.416241588713e+01  ,2.786282737069e+00  
  1.182863648674e-05  ,1.566208352223e+01  ,2.709424062059e+00  
  1.183581810138e-05  ,1.804758340543e+01  ,2.549352969542e+00  
  1.185018133065e-05  ,1.999967548033e+01  ,2.205941845298e+00  
  1.187518249890e-05  ,1.406082150490e+01  ,1.600146201334e+00  
  1.187830764494e-05  ,1.259894724258e+01  ,1.518467915261e+00  
  1.188455793700e-05  ,9.326409178199e+00  ,1.343294896996e+00  
  1.189301434598e-05  ,4.354067625303e+00  ,1.026180150796e+00  
  1.189512844822e-05  ,3.048951276486e+00  ,8.679759522988e-01  
  1.189565697378e-05  ,2.720345194675e+00  ,8.137837936246e-01  
  1.189671402490e-05  ,2.060973911611e+00  ,6.921947041782e-01  
  1.189784502304e-05  ,1.352977872375e+00  ,5.267336634272e-01  
  1.189837438679e-05  ,1.020958964956e+00  ,4.251343146969e-01  
  1.189852393391e-05  ,9.271073232180e-01  ,3.919102412483e-01  
  1.189867261956e-05  ,8.337760271663e-01  ,3.562345894674e-01  
  1.189896999086e-05  ,6.470608951097e-01  ,2.733756738991e-01  
  1.189950177605e-05  ,3.130305589427e-01  ,6.256431381702e-02  
  1.190007453943e-05  ,-4.683446381074e-02  ,-2.371482309308e-01  
  1.190061694170e-05  ,-3.876116333217e-01  ,-5.460228301726e-01  
  1.190087538371e-05  ,-5.499504813740e-01  ,-6.967283489552e-01  
  1.190094877193e-05  ,-5.960427207913e-01  ,-7.398079840070e-01  
  1.190106716632e-05  ,-6.703947682704e-01  ,-8.095233194408e-01  
  1.190119375634e-05  ,-7.498834167857e-01  ,-8.843248928561e-01  
  1.190144693638e-05  ,-9.088238762158e-01  ,-1.034592688665e+00  
  1.190195329646e-05  ,-1.226522256113e+00  ,-1.337089745998e+00  
  1.190255902866e-05  ,-1.606153666637e+00  ,-1.701149131456e+00  
  1.190318310792e-05  ,-1.996673997103e+00  ,-2.077609439801e+00  
  1.190369151692e-05  ,-2.314252702733e+00  ,-2.384772259245e+00  
  1.190397091369e-05  ,-2.488532265864e+00  ,-2.553628771161e+00  
  1.190405057669e-05  ,-2.538189185739e+00  ,-2.601771029987e+00  
  1.190419744626e-05  ,-2.629696560224e+00  ,-2.690523238405e+00  
  1.190435695854e-05  ,-2.729017512173e+00  ,-2.786899543109e+00  
  1.190466396902e-05  ,-2.919983764553e+00  ,-2.972323466042e+00  
  1.190521316995e-05  ,-3.260907773271e+00  ,-3.303670524245e+00  
  1.190631157179e-05  ,-3.939742459633e+00  ,-3.964186049057e+00  
  1.190850837548e-05  ,-5.282536769716e+00  ,-5.270553249183e+00  
  1.191271571834e-05  ,-7.778714408439e+00  ,-7.648223666392e+00  
  1.191565348227e-05  ,-9.443713769201e+00  ,-6.453101596381e+00  
  1.191876931508e-05  ,-1.112149334665e+01  ,-3.481272008088e+00  
  1.192198908348e-05  ,-1.274319405608e+01  ,-2.949476472216e+00  
  1.192518538256e-05  ,-1.422425861875e+01  ,-2.781349399285e+00  
  1.192857204397e-05  ,-1.563687072833e+01  ,-2.710755922463e+00  
  1.193534536679e-05  ,-1.791759574148e+01  ,-2.561553751364e+00  
  1.194889201243e-05  ,-1.998788493717e+01  ,-2.236861038871e+00  
  1.197389318068e-05  ,-1.462523481393e+01  ,-1.631587948661e+00  
  1.199326171000e-05  ,-4.202242111932e+00  ,-1.077742373972e+00  
  1.199553041179e-05  ,-2.799105693258e+00  ,-8.705534066594e-01  
  1.199609758724e-05  ,-2.445820608546e+00  ,-7.989397451672e-01  
  1.199705126156e-05  ,-1.850098196022e+00  ,-6.687336241901e-01  
  1.199777005632e-05  ,-1.399969150446e+00  ,-5.531296844641e-01  
  1.199819161948e-05  ,-1.135627867176e+00  ,-4.730724063271e-01  
  1.199833033998e-05  ,-1.048597321243e+00  ,-4.438824638965e-01  
  1.199847103954e-05  ,-9.603048156259e-01  ,-4.124837515488e-01  
  1.199872417302e-05  ,-8.014111173190e-01  ,-3.501429129823e-01  
  1.199923043997e-05  ,-4.834817270731e-01  ,-1.850195301534e-01  
  1.199974704460e-05  ,-1.589348932044e-01  ,5.913771014985e-02  
  1.200026839898e-05  ,1.686380519081e-01  ,3.457361570810e-01  
  1.200068479330e-05  ,4.302351303418e-01  ,5.853855469571e-01  
  1.200092186146e-05  ,5.791416715463e-01  ,7.240782625410e-01  
  1.200098271175e-05  ,6.173579211004e-01  ,7.598714557988e-01  
  1.200109564625e-05  ,6.882789143155e-01  ,8.264709386192e-01  
  1.200121674147e-05  ,7.643150508879e-01  ,8.981045295092e-01  
  1.200145893191e-05  ,9.163530383495e-01  ,1.041953374185e+00  
  1.200186754969e-05  ,1.172742989325e+00  ,1.286001742519e+00  
  1.200247458574e-05  ,1.553262390352e+00  ,1.650636130422e+00  
  1.200307826903e-05  ,1.931120157605e+00  ,2.014682733168e+00  
  1.200364106726e-05  ,2.282764285796e+00  ,2.354682298545e+00  
  1.200391962585e-05  ,2.456554375754e+00  ,2.523038189938e+00  
  1.200400881162e-05  ,2.512157425287e+00  ,2.576938528894e+00  
  1.200416781167e-05  ,2.611237115551e+00  ,2.673028141727e+00  
  1.200432599681e-05  ,2.709744352891e+00  ,2.768610842168e+00  
  1.200464236709e-05  ,2.906555635265e+00  ,2.959706335786e+00  
  1.200522779646e-05  ,3.269974561764e+00  ,3.312931531375e+00  
  1.200639865520e-05  ,3.993371665957e+00  ,4.016882084337e+00  
  1.200874037268e-05  ,5.422986835922e+00  ,5.407616992568e+00  
  1.201295293095e-05  ,7.915807137086e+00  ,7.770878040644e+00  
  1.201584673646e-05  ,9.550575255724e+00  ,6.286407163281e+00  
  1.201879940155e-05  ,1.113720000732e+01  ,3.520260207278e+00  
  1.202236115160e-05  ,1.292249900957e+01  ,2.912533716720e+00  
  1.202537155869e-05  ,1.430624758942e+01  ,2.768884490410e+00  
  1.202907263460e-05  ,1.583103072761e+01  ,2.696684732150e+00  
  1.203647478643e-05  ,1.822154054012e+01  ,2.534048117886e+00  
  1.205127909007e-05  ,1.998385479511e+01  ,2.178729916770e+00  
  1.207628025832e-05  ,1.356204793885e+01  ,1.573943177754e+00  
  1.207940540435e-05  ,1.205588162492e+01  ,1.489101764682e+00  
  1.208565569642e-05  ,8.710827198017e+00  ,1.309884605000e+00  
  1.209295950058e-05  ,4.387694993741e+00  ,1.023894503212e+00  
  1.209478545162e-05  ,3.261762279505e+00  ,8.920791953799e-01  
  1.209739315482e-05  ,1.636098804717e+00  ,6.123849735319e-01  
  1.209873947474e-05  ,7.918043906970e-01  ,3.536233474043e-01  
  1.209996360513e-05  ,2.286756617227e-02  ,-1.735247159434e-01  
  1.210119369599e-05  ,-7.498455246117e-01  ,-8.835307812150e-01  
  1.210170182558e-05  ,-1.068779205819e+00  ,-1.186050162478e+00  
  1.210185987102e-05  ,-1.167926611409e+00  ,-1.280631195660e+00  
  1.210200695014e-05  ,-1.260168646485e+00  ,-1.368805505263e+00  
  1.210230110838e-05  ,-1.444570033452e+00  ,-1.545527614380e+00  
  1.210270129769e-05  ,-1.695238871006e+00  ,-1.786550318315e+00  
  1.210310865818e-05  ,-1.950124123927e+00  ,-2.032374325399e+00  
  1.210365394755e-05  ,-2.290804131810e+00  ,-2.361834058376e+00  
  1.210389995641e-05  ,-2.444288813885e+00  ,-2.510528796357e+00  
  1.210398569629e-05  ,-2.497748000887e+00  ,-2.562350992703e+00  
  1.210412807223e-05  ,-2.586479790487e+00  ,-2.648401350184e+00  
  1.210428327714e-05  ,-2.683147861627e+00  ,-2.742192784761e+00  
  1.210459368695e-05  ,-2.876290336414e+00  ,-2.929711715241e+00  
  1.210502055865e-05  ,-3.141446995867e+00  ,-3.187372716488e+00  
  1.210587430206e-05  ,-3.670017850403e+00  ,-3.701544296251e+00  
  1.210758178887e-05  ,-4.718861374812e+00  ,-4.722449120414e+00  
  1.211099676248e-05  ,-6.772844437511e+00  ,-6.709508460337e+00  
  1.211521453616e-05  ,-9.199707903830e+00  ,-7.065797400862e+00  
  1.211792729255e-05  ,-1.067793617611e+01  ,-4.456488515349e+00  
  1.212068288979e-05  ,-1.210009998483e+01  ,-3.140015231861e+00  
  1.212619408426e-05  ,-1.466257930342e+01  ,-2.769602137793e+00  
  1.213139458951e-05  ,-1.667969310562e+01  ,-2.683194124086e+00  
  1.214100285825e-05  ,-1.920637467377e+01  ,-2.432447069526e+00  
  1.216021939573e-05  ,-1.897808073198e+01  ,-1.956147535261e+00  
  1.218522056398e-05  ,-8.956113369946e+00  ,-1.346323606510e+00  
  1.218834571001e-05  ,-7.160098466944e+00  ,-1.211387936527e+00  
  1.219459600207e-05  ,-3.379144780543e+00  ,-9.008771483157e-01  
  1.219615857509e-05  ,-2.407783966769e+00  ,-7.513230128152e-01  
  1.219812552836e-05  ,-1.177084668027e+00  ,-4.794466685330e-01  
  1.219839067590e-05  ,-1.010737425316e+00  ,-4.245361753035e-01  
  1.219892097097e-05  ,-6.778440935843e-01  ,-2.904103360339e-01  
  1.219947305900e-05  ,-3.310716749490e-01  ,-7.709970661028e-02  
  1.220004740563e-05  ,2.978582386240e-02  ,2.216158066102e-01  
  1.220060964507e-05  ,3.830278745584e-01  ,5.414191854390e-01  
  1.220090710950e-05  ,5.698765646447e-01  ,7.150924351786e-01  
  1.220098247678e-05  ,6.172103537482e-01  ,7.594058882587e-01  
  1.220110315290e-05  ,6.929926662699e-01  ,8.305639458101e-01  
  1.220123458580e-05  ,7.755186612167e-01  ,9.083229378935e-01  
  1.220149745159e-05  ,9.405295781040e-01  ,1.064516912538e+00  
  1.220202318319e-05  ,1.270347739036e+00  ,1.378887254531e+00  
  1.220264241957e-05  ,1.658374911721e+00  ,1.751315895708e+00  
  1.220329173767e-05  ,2.064575331521e+00  ,2.143161297369e+00  
  1.220374566429e-05  ,2.348042602929e+00  ,2.417445782553e+00  
  1.220400932171e-05  ,2.512475382722e+00  ,2.576794107532e+00  
  1.220408021864e-05  ,2.556662075438e+00  ,2.619639428662e+00  
  1.220421500430e-05  ,2.640632422242e+00  ,2.701090008943e+00  
  1.220436438844e-05  ,2.733642121131e+00  ,2.791347994022e+00  
  1.220460988507e-05  ,2.886361743767e+00  ,2.939630361769e+00  
  1.220503512696e-05  ,3.150486581524e+00  ,3.196282683869e+00  
  1.220588561074e-05  ,3.677002416462e+00  ,3.708439222297e+00  
  1.220758657829e-05  ,4.721785641002e+00  ,4.725364105725e+00  
  1.221098851339e-05  ,6.767967389887e+00  ,6.704907426550e+00  
  1.221516456381e-05  ,9.171816972165e+00  ,7.104023945212e+00  
  1.221785683111e-05  ,1.064047567600e+01  ,4.496141475630e+00  
  1.222057890073e-05  ,1.204801177498e+01  ,3.158966253795e+00  
  1.222602303997e-05  ,1.458927853460e+01  ,2.771401322553e+00  
  1.223120715395e-05  ,1.661442069824e+01  ,2.689033306335e+00  
  1.224060382620e-05  ,1.913494056506e+01  ,2.443045792675e+00  
  1.225939717070e-05  ,1.913475833136e+01  ,1.975215048828e+00  
  1.228439833895e-05  ,9.414999450396e+00  ,1.368394418829e+00  
  1.228752348498e-05  ,7.640033754113e+00  ,1.241690253005e+00  
  1.229377377704e-05  ,3.887152855487e+00  ,9.565514742594e-01  
  1.229533635006e-05  ,2.919785427284e+00  ,8.285068760814e-01  
  1.229561504834e-05  ,2.746440544080e+00  ,8.021664489691e-01  
  1.229617244490e-05  ,2.399132460684e+00  ,7.450319391256e-01  
  1.229689245038e-05  ,1.949430910128e+00  ,6.604040375983e-01  
  1.229759345688e-05  ,1.510635558947e+00  ,5.605664892103e-01  
  1.229796477520e-05  ,1.277898341378e+00  ,4.982730056816e-01  
  1.229808272720e-05  ,1.203929744092e+00  ,4.766448922970e-01  
  1.229827343878e-05  ,1.084298533102e+00  ,4.394865543009e-01  
  1.229854505901e-05  ,9.138480988375e-01  ,3.810525099484e-01  
  1.229904294406e-05  ,6.012453855012e-01  ,2.461867962598e-01  
  1.229963759352e-05  ,2.277017870798e-01  ,-5.172024151264e-03  
  1.230023513008e-05  ,-1.477352458257e-01  ,-3.274478387673e-01  
  1.230069897529e-05  ,-4.391438349197e-01  ,-5.938080562379e-01  
  1.230096328464e-05  ,-6.051572106657e-01  ,-7.484752578618e-01  
  1.230103350636e-05  ,-6.492571094449e-01  ,-7.898105945143e-01  
  1.230114443852e-05  ,-7.189170212631e-01  ,-8.552778492318e-01  
  1.230128842099e-05  ,-8.093177470560e-01  ,-9.405263653590e-01  
  1.230153284660e-05  ,-9.627437265700e-01  ,-1.085844869531e+00  
  1.230193061447e-05  ,-1.212297256519e+00  ,-1.323560146180e+00  
  1.230250170148e-05  ,-1.570247685702e+00  ,-1.666663907817e+00  
  1.230308517507e-05  ,-1.935439028062e+00  ,-2.018502761327e+00  
  1.230363055757e-05  ,-2.276203879086e+00  ,-2.347948819844e+00  
  1.230389766088e-05  ,-2.442857299379e+00  ,-2.509368038458e+00  
  1.230398690487e-05  ,-2.498501425428e+00  ,-2.563300159419e+00  
  1.230414522971e-05  ,-2.597169245365e+00  ,-2.658976430161e+00  
  1.230430143579e-05  ,-2.694453698858e+00  ,-2.753359479939e+00  
  1.230461384794e-05  ,-2.888825600113e+00  ,-2.942061232259e+00  
  1.230518921903e-05  ,-3.246059421889e+00  ,-3.289230346250e+00  
  1.230633996120e-05  ,-3.957228976127e+00  ,-3.981205383988e+00  
  1.230864144555e-05  ,-5.363131589118e+00  ,-5.348812976473e+00  
  1.231280781022e-05  ,-7.831988959759e+00  ,-7.695009984946e+00  
  1.231570347837e-05  ,-9.471393058193e+00  ,-6.385107438221e+00  
  1.231871574810e-05  ,-1.109350408913e+01  ,-3.523360175789e+00  
  1.232207037202e-05  ,-1.278251765844e+01  ,-2.937449688187e+00  
  1.232498280397e-05  ,-1.413449356671e+01  ,-2.785548771856e+00  
  1.232857398382e-05  ,-1.563763061819e+01  ,-2.709756946844e+00  
  1.233575634352e-05  ,-1.803082730543e+01  ,-2.550833440259e+00  
  1.235012106291e-05  ,-1.999985534901e+01  ,-2.207465200945e+00  
  1.237512223116e-05  ,-1.408772561747e+01  ,-1.601562642390e+00  
  1.237824737719e-05  ,-1.262833385270e+01  ,-1.520052786587e+00  
  1.238449766925e-05  ,-9.359890492775e+00  ,-1.346534518786e+00  
  1.239271416953e-05  ,-4.537953984288e+00  ,-1.041099722278e+00  
  1.239476829460e-05  ,-3.272397544096e+00  ,-8.962141872974e-01  
  1.239513453721e-05  ,-3.045170115263e+00  ,-8.621397671008e-01  
  1.239586702241e-05  ,-2.589536004502e+00  ,-7.876201780429e-01  
  1.239678698285e-05  ,-2.015371749580e+00  ,-6.807924028739e-01  
  1.239777753754e-05  ,-1.395280052039e+00  ,-5.353203934609e-01  
  1.239829116194e-05  ,-1.073178952192e+00  ,-4.400139949352e-01  
  1.239840548179e-05  ,-1.001446390380e+00  ,-4.158824751033e-01  
  1.239852685640e-05  ,-9.252730384841e-01  ,-3.888381890183e-01  
  1.239876960563e-05  ,-7.728870828928e-01  ,-3.290988234996e-01  
  1.239925510409e-05  ,-4.679891869556e-01  ,-1.705658091054e-01  
  1.239975606250e-05  ,-1.532689500201e-01  ,6.531065839075e-02  
  1.240026083934e-05  ,1.638883551198e-01  ,3.418961131515e-01  
  1.240066694255e-05  ,4.190216998600e-01  ,5.751199851317e-01  
  1.240089905141e-05  ,5.648155597559e-01  ,7.106897286569e-01  
  1.240095912172e-05  ,6.025427641221e-01  ,7.459734248372e-01  
  1.240107552540e-05  ,6.756439621637e-01  ,8.145331832392e-01  
  1.240119345412e-05  ,7.496936635121e-01  ,8.842182181133e-01  
  1.240142931156e-05  ,8.977611794659e-01  ,1.024168468731e+00  
  1.240182419234e-05  ,1.145546557422e+00  ,1.259814116755e+00  
  1.240247351043e-05  ,1.552588796032e+00  ,1.649687437754e+00  
  1.240309684463e-05  ,1.942736688656e+00  ,2.025551933979e+00  
  1.240368022509e-05  ,2.307205355248e+00  ,2.377971197053e+00  
  1.240395575688e-05  ,2.479082687376e+00  ,2.544486656658e+00  
  1.240404139199e-05  ,2.532464822816e+00  ,2.596236850003e+00  
  1.240419471097e-05  ,2.627992835250e+00  ,2.688885136975e+00  
  1.240435878672e-05  ,2.730155447135e+00  ,2.788017491977e+00  
  1.240468693823e-05  ,2.934260339684e+00  ,2.986203332818e+00  
  1.240533094779e-05  ,3.333897035524e+00  ,3.374661859949e+00  
  1.240661896691e-05  ,4.128913449645e+00  ,4.148346191146e+00  
  1.240919500515e-05  ,5.697376998432e+00  ,5.673091875789e+00  
  1.241374581978e-05  ,8.370809433360e+00  ,7.994341000437e+00  
  1.241648241804e-05  ,9.899576021164e+00  ,5.500726454805e+00  
  1.241906627939e-05  ,1.127608657457e+01  ,3.486656642447e+00  
  1.242423400209e-05  ,1.379774989445e+01  ,2.389513160592e+00  
  1.242956340239e-05  ,1.601758030533e+01  ,2.472603417101e+00  
  1.243725836203e-05  ,1.841895765472e+01  ,2.638740888208e+00  
  1.245128184483e-05  ,1.998378518621e+01  ,2.091832446703e+00  
  1.247628301308e-05  ,1.356077575780e+01  ,1.644335095541e+00  
  1.247940815911e-05  ,1.205450052721e+01  ,1.485173464687e+00  
  1.248565845118e-05  ,8.709269093824e+00  ,1.293316054959e+00  
  1.249314330444e-05  ,4.274948548555e+00  ,1.009914312856e+00  
  1.249415919111e-05  ,3.649328789437e+00  ,9.370977372298e-01  
  1.249619096444e-05  ,2.387579911053e+00  ,7.477863431067e-01  
  1.249791968540e-05  ,1.306169914156e+00  ,5.158396776465e-01  
  1.249876588509e-05  ,7.752230159971e-01  ,3.364176168861e-01  
  1.249909389690e-05  ,5.692444823043e-01  ,2.358235659235e-01  
  1.249948621654e-05  ,3.228056540433e-01  ,7.167079347829e-02  
  1.249998810627e-05  ,7.473049961105e-03  ,-1.886330506247e-01  
  1.250044887812e-05  ,-2.820290899544e-01  ,-4.485130273072e-01  
  1.250073851944e-05  ,-4.639838171920e-01  ,-6.163155344590e-01  
  1.250104390011e-05  ,-6.557842160642e-01  ,-7.955106087995e-01  
  1.250113064116e-05  ,-7.102534210174e-01  ,-8.467242153246e-01  
  1.250121480944e-05  ,-7.631020068260e-01  ,-8.965279354255e-01  
  1.250138314600e-05  ,-8.687828023236e-01  ,-9.964248710141e-01  
  1.250153821121e-05  ,-9.661104856538e-01  ,-1.088738062241e+00  
  1.250181146125e-05  ,-1.137560420668e+00  ,-1.251964975643e+00  
  1.250235796134e-05  ,-1.480196176770e+00  ,-1.579969301618e+00  
  1.250292662690e-05  ,-1.836264229317e+00  ,-1.922668246553e+00  
  1.250344425599e-05  ,-2.159869395520e+00  ,-2.235262515889e+00  
  1.250375969494e-05  ,-2.356797128953e+00  ,-2.425887269075e+00  
  1.250408924344e-05  ,-2.562285896553e+00  ,-2.625053206117e+00  
  1.250416841750e-05  ,-2.611614508055e+00  ,-2.672897871606e+00  
  1.250428734739e-05  ,-2.685682135619e+00  ,-2.744761492254e+00  
  1.250444697608e-05  ,-2.785037202812e+00  ,-2.841199551564e+00  
  1.250459719841e-05  ,-2.878473698052e+00  ,-2.931930554984e+00  
  1.250489764307e-05  ,-3.065152276940e+00  ,-3.113300611316e+00  
  1.250549853240e-05  ,-3.437673611245e+00  ,-3.475534107446e+00  
  1.250670031105e-05  ,-4.178908931649e+00  ,-4.196963177700e+00  
  1.250910386835e-05  ,-5.642463381219e+00  ,-5.619884440378e+00  
  1.251391098295e-05  ,-8.464944660135e+00  ,-7.936946884100e+00  
  1.251670942102e-05  ,-1.002325531922e+01  ,-5.317079003842e+00  
  1.251935251449e-05  ,-1.142416566863e+01  ,-3.400007929186e+00  
  1.252463870142e-05  ,-1.398070735393e+01  ,-2.398832066464e+00  
  1.252997704242e-05  ,-1.617185706985e+01  ,-2.850843276468e+00  
  1.253841557000e-05  ,-1.869006336310e+01  ,-2.413925520670e+00  
  1.254957504962e-05  ,-1.999821774544e+01  ,-2.265572982445e+00  
  1.257128604148e-05  ,-1.569230884143e+01  ,-1.659061499011e+00  
  1.259628720973e-05  ,-2.327528840281e+00  ,-9.352600737070e-01  
  1.259879842792e-05  ,-7.547907159401e-01  ,-4.313290229003e-01  
  1.259942623247e-05  ,-3.604892490424e-01  ,-1.363763513592e-01  
  1.260001920555e-05  ,1.206720443188e-02  ,1.911676888584e-01  
  1.260060919840e-05  ,3.827472797884e-01  ,5.333149085354e-01  
  1.260091760588e-05  ,5.764689245039e-01  ,7.152781461318e-01  
  1.260099478923e-05  ,6.249427675314e-01  ,7.610423839938e-01  
  1.260111560505e-05  ,7.008118349002e-01  ,8.328232754768e-01  
  1.260124845822e-05  ,7.842283320126e-01  ,9.119429173142e-01  
  1.260151416455e-05  ,9.510188900979e-01  ,1.070683658704e+00  
  1.260204557721e-05  ,1.284389591377e+00  ,1.389666977892e+00  
  1.260266825948e-05  ,1.674554151731e+00  ,1.765085833877e+00  
  1.260330006872e-05  ,2.069781850828e+00  ,2.146960136890e+00  
  1.260374566001e-05  ,2.348039929774e+00  ,2.416503062928e+00  
  1.260400424172e-05  ,2.509308783562e+00  ,2.572925081157e+00  
  1.260407475448e-05  ,2.553256970429e+00  ,2.615574092213e+00  
  1.260420805002e-05  ,2.636301109805e+00  ,2.696188541421e+00  
  1.260435610703e-05  ,2.728487496917e+00  ,2.785712014977e+00  
  1.260460686563e-05  ,2.884484420919e+00  ,2.937277131362e+00  
  1.260501287571e-05  ,3.136679488591e+00  ,3.182475981366e+00  
  1.260582489586e-05  ,3.639497734216e+00  ,3.671788092302e+00  
  1.260744893617e-05  ,4.637703423013e+00  ,4.643732617401e+00  
  1.261069701678e-05  ,6.595338762451e+00  ,6.540502380938e+00  
  1.261590720779e-05  ,9.583941248483e+00  ,6.675371264982e+00  
  1.261890234119e-05  ,1.119086436910e+01  ,4.055747799783e+00  
  1.262214259869e-05  ,1.281738762115e+01  ,2.946166745073e+00  
  1.262772084838e-05  ,1.529787199121e+01  ,2.540311367779e+00  
  1.263351590997e-05  ,1.737758098596e+01  ,2.526940930804e+00  
  1.264510603315e-05  ,1.976407926417e+01  ,2.380148151286e+00  
  1.266828627950e-05  ,1.678949516763e+01  ,1.724794757045e+00  
  1.269328744775e-05  ,4.186430225560e+00  ,1.085397930183e+00  
  1.269581840998e-05  ,2.619819957534e+00  ,8.506427308501e-01  
  1.269645115054e-05  ,2.225191290811e+00  ,7.652412327035e-01  
  1.269754564083e-05  ,1.540591734766e+00  ,5.992904804216e-01  
  1.269801772824e-05  ,1.244693194152e+00  ,5.135617386582e-01  
  1.269818070969e-05  ,1.142471565503e+00  ,4.807587533199e-01  
  1.269841572894e-05  ,9.950159370438e-01  ,4.298039676617e-01  
  1.269869764029e-05  ,8.180684525125e-01  ,3.610272957669e-01  
  1.269926146297e-05  ,4.639948667809e-01  ,1.743801126936e-01  
  1.269980358584e-05  ,1.234098706500e-01  ,-8.824579100435e-02  
  1.270034533619e-05  ,-2.169768683891e-01  ,-3.892267326992e-01  
  1.270074687591e-05  ,-4.692329180490e-01  ,-6.214139306579e-01  
  1.270098925261e-05  ,-6.214656961395e-01  ,-7.636068326266e-01  
  1.270105370014e-05  ,-6.619384131407e-01  ,-8.016068618621e-01  
  1.270115417820e-05  ,-7.250326530356e-01  ,-8.609825677555e-01  
  1.270129520372e-05  ,-8.135759523997e-01  ,-9.445627163857e-01  
  1.270150151495e-05  ,-9.430798304446e-01  ,-1.067273009098e+00  
  1.270186431166e-05  ,-1.170711974490e+00  ,-1.284049197312e+00  
  1.270249900800e-05  ,-1.568560542020e+00  ,-1.665364406930e+00  
  1.270309505445e-05  ,-1.941617196309e+00  ,-2.024861637522e+00  
  1.270366548952e-05  ,-2.298008288624e+00  ,-2.369501908446e+00  
  1.270393846017e-05  ,-2.468298292405e+00  ,-2.534487260565e+00  
  1.270402508481e-05  ,-2.522300860329e+00  ,-2.586841183053e+00  
  1.270417900915e-05  ,-2.618212313082e+00  ,-2.679865344521e+00  
  1.270434043063e-05  ,-2.718729488041e+00  ,-2.777404943176e+00  
  1.270466327360e-05  ,-2.919551501477e+00  ,-2.972409066108e+00  
  1.270528716660e-05  ,-3.306770239317e+00  ,-3.348802919290e+00  
  1.270653495258e-05  ,-4.077248517954e+00  ,-4.098643799418e+00  
  1.270903052455e-05  ,-5.598237162079e+00  ,-5.577770272293e+00  
  1.271349491245e-05  ,-8.227373672057e+00  ,-8.006732422734e+00  
  1.271628254718e-05  ,-9.790262257196e+00  ,-5.784915293669e+00  
  1.271894165939e-05  ,-1.121133082596e+01  ,-3.530690627229e+00  
  1.272425988382e-05  ,-1.380951764426e+01  ,-2.321101479425e+00  
  1.272931063241e-05  ,-1.592197066427e+01  ,-2.881524807439e+00  
  1.273719781703e-05  ,-1.840410009559e+01  ,-2.442150090812e+00  
  1.274710708922e-05  ,-1.991745878239e+01  ,-2.323897759762e+00  
  1.276633852786e-05  ,-1.742267377015e+01  ,-1.779675653692e+00  
  1.279133969611e-05  ,-5.374545724206e+00  ,-1.176763897872e+00  
  1.279446484214e-05  ,-3.460341297060e+00  ,-9.058876431478e-01  
  1.279524612865e-05  ,-2.975854063674e+00  ,-8.378541309695e-01  
  1.279680870167e-05  ,-2.001794408912e+00  ,-6.735791033645e-01  
  1.279807939819e-05  ,-1.206017624609e+00  ,-4.830195093917e-01  
  1.279871754042e-05  ,-8.055751383315e-01  ,-3.452572586072e-01  
  1.279895451544e-05  ,-6.567792178529e-01  ,-2.787257163932e-01  
  1.279924359797e-05  ,-4.752166838291e-01  ,-1.765218326478e-01  
  1.279965989916e-05  ,-2.136875928798e-01  ,1.540008658291e-02  
  1.280008490822e-05  ,5.334934421451e-02  ,2.431269688481e-01  
  1.280065003476e-05  ,4.084004960573e-01  ,5.654042734744e-01  
  1.280089678867e-05  ,5.633944030815e-01  ,7.095080039720e-01  
  1.280096717338e-05  ,6.075994531694e-01  ,7.508609025467e-01  
  1.280109907194e-05  ,6.904300560077e-01  ,8.285943298275e-01  
  1.280122347335e-05  ,7.685417082777e-01  ,9.021640878953e-01  
  1.280147227618e-05  ,9.247286040504e-01  ,1.049923422709e+00  
  1.280196988183e-05  ,1.236923366905e+00  ,1.347287062418e+00  
  1.280256015407e-05  ,1.606858497826e+00  ,1.702087001536e+00  
  1.280316588628e-05  ,1.985907085653e+00  ,2.067472241877e+00  
  1.280374433073e-05  ,2.347210494453e+00  ,2.416953576089e+00  
  1.280400496135e-05  ,2.509757368683e+00  ,2.574467583656e+00  
  1.280408702251e-05  ,2.560901941340e+00  ,2.624057967866e+00  
  1.280422599912e-05  ,2.647480036610e+00  ,2.708038168985e+00  
  1.280439782814e-05  ,2.754454202407e+00  ,2.811851965455e+00  
  1.280465794653e-05  ,2.916240217014e+00  ,2.968951278546e+00  
  1.280517818332e-05  ,3.239217225123e+00  ,3.282847950449e+00  
  1.280621865690e-05  ,3.882489507447e+00  ,3.908738485327e+00  
  1.280829960406e-05  ,5.155907399377e+00  ,5.147854524823e+00  
  1.281236985624e-05  ,7.578057655481e+00  ,7.468090742806e+00  
  1.281539553702e-05  ,9.300539130804e+00  ,6.764191423139e+00  
  1.281816566289e-05  ,1.080427567069e+01  ,4.153572202229e+00  
  1.282092014254e-05  ,1.221845578026e+01  ,3.091833952064e+00  
  1.282603794635e-05  ,1.459568342684e+01  ,2.588477039671e+00  
  1.283104920686e-05  ,1.655896997189e+01  ,2.745226756694e+00  
  1.284107172788e-05  ,1.921839849962e+01  ,2.383809913398e+00  
  1.285619938672e-05  ,1.962188492646e+01  ,2.087148917587e+00  
  1.288120055497e-05  ,1.113722269965e+01  ,1.428967518991e+00  
  1.288432570100e-05  ,9.455241346309e+00  ,1.348295673258e+00  
  1.289057599307e-05  ,5.835152725321e+00  ,1.124711655805e+00  
  1.289213856608e-05  ,4.889422509459e+00  ,1.046443295700e+00  
  1.289526371211e-05  ,2.964928576329e+00  ,8.388548611223e-01  
  1.289604499862e-05  ,2.478611652790e+00  ,7.610165958103e-01  
  1.289735481069e-05  ,1.660109192707e+00  ,5.999892347964e-01  
  1.289800571204e-05  ,1.252228473113e+00  ,4.942308784871e-01  
  1.289838592448e-05  ,1.013719005457e+00  ,4.193058298667e-01  
  1.289879188799e-05  ,7.588969339839e-01  ,3.229570328072e-01  
  1.289919226356e-05  ,5.074613048369e-01  ,1.950141857202e-01  
  1.289971222096e-05  ,1.808144418884e-01  ,-4.263739734198e-02  
  1.290021550768e-05  ,-1.354064324368e-01  ,-3.163134727173e-01  
  1.290070203059e-05  ,-4.410630696999e-01  ,-5.955387764658e-01  
  1.290096065887e-05  ,-6.035081435282e-01  ,-7.468895360584e-01  
  1.290102934391e-05  ,-6.466431359170e-01  ,-7.873178644344e-01  
  1.290114163813e-05  ,-7.171586162601e-01  ,-8.535853347419e-01  
  1.290127644707e-05  ,-8.018004156858e-01  ,-9.333914601845e-01  
  1.290153772962e-05  ,-9.658082488120e-01  ,-1.088724592427e+00  
  1.290192851257e-05  ,-1.210979018352e+00  ,-1.322283754549e+00  
  1.290249792319e-05  ,-1.567881037807e+00  ,-1.664377066115e+00  
  1.290307180416e-05  ,-1.927077100422e+00  ,-2.010421105611e+00  
  1.290361374077e-05  ,-2.265705910182e+00  ,-2.337777567105e+00  
  1.290388550070e-05  ,-2.435273859078e+00  ,-2.502010437769e+00  
  1.290397840012e-05  ,-2.493199509169e+00  ,-2.558151873674e+00  
  1.290414086935e-05  ,-2.594452724795e+00  ,-2.656333199365e+00  
  1.290429425818e-05  ,-2.689984919592e+00  ,-2.749014776213e+00  
  1.290460103583e-05  ,-2.880859697485e+00  ,-2.934316773987e+00  
  1.290521459114e-05  ,-3.261788786074e+00  ,-3.304517864723e+00  
  1.290644170177e-05  ,-4.019870331027e+00  ,-4.042175920442e+00  
  1.290889592302e-05  ,-5.516995443895e+00  ,-5.498148156769e+00  
  1.291313604843e-05  ,-8.021336297333e+00  ,-7.856317008179e+00  
  1.291588717532e-05  ,-9.572891849445e+00  ,-6.171859927750e+00  
  1.291861185264e-05  ,-1.103912822641e+01  ,-3.627560606945e+00  
  1.292263516617e-05  ,-1.305342297342e+01  ,-2.864725431228e+00  
  1.292586573791e-05  ,-1.452149507345e+01  ,-2.729585852846e+00  
  1.292974451017e-05  ,-1.608546312832e+01  ,-2.673250926813e+00  
  1.293750205469e-05  ,-1.847808465585e+01  ,-2.510939237172e+00  
  1.295301714372e-05  ,-1.991022269585e+01  ,-2.135207350995e+00  
  1.297801831198e-05  ,-1.273961235036e+01  ,-1.532416335515e+00  
  1.298114345801e-05  ,-1.116700281029e+01  ,-1.445840077061e+00  
  1.298739375007e-05  ,-7.715302983827e+00  ,-1.248482640891e+00  
  1.299405531418e-05  ,-3.713481330497e+00  ,-9.557019158824e-01  
  1.299572070521e-05  ,-2.680668278094e+00  ,-8.014167004115e-01  
  1.299809483272e-05  ,-1.196337329839e+00  ,-4.896489480959e-01  
  1.299915635419e-05  ,-5.300162401959e-01  ,-2.184862108588e-01  
  1.299968292397e-05  ,-1.992214500844e-01  ,2.329813105981e-02  
  1.300031566453e-05  ,1.983346215340e-01  ,3.709984394549e-01  
  1.300070658718e-05  ,4.439253580880e-01  ,5.968221326022e-01  
  1.300095357393e-05  ,5.990585545915e-01  ,7.415971833681e-01  
  1.300101855696e-05  ,6.398690014622e-01  ,7.798901986771e-01  
  1.300112503041e-05  ,7.067302937095e-01  ,8.427799767681e-01  
  1.300126843080e-05  ,7.967676710810e-01  ,9.277421446986e-01  
  1.300149269328e-05  ,9.375431389038e-01  ,1.061122790211e+00  
  1.300188864507e-05  ,1.185974547380e+00  ,1.297784816070e+00  
  1.300248366707e-05  ,1.558951058779e+00  ,1.655339296639e+00  
  1.300308083110e-05  ,1.932722424727e+00  ,2.015523414194e+00  
  1.300363701694e-05  ,2.280236006214e+00  ,2.351566262991e+00  
  1.300391087235e-05  ,2.451095941985e+00  ,2.517093815956e+00  
  1.300400023275e-05  ,2.506809757261e+00  ,2.571104121864e+00  
  1.300415832475e-05  ,2.605327217177e+00  ,2.666652317962e+00  
  1.300431602095e-05  ,2.703533997931e+00  ,2.761946641787e+00  
  1.300463141334e-05  ,2.899746085946e+00  ,2.952465055314e+00  
  1.300520901960e-05  ,3.258334901599e+00  ,3.300997616721e+00  
  1.300636423212e-05  ,3.972176202067e+00  ,3.995636461183e+00  
  1.300867465716e-05  ,5.383231875270e+00  ,5.368316215703e+00  
  1.301286411863e-05  ,7.864530743502e+00  ,7.723383589450e+00  
  1.301576313954e-05  ,9.504392631414e+00  ,6.323609175453e+00  
  1.301874560696e-05  ,1.110910950698e+01  ,3.520401531277e+00  
  1.302221385222e-05  ,1.285172310292e+01  ,2.552430573095e+00  
  1.302780402285e-05  ,1.533148339031e+01  ,2.476341430108e+00  
  1.303326455337e-05  ,1.729885979389e+01  ,2.547997563271e+00  
  1.304418561441e-05  ,1.966726422029e+01  ,2.392104772500e+00  
  1.306602773648e-05  ,1.751773126016e+01  ,1.787638815715e+00  
  1.309102890473e-05  ,5.562379563971e+00  ,1.187943541618e+00  
  1.309415405077e-05  ,3.652504292710e+00  ,9.273860180768e-01  
  1.309493533727e-05  ,3.168811399065e+00  ,8.630741066061e-01  
  1.309649791029e-05  ,2.195991291848e+00  ,7.097995359799e-01  
  1.309783100542e-05  ,1.361765092070e+00  ,5.265631532876e-01  
  1.309848023039e-05  ,9.545366549389e-01  ,4.008663022962e-01  
  1.309869906791e-05  ,8.171721995371e-01  ,3.488275550665e-01  
  1.309892549571e-05  ,6.750027435703e-01  ,2.864854870363e-01  
  1.309937835131e-05  ,3.905685602104e-01  ,1.188312165803e-01  
  1.309987828527e-05  ,7.647543263382e-02  ,-1.301330510662e-01  
  1.310034506415e-05  ,-2.168059510930e-01  ,-3.898942410381e-01  
  1.310071619619e-05  ,-4.499613717484e-01  ,-6.039679359922e-01  
  1.310094257743e-05  ,-5.921523155425e-01  ,-7.364497571302e-01  
  1.310100212386e-05  ,-6.295489850631e-01  ,-7.714768406823e-01  
  1.310110605946e-05  ,-6.948178151701e-01  ,-8.327629143226e-01  
  1.310123898248e-05  ,-7.782790921931e-01  ,-9.113888361922e-01  
  1.310145993876e-05  ,-9.169849978213e-01  ,-1.042608384490e+00  
  1.310184410932e-05  ,-1.158039998724e+00  ,-1.271952613582e+00  
  1.310248076143e-05  ,-1.557130943693e+00  ,-1.654274023898e+00  
  1.310308817002e-05  ,-1.937311968290e+00  ,-2.020539569979e+00  
  1.310366251665e-05  ,-2.296152737440e+00  ,-2.367498418906e+00  
  1.310393856066e-05  ,-2.468360949246e+00  ,-2.534325137750e+00  
  1.310402553455e-05  ,-2.522581181131e+00  ,-2.586885335304e+00  
  1.310418094900e-05  ,-2.619420663882e+00  ,-2.680801963284e+00  
  1.310434225407e-05  ,-2.719864547617e+00  ,-2.778263179084e+00  
  1.310466486421e-05  ,-2.920540199198e+00  ,-2.973111612976e+00  
  1.310530123693e-05  ,-3.315488889063e+00  ,-3.356999432701e+00  
  1.310657398236e-05  ,-4.101253579923e+00  ,-4.121684541507e+00  
  1.310911947322e-05  ,-5.651869241036e+00  ,-5.629319002990e+00  
  1.311362707448e-05  ,-8.302990793551e+00  ,-8.021106060282e+00  
  1.311638714206e-05  ,-9.847515915535e+00  ,-5.626236799660e+00  
  1.311899223757e-05  ,-1.123763331839e+01  ,-3.512925641011e+00  
  1.312420242858e-05  ,-1.378338189053e+01  ,-2.363720054975e+00  
  1.312946775389e-05  ,-1.598151995210e+01  ,-2.875234722507e+00  
  1.313730576467e-05  ,-1.843054361131e+01  ,-2.440827980811e+00  
  1.314770379495e-05  ,-1.994798450461e+01  ,-2.309636279434e+00  
  1.316762962770e-05  ,-1.701010580561e+01  ,-1.748356063267e+00  
  1.319263079595e-05  ,-4.588957246383e+00  ,-1.125932207523e+00  
  1.319575594199e-05  ,-2.658726493462e+00  ,-8.030500160163e-01  
  1.319653722849e-05  ,-2.171434635421e+00  ,-7.138559888306e-01  
  1.319785896149e-05  ,-1.344240017023e+00  ,-5.243401209049e-01  
  1.319842855838e-05  ,-9.869648674436e-01  ,-4.136170070288e-01  
  1.319862888586e-05  ,-8.612300352800e-01  ,-3.673145602332e-01  
  1.319882751369e-05  ,-7.365282986397e-01  ,-3.156430441823e-01  
  1.319922476933e-05  ,-4.870436443865e-01  ,-1.837442368656e-01  
  1.319971492440e-05  ,-1.791158872183e-01  ,4.374128470395e-02  
  1.320018114448e-05  ,1.138158201866e-01  ,2.970451916033e-01  
  1.320071237088e-05  ,4.475584609817e-01  ,6.017545696725e-01  
  1.320098175593e-05  ,6.167576498816e-01  ,7.595313398245e-01  
  1.320105420119e-05  ,6.622530605569e-01  ,8.022112819055e-01  
  1.320116704256e-05  ,7.331101956262e-01  ,8.688589233891e-01  
  1.320130548366e-05  ,8.200296394276e-01  ,9.508800599321e-01  
  1.320156793036e-05  ,9.847613589960e-01  ,1.107011147175e+00  
  1.320195028484e-05  ,1.224633556995e+00  ,1.335633022774e+00  
  1.320250861273e-05  ,1.574576711572e+00  ,1.671132689916e+00  
  1.320307290108e-05  ,1.927763102449e+00  ,2.011413487608e+00  
  1.320360831842e-05  ,2.262320848978e+00  ,2.334838968504e+00  
  1.320387751721e-05  ,2.430294936723e+00  ,2.497527243613e+00  
  1.320397152259e-05  ,2.488911874636e+00  ,2.554338420683e+00  
  1.320413510940e-05  ,2.590864178659e+00  ,2.653197584645e+00  
  1.320428647260e-05  ,2.685137465255e+00  ,2.744657826188e+00  
  1.320458919900e-05  ,2.873499758892e+00  ,2.927519764345e+00  
  1.320519465181e-05  ,3.249427629239e+00  ,3.292857424635e+00  
  1.320640555742e-05  ,3.997621035587e+00  ,4.020899483390e+00  
  1.320882736864e-05  ,5.475579934268e+00  ,5.458441407517e+00  
  1.321300565424e-05  ,7.946218161022e+00  ,7.797102989977e+00  
  1.321579254391e-05  ,9.520644392777e+00  ,6.322740152910e+00  
  1.321862376454e-05  ,1.104536854584e+01  ,3.610475819953e+00  
  1.322221531692e-05  ,1.285242822979e+01  ,2.912665333727e+00  
  1.322521268549e-05  ,1.423631290556e+01  ,2.761553798917e+00  
  1.322889438989e-05  ,1.576234279816e+01  ,2.695651566735e+00  
  1.323625779870e-05  ,1.816491439137e+01  ,2.539348564064e+00  
  1.325098461630e-05  ,1.999043248478e+01  ,2.185893865179e+00  
  1.327598578455e-05  ,1.369745177515e+01  ,1.581101843538e+00  
  1.327911093059e-05  ,1.220299314494e+01  ,1.497027481959e+00  
  1.328536122265e-05  ,8.877004280309e+00  ,1.319344716905e+00  
  1.329271420064e-05  ,4.537934949449e+00  ,1.037092698656e+00  
  1.329455244514e-05  ,3.406115782269e+00  ,9.091680754127e-01  
  1.329501200626e-05  ,3.121238197452e+00  ,8.673691618346e-01  
  1.329593112851e-05  ,2.549590780647e+00  ,7.765851398851e-01  
  1.329616090907e-05  ,2.406328138795e+00  ,7.516397867157e-01  
  1.329662047020e-05  ,2.119434142911e+00  ,6.980604476058e-01  
  1.329718922889e-05  ,1.763765349115e+00  ,6.235407359475e-01  
  1.329752110569e-05  ,1.555961351662e+00  ,5.744060175917e-01  
  1.329782406493e-05  ,1.366115781229e+00  ,5.249083408483e-01  
  1.329792943244e-05  ,1.300058684315e+00  ,5.064566521835e-01  
  1.329809565023e-05  ,1.195824589423e+00  ,4.758902922493e-01  
  1.329839255587e-05  ,1.009557714341e+00  ,4.161556439638e-01  
  1.329891018496e-05  ,6.846172168538e-01  ,2.882952765341e-01  
  1.329953845516e-05  ,2.899870114590e-01  ,4.404075363795e-02  
  1.330018367544e-05  ,-1.154060445442e-01  ,-2.982786997452e-01  
  1.330080095605e-05  ,-5.032024205215e-01  ,-6.532700607400e-01  
  1.330103453175e-05  ,-6.499010386668e-01  ,-7.903551063077e-01  
  1.330110605732e-05  ,-6.948164701005e-01  ,-8.325431741200e-01  
  1.330121942256e-05  ,-7.659983970437e-01  ,-8.995784491565e-01  
  1.330138412696e-05  ,-8.693985767662e-01  ,-9.972910989419e-01  
  1.330160934404e-05  ,-1.010749938980e+00  ,-1.131410921135e+00  
  1.330201274641e-05  ,-1.263803294396e+00  ,-1.372758385065e+00  
  1.330254136511e-05  ,-1.595090925974e+00  ,-1.690521268836e+00  
  1.330309093856e-05  ,-1.939043307417e+00  ,-2.021960034603e+00  
  1.330361899846e-05  ,-2.268988116049e+00  ,-2.340945224977e+00  
  1.330388056040e-05  ,-2.432192848740e+00  ,-2.499016685030e+00  
  1.330397153898e-05  ,-2.488922093520e+00  ,-2.553998012456e+00  
  1.330412762864e-05  ,-2.586203415630e+00  ,-2.648325461243e+00  
  1.330428211177e-05  ,-2.682422259320e+00  ,-2.741670172606e+00  
  1.330459107804e-05  ,-2.874668138136e+00  ,-2.928298824830e+00  
  1.330514959219e-05  ,-3.221488759309e+00  ,-3.265329229519e+00  
  1.330626662048e-05  ,-3.912048205970e+00  ,-3.937214189708e+00  
  1.330850067707e-05  ,-5.277871337997e+00  ,-5.266005602207e+00  
  1.331255379292e-05  ,-7.684883988188e+00  ,-7.564107059837e+00  
  1.331550273272e-05  ,-9.360113691887e+00  ,-6.606453933322e+00  
  1.331880147728e-05  ,-1.113828327768e+01  ,-3.421569840464e+00  
  1.332178245457e-05  ,-1.264286310524e+01  ,-2.970606132822e+00  
  1.332479286166e-05  ,-1.404980769958e+01  ,-2.807655307006e+00  
  1.332808899852e-05  ,-1.544584895429e+01  ,-2.728801560306e+00  
  1.333468127223e-05  ,-1.772832136226e+01  ,-2.577360616463e+00  
  1.334786581966e-05  ,-1.995506349634e+01  ,-2.262281886210e+00  
  1.337286698791e-05  ,-1.505735870389e+01  ,-1.655840331062e+00  
  1.337599213394e-05  ,-1.369454454881e+01  ,-1.578677172623e+00  
  1.338224242600e-05  ,-1.058761768068e+01  ,-1.411949848316e+00  
  1.339474301013e-05  ,-3.288069117399e+00  ,-9.318196155915e-01  
  1.339715886089e-05  ,-1.782770983466e+00  ,-6.756425367217e-01  
  1.339776282358e-05  ,-1.404502434367e+00  ,-5.708631822448e-01  
  1.339831323522e-05  ,-1.059329627554e+00  ,-4.598703369366e-01  
  1.339843833512e-05  ,-9.808293952522e-01  ,-4.314511720414e-01  
  1.339856369114e-05  ,-9.021532559979e-01  ,-4.012900380471e-01  
  1.339881440318e-05  ,-7.447602228687e-01  ,-3.342226258995e-01  
  1.339931582725e-05  ,-4.298453164635e-01  ,-1.536859775277e-01  
  1.339986176855e-05  ,-8.685311130517e-02  ,1.181583339789e-01  
  1.340036105058e-05  ,2.268499042167e-01  ,3.972512596358e-01  
  1.340074866703e-05  ,4.703580011504e-01  ,6.216114075412e-01  
  1.340099230102e-05  ,6.233801377596e-01  ,7.646002881370e-01  
  1.340105728405e-05  ,6.641890158075e-01  ,8.029297689516e-01  
  1.340115778540e-05  ,7.272976283355e-01  ,8.623394316391e-01  
  1.340130521376e-05  ,8.198602005397e-01  ,9.497469297913e-01  
  1.340150598363e-05  ,9.458844473059e-01  ,1.069200114316e+00  
  1.340187623092e-05  ,1.178188138132e+00  ,1.290485798337e+00  
  1.340248708539e-05  ,1.561092312837e+00  ,1.657518691006e+00  
  1.340307484307e-05  ,1.928977608147e+00  ,2.012016305132e+00  
  1.340363372975e-05  ,2.278184055498e+00  ,2.349680232381e+00  
  1.340391037912e-05  ,2.450788373265e+00  ,2.516893457591e+00  
  1.340400050786e-05  ,2.506981252371e+00  ,2.571367243097e+00  
  1.340416025296e-05  ,2.606528419227e+00  ,2.667913041229e+00  
  1.340431739037e-05  ,2.704386527878e+00  ,2.762868245939e+00  
  1.340463166517e-05  ,2.899902643150e+00  ,2.952709135523e+00  
  1.340522212368e-05  ,3.266458160744e+00  ,3.308986458593e+00  
  1.340640304071e-05  ,3.996071635998e+00  ,4.018985648836e+00  
  1.340876487475e-05  ,5.437803591626e+00  ,5.421395896330e+00  
  1.341299531442e-05  ,7.940255821854e+00  ,7.788536561320e+00  
  1.341586639565e-05  ,9.561426307670e+00  ,6.211986708367e+00  
  1.341875684839e-05  ,1.111498219388e+01  ,3.538502657335e+00  
  1.342249703985e-05  ,1.298754661969e+01  ,2.895388887720e+00  
  1.342559648138e-05  ,1.440464687166e+01  ,2.756113691272e+00  
  1.342938733679e-05  ,1.595109030111e+01  ,2.687598603766e+00  
  1.343696904760e-05  ,1.834736011917e+01  ,2.522631859532e+00  
  1.345213246924e-05  ,1.995513549740e+01  ,2.157586114338e+00  
  1.347713363749e-05  ,1.316313642030e+01  ,1.553442442587e+00  
  1.348025878352e-05  ,1.162377306336e+01  ,1.465852193655e+00  
  1.348650907558e-05  ,8.225089692397e+00  ,1.281666506030e+00  
  1.349261631650e-05  ,4.597811765003e+00  ,1.036587586218e+00  
  1.349414312672e-05  ,3.659252424171e+00  ,9.339559295772e-01  
  1.349656046760e-05  ,2.156918812522e+00  ,7.133719697989e-01  
  1.349840057474e-05  ,1.004525698525e+00  ,4.312610264169e-01  
  1.349861871377e-05  ,8.676153762985e-01  ,3.796691996736e-01  
  1.349905499183e-05  ,5.936789236245e-01  ,2.523539498033e-01  
  1.349953955897e-05  ,2.892935439857e-01  ,4.719430420099e-02  
  1.350006054082e-05  ,-3.803889354998e-02  ,-2.281795167150e-01  
  1.350060517826e-05  ,-3.802218064673e-01  ,-5.384505578400e-01  
  1.350088890568e-05  ,-5.584433204452e-01  ,-7.041054018566e-01  
  1.350096733468e-05  ,-6.077007573464e-01  ,-7.502095246415e-01  
  1.350107851131e-05  ,-6.775189930085e-01  ,-8.157488515081e-01  
  1.350120600937e-05  ,-7.575767588019e-01  ,-8.911503052658e-01  
  1.350146100550e-05  ,-9.176545430027e-01  ,-1.042602587382e+00  
  1.350197099774e-05  ,-1.237623171313e+00  ,-1.347427195479e+00  
  1.350258213161e-05  ,-1.620622366838e+00  ,-1.714860624989e+00  
  1.350320993616e-05  ,-2.013445750661e+00  ,-2.093650685812e+00  
  1.350367438673e-05  ,-2.303561452576e+00  ,-2.374283150886e+00  
  1.350393958083e-05  ,-2.468997039635e+00  ,-2.534566666607e+00  
  1.350401927876e-05  ,-2.518681896243e+00  ,-2.582733989269e+00  
  1.350416237647e-05  ,-2.607851273690e+00  ,-2.669214176023e+00  
  1.350432142309e-05  ,-2.706897067299e+00  ,-2.765318458847e+00  
  1.350463951631e-05  ,-2.904783442853e+00  ,-2.957455806235e+00  
  1.350514755278e-05  ,-3.220224085672e+00  ,-3.264020743312e+00  
  1.350616362570e-05  ,-3.848564363853e+00  ,-3.875361494757e+00  
  1.350819577156e-05  ,-5.092845333412e+00  ,-5.086178281900e+00  
  1.351221908508e-05  ,-7.490304239568e+00  ,-7.386254753909e+00  
  1.351527680336e-05  ,-9.234429193386e+00  ,-6.857522195368e+00  
  1.351793591558e-05  ,-1.068251697635e+01  ,-4.294306190817e+00  
  1.352060955642e-05  ,-1.206338062943e+01  ,-3.141041431030e+00  
  1.352562528728e-05  ,-1.441719703868e+01  ,-2.578495627364e+00  
  1.353058588384e-05  ,-1.639396341992e+01  ,-2.762263031985e+00  
  1.354050707697e-05  ,-1.911716729989e+01  ,-2.395236235745e+00  
  1.355452310918e-05  ,-1.979842206051e+01  ,-2.082411918633e+00  
  1.357952427744e-05  ,-1.199620265504e+01  ,-1.508094886027e+00  
  1.358264942347e-05  ,-1.036980587300e+01  ,-1.397746912490e+00  
  1.358889971553e-05  ,-6.834010137555e+00  ,-1.192478901704e+00  
  1.359046228855e-05  ,-5.903449701921e+00  ,-1.123901990743e+00  
  1.359358743458e-05  ,-4.001935340923e+00  ,-9.584565737869e-01  
  1.359436872108e-05  ,-3.519809249407e+00  ,-9.019070268502e-01  
  1.359593129410e-05  ,-2.549487586737e+00  ,-7.666392429149e-01  
  1.359744674219e-05  ,-1.602539414265e+00  ,-5.858006269214e-01  
  1.359825522332e-05  ,-1.095726632819e+00  ,-4.473775945144e-01  
  1.359863958015e-05  ,-8.545168027646e-01  ,-3.627891289159e-01  
  1.359901169008e-05  ,-6.208736685142e-01  ,-2.592981810933e-01  
  1.359954580358e-05  ,-2.853703441186e-01  ,-4.120679468953e-02  
  1.360015609926e-05  ,9.807966568817e-02  ,2.825676514099e-01  
  1.360071405462e-05  ,4.486161192768e-01  ,6.023988123632e-01  
  1.360095936498e-05  ,6.026955404117e-01  ,7.459750893002e-01  
  1.360102335848e-05  ,6.428843379468e-01  ,7.836379619481e-01  
  1.360114552472e-05  ,7.195990603352e-01  ,8.557356457281e-01  
  1.360128745828e-05  ,8.087133547781e-01  ,9.397848963839e-01  
  1.360153286178e-05  ,9.627532537467e-01  ,1.085704432603e+00  
  1.360196769629e-05  ,1.235552780801e+00  ,1.345665770866e+00  
  1.360252648984e-05  ,1.585774116763e+00  ,1.681496690455e+00  
  1.360310176779e-05  ,1.945815348279e+00  ,2.028441393242e+00  
  1.360364817475e-05  ,2.287200806821e+00  ,2.358525845062e+00  
  1.360391248409e-05  ,2.452100995344e+00  ,2.518261092090e+00  
  1.360399987707e-05  ,2.506588044120e+00  ,2.571075555393e+00  
  1.360415161281e-05  ,2.601145852545e+00  ,2.662771258168e+00  
  1.360431156746e-05  ,2.700761443661e+00  ,2.759420123074e+00  
  1.360463147676e-05  ,2.899785514763e+00  ,2.952648514059e+00  
  1.360516344822e-05  ,3.230080774175e+00  ,3.273640162744e+00  
  1.360622739113e-05  ,3.887872838730e+00  ,3.913641241273e+00  
  1.360835527694e-05  ,5.189697448002e+00  ,5.180298960479e+00  
  1.361244341052e-05  ,7.620806905227e+00  ,7.505904405243e+00  
  1.361543966150e-05  ,9.325074350244e+00  ,6.681060944965e+00  
  1.361820345438e-05  ,1.082425020631e+01  ,4.110959162180e+00  
  1.362104026294e-05  ,1.227812056419e+01  ,3.066719176208e+00  
  1.362611559844e-05  ,1.462899676314e+01  ,2.596503043008e+00  
  1.363121254063e-05  ,1.661630460115e+01  ,2.739738210116e+00  
  1.364140642500e-05  ,1.927555064241e+01  ,2.375862363987e+00  
  1.365707946634e-05  ,1.950738249489e+01  ,2.065946701865e+00  
  1.368208063460e-05  ,1.067372435249e+01  ,1.406168600140e+00  
  1.368520578063e-05  ,8.964417674638e+00  ,1.320416481264e+00  
  1.369145607269e-05  ,5.304078080986e+00  ,1.084117276920e+00  
  1.369301864571e-05  ,4.351430783435e+00  ,9.977010274355e-01  
  1.369614379174e-05  ,2.417004800305e+00  ,7.581129979212e-01  
  1.369816401667e-05  ,1.152942818799e+00  ,4.812336606793e-01  
  1.369922814584e-05  ,4.849227470029e-01  ,1.923714542348e-01  
  1.369966759040e-05  ,2.088553174572e-01  ,-1.441226071281e-02  
  1.370023523151e-05  ,-1.477989688062e-01  ,-3.248505045231e-01  
  1.370065712063e-05  ,-4.128517439452e-01  ,-5.677265706109e-01  
  1.370090094088e-05  ,-5.660022725387e-01  ,-7.104346761284e-01  
  1.370096335114e-05  ,-6.051989724829e-01  ,-7.471612777352e-01  
  1.370108323563e-05  ,-6.804856596405e-01  ,-8.178947534151e-01  
  1.370120773018e-05  ,-7.586571952468e-01  ,-8.915808275182e-01  
  1.370145671927e-05  ,-9.149642558427e-01  ,-1.039552192892e+00  
  1.370191348643e-05  ,-1.201555001080e+00  ,-1.312566743411e+00  
  1.370250441060e-05  ,-1.571944618547e+00  ,-1.667755715212e+00  
  1.370311368183e-05  ,-1.953265509454e+00  ,-2.035302924041e+00  
  1.370367927403e-05  ,-2.306611771013e+00  ,-2.377061743971e+00  
  1.370394674987e-05  ,-2.473466963456e+00  ,-2.538738851875e+00  
  1.370403166321e-05  ,-2.526401133129e+00  ,-2.590061936634e+00  
  1.370418081452e-05  ,-2.619336893568e+00  ,-2.680206836409e+00  
  1.370434482042e-05  ,-2.721462045227e+00  ,-2.779313114565e+00  
  1.370467283223e-05  ,-2.925492898222e+00  ,-2.977445418833e+00  
  1.370527130012e-05  ,-3.296937834736e+00  ,-3.338514157854e+00  
  1.370646823589e-05  ,-4.036200584794e+00  ,-4.057941487835e+00  
  1.370886210744e-05  ,-5.496569746145e+00  ,-5.478252886543e+00  
  1.371324081366e-05  ,-8.081592506844e+00  ,-7.900838374978e+00  
  1.371605713312e-05  ,-9.666515425844e+00  ,-5.981454529671e+00  
  1.371879969184e-05  ,-1.113735150666e+01  ,-3.553510500749e+00  
  1.372335721199e-05  ,-1.339375806164e+01  ,-2.814854853813e+00  
  1.372874174659e-05  ,-1.570312760970e+01  ,-2.630949109764e+00  
  1.373459268753e-05  ,-1.770248859491e+01  ,-2.552303160186e+00  
  1.374629456942e-05  ,-1.986464116121e+01  ,-2.298261403623e+00  
  1.376969833319e-05  ,-1.629102208776e+01  ,-1.733771110113e+00  
  1.379469950144e-05  ,-3.315031379530e+00  ,-1.003243798886e+00  
  1.379723344390e-05  ,-1.736090789594e+00  ,-7.030253663388e-01  
  1.379786692951e-05  ,-1.339244839204e+00  ,-5.804223208635e-01  
  1.379841566478e-05  ,-9.950562051295e-01  ,-4.582878208653e-01  
  1.379879592378e-05  ,-7.563629903734e-01  ,-3.559771128416e-01  
  1.379917175901e-05  ,-5.203404437442e-01  ,-2.233628789542e-01  
  1.379967169297e-05  ,-2.062777361134e-01  ,1.397818766135e-02  
  1.380017348957e-05  ,1.090061712861e-01  ,2.891589581940e-01  
  1.380079039764e-05  ,4.965704521696e-01  ,6.454221766154e-01  
  1.380100353081e-05  ,6.304325585289e-01  ,7.708007510134e-01  
  1.380106927055e-05  ,6.717161507014e-01  ,8.096336604731e-01  
  1.380118234475e-05  ,7.427182978472e-01  ,8.765752719465e-01  
  1.380133075100e-05  ,8.358919672038e-01  ,9.646889013961e-01  
  1.380156702754e-05  ,9.841947855388e-01  ,1.105478007924e+00  
  1.380198384096e-05  ,1.245677236781e+00  ,1.355000043073e+00  
  1.380252978225e-05  ,1.587836278628e+00  ,1.683356624145e+00  
  1.380309323241e-05  ,1.940477779530e+00  ,2.023320871783e+00  
  1.380362967421e-05  ,2.275652453405e+00  ,2.347484827163e+00  
  1.380389524084e-05  ,2.441348120403e+00  ,2.508021710662e+00  
  1.380398404245e-05  ,2.496716993064e+00  ,2.561700913743e+00  
  1.380414055121e-05  ,2.594254520576e+00  ,2.656303670876e+00  
  1.380429531374e-05  ,2.690642120362e+00  ,2.749836937211e+00  
  1.380460483879e-05  ,2.883224230027e+00  ,2.936837116351e+00  
  1.380514528528e-05  ,3.218817959594e+00  ,3.263018692236e+00  
  1.380622617826e-05  ,3.887125310041e+00  ,3.913336049529e+00  
  1.380838796422e-05  ,5.209529246733e+00  ,5.200179325803e+00  
  1.381241798327e-05  ,7.606033349868e+00  ,7.494672307638e+00  
  1.381542727277e-05  ,9.318187458421e+00  ,6.754676683025e+00  
  1.381821416244e-05  ,1.082990713873e+01  ,4.130903932480e+00  
  1.382097795532e-05  ,1.224719363181e+01  ,3.084750005206e+00  
  1.382608681843e-05  ,1.461666006437e+01  ,2.591536601409e+00  
  1.383110180423e-05  ,1.657748075878e+01  ,2.742618459091e+00  
  1.384113177583e-05  ,1.922880875002e+01  ,2.382996507964e+00  
  1.385642930791e-05  ,1.959341514105e+01  ,2.081257083548e+00  
  1.388143047616e-05  ,1.101694080800e+01  ,1.423322005331e+00  
  1.388455562220e-05  ,9.327695768169e+00  ,1.341100885352e+00  
  1.389080591426e-05  ,5.696823247338e+00  ,1.114427297129e+00  
  1.389236848727e-05  ,4.749215956358e+00  ,1.030002973537e+00  
  1.389549363331e-05  ,2.821984985867e+00  ,8.121605592082e-01  
  1.389627491981e-05  ,2.335198180905e+00  ,7.325478443802e-01  
  1.389760224075e-05  ,1.505132204013e+00  ,5.607921804455e-01  
  1.389817677364e-05  ,1.144940610750e+00  ,4.609643371440e-01  
  1.389838231654e-05  ,1.015983022962e+00  ,4.191079247710e-01  
  1.389858264402e-05  ,8.902567722648e-01  ,3.743550634098e-01  
  1.389898329899e-05  ,6.387034689768e-01  ,2.665787907302e-01  
  1.389951312841e-05  ,3.058985169282e-01  ,5.616568934661e-02  
  1.390006773100e-05  ,-4.255660946809e-02  ,-2.336518808960e-01  
  1.390060780496e-05  ,-3.818719125604e-01  ,-5.408540522682e-01  
  1.390088403524e-05  ,-5.553843165346e-01  ,-7.018997815650e-01  
  1.390095902999e-05  ,-6.024851513183e-01  ,-7.459304314215e-01  
  1.390107844882e-05  ,-6.774797508247e-01  ,-8.162617820069e-01  
  1.390120822862e-05  ,-7.589701512550e-01  ,-8.929637075007e-01  
  1.390146778823e-05  ,-9.219117482742e-01  ,-1.047058070645e+00  
  1.390198690743e-05  ,-1.247600211847e+00  ,-1.357271275058e+00  
  1.390260381550e-05  ,-1.634201577071e+00  ,-1.728145441091e+00  
  1.390329029337e-05  ,-2.063672700131e+00  ,-2.142347153761e+00  
  1.390376014561e-05  ,-2.357078318245e+00  ,-2.426239817889e+00  
  1.390403423384e-05  ,-2.528003365153e+00  ,-2.591884078551e+00  
  1.390410447885e-05  ,-2.571779410295e+00  ,-2.634332767183e+00  
  1.390424091761e-05  ,-2.656770816499e+00  ,-2.716776966990e+00  
  1.390439030175e-05  ,-2.749770218180e+00  ,-2.807028308526e+00  
  1.390461549555e-05  ,-2.889849959640e+00  ,-2.943038824082e+00  
  1.390506122653e-05  ,-3.166679626395e+00  ,-3.212036783538e+00  
  1.390595268850e-05  ,-3.718422011206e+00  ,-3.748751642325e+00  
  1.390773561244e-05  ,-4.812727371645e+00  ,-4.813820247189e+00  
  1.391130146031e-05  ,-6.952667059543e+00  ,-6.881235099258e+00  
  1.391486507301e-05  ,-9.004191673472e+00  ,-7.298763901620e+00  
  1.391736101751e-05  ,-1.037541488387e+01  ,-4.763294279915e+00  
  1.391982902233e-05  ,-1.166862444365e+01  ,-3.305360263480e+00  
  1.392476503198e-05  ,-1.403735772847e+01  ,-2.514614911478e+00  
  1.392972786371e-05  ,-1.607924540006e+01  ,-2.809098216297e+00  
  1.393913049643e-05  ,-1.884523141271e+01  ,-2.417437620915e+00  
  1.395078022425e-05  ,-1.999399218036e+01  ,-2.223740230538e+00  
  1.397407967989e-05  ,-1.454505549962e+01  ,-1.601237480380e+00  
  1.397720482592e-05  ,-1.312942791132e+01  ,-1.549095637816e+00  
  1.398345511798e-05  ,-9.933659094754e+00  ,-1.376019455022e+00  
  1.399595570211e-05  ,-2.534275947623e+00  ,-8.439891397576e-01  
  1.399619556424e-05  ,-2.384710413270e+00  ,-8.102638097752e-01  
  1.399667528850e-05  ,-2.085181609502e+00  ,-7.412142053267e-01  
  1.399736260456e-05  ,-1.655229011693e+00  ,-6.344822148171e-01  
  1.399771385287e-05  ,-1.435194001010e+00  ,-5.738498054289e-01  
  1.399803562482e-05  ,-1.233470046375e+00  ,-5.128873096143e-01  
  1.399824081846e-05  ,-1.104763766956e+00  ,-4.706659734419e-01  
  1.399848710672e-05  ,-9.502210325152e-01  ,-4.154618545487e-01  
  1.399897968323e-05  ,-6.409741593377e-01  ,-2.802968868683e-01  
  1.399957377390e-05  ,-2.677977563263e-01  ,-3.134124552790e-02  
  1.400022411645e-05  ,1.408153552747e-01  ,3.195349328310e-01  
  1.400085071028e-05  ,5.344534028096e-01  ,6.815832791627e-01  
  1.400102291182e-05  ,6.426038367035e-01  ,7.828240115188e-01  
  1.400108968765e-05  ,6.845372199854e-01  ,8.222303122323e-01  
  1.400119851269e-05  ,7.528698146039e-01  ,8.866038828573e-01  
  1.400136279800e-05  ,8.560096675333e-01  ,9.840938728170e-01  
  1.400160950535e-05  ,1.010851160425e+00  ,1.131070323549e+00  
  1.400206557401e-05  ,1.296927761447e+00  ,1.404133805112e+00  
  1.400261868649e-05  ,1.643513870607e+00  ,1.736880489774e+00  
  1.400323009976e-05  ,2.026050145094e+00  ,2.105840649821e+00  
  1.400365962573e-05  ,2.294348320994e+00  ,2.365382815739e+00  
  1.400391043090e-05  ,2.450820663365e+00  ,2.516974087969e+00  
  1.400399018704e-05  ,2.500547503236e+00  ,2.565178799167e+00  
  1.400412983886e-05  ,2.587580468860e+00  ,2.649580774409e+00  
  1.400428634761e-05  ,2.685059646758e+00  ,2.744157796732e+00  
  1.400459936513e-05  ,2.879820909222e+00  ,2.933246719823e+00  
  1.400501720301e-05  ,3.139364733934e+00  ,3.185449970346e+00  
  1.400585287875e-05  ,3.656784928015e+00  ,3.688758556173e+00  
  1.400752423024e-05  ,4.683709585189e+00  ,4.688336581480e+00  
  1.401086693323e-05  ,6.696033977838e+00  ,6.636180696832e+00  
  1.401542296326e-05  ,9.315791472991e+00  ,6.938560060169e+00  
  1.401824412561e-05  ,1.084572977141e+01  ,4.309674154747e+00  
  1.402115618503e-05  ,1.233553423344e+01  ,3.065027749589e+00  
  1.402698030389e-05  ,1.499403449995e+01  ,2.760628828035e+00  
  1.403230001843e-05  ,1.698681411823e+01  ,2.655558336513e+00  
  1.404281427777e-05  ,1.949254742515e+01  ,2.384890302155e+00  
  1.406384279645e-05  ,1.813837606859e+01  ,1.872060102166e+00  
  1.408884396470e-05  ,6.866920468418e+00  ,1.242940720697e+00  
  1.409196911073e-05  ,4.992593952165e+00  ,1.053539947427e+00  
  1.409275039724e-05  ,4.515782191707e+00  ,1.007831204859e+00  
  1.409431297025e-05  ,3.554286372364e+00  ,9.047159477156e-01  
  1.409616332194e-05  ,2.404823093823e+00  ,7.458269808692e-01  
  1.409798517516e-05  ,1.265106592448e+00  ,5.039830143486e-01  
  1.409820128857e-05  ,1.129562351761e+00  ,4.621840823251e-01  
  1.409863351537e-05  ,8.583239165259e-01  ,3.667166436693e-01  
  1.409916436924e-05  ,5.249819844145e-01  ,2.076831140794e-01  
  1.409974635272e-05  ,1.593696001610e-01  ,-5.956829499513e-02  
  1.410032889499e-05  ,-2.066471396150e-01  ,-3.801714769692e-01  
  1.410070747762e-05  ,-4.444846984734e-01  ,-5.985353427799e-01  
  1.410094845733e-05  ,-5.958451390894e-01  ,-7.396024396891e-01  
  1.410101164757e-05  ,-6.355299116565e-01  ,-7.767931477316e-01  
  1.410111722462e-05  ,-7.018288148973e-01  ,-8.390817484308e-01  
  1.410125780777e-05  ,-7.900982740909e-01  ,-9.222879965172e-01  
  1.410147988164e-05  ,-9.295021181286e-01  ,-1.054247014510e+00  
  1.410187611282e-05  ,-1.178114067784e+00  ,-1.290912910027e+00  
  1.410247579143e-05  ,-1.554017658668e+00  ,-1.651112864693e+00  
  1.410306960270e-05  ,-1.925700313436e+00  ,-2.009182301801e+00  
  1.410362653360e-05  ,-2.273691956663e+00  ,-2.345618404038e+00  
  1.410390634947e-05  ,-2.448275533365e+00  ,-2.514728468617e+00  
  1.410399654806e-05  ,-2.504512842657e+00  ,-2.569239587897e+00  
  1.410415929668e-05  ,-2.605932692905e+00  ,-2.667592595558e+00  
  1.410431436189e-05  ,-2.702501145175e+00  ,-2.761288679457e+00  
  1.410462449231e-05  ,-2.895443355216e+00  ,-2.948615365607e+00  
  1.410522836187e-05  ,-3.270325035815e+00  ,-3.312964766445e+00  
  1.410643610098e-05  ,-4.016423005472e+00  ,-4.038987783182e+00  
  1.410885157921e-05  ,-5.490209089294e+00  ,-5.472384971316e+00  
  1.411312523224e-05  ,-8.015110352782e+00  ,-7.851040464710e+00  
  1.411595496275e-05  ,-9.610266349098e+00  ,-6.113836293777e+00  
  1.411875489094e-05  ,-1.111395969170e+01  ,-3.559859531842e+00  
  1.412282216289e-05  ,-1.314221514765e+01  ,-2.861251896815e+00  
  1.412611978986e-05  ,-1.463079243823e+01  ,-2.730626818135e+00  
  1.413004401066e-05  ,-1.619657827343e+01  ,-2.669539491517e+00  
  1.413789245226e-05  ,-1.857054788876e+01  ,-2.501388807216e+00  
  1.415358933546e-05  ,-1.987298131486e+01  ,-2.121380138888e+00  
  1.417859050371e-05  ,-1.246042334114e+01  ,-1.518199804011e+00  
  1.418171564974e-05  ,-1.086695606958e+01  ,-1.425113471678e+00  
  1.418796594181e-05  ,-7.382383488439e+00  ,-1.230537059626e+00  
  1.418952851482e-05  ,-6.461395330944e+00  ,-1.167963496088e+00  
  1.419265366085e-05  ,-4.574972905892e+00  ,-1.016743018735e+00  
  1.419599748143e-05  ,-2.508234651744e+00  ,-7.766776558329e-01  
  1.419840178378e-05  ,-1.003766992495e+00  ,-4.407417494834e-01  
  1.419857182000e-05  ,-8.970509102625e-01  ,-4.003637528519e-01  
  1.419891189244e-05  ,-6.835449989981e-01  ,-3.057123943035e-01  
  1.419934062679e-05  ,-4.142667781993e-01  ,-1.432700040980e-01  
  1.419984288905e-05  ,-9.871531804462e-02  ,1.077040656703e-01  
  1.420031534900e-05  ,1.981363766206e-01  ,3.709429091075e-01  
  1.420068997350e-05  ,4.334891886410e-01  ,5.871988701328e-01  
  1.420091207065e-05  ,5.729924778877e-01  ,7.172357645465e-01  
  1.420096979519e-05  ,6.092460242722e-01  ,7.512011090700e-01  
  1.420107881814e-05  ,6.777116656766e-01  ,8.155068960186e-01  
  1.420120359208e-05  ,7.560590158204e-01  ,8.893299604809e-01  
  1.420145169641e-05  ,9.118115955695e-01  ,1.036728095546e+00  
  1.420184983682e-05  ,1.161632633041e+00  ,1.274557359655e+00  
  1.420247279849e-05  ,1.552142814481e+00  ,1.648807826176e+00  
  1.420308039333e-05  ,1.932448654027e+00  ,2.015266514475e+00  
  1.420364999022e-05  ,2.288334015161e+00  ,2.359410356152e+00  
  1.420392845567e-05  ,2.462060213483e+00  ,2.527722867574e+00  
  1.420401651222e-05  ,2.516957457251e+00  ,2.580944057271e+00  
  1.420417395230e-05  ,2.615062311678e+00  ,2.676096129626e+00  
  1.420433355771e-05  ,2.714451122027e+00  ,2.772541321502e+00  
  1.420465276852e-05  ,2.913021508180e+00  ,2.965357786569e+00  
  1.420523093357e-05  ,3.271919128350e+00  ,3.314201884516e+00  
  1.420638726368e-05  ,3.986358035268e+00  ,4.009427388037e+00  
  1.420869992390e-05  ,5.398519848485e+00  ,5.383130282082e+00  
  1.421297581210e-05  ,7.929007758137e+00  ,7.778441950670e+00  
  1.421586216703e-05  ,9.559092592378e+00  ,6.213648851626e+00  
  1.421877534404e-05  ,1.112464156733e+01  ,3.525746202960e+00  
  1.422249355629e-05  ,1.298588204169e+01  ,2.517018499184e+00  
  1.422797271326e-05  ,1.539933070984e+01  ,2.475377452745e+00  
  1.423372605160e-05  ,1.744256280889e+01  ,2.712638891159e+00  
  1.424523272827e-05  ,1.977611364811e+01  ,2.255122220712e+00  
  1.426705100849e-05  ,1.719850388072e+01  ,1.851855096803e+00  
  1.429205217674e-05  ,4.942037420238e+00  ,1.080503770557e+00  
  1.429456078723e-05  ,3.400950747704e+00  ,9.185261370042e-01  
  1.429886722281e-05  ,7.115946760497e-01  ,3.536635385735e-01  
  1.430068833097e-05  ,-4.324574003244e-01  ,-5.804381136717e-01  
  1.430165709272e-05  ,-1.040711831400e+00  ,-1.156089564962e+00  
  1.430187844481e-05  ,-1.179576749819e+00  ,-1.288962710146e+00  
  1.430209921483e-05  ,-1.318019692404e+00  ,-1.421742674299e+00  
  1.430254075486e-05  ,-1.594708716268e+00  ,-1.687876726031e+00  
  1.430300902385e-05  ,-1.887810879205e+00  ,-1.970707973936e+00  
  1.430346849184e-05  ,-2.175007545717e+00  ,-2.248547294479e+00  
  1.430374104339e-05  ,-2.345159261768e+00  ,-2.413415918767e+00  
  1.430401764620e-05  ,-2.517664290586e+00  ,-2.580728029922e+00  
  1.430407614490e-05  ,-2.554123445094e+00  ,-2.616108481953e+00  
  1.430419314229e-05  ,-2.627015751541e+00  ,-2.686863379370e+00  
  1.430435507601e-05  ,-2.727845742818e+00  ,-2.784774401284e+00  
  1.430453402964e-05  ,-2.839191169256e+00  ,-2.892942848097e+00  
  1.430479363581e-05  ,-3.000558361350e+00  ,-3.049782503019e+00  
  1.430531284814e-05  ,-3.322683268176e+00  ,-3.363090025428e+00  
  1.430635127281e-05  ,-3.964195509790e+00  ,-3.987583508627e+00  
  1.430842812216e-05  ,-5.233886063925e+00  ,-5.223239488962e+00  
  1.431258182084e-05  ,-7.701139539730e+00  ,-7.580851129514e+00  
  1.431549760555e-05  ,-9.357266656088e+00  ,-6.661089648411e+00  
  1.431843574201e-05  ,-1.094668871806e+01  ,-3.977966188003e+00  
  1.432130198037e-05  ,-1.240751109606e+01  ,-3.037720717032e+00  
  1.432645554697e-05  ,-1.477380979431e+01  ,-2.609362392606e+00  
  1.433157186066e-05  ,-1.674089374992e+01  ,-2.724094460628e+00  
  1.434180448806e-05  ,-1.934074799822e+01  ,-2.369639349052e+00  
  1.435862491881e-05  ,-1.927028878873e+01  ,-2.026876763769e+00  
  1.438362608706e-05  ,-9.840280354622e+00  ,-1.366730011035e+00  
  1.438675123309e-05  ,-8.086163289277e+00  ,-1.273039518680e+00  
  1.439300152516e-05  ,-4.361929617550e+00  ,-1.002005653478e+00  
  1.439456409817e-05  ,-3.398900699470e+00  ,-8.896249410363e-01  
  1.439495474143e-05  ,-3.156772825397e+00  ,-8.574073216998e-01  
  1.439573602793e-05  ,-2.671127287407e+00  ,-7.865952388170e-01  
  1.439671093640e-05  ,-2.062904131778e+00  ,-6.814440445897e-01  
  1.439787043301e-05  ,-1.337048460559e+00  ,-5.145682800268e-01  
  1.439845791129e-05  ,-9.685439417508e-01  ,-4.013746210874e-01  
  1.439865211533e-05  ,-8.466478412585e-01  ,-3.565706795229e-01  
  1.439884576058e-05  ,-7.250710953829e-01  ,-3.062708299829e-01  
  1.439923305107e-05  ,-4.818416007602e-01  ,-1.780874645949e-01  
  1.439971435858e-05  ,-1.794713912715e-01  ,4.422217802558e-02  
  1.440017387313e-05  ,1.092471688298e-01  ,2.931816521135e-01  
  1.440070929048e-05  ,4.456234736988e-01  ,5.999412896359e-01  
  1.440097937403e-05  ,6.152617654972e-01  ,7.580474700853e-01  
  1.440105214525e-05  ,6.609619816493e-01  ,8.009030700929e-01  
  1.440116598779e-05  ,7.324479094699e-01  ,8.681202442001e-01  
  1.440130522051e-05  ,8.198644394470e-01  ,9.505891092641e-01  
  1.440157083371e-05  ,9.865833718359e-01  ,1.108577064764e+00  
  1.440195803107e-05  ,1.229491487168e+00  ,1.340078557236e+00  
  1.440251132981e-05  ,1.576278602966e+00  ,1.672540934727e+00  
  1.440307403491e-05  ,1.928472195968e+00  ,2.011849547032e+00  
  1.440360833468e-05  ,2.262330994621e+00  ,2.334586165750e+00  
  1.440387571739e-05  ,2.429172448049e+00  ,2.496170982389e+00  
  1.440396951321e-05  ,2.487659156474e+00  ,2.552853611619e+00  
  1.440413216870e-05  ,2.589032041914e+00  ,2.651146849590e+00  
  1.440428418383e-05  ,2.683712400145e+00  ,2.742998332391e+00  
  1.440458821408e-05  ,2.872887334473e+00  ,2.926642714320e+00  
  1.440519627459e-05  ,3.250433702181e+00  ,3.293542465935e+00  
  1.440641239561e-05  ,4.001830800588e+00  ,4.024679784953e+00  
  1.440884463764e-05  ,5.486014995528e+00  ,5.468160859098e+00  
  1.441303260900e-05  ,7.961757366516e+00  ,7.807858373102e+00  
  1.441580310739e-05  ,9.526480833322e+00  ,6.273253740357e+00  
  1.441859223224e-05  ,1.102884625717e+01  ,3.623093274945e+00  
  1.442230858184e-05  ,1.289727143327e+01  ,2.899382476949e+00  
  1.442536257483e-05  ,1.430230245651e+01  ,2.752537947693e+00  
  1.442910649158e-05  ,1.584402173016e+01  ,2.689618039227e+00  
  1.443659432508e-05  ,1.825237435458e+01  ,2.531690849532e+00  
  1.445156999208e-05  ,1.997567758909e+01  ,2.171295921265e+00  
  1.447657116033e-05  ,1.342714675553e+01  ,1.567156960802e+00  
  1.447969630636e-05  ,1.190954132715e+01  ,1.481212503761e+00  
  1.448594659842e-05  ,8.545933677379e+00  ,1.300347817741e+00  
  1.449255079306e-05  ,4.637868915892e+00  ,1.042190270695e+00  
  1.449420184172e-05  ,3.622977234646e+00  ,9.313549645956e-01  
  1.449461460389e-05  ,3.367624369199e+00  ,8.964842045073e-01  
  1.449544012822e-05  ,2.855262886137e+00  ,8.219743446096e-01  
  1.449648432709e-05  ,2.204474065742e+00  ,7.126950508090e-01  
  1.449756298490e-05  ,1.529726286838e+00  ,5.688040496155e-01  
  1.449806981064e-05  ,1.212030640861e+00  ,4.824095938713e-01  
  1.449824040565e-05  ,1.105022746212e+00  ,4.492518117577e-01  
  1.449845228154e-05  ,9.720770537433e-01  ,4.046645674699e-01  
  1.449872874464e-05  ,7.985409763793e-01  ,3.390023752662e-01  
  1.449928167086e-05  ,4.513012036574e-01  ,1.594570391789e-01  
  1.449981513243e-05  ,1.161550681900e-01  ,-9.644488090782e-02  
  1.450034766268e-05  ,-2.184385588044e-01  ,-3.912257464812e-01  
  1.450074193809e-05  ,-4.661312390381e-01  ,-6.187749745940e-01  
  1.450098384913e-05  ,-6.180722156684e-01  ,-7.605055473704e-01  
  1.450104829665e-05  ,-6.585451526409e-01  ,-7.984641728201e-01  
  1.450114977589e-05  ,-7.222684080292e-01  ,-8.583731809460e-01  
  1.450129364194e-05  ,-8.125954674929e-01  ,-9.435687155435e-01  
  1.450150041883e-05  ,-9.423918834320e-01  ,-1.066478912219e+00  
  1.450187220281e-05  ,-1.175661588060e+00  ,-1.288534853541e+00  
  1.450248622378e-05  ,-1.560552596482e+00  ,-1.657316676531e+00  
  1.450307640290e-05  ,-1.929953104049e+00  ,-2.013184766256e+00  
  1.450363724535e-05  ,-2.280378582648e+00  ,-2.351971756100e+00  
  1.450391356876e-05  ,-2.452777367286e+00  ,-2.518964737414e+00  
  1.450400318527e-05  ,-2.508650242980e+00  ,-2.573121930933e+00  
  1.450416206890e-05  ,-2.607659671997e+00  ,-2.669135453537e+00  
  1.450432018419e-05  ,-2.706125809129e+00  ,-2.764670751101e+00  
  1.450463641477e-05  ,-2.902855339363e+00  ,-2.955672778627e+00  
  1.450522463811e-05  ,-3.268016800959e+00  ,-3.310568679772e+00  
  1.450640108479e-05  ,-3.994867469869e+00  ,-4.017837501887e+00  
  1.450875397814e-05  ,-5.431214649822e+00  ,-5.414965199046e+00  
  1.451298963321e-05  ,-7.936979462617e+00  ,-7.785312917566e+00  
  1.451586108697e-05  ,-9.558496498947e+00  ,-6.211113583644e+00  
  1.451875228477e-05  ,-1.111259826051e+01  ,-3.538458271439e+00  
  1.452249173117e-05  ,-1.298500987237e+01  ,-2.895687177911e+00  
  1.452559117270e-05  ,-1.440233269674e+01  ,-2.756347247787e+00  
  1.452938202811e-05  ,-1.594907792460e+01  ,-2.687767234711e+00  
  1.453696373893e-05  ,-1.834603218486e+01  ,-2.522762326268e+00  
  1.455212716056e-05  ,-1.995535851231e+01  ,-2.157720690252e+00  
  1.457712832881e-05  ,-1.316564750221e+01  ,-1.553569068815e+00  
  1.458025347484e-05  ,-1.162648726106e+01  ,-1.465998329767e+00  
  1.458650376690e-05  ,-8.228129992210e+00  ,-1.281846032076e+00  
  1.459261100782e-05  ,-4.601057904499e+00  ,-1.036866937913e+00  
  1.459413781805e-05  ,-3.662531609882e+00  ,-9.343136254025e-01  
  1.459655702157e-05  ,-2.159071378085e+00  ,-7.137601589556e-01  
  1.459840010894e-05  ,-1.004818000405e+00  ,-4.313808241675e-01  
  1.459861850408e-05  ,-8.677470026408e-01  ,-3.797348245783e-01  
  1.459905529437e-05  ,-5.934889157778e-01  ,-2.522580212019e-01  
  1.459954069970e-05  ,-2.885768766889e-01  ,-4.664058771229e-02  
  1.460006177468e-05  ,3.881415093697e-02  ,2.288626767730e-01  
  1.460060715718e-05  ,3.814649736211e-01  ,5.395970392425e-01  
  1.460089111743e-05  ,5.598324616693e-01  ,7.054023733198e-01  
  1.460096892943e-05  ,6.087023050427e-01  ,7.511467268186e-01  
  1.460108069978e-05  ,6.788932574173e-01  ,8.170397814212e-01  
  1.460120812799e-05  ,7.589069694838e-01  ,8.924040823590e-01  
  1.460146298442e-05  ,9.188966243304e-01  ,1.043779846756e+00  
  1.460197269726e-05  ,1.238688965486e+00  ,1.348445395189e+00  
  1.460258336547e-05  ,1.621395075055e+00  ,1.715603241040e+00  
  1.460321089062e-05  ,2.014042411666e+00  ,2.094226409793e+00  
  1.460367371138e-05  ,2.303139942052e+00  ,2.373874256825e+00  
  1.460393834669e-05  ,2.468227534874e+00  ,2.533820034695e+00  
  1.460401804462e-05  ,2.517912633537e+00  ,2.581987396030e+00  
  1.460416097935e-05  ,2.606980927160e+00  ,2.668369178231e+00  
  1.460431997940e-05  ,2.705998314145e+00  ,2.764445492707e+00  
  1.460463797949e-05  ,2.903828064581e+00  ,2.956527124599e+00  
  1.460514592282e-05  ,3.219213313291e+00  ,3.263037273075e+00  
  1.460616180949e-05  ,3.847444520873e+00  ,3.874270824716e+00  
  1.460819358281e-05  ,5.091515424650e+00  ,5.084884944183e+00  
  1.461222434692e-05  ,7.493369628377e+00  ,7.389088735925e+00  
  1.461528318278e-05  ,9.237984476978e+00  ,6.851696755573e+00  
  1.461794862799e-05  ,1.068926874997e+01  ,4.286248317162e+00  
  1.462062748424e-05  ,1.207236333708e+01  ,3.137920757366e+00  
  1.462565141074e-05  ,1.442856830950e+01  ,2.578841325145e+00  
  1.463061573259e-05  ,1.640469871996e+01  ,2.761272852879e+00  
  1.464054437630e-05  ,1.912404028098e+01  ,2.394409967302e+00  
  1.465462299339e-05  ,1.978943665981e+01  ,2.080058141639e+00  
  1.467962416164e-05  ,1.194592746265e+01  ,1.505530235804e+00  
  1.468274930767e-05  ,1.031609063672e+01  ,1.394835628322e+00  
  1.468899959974e-05  ,6.774995029412e+00  ,1.188615633027e+00  
  1.469056217275e-05  ,5.843457933040e+00  ,1.119402937502e+00  
  1.469368731878e-05  ,3.940425872199e+00  ,9.520121339503e-01  
  1.469446860529e-05  ,3.458012475666e+00  ,8.945554858920e-01  
  1.469603117831e-05  ,2.487228036246e+00  ,7.566320592811e-01  
  1.469746765025e-05  ,1.589444392505e+00  ,5.823621115230e-01  
  1.469824539773e-05  ,1.101890910456e+00  ,4.489280452744e-01  
  1.469843215119e-05  ,9.847101826382e-01  ,4.098075616552e-01  
  1.469865257196e-05  ,8.463611908676e-01  ,3.588706802903e-01  
  1.469909341350e-05  ,5.695480902255e-01  ,2.311609657545e-01  
  1.469963134542e-05  ,2.316273273947e-01  ,-1.367436915575e-03  
  1.470018110513e-05  ,-1.137910972844e-01  ,-2.968633603012e-01  
  1.470079493984e-05  ,-4.994235156747e-01  ,-6.497187605393e-01  
  1.470099848039e-05  ,-6.272608533873e-01  ,-7.691028145474e-01  
  1.470106504667e-05  ,-6.690637038501e-01  ,-8.083234626698e-01  
  1.470117736417e-05  ,-7.395910607710e-01  ,-8.746680131952e-01  
  1.470133042704e-05  ,-8.356885946039e-01  ,-9.653768255582e-01  
  1.470157289687e-05  ,-9.878781125580e-01  ,-1.109651343882e+00  
  1.470200773138e-05  ,-1.260658538302e+00  ,-1.369733870626e+00  
  1.470255562845e-05  ,-1.604024141558e+00  ,-1.699094741797e+00  
  1.470312261764e-05  ,-1.958853125530e+00  ,-2.041067644680e+00  
  1.470366846580e-05  ,-2.299865941471e+00  ,-2.370819052845e+00  
  1.470392257716e-05  ,-2.458394689669e+00  ,-2.524389311653e+00  
  1.470400811914e-05  ,-2.511725769633e+00  ,-2.576084354931e+00  
  1.470415461618e-05  ,-2.603016889596e+00  ,-2.664612693844e+00  
  1.470431748122e-05  ,-2.704443086675e+00  ,-2.763018291624e+00  
  1.470464321129e-05  ,-2.907080427878e+00  ,-2.959757111247e+00  
  1.470520656831e-05  ,-3.256815279748e+00  ,-3.299655707205e+00  
  1.470633328236e-05  ,-3.953115413648e+00  ,-3.977168258385e+00  
  1.470858671046e-05  ,-5.329992169377e+00  ,-5.316595200537e+00  
  1.471278287746e-05  ,-7.817571971964e+00  ,-7.682252396017e+00  
  1.471569344677e-05  ,-9.465841144378e+00  ,-6.398350781497e+00  
  1.471873551882e-05  ,-1.110383814258e+01  ,-3.509317142703e+00  
  1.472205847777e-05  ,-1.277676897705e+01  ,-2.940137489449e+00  
  1.472495712615e-05  ,-1.412307445233e+01  ,-2.788853339262e+00  
  1.472853564001e-05  ,-1.562259959407e+01  ,-2.711730974795e+00  
  1.473569266773e-05  ,-1.801347976972e+01  ,-2.552326804424e+00  
  1.475000672318e-05  ,-1.999999955388e+01  ,-2.210295506575e+00  
  1.477500789143e-05  ,-1.413862912016e+01  ,-1.604285532939e+00  
  1.477813303746e-05  ,-1.268396151069e+01  ,-1.523074848714e+00  
  1.478438332952e-05  ,-9.423318796828e+00  ,-1.350061115409e+00  
  1.479331657566e-05  ,-4.168532310424e+00  ,-1.012746826784e+00  
  1.479554988719e-05  ,-2.786988852523e+00  ,-8.353095493601e-01  
  1.479610821508e-05  ,-2.439192927853e+00  ,-7.723655708522e-01  
  1.479705574266e-05  ,-1.847294688764e+00  ,-6.521417526489e-01  
  1.479776466541e-05  ,-1.403348033098e+00  ,-5.429257449256e-01  
  1.479818292237e-05  ,-1.141083563309e+00  ,-4.659251201716e-01  
  1.479832099095e-05  ,-1.054463368619e+00  ,-4.376227975761e-01  
  1.479846632383e-05  ,-9.632643525968e-01  ,-4.059878494335e-01  
  1.479870725698e-05  ,-8.120311230061e-01  ,-3.482341499779e-01  
  1.479918912328e-05  ,-5.094337632444e-01  ,-1.980444876899e-01  
  1.479975564681e-05  ,-1.535301317141e-01  ,6.448934166017e-02  
  1.480027225144e-05  ,1.710585381547e-01  ,3.480590943966e-01  
  1.480069185882e-05  ,4.346734928946e-01  ,5.894313617800e-01  
  1.480093051023e-05  ,5.845735560876e-01  ,7.290158866665e-01  
  1.480099259453e-05  ,6.235644635969e-01  ,7.655295957746e-01  
  1.480110346848e-05  ,6.931908311059e-01  ,8.309047732953e-01  
  1.480123001193e-05  ,7.726469705191e-01  ,9.057553941045e-01  
  1.480148309884e-05  ,9.315213600698e-01  ,1.056091265776e+00  
  1.480187956286e-05  ,1.180278019480e+00  ,1.292897458823e+00  
  1.480248110411e-05  ,1.557345602336e+00  ,1.654216585824e+00  
  1.480307631237e-05  ,1.929896491224e+00  ,2.013128571536e+00  
  1.480363482652e-05  ,2.278868690966e+00  ,2.350518764402e+00  
  1.480391119649e-05  ,2.451298074032e+00  ,2.517543818145e+00  
  1.480400108076e-05  ,2.507338378445e+00  ,2.571864082000e+00  
  1.480416038349e-05  ,2.606609730945e+00  ,2.668133000767e+00  
  1.480431803312e-05  ,2.704786671395e+00  ,2.763389009653e+00  
  1.480463333238e-05  ,2.900939106319e+00  ,2.953832808553e+00  
  1.480522118318e-05  ,3.265875162832e+00  ,3.308512751222e+00  
  1.480639688480e-05  ,3.992281685479e+00  ,4.015355903266e+00  
  1.480874828804e-05  ,5.427773718035e+00  ,5.411679135248e+00  
  1.481297500241e-05  ,7.928540699661e+00  ,7.778542430572e+00  
  1.481585055399e-05  ,9.552682661801e+00  ,6.228581712503e+00  
  1.481875441778e-05  ,1.111371252476e+01  ,3.536073068518e+00  
  1.482244953323e-05  ,1.296483278064e+01  ,2.900196817857e+00  
  1.482552476037e-05  ,1.437334820187e+01  ,2.759599846275e+00  
  1.482929475415e-05  ,1.591593117190e+01  ,2.690141303192e+00  
  1.483683474172e-05  ,1.831360753751e+01  ,2.525741280154e+00  
  1.485191471684e-05  ,1.996382755167e+01  ,2.162991047824e+00  
  1.487691588509e-05  ,1.326583516601e+01  ,1.558679342563e+00  
  1.488004103113e-05  ,1.173483832786e+01  ,1.471824398959e+00  
  1.488629132319e-05  ,8.349608558417e+00  ,1.288977017714e+00  
  1.489240303445e-05  ,4.728127403303e+00  ,1.047689809298e+00  
  1.489393096227e-05  ,3.790226791819e+00  ,9.480311929905e-01  
  1.489648911912e-05  ,2.201481467421e+00  ,7.215662902694e-01  
  1.489819027293e-05  ,1.136472565165e+00  ,4.727214294745e-01  
  1.489843241680e-05  ,9.845434953094e-01  ,4.207019215796e-01  
  1.489891670454e-05  ,6.805232277461e-01  ,2.953038124401e-01  
  1.489935293603e-05  ,4.065342806761e-01  ,1.334279047497e-01  
  1.489986488405e-05  ,8.489559865506e-02  ,-1.213256378189e-01  
  1.490036276910e-05  ,-2.279296142750e-01  ,-3.989116190895e-01  
  1.490071532126e-05  ,-4.494117753867e-01  ,-6.026285045399e-01  
  1.490095066648e-05  ,-5.972325674586e-01  ,-7.404762534045e-01  
  1.490101241316e-05  ,-6.360107052824e-01  ,-7.768292148377e-01  
  1.490111548729e-05  ,-7.007378859613e-01  ,-8.376563361985e-01  
  1.490125863157e-05  ,-7.906154794536e-01  ,-9.223971946217e-01  
  1.490146831885e-05  ,-9.222447927965e-01  ,-1.047007373934e+00  
  1.490186217516e-05  ,-1.169371870773e+00  ,-1.282246706458e+00  
  1.490247116699e-05  ,-1.551120808167e+00  ,-1.648044866457e+00  
  1.490306898296e-05  ,-1.925312722774e+00  ,-2.008547300819e+00  
  1.490363019794e-05  ,-2.275979384820e+00  ,-2.347586605796e+00  
  1.490391150392e-05  ,-2.451489781265e+00  ,-2.517602940929e+00  
  1.490400205176e-05  ,-2.507943659255e+00  ,-2.572326570049e+00  
  1.490416349653e-05  ,-2.608549015144e+00  ,-2.669893842936e+00  
  1.490432009842e-05  ,-2.706072410837e+00  ,-2.764520092680e+00  
  1.490463330220e-05  ,-2.900920347402e+00  ,-2.953704324855e+00  
  1.490523605417e-05  ,-3.275093106274e+00  ,-3.317375218612e+00  
  1.490644155811e-05  ,-4.019781910973e+00  ,-4.042031774627e+00  
  1.490885256599e-05  ,-5.490805282221e+00  ,-5.472699378288e+00  
  1.491314857076e-05  ,-8.028543159712e+00  ,-7.860012162666e+00  
  1.491597047817e-05  ,-9.618814626734e+00  ,-6.075268506340e+00  
  1.491874842714e-05  ,-1.111058294190e+01  ,-3.562023042345e+00  
  1.492294608425e-05  ,-1.320080738426e+01  ,-2.848816724376e+00  
  1.492632492255e-05  ,-1.471836417545e+01  ,-2.722014948798e+00  
  1.493030502271e-05  ,-1.629224516108e+01  ,-2.662949415420e+00  
  1.493826522302e-05  ,-1.865622945000e+01  ,-2.492766721213e+00  
  1.495418562363e-05  ,-1.982733901176e+01  ,-2.106643185527e+00  
  1.497918679189e-05  ,-1.216519415623e+01  ,-1.503568817710e+00  
  1.498231193792e-05  ,-1.055053875178e+01  ,-1.407999654697e+00  
  1.498856222998e-05  ,-7.032907293800e+00  ,-1.208344186427e+00  
  1.499012480300e-05  ,-6.105714493543e+00  ,-1.142876344520e+00  
  1.499324994903e-05  ,-4.209466506322e+00  ,-9.819520979185e-01  
  1.499658818166e-05  ,-2.139606297753e+00  ,-7.156534875023e-01  
  1.499705952402e-05  ,-1.844928936119e+00  ,-6.524383389025e-01  
  1.499800220873e-05  ,-1.254425341036e+00  ,-5.007519914488e-01  
  1.499839839335e-05  ,-1.005894574203e+00  ,-4.213255979580e-01  
  1.499862568263e-05  ,-8.632408174420e-01  ,-3.690914076204e-01  
  1.499885022450e-05  ,-7.222681669851e-01  ,-3.101270747991e-01  
  1.499929930824e-05  ,-4.402220596202e-01  ,-1.539535355994e-01  
  1.499977297891e-05  ,-1.426403511481e-01  ,7.354079669337e-02  
  1.500024879161e-05  ,1.563187866514e-01  ,3.347504417292e-01  
  1.500064069215e-05  ,4.025315682091e-01  ,5.596443277328e-01  
  1.500086597908e-05  ,5.440435854031e-01  ,6.911044438895e-01  
  1.500092906454e-05  ,5.836655884872e-01  ,7.281266115572e-01  
  1.500104887919e-05  ,6.589109761601e-01  ,7.986468230110e-01  
  1.500116133639e-05  ,7.295273029681e-01  ,8.650575878865e-01  
  1.500138625079e-05  ,8.707317580573e-01  ,9.984235554615e-01  
  1.500183607960e-05  ,1.153003202368e+00  ,1.266809984571e+00  
  1.500254462981e-05  ,1.597135657802e+00  ,1.692421094251e+00  
  1.500319702128e-05  ,2.005372150272e+00  ,2.085964821757e+00  
  1.500369602391e-05  ,2.317065486442e+00  ,2.387452831714e+00  
  1.500397812152e-05  ,2.493025821810e+00  ,2.557943184907e+00  
  1.500405752841e-05  ,2.542521700780e+00  ,2.605930867360e+00  
  1.500420367621e-05  ,2.633576914280e+00  ,2.694247031848e+00  
  1.500436574962e-05  ,2.734489343256e+00  ,2.792170406367e+00  
  1.500465711388e-05  ,2.915722638734e+00  ,2.968145285042e+00  
  1.500520584914e-05  ,3.256369444132e+00  ,3.299219601353e+00  
  1.500630331967e-05  ,3.934658959046e+00  ,3.959201070338e+00  
  1.500849826071e-05  ,5.276406896235e+00  ,5.264559086640e+00  
  1.501268548701e-05  ,7.761211560279e+00  ,7.632517255554e+00  
  1.501562660370e-05  ,9.428823376891e+00  ,6.478548673940e+00  
  1.501876478824e-05  ,1.111912925024e+01  ,3.476521978530e+00  
  1.502194171581e-05  ,1.272024144609e+01  ,2.953999829264e+00  
  1.502510336969e-05  ,1.418798691367e+01  ,2.785696823791e+00  
  1.502847289476e-05  ,1.559795415428e+01  ,2.713863729205e+00  
  1.503521194491e-05  ,1.788019243416e+01  ,2.564684017627e+00  
  1.504869004521e-05  ,1.998306633108e+01  ,2.241891790491e+00  
  1.507369121346e-05  ,1.471149776792e+01  ,1.636345667757e+00  
  1.509306570325e-05  ,4.322567212660e+00  ,1.086016369007e+00  
  1.509533477757e-05  ,2.920762863775e+00  ,8.854732978203e-01  
  1.509590204615e-05  ,2.567713616205e+00  ,8.167142499376e-01  
  1.509689260084e-05  ,1.949336826458e+00  ,6.873947563510e-01  
  1.509792599637e-05  ,1.302213055948e+00  ,5.217727183456e-01  
  1.509843431223e-05  ,9.833540050893e-01  ,4.189279705661e-01  
  1.509860632751e-05  ,8.753905033959e-01  ,3.786078207894e-01  
  1.509877596791e-05  ,7.688925128259e-01  ,3.347823029977e-01  
  1.509911524873e-05  ,5.558340415961e-01  ,2.282644631481e-01  
  1.509956973415e-05  ,2.703357772384e-01  ,3.084579892331e-02  
  1.510007879506e-05  ,-4.950834848779e-02  ,-2.393141722052e-01  
  1.510060871761e-05  ,-3.824452425090e-01  ,-5.413271056205e-01  
  1.510085970904e-05  ,-5.401054528369e-01  ,-6.877132386723e-01  
  1.510093645002e-05  ,-5.883040309341e-01  ,-7.327615512298e-01  
  1.510104792934e-05  ,-6.583144877879e-01  ,-7.983991131625e-01  
  1.510117188837e-05  ,-7.361528538522e-01  ,-8.716295523096e-01  
  1.510141980644e-05  ,-8.917949134083e-01  ,-1.018733977918e+00  
  1.510191564258e-05  ,-1.202907301167e+00  ,-1.314859829564e+00  
  1.510252221297e-05  ,-1.583095328483e+00  ,-1.679348214679e+00  
  1.510314070429e-05  ,-1.970162352110e+00  ,-2.052400827962e+00  
  1.510372082512e-05  ,-2.332542912384e+00  ,-2.402896777662e+00  
  1.510397908087e-05  ,-2.493623900121e+00  ,-2.558980701230e+00  
  1.510406245753e-05  ,-2.545593598610e+00  ,-2.609368314339e+00  
  1.510420690566e-05  ,-2.635588357857e+00  ,-2.696659055659e+00  
  1.510437587086e-05  ,-2.740788848276e+00  ,-2.798748286791e+00  
  1.510468297448e-05  ,-2.931796765427e+00  ,-2.984228414825e+00  
  1.510529718171e-05  ,-3.312976152176e+00  ,-3.354749674746e+00  
  1.510652559619e-05  ,-4.071493004459e+00  ,-4.092921050138e+00  
  1.510898242514e-05  ,-5.569217123273e+00  ,-5.549445294449e+00  
  1.511342595141e-05  ,-8.187860899409e+00  ,-7.981183804899e+00  
  1.511622252684e-05  ,-9.757360255471e+00  ,-5.840318813306e+00  
  1.511890287321e-05  ,-1.119114141654e+01  ,-3.537870311700e+00  
  1.512423897903e-05  ,-1.380001348861e+01  ,-2.310493239716e+00  
  1.512921671193e-05  ,-1.588618930362e+01  ,-2.450624261909e+00  
  1.513683716576e-05  ,-1.831421961861e+01  ,-2.663258790565e+00  
  1.514967451613e-05  ,-1.999895442569e+01  ,-2.124167108594e+00  
  1.517467568438e-05  ,-1.428548872872e+01  ,-1.688877444597e+00  
  1.517780083041e-05  ,-1.284465313092e+01  ,-1.526913075532e+00  
  1.518405112248e-05  ,-9.606913046657e+00  ,-1.342089157483e+00  
  1.519655170660e-05  ,-2.162391322648e+00  ,-8.008465108407e-01  
  1.519814389567e-05  ,-1.165563955317e+00  ,-5.118059879131e-01  
  1.520056123655e-05  ,3.526170531378e-01  ,5.086441998155e-01  
  1.520110233497e-05  ,6.924790515430e-01  ,8.267705250854e-01  
  1.520140142921e-05  ,8.802594961426e-01  ,1.004672966104e+00  
  1.520159656457e-05  ,1.002730541256e+00  ,1.121226419511e+00  
  1.520177433077e-05  ,1.114267650746e+00  ,1.227663372466e+00  
  1.520212986316e-05  ,1.337234134506e+00  ,1.441140646740e+00  
  1.520259748023e-05  ,1.630234284377e+00  ,1.722814233170e+00  
  1.520313895117e-05  ,1.969066187842e+00  ,2.049757003358e+00  
  1.520366235446e-05  ,2.296051504390e+00  ,2.366174217221e+00  
  1.520390603501e-05  ,2.448079437524e+00  ,2.513525502258e+00  
  1.520398949315e-05  ,2.500114944810e+00  ,2.563988635733e+00  
  1.520412628116e-05  ,2.585363872424e+00  ,2.646692603459e+00  
  1.520428395407e-05  ,2.683569344892e+00  ,2.742008649767e+00  
  1.520459929989e-05  ,2.879780345433e+00  ,2.932567449668e+00  
  1.520499287681e-05  ,3.124268694491e+00  ,3.170201808734e+00  
  1.520578003065e-05  ,3.611775164234e+00  ,3.644486382521e+00  
  1.520735433833e-05  ,4.579865536339e+00  ,4.586939723006e+00  
  1.521050295369e-05  ,6.480104138302e+00  ,6.428763317274e+00  
  1.521620860831e-05  ,9.749725428189e+00  ,6.191109914465e+00  
  1.521937473254e-05  ,1.143562133519e+01  ,3.704194219567e+00  
  1.522279343145e-05  ,1.312860193130e+01  ,2.898209667758e+00  
  1.522853559391e-05  ,1.562258150874e+01  ,2.590291082587e+00  
  1.523454225199e-05  ,1.768771949061e+01  ,2.647640567542e+00  
  1.524655556814e-05  ,1.988302013366e+01  ,2.250281705791e+00  
  1.526945269243e-05  ,1.638006785345e+01  ,1.773066383408e+00  
  1.529445386069e-05  ,3.467136886223e+00  ,9.908078823487e-01  
  1.529697886245e-05  ,1.895388022952e+00  ,7.214963768840e-01  
  1.529761011289e-05  ,1.500199970691e+00  ,6.156526939976e-01  
  1.529809952290e-05  ,1.193395662276e+00  ,5.194567253905e-01  
  1.529824278360e-05  ,1.103530917900e+00  ,4.882460140817e-01  
  1.529839593960e-05  ,1.007434360121e+00  ,4.530476466275e-01  
  1.529867365999e-05  ,8.331228754346e-01  ,3.828135783284e-01  
  1.529920684216e-05  ,4.983041979237e-01  ,2.044255785570e-01  
  1.529974468095e-05  ,1.604199710200e-01  ,-5.414524836311e-02  
  1.530028829394e-05  ,-1.811379454668e-01  ,-3.552307178732e-01  
  1.530070939144e-05  ,-4.456868900834e-01  ,-5.985233969729e-01  
  1.530095092995e-05  ,-5.973980374237e-01  ,-7.401956623412e-01  
  1.530101415511e-05  ,-6.371046475643e-01  ,-7.774679966676e-01  
  1.530112109422e-05  ,-7.042586528601e-01  ,-8.406550036944e-01  
  1.530125094387e-05  ,-7.857889106182e-01  ,-9.176005783399e-01  
  1.530149169076e-05  ,-9.369139276711e-01  ,-1.060805807974e+00  
  1.530186934206e-05  ,-1.173867233336e+00  ,-1.286556399364e+00  
  1.530249146554e-05  ,-1.563836030821e+00  ,-1.660431491595e+00  
  1.530308872271e-05  ,-1.937657602478e+00  ,-2.020718564915e+00  
  1.530365487370e-05  ,-2.291382220584e+00  ,-2.362812150643e+00  
  1.530392831001e-05  ,-2.461969389427e+00  ,-2.528096184486e+00  
  1.530401604060e-05  ,-2.516663484247e+00  ,-2.581123862564e+00  
  1.530417189743e-05  ,-2.613782277519e+00  ,-2.675324965162e+00  
  1.530433180552e-05  ,-2.713360371364e+00  ,-2.771959013696e+00  
  1.530465162169e-05  ,-2.912308615568e+00  ,-2.965152544014e+00  
  1.530521926280e-05  ,-3.264684737859e+00  ,-3.307673403254e+00  
  1.530635454502e-05  ,-3.966210682396e+00  ,-3.990366805121e+00  
  1.530862510945e-05  ,-5.353242536621e+00  ,-5.339809025714e+00  
  1.531283617761e-05  ,-7.848386122357e+00  ,-7.712434517631e+00  
  1.531575084474e-05  ,-9.497594899213e+00  ,-6.397390917087e+00  
  1.531879366185e-05  ,-1.113420436371e+01  ,-3.501606871026e+00  
  1.532213077690e-05  ,-1.281168474907e+01  ,-2.936256365539e+00  
  1.532503091540e-05  ,-1.415586430098e+01  ,-2.786880188492e+00  
  1.532861613478e-05  ,-1.565412788789e+01  ,-2.709918191796e+00  
  1.533578657355e-05  ,-1.803903778097e+01  ,-2.550083937508e+00  
  1.535012745108e-05  ,-1.999983968055e+01  ,-2.207276563308e+00  
  1.537512861933e-05  ,-1.408487626496e+01  ,-1.601427965966e+00  
  1.537825376536e-05  ,-1.262522111593e+01  ,-1.519894287640e+00  
  1.538450405743e-05  ,-9.356343175972e+00  ,-1.344956060408e+00  
  1.539317355301e-05  ,-4.256380129115e+00  ,-1.018741732267e+00  
  1.539534092690e-05  ,-2.916940490435e+00  ,-8.516550699485e-01  
  1.539567452665e-05  ,-2.709418484931e+00  ,-8.170835688201e-01  
  1.539634172614e-05  ,-2.293504519950e+00  ,-7.412470735822e-01  
  1.539705269780e-05  ,-1.849199647816e+00  ,-6.499174517263e-01  
  1.539773926880e-05  ,-1.419265413323e+00  ,-5.445793114492e-01  
  1.539804017912e-05  ,-1.230613925527e+00  ,-4.910246845202e-01  
  1.539815130919e-05  ,-1.160913792454e+00  ,-4.697070572589e-01  
  1.539832982044e-05  ,-1.048923307641e+00  ,-4.334652270500e-01  
  1.539863976460e-05  ,-8.544010161957e-01  ,-3.633296729431e-01  
  1.539922584589e-05  ,-4.863674206286e-01  ,-1.829376365591e-01  
  1.539979059990e-05  ,-1.315690133522e-01  ,8.309499681923e-02  
  1.540035544704e-05  ,2.233293222824e-01  ,3.954664975503e-01  
  1.540076462362e-05  ,4.803809851411e-01  ,6.318992045755e-01  
  1.540101831589e-05  ,6.397176084681e-01  ,7.807100696716e-01  
  1.540108639557e-05  ,6.824699499004e-01  ,8.208569352845e-01  
  1.540118566291e-05  ,7.448017188063e-01  ,8.795259978982e-01  
  1.540133728223e-05  ,8.399920539082e-01  ,9.694059120486e-01  
  1.540153311608e-05  ,9.629128484124e-01  ,1.085907810404e+00  
  1.540188608734e-05  ,1.184370297545e+00  ,1.296815116517e+00  
  1.540249982891e-05  ,1.569074748412e+00  ,1.665490932524e+00  
  1.540308134673e-05  ,1.933044886045e+00  ,2.016162347658e+00  
  1.540363976774e-05  ,2.281953106838e+00  ,2.353496050849e+00  
  1.540391203990e-05  ,2.451824005235e+00  ,2.518043558268e+00  
  1.540400136537e-05  ,2.507515794591e+00  ,2.572025812161e+00  
  1.540415885202e-05  ,2.605655686339e+00  ,2.667196697344e+00  
  1.540431736312e-05  ,2.704369568957e+00  ,2.762972782266e+00  
  1.540463438533e-05  ,2.901593698346e+00  ,2.954456130483e+00  
  1.540521515809e-05  ,3.262140236797e+00  ,3.304866671578e+00  
  1.540637670360e-05  ,3.979855855768e+00  ,4.003242823462e+00  
  1.540869979463e-05  ,5.398441642086e+00  ,5.383178395725e+00  
  1.541290713749e-05  ,7.889375644507e+00  ,7.745028294132e+00  
  1.541579796277e-05  ,9.523638501080e+00  ,6.287477811861e+00  
  1.541875062786e-05  ,1.111173266805e+01  ,3.526175332539e+00  
  1.542229933940e-05  ,1.289283246035e+01  ,2.915745547487e+00  
  1.542530788384e-05  ,1.427826113832e+01  ,2.770602865037e+00  
  1.542900299929e-05  ,1.580425520543e+01  ,2.698274561947e+00  
  1.543639323018e-05  ,1.820035641302e+01  ,2.535998712319e+00  
  1.545117369197e-05  ,1.998640563877e+01  ,2.181350232002e+00  
  1.547617486022e-05  ,1.361064567888e+01  ,1.576465965922e+00  
  1.547930000625e-05  ,1.210865502120e+01  ,1.491946562354e+00  
  1.548555029831e-05  ,8.770391732356e+00  ,1.313294566093e+00  
  1.549287049375e-05  ,4.442239993888e+00  ,1.028725447598e+00  
  1.549470054261e-05  ,3.314386239060e+00  ,8.983831800049e-01  
  1.549737790875e-05  ,1.645645902363e+00  ,6.147869565373e-01  
  1.549769148506e-05  ,1.449211520990e+00  ,5.629864409885e-01  
  1.549811095275e-05  ,1.186226799956e+00  ,4.858337196133e-01  
  1.549835835859e-05  ,1.031016520605e+00  ,4.347256157688e-01  
  1.549866336673e-05  ,8.395846618532e-01  ,3.635199213004e-01  
  1.549927338302e-05  ,4.565072655651e-01  ,1.666442296355e-01  
  1.549984130352e-05  ,9.971152372730e-02  ,-1.089738663339e-01  
  1.550040577814e-05  ,-2.549510169042e-01  ,-4.237710636028e-01  
  1.550081001870e-05  ,-5.088948305425e-01  ,-6.580961275706e-01  
  1.550113900840e-05  ,-7.155073689836e-01  ,-8.516739376583e-01  
  1.550122507425e-05  ,-7.695468376075e-01  ,-9.026174442268e-01  
  1.550131308423e-05  ,-8.248011792088e-01  ,-9.548140909587e-01  
  1.550146456385e-05  ,-9.198879603337e-01  ,-1.044873830720e+00  
  1.550162468148e-05  ,-1.020374304345e+00  ,-1.140332243374e+00  
  1.550194491675e-05  ,-1.221266993878e+00  ,-1.331908782447e+00  
  1.550251693507e-05  ,-1.579789510634e+00  ,-1.675676062397e+00  
  1.550306492528e-05  ,-1.922775032794e+00  ,-2.006155974456e+00  
  1.550359838685e-05  ,-2.256120595794e+00  ,-2.328412345919e+00  
  1.550386856353e-05  ,-2.424710761209e+00  ,-2.491697853935e+00  
  1.550396480407e-05  ,-2.484723267177e+00  ,-2.549862099181e+00  
  1.550411432791e-05  ,-2.577916259574e+00  ,-2.640226502628e+00  
  1.550427023131e-05  ,-2.675024801716e+00  ,-2.734434718307e+00  
  1.550458203811e-05  ,-2.869047045436e+00  ,-2.922789665584e+00  
  1.550520565170e-05  ,-3.256247044008e+00  ,-3.299088921277e+00  
  1.550645287890e-05  ,-4.026749562615e+00  ,-4.048861359241e+00  
  1.550882812399e-05  ,-5.476036399415e+00  ,-5.458413067069e+00  
  1.551309805173e-05  ,-7.999460808219e+00  ,-7.836948355352e+00  
  1.551592144925e-05  ,-9.591794165696e+00  ,-6.132014853707e+00  
  1.551872212249e-05  ,-1.109683641787e+01  ,-3.567403220276e+00  
  1.552273649532e-05  ,-1.310159349068e+01  ,-2.479880619672e+00  
  1.552805620987e-05  ,-1.543275316605e+01  ,-2.471078351744e+00  
  1.553412023741e-05  ,-1.756240371368e+01  ,-2.709865796830e+00  
  1.554624829251e-05  ,-1.986124301077e+01  ,-2.223871180838e+00  
  1.556940171677e-05  ,-1.639842469157e+01  ,-1.801525528458e+00  
  1.559440288502e-05  ,-3.498676431787e+00  ,-9.728956136671e-01  
  1.559660639424e-05  ,-2.128228323323e+00  ,-7.527466719063e-01  
  1.559715727154e-05  ,-1.783765623109e+00  ,-6.720724430019e-01  
  1.559770712439e-05  ,-1.439410698302e+00  ,-5.794489623750e-01  
  1.559827076081e-05  ,-1.085978673711e+00  ,-4.676109710852e-01  
  1.559839558132e-05  ,-1.007659188118e+00  ,-4.398279312798e-01  
  1.559850965669e-05  ,-9.360682292201e-01  ,-4.130716466604e-01  
  1.559873780744e-05  ,-7.928511639054e-01  ,-3.546113760166e-01  
  1.559919410893e-05  ,-5.063021976463e-01  ,-2.039207811241e-01  
  1.559973921204e-05  ,-1.638560771133e-01  ,5.340021612328e-02  
  1.560024166057e-05  ,1.518383526501e-01  ,3.297682588464e-01  
  1.560068445788e-05  ,4.300244311353e-01  ,5.846713484462e-01  
  1.560092888349e-05  ,5.835518804206e-01  ,7.277905666385e-01  
  1.560099191075e-05  ,6.231350425420e-01  ,7.648947633020e-01  
  1.560110698729e-05  ,6.954004358394e-01  ,8.328111670937e-01  
  1.560122961919e-05  ,7.724003896540e-01  ,9.054068268314e-01  
  1.560147488299e-05  ,9.263647615986e-01  ,1.051174769787e+00  
  1.560189113762e-05  ,1.187537900168e+00  ,1.299917761172e+00  
  1.560248103734e-05  ,1.557303773238e+00  ,1.654366932237e+00  
  1.560307689752e-05  ,1.930262435781e+00  ,2.013739629882e+00  
  1.560363215204e-05  ,2.277199202394e+00  ,2.349204593199e+00  
  1.560390852201e-05  ,2.449630310210e+00  ,2.516247375982e+00  
  1.560399883702e-05  ,2.505939709903e+00  ,2.570833447884e+00  
  1.560415895465e-05  ,2.605719622135e+00  ,2.667604062780e+00  
  1.560431532371e-05  ,2.703099932819e+00  ,2.762094960625e+00  
  1.560462806183e-05  ,2.897662508869e+00  ,2.951008938010e+00  
  1.560522196624e-05  ,3.266360566467e+00  ,3.309369568757e+00  
  1.560640977505e-05  ,4.000217541186e+00  ,4.023512139861e+00  
  1.560878539268e-05  ,5.450208595291e+00  ,5.433970091410e+00  
  1.561303520385e-05  ,7.963252976610e+00  ,7.811069631771e+00  
  1.561589846197e-05  ,9.579117745261e+00  ,6.221236994110e+00  
  1.561878220919e-05  ,1.112822594498e+01  ,3.541083614426e+00  
  1.562252314571e-05  ,1.300001602297e+01  ,2.893945396444e+00  
  1.562561886195e-05  ,1.441439866909e+01  ,2.754802203480e+00  
  1.562940450195e-05  ,1.595759411249e+01  ,2.686847475710e+00  
  1.563697578195e-05  ,1.834904394170e+01  ,2.522470295859e+00  
  1.565211834196e-05  ,1.995572775045e+01  ,2.157899672972e+00  
  1.567711951021e-05  ,1.316981801870e+01  ,1.553808063496e+00  
  1.568024465624e-05  ,1.163099528138e+01  ,1.466238640966e+00  
  1.568649494830e-05  ,8.233179931474e+00  ,1.282136820305e+00  
  1.569260218922e-05  ,4.606450000800e+00  ,1.037327597875e+00  
  1.569412899945e-05  ,3.667978659159e+00  ,9.349048981865e-01  
  1.569655081067e-05  ,2.162950952708e+00  ,7.144594827218e-01  
  1.569839929971e-05  ,1.005325809773e+00  ,4.315900833964e-01  
  1.569861809067e-05  ,8.680065136919e-01  ,3.798623321011e-01  
  1.569905567258e-05  ,5.932513839678e-01  ,2.521432410663e-01  
  1.569954275429e-05  ,2.872860730400e-01  ,4.564273446765e-02  
  1.570006382927e-05  ,-4.010508586200e-02  ,-2.300000840241e-01  
  1.570061070189e-05  ,-3.836917711061e-01  ,-5.417058017197e-01  
  1.570086821258e-05  ,-5.454464128167e-01  ,-6.919704977727e-01  
  1.570094394074e-05  ,-5.930085365402e-01  ,-7.364478179606e-01  
  1.570106058890e-05  ,-6.662643620592e-01  ,-8.051668673762e-01  
  1.570118734190e-05  ,-7.458559254945e-01  ,-8.800923357133e-01  
  1.570144084790e-05  ,-9.050023098103e-01  ,-1.030599282450e+00  
  1.570194785991e-05  ,-1.223112783252e+00  ,-1.333552016365e+00  
  1.570256001824e-05  ,-1.606773427093e+00  ,-1.701535454457e+00  
  1.570318735713e-05  ,-1.999330495857e+00  ,-2.080011787187e+00  
  1.570368989879e-05  ,-2.313242830404e+00  ,-2.383656648726e+00  
  1.570396785201e-05  ,-2.486623495863e+00  ,-2.551652186524e+00  
  1.570404744517e-05  ,-2.536237487307e+00  ,-2.599755344881e+00  
  1.570419382579e-05  ,-2.627441484363e+00  ,-2.688217501203e+00  
  1.570435333807e-05  ,-2.726763962849e+00  ,-2.784599452248e+00  
  1.570466239746e-05  ,-2.919006901288e+00  ,-2.971270722580e+00  
  1.570520647611e-05  ,-3.256758121433e+00  ,-3.299544453191e+00  
  1.570629463341e-05  ,-3.929307734833e+00  ,-3.953955779078e+00  
  1.570847094800e-05  ,-5.259851859149e+00  ,-5.248461476630e+00  
  1.571265891935e-05  ,-7.745824071910e+00  ,-7.618836434845e+00  
  1.571560972180e-05  ,-9.419467579675e+00  ,-6.499611610158e+00  
  1.571877733614e-05  ,-1.112568171937e+01  ,-3.465216994941e+00  
  1.572191924598e-05  ,-1.270934354786e+01  ,-2.956889123108e+00  
  1.572505221512e-05  ,-1.416531515174e+01  ,-2.789716403251e+00  
  1.572840981926e-05  ,-1.557311791116e+01  ,-2.716462623085e+00  
  1.573512502756e-05  ,-1.785565711810e+01  ,-2.566736889334e+00  
  1.574855544414e-05  ,-1.997940822008e+01  ,-2.245232760008e+00  
  1.577355661239e-05  ,-1.476865904779e+01  ,-1.639523440301e+00  
  1.577668175842e-05  ,-1.337556380462e+01  ,-1.560933524541e+00  
  1.578293205049e-05  ,-1.021755355826e+01  ,-1.392047051648e+00  
  1.579543263461e-05  ,-2.859922951132e+00  ,-8.841143571895e-01  
  1.579569992419e-05  ,-2.693606988994e+00  ,-8.505350938264e-01  
  1.579623450335e-05  ,-2.360417012828e+00  ,-7.820840110700e-01  
  1.579692880433e-05  ,-1.926696552848e+00  ,-6.869984602305e-01  
  1.579758678373e-05  ,-1.514816417834e+00  ,-5.847668197353e-01  
  1.579792555231e-05  ,-1.302491471517e+00  ,-5.247528691748e-01  
  1.579803987216e-05  ,-1.230806431135e+00  ,-5.029747206649e-01  
  1.579822737068e-05  ,-1.113200260442e+00  ,-4.653158558207e-01  
  1.579850080698e-05  ,-9.416225339865e-01  ,-4.052257753872e-01  
  1.579899953022e-05  ,-6.285102058399e-01  ,-2.692933183842e-01  
  1.579959911570e-05  ,-2.518763783518e-01  ,-1.713509172451e-02  
  1.580023185625e-05  ,1.456782920825e-01  ,3.245092167096e-01  
  1.580087065041e-05  ,5.469775752199e-01  ,6.935946656355e-01  
  1.580105619315e-05  ,6.635039578798e-01  ,8.027285154768e-01  
  1.580112294569e-05  ,7.054212426792e-01  ,8.421436643044e-01  
  1.580123078121e-05  ,7.731299576113e-01  ,9.059635246147e-01  
  1.580139867538e-05  ,8.785308885787e-01  ,1.005639323475e+00  
  1.580161481207e-05  ,1.014181196967e+00  ,1.134420546037e+00  
  1.580203232398e-05  ,1.276079417888e+00  ,1.384314954056e+00  
  1.580256131520e-05  ,1.607585695572e+00  ,1.702408775909e+00  
  1.580311349636e-05  ,1.953149530482e+00  ,2.035491191344e+00  
  1.580364788925e-05  ,2.287022600594e+00  ,2.358344467549e+00  
  1.580390209375e-05  ,2.445621670958e+00  ,2.511981646186e+00  
  1.580398928882e-05  ,2.499987566124e+00  ,2.564679674894e+00  
  1.580413811417e-05  ,2.592736213109e+00  ,2.654621861015e+00  
  1.580429771958e-05  ,2.692140004041e+00  ,2.751065697705e+00  
  1.580461693039e-05  ,2.890742033783e+00  ,2.943885216521e+00  
  1.580512813335e-05  ,3.208181101114e+00  ,3.252378716276e+00  
  1.580615053927e-05  ,3.840495259660e+00  ,3.867581184146e+00  
  1.580819535112e-05  ,5.092589867640e+00  ,5.086012981780e+00  
  1.581218588208e-05  ,7.470956432514e+00  ,7.368565459208e+00  
  1.581524807071e-05  ,9.218411743236e+00  ,6.891626126728e+00  
  1.581787328278e-05  ,1.064922680438e+01  ,4.339362624096e+00  
  1.582052010154e-05  ,1.201850226454e+01  ,3.157833624664e+00  
  1.582550006961e-05  ,1.436255639293e+01  ,2.575493688384e+00  
  1.583043980455e-05  ,1.634121730048e+01  ,2.767375631806e+00  
  1.584031927442e-05  ,1.908216313898e+01  ,2.399271658715e+00  
  1.585400450086e-05  ,1.984193938895e+01  ,2.140892650825e+00  
  1.587900566911e-05  ,1.225532634127e+01  ,1.483928395928e+00  
  1.588213081514e-05  ,1.064704726429e+01  ,1.414108677028e+00  
  1.588838110720e-05  ,7.139327450980e+00  ,1.213803297126e+00  
  1.588994368022e-05  ,6.213985006353e+00  ,1.147034752880e+00  
  1.589306882625e-05  ,4.320651328232e+00  ,9.903573940244e-01  
  1.589640892153e-05  ,2.251557856946e+00  ,7.341439195655e-01  
  1.589697339614e-05  ,1.898807117348e+00  ,6.613643704049e-01  
  1.589810234537e-05  ,1.191625409677e+00  ,4.804442008666e-01  
  1.589837713210e-05  ,1.019236283373e+00  ,4.246948740898e-01  
  1.589860390914e-05  ,8.769085484039e-01  ,3.732581559538e-01  
  1.589882775252e-05  ,7.363783342493e-01  ,3.154338893135e-01  
  1.589927543928e-05  ,4.552156104837e-01  ,1.634683665321e-01  
  1.589980191594e-05  ,1.244590845814e-01  ,-8.890284952138e-02  
  1.590027959128e-05  ,-1.756701263625e-01  ,-3.522414539549e-01  
  1.590067009484e-05  ,-4.210019078712e-01  ,-5.767500618747e-01  
  1.590089524207e-05  ,-5.624230301186e-01  ,-7.082813839262e-01  
  1.590095464881e-05  ,-5.997336220070e-01  ,-7.431758409263e-01  
  1.590106818867e-05  ,-6.710367743145e-01  ,-8.100466117757e-01  
  1.590118709528e-05  ,-7.457010809815e-01  ,-8.803058721473e-01  
  1.590142490850e-05  ,-8.949974351267e-01  ,-1.021415050049e+00  
  1.590181378225e-05  ,-1.139016381356e+00  ,-1.253468095642e+00  
  1.590244875798e-05  ,-1.537082832653e+00  ,-1.634689680680e+00  
  1.590307106772e-05  ,-1.926616531917e+00  ,-2.009904753487e+00  
  1.590364597315e-05  ,-2.285826570652e+00  ,-2.357194077293e+00  
  1.590393272737e-05  ,-2.464723763189e+00  ,-2.530493587883e+00  
  1.590402135435e-05  ,-2.519975641151e+00  ,-2.584052955201e+00  
  1.590418128572e-05  ,-2.619630408577e+00  ,-2.680699598058e+00  
  1.590434119381e-05  ,-2.719204551501e+00  ,-2.777317019211e+00  
  1.590466100998e-05  ,-2.918144451498e+00  ,-2.970478739764e+00  
  1.590525379680e-05  ,-3.286090131806e+00  ,-3.328102337564e+00  
  1.590643937043e-05  ,-4.018435393608e+00  ,-4.040741378516e+00  
  1.590881051771e-05  ,-5.465395945127e+00  ,-5.448038613685e+00  
  1.591313408963e-05  ,-8.020208852376e+00  ,-7.853254826028e+00  
  1.591596307508e-05  ,-9.614736154526e+00  ,-6.085064404332e+00  
  1.591875555269e-05  ,-1.111430537105e+01  ,-3.556553467449e+00  
  1.592290478103e-05  ,-1.318130066653e+01  ,-2.853804737155e+00  
  1.592625381700e-05  ,-1.468807804682e+01  ,-2.725815861746e+00  
  1.593021752588e-05  ,-1.626029731649e+01  ,-2.665465357660e+00  
  1.593814494364e-05  ,-1.862886220311e+01  ,-2.495504901045e+00  
  1.595399977915e-05  ,-1.984231141786e+01  ,-2.111276235738e+00  
  1.597900094740e-05  ,-1.225767071420e+01  ,-1.508107238099e+00  
  1.598212609343e-05  ,-1.064955855983e+01  ,-1.413365215667e+00  
  1.598837638549e-05  ,-7.142098654776e+00  ,-1.215358020224e+00  
  1.598993895851e-05  ,-6.216804848265e+00  ,-1.150829529944e+00  
  1.599306410454e-05  ,-4.323547963916e+00  ,-9.930861128905e-01  
  1.599640494488e-05  ,-2.254040561046e+00  ,-7.355109647189e-01  
  1.599697072334e-05  ,-1.900478896303e+00  ,-6.624068508566e-01  
  1.599810228027e-05  ,-1.191666240195e+00  ,-4.808456271502e-01  
  1.599837664790e-05  ,-1.019540116382e+00  ,-4.251318267994e-01  
  1.599860337838e-05  ,-8.772417143775e-01  ,-3.736730311298e-01  
  1.599882717520e-05  ,-7.367408333326e-01  ,-3.158329348549e-01  
  1.599927476883e-05  ,-4.556367631361e-01  ,-1.638643477592e-01  
  1.599980115234e-05  ,-1.249388538632e-01  ,8.846300323240e-02  
  1.600027892083e-05  ,1.752488806874e-01  ,3.518500458460e-01  
  1.600066970378e-05  ,4.207562505676e-01  ,5.765202441735e-01  
  1.600089494414e-05  ,5.622359091302e-01  ,7.081072206119e-01  
  1.600095438581e-05  ,5.995684450770e-01  ,7.430225369517e-01  
  1.600106804208e-05  ,6.709447208470e-01  ,8.099626049505e-01  
  1.600118676243e-05  ,7.454920875983e-01  ,8.801124071710e-01  
  1.600142420312e-05  ,8.945546732440e-01  ,1.021000695527e+00  
  1.600181410132e-05  ,1.139216534218e+00  ,1.253666283823e+00  
  1.600245066030e-05  ,1.538274557329e+00  ,1.635844146286e+00  
  1.600307343570e-05  ,1.928097453373e+00  ,2.011344954564e+00  
  1.600364927245e-05  ,2.287885987926e+00  ,2.359199406657e+00  
  1.600393509535e-05  ,2.466200261270e+00  ,2.531936522238e+00  
  1.600402336144e-05  ,2.521226679625e+00  ,2.585277856267e+00  
  1.600418259432e-05  ,2.620445541275e+00  ,2.681502446194e+00  
  1.600434292150e-05  ,2.720280011192e+00  ,2.778373065930e+00  
  1.600466357587e-05  ,2.919739383003e+00  ,2.972040552722e+00  
  1.600525254426e-05  ,3.285313833329e+00  ,3.327359508655e+00  
  1.600643048105e-05  ,4.012963774952e+00  ,4.035430137629e+00  
  1.600878635464e-05  ,5.450790136487e+00  ,5.433881614117e+00  
  1.601307863412e-05  ,7.988277285160e+00  ,7.829407369302e+00  
  1.601585956333e-05  ,9.557655565475e+00  ,6.211973228856e+00  
  1.601864049254e-05  ,1.105412927915e+01  ,3.606101017564e+00  
  1.602249989329e-05  ,1.298890998075e+01  ,2.504733023728e+00  
  1.602789485870e-05  ,1.536807121485e+01  ,2.467052264485e+00  
  1.603371599732e-05  ,1.743947103080e+01  ,2.718124733069e+00  
  1.604535827456e-05  ,1.978772985730e+01  ,2.248318983582e+00  
  1.606690535364e-05  ,1.724503610165e+01  ,1.858200993998e+00  
  1.609190652189e-05  ,5.030665002680e+00  ,1.083976983922e+00  
  1.609503166793e-05  ,3.109035183039e+00  ,8.551742091788e-01  
  1.609581295443e-05  ,2.623218205244e+00  ,7.818154113450e-01  
  1.609709873838e-05  ,1.820393488376e+00  ,6.341404035450e-01  
  1.609784947751e-05  ,1.350185445064e+00  ,5.205507007234e-01  
  1.609835425434e-05  ,1.033591856682e+00  ,4.251425958552e-01  
  1.609849250918e-05  ,9.468303848109e-01  ,3.951087661804e-01  
  1.609862748110e-05  ,8.621118526887e-01  ,3.637136913439e-01  
  1.609889742495e-05  ,6.926298100347e-01  ,2.923957626080e-01  
  1.609943731265e-05  ,3.535284774432e-01  ,9.120051392152e-02  
  1.609997701408e-05  ,1.444247834962e-02  ,-1.840997135157e-01  
  1.610049240799e-05  ,-3.093767268971e-01  ,-4.745701247733e-01  
  1.610079592602e-05  ,-5.000429558176e-01  ,-6.506836632272e-01  
  1.610109716231e-05  ,-6.892309138152e-01  ,-8.276671108908e-01  
  1.610116445036e-05  ,-7.314825625823e-01  ,-8.674208100598e-01  
  1.610126710539e-05  ,-7.959355507929e-01  ,-9.281988603189e-01  
  1.610143988901e-05  ,-9.044004383651e-01  ,-1.030810205773e+00  
  1.610159986695e-05  ,-1.004802870852e+00  ,-1.126113659624e+00  
  1.610189076556e-05  ,-1.187304538254e+00  ,-1.300004294116e+00  
  1.610247256277e-05  ,-1.551995155322e+00  ,-1.649430220507e+00  
  1.610302772415e-05  ,-1.899507841428e+00  ,-1.984129062094e+00  
  1.610355820549e-05  ,-2.231033264699e+00  ,-2.304532994070e+00  
  1.610384509941e-05  ,-2.410075913798e+00  ,-2.477907550236e+00  
  1.610402696343e-05  ,-2.523471801530e+00  ,-2.587813222199e+00  
  1.610411223765e-05  ,-2.576613860467e+00  ,-2.639344820607e+00  
  1.610424576603e-05  ,-2.659790139336e+00  ,-2.720029689455e+00  
  1.610451282277e-05  ,-2.826000818781e+00  ,-2.881358162115e+00  
  1.610481219642e-05  ,-3.012087830920e+00  ,-3.062111669317e+00  
  1.610541094370e-05  ,-3.383446113352e+00  ,-3.423154144749e+00  
  1.610660843826e-05  ,-4.122440386447e+00  ,-4.142352717586e+00  
  1.610900342740e-05  ,-5.581890078396e+00  ,-5.561503037979e+00  
  1.611367717661e-05  ,-8.331619613438e+00  ,-8.035847076129e+00  
  1.611642122544e-05  ,-9.866149703192e+00  ,-5.630391372225e+00  
  1.611901141978e-05  ,-1.124760135339e+01  ,-3.518962917812e+00  
  1.612419180847e-05  ,-1.377854600296e+01  ,-2.761647099435e+00  
  1.612974174596e-05  ,-1.608443095397e+01  ,-2.750036703855e+00  
  1.613637425281e-05  ,-1.819540992450e+01  ,-2.525490407760e+00  
  1.614963926650e-05  ,-1.999871569539e+01  ,-2.204139546396e+00  
  1.617464043475e-05  ,-1.430098058836e+01  ,-1.625431007954e+00  
  1.617776558078e-05  ,-1.286162190555e+01  ,-1.531951198732e+00  
  1.618401587285e-05  ,-9.626332699034e+00  ,-1.360140469070e+00  
  1.619651645697e-05  ,-2.184408152969e+00  ,-7.953649504499e-01  
  1.619813788958e-05  ,-1.169331264087e+00  ,-5.081313020770e-01  
  1.620057832725e-05  ,3.633537365456e-01  ,5.187119048769e-01  
  1.620112454794e-05  ,7.064273370979e-01  ,8.399955415914e-01  
  1.620143896244e-05  ,9.038188506435e-01  ,1.027102113736e+00  
  1.620170410998e-05  ,1.070212479634e+00  ,1.185624445502e+00  
  1.620194634698e-05  ,1.222163957013e+00  ,1.330893277701e+00  
  1.620243082098e-05  ,1.525845777062e+00  ,1.622357027367e+00  
  1.620293876432e-05  ,1.843858047335e+00  ,1.928832565749e+00  
  1.620341457702e-05  ,2.141329673377e+00  ,2.216374036941e+00  
  1.620372326389e-05  ,2.334064767565e+00  ,2.403018861698e+00  
  1.620400261409e-05  ,2.508294193932e+00  ,2.571932011272e+00  
  1.620406865650e-05  ,2.549456803944e+00  ,2.611862046750e+00  
  1.620419561905e-05  ,2.628558454406e+00  ,2.688619236796e+00  
  1.620435331525e-05  ,2.726749760132e+00  ,2.783939549174e+00  
  1.620454977775e-05  ,2.848985437918e+00  ,2.902656574799e+00  
  1.620487397113e-05  ,3.050453625083e+00  ,3.098442270506e+00  
  1.620552235791e-05  ,3.452419863457e+00  ,3.489406918177e+00  
  1.620681913146e-05  ,4.251888833146e+00  ,4.267666904329e+00  
  1.620941267857e-05  ,5.828344215298e+00  ,5.799795929033e+00  
  1.621442989954e-05  ,8.759208094139e+00  ,7.700352767509e+00  
  1.621727751145e-05  ,1.033052328917e+01  ,4.945304431960e+00  
  1.621992768297e-05  ,1.171891451723e+01  ,3.287054261290e+00  
  1.622522802600e-05  ,1.424308117047e+01  ,2.447461318088e+00  
  1.623058871874e-05  ,1.639498362995e+01  ,2.815752236936e+00  
  1.623985128054e-05  ,1.899204729004e+01  ,2.383410618292e+00  
  1.625196443447e-05  ,1.996192525578e+01  ,2.206548156383e+00  
  1.627619074234e-05  ,1.360333216737e+01  ,1.540408370802e+00  
  1.627931588838e-05  ,1.210071123770e+01  ,1.482111651314e+00  
  1.628556618044e-05  ,8.761422268769e+00  ,1.315596608420e+00  
  1.629339525053e-05  ,4.120172391644e+00  ,1.004359111963e+00  
  1.629535251805e-05  ,2.909735239613e+00  ,8.352822192897e-01  
  1.629567126320e-05  ,2.711450052415e+00  ,8.038674661234e-01  
  1.629630875351e-05  ,2.314083933557e+00  ,7.353981703929e-01  
  1.629699560390e-05  ,1.884916138329e+00  ,6.508291730988e-01  
  1.629767761143e-05  ,1.457905529021e+00  ,5.498875258333e-01  
  1.629800618203e-05  ,1.251933747696e+00  ,4.931169172790e-01  
  1.629811866251e-05  ,1.181391103343e+00  ,4.720503931327e-01  
  1.629829978147e-05  ,1.067770904819e+00  ,4.361100073459e-01  
  1.629858918996e-05  ,8.861478944710e-01  ,3.724809124923e-01  
  1.629910328002e-05  ,5.633512569950e-01  ,2.267771537566e-01  
  1.629971068861e-05  ,1.817772072056e-01  ,-4.199403514181e-02  
  1.630027823658e-05  ,-1.748189747870e-01  ,-3.518114292415e-01  
  1.630072801882e-05  ,-4.573878365160e-01  ,-6.107285680452e-01  
  1.630098301494e-05  ,-6.175483315255e-01  ,-7.600884241305e-01  
  1.630105100149e-05  ,-6.602437299138e-01  ,-8.001314918912e-01  
  1.630115561230e-05  ,-7.259331298149e-01  ,-8.618939807038e-01  
  1.630129628857e-05  ,-8.142570198055e-01  ,-9.452056775528e-01  
  1.630152036478e-05  ,-9.549101868686e-01  ,-1.078422615890e+00  
  1.630188851660e-05  ,-1.185893965634e+00  ,-1.298359926461e+00  
  1.630249294495e-05  ,-1.564762721355e+00  ,-1.661412203116e+00  
  1.630307697734e-05  ,-1.930312350511e+00  ,-2.013576247713e+00  
  1.630363279065e-05  ,-2.277597841721e+00  ,-2.349321838625e+00  
  1.630390683232e-05  ,-2.448576631387e+00  ,-2.514934724750e+00  
  1.630399700762e-05  ,-2.504799320230e+00  ,-2.569429513375e+00  
  1.630415614737e-05  ,-2.603970776849e+00  ,-2.665597779113e+00  
  1.630431335462e-05  ,-2.701874060725e+00  ,-2.760584749354e+00  
  1.630462776912e-05  ,-2.897480531258e+00  ,-2.950492003411e+00  
  1.630521869329e-05  ,-3.264331707034e+00  ,-3.307023403740e+00  
  1.630640054164e-05  ,-3.994533076955e+00  ,-4.017545412041e+00  
  1.630876423834e-05  ,-5.437418780481e+00  ,-5.420964806819e+00  
  1.631301255939e-05  ,-7.950199469944e+00  ,-7.796471905462e+00  
  1.631586501417e-05  ,-9.560663909182e+00  ,-6.203081203306e+00  
  1.631873013494e-05  ,-1.110102443928e+01  ,-3.551830441600e+00  
  1.632251204965e-05  ,-1.299471708466e+01  ,-2.891376048202e+00  
  1.632563235281e-05  ,-1.442027354697e+01  ,-2.752354473148e+00  
  1.632943736432e-05  ,-1.597003258664e+01  ,-2.685518629249e+00  
  1.633704738734e-05  ,-1.836689698699e+01  ,-2.520893071050e+00  
  1.635226743338e-05  ,-1.994927930821e+01  ,-2.154193416358e+00  
  1.637726860163e-05  ,-1.309917363460e+01  ,-1.550228006543e+00  
  1.638039374767e-05  ,-1.155466079995e+01  ,-1.462134813530e+00  
  1.638664403973e-05  ,-8.147718612377e+00  ,-1.277087559332e+00  
  1.639274830041e-05  ,-4.517065634446e+00  ,-1.029576353409e+00  
  1.639427436558e-05  ,-3.578153678201e+00  ,-9.250139783370e-01  
  1.639666674701e-05  ,-2.090519059835e+00  ,-7.012891175278e-01  
  1.639827327845e-05  ,-1.084399121439e+00  ,-4.557818296658e-01  
  1.639849374579e-05  ,-9.460542702322e-01  ,-4.069474654222e-01  
  1.639893468046e-05  ,-6.692350547176e-01  ,-2.899378245621e-01  
  1.639934623191e-05  ,-4.107457276241e-01  ,-1.364132355322e-01  
  1.639983564192e-05  ,-1.032687680280e-01  ,1.056445231392e-01  
  1.640031788075e-05  ,1.997270458163e-01  ,3.733089911171e-01  
  1.640066307546e-05  ,4.165924694996e-01  ,5.722152132027e-01  
  1.640087781516e-05  ,5.514776274864e-01  ,6.976914042433e-01  
  1.640093615088e-05  ,5.881161565423e-01  ,7.319537405727e-01  
  1.640104516219e-05  ,6.565767785619e-01  ,7.961468786133e-01  
  1.640116772424e-05  ,7.335382208057e-01  ,8.685551405775e-01  
  1.640141284834e-05  ,8.874273391024e-01  ,1.014001464952e+00  
  1.640184763629e-05  ,1.160252331271e+00  ,1.273551381047e+00  
  1.640247646529e-05  ,1.554439776049e+00  ,1.651246850787e+00  
  1.640309765745e-05  ,1.943244977660e+00  ,2.025870959375e+00  
  1.640367656756e-05  ,2.304922584801e+00  ,2.375620764605e+00  
  1.640395088862e-05  ,2.476047432761e+00  ,2.541416038049e+00  
  1.640403660522e-05  ,2.529481389580e+00  ,2.593218920363e+00  
  1.640418964481e-05  ,2.624837238255e+00  ,2.685704213176e+00  
  1.640435309192e-05  ,2.726610747245e+00  ,2.784462799420e+00  
  1.640467998614e-05  ,2.929939409748e+00  ,2.981901228782e+00  
  1.640531272670e-05  ,3.322608022778e+00  ,3.363592510662e+00  
  1.640657820781e-05  ,4.103852056409e+00  ,4.123878933256e+00  
  1.640910917004e-05  ,5.645659137800e+00  ,5.622904178043e+00  
  1.641360857566e-05  ,8.292415196601e+00  ,8.009034080396e+00  
  1.641635821243e-05  ,9.831690886201e+00  ,5.628181653196e+00  
  1.641895846506e-05  ,1.122007352957e+01  ,3.518461048145e+00  
  1.642415897032e-05  ,1.376358337661e+01  ,2.762614944150e+00  
  1.642960832497e-05  ,1.603446662942e+01  ,2.752819232172e+00  
  1.643630565187e-05  ,1.817747502579e+01  ,2.527433876939e+00  
  1.644970030566e-05  ,1.999911355129e+01  ,2.224249467481e+00  
  1.647470147391e-05  ,1.427414338814e+01  ,1.606374690436e+00  
  1.647782661995e-05  ,1.283222836059e+01  ,1.530773888088e+00  
  1.648407691201e-05  ,9.592697666227e+00  ,1.360330093911e+00  
  1.649657749613e-05  ,2.146281563052e+00  ,8.166230148172e-01  
  1.649814137300e-05  ,1.167146300151e+00  ,5.214679203903e-01  
  1.650054195007e-05  ,-3.405008200969e-01  ,-4.972509288007e-01  
  1.650107978886e-05  ,-6.783212349321e-01  ,-8.133625937339e-01  
  1.650135825431e-05  ,-8.531573903258e-01  ,-9.789240972254e-01  
  1.650154619520e-05  ,-9.711210914140e-01  ,-1.091117956816e+00  
  1.650174528869e-05  ,-1.096047852340e+00  ,-1.210279869341e+00  
  1.650214347565e-05  ,-1.345767852380e+00  ,-1.449369695781e+00  
  1.650263819420e-05  ,-1.655729165247e+00  ,-1.747436153216e+00  
  1.650317789564e-05  ,-1.993415355538e+00  ,-2.073369988482e+00  
  1.650373538533e-05  ,-2.341628682941e+00  ,-2.410424870053e+00  
  1.650396034630e-05  ,-2.481944039381e+00  ,-2.546459520581e+00  
  1.650404133644e-05  ,-2.532430198583e+00  ,-2.595430200356e+00  
  1.650417141892e-05  ,-2.613484196947e+00  ,-2.674078432726e+00  
  1.650433766000e-05  ,-2.717004793809e+00  ,-2.774569880806e+00  
  1.650463377401e-05  ,-2.901213657882e+00  ,-2.953496210877e+00  
  1.650511601284e-05  ,-3.200663943341e+00  ,-3.244602314347e+00  
  1.650608049050e-05  ,-3.797292128692e+00  ,-3.825194783109e+00  
  1.650800944581e-05  ,-4.979546045074e+00  ,-4.975944900446e+00  
  1.651186735645e-05  ,-7.284937546940e+00  ,-7.195215553768e+00  
  1.651500442341e-05  ,-9.082286288690e+00  ,-7.136675470329e+00  
  1.651754060104e-05  ,-1.047171396787e+01  ,-4.580557439406e+00  
  1.652000935092e-05  ,-1.176045780269e+01  ,-3.271159825871e+00  
  1.652494685068e-05  ,-1.411850230139e+01  ,-2.550745064718e+00  
  1.652975843563e-05  ,-1.609066113929e+01  ,-2.792629678270e+00  
  1.653938160553e-05  ,-1.889748031163e+01  ,-2.419210918285e+00  
  1.655149773970e-05  ,-1.997786434894e+01  ,-2.201799828820e+00  
  1.657573000803e-05  ,-1.381411107555e+01  ,-1.564563236846e+00  
  1.657885515406e-05  ,-1.232992543428e+01  ,-1.498517599457e+00  
  1.658510544613e-05  ,-9.020727754180e+00  ,-1.328104836179e+00  
  1.658666801914e-05  ,-8.133956536589e+00  ,-1.273118399314e+00  
  1.658979316517e-05  ,-6.303806092027e+00  ,-1.152580958953e+00  
  1.659604345724e-05  ,-2.479572664748e+00  ,-7.941826784871e-01  
  1.659702302232e-05  ,-1.867764622637e+00  ,-6.653744265700e-01  
  1.659843714252e-05  ,-9.815778287848e-01  ,-4.199826355805e-01  
  1.659927589163e-05  ,-4.549314683313e-01  ,-1.687929898080e-01  
  1.659967812985e-05  ,-2.022335344304e-01  ,2.171548195385e-02  
  1.660017079949e-05  ,1.073159697448e-01  ,2.893634394437e-01  
  1.660067119911e-05  ,4.216955866771e-01  ,5.765014043366e-01  
  1.660093304045e-05  ,5.861626573618e-01  ,7.297701263359e-01  
  1.660100186519e-05  ,6.293865354199e-01  ,7.702906990152e-01  
  1.660112407799e-05  ,7.061322458913e-01  ,8.424367980800e-01  
  1.660125565059e-05  ,7.887439367619e-01  ,9.203571417085e-01  
  1.660151879578e-05  ,9.539254787891e-01  ,1.076845520361e+00  
  1.660197141856e-05  ,1.237887072321e+00  ,1.347531667506e+00  
  1.660254539266e-05  ,1.597613437093e+00  ,1.692608519182e+00  
  1.660314060092e-05  ,1.970097714475e+00  ,2.051679190005e+00  
  1.660370237469e-05  ,2.321028884768e+00  ,2.391113860577e+00  
  1.660395383179e-05  ,2.477882441224e+00  ,2.543098174009e+00  
  1.660403784873e-05  ,2.530256428914e+00  ,2.593876300670e+00  
  1.660418127240e-05  ,2.619622112790e+00  ,2.680554116022e+00  
  1.660434923643e-05  ,2.724210869613e+00  ,2.782046290198e+00  
  1.660468455912e-05  ,2.932781668082e+00  ,2.984581425484e+00  
  1.660528740422e-05  ,3.306917489775e+00  ,3.348260548367e+00  
  1.660649309443e-05  ,4.051497063915e+00  ,4.072851923380e+00  
  1.660890447484e-05  ,5.522160034867e+00  ,5.503073665344e+00  
  1.661332788454e-05  ,8.131605148429e+00  ,7.936270976152e+00  
  1.661612930284e-05  ,9.706187901864e+00  ,5.892713282363e+00  
  1.661883051084e-05  ,1.115343017129e+01  ,3.547926686812e+00  
  1.662383208559e-05  ,1.361384307169e+01  ,2.352412738216e+00  
  1.662890593098e-05  ,1.576680523137e+01  ,2.457632373192e+00  
  1.663612032817e-05  ,1.812860246917e+01  ,2.675875263390e+00  
  1.664902771400e-05  ,1.999067059292e+01  ,2.143217684659e+00  
  1.667402888225e-05  ,1.456694389891e+01  ,1.701812958758e+00  
  1.669332290576e-05  ,4.164642254780e+00  ,1.084423510218e+00  
  1.669558862732e-05  ,2.762883141521e+00  ,8.702181885128e-01  
  1.669615505771e-05  ,2.409977908310e+00  ,7.968195474693e-01  
  1.669710668312e-05  ,1.815422324743e+00  ,6.638354268962e-01  
  1.669766808437e-05  ,1.463875565118e+00  ,5.732273773244e-01  
  1.669803884389e-05  ,1.231451289033e+00  ,5.051594807968e-01  
  1.669815763408e-05  ,1.156946423858e+00  ,4.814912951780e-01  
  1.669833395673e-05  ,1.046327972284e+00  ,4.443915707261e-01  
  1.669864012902e-05  ,8.541722492227e-01  ,3.729025490919e-01  
  1.669920218220e-05  ,5.012312263909e-01  ,1.969105839507e-01  
  1.669975864743e-05  ,1.516448362629e-01  ,-6.496476165870e-02  
  1.670031874483e-05  ,-2.002699368273e-01  ,-3.742219668246e-01  
  1.670073714150e-05  ,-4.631182656316e-01  ,-6.158188175760e-01  
  1.670098245186e-05  ,-6.171947080193e-01  ,-7.596512026174e-01  
  1.670104759788e-05  ,-6.581063396011e-01  ,-7.980480900400e-01  
  1.670114977561e-05  ,-7.222682326122e-01  ,-8.584084077239e-01  
  1.670128851939e-05  ,-8.093795193707e-01  ,-9.406121799784e-01  
  1.670150356177e-05  ,-9.443644492529e-01  ,-1.068492038572e+00  
  1.670186817456e-05  ,-1.173134931543e+00  ,-1.286339249940e+00  
  1.670249784175e-05  ,-1.567830022452e+00  ,-1.664612853181e+00  
  1.670309249121e-05  ,-1.940014270867e+00  ,-2.023249456289e+00  
  1.670366069112e-05  ,-2.295013302517e+00  ,-2.366527048960e+00  
  1.670393254418e-05  ,-2.464609538150e+00  ,-2.530832825283e+00  
  1.670401970433e-05  ,-2.518947159406e+00  ,-2.583509357197e+00  
  1.670417430387e-05  ,-2.615281315737e+00  ,-2.676939936912e+00  
  1.670433521313e-05  ,-2.715481628652e+00  ,-2.774168652617e+00  
  1.670465703165e-05  ,-2.915671520514e+00  ,-2.968552282980e+00  
  1.670522085433e-05  ,-3.265671313522e+00  ,-3.308739120391e+00  
  1.670634849971e-05  ,-3.962487670579e+00  ,-3.986810594078e+00  
  1.670860379045e-05  ,-5.340334965320e+00  ,-5.327297957997e+00  
  1.671279697721e-05  ,-7.825725530819e+00  ,-7.693513429131e+00  
  1.671566060787e-05  ,-9.447660130806e+00  ,-6.501540657791e+00  
  1.671869858211e-05  ,-1.108452803971e+01  ,-3.539674842003e+00  
  1.672190121418e-05  ,-1.270059351997e+01  ,-2.591866490378e+00  
  1.672738484149e-05  ,-1.516102828060e+01  ,-2.479728063580e+00  
  1.673256374007e-05  ,-1.707369466299e+01  ,-2.557219391308e+00  
  1.674292153721e-05  ,-1.950752157215e+01  ,-2.427053349048e+00  
  1.676363713150e-05  ,-1.819243947818e+01  ,-1.841844432513e+00  
  1.678863829976e-05  ,-6.988143779933e+00  ,-1.272194934732e+00  
  1.679176344579e-05  ,-5.117620938576e+00  ,-1.065428380480e+00  
  1.679254473230e-05  ,-4.641573120512e+00  ,-1.020378147437e+00  
  1.679410730531e-05  ,-3.681377434891e+00  ,-9.197387304013e-01  
  1.679597591092e-05  ,-2.521680215751e+00  ,-7.649871741784e-01  
  1.679640655448e-05  ,-2.253035657081e+00  ,-7.180958530881e-01  
  1.679718001788e-05  ,-1.769530176447e+00  ,-6.212798274640e-01  
  1.679759888021e-05  ,-1.507237696015e+00  ,-5.594038939049e-01  
  1.679792628666e-05  ,-1.302031046290e+00  ,-5.047765740570e-01  
  1.679803697435e-05  ,-1.232623722810e+00  ,-4.847934546472e-01  
  1.679821907119e-05  ,-1.118406856356e+00  ,-4.500246267228e-01  
  1.679854247296e-05  ,-9.154712618184e-01  ,-3.813566700876e-01  
  1.679900371046e-05  ,-6.258849745456e-01  ,-2.585991592715e-01  
  1.679958038540e-05  ,-2.636439915248e-01  ,-2.299163483781e-02  
  1.680020856248e-05  ,1.310427324388e-01  ,3.127765006339e-01  
  1.680082463236e-05  ,5.180738383175e-01  ,6.674617311620e-01  
  1.680100831246e-05  ,6.334354533188e-01  ,7.752317824295e-01  
  1.680107672974e-05  ,6.764002388033e-01  ,8.155447839684e-01  
  1.680118506584e-05  ,7.444268281982e-01  ,8.795413627441e-01  
  1.680134564913e-05  ,8.452444700274e-01  ,9.747181606268e-01  
  1.680159696653e-05  ,1.002982781743e+00  ,1.124294427368e+00  
  1.680204996183e-05  ,1.287138830544e+00  ,1.395333501573e+00  
  1.680260353997e-05  ,1.634029034209e+00  ,1.728206751627e+00  
  1.680323050633e-05  ,2.026304285573e+00  ,2.106453223439e+00  
  1.680366860047e-05  ,2.299949995340e+00  ,2.371130311013e+00  
  1.680392415538e-05  ,2.459378791188e+00  ,2.525571693125e+00  
  1.680400329452e-05  ,2.508718340993e+00  ,2.573397234565e+00  
  1.680414329558e-05  ,2.595964284603e+00  ,2.657999604975e+00  
  1.680430120133e-05  ,2.694307725996e+00  ,2.753408967096e+00  
  1.680461701281e-05  ,2.890793277285e+00  ,2.944161940413e+00  
  1.680508919336e-05  ,3.184028815581e+00  ,3.229107520983e+00  
  1.680603355445e-05  ,3.768333650143e+00  ,3.797527862837e+00  
  1.680792227663e-05  ,4.926482170190e+00  ,4.924679650672e+00  
  1.681169972099e-05  ,7.186744322411e+00  ,7.103084739319e+00  
  1.681480996586e-05  ,8.973260880003e+00  ,7.309285649699e+00  
  1.681727312781e-05  ,1.032816474264e+01  ,4.772166450613e+00  
  1.681961559035e-05  ,1.155944929928e+01  ,3.373697141336e+00  
  1.682430051542e-05  ,1.382797335453e+01  ,2.556670889234e+00  
  1.682910092450e-05  ,1.584188686158e+01  ,2.812620256681e+00  
  1.683827556945e-05  ,1.865857114411e+01  ,2.447094418473e+00  
  1.684946336127e-05  ,1.999715780757e+01  ,2.249408082871e+00  
  1.687183894492e-05  ,1.547457073800e+01  ,1.660461518921e+00  
  1.689684011317e-05  ,1.982156112918e+00  ,8.839264733043e-01  
  1.691429831363e-05  ,-8.684806533104e+00  ,-8.002370384093e+00  
  1.692304082490e-05  ,-1.324546755363e+01  ,-3.408114575188e+00  
  1.692548796810e-05  ,-1.435726392137e+01  ,-2.889279986285e+00  
  1.692938387669e-05  ,-1.594977872250e+01  ,-2.636258312980e+00  
  1.693717569388e-05  ,-1.839865452939e+01  ,-2.471053177665e+00  
  1.695008158959e-05  ,-1.999993429945e+01  ,-2.237819899682e+00  
  1.697508275784e-05  ,-1.410531952753e+01  ,-1.578521534622e+00  
  1.697820790387e-05  ,-1.264755654987e+01  ,-1.522602826548e+00  
  1.698445819594e-05  ,-9.381801432648e+00  ,-1.345834631967e+00  
  1.699288927294e-05  ,-4.430734642548e+00  ,-1.032249363869e+00  
  1.699499704219e-05  ,-3.130524853316e+00  ,-8.778646965728e-01  
  1.699537259802e-05  ,-2.897252284630e+00  ,-8.415968482296e-01  
  1.699612370968e-05  ,-2.429529770221e+00  ,-7.615685962815e-01  
  1.699691905915e-05  ,-1.932791056820e+00  ,-6.647830483601e-01  
  1.699774151012e-05  ,-1.417860696666e+00  ,-5.419971817612e-01  
  1.699815636776e-05  ,-1.157740742465e+00  ,-4.671752902754e-01  
  1.699829376112e-05  ,-1.071548187409e+00  ,-4.395962084355e-01  
  1.699844456553e-05  ,-9.769194058239e-01  ,-4.074311410410e-01  
  1.699867076050e-05  ,-8.349430917952e-01  ,-3.545546015597e-01  
  1.699912315044e-05  ,-5.508711493700e-01  ,-2.207768490113e-01  
  1.699966443512e-05  ,-2.108377256238e-01  ,1.805387630469e-02  
  1.700019929368e-05  ,1.252190921316e-01  ,3.071097213319e-01  
  1.700076665539e-05  ,4.816572167069e-01  ,6.331794694206e-01  
  1.700105680894e-05  ,6.638906573593e-01  ,8.034862883823e-01  
  1.700113712387e-05  ,7.143240398292e-01  ,8.509035350010e-01  
  1.700124003501e-05  ,7.789399176323e-01  ,9.118010323796e-01  
  1.700139712585e-05  ,8.775582260605e-01  ,1.005032214259e+00  
  1.700160683641e-05  ,1.009176357190e+00  ,1.129929652811e+00  
  1.700192916715e-05  ,1.211389548300e+00  ,1.322672498969e+00  
  1.700257382864e-05  ,1.615422555066e+00  ,1.710091718811e+00  
  1.700317835012e-05  ,1.993699494974e+00  ,2.074751932599e+00  
  1.700377532789e-05  ,2.366550878252e+00  ,2.435428328431e+00  
  1.700400329237e-05  ,2.508717005729e+00  ,2.573198631909e+00  
  1.700408477146e-05  ,2.559499199182e+00  ,2.622437180814e+00  
  1.700421545930e-05  ,2.640915802688e+00  ,2.701408307287e+00  
  1.700438628714e-05  ,2.747271700017e+00  ,2.804617490046e+00  
  1.700465054992e-05  ,2.911642381174e+00  ,2.964220504730e+00  
  1.700517907548e-05  ,3.239770383843e+00  ,3.283116180508e+00  
  1.700623612661e-05  ,3.893256652163e+00  ,3.918936161499e+00  
  1.700835022885e-05  ,5.186634215069e+00  ,5.177378841732e+00  
  1.701243091184e-05  ,7.613545622930e+00  ,7.499453315454e+00  
  1.701542865295e-05  ,9.318954766273e+00  ,6.696528215098e+00  
  1.701827887255e-05  ,1.086406654004e+01  ,4.063902799902e+00  
  1.702108811397e-05  ,1.230183990769e+01  ,3.064661632173e+00  
  1.702622156400e-05  ,1.467431628764e+01  ,2.600315345407e+00  
  1.703129764456e-05  ,1.664600513959e+01  ,2.735152306446e+00  
  1.704144980568e-05  ,1.928280235399e+01  ,2.376290994051e+00  
  1.705740596909e-05  ,1.946110580466e+01  ,2.057175813533e+00  
  1.708240713734e-05  ,1.049967603188e+01  ,1.398350505661e+00  
  1.708553228337e-05  ,8.780563068648e+00  ,1.309803154580e+00  
  1.709178257543e-05  ,5.106000654859e+00  ,1.068146186499e+00  
  1.709334514845e-05  ,4.150972099262e+00  ,9.781983622900e-01  
  1.709647029448e-05  ,2.213237076585e+00  ,7.239568375348e-01  
  1.709694787670e-05  ,1.914768420549e+00  ,6.627373625202e-01  
  1.709790304113e-05  ,1.316605312689e+00  ,5.155344841560e-01  
  1.709819529015e-05  ,1.133325231710e+00  ,4.606735237629e-01  
  1.709829321872e-05  ,1.071888499160e+00  ,4.408264813849e-01  
  1.709845550168e-05  ,9.700561657838e-01  ,4.060235001903e-01  
  1.709866456031e-05  ,8.388353720307e-01  ,3.569710613112e-01  
  1.709908267758e-05  ,5.762908957101e-01  ,2.355294193346e-01  
  1.709959853716e-05  ,2.522398553645e-01  ,1.520052393997e-02  
  1.710015183590e-05  ,-9.540094775001e-02  ,-2.803884990596e-01  
  1.710073503010e-05  ,-4.617919876870e-01  ,-6.146868797812e-01  
  1.710103049218e-05  ,-6.473642402510e-01  ,-7.879428160161e-01  
  1.710111128442e-05  ,-6.980987585473e-01  ,-8.356096206137e-01  
  1.710121952738e-05  ,-7.660642093105e-01  ,-8.996274483106e-01  
  1.710137161236e-05  ,-8.615427871383e-01  ,-9.898457191574e-01  
  1.710160607282e-05  ,-1.008697189451e+00  ,-1.129453561362e+00  
  1.710194102298e-05  ,-1.218825024551e+00  ,-1.329758662766e+00  
  1.710252635922e-05  ,-1.585692305442e+00  ,-1.681486787703e+00  
  1.710309744622e-05  ,-1.943112889611e+00  ,-2.025894457290e+00  
  1.710364329438e-05  ,-2.284154475045e+00  ,-2.355635034793e+00  
  1.710390965264e-05  ,-2.450335352991e+00  ,-2.516606963946e+00  
  1.710399766262e-05  ,-2.505207627471e+00  ,-2.569793912961e+00  
  1.710415070220e-05  ,-2.600578563781e+00  ,-2.662276992712e+00  
  1.710431009806e-05  ,-2.699846649768e+00  ,-2.758587744717e+00  
  1.710462888978e-05  ,-2.898177232668e+00  ,-2.951140792309e+00  
  1.710516887061e-05  ,-3.233442990433e+00  ,-3.276962526359e+00  
  1.710624883227e-05  ,-3.901086827336e+00  ,-3.926555965007e+00  
  1.710840875558e-05  ,-5.222140776950e+00  ,-5.211879634393e+00  
  1.711251253537e-05  ,-7.660944721191e+00  ,-7.542551198456e+00  
  1.711549090497e-05  ,-9.353545556571e+00  ,-6.628726872186e+00  
  1.711843462936e-05  ,-1.094610362541e+01  ,-3.964996934375e+00  
  1.712130906336e-05  ,-1.241100123769e+01  ,-3.035183459425e+00  
  1.712646933548e-05  ,-1.477964804645e+01  ,-2.611649236404e+00  
  1.713161619655e-05  ,-1.675611906625e+01  ,-2.722717294654e+00  
  1.714190991871e-05  ,-1.935750988488e+01  ,-2.367087474369e+00  
  1.715890618316e-05  ,-1.922223591930e+01  ,-2.020221241604e+00  
  1.718390735142e-05  ,-9.686044881774e+00  ,-1.359035364907e+00  
  1.718703249745e-05  ,-7.924214275814e+00  ,-1.263744816109e+00  
  1.719328278951e-05  ,-4.189292201790e+00  ,-9.854662425840e-01  
  1.719484536253e-05  ,-3.224617373740e+00  ,-8.679840939771e-01  
  1.719523600578e-05  ,-2.982143499284e+00  ,-8.340724659954e-01  
  1.719601729229e-05  ,-2.495884911658e+00  ,-7.590859716065e-01  
  1.719686311945e-05  ,-1.967771494958e+00  ,-6.628263159215e-01  
  1.719776892379e-05  ,-1.400678996673e+00  ,-5.314585069627e-01  
  1.719823141858e-05  ,-1.110660823374e+00  ,-4.477978688772e-01  
  1.719835826471e-05  ,-1.031075427029e+00  ,-4.219174252951e-01  
  1.719849705506e-05  ,-9.439773179467e-01  ,-3.918647465756e-01  
  1.719875964146e-05  ,-7.791430433044e-01  ,-3.286180375117e-01  
  1.719928481426e-05  ,-4.493266479100e-01  ,-1.569252920183e-01  
  1.719980188455e-05  ,-1.244788043382e-01  ,8.997707865732e-02  
  1.720031914111e-05  ,2.005189129766e-01  ,3.752951537056e-01  
  1.720071141418e-05  ,4.469574982925e-01  ,6.012209473990e-01  
  1.720094373259e-05  ,5.928778091546e-01  ,7.371213037499e-01  
  1.720100474586e-05  ,6.311956171419e-01  ,7.730041632105e-01  
  1.720111035784e-05  ,6.975169301353e-01  ,8.352700224168e-01  
  1.720124188387e-05  ,7.801007089130e-01  ,9.130603119323e-01  
  1.720147250263e-05  ,9.248707352941e-01  ,1.050015793547e+00  
  1.720185606783e-05  ,1.165541062877e+00  ,1.279016502648e+00  
  1.720248210286e-05  ,1.557971229560e+00  ,1.654957152697e+00  
  1.720308420291e-05  ,1.934831067234e+00  ,2.018000982955e+00  
  1.720365324100e-05  ,2.290363115878e+00  ,2.361736155788e+00  
  1.720392900562e-05  ,2.462403126160e+00  ,2.528388529003e+00  
  1.720401686426e-05  ,2.517176891739e+00  ,2.581482068892e+00  
  1.720417327989e-05  ,2.614643447467e+00  ,2.676001644311e+00  
  1.720433386318e-05  ,2.714641280772e+00  ,2.773025134866e+00  
  1.720465502977e-05  ,2.914427135650e+00  ,2.966999992568e+00  
  1.720522974893e-05  ,3.271184821457e+00  ,3.313733043154e+00  
  1.720637918725e-05  ,3.981385158634e+00  ,4.004793069067e+00  
  1.720867806390e-05  ,5.385293361384e+00  ,5.370410589003e+00  
  1.721293085530e-05  ,7.903067349717e+00  ,7.756876670163e+00  
  1.721580826953e-05  ,9.529332588853e+00  ,6.276101489843e+00  
  1.721874007299e-05  ,1.110621797542e+01  ,3.535009541203e+00  
  1.722232678249e-05  ,1.290600968481e+01  ,2.911884530539e+00  
  1.722534948304e-05  ,1.429655134876e+01  ,2.767376442557e+00  
  1.722906173482e-05  ,1.582684464391e+01  ,2.696198743418e+00  
  1.723648623839e-05  ,1.822450559767e+01  ,2.533852856687e+00  
  1.725133524552e-05  ,1.998240625400e+01  ,2.177336362524e+00  
  1.727633641377e-05  ,1.353609461896e+01  ,1.572604844168e+00  
  1.727946155980e-05  ,1.202771028172e+01  ,1.487584422431e+00  
  1.728571185186e-05  ,8.679052549976e+00  ,1.308060515747e+00  
  1.729300746038e-05  ,4.358290102012e+00  ,1.021272953740e+00  
  1.729483136251e-05  ,3.233298442783e+00  ,8.886345780379e-01  
  1.729743571296e-05  ,1.609446908250e+00  ,6.063459643361e-01  
  1.729774644874e-05  ,1.414765462272e+00  ,5.541015567482e-01  
  1.729836792029e-05  ,1.025016667374e+00  ,4.331268102800e-01  
  1.729899982266e-05  ,6.283265540497e-01  ,2.687163959335e-01  
  1.729957100279e-05  ,2.695387350350e-01  ,3.078105354599e-02  
  1.730022535003e-05  ,-1.415904192368e-01  ,-3.208839207109e-01  
  1.730073860190e-05  ,-4.640356198327e-01  ,-6.162712265499e-01  
  1.730102628745e-05  ,-6.447237059275e-01  ,-7.850701277927e-01  
  1.730110464660e-05  ,-6.939306224405e-01  ,-8.313163746984e-01  
  1.730121056126e-05  ,-7.604347326413e-01  ,-8.939721638708e-01  
  1.730137137739e-05  ,-8.613952864732e-01  ,-9.893962183207e-01  
  1.730158718811e-05  ,-9.968465018628e-01  ,-1.117918259334e+00  
  1.730193592185e-05  ,-1.215625829655e+00  ,-1.326483210486e+00  
  1.730251343498e-05  ,-1.577597197041e+00  ,-1.673542459123e+00  
  1.730308424258e-05  ,-1.934855878439e+00  ,-2.017799027018e+00  
  1.730362627232e-05  ,-2.273528852266e+00  ,-2.345249172724e+00  
  1.730389207178e-05  ,-2.439371820934e+00  ,-2.505892238269e+00  
  1.730398279424e-05  ,-2.495938855813e+00  ,-2.560721720307e+00  
  1.730414076984e-05  ,-2.594390728010e+00  ,-2.656193318504e+00  
  1.730429630071e-05  ,-2.691256612600e+00  ,-2.750174452875e+00  
  1.730460736245e-05  ,-2.884793314463e+00  ,-2.938072389115e+00  
  1.730518841460e-05  ,-3.245560684304e+00  ,-3.288688011400e+00  
  1.730635051891e-05  ,-3.963731214063e+00  ,-3.987499038168e+00  
  1.730867472753e-05  ,-5.383274453121e+00  ,-5.368360553752e+00  
  1.731283438667e-05  ,-7.847351095801e+00  ,-7.708476794348e+00  
  1.731571999654e-05  ,-9.480532864277e+00  ,-6.365821118382e+00  
  1.731870693430e-05  ,-1.108889578000e+01  ,-3.532487061827e+00  
  1.732210402652e-05  ,-1.279877375207e+01  ,-2.933151292702e+00  
  1.732503657505e-05  ,-1.415837614887e+01  ,-2.781694973120e+00  
  1.732864712640e-05  ,-1.566624004569e+01  ,-2.707200533228e+00  
  1.733586822912e-05  ,-1.806113408077e+01  ,-2.548232668112e+00  
  1.735031043455e-05  ,-1.999904887764e+01  ,-2.202758632170e+00  
  1.737531160280e-05  ,-1.400301874313e+01  ,-1.597064976483e+00  
  1.737843674883e-05  ,-1.253584419222e+01  ,-1.515034036841e+00  
  1.738468704089e-05  ,-9.254574067222e+00  ,-1.340656142170e+00  
  1.739233878716e-05  ,-4.767341253699e+00  ,-1.057550735797e+00  
  1.739425172373e-05  ,-3.592149536033e+00  ,-9.309433979788e-01  
  1.739472995787e-05  ,-3.296158224019e+00  ,-8.894454871037e-01  
  1.739568642616e-05  ,-2.702010539171e+00  ,-7.998869912499e-01  
  1.739592554323e-05  ,-2.553071445052e+00  ,-7.752666284204e-01  
  1.739640377737e-05  ,-2.254769451505e+00  ,-7.224217081599e-01  
  1.739696760006e-05  ,-1.902432424021e+00  ,-6.527562344555e-01  
  1.739753645189e-05  ,-1.546348097792e+00  ,-5.710133732182e-01  
  1.739782665200e-05  ,-1.364494066380e+00  ,-5.236190647030e-01  
  1.739794704873e-05  ,-1.289013252135e+00  ,-5.025158813953e-01  
  1.739812698025e-05  ,-1.176174001615e+00  ,-4.692032085060e-01  
  1.739840218607e-05  ,-1.003514547949e+00  ,-4.134759906199e-01  
  1.739895259771e-05  ,-6.579835138574e-01  ,-2.752713756611e-01  
  1.739959940124e-05  ,-2.516969802905e-01  ,-1.415460398253e-02  
  1.740027507577e-05  ,1.728330507292e-01  ,3.499765792946e-01  
  1.740079009715e-05  ,4.963817061656e-01  ,6.469334248015e-01  
  1.740108113546e-05  ,6.791668408445e-01  ,8.178868743783e-01  
  1.740116090323e-05  ,7.292553227510e-01  ,8.650079963763e-01  
  1.740125845927e-05  ,7.905073081325e-01  ,9.227623402856e-01  
  1.740142041627e-05  ,8.921776996536e-01  ,1.018917860295e+00  
  1.740160835717e-05  ,1.010130658414e+00  ,1.130868990954e+00  
  1.740193031538e-05  ,1.212109675594e+00  ,1.323385836810e+00  
  1.740257423181e-05  ,1.615675046157e+00  ,1.710349279411e+00  
  1.740317381728e-05  ,1.990865593424e+00  ,2.072023046854e+00  
  1.740376977060e-05  ,2.363083621700e+00  ,2.432073651812e+00  
  1.740399594228e-05  ,2.504135216347e+00  ,2.568759228526e+00  
  1.740407751450e-05  ,2.554976943556e+00  ,2.618053829021e+00  
  1.740420906381e-05  ,2.636932534177e+00  ,2.697545306743e+00  
  1.740437910003e-05  ,2.742798642573e+00  ,2.800276297495e+00  
  1.740465356079e-05  ,2.913514000511e+00  ,2.966037788495e+00  
  1.740520248232e-05  ,3.254282216185e+00  ,3.297224301880e+00  
  1.740630032537e-05  ,3.932814337908e+00  ,3.957435275791e+00  
  1.740849601147e-05  ,5.275043714095e+00  ,5.263259021190e+00  
  1.741264747498e-05  ,7.739194042378e+00  ,7.612922245334e+00  
  1.741559082685e-05  ,9.408993023901e+00  ,6.516540556029e+00  
  1.741875881372e-05  ,1.111600876464e+01  ,3.471058761151e+00  
  1.742187650917e-05  ,1.268859866676e+01  ,2.960210809291e+00  
  1.742498973427e-05  ,1.413757394458e+01  ,2.791584648437e+00  
  1.742833467243e-05  ,1.554344871202e+01  ,2.718124522101e+00  
  1.743502454875e-05  ,1.782712772933e+01  ,2.569082592524e+00  
  1.744840430138e-05  ,1.997487474197e+01  ,2.249009596695e+00  
  1.747340546963e-05  ,1.483253030927e+01  ,1.643070296741e+00  
  1.747653061567e-05  ,1.344601621438e+01  ,1.564837983481e+00  
  1.748278090773e-05  ,1.029907573835e+01  ,1.396443559947e+00  
  1.749528149185e-05  ,2.953880212763e+00  ,8.950547950418e-01  
  1.749748127577e-05  ,1.580910153273e+00  ,6.021597524046e-01  
  1.749803122175e-05  ,1.236231292505e+00  ,5.043419804670e-01  
  1.749887676952e-05  ,7.056000683035e-01  ,3.085987171901e-01  
  1.749967817260e-05  ,2.022066766419e-01  ,-2.210320835651e-02  
  1.750050583897e-05  ,-3.178146200981e-01  ,-4.807453553188e-01  
  1.750101713506e-05  ,-6.389760541307e-01  ,-7.794376096427e-01  
  1.750129867388e-05  ,-8.157545052100e-01  ,-9.460424779166e-01  
  1.750136076981e-05  ,-8.547364856387e-01  ,-9.829317511466e-01  
  1.750147072408e-05  ,-9.237544354886e-01  ,-1.048356708549e+00  
  1.750161861810e-05  ,-1.016569516023e+00  ,-1.136549257050e+00  
  1.750178290341e-05  ,-1.119645591552e+00  ,-1.234742884356e+00  
  1.750211147401e-05  ,-1.325705523460e+00  ,-1.431715267337e+00  
  1.750256991755e-05  ,-1.612973162240e+00  ,-1.707502059191e+00  
  1.750311269235e-05  ,-1.952646769684e+00  ,-2.034932797418e+00  
  1.750360843535e-05  ,-2.262393845198e+00  ,-2.334438543917e+00  
  1.750385430451e-05  ,-2.415817400488e+00  ,-2.483040661951e+00  
  1.750394536458e-05  ,-2.472603236261e+00  ,-2.538076991173e+00  
  1.750409747284e-05  ,-2.567413885356e+00  ,-2.630008004381e+00  
  1.750424885932e-05  ,-2.661716437303e+00  ,-2.721492040818e+00  
  1.750455163229e-05  ,-2.850138793551e+00  ,-2.904404163627e+00  
  1.750515717823e-05  ,-3.226192879158e+00  ,-3.269851957086e+00  
  1.750636827010e-05  ,-3.974662766208e+00  ,-3.998150093085e+00  
  1.750871185023e-05  ,-5.405734851965e+00  ,-5.390252413309e+00  
  1.751282531578e-05  ,-7.842108409732e+00  ,-7.705562837701e+00  
  1.751564573306e-05  ,-9.439421495190e+00  ,-6.459714272397e+00  
  1.751859802562e-05  ,-1.103188268606e+01  ,-3.585872528314e+00  
  1.752188037891e-05  ,-1.269047801939e+01  ,-2.949923697004e+00  
  1.752473804909e-05  ,-1.402527634121e+01  ,-2.787694062384e+00  
  1.752826664406e-05  ,-1.551651528776e+01  ,-2.713751346906e+00  
  1.753532383401e-05  ,-1.791158055602e+01  ,-2.560812571683e+00  
  1.754943821389e-05  ,-1.999688519783e+01  ,-2.224523940604e+00  
  1.757443938214e-05  ,-1.438900535241e+01  ,-1.617673509172e+00  
  1.757756452817e-05  ,-1.295810421183e+01  ,-1.538040037661e+00  
  1.758381482023e-05  ,-9.736869789183e+00  ,-1.365908772095e+00  
  1.759631540436e-05  ,-2.309933094713e+00  ,-8.134746767714e-01  
  1.759757026840e-05  ,-1.525163293821e+00  ,-6.271701576599e-01  
  1.759788398441e-05  ,-1.328552795018e+00  ,-5.672035332716e-01  
  1.759813879426e-05  ,-1.168763804556e+00  ,-5.141038526559e-01  
  1.759842508282e-05  ,-9.891459572559e-01  ,-4.488102363616e-01  
  1.759874750670e-05  ,-7.867616935772e-01  ,-3.644731025905e-01  
  1.759939235445e-05  ,-3.817717723190e-01  ,-1.236865541908e-01  
  1.760001363974e-05  ,8.570099257584e-03  ,1.996483456665e-01  
  1.760059022154e-05  ,3.708258823188e-01  ,5.285280288467e-01  
  1.760089970003e-05  ,5.652229368287e-01  ,7.094661695012e-01  
  1.760098150508e-05  ,6.166001100479e-01  ,7.576331572585e-01  
  1.760109847920e-05  ,6.900578482028e-01  ,8.267041285415e-01  
  1.760123219384e-05  ,7.740168750827e-01  ,9.059109902838e-01  
  1.760149962311e-05  ,9.418924715894e-01  ,1.064985387196e+00  
  1.760203448167e-05  ,1.277432368056e+00  ,1.385078147865e+00  
  1.760265809526e-05  ,1.668190122256e+00  ,1.760348730529e+00  
  1.760329977652e-05  ,2.069599240344e+00  ,2.147718228412e+00  
  1.760368404021e-05  ,2.309586443222e+00  ,2.379957035670e+00  
  1.760393149262e-05  ,2.463953860357e+00  ,2.529536167875e+00  
  1.760400768645e-05  ,2.511456053172e+00  ,2.575592510504e+00  
  1.760414098199e-05  ,2.594522902737e+00  ,2.656160188715e+00  
  1.760430319510e-05  ,2.695549027272e+00  ,2.754191754727e+00  
  1.760461230106e-05  ,2.887863855509e+00  ,2.940928142688e+00  
  1.760505668163e-05  ,3.163859970999e+00  ,3.209151654728e+00  
  1.760594544276e-05  ,3.713948661177e+00  ,3.744308564804e+00  
  1.760772296503e-05  ,4.805013899844e+00  ,4.806305938463e+00  
  1.761127800956e-05  ,6.938849618948e+00  ,6.867944719688e+00  
  1.761488558069e-05  ,9.015695431067e+00  ,7.282924456124e+00  
  1.761742213085e-05  ,1.040822325667e+01  ,4.720757762593e+00  
  1.761989870384e-05  ,1.170415470553e+01  ,3.302990450565e+00  
  1.762485184982e-05  ,1.407616129576e+01  ,2.526596928473e+00  
  1.762978487923e-05  ,1.610052336754e+01  ,2.802696991186e+00  
  1.763944679215e-05  ,1.891085170877e+01  ,2.411314808618e+00  
  1.765122019961e-05  ,1.998530707278e+01  ,2.212234274573e+00  
  1.767476701453e-05  ,1.424526858995e+01  ,1.585201399719e+00  
  1.767789216056e-05  ,1.280061459834e+01  ,1.530998430543e+00  
  1.768414245262e-05  ,9.556542882128e+00  ,1.355438698460e+00  
  1.769664303675e-05  ,2.105334468861e+00  ,7.838075719080e-01  
  1.769782246366e-05  ,1.367119536932e+00  ,5.915242028060e-01  
  1.769811732038e-05  ,1.182232914319e+00  ,5.296998375084e-01  
  1.769833678655e-05  ,1.044552372442e+00  ,4.795067298435e-01  
  1.769858749859e-05  ,8.872095717929e-01  ,4.165597962530e-01  
  1.769891313552e-05  ,6.827644028076e-01  ,3.201814927704e-01  
  1.769949707478e-05  ,3.159840885909e-01  ,7.578532325218e-02  
  1.770012972220e-05  ,-8.150663909420e-02  ,-2.637824081409e-01  
  1.770070500016e-05  ,-4.429284489964e-01  ,-5.949315709934e-01  
  1.770095440834e-05  ,-5.995825997433e-01  ,-7.412990473673e-01  
  1.770102474648e-05  ,-6.437559906625e-01  ,-7.827924649219e-01  
  1.770114101046e-05  ,-7.167644963013e-01  ,-8.515506291875e-01  
  1.770128478339e-05  ,-8.070340384288e-01  ,-9.368383865014e-01  
  1.770154536744e-05  ,-9.706016079054e-01  ,-1.092028366524e+00  
  1.770197265824e-05  ,-1.238664494052e+00  ,-1.347784965215e+00  
  1.770252893721e-05  ,-1.587307002546e+00  ,-1.682354589911e+00  
  1.770310132807e-05  ,-1.945540372099e+00  ,-2.027725359425e+00  
  1.770364540672e-05  ,-2.285473003678e+00  ,-2.356514055676e+00  
  1.770390957636e-05  ,-2.450287788830e+00  ,-2.516207976765e+00  
  1.770399729531e-05  ,-2.504978655067e+00  ,-2.569232663988e+00  
  1.770414951998e-05  ,-2.599842057016e+00  ,-2.661245375055e+00  
  1.770430868301e-05  ,-2.698965682284e+00  ,-2.757436914115e+00  
  1.770462700907e-05  ,-2.897008013592e+00  ,-2.949747366644e+00  
  1.770515851486e-05  ,-3.227021709748e+00  ,-3.270513865971e+00  
  1.770622152645e-05  ,-3.884258181287e+00  ,-3.910047588192e+00  
  1.770834754962e-05  ,-5.185008379863e+00  ,-5.175770072878e+00  
  1.771241929192e-05  ,-7.606793809548e+00  ,-7.493540525834e+00  
  1.771542411107e-05  ,-9.316429644170e+00  ,-6.709939152243e+00  
  1.771825831193e-05  ,-1.085321778583e+01  ,-4.081222396654e+00  
  1.772105675000e-05  ,-1.228629619594e+01  ,-3.069680891895e+00  
  1.772618721980e-05  ,-1.465964569314e+01  ,-2.597936632133e+00  
  1.773124988932e-05  ,-1.662935360962e+01  ,-2.737095919666e+00  
  1.774137522835e-05  ,-1.927031353699e+01  ,-2.377767166600e+00  
  1.775716151852e-05  ,-1.949594577091e+01  ,-2.063193931372e+00  
  1.778216268677e-05  ,-1.063008985717e+01  ,-1.404647885583e+00  
  1.778528783280e-05  ,-8.918301839194e+00  ,-1.317757702944e+00  
  1.779153812486e-05  ,-5.254351672814e+00  ,-1.080155101180e+00  
  1.779310069788e-05  ,-4.301096510973e+00  ,-9.928829346393e-01  
  1.779622584391e-05  ,-2.365819784633e+00  ,-7.497747535396e-01  
  1.779680093560e-05  ,-2.006649409382e+00  ,-6.797371880136e-01  
  1.779795111898e-05  ,-1.286461143878e+00  ,-5.058869940122e-01  
  1.779842274073e-05  ,-9.906157322721e-01  ,-4.129197063153e-01  
  1.779859212502e-05  ,-8.843055472512e-01  ,-3.743815507944e-01  
  1.779876171887e-05  ,-7.778387584819e-01  ,-3.319306102935e-01  
  1.779910090655e-05  ,-5.648419624055e-01  ,-2.290361664577e-01  
  1.779956456549e-05  ,-2.735830380807e-01  ,-3.180876781612e-02  
  1.780008228771e-05  ,5.170283561161e-02  ,2.416552857257e-01  
  1.780061444543e-05  ,3.860434737560e-01  ,5.446558865209e-01  
  1.780086390018e-05  ,5.427378573076e-01  ,6.900745987685e-01  
  1.780093824301e-05  ,5.894301064660e-01  ,7.336958195360e-01  
  1.780105460012e-05  ,6.625035794516e-01  ,8.021819307747e-01  
  1.780117963018e-05  ,7.410138554642e-01  ,8.760293344046e-01  
  1.780142969029e-05  ,8.979988978193e-01  ,1.024385368044e+00  
  1.780192981051e-05  ,1.211793039384e+00  ,1.323053464432e+00  
  1.780253889547e-05  ,1.593544146926e+00  ,1.689050518207e+00  
  1.780316446485e-05  ,1.985018385953e+00  ,2.066372208713e+00  
  1.780375101180e-05  ,2.351379276442e+00  ,2.420743496575e+00  
  1.780401345851e-05  ,2.515053995405e+00  ,2.579351913013e+00  
  1.780409569429e-05  ,2.566305633336e+00  ,2.629046685166e+00  
  1.780423539267e-05  ,2.653330124449e+00  ,2.713460938256e+00  
  1.780440824614e-05  ,2.760937505395e+00  ,2.817890561858e+00  
  1.780466286974e-05  ,2.919300461768e+00  ,2.971666498527e+00  
  1.780517211692e-05  ,3.235455857573e+00  ,3.278927248712e+00  
  1.780619061129e-05  ,3.865201639972e+00  ,3.891632858544e+00  
  1.780822760002e-05  ,5.112181954977e+00  ,5.105028810172e+00  
  1.781230157749e-05  ,7.538338284407e+00  ,7.430643332247e+00  
  1.781534513967e-05  ,9.272494045792e+00  ,6.791283688724e+00  
  1.781807726757e-05  ,1.075749526500e+01  ,4.201396994898e+00  
  1.782080604272e-05  ,1.216162031818e+01  ,3.107947923855e+00  
  1.782590522008e-05  ,1.453854184055e+01  ,2.584153425943e+00  
  1.783090232448e-05  ,1.650703785230e+01  ,2.751067574733e+00  
  1.784089653330e-05  ,1.918763505808e+01  ,2.387075570307e+00  
  1.785564272241e-05  ,1.968657076237e+01  ,2.100990281030e+00  
  1.788064389066e-05  ,1.142601955587e+01  ,1.442888354666e+00  
  1.788376903670e-05  ,9.761987063489e+00  ,1.365455031422e+00  
  1.789001932876e-05  ,6.168788531677e+00  ,1.148773303969e+00  
  1.789158190177e-05  ,5.227807071812e+00  ,1.074804831828e+00  
  1.789470704781e-05  ,3.310355351014e+00  ,8.831927981357e-01  
  1.789548833431e-05  ,2.825281092312e+00  ,8.135737718075e-01  
  1.789681379260e-05  ,1.998611717096e+00  ,6.713923258893e-01  
  1.789799973877e-05  ,1.255974203670e+00  ,4.959107876777e-01  
  1.789858395742e-05  ,8.894323573685e-01  ,3.763163576949e-01  
  1.789878808004e-05  ,7.612878079837e-01  ,3.250118924856e-01  
  1.789902919946e-05  ,6.098774117203e-01  ,2.535474937419e-01  
  1.789951143829e-05  ,3.069603245007e-01  ,5.747858951642e-02  
  1.790003856687e-05  ,-2.423227009441e-02  ,-2.174516010705e-01  
  1.790054762778e-05  ,-3.440677111035e-01  ,-5.059211757560e-01  
  1.790082520848e-05  ,-5.184357012008e-01  ,-6.673829729526e-01  
  1.790100474419e-05  ,-6.311945643588e-01  ,-7.727794827569e-01  
  1.790106193903e-05  ,-6.671122075404e-01  ,-8.064837471267e-01  
  1.790117352312e-05  ,-7.371793008980e-01  ,-8.723920803884e-01  
  1.790135198781e-05  ,-8.492236015853e-01  ,-9.781773474617e-01  
  1.790158467875e-05  ,-9.952717838147e-01  ,-1.116676716547e+00  
  1.790205006064e-05  ,-1.287200788055e+00  ,-1.395126502970e+00  
  1.790261034431e-05  ,-1.638289994192e+00  ,-1.732061410372e+00  
  1.790323488922e-05  ,-2.029043951540e+00  ,-2.108871448077e+00  
  1.790366380984e-05  ,-2.296959896839e+00  ,-2.368014277358e+00  
  1.790391624482e-05  ,-2.454446085717e+00  ,-2.520573530026e+00  
  1.790399541888e-05  ,-2.503808939953e+00  ,-2.568421336435e+00  
  1.790413462832e-05  ,-2.590564457225e+00  ,-2.652547382116e+00  
  1.790429223138e-05  ,-2.688723015107e+00  ,-2.747776377350e+00  
  1.790460743751e-05  ,-2.884839985714e+00  ,-2.938169350540e+00  
  1.790502774339e-05  ,-3.145905182111e+00  ,-3.191837960622e+00  
  1.790586835514e-05  ,-3.666344678728e+00  ,-3.698063284630e+00  
  1.790754957866e-05  ,-4.699192079744e+00  ,-4.703360491194e+00  
  1.791091202568e-05  ,-6.722724568787e+00  ,-6.661579198356e+00  
  1.791530563306e-05  ,-9.250493179713e+00  ,-7.008153100866e+00  
  1.791807054352e-05  ,-1.075393337280e+01  ,-4.388590768098e+00  
  1.792090064656e-05  ,-1.220875553291e+01  ,-3.103407526261e+00  
  1.792656085264e-05  ,-1.481832737707e+01  ,-2.765380181640e+00  
  1.793182096254e-05  ,-1.682601518777e+01  ,-2.670231447589e+00  
  1.794183603298e-05  ,-1.934578541911e+01  ,-2.410421116537e+00  
  1.796186617385e-05  ,-1.862631919850e+01  ,-1.918020749108e+00  
  1.798686734210e-05  ,-8.019384758547e+00  ,-1.300768356049e+00  
  1.798999248813e-05  ,-6.184828553885e+00  ,-1.145451524615e+00  
  1.799624278020e-05  ,-2.355252780541e+00  ,-7.621279783659e-01  
  1.799700441580e-05  ,-1.879404033369e+00  ,-6.671906287684e-01  
  1.799852768700e-05  ,-9.247517155512e-01  ,-3.976385620613e-01  
  1.799990585815e-05  ,-5.915098390492e-02  ,1.431063466717e-01  
  1.800068723779e-05  ,4.317706913728e-01  ,5.859365038644e-01  
  1.800111173462e-05  ,6.983814559422e-01  ,8.352535797619e-01  
  1.800122693922e-05  ,7.707177659177e-01  ,9.034570391721e-01  
  1.800133914031e-05  ,8.411584894785e-01  ,9.700495761721e-01  
  1.800151855960e-05  ,9.537772492282e-01  ,1.076835398316e+00  
  1.800174361370e-05  ,1.094997009099e+00  ,1.211221712162e+00  
  1.800219372190e-05  ,1.377265259776e+00  ,1.481112420652e+00  
  1.800273174695e-05  ,1.714301079261e+00  ,1.805047450979e+00  
  1.800324648894e-05  ,2.036294528355e+00  ,2.115746757280e+00  
  1.800364258043e-05  ,2.283708820436e+00  ,2.355083210219e+00  
  1.800386628411e-05  ,2.423289122411e+00  ,2.490289665778e+00  
  1.800394562116e-05  ,2.472763212978e+00  ,2.538241931674e+00  
  1.800407935908e-05  ,2.556126425414e+00  ,2.619072181014e+00  
  1.800422029147e-05  ,2.643925326814e+00  ,2.704241885943e+00  
  1.800450215624e-05  ,2.819365923585e+00  ,2.874535489874e+00  
  1.800500711934e-05  ,3.133107364808e+00  ,3.179368611107e+00  
  1.800601704554e-05  ,3.758146080132e+00  ,3.787412752613e+00  
  1.800803689794e-05  ,4.996249700295e+00  ,4.992357728194e+00  
  1.801167315380e-05  ,7.171164104531e+00  ,7.088096557861e+00  
  1.801480202512e-05  ,8.968801648275e+00  ,7.305357524755e+00  
  1.801722793417e-05  ,1.030383763779e+01  ,4.800980831417e+00  
  1.801956741647e-05  ,1.153473524218e+01  ,3.384286744820e+00  
  1.802424638109e-05  ,1.380337944172e+01  ,2.554318768155e+00  
  1.802904455499e-05  ,1.582024292703e+01  ,2.815033934828e+00  
  1.803813426332e-05  ,1.862641924026e+01  ,2.450457912181e+00  
  1.804923413830e-05  ,1.999421132053e+01  ,2.254915120220e+00  
  1.807143388824e-05  ,1.563454656864e+01  ,1.670272078436e+00  
  1.809643505649e-05  ,2.235240410379e+00  ,9.142280006077e-01  
  1.811370550232e-05  ,-8.347796057521e+00  ,-8.031627903872e+00  
  1.812214104967e-05  ,-1.281664046811e+01  ,-3.650849135534e+00  
  1.812451480465e-05  ,-1.392493446124e+01  ,-3.003693651742e+00  
  1.812824829058e-05  ,-1.550923673155e+01  ,-2.666738351140e+00  
  1.813571526246e-05  ,-1.801964362665e+01  ,-2.488078076482e+00  
  1.814711316065e-05  ,-1.991780464462e+01  ,-2.320279315151e+00  
  1.816990895705e-05  ,-1.621389730985e+01  ,-1.695167672355e+00  
  1.819491012530e-05  ,-3.184451456097e+00  ,-1.017056556379e+00  
  1.819742693143e-05  ,-1.614946552834e+00  ,-6.899664732062e-01  
  1.819805613296e-05  ,-1.220608674884e+00  ,-5.619396575467e-01  
  1.819886321710e-05  ,-7.141099396100e-01  ,-3.492157697005e-01  
  1.819966154681e-05  ,-2.126524030639e-01  ,5.028298999644e-03  
  1.820052385838e-05  ,3.291350716193e-01  ,4.888166215342e-01  
  1.820103152232e-05  ,6.480111542231e-01  ,7.865115922456e-01  
  1.820125189652e-05  ,7.863870156492e-01  ,9.171464296935e-01  
  1.820130200750e-05  ,8.178473345356e-01  ,9.469379147602e-01  
  1.820140222945e-05  ,8.807618135671e-01  ,1.006601763899e+00  
  1.820154090338e-05  ,9.678000504349e-01  ,1.089320864883e+00  
  1.820168740042e-05  ,1.059728450477e+00  ,1.176889995323e+00  
  1.820198039450e-05  ,1.243515963949e+00  ,1.352501539748e+00  
  1.820256638267e-05  ,1.610759355611e+00  ,1.705091980095e+00  
  1.820312675946e-05  ,1.961442981804e+00  ,2.043322041590e+00  
  1.820367363208e-05  ,2.303090446541e+00  ,2.373859419777e+00  
  1.820392816254e-05  ,2.461877432903e+00  ,2.527744809534e+00  
  1.820401326214e-05  ,2.514931592305e+00  ,2.579191492708e+00  
  1.820415940993e-05  ,2.606003242629e+00  ,2.667539335886e+00  
  1.820432185587e-05  ,2.707166492150e+00  ,2.765723179688e+00  
  1.820464674775e-05  ,2.909278837638e+00  ,2.962011984815e+00  
  1.820520945285e-05  ,3.258603484205e+00  ,3.301598574904e+00  
  1.820633486305e-05  ,3.954088989997e+00  ,3.978457751579e+00  
  1.820858568345e-05  ,5.329370210449e+00  ,5.316579582829e+00  
  1.821283474956e-05  ,7.847560821197e+00  ,7.711865364186e+00  
  1.821576506291e-05  ,9.505455922480e+00  ,6.390684132682e+00  
  1.821882687901e-05  ,1.115153594146e+01  ,3.486816485458e+00  
  1.822216958199e-05  ,1.283039783490e+01  ,2.934521709593e+00  
  1.822507381831e-05  ,1.417489417622e+01  ,2.787215086550e+00  
  1.822866686080e-05  ,1.567394491318e+01  ,2.709542979312e+00  
  1.823585294579e-05  ,1.805700739185e+01  ,2.548531487439e+00  
  1.825022511576e-05  ,1.999949983910e+01  ,2.204843946926e+00  
  1.827522628401e-05  ,1.404124378619e+01  ,1.599112256659e+00  
  1.827835143004e-05  ,1.257756925134e+01  ,1.517307390370e+00  
  1.828460172210e-05  ,9.302063700917e+00  ,1.341942603487e+00  
  1.829292700086e-05  ,4.407615406950e+00  ,1.030151376139e+00  
  1.829500832055e-05  ,3.123525600977e+00  ,8.776196885747e-01  
  1.829537921977e-05  ,2.893135540305e+00  ,8.416290194334e-01  
  1.829612101820e-05  ,2.431208341801e+00  ,7.631457462392e-01  
  1.829691152480e-05  ,1.937502818670e+00  ,6.669282565821e-01  
  1.829773295131e-05  ,1.423224772366e+00  ,5.442000749521e-01  
  1.829814883341e-05  ,1.162466745436e+00  ,4.692569418641e-01  
  1.829828601722e-05  ,1.076406803421e+00  ,4.417826490466e-01  
  1.829843873084e-05  ,9.805810567832e-01  ,4.092567063348e-01  
  1.829867004809e-05  ,8.353903250420e-01  ,3.551956790263e-01  
  1.829913268257e-05  ,5.448841811845e-01  ,2.176376645927e-01  
  1.829968281482e-05  ,1.992900282679e-01  ,-2.730072706219e-02  
  1.830021562446e-05  ,-1.354798107383e-01  ,-3.162538379822e-01  
  1.830073623378e-05  ,-4.625480851068e-01  ,-6.154015874832e-01  
  1.830100990292e-05  ,-6.344342705120e-01  ,-7.758203875471e-01  
  1.830108421082e-05  ,-6.810980331711e-01  ,-8.196305486547e-01  
  1.830119064935e-05  ,-7.479326095168e-01  ,-8.825353051584e-01  
  1.830133770519e-05  ,-8.402575730310e-01  ,-9.697090016371e-01  
  1.830156646129e-05  ,-9.838394347531e-01  ,-1.105829644482e+00  
  1.830192041044e-05  ,-1.205897598648e+00  ,-1.317409220733e+00  
  1.830251142774e-05  ,-1.576339941892e+00  ,-1.672496653258e+00  
  1.830309117605e-05  ,-1.939191822062e+00  ,-2.022110381387e+00  
  1.830364084263e-05  ,-2.282624065806e+00  ,-2.354154618785e+00  
  1.830390915666e-05  ,-2.450026069564e+00  ,-2.516308253788e+00  
  1.830399778365e-05  ,-2.505283071009e+00  ,-2.569867984129e+00  
  1.830415273244e-05  ,-2.601843363900e+00  ,-2.663504651237e+00  
  1.830431168592e-05  ,-2.700835195145e+00  ,-2.759547831074e+00  
  1.830462959288e-05  ,-2.898614341055e+00  ,-2.951565846738e+00  
  1.830518494053e-05  ,-3.243406778020e+00  ,-3.286651724496e+00  
  1.830629563584e-05  ,-3.929925302436e+00  ,-3.954636285602e+00  
  1.830851702644e-05  ,-5.287779106627e+00  ,-5.275701352996e+00  
  1.831261186554e-05  ,-7.718558145797e+00  ,-7.594575467442e+00  
  1.831556564821e-05  ,-9.395029911875e+00  ,-6.546692713553e+00  
  1.831877349569e-05  ,-1.112367643359e+01  ,-3.456334608311e+00  
  1.832183978214e-05  ,-1.267075271725e+01  ,-2.599230221251e+00  
  1.832546188189e-05  ,-1.434584833165e+01  ,-2.565860821829e+00  
  1.833144916846e-05  ,-1.669859101108e+01  ,-2.606272606793e+00  
  1.834081156804e-05  ,-1.917250615206e+01  ,-2.465216065195e+00  
  1.835953636719e-05  ,-1.910912894614e+01  ,-1.951037060805e+00  
  1.838453753545e-05  ,-9.337746863621e+00  ,-1.384988450028e+00  
  1.838766268148e-05  ,-7.559134027798e+00  ,-1.236890326373e+00  
  1.839391297354e-05  ,-3.801324016718e+00  ,-9.468043004956e-01  
  1.839547554656e-05  ,-2.833235075866e+00  ,-8.161736130945e-01  
  1.839575419827e-05  ,-2.659812374076e+00  ,-7.891057591910e-01  
  1.839631150170e-05  ,-2.312368781506e+00  ,-7.302106024839e-01  
  1.839694340407e-05  ,-1.917565729273e+00  ,-6.540638018571e-01  
  1.839758722736e-05  ,-1.514538473961e+00  ,-5.616965955612e-01  
  1.839791579797e-05  ,-1.308607236392e+00  ,-5.070255274860e-01  
  1.839803152644e-05  ,-1.236040221055e+00  ,-4.861758816982e-01  
  1.839821823333e-05  ,-1.118932477918e+00  ,-4.505385616185e-01  
  1.839849600029e-05  ,-9.446393099771e-01  ,-3.921584039599e-01  
  1.839903681931e-05  ,-6.050919287876e-01  ,-2.482219428138e-01  
  1.839966974613e-05  ,-2.075009042333e-01  ,2.137766812902e-02  
  1.840027929675e-05  ,1.754850743484e-01  ,3.524500044709e-01  
  1.840068698321e-05  ,4.316107731734e-01  ,5.868731646944e-01  
  1.840093499441e-05  ,5.873898389557e-01  ,7.318954919210e-01  
  1.840099967477e-05  ,6.280109314901e-01  ,7.699321822869e-01  
  1.840111001321e-05  ,6.973005206853e-01  ,8.349872500240e-01  
  1.840124675464e-05  ,7.831587662063e-01  ,9.158746712546e-01  
  1.840149183218e-05  ,9.370026877488e-01  ,1.061463341608e+00  
  1.840189933237e-05  ,1.192677691918e+00  ,1.304877084091e+00  
  1.840248317849e-05  ,1.558645013876e+00  ,1.655572281222e+00  
  1.840307205376e-05  ,1.927233195514e+00  ,2.010643376200e+00  
  1.840362311733e-05  ,2.271559349205e+00  ,2.343514734916e+00  
  1.840389916134e-05  ,2.443793000701e+00  ,2.510336895349e+00  
  1.840398973246e-05  ,2.500264124043e+00  ,2.565070891772e+00  
  1.840415208527e-05  ,2.601440186258e+00  ,2.663181033707e+00  
  1.840430687108e-05  ,2.697837619811e+00  ,2.756705390494e+00  
  1.840461644270e-05  ,2.890438828244e+00  ,2.943690382671e+00  
  1.840522562080e-05  ,3.268625940077e+00  ,3.311236814424e+00  
  1.840644397699e-05  ,4.021270710603e+00  ,4.043611843642e+00  
  1.840888068937e-05  ,5.507794602085e+00  ,5.489309383746e+00  
  1.841315732264e-05  ,8.033579306429e+00  ,7.864663010632e+00  
  1.841597401463e-05  ,9.620762735801e+00  ,6.076184571629e+00  
  1.841874488555e-05  ,1.110873258871e+01  ,3.566072277624e+00  
  1.842295297348e-05  ,1.320405887106e+01  ,2.847443777550e+00  
  1.842633739971e-05  ,1.472367102751e+01  ,2.720806172712e+00  
  1.843031898998e-05  ,1.629733366599e+01  ,2.662346112702e+00  
  1.843828217052e-05  ,1.866006412601e+01  ,2.492412001091e+00  
  1.845420853161e-05  ,1.982544664956e+01  ,2.106044552099e+00  
  1.847920969986e-05  ,1.215376633418e+01  ,1.503030725467e+00  
  1.848233484589e-05  ,1.053830818705e+01  ,1.407335494394e+00  
  1.848858513795e-05  ,7.019431234776e+00  ,1.207468750224e+00  
  1.849014771097e-05  ,6.092006543302e+00  ,1.141884646265e+00  
  1.849327285700e-05  ,4.195394332995e+00  ,9.805597359662e-01  
  1.849661071711e-05  ,2.125527583974e+00  ,7.131479248896e-01  
  1.849707330503e-05  ,1.836306817284e+00  ,6.507992844935e-01  
  1.849799848088e-05  ,1.256762998819e+00  ,5.016116093412e-01  
  1.849855680876e-05  ,9.064731605961e-01  ,3.860354395452e-01  
  1.849885175862e-05  ,7.213048781959e-01  ,3.101773664135e-01  
  1.849916421734e-05  ,5.250773922920e-01  ,2.079924652301e-01  
  1.849961129875e-05  ,2.442221312869e-01  ,9.532689085152e-03  
  1.850009260625e-05  ,-5.818614219905e-02  ,-2.469981321872e-01  
  1.850063659177e-05  ,-3.999557417060e-01  ,-5.572459040142e-01  
  1.850088232123e-05  ,-5.543077892732e-01  ,-7.006700464373e-01  
  1.850095320652e-05  ,-5.988278096702e-01  ,-7.422980451983e-01  
  1.850108566387e-05  ,-6.820104808121e-01  ,-8.203320598850e-01  
  1.850120813279e-05  ,-7.589099809214e-01  ,-8.927358783892e-01  
  1.850145307063e-05  ,-9.126741404304e-01  ,-1.038154025997e+00  
  1.850194294630e-05  ,-1.220031234328e+00  ,-1.330813509786e+00  
  1.850253908588e-05  ,-1.593663403974e+00  ,-1.689077219453e+00  
  1.850314789145e-05  ,-1.974656161297e+00  ,-2.056292089880e+00  
  1.850372456639e-05  ,-2.334877559055e+00  ,-2.404698166693e+00  
  1.850397560439e-05  ,-2.491456588479e+00  ,-2.556415746068e+00  
  1.850405917895e-05  ,-2.543550345841e+00  ,-2.606921775763e+00  
  1.850420181100e-05  ,-2.632415170858e+00  ,-2.693113017813e+00  
  1.850437233616e-05  ,-2.738588869935e+00  ,-2.796142533101e+00  
  1.850468106960e-05  ,-2.930612817746e+00  ,-2.982602733062e+00  
  1.850529853646e-05  ,-3.313815603001e+00  ,-3.355078912256e+00  
  1.850653347020e-05  ,-4.076336662910e+00  ,-4.097117284884e+00  
  1.850900333766e-05  ,-5.581835937860e+00  ,-5.561023751902e+00  
  1.851345803980e-05  ,-8.206251455876e+00  ,-7.981692352218e+00  
  1.851623487119e-05  ,-9.764130032083e+00  ,-5.769067089797e+00  
  1.851887908225e-05  ,-1.117874926160e+01  ,-3.539524351279e+00  
  1.852416750435e-05  ,-1.376747329843e+01  ,-2.753780129017e+00  
  1.852941494827e-05  ,-1.596154991044e+01  ,-2.758848189590e+00  
  1.853610854988e-05  ,-1.812547557460e+01  ,-2.532095528792e+00  
  1.854949575309e-05  ,-1.999749055807e+01  ,-2.207339617598e+00  
  1.857449692134e-05  ,-1.436387204561e+01  ,-1.629133331138e+00  
  1.857762206738e-05  ,-1.293054459714e+01  ,-1.535685739327e+00  
  1.858387235944e-05  ,-9.705274687840e+00  ,-1.362639204945e+00  
  1.859637294356e-05  ,-2.274018332386e+00  ,-8.091452186738e-01  
  1.859761830811e-05  ,-1.495065219165e+00  ,-6.209824711476e-01  
  1.859792964925e-05  ,-1.299922745456e+00  ,-5.593292902784e-01  
  1.859818417971e-05  ,-1.140294844256e+00  ,-5.051517596799e-01  
  1.859841128272e-05  ,-9.978061147200e-01  ,-4.528791942845e-01  
  1.859864932877e-05  ,-8.483971181414e-01  ,-3.923789420512e-01  
  1.859912542087e-05  ,-5.494451392822e-01  ,-2.388881036836e-01  
  1.859969194439e-05  ,-1.935540276034e-01  ,2.538022270775e-02  
  1.860023285654e-05  ,1.463067741885e-01  ,3.229336550774e-01  
  1.860072487426e-05  ,4.554125631116e-01  ,6.069329947188e-01  
  1.860098983553e-05  ,6.218317753567e-01  ,7.625300269833e-01  
  1.860106098857e-05  ,6.665153471287e-01  ,8.045341180520e-01  
  1.860116819544e-05  ,7.338340868616e-01  ,8.679649608089e-01  
  1.860131024542e-05  ,8.230190158591e-01  ,9.522507973523e-01  
  1.860154498527e-05  ,9.703617673911e-01  ,1.092041513172e+00  
  1.860191346305e-05  ,1.201540339917e+00  ,1.312466849744e+00  
  1.860249712291e-05  ,1.567379750619e+00  ,1.663324298846e+00  
  1.860307044509e-05  ,1.926227137372e+00  ,2.009179926882e+00  
  1.860361582758e-05  ,2.267008648791e+00  ,2.338719228221e+00  
  1.860388963642e-05  ,2.437853055133e+00  ,2.504230826731e+00  
  1.860398241943e-05  ,2.495705196143e+00  ,2.560314310401e+00  
  1.860414521462e-05  ,2.597159845938e+00  ,2.658712773516e+00  
  1.860429876643e-05  ,2.692791773596e+00  ,2.751510189160e+00  
  1.860460587005e-05  ,2.883865415790e+00  ,2.937039542718e+00  
  1.860522007729e-05  ,3.265189630750e+00  ,3.307680762348e+00  
  1.860644849176e-05  ,4.024049454508e+00  ,4.046174280731e+00  
  1.860890532071e-05  ,5.522670850675e+00  ,5.503681290812e+00  
  1.861315811212e-05  ,8.034033573472e+00  ,7.865163612241e+00  
  1.861596958871e-05  ,9.618324637256e+00  ,6.080535192657e+00  
  1.861873449917e-05  ,1.110330527709e+01  ,3.571126025136e+00  
  1.862294109697e-05  ,1.319845316765e+01  ,2.847364198061e+00  
  1.862632328803e-05  ,1.471766880622e+01  ,2.720455259490e+00  
  1.863030115301e-05  ,1.629083481481e+01  ,2.662484750122e+00  
  1.863825688297e-05  ,1.865434042561e+01  ,2.493043789377e+00  
  1.865416834290e-05  ,1.982875972888e+01  ,2.106997906343e+00  
  1.867916951115e-05  ,1.217381061809e+01  ,1.504051523568e+00  
  1.868229465718e-05  ,1.055976131971e+01  ,1.408497468056e+00  
  1.868854494924e-05  ,7.043070611724e+00  ,1.208986093165e+00  
  1.869010752226e-05  ,6.116053057457e+00  ,1.143613282765e+00  
  1.869323266829e-05  ,4.220080473505e+00  ,9.829971916343e-01  
  1.869657127346e-05  ,2.150168767588e+00  ,7.175246048587e-01  
  1.869705267409e-05  ,1.849214476535e+00  ,6.531732764780e-01  
  1.869801547537e-05  ,1.246105966632e+00  ,4.981744376000e-01  
  1.869837934310e-05  ,1.017848869808e+00  ,4.253280051893e-01  
  1.869859736572e-05  ,8.810159317922e-01  ,3.758128540425e-01  
  1.869880996338e-05  ,7.475478900295e-01  ,3.212513640301e-01  
  1.869923515870e-05  ,4.805177213778e-01  ,1.802184996484e-01  
  1.869975073888e-05  ,1.566137825549e-01  ,-6.187047768453e-02  
  1.870022655158e-05  ,-1.423453537074e-01  ,-3.221683970174e-01  
  1.870066054790e-05  ,-4.150046981168e-01  ,-5.711664118858e-01  
  1.870089971154e-05  ,-5.652301607528e-01  ,-7.108834411610e-01  
  1.870096190060e-05  ,-6.042879912591e-01  ,-7.474221634921e-01  
  1.870108306567e-05  ,-6.803789284493e-01  ,-8.188109925756e-01  
  1.870120073828e-05  ,-7.542671957812e-01  ,-8.883695667866e-01  
  1.870143608349e-05  ,-9.020117967532e-01  ,-1.028056267192e+00  
  1.870186528350e-05  ,-1.171321548941e+00  ,-1.284290417070e+00  
  1.870259897942e-05  ,-1.631173120985e+00  ,-1.725156331142e+00  
  1.870327595780e-05  ,-2.054713265580e+00  ,-2.133629879711e+00  
  1.870377114202e-05  ,-2.363939271598e+00  ,-2.432837819357e+00  
  1.870405459004e-05  ,-2.540690437347e+00  ,-2.604143358918e+00  
  1.870412443923e-05  ,-2.584216263846e+00  ,-2.646353256440e+00  
  1.870426267079e-05  ,-2.670316992241e+00  ,-2.729881185121e+00  
  1.870441063466e-05  ,-2.762423878126e+00  ,-2.819273948057e+00  
  1.870462157922e-05  ,-2.893632281163e+00  ,-2.946677952276e+00  
  1.870504346835e-05  ,-3.155662089662e+00  ,-3.201296188435e+00  
  1.870588724660e-05  ,-3.678012737489e+00  ,-3.709401247040e+00  
  1.870757480311e-05  ,-4.714595903432e+00  ,-4.718337650842e+00  
  1.871094991612e-05  ,-6.745141801653e+00  ,-6.683013372143e+00  
  1.871520643281e-05  ,-9.195186744477e+00  ,-7.074301901605e+00  
  1.871792291450e-05  ,-1.067561012649e+01  ,-4.462141938658e+00  
  1.872068074691e-05  ,-1.209902791559e+01  ,-3.140329338116e+00  
  1.872619641172e-05  ,-1.466357382150e+01  ,-2.769415520714e+00  
  1.873140660273e-05  ,-1.668385688279e+01  ,-2.682953703012e+00  
  1.874099699008e-05  ,-1.920534600275e+01  ,-2.432623387798e+00  
  1.876017776477e-05  ,-1.898631888456e+01  ,-1.957125607781e+00  
  1.878517893302e-05  ,-8.979493934351e+00  ,-1.347450995648e+00  
  1.878830407905e-05  ,-7.184516110945e+00  ,-1.212959192591e+00  
  1.879455437111e-05  ,-3.404923328598e+00  ,-9.038716323542e-01  
  1.879611694413e-05  ,-2.433749152440e+00  ,-7.555717110373e-01  
  1.879811928766e-05  ,-1.180998995495e+00  ,-4.807814703468e-01  
  1.879838639098e-05  ,-1.013426271819e+00  ,-4.255654982881e-01  
  1.879892059761e-05  ,-6.780785522847e-01  ,-2.905902823017e-01  
  1.879948563101e-05  ,-3.231735006868e-01  ,-7.120534204558e-02  
  1.880013001310e-05  ,8.168941455988e-02  ,2.675453717898e-01  
  1.880071227598e-05  ,4.474988473863e-01  ,6.010634855178e-01  
  1.880101910020e-05  ,6.402101546996e-01  ,7.809509574529e-01  
  1.880110255834e-05  ,6.926193197297e-01  ,8.301945202378e-01  
  1.880121482928e-05  ,7.631144618292e-01  ,8.966044661322e-01  
  1.880137352665e-05  ,8.627444510747e-01  ,9.907680499798e-01  
  1.880161650871e-05  ,1.015245852445e+00  ,1.135497549936e+00  
  1.880197911915e-05  ,1.242716185345e+00  ,1.352446638844e+00  
  1.880252282527e-05  ,1.583478839271e+00  ,1.679249411902e+00  
  1.880308059436e-05  ,1.932574371362e+00  ,2.015637527850e+00  
  1.880360884052e-05  ,2.262646787979e+00  ,2.334748767114e+00  
  1.880387138036e-05  ,2.426467564310e+00  ,2.493418307505e+00  
  1.880396476873e-05  ,2.484701232126e+00  ,2.549858553031e+00  
  1.880412574784e-05  ,2.585031587613e+00  ,2.647145021715e+00  
  1.880427736715e-05  ,2.679468029793e+00  ,2.738763143235e+00  
  1.880458060578e-05  ,2.868156392650e+00  ,2.921940792658e+00  
  1.880518708304e-05  ,3.244735128245e+00  ,3.287908806262e+00  
  1.880640003756e-05  ,3.994222736097e+00  ,4.017200997692e+00  
  1.880881626085e-05  ,5.468867028046e+00  ,5.451463519745e+00  
  1.881298262552e-05  ,7.932937770887e+00  ,7.781894906612e+00  
  1.881582241431e-05  ,9.537145411917e+00  ,6.242303018621e+00  
  1.881868567244e-05  ,1.107777548884e+01  ,3.798589240556e+00  
  1.882223624662e-05  ,1.286250116838e+01  ,2.907267571823e+00  
  1.882719907836e-05  ,1.508464738917e+01  ,2.792497483296e+00  
  1.883304331378e-05  ,1.722867808331e+01  ,2.623363113756e+00  
  1.884473178462e-05  ,1.972670278465e+01  ,2.328211970953e+00  
  1.886810872630e-05  ,1.684985519882e+01  ,1.769293072285e+00  
  1.889310989455e-05  ,4.295453096931e+00  ,1.080815825081e+00  
  1.889562558309e-05  ,2.739883923173e+00  ,8.609493753187e-01  
  1.889625450522e-05  ,2.347936831899e+00  ,7.811410061787e-01  
  1.889731863440e-05  ,1.682759911669e+00  ,6.299261560509e-01  
  1.889785060585e-05  ,1.349478102256e+00  ,5.399959546445e-01  
  1.889833815322e-05  ,1.043694839777e+00  ,4.429295675423e-01  
  1.889864013456e-05  ,8.541687706698e-01  ,3.726312640644e-01  
  1.889892558493e-05  ,6.749467164633e-01  ,2.934518719824e-01  
  1.889949648567e-05  ,3.163541898641e-01  ,6.716997447110e-02  
  1.890010491871e-05  ,-6.592224979066e-02  ,-2.535719519988e-01  
  1.890066538863e-05  ,-4.180455621653e-01  ,-5.740679841421e-01  
  1.890092220083e-05  ,-5.793548170642e-01  ,-7.242320196156e-01  
  1.890099135154e-05  ,-6.227838493686e-01  ,-7.649084627630e-01  
  1.890111687054e-05  ,-7.016064713127e-01  ,-8.389566003247e-01  
  1.890124739539e-05  ,-7.835610523299e-01  ,-9.162163596317e-01  
  1.890150844511e-05  ,-9.474293108485e-01  ,-1.071389326924e+00  
  1.890198882130e-05  ,-1.248800386327e+00  ,-1.358629702094e+00  
  1.890257294681e-05  ,-1.614870299157e+00  ,-1.709824696884e+00  
  1.890316992459e-05  ,-1.988431873777e+00  ,-2.069972744465e+00  
  1.890374501628e-05  ,-2.347638258832e+00  ,-2.417450886821e+00  
  1.890400727671e-05  ,-2.511200646469e+00  ,-2.575957713087e+00  
  1.890408812715e-05  ,-2.561590293352e+00  ,-2.624818645398e+00  
  1.890422698735e-05  ,-2.648095492098e+00  ,-2.708732123944e+00  
  1.890439762893e-05  ,-2.754330227842e+00  ,-2.811832739863e+00  
  1.890465066927e-05  ,-2.911716571405e+00  ,-2.964664287954e+00  
  1.890515674996e-05  ,-3.225927313746e+00  ,-3.270043145014e+00  
  1.890616891133e-05  ,-3.851823301820e+00  ,-3.879024774274e+00  
  1.890819323408e-05  ,-5.091303527728e+00  ,-5.085240107248e+00  
  1.891220015633e-05  ,-7.479275210417e+00  ,-7.377615998623e+00  
  1.891527389335e-05  ,-9.232807306359e+00  ,-6.909759536934e+00  
  1.891788979220e-05  ,-1.065800578769e+01  ,-4.351577800222e+00  
  1.892053214061e-05  ,-1.202454764525e+01  ,-3.159940543731e+00  
  1.892551657903e-05  ,-1.436977326745e+01  ,-2.571991466001e+00  
  1.893044215786e-05  ,-1.634206976194e+01  ,-2.767780214938e+00  
  1.894029331552e-05  ,-1.907727242909e+01  ,-2.399685724260e+00  
  1.895389360535e-05  ,-1.985056166275e+01  ,-2.143622629690e+00  
  1.897889477360e-05  ,-1.231031564908e+01  ,-1.486651338594e+00  
  1.898201991963e-05  ,-1.070596630195e+01  ,-1.417315600067e+00  
  1.898827021169e-05  ,-7.204371138386e+00  ,-1.217940063091e+00  
  1.898983278471e-05  ,-6.280176396965e+00  ,-1.151774422229e+00  
  1.899295793074e-05  ,-4.388657317033e+00  ,-9.969231710258e-01  
  1.899373921725e-05  ,-3.908451040646e+00  ,-9.455348447266e-01  
  1.899530179026e-05  ,-2.941265617252e+00  ,-8.249888864045e-01  
  1.899680233719e-05  ,-2.005773203788e+00  ,-6.719234904217e-01  
  1.899810861024e-05  ,-1.187696047496e+00  ,-4.769419312704e-01  
  1.899875597256e-05  ,-7.814465252296e-01  ,-3.351468750917e-01  
  1.899900598610e-05  ,-6.244558463959e-01  ,-2.625023447852e-01  
  1.899931085455e-05  ,-4.329690314063e-01  ,-1.489296245156e-01  
  1.899973358187e-05  ,-1.673934965298e-01  ,5.300330795260e-02  
  1.900014462108e-05  ,9.086779413873e-02  ,2.761212624538e-01  
  1.900067752386e-05  ,4.256686533085e-01  ,5.810311868696e-01  
  1.900094174008e-05  ,5.916264221519e-01  ,7.355609621724e-01  
  1.900101143793e-05  ,6.353982570319e-01  ,7.765708150397e-01  
  1.900113595576e-05  ,7.135905616157e-01  ,8.500412923157e-01  
  1.900126466454e-05  ,7.944031278549e-01  ,9.262326654131e-01  
  1.900152208210e-05  ,9.559879739961e-01  ,1.079248208710e+00  
  1.900198285394e-05  ,1.245058280020e+00  ,1.354724895588e+00  
  1.900255394094e-05  ,1.602967261077e+00  ,1.698005638428e+00  
  1.900314011537e-05  ,1.969794121014e+00  ,2.051573156856e+00  
  1.900370188915e-05  ,2.320725868884e+00  ,2.390967113934e+00  
  1.900395246149e-05  ,2.477028086615e+00  ,2.542402358519e+00  
  1.900403649007e-05  ,2.529409614645e+00  ,2.593183147981e+00  
  1.900417975076e-05  ,2.618674271015e+00  ,2.679755503206e+00  
  1.900434748196e-05  ,2.723118772330e+00  ,2.781099541760e+00  
  1.900468294435e-05  ,2.931778039766e+00  ,2.983706123658e+00  
  1.900528318175e-05  ,3.304300917889e+00  ,3.345795714531e+00  
  1.900648365655e-05  ,4.045689836867e+00  ,4.067250907961e+00  
  1.900888460614e-05  ,5.510160380193e+00  ,5.491451289983e+00  
  1.901329683997e-05  ,8.113780420945e+00  ,7.923766863661e+00  
  1.901610310115e-05  ,9.691790308483e+00  ,5.922935915797e+00  
  1.901881772020e-05  ,1.114675839768e+01  ,3.550357647117e+00  
  1.902366059758e-05  ,1.353471217570e+01  ,2.790062307204e+00  
  1.902895349004e-05  ,1.578517235853e+01  ,2.626776633287e+00  
  1.903509723880e-05  ,1.784778472136e+01  ,2.616335339377e+00  
  1.904738473632e-05  ,1.993253377804e+01  ,2.241122928970e+00  
  1.907195973136e-05  ,1.542638032331e+01  ,1.704342602972e+00  
  1.909696089961e-05  ,1.906623307107e+00  ,8.412607087838e-01  
  1.911531913020e-05  ,-9.258011219677e+00  ,-7.857211267384e+00  
  1.912449675538e-05  ,-1.391679184883e+01  ,-3.158269554711e+00  
  1.912706720569e-05  ,-1.503011287195e+01  ,-2.766019445183e+00  
  1.913126486280e-05  ,-1.663457866480e+01  ,-2.591349267933e+00  
  1.913966017701e-05  ,-1.895406722745e+01  ,-2.428757827044e+00  
  1.915515142419e-05  ,-1.973865976606e+01  ,-2.104302712767e+00  
  1.918015259244e-05  ,-1.167800441921e+01  ,-1.462229030222e+00  
  1.918327773847e-05  ,-1.003023610914e+01  ,-1.380136089709e+00  
  1.918952803054e-05  ,-6.461683299801e+00  ,-1.169182927971e+00  
  1.919109060355e-05  ,-5.525132097525e+00  ,-1.095284794673e+00  
  1.919421574958e-05  ,-3.614382897052e+00  ,-9.161813141141e-01  
  1.919499703609e-05  ,-3.130528638930e+00  ,-8.534310060086e-01  
  1.919655960911e-05  ,-2.157455072844e+00  ,-6.996234540687e-01  
  1.919787556790e-05  ,-1.333829312125e+00  ,-5.171531898546e-01  
  1.919851967060e-05  ,-9.297831553108e-01  ,-3.908214131587e-01  
  1.919873676189e-05  ,-7.935075850682e-01  ,-3.382275523000e-01  
  1.919897476137e-05  ,-6.440650548429e-01  ,-2.707174700232e-01  
  1.919945076034e-05  ,-3.450803318302e-01  ,-8.588718475391e-02  
  1.919995432646e-05  ,-2.869752389021e-02  ,1.711819093059e-01  
  1.920043544770e-05  ,2.735913245617e-01  ,4.413773203681e-01  
  1.920074329638e-05  ,4.669844439437e-01  ,6.195265621991e-01  
  1.920103480034e-05  ,6.500697117673e-01  ,7.904682878388e-01  
  1.920110843303e-05  ,6.963082702115e-01  ,8.339071360097e-01  
  1.920120026144e-05  ,7.539678032250e-01  ,8.881986202322e-01  
  1.920137034422e-05  ,8.607467331158e-01  ,9.890670549511e-01  
  1.920153742349e-05  ,9.656161287212e-01  ,1.088489783960e+00  
  1.920186520247e-05  ,1.171270726787e+00  ,1.284312133342e+00  
  1.920252076043e-05  ,1.582185534373e+00  ,1.678083734922e+00  
  1.920317715658e-05  ,1.992953307822e+00  ,2.073990870221e+00  
  1.920376798763e-05  ,2.361971191803e+00  ,2.430957422413e+00  
  1.920400817572e-05  ,2.511761037095e+00  ,2.576113946342e+00  
  1.920409120313e-05  ,2.563507053898e+00  ,2.626287456205e+00  
  1.920423076181e-05  ,2.650446159331e+00  ,2.710617536417e+00  
  1.920440796922e-05  ,2.760765171744e+00  ,2.817677811084e+00  
  1.920468471172e-05  ,2.932876511231e+00  ,2.984808202676e+00  
  1.920523819673e-05  ,3.276421133024e+00  ,3.318715085072e+00  
  1.920634516674e-05  ,3.960434994531e+00  ,3.984283735209e+00  
  1.920855910676e-05  ,5.313273491782e+00  ,5.300348471673e+00  
  1.921282679933e-05  ,7.842965897683e+00  ,7.704472437914e+00  
  1.921574183899e-05  ,9.492614770464e+00  ,6.350064488519e+00  
  1.921876416701e-05  ,1.111880479655e+01  ,3.504701714789e+00  
  1.922217318016e-05  ,1.283213202216e+01  ,2.930172159484e+00  
  1.922511541444e-05  ,1.419331983205e+01  ,2.782469253958e+00  
  1.922874272960e-05  ,1.570351010765e+01  ,2.706528200317e+00  
  1.923599735993e-05  ,1.809583470122e+01  ,2.545209791331e+00  
  1.925050662058e-05  ,1.999746687726e+01  ,2.197895064963e+00  
  1.927550778883e-05  ,1.391474110051e+01  ,1.592391735593e+00  
  1.927863293486e-05  ,1.243955847487e+01  ,1.509818372500e+00  
  1.928488322693e-05  ,9.145122509914e+00  ,1.334522566576e+00  
  1.929236360984e-05  ,4.752192824097e+00  ,1.055571395440e+00  
  1.929423370557e-05  ,3.603286002214e+00  ,9.316744109389e-01  
  1.929470122951e-05  ,3.313960615808e+00  ,8.913490560110e-01  
  1.929563627737e-05  ,2.733227703525e+00  ,8.044847911286e-01  
  1.929587003934e-05  ,2.587656358345e+00  ,7.806805508617e-01  
  1.929633756327e-05  ,2.296102854993e+00  ,7.297222467836e-01  
  1.929695847603e-05  ,1.908139146931e+00  ,6.537771680628e-01  
  1.929753803807e-05  ,1.545354451680e+00  ,5.706319111663e-01  
  1.929784230115e-05  ,1.354684159379e+00  ,5.208280616609e-01  
  1.929796241848e-05  ,1.279376077778e+00  ,4.996674167822e-01  
  1.929814528367e-05  ,1.164693332464e+00  ,4.656083838887e-01  
  1.929841927877e-05  ,9.927882694328e-01  ,4.097287298078e-01  
  1.929896726898e-05  ,6.487702071699e-01  ,2.707433738139e-01  
  1.929961071974e-05  ,2.445859025754e-01  ,8.516719190787e-03  
  1.930027316949e-05  ,-1.716353455918e-01  ,-3.489060239393e-01  
  1.930078250981e-05  ,-4.916158909607e-01  ,-6.425037090938e-01  
  1.930106963656e-05  ,-6.719459916577e-01  ,-8.111039726754e-01  
  1.930114815869e-05  ,-7.212529562796e-01  ,-8.574739296861e-01  
  1.930124652964e-05  ,-7.830174982232e-01  ,-9.156930434707e-01  
  1.930140643772e-05  ,-8.834033773217e-01  ,-1.010606006590e+00  
  1.930159838331e-05  ,-1.003871846309e+00  ,-1.124918439384e+00  
  1.930190595259e-05  ,-1.196829866075e+00  ,-1.308789290591e+00  
  1.930252109115e-05  ,-1.582392675940e+00  ,-1.678342342258e+00  
  1.930309879054e-05  ,-1.943953551603e+00  ,-2.026723125029e+00  
  1.930365395193e-05  ,-2.290806864026e+00  ,-2.362085699051e+00  
  1.930392287132e-05  ,-2.458578113046e+00  ,-2.524603427107e+00  
  1.930400991506e-05  ,-2.512845238937e+00  ,-2.577205425056e+00  
  1.930416220958e-05  ,-2.607747306972e+00  ,-2.669236307642e+00  
  1.930432332839e-05  ,-2.708083182215e+00  ,-2.766585529557e+00  
  1.930464556600e-05  ,-2.908544214702e+00  ,-2.961212490482e+00  
  1.930518806140e-05  ,-3.245341701023e+00  ,-3.288531424597e+00  
  1.930627305220e-05  ,-3.916011228962e+00  ,-3.941077622149e+00  
  1.930844303379e-05  ,-5.242928237083e+00  ,-5.232061093970e+00  
  1.931260120283e-05  ,-7.712377156752e+00  ,-7.588903693939e+00  
  1.931550879190e-05  ,-9.363477951726e+00  ,-6.595579770714e+00  
  1.931876506815e-05  ,-1.111927543664e+01  ,-3.444493925324e+00  
  1.932177063237e-05  ,-1.263710654814e+01  ,-2.605589167059e+00  
  1.932541731904e-05  ,-1.432632488813e+01  ,-2.567392419727e+00  
  1.933131445358e-05  ,-1.665185727827e+01  ,-2.608280070581e+00  
  1.934072453688e-05  ,-1.915686776600e+01  ,-2.468289036907e+00  
  1.935954470346e-05  ,-1.910758243832e+01  ,-1.950062041475e+00  
  1.938454587171e-05  ,-9.333114640687e+00  ,-1.385376840979e+00  
  1.938767101775e-05  ,-7.554284461953e+00  ,-1.236598191575e+00  
  1.939392130981e-05  ,-3.796181533506e+00  ,-9.461456288098e-01  
  1.939548388282e-05  ,-2.828049969763e+00  ,-8.153905897040e-01  
  1.939576253454e-05  ,-2.654620977130e+00  ,-7.882817736037e-01  
  1.939631983797e-05  ,-2.307165996831e+00  ,-7.292843065116e-01  
  1.939694969142e-05  ,-1.913633427433e+00  ,-6.532470500828e-01  
  1.939758978943e-05  ,-1.512933296369e+00  ,-5.612947250139e-01  
  1.939791514697e-05  ,-1.309015391506e+00  ,-5.071385278714e-01  
  1.939803092201e-05  ,-1.236419268394e+00  ,-4.862846986742e-01  
  1.939821662773e-05  ,-1.119939724728e+00  ,-4.508536475861e-01  
  1.939849611763e-05  ,-9.445656611781e-01  ,-3.921301859664e-01  
  1.939903805424e-05  ,-6.043163517768e-01  ,-2.478181094311e-01  
  1.939967209865e-05  ,-2.060228507867e-01  ,2.257120490219e-02  
  1.940028127675e-05  ,1.767290916613e-01  ,3.535720461503e-01  
  1.940068812501e-05  ,4.323280208514e-01  ,5.875375415724e-01  
  1.940093618278e-05  ,5.881361898440e-01  ,7.325937597939e-01  
  1.940100090970e-05  ,6.287864801509e-01  ,7.706593121441e-01  
  1.940111094546e-05  ,6.978859166735e-01  ,8.355379737659e-01  
  1.940124808271e-05  ,7.839925740139e-01  ,9.166618434064e-01  
  1.940149157700e-05  ,9.368425279688e-01  ,1.061311675716e+00  
  1.940189823900e-05  ,1.191991927518e+00  ,1.304222552802e+00  
  1.940248264392e-05  ,1.558310149224e+00  ,1.655250830014e+00  
  1.940307151918e-05  ,1.926898872346e+00  ,2.010321072518e+00  
  1.940362276901e-05  ,2.271341912712e+00  ,2.343304671100e+00  
  1.940389913899e-05  ,2.443779061935e+00  ,2.510323810642e+00  
  1.940398977995e-05  ,2.500293733463e+00  ,2.565100014536e+00  
  1.940415229574e-05  ,2.601571310504e+00  ,2.663308640179e+00  
  1.940430703499e-05  ,2.697939667932e+00  ,2.756804844015e+00  
  1.940461651348e-05  ,2.890482834068e+00  ,2.943733550784e+00  
  1.940522699543e-05  ,3.269478031092e+00  ,3.312065842696e+00  
  1.940644795932e-05  ,4.023721755308e+00  ,4.045998288761e+00  
  1.940888988712e-05  ,5.513350020833e+00  ,5.494700272964e+00  
  1.941316950061e-05  ,8.040585947551e+00  ,7.870183684297e+00  
  1.941598358490e-05  ,9.626034052478e+00  ,6.064877279133e+00  
  1.941874626019e-05  ,1.110945080144e+01  ,3.570482775347e+00  
  1.942300277688e-05  ,1.322754602465e+01  ,2.842186058248e+00  
  1.942641924061e-05  ,1.475842390876e+01  ,2.716797312234e+00  
  1.943042318263e-05  ,1.633519365045e+01  ,2.659463130689e+00  
  1.943843106665e-05  ,1.869352702014e+01  ,2.488970130148e+00  
  1.945444683470e-05  ,1.980515230265e+01  ,2.099937260533e+00  
  1.947944800296e-05  ,1.203451473614e+01  ,1.496506024438e+00  
  1.948257314899e-05  ,1.041075565730e+01  ,1.400473609331e+00  
  1.948882344105e-05  ,6.879030505137e+00  ,1.197275865134e+00  
  1.949038601406e-05  ,5.949222046689e+00  ,1.128013254234e+00  
  1.949351116010e-05  ,4.048879254341e+00  ,9.632735481651e-01  
  1.949429244660e-05  ,3.566975754219e+00  ,9.088083764503e-01  
  1.949585501962e-05  ,2.597013915370e+00  ,7.766764543920e-01  
  1.949606447407e-05  ,2.466468741210e+00  ,7.551615957629e-01  
  1.949648338296e-05  ,2.205063663475e+00  ,7.087792647533e-01  
  1.949699849748e-05  ,1.883106137586e+00  ,6.452009062197e-01  
  1.949751379826e-05  ,1.560538792346e+00  ,5.718321957680e-01  
  1.949777065702e-05  ,1.399592643100e+00  ,5.307219653791e-01  
  1.949789303281e-05  ,1.322880018781e+00  ,5.098177809297e-01  
  1.949806455915e-05  ,1.215324171508e+00  ,4.789252949391e-01  
  1.949833939244e-05  ,1.042917276372e+00  ,4.249672376851e-01  
  1.949888905902e-05  ,6.978831024334e-01  ,2.930702432618e-01  
  1.949954200928e-05  ,2.877541291895e-01  ,4.202345288126e-02  
  1.950020706673e-05  ,-1.301029446293e-01  ,-3.114429232280e-01  
  1.950076325257e-05  ,-4.795197792904e-01  ,-6.311018056905e-01  
  1.950106947143e-05  ,-6.718423000714e-01  ,-8.108587472266e-01  
  1.950115400060e-05  ,-7.249211350111e-01  ,-8.607830309753e-01  
  1.950125751710e-05  ,-7.899157859515e-01  ,-9.220630229755e-01  
  1.950142783272e-05  ,-8.968329280763e-01  ,-1.023191824187e+00  
  1.950162965032e-05  ,-1.023492239576e+00  ,-1.143442072127e+00  
  1.950201498503e-05  ,-1.265207046751e+00  ,-1.374014212450e+00  
  1.950253773640e-05  ,-1.592818191379e+00  ,-1.688246217911e+00  
  1.950308861370e-05  ,-1.937589430856e+00  ,-2.020464481171e+00  
  1.950361173759e-05  ,-2.264455371992e+00  ,-2.336463686137e+00  
  1.950387343923e-05  ,-2.427751632443e+00  ,-2.494618351813e+00  
  1.950396546554e-05  ,-2.485135661768e+00  ,-2.550232684392e+00  
  1.950412299876e-05  ,-2.583318770197e+00  ,-2.645432320560e+00  
  1.950427620132e-05  ,-2.678742119313e+00  ,-2.738003319557e+00  
  1.950458260645e-05  ,-2.869400449901e+00  ,-2.923086264789e+00  
  1.950517297183e-05  ,-3.235985935299e+00  ,-3.279326387255e+00  
  1.950635370259e-05  ,-3.965691880554e+00  ,-3.989332256185e+00  
  1.950871516411e-05  ,-5.407739495285e+00  ,-5.391990737560e+00  
  1.951284055058e-05  ,-7.850913275098e+00  ,-7.712135641486e+00  
  1.951565090959e-05  ,-9.442288825089e+00  ,-6.431431537145e+00  
  1.951857377235e-05  ,-1.101916862690e+01  ,-3.596921699502e+00  
  1.952190902476e-05  ,-1.270438414762e+01  ,-2.944752506505e+00  
  1.952479351704e-05  ,-1.405010075921e+01  ,-2.783217498217e+00  
  1.952834781651e-05  ,-1.554864446607e+01  ,-2.710904602749e+00  
  1.953545641546e-05  ,-1.794848695897e+01  ,-2.557780273651e+00  
  1.954967361335e-05  ,-1.999894861759e+01  ,-2.218648414413e+00  
  1.957467478160e-05  ,-1.428588570910e+01  ,-1.612123300748e+00  
  1.957779992764e-05  ,-1.284508791450e+01  ,-1.531853144227e+00  
  1.958405021970e-05  ,-9.607410550093e+00  ,-1.360270869259e+00  
  1.959655080382e-05  ,-2.162955228458e+00  ,-8.186823776716e-01  
  1.959813964014e-05  ,-1.168233234282e+00  ,-5.207219546181e-01  
  1.960056107883e-05  ,3.525179704690e-01  ,5.083623399760e-01  
  1.960110366736e-05  ,6.933157184831e-01  ,8.274892559220e-01  
  1.960140262191e-05  ,8.810081637507e-01  ,1.005348664563e+00  
  1.960159729161e-05  ,1.003186777301e+00  ,1.121643542586e+00  
  1.960177456886e-05  ,1.114417016366e+00  ,1.227802176072e+00  
  1.960212912337e-05  ,1.336770346726e+00  ,1.440713802753e+00  
  1.960259655417e-05  ,1.629654358865e+00  ,1.722294837750e+00  
  1.960313904957e-05  ,1.969127710399e+00  ,2.049873101257e+00  
  1.960366170779e-05  ,2.295647879451e+00  ,2.365852240229e+00  
  1.960390617997e-05  ,2.448169833887e+00  ,2.513687001380e+00  
  1.960398961483e-05  ,2.500190797207e+00  ,2.564137580111e+00  
  1.960412649597e-05  ,2.585497708760e+00  ,2.646900240593e+00  
  1.960428393605e-05  ,2.683558124302e+00  ,2.742078133490e+00  
  1.960459881621e-05  ,2.879479605429e+00  ,2.932360457765e+00  
  1.960499039079e-05  ,3.122725845189e+00  ,3.168792294833e+00  
  1.960577353994e-05  ,3.607763905456e+00  ,3.640682759782e+00  
  1.960733983825e-05  ,4.570996476805e+00  ,4.578428503961e+00  
  1.961047243486e-05  ,6.461960032164e+00  ,6.411530713739e+00  
  1.961615797291e-05  ,9.721934310858e+00  ,6.246787530222e+00  
  1.961931813667e-05  ,1.140642943794e+01  ,3.733968004824e+00  
  1.962270368049e-05  ,1.308600827651e+01  ,2.904427230314e+00  
  1.962841529558e-05  ,1.557527665934e+01  ,2.587683972224e+00  
  1.963438172052e-05  ,1.764041542728e+01  ,2.653458440375e+00  
  1.964631457041e-05  ,1.986609685561e+01  ,2.255123035231e+00  
  1.966861564825e-05  ,1.667614282764e+01  ,1.793770954932e+00  
  1.969361681650e-05  ,3.983845788512e+00  ,1.030324330123e+00  
  1.969613325010e-05  ,2.423579630178e+00  ,8.054796654829e-01  
  1.969676235850e-05  ,2.030764329758e+00  ,7.181387145268e-01  
  1.969802057529e-05  ,1.242907800540e+00  ,5.122490839428e-01  
  1.969856027673e-05  ,9.042964072127e-01  ,3.961988461940e-01  
  1.969875829919e-05  ,7.799857746633e-01  ,3.451842044235e-01  
  1.969898950002e-05  ,6.348092251804e-01  ,2.758566719968e-01  
  1.969945190168e-05  ,3.443633159138e-01  ,8.947668518984e-02  
  1.969994587517e-05  ,3.400761739225e-02  ,-1.651254272918e-01  
  1.970041889391e-05  ,-2.631912062996e-01  ,-4.313000016699e-01  
  1.970077782563e-05  ,-4.886736178244e-01  ,-6.394083655115e-01  
  1.970110173962e-05  ,-6.921052075611e-01  ,-8.298670486280e-01  
  1.970118834098e-05  ,-7.464832266113e-01  ,-8.810906667987e-01  
  1.970127511696e-05  ,-8.009653510427e-01  ,-9.325232051999e-01  
  1.970141148586e-05  ,-8.865721110158e-01  ,-1.013544155843e+00  
  1.970155630652e-05  ,-9.774666798995e-01  ,-1.099812335976e+00  
  1.970177055728e-05  ,-1.111900374149e+00  ,-1.227799060124e+00  
  1.970219905880e-05  ,-1.380610551666e+00  ,-1.484767151415e+00  
  1.970271724668e-05  ,-1.705223641747e+00  ,-1.796738441554e+00  
  1.970322332737e-05  ,-2.021816770470e+00  ,-2.102180955165e+00  
  1.970364125837e-05  ,-2.282883577388e+00  ,-2.354702973903e+00  
  1.970387101565e-05  ,-2.426240105400e+00  ,-2.493565662984e+00  
  1.970395211056e-05  ,-2.476809293065e+00  ,-2.542579615814e+00  
  1.970408994631e-05  ,-2.562723882408e+00  ,-2.625885170533e+00  
  1.970423045960e-05  ,-2.650257947243e+00  ,-2.710799922889e+00  
  1.970451148619e-05  ,-2.825169439423e+00  ,-2.880583423470e+00  
  1.970503749718e-05  ,-3.151957230284e+00  ,-3.198105647415e+00  
  1.970608951916e-05  ,-3.802861662338e+00  ,-3.831355876088e+00  
  1.970819356312e-05  ,-5.091503456136e+00  ,-5.085441248113e+00  
  1.971191363801e-05  ,-7.312011705329e+00  ,-7.221625932939e+00  
  1.971499892343e-05  ,-9.079207289315e+00  ,-7.164995483987e+00  
  1.971754366924e-05  ,-1.047335635635e+01  ,-4.585227429422e+00  
  1.971997032334e-05  ,-1.174061468677e+01  ,-3.286343851322e+00  
  1.972482363154e-05  ,-1.406356049884e+01  ,-2.559018563226e+00  
  1.972961062957e-05  ,-1.603533206550e+01  ,-2.794484072691e+00  
  1.973918462564e-05  ,-1.885659348260e+01  ,-2.425458231706e+00  
  1.975115174819e-05  ,-1.998690916220e+01  ,-2.209051883134e+00  
  1.977508599330e-05  ,-1.410387824469e+01  ,-1.581212060618e+00  
  1.977821113933e-05  ,-1.264598167784e+01  ,-1.522317997184e+00  
  1.978446143140e-05  ,-9.380006027692e+00  ,-1.345788636282e+00  
  1.979287313689e-05  ,-4.440620727918e+00  ,-1.033039384120e+00  
  1.979497606326e-05  ,-3.143543143113e+00  ,-8.794335032003e-01  
  1.979535078090e-05  ,-2.910815105303e+00  ,-8.433956038258e-01  
  1.979610021618e-05  ,-2.444181188130e+00  ,-7.639286253061e-01  
  1.979690040853e-05  ,-1.944454404885e+00  ,-6.670710920909e-01  
  1.979773748126e-05  ,-1.420385720290e+00  ,-5.425611584266e-01  
  1.979816258345e-05  ,-1.153841833931e+00  ,-4.658944958215e-01  
  1.979830251467e-05  ,-1.066056030578e+00  ,-4.377286618058e-01  
  1.979845150300e-05  ,-9.725656458640e-01  ,-4.058475762884e-01  
  1.979866885041e-05  ,-8.361421927546e-01  ,-3.549844551456e-01  
  1.979910354522e-05  ,-5.631846967313e-01  ,-2.276857348895e-01  
  1.979963086006e-05  ,-2.319322668093e-01  ,1.136815790706e-03  
  1.980017307606e-05  ,1.087463609004e-01  ,2.923901612331e-01  
  1.980078076404e-05  ,4.905193256734e-01  ,6.414717694350e-01  
  1.980099168532e-05  ,6.229934715656e-01  ,7.651406366288e-01  
  1.980105736685e-05  ,6.642410084957e-01  ,8.038324323652e-01  
  1.980117103477e-05  ,7.356168820034e-01  ,8.709625765709e-01  
  1.980132039562e-05  ,8.293911338524e-01  ,9.594611984371e-01  
  1.980156118908e-05  ,9.805308000473e-01  ,1.102709716624e+00  
  1.980199122727e-05  ,1.250309153990e+00  ,1.359876711179e+00  
  1.980254061446e-05  ,1.594620783167e+00  ,1.690091563970e+00  
  1.980310816244e-05  ,1.949814123449e+00  ,2.032379964517e+00  
  1.980365093724e-05  ,2.288925133824e+00  ,2.360266143424e+00  
  1.980391086937e-05  ,2.451094083587e+00  ,2.517353584120e+00  
  1.980399793638e-05  ,2.505378282514e+00  ,2.569970397843e+00  
  1.980414806558e-05  ,2.598935981686e+00  ,2.660694215879e+00  
  1.980430848590e-05  ,2.698842964492e+00  ,2.757623624913e+00  
  1.980462932652e-05  ,2.898448750126e+00  ,2.951413396511e+00  
  1.980515338174e-05  ,3.223838690883e+00  ,3.267631594350e+00  
  1.980620149216e-05  ,3.871909181471e+00  ,3.898160742587e+00  
  1.980829771301e-05  ,5.154759369335e+00  ,5.146409418640e+00  
  1.981235753438e-05  ,7.570892308021e+00  ,7.460472719273e+00  
  1.981537688217e-05  ,9.290160803498e+00  ,6.752914436469e+00  
  1.981815445861e-05  ,1.079835076822e+01  ,4.146008142831e+00  
  1.982091303608e-05  ,1.221492048527e+01  ,3.090603730433e+00  
  1.982603233001e-05  ,1.459327060329e+01  ,2.590375583044e+00  
  1.983105402133e-05  ,1.656066622735e+01  ,2.744842632714e+00  
  1.984109740398e-05  ,1.922285822408e+01  ,2.383299961633e+00  
  1.985629658839e-05  ,1.960997384764e+01  ,2.084790897826e+00  
  1.988129775664e-05  ,1.108644276728e+01  ,1.426480261743e+00  
  1.988442290268e-05  ,9.401379882119e+00  ,1.345264392498e+00  
  1.989067319474e-05  ,5.776709172012e+00  ,1.120389655729e+00  
  1.989223576775e-05  ,4.830179375954e+00  ,1.041308443362e+00  
  1.989536091379e-05  ,2.904516070680e+00  ,8.306321061206e-01  
  1.989614220029e-05  ,2.417997402276e+00  ,7.511670221630e-01  
  1.989746318823e-05  ,1.592239074892e+00  ,5.842606312821e-01  
  1.989804321593e-05  ,1.228709451335e+00  ,4.875751215270e-01  
  1.989838515102e-05  ,1.014204361870e+00  ,4.196188636703e-01  
  1.989876000835e-05  ,7.789126916255e-01  ,3.314840423751e-01  
  1.989921086161e-05  ,4.957794839584e-01  ,1.879158695897e-01  
  1.989976900323e-05  ,1.451382776357e-01  ,-7.209581983909e-02  
  1.990028169631e-05  ,-1.769926991809e-01  ,-3.537005577453e-01  
  1.990069208360e-05  ,-4.348146896366e-01  ,-5.897333402773e-01  
  1.990092756851e-05  ,-5.827260048204e-01  ,-7.274200080124e-01  
  1.990098883790e-05  ,-6.212052469676e-01  ,-7.634419795725e-01  
  1.990109911813e-05  ,-6.904590630177e-01  ,-8.284456153160e-01  
  1.990122552189e-05  ,-7.698278898770e-01  ,-9.031915056540e-01  
  1.990147832940e-05  ,-9.285278726703e-01  ,-1.053324832061e+00  
  1.990187372240e-05  ,-1.176614723797e+00  ,-1.289450812804e+00  
  1.990247982713e-05  ,-1.556545685190e+00  ,-1.653472621060e+00  
  1.990307708430e-05  ,-1.930379243187e+00  ,-2.013602764377e+00  
  1.990363774049e-05  ,-2.280687657691e+00  ,-2.352276894055e+00  
  1.990391438986e-05  ,-2.453289384724e+00  ,-2.519466581010e+00  
  1.990400387832e-05  ,-2.509082255448e+00  ,-2.573546273775e+00  
  1.990416271538e-05  ,-2.608062397902e+00  ,-2.669531457444e+00  
  1.990432092380e-05  ,-2.706586245393e+00  ,-2.765122810515e+00  
  1.990463734065e-05  ,-2.903430921888e+00  ,-2.956236809668e+00  
  1.990522407387e-05  ,-3.267667041758e+00  ,-3.310233188915e+00  
  1.990639754031e-05  ,-3.992685265536e+00  ,-4.015717432161e+00  
  1.990874447320e-05  ,-5.425466703587e+00  ,-5.409389527614e+00  
  1.991294734572e-05  ,-7.912584275693e+00  ,-7.764683096802e+00  
  1.991582215224e-05  ,-9.537000673293e+00  ,-6.253661134766e+00  
  1.991873644684e-05  ,-1.110432310671e+01  ,-3.538821945500e+00  
  1.992237233017e-05  ,-1.292785892560e+01  ,-2.906813146213e+00  
  1.992542036269e-05  ,-1.432765923858e+01  ,-2.763646578378e+00  
  1.992915757392e-05  ,-1.586358821913e+01  ,-2.693493026028e+00  
  1.993663199638e-05  ,-1.826203797147e+01  ,-2.530477406805e+00  
  1.995158084129e-05  ,-1.997534034375e+01  ,-2.171246204116e+00  
  1.997658200954e-05  ,-1.342209384486e+01  ,-1.566718460081e+00  
  1.997950925835e-05  ,-1.200375208121e+01  ,-1.486342329353e+00  
  1.998536392458e-05  ,-8.875482962667e+00  ,-1.318468490553e+00  
  1.999273403890e-05  ,-4.525794415117e+00  ,-1.035317136188e+00  
  1.999364228404e-05  ,-3.968163454842e+00  ,-9.727839170760e-01  
  1.999545873559e-05  ,-2.843690797889e+00  ,-8.193653596176e-01  
  1.999703583724e-05  ,-1.859747809058e+00  ,-6.466276497877e-01  
  1.999836110926e-05  ,-1.029290515035e+00  ,-4.299198850603e-01  
  1.999915524802e-05  ,-5.307110198362e-01  ,-2.138011704680e-01  
  1.999955296933e-05  ,-2.808684224989e-01  ,-3.981409857456e-02  
  2.000000000000e-05  ,7.857546894914e-14  ,1.949575669872e-01  
