  Time                 , V(Vsin:+)            , V(D1:2)              
  0.000000000000e+00  ,0.000000000000e+00  ,1.176793038016e-15  
  2.500000000000e-10  ,6.283120710969e-03  ,6.270207081145e-03  
  4.737968146801e-10  ,1.190737303481e-02  ,1.187978334003e-02  
  9.213904440403e-10  ,2.315383388918e-02  ,2.308501146625e-02  
  1.816577702761e-09  ,4.563079856537e-02  ,4.542796902902e-02  
  3.606952220201e-09  ,9.045871781007e-02  ,8.980118223306e-02  
  7.187701255083e-09  ,1.791153679748e-01  ,1.769365734484e-01  
  1.246792772412e-08  ,3.054018843895e-01  ,2.999117064781e-01  
  1.747248271108e-08  ,4.174090225908e-01  ,4.080519111909e-01  
  2.303955653310e-08  ,5.297948170614e-01  ,5.158275826870e-01  
  2.822739580274e-08  ,6.200377631809e-01  ,6.016760259239e-01  
  3.085409799218e-08  ,6.595964026017e-01  ,6.390856001390e-01  
  3.212591210008e-08  ,6.771526840517e-01  ,6.556265670658e-01  
  3.389691510797e-08  ,6.997935396938e-01  ,6.768922647814e-01  
  3.682313063741e-08  ,7.324269689054e-01  ,7.073682998740e-01  
  4.267556169629e-08  ,7.789141412034e-01  ,7.500818910682e-01  
  4.919034937024e-08  ,7.997412194465e-01  ,7.677611090818e-01  
  5.687189796567e-08  ,7.814294094504e-01  ,7.474616920583e-01  
  7.059735754132e-08  ,6.382755913271e-01  ,6.058821353742e-01  
  8.177769878507e-08  ,4.333682370046e-01  ,4.068068149319e-01  
  8.706835606694e-08  ,3.161409013045e-01  ,2.935228365275e-01  
  8.847726085782e-08  ,2.833144062579e-01  ,2.618589121601e-01  
  8.998972871900e-08  ,2.474590935354e-01  ,2.272927479848e-01  
  9.234150448442e-08  ,1.906273243151e-01  ,1.725418951210e-01  
  9.704505601525e-08  ,7.415921998568e-02  ,6.047096634636e-02  
  1.008001486361e-07  ,-2.010781080740e-02  ,-3.011498643490e-02  
  1.052541057169e-07  ,-1.314512637469e-01  ,-1.369424177483e-01  
  1.083166668713e-07  ,-2.066506066225e-01  ,-2.089887903264e-01  
  1.115703354180e-07  ,-2.844327881943e-01  ,-2.833973378139e-01  
  1.180776725113e-07  ,-4.303083902188e-01  ,-4.225986745311e-01  
  1.228967080414e-07  ,-5.270994143179e-01  ,-5.146158675169e-01  
  1.282045016587e-07  ,-6.196740103324e-01  ,-6.022096010808e-01  
  1.309463153183e-07  ,-6.609051315568e-01  ,-6.410134282764e-01  
  1.322216684520e-07  ,-6.784311015317e-01  ,-6.574506936719e-01  
  1.340241501629e-07  ,-7.013375473489e-01  ,-6.788690261746e-01  
  1.369559536278e-07  ,-7.337633526393e-01  ,-7.090217331885e-01  
  1.428195605576e-07  ,-7.797316048653e-01  ,-7.510628131687e-01  
  1.494706938565e-07  ,-7.998893978425e-01  ,-7.679389195031e-01  
  1.571611831486e-07  ,-7.798397111839e-01  ,-7.459049262024e-01  
  1.718283961117e-07  ,-6.191507539779e-01  ,-5.872272283174e-01  
  1.842783162892e-07  ,-3.792586505671e-01  ,-3.544456119685e-01  
  1.900927493870e-07  ,-2.449955923674e-01  ,-2.248574744217e-01  
  1.913977185786e-07  ,-2.135768492568e-01  ,-1.945896763309e-01  
  1.926915118992e-07  ,-1.820727097955e-01  ,-1.642540569324e-01  
  1.952790985405e-07  ,-1.182146990248e-01  ,-1.028020903031e-01  
  1.991958687603e-07  ,-2.020787277177e-02  ,-8.583234029877e-03  
  2.030060956776e-07  ,7.543917044963e-02  ,8.324924332733e-02  
  2.048160279691e-07  ,1.205787114631e-01  ,1.265411188908e-01  
  2.067472184598e-07  ,1.683090654228e-01  ,1.722803601217e-01  
  2.106095994413e-07  ,2.617384180050e-01  ,2.617073582277e-01  
  2.170454109609e-07  ,4.082150843896e-01  ,4.015583192470e-01  
  2.218741322458e-07  ,5.074977685247e-01  ,4.960171950351e-01  
  2.271163607538e-07  ,6.020188250412e-01  ,5.855504155618e-01  
  2.298160786331e-07  ,6.444857998832e-01  ,6.255799848999e-01  
  2.324494863451e-07  ,6.814479365750e-01  ,6.602708220019e-01  
  2.346004689634e-07  ,7.081905314157e-01  ,6.852559092180e-01  
  2.370070064962e-07  ,7.342736175076e-01  ,7.094899121758e-01  
  2.418200815618e-07  ,7.737296202324e-01  ,7.456616566698e-01  
  2.489078188837e-07  ,7.995291241090e-01  ,7.678018533033e-01  
  2.569842482507e-07  ,7.808196735119e-01  ,7.469075289415e-01  
  2.702820445001e-07  ,6.430216972351e-01  ,6.105338727836e-01  
  2.813550973833e-07  ,4.422575361614e-01  ,4.154149683735e-01  
  2.865824247301e-07  ,3.273223592370e-01  ,3.043203767447e-01  
  2.881936127841e-07  ,2.899699112661e-01  ,2.682839245490e-01  
  2.897422159612e-07  ,2.533671448441e-01  ,2.329927623344e-01  
  2.928394223154e-07  ,1.784509190977e-01  ,1.608200615472e-01  
  2.990338350236e-07  ,2.427864593747e-02  ,1.252332782947e-02  
  3.027650857866e-07  ,-6.940681796594e-02  ,-7.743945749237e-02  
  3.050982351005e-07  ,-1.275854930812e-01  ,-1.332421395927e-01  
  3.074306393564e-07  ,-1.850607913368e-01  ,-1.883125113334e-01  
  3.120954478681e-07  ,-2.967287245389e-01  ,-2.951503664434e-01  
  3.177765155733e-07  ,-4.239085087123e-01  ,-4.165178762882e-01  
  3.223288203180e-07  ,-5.162795118474e-01  ,-5.043596943015e-01  
  3.275710488260e-07  ,-6.094829441956e-01  ,-5.926010034251e-01  
  3.302543754280e-07  ,-6.509506894234e-01  ,-6.316635843324e-01  
  3.328285510242e-07  ,-6.863901930053e-01  ,-6.649008391906e-01  
  3.352220500410e-07  ,-7.153214518341e-01  ,-6.918993622547e-01  
  3.377850497663e-07  ,-7.418155292723e-01  ,-7.164640455593e-01  
  3.429110492170e-07  ,-7.802426857712e-01  ,-7.515163751801e-01  
  3.500390196741e-07  ,-7.999993989274e-01  ,-7.678324320560e-01  
  3.582704211175e-07  ,-7.731483848724e-01  ,-7.390998717801e-01  
  3.692540670335e-07  ,-6.580542930967e-01  ,-6.252493878176e-01  
  3.791216159761e-07  ,-4.879069273590e-01  ,-4.596648562234e-01  
  3.844182337224e-07  ,-3.761587621711e-01  ,-3.515216354681e-01  
  3.869916642606e-07  ,-3.179105711876e-01  ,-2.952756423265e-01  
  3.887745881975e-07  ,-2.763137901309e-01  ,-2.551469546369e-01  
  3.911278540790e-07  ,-2.201053584380e-01  ,-2.009680678607e-01  
  3.958343858421e-07  ,-1.043947275931e-01  ,-8.956431123717e-02  
  3.993123168647e-07  ,-1.728201784019e-02  ,-5.810233840268e-03  
  4.027764643133e-07  ,6.969170879184e-02  ,7.770646487285e-02  
  4.047147328556e-07  ,1.180613648436e-01  ,1.241037190417e-01  
  4.066530013978e-07  ,1.659933967837e-01  ,1.700427489115e-01  
  4.105295384824e-07  ,2.598361806020e-01  ,2.598746027793e-01  
  4.164795721471e-07  ,3.959208908371e-01  ,3.898462720471e-01  
  4.211987698972e-07  ,4.942633813242e-01  ,4.834541794061e-01  
  4.264097059667e-07  ,5.901752054856e-01  ,5.743657862266e-01  
  4.291962231100e-07  ,6.351346075146e-01  ,6.167815784642e-01  
  4.321295166910e-07  ,6.772009190527e-01  ,6.563006891299e-01  
  4.330969745815e-07  ,6.898310787193e-01  ,6.681213743901e-01  
  4.349987352788e-07  ,7.127907882871e-01  ,6.895469771760e-01  
  4.388022566736e-07  ,7.510066311393e-01  ,7.249361482703e-01  
  4.464092994630e-07  ,7.949153913997e-01  ,7.643132214848e-01  
  4.533308888376e-07  ,7.956239358511e-01  ,7.624238614717e-01  
  4.605162287652e-07  ,7.567360714132e-01  ,7.225943100278e-01  
  4.701513195932e-07  ,6.449708986379e-01  ,6.124543227516e-01  
  4.788476372659e-07  ,4.933457494736e-01  ,4.649332524882e-01  
  4.835593844354e-07  ,3.950698186972e-01  ,3.697919799339e-01  
  4.864658559263e-07  ,3.299934036299e-01  ,3.069328470403e-01  
  4.875137800872e-07  ,3.058267487529e-01  ,2.836116646853e-01  
  4.892074833214e-07  ,2.660782740148e-01  ,2.452750965191e-01  
  4.925948897898e-07  ,1.844365175008e-01  ,1.666045767295e-01  
  4.993697027266e-07  ,1.584006308886e-02  ,4.423054212789e-03  
  5.033200005591e-07  ,-8.328950977690e-02  ,-9.075994751447e-02  
  5.053897718489e-07  ,-1.348133775488e-01  ,-1.401717366385e-01  
  5.074547002614e-07  ,-1.856490527580e-01  ,-1.888773189080e-01  
  5.115845570862e-07  ,-2.847668351050e-01  ,-2.837171263347e-01  
  5.172514686882e-07  ,-4.126603414844e-01  ,-4.058003475368e-01  
  5.217158565819e-07  ,-5.044164793038e-01  ,-4.930949877808e-01  
  5.268485615551e-07  ,-5.975650790541e-01  ,-5.813445650310e-01  
  5.295002231896e-07  ,-6.397510947509e-01  ,-6.211243901470e-01  
  5.321675310433e-07  ,-6.777090810404e-01  ,-6.567679822209e-01  
  5.340808401406e-07  ,-7.020218776236e-01  ,-6.795025841137e-01  
  5.364549676478e-07  ,-7.286561454283e-01  ,-7.042848642441e-01  
  5.412032226622e-07  ,-7.696442408851e-01  ,-7.419693090312e-01  
  5.481665352881e-07  ,-7.986732632136e-01  ,-7.672599289258e-01  
  5.560403088629e-07  ,-7.856393397439e-01  ,-7.518662998962e-01  
  5.669881919920e-07  ,-6.887446412242e-01  ,-6.553226978464e-01  
  5.772029379904e-07  ,-5.252129086292e-01  ,-4.958443329361e-01  
  5.833660582602e-07  ,-3.992875113156e-01  ,-3.738735020997e-01  
  5.873953322470e-07  ,-3.085754324068e-01  ,-2.862611150331e-01  
  5.886151785553e-07  ,-2.800701504496e-01  ,-2.587638547116e-01  
  5.898488084376e-07  ,-2.508246733517e-01  ,-2.305668557857e-01  
  5.923160682023e-07  ,-1.912481326281e-01  ,-1.731642752598e-01  
  5.972505877316e-07  ,-6.901437641178e-02  ,-5.553918781747e-02  
  6.012180218995e-07  ,3.060475918862e-02  ,4.018630132125e-02  
  6.055773566067e-07  ,1.394581055476e-01  ,1.446124325856e-01  
  6.090191523135e-07  ,2.236550819009e-01  ,2.252639457264e-01  
  6.125470022261e-07  ,3.072377858088e-01  ,3.051900046913e-01  
  6.191005329192e-07  ,4.517542139691e-01  ,4.430117757650e-01  
  6.254588584006e-07  ,5.737809838945e-01  ,5.588258104909e-01  
  6.295909503996e-07  ,6.411175737179e-01  ,6.223887563046e-01  
  6.330938408673e-07  ,6.897911905853e-01  ,6.680725749362e-01  
  6.342211137116e-07  ,7.037056070186e-01  ,6.810673540418e-01  
  6.360569367707e-07  ,7.244697640678e-01  ,7.003947081671e-01  
  6.397285828888e-07  ,7.587096336537e-01  ,7.319940573594e-01  
  6.470718751252e-07  ,7.966175401596e-01  ,7.657086543077e-01  
  6.549665103257e-07  ,7.902819040351e-01  ,7.567115622784e-01  
  6.635853419602e-07  ,7.282373539505e-01  ,6.942446374103e-01  
  6.741130123436e-07  ,5.812269045101e-01  ,5.502772165093e-01  
  6.838181386292e-07  ,3.894019401250e-01  ,3.643408937768e-01  
  6.888964543641e-07  ,2.734374327174e-01  ,2.523680104469e-01  
  6.900244722664e-07  ,2.466285702974e-01  ,2.265215450013e-01  
  6.911433632076e-07  ,2.197305886346e-01  ,2.006006880486e-01  
  6.933811450899e-07  ,1.651537836872e-01  ,1.480355579379e-01  
  6.978567088544e-07  ,5.382608745508e-02  ,4.093769601472e-02  
  7.016348982751e-07  ,-4.107141172715e-02  ,-5.022934835398e-02  
  7.044132197797e-07  ,-1.105613031500e-01  ,-1.169075689817e-01  
  7.073055351675e-07  ,-1.820004413474e-01  ,-1.853808972486e-01  
  7.101877922714e-07  ,-2.516980015142e-01  ,-2.520926220526e-01  
  7.159523064792e-07  ,-3.843521054791e-01  ,-3.788013756695e-01  
  7.206431920230e-07  ,-4.832092219738e-01  ,-4.729350454151e-01  
  7.257371539772e-07  ,-5.786329246239e-01  ,-5.634395036716e-01  
  7.287863040864e-07  ,-6.288180104163e-01  ,-6.108213189928e-01  
  7.321107531488e-07  ,-6.769497387982e-01  ,-6.560497041470e-01  
  7.331093172133e-07  ,-6.899881194496e-01  ,-6.682558006127e-01  
  7.349157104790e-07  ,-7.118409757474e-01  ,-6.886517600966e-01  
  7.385284970105e-07  ,-7.486080862377e-01  ,-7.227185766515e-01  
  7.457540700734e-07  ,-7.928934086725e-01  ,-7.626221820164e-01  
  7.528336117566e-07  ,-7.968322302568e-01  ,-7.637948753416e-01  
  7.600860069096e-07  ,-7.601744686265e-01  ,-7.260516807703e-01  
  7.699982593358e-07  ,-6.472393087640e-01  ,-6.146760883078e-01  
  7.788897822201e-07  ,-4.925114877572e-01  ,-4.641229037297e-01  
  7.837065825760e-07  ,-3.918486959389e-01  ,-3.666744996180e-01  
  7.865571747124e-07  ,-3.279013089694e-01  ,-3.049100390722e-01  
  7.876105005443e-07  ,-3.035791251117e-01  ,-2.814399353565e-01  
  7.893189186752e-07  ,-2.634354189541e-01  ,-2.427241414147e-01  
  7.927357549369e-07  ,-1.809897664995e-01  ,-1.632832134943e-01  
  7.995694274604e-07  ,-1.082113821000e-02  ,4.004164717349e-04  
  8.035405869186e-07  ,8.880127756622e-02  ,9.604772728189e-02  
  8.059888477027e-07  ,1.496297193401e-01  ,1.543741430198e-01  
  8.081983173788e-07  ,2.037756868480e-01  ,2.062340154001e-01  
  8.126172567308e-07  ,3.088673198960e-01  ,3.067526878585e-01  
  8.177857244909e-07  ,4.241047726155e-01  ,4.166870462345e-01  
  8.221957231462e-07  ,5.137197282910e-01  ,5.019100938201e-01  
  8.273194874227e-07  ,6.053686062173e-01  ,5.886998386302e-01  
  8.299569929540e-07  ,6.465776767154e-01  ,6.275363055155e-01  
  8.325006211698e-07  ,6.821202884442e-01  ,6.608915013006e-01  
  8.347994978130e-07  ,7.105033584504e-01  ,6.874034492443e-01  
  8.372194463909e-07  ,7.363766208973e-01  ,7.114298407100e-01  
  8.420593435466e-07  ,7.752360945843e-01  ,7.470165583565e-01  
  8.491023773849e-07  ,7.996819330618e-01  ,7.678735693500e-01  
  8.572860951126e-07  ,7.791333686189e-01  ,7.451827681377e-01  
  8.714153761566e-07  ,6.256719022429e-01  ,5.936044739540e-01  
  8.839293713272e-07  ,3.869575143817e-01  ,3.619012359409e-01  
  8.897110218704e-07  ,2.541106582879e-01  ,2.336563918596e-01  
  8.910057465136e-07  ,2.230541901654e-01  ,2.037323830808e-01  
  8.922891090214e-07  ,1.919059761094e-01  ,1.737341156716e-01  
  8.948558340371e-07  ,1.287249534145e-01  ,1.129226510084e-01  
  8.992896745503e-07  ,1.785094405183e-02  ,6.322024104015e-03  
  9.027758012116e-07  ,-6.967510657153e-02  ,-7.771661257038e-02  
  9.048262009919e-07  ,-1.208314604008e-01  ,-1.267817942710e-01  
  9.068490336239e-07  ,-1.708098219968e-01  ,-1.746746477376e-01  
  9.108946988881e-07  ,-2.684988116943e-01  ,-2.681714284578e-01  
  9.171814987957e-07  ,-4.111528196585e-01  ,-4.043561298753e-01  
  9.219148526490e-07  ,-5.082884815089e-01  ,-4.967655502235e-01  
  9.271362195313e-07  ,-6.023474014632e-01  ,-5.858583136149e-01  
  9.298232714236e-07  ,-6.445928832992e-01  ,-6.256786726172e-01  
  9.324399153292e-07  ,-6.813218955831e-01  ,-6.601511724179e-01  
  9.346013287604e-07  ,-7.082005823510e-01  ,-6.852639024225e-01  
  9.370063761771e-07  ,-7.342673290871e-01  ,-7.094829724846e-01  
  9.418164710104e-07  ,-7.737065519451e-01  ,-7.456400822514e-01  
  9.488833467066e-07  ,-7.995077883376e-01  ,-7.677900358986e-01  
  9.569687167704e-07  ,-7.809045439599e-01  ,-7.469941961389e-01  
  9.702143589556e-07  ,-6.440322929075e-01  ,-6.115215547321e-01  
  9.812665502131e-07  ,-4.441102747209e-01  ,-4.172092215808e-01  
  9.864856819212e-07  ,-3.295394243775e-01  ,-3.064617219872e-01  
  9.880927721560e-07  ,-2.923305102732e-01  ,-2.705622139005e-01  
  9.896711776555e-07  ,-2.550599930414e-01  ,-2.346258803091e-01  
  9.928279886544e-07  ,-1.787310264850e-01  ,-1.610906565841e-01  
  9.991416106522e-07  ,-2.157106262954e-02  ,-9.908093325123e-03  
  1.003135866910e-06  ,7.868550780676e-02  ,8.636164967208e-02  
  1.005227989942e-06  ,1.308037797713e-01  ,1.363439371498e-01  
  1.007471732289e-06  ,1.860654021116e-01  ,1.892899353491e-01  
  1.011959216982e-06  ,2.935463899853e-01  ,2.921186065025e-01  
  1.017594836146e-06  ,4.200292548322e-01  ,4.128272967690e-01  
  1.022080830723e-06  ,5.115028418076e-01  ,4.998277636792e-01  
  1.027270160109e-06  ,6.045574059900e-01  ,5.879516497621e-01  
  1.029934487730e-06  ,6.462444352840e-01  ,6.272375250057e-01  
  1.032507918268e-06  ,6.822160916627e-01  ,6.609929001531e-01  
  1.034771777183e-06  ,7.101828921152e-01  ,6.871145723551e-01  
  1.037192843348e-06  ,7.361150643576e-01  ,7.111957120973e-01  
  1.042034975678e-06  ,7.750846681225e-01  ,7.468852295254e-01  
  1.049103341490e-06  ,7.996826158989e-01  ,7.678766962714e-01  
  1.057266197592e-06  ,7.792466872659e-01  ,7.452997769402e-01  
  1.071353755385e-06  ,6.266358252144e-01  ,5.945296148931e-01  
  1.083891592413e-06  ,3.877882670335e-01  ,3.626931310886e-01  
  1.089678458363e-06  ,2.548865515196e-01  ,2.343969114897e-01  
  1.090973369271e-06  ,2.238355343119e-01  ,2.044786206211e-01  
  1.092257104307e-06  ,1.926867592350e-01  ,1.744801903991e-01  
  1.094824574381e-06  ,1.295002949286e-01  ,1.136640568602e-01  
  1.099293432623e-06  ,1.775651677153e-02  ,6.228165005028e-03  
  1.102782166988e-06  ,-6.983448663722e-02  ,-7.787189961447e-02  
  1.104837409645e-06  ,-1.211099253110e-01  ,-1.270507577685e-01  
  1.106860242277e-06  ,-1.710850195967e-01  ,-1.749398646352e-01  
  1.110905907542e-06  ,-2.687641593182e-01  ,-2.684262677023e-01  
  1.117180786520e-06  ,-4.111374632470e-01  ,-4.043420663827e-01  
  1.121909670025e-06  ,-5.081878909555e-01  ,-4.966703344775e-01  
  1.127128056675e-06  ,-6.022123700583e-01  ,-5.857309110095e-01  
  1.129813990980e-06  ,-6.444547135749e-01  ,-6.255487464629e-01  
  1.132430262357e-06  ,-6.811947129135e-01  ,-6.600321052812e-01  
  1.134583852679e-06  ,-7.079961873417e-01  ,-6.850734284171e-01  
  1.136987409979e-06  ,-7.340779768949e-01  ,-7.093077094503e-01  
  1.141794524580e-06  ,-7.735661191774e-01  ,-7.455132805086e-01  
  1.148856184870e-06  ,-7.994835542854e-01  ,-7.677769085090e-01  
  1.156935594469e-06  ,-7.810849169019e-01  ,-7.471788865814e-01  
  1.170091829687e-06  ,-6.458543358332e-01  ,-6.133026167924e-01  
  1.181106768042e-06  ,-4.474448107460e-01  ,-4.204387229960e-01  
  1.186312488705e-06  ,-3.335008953924e-01  ,-3.102881125152e-01  
  1.187911942095e-06  ,-2.965562349333e-01  ,-2.746408197564e-01  
  1.189546413213e-06  ,-2.580300591638e-01  ,-2.374912866807e-01  
  1.192815355450e-06  ,-1.790404940536e-01  ,-1.613901569967e-01  
  1.199353239924e-06  ,-1.625373520382e-02  ,-4.797591293740e-03  
  1.203457764775e-06  ,8.673229528069e-02  ,9.408450126140e-02  
  1.205625138670e-06  ,1.406404548326e-01  ,1.457760460656e-01  
  1.207703478128e-06  ,1.917251053976e-01  ,1.947121218512e-01  
  1.211860157043e-06  ,2.912289838817e-01  ,2.899046464161e-01  
  1.217358685523e-06  ,4.149664884669e-01  ,4.079876894277e-01  
  1.222942895681e-06  ,5.279720910283e-01  ,5.154475080001e-01  
  1.228325195104e-06  ,6.215880301622e-01  ,6.039915624089e-01  
  1.231047637254e-06  ,6.623366752075e-01  ,6.423352103971e-01  
  1.232320196420e-06  ,6.797401132634e-01  ,6.586587672721e-01  
  1.234101443976e-06  ,7.022700442117e-01  ,6.797253347752e-01  
  1.237149476498e-06  ,7.356875867810e-01  ,7.107925696949e-01  
  1.243245541543e-06  ,7.820563584951e-01  ,7.531325206203e-01  
  1.249900400132e-06  ,7.999960836914e-01  ,7.678783822055e-01  
  1.257546185941e-06  ,7.776241390072e-01  ,7.436431117993e-01  
  1.269863485783e-06  ,6.492243145636e-01  ,6.166126153940e-01  
  1.280258535832e-06  ,4.649559882401e-01  ,4.374173053515e-01  
  1.285225837916e-06  ,3.581260141087e-01  ,3.340903829556e-01  
  1.286712601274e-06  ,3.243343219496e-01  ,3.014675316886e-01  
  1.288711219519e-06  ,2.778078573021e-01  ,2.565820444569e-01  
  1.291600927204e-06  ,2.086507084856e-01  ,1.899248904881e-01  
  1.297380342573e-06  ,6.576487462272e-02  ,5.239976358180e-02  
  1.301995977253e-06  ,-5.013151205921e-02  ,-5.895497029001e-02  
  1.305608391255e-06  ,-1.402260822481e-01  ,-1.453779731243e-01  
  1.309207394212e-06  ,-2.281935324721e-01  ,-2.296376589905e-01  
  1.312846630305e-06  ,-3.141770604358e-01  ,-3.118411889769e-01  
  1.319242208689e-06  ,-4.546883799717e-01  ,-4.458145488778e-01  
  1.325508146971e-06  ,-5.746435115215e-01  ,-5.596475393391e-01  
  1.329563497990e-06  ,-6.407046510072e-01  ,-6.220032296736e-01  
  1.333083897322e-06  ,-6.896645778416e-01  ,-6.679561775834e-01  
  1.334198876709e-06  ,-7.034396028487e-01  ,-6.808209023320e-01  
  1.336041964084e-06  ,-7.243100704928e-01  ,-7.002478647848e-01  
  1.339728138834e-06  ,-7.587060944767e-01  ,-7.319918667311e-01  
  1.347100488335e-06  ,-7.966832774881e-01  ,-7.657618491753e-01  
  1.354966811329e-06  ,-7.902807284284e-01  ,-7.567106660368e-01  
  1.363605014473e-06  ,-7.280325448129e-01  ,-6.940421584178e-01  
  1.374143115669e-06  ,-5.807067757825e-01  ,-5.497710366199e-01  
  1.383831850678e-06  ,-3.891008634655e-01  ,-3.640498921610e-01  
  1.388904205948e-06  ,-2.732543392200e-01  ,-2.521915162308e-01  
  1.390030547470e-06  ,-2.464833160688e-01  ,-2.263815917478e-01  
  1.391147575766e-06  ,-2.196287854032e-01  ,-2.005026527319e-01  
  1.393381632358e-06  ,-1.651418010899e-01  ,-1.480240782417e-01  
  1.397849745542e-06  ,-5.400069672652e-02  ,-4.110559933497e-02  
  1.401622719556e-06  ,4.076572777703e-02  ,4.993581703804e-02  
  1.404413334519e-06  ,1.105641591817e-01  ,1.169102766522e-01  
  1.407301179558e-06  ,1.818938417253e-01  ,1.852787868295e-01  
  1.410178593785e-06  ,2.514785480233e-01  ,2.518826926254e-01  
  1.415933422238e-06  ,3.839357894128e-01  ,3.784043406429e-01  
  1.420625797898e-06  ,4.828607423639e-01  ,4.726037965236e-01  
  1.425719759852e-06  ,5.783309589644e-01  ,5.631538527210e-01  
  1.428769655019e-06  ,6.285592477338e-01  ,6.105774680274e-01  
  1.432111240417e-06  ,6.769562646407e-01  ,6.560557704986e-01  
  1.433116510004e-06  ,6.900795886421e-01  ,6.683413285665e-01  
  1.434915825218e-06  ,7.118422917163e-01  ,6.886529821225e-01  
  1.438514455646e-06  ,7.484835684403e-01  ,7.226039428877e-01  
  1.445711716503e-06  ,7.927511392122e-01  ,7.625011434084e-01  
  1.452807649463e-06  ,7.968899747366e-01  ,7.638596764831e-01  
  1.460065260023e-06  ,7.603367760242e-01  ,7.262143005992e-01  
  1.469992413610e-06  ,6.473256482333e-01  ,6.147604486019e-01  
  1.478894367307e-06  ,4.924206735974e-01  ,4.640346962752e-01  
  1.483716383070e-06  ,3.916339343848e-01  ,3.664666547038e-01  
  1.486558779567e-06  ,3.278645178877e-01  ,3.048743200542e-01  
  1.487611546606e-06  ,3.035548010116e-01  ,2.814162776847e-01  
  1.489322572440e-06  ,2.633487096494e-01  ,2.426403773514e-01  
  1.492744624108e-06  ,1.807726323621e-01  ,1.630739850137e-01  
  1.499588727444e-06  ,1.033611912403e-02  ,-8.665197426707e-04  
  1.503564357251e-06  ,-8.939497448213e-02  ,-9.661733290203e-02  
  1.506014480680e-06  ,-1.502625289697e-01  ,-1.549806838871e-01  
  1.508239969105e-06  ,-2.047878046743e-01  ,-2.072029918326e-01  
  1.512690945953e-06  ,-3.105749044514e-01  ,-3.083799874985e-01  
  1.517933919519e-06  ,-4.272582672991e-01  ,-4.196880190221e-01  
  1.523576989263e-06  ,-5.398395846470e-01  ,-5.266954543095e-01  
  1.528852745384e-06  ,-6.298489387383e-01  ,-6.117741165143e-01  
  1.531244754285e-06  ,-6.651024348706e-01  ,-6.449283029550e-01  
  1.532444856554e-06  ,-6.813869744149e-01  ,-6.601967599086e-01  
  1.534143216401e-06  ,-7.027722765696e-01  ,-6.801885178530e-01  
  1.537539936095e-06  ,-7.394871449195e-01  ,-7.143017668055e-01  
  1.544333375484e-06  ,-7.873566739704e-01  ,-7.578188467147e-01  
  1.550857848912e-06  ,-7.997094940307e-01  ,-7.672474792230e-01  
  1.558309919626e-06  ,-7.728927542084e-01  ,-7.388384072209e-01  
  1.569764442235e-06  ,-6.506756553476e-01  ,-6.180306528932e-01  
  1.579612619668e-06  ,-4.780697183806e-01  ,-4.501283706257e-01  
  1.584897316486e-06  ,-3.654899427881e-01  ,-3.412095831252e-01  
  1.586372717708e-06  ,-3.321243833033e-01  ,-3.089930324921e-01  
  1.588672711939e-06  ,-2.787152275879e-01  ,-2.574622388295e-01  
  1.591044976801e-06  ,-2.221071557260e-01  ,-2.028940086507e-01  
  1.595789506525e-06  ,-1.055129189100e-01  ,-9.063603893814e-02  
  1.599285318941e-06  ,-1.796038503318e-02  ,-6.458499198491e-03  
  1.602726369590e-06  ,6.843739169283e-02  ,7.650552468226e-02  
  1.604658305138e-06  ,1.166585250919e-01  ,1.227608321479e-01  
  1.606631963938e-06  ,1.654761383976e-01  ,1.695491326170e-01  
  1.610579281539e-06  ,2.610182629383e-01  ,2.610066456089e-01  
  1.617194652051e-06  ,4.114363622384e-01  ,4.046221271827e-01  
  1.622062116355e-06  ,5.111411101168e-01  ,4.994735010330e-01  
  1.627340107650e-06  ,6.057072803271e-01  ,5.890322991500e-01  
  1.630055844277e-06  ,6.480375672618e-01  ,6.289206712097e-01  
  1.632681428879e-06  ,6.844835302585e-01  ,6.631130928381e-01  
  1.635286524385e-06  ,7.160455482306e-01  ,6.925710912262e-01  
  1.637642025441e-06  ,7.404622485469e-01  ,7.152128127353e-01  
  1.642353027552e-06  ,7.770253420547e-01  ,7.486307182581e-01  
  1.649755924433e-06  ,7.999764816840e-01  ,7.679159723886e-01  
  1.658039479941e-06  ,7.746191731208e-01  ,7.405911966984e-01  
  1.669219821185e-06  ,6.585433592864e-01  ,6.257283210001e-01  
  1.679231911391e-06  ,4.857071970989e-01  ,4.575314898032e-01  
  1.684594839305e-06  ,3.722356742140e-01  ,3.477287445471e-01  
  1.687040119857e-06  ,3.167926682312e-01  ,2.941949604617e-01  
  1.688854336232e-06  ,2.744319851744e-01  ,2.533306432806e-01  
  1.691251188010e-06  ,2.171236228031e-01  ,1.980938754168e-01  
  1.696044891566e-06  ,9.914713596946e-02  ,8.451520316048e-02  
  1.699643521994e-06  ,8.959082192948e-03  ,-2.192505439041e-03  
  1.703523784369e-06  ,-8.838158077005e-02  ,-9.564145739963e-02  
  1.705256230623e-06  ,-1.315039422833e-01  ,-1.369945394303e-01  
  1.706869653851e-06  ,-1.713160784647e-01  ,-1.751433673704e-01  
  1.710096500307e-06  ,-2.495190696891e-01  ,-2.500063102068e-01  
  1.715638242155e-06  ,-3.774108705013e-01  ,-3.721908669082e-01  
  1.721165082842e-06  ,-4.935973748820e-01  ,-4.827969546917e-01  
  1.726916931063e-06  ,-5.987061599167e-01  ,-5.823868954141e-01  
  1.729994765908e-06  ,-6.471362653100e-01  ,-6.280431620325e-01  
  1.733026034623e-06  ,-6.889264679626e-01  ,-6.672469425313e-01  
  1.735165468842e-06  ,-7.146835835773e-01  ,-6.912830849708e-01  
  1.737652472645e-06  ,-7.405616053019e-01  ,-7.152877160410e-01  
  1.742626480252e-06  ,-7.786318684639e-01  ,-7.500685378024e-01  
  1.750406376511e-06  ,-7.999348054890e-01  ,-7.676334181961e-01  
  1.758408300072e-06  ,-7.722508723446e-01  ,-7.381910081100e-01  
  1.769430689007e-06  ,-6.555198664062e-01  ,-6.227687634705e-01  
  1.779244593769e-06  ,-4.854538855905e-01  ,-4.572864141501e-01  
  1.784508428961e-06  ,-3.741566188150e-01  ,-3.495862598358e-01  
  1.785982712597e-06  ,-3.410165121063e-01  ,-3.175816081061e-01  
  1.787987663835e-06  ,-2.947878894464e-01  ,-2.729688060172e-01  
  1.790296226233e-06  ,-2.401223985777e-01  ,-2.202586611429e-01  
  1.794913351029e-06  ,-1.272980204345e-01  ,-1.116053750512e-01  
  1.798560037702e-06  ,-3.617785747308e-02  ,-2.397271973406e-02  
  1.801856547087e-06  ,4.663366711840e-02  ,5.557169882012e-02  
  1.803893908352e-06  ,9.762068604605e-02  ,1.044965436296e-01  
  1.806514277548e-06  ,1.625811983030e-01  ,1.667722717517e-01  
  1.809256091207e-06  ,2.293663081536e-01  ,2.307185583844e-01  
  1.814739718527e-06  ,3.573517261121e-01  ,3.530473486799e-01  
  1.820114567369e-06  ,4.725546281123e-01  ,4.627933430102e-01  
  1.826333566993e-06  ,5.888816446475e-01  ,5.731035736466e-01  
  1.830007075757e-06  ,6.473181072199e-01  ,6.282177236483e-01  
  1.833433225244e-06  ,6.940721882001e-01  ,6.720612891001e-01  
  1.834514677018e-06  ,7.071850359062e-01  ,6.842991685289e-01  
  1.836550548166e-06  ,7.296444953310e-01  ,7.051841850215e-01  
  1.840622290462e-06  ,7.655324979741e-01  ,7.382132080324e-01  
  1.848765775055e-06  ,7.993986961783e-01  ,7.677282484961e-01  
  1.856489046901e-06  ,7.834340256867e-01  ,7.495896157948e-01  
  1.868427857250e-06  ,6.696396289374e-01  ,6.365971101302e-01  
  1.878793104976e-06  ,4.944239354605e-01  ,4.659823920417e-01  
  1.884457781404e-06  ,3.752812582171e-01  ,3.506708233411e-01  
  1.887681647629e-06  ,3.019239940140e-01  ,2.798442615942e-01  
  1.888903170317e-06  ,2.732788018999e-01  ,2.522152398088e-01  
  1.890447116882e-06  ,2.365022772887e-01  ,2.167628528359e-01  
  1.893535010010e-06  ,1.613681226084e-01  ,1.443922673243e-01  
  1.899710796267e-06  ,7.268382589466e-03  ,-3.808620637283e-03  
  1.903462163597e-06  ,-8.684219728370e-02  ,-9.416507924592e-02  
  1.905461899430e-06  ,-1.365998690294e-01  ,-1.418809167637e-01  
  1.907363287598e-06  ,-1.834135572051e-01  ,-1.867328243997e-01  
  1.911166063935e-06  ,-2.749135299284e-01  ,-2.742942466249e-01  
  1.916958145291e-06  ,-4.063273459788e-01  ,-3.997637756950e-01  
  1.921494058758e-06  ,-5.000775827242e-01  ,-4.889738117843e-01  
  1.926606647164e-06  ,-5.935054509521e-01  ,-5.775089303762e-01  
  1.929282895714e-06  ,-6.364567233931e-01  ,-6.180228165963e-01  
  1.932080961257e-06  ,-6.765504431079e-01  ,-6.556816287388e-01  
  1.933140061289e-06  ,-6.903788387483e-01  ,-6.686255293357e-01  
  1.934974207968e-06  ,-7.125106976304e-01  ,-6.892790298021e-01  
  1.938642501324e-06  ,-7.496136733351e-01  ,-7.236466087171e-01  
  1.945979088038e-06  ,-7.936257177698e-01  ,-7.632302801355e-01  
  1.952971457928e-06  ,-7.965167591943e-01  ,-7.634091618500e-01  
  1.960258870810e-06  ,-7.588095683951e-01  ,-7.246679070793e-01  
  1.970039993018e-06  ,-6.466222817727e-01  ,-6.140677402980e-01  
  1.978857010096e-06  ,-4.931602885043e-01  ,-4.647517336126e-01  
  1.983632832259e-06  ,-3.934636187918e-01  ,-3.682368147302e-01  
  1.986534833401e-06  ,-3.284133938431e-01  ,-3.054054710693e-01  
  1.987590766937e-06  ,-3.040379298290e-01  ,-2.818836545983e-01  
  1.989286519080e-06  ,-2.642041578380e-01  ,-2.434662455219e-01  
  1.992678023368e-06  ,-1.824028006713e-01  ,-1.646446821489e-01  
  1.999461031944e-06  ,-1.354509744438e-02  ,-2.217296241699e-03  
  2.003412074834e-06  ,8.559066139728e-02  ,9.296748175255e-02  
  2.005534372717e-06  ,1.383942167060e-01  ,1.436042656466e-01  
  2.007551989943e-06  ,1.880265883553e-01  ,1.911538748055e-01  
  2.011587224394e-06  ,2.848294800726e-01  ,2.837765306333e-01  
  2.017192296177e-06  ,4.113855822177e-01  ,4.045845723146e-01  
  2.021632097155e-06  ,5.027808109879e-01  ,4.915404419719e-01  
  2.026745430619e-06  ,5.958386191425e-01  ,5.797123607082e-01  
  2.029397837311e-06  ,6.382027783432e-01  ,6.196658106159e-01  
  2.032113573939e-06  ,6.769875146416e-01  ,6.560907793588e-01  
  2.033947161824e-06  ,7.004046249076e-01  ,6.779923100331e-01  
  2.036324269563e-06  ,7.272940300701e-01  ,7.030207819204e-01  
  2.041047937661e-06  ,7.685702070501e-01  ,7.409939399454e-01  
  2.048052973539e-06  ,7.985038744776e-01  ,7.671396754492e-01  
  2.055832869798e-06  ,7.866060489961e-01  ,7.528674713432e-01  
  2.066390342504e-06  ,6.962665661549e-01  ,6.627146703393e-01  
  2.076299614698e-06  ,5.421242712141e-01  ,5.122684413259e-01  
  2.085667974740e-06  ,3.481552807964e-01  ,3.244885048872e-01  
  2.088964484125e-06  ,2.718300081337e-01  ,2.508276971244e-01  
  2.089867867023e-06  ,2.503697857820e-01  ,2.301371398348e-01  
  2.090903497726e-06  ,2.255209198682e-01  ,2.061887322695e-01  
  2.092974759132e-06  ,1.751336326607e-01  ,1.576522661279e-01  
  2.097117281944e-06  ,7.235161115001e-02  ,5.875435809109e-02  
  2.100574351341e-06  ,-1.443424034103e-02  ,-2.464805556030e-02  
  2.104854709893e-06  ,-1.215396987474e-01  ,-1.274268235508e-01  
  2.107628933579e-06  ,-1.899056706665e-01  ,-1.929431427397e-01  
  2.110529817134e-06  ,-2.598428041861e-01  ,-2.598761280552e-01  
  2.116331584245e-06  ,-3.926847042756e-01  ,-3.867421009890e-01  
  2.120895064861e-06  ,-4.882391004167e-01  ,-4.777113614340e-01  
  2.125983811408e-06  ,-5.828963091700e-01  ,-5.674685507471e-01  
  2.129018805414e-06  ,-6.324135788183e-01  ,-6.142063594415e-01  
  2.132112286478e-06  ,-6.769702737117e-01  ,-6.560675785630e-01  
  2.132982979953e-06  ,-6.883757754027e-01  ,-6.667460602639e-01  
  2.134724366903e-06  ,-7.096335539738e-01  ,-6.865937955080e-01  
  2.138207140803e-06  ,-7.457218880249e-01  ,-7.200588763971e-01  
  2.145172688603e-06  ,-7.908179882842e-01  ,-7.608436860432e-01  
  2.152171018958e-06  ,-7.981399757541e-01  ,-7.652905171267e-01  
  2.159526977181e-06  ,-7.644347748185e-01  ,-7.303480910985e-01  
  2.169810268521e-06  ,-6.500049192390e-01  ,-6.174078587627e-01  
  2.178967032075e-06  ,-4.909800819761e-01  ,-4.626592384913e-01  
  2.183920923114e-06  ,-3.871433366846e-01  ,-3.621378023365e-01  
  2.186652305961e-06  ,-3.257190017312e-01  ,-3.028123195286e-01  
  2.188375811517e-06  ,-2.856974205311e-01  ,-2.641973162204e-01  
  2.190660159528e-06  ,-2.313819948844e-01  ,-2.118344266370e-01  
  2.195228855550e-06  ,-1.194634329063e-01  ,-1.040617717678e-01  
  2.198924716055e-06  ,-2.701969348298e-02  ,-1.516642183207e-02  
  2.202167208731e-06  ,5.442582454290e-02  ,6.305559839092e-02  
  2.204060401261e-06  ,1.017724844178e-01  ,1.084824190917e-01  
  2.206447194755e-06  ,1.609300473448e-01  ,1.651924263614e-01  
  2.209579418838e-06  ,2.371393014168e-01  ,2.381580274502e-01  
  2.215843867004e-06  ,3.819596453590e-01  ,3.765307542680e-01  
  2.221533875406e-06  ,5.008582859393e-01  ,4.896954347456e-01  
  2.227492104709e-06  ,6.081958835961e-01  ,5.913490526097e-01  
  2.230533804238e-06  ,6.550079252864e-01  ,6.354455311865e-01  
  2.233048002660e-06  ,6.892069654986e-01  ,6.675157065310e-01  
  2.235789816320e-06  ,7.215967020633e-01  ,6.977230060714e-01  
  2.238273094833e-06  ,7.463204498720e-01  ,7.206107176714e-01  
  2.243239651859e-06  ,7.820251699882e-01  ,7.531080034956e-01  
  2.251663278282e-06  ,7.989080801761e-01  ,7.661884703035e-01  
  2.259648810565e-06  ,7.635263440577e-01  ,7.294010392104e-01  
  2.270055781543e-06  ,6.463885606493e-01  ,6.138381426800e-01  
  2.279403279960e-06  ,4.822778650928e-01  ,4.542099311249e-01  
  2.284395168960e-06  ,3.766702667921e-01  ,3.520185507103e-01  
  2.285750988364e-06  ,3.462756726319e-01  ,3.226627700054e-01  
  2.287866580725e-06  ,2.976147652373e-01  ,2.756988261072e-01  
  2.290152418852e-06  ,2.435675597150e-01  ,2.235817104718e-01  
  2.294724095106e-06  ,1.319916593000e-01  ,1.161237408340e-01  
  2.298474717379e-06  ,3.831986479708e-02  ,2.603216583268e-02  
  2.301806989551e-06  ,-4.539021226623e-02  ,-5.437779555352e-02  
  2.303918856621e-06  ,-9.824298863264e-02  ,-1.050934288306e-01  
  2.306617829442e-06  ,-1.651285659546e-01  ,-1.692133177707e-01  
  2.309339154005e-06  ,-2.313654794183e-01  ,-2.326319259334e-01  
  2.314781803131e-06  ,-3.582977273485e-01  ,-3.539498066922e-01  
  2.320162612438e-06  ,-4.735284200425e-01  ,-4.637190451931e-01  
  2.326333928347e-06  ,-5.888877918096e-01  ,-5.731090401531e-01  
  2.329993281007e-06  ,-6.471143237161e-01  ,-6.280256194539e-01  
  2.333400431514e-06  ,-6.936619637473e-01  ,-6.716775136450e-01  
  2.334481510758e-06  ,-7.067949446945e-01  ,-6.839352026866e-01  
  2.336508068681e-06  ,-7.292060480835e-01  ,-7.047774382915e-01  
  2.340561184525e-06  ,-7.650851550554e-01  ,-7.378055416192e-01  
  2.348667416215e-06  ,-7.992990527195e-01  ,-7.676690570649e-01  
  2.356384727597e-06  ,-7.839606078265e-01  ,-7.501315805521e-01  
  2.368074688554e-06  ,-6.744546663678e-01  ,-6.413164809206e-01  
  2.378350529313e-06  ,-5.031203708095e-01  ,-4.744177429570e-01  
  2.384056183934e-06  ,-3.841649452172e-01  ,-3.592595036559e-01  
  2.389469030738e-06  ,-2.598701901927e-01  ,-2.392989269518e-01  
  2.390363286674e-06  ,-2.385141667479e-01  ,-2.187128492987e-01  
  2.391298707068e-06  ,-2.159739241187e-01  ,-1.969927707424e-01  
  2.393169547856e-06  ,-1.703535583197e-01  ,-1.530523951124e-01  
  2.396911229432e-06  ,-7.750750126125e-02  ,-6.371441974413e-02  
  2.400217424572e-06  ,5.464433000031e-03  ,1.603031459353e-02  
  2.404538016260e-06  ,1.136668258256e-01  ,1.198759317624e-01  
  2.407102878630e-06  ,1.770370290749e-01  ,1.806153445252e-01  
  2.409734796226e-06  ,2.408660136786e-01  ,2.417211468236e-01  
  2.414998631418e-06  ,3.631617521964e-01  ,3.585816319986e-01  
  2.419895152986e-06  ,4.680938198943e-01  ,4.585604163354e-01  
  2.425054680049e-06  ,5.666563380596e-01  ,5.521054014195e-01  
  2.428252469242e-06  ,6.204357736747e-01  ,6.029167057726e-01  
  2.430950697005e-06  ,6.609671775730e-01  ,6.410598075620e-01  
  2.432041275740e-06  ,6.760176243340e-01  ,6.551791408653e-01  
  2.433660659432e-06  ,6.968969206883e-01  ,6.747145303193e-01  
  2.436787668109e-06  ,7.320680086569e-01  ,7.074454248698e-01  
  2.443041685462e-06  ,7.809612821137e-01  ,7.521592450142e-01  
  2.449282291770e-06  ,7.997966532713e-01  ,7.679177029183e-01  
  2.456874433398e-06  ,7.814157567499e-01  ,7.475161750130e-01  
  2.470982852817e-06  ,6.323880539720e-01  ,6.001478060965e-01  
  2.483435753226e-06  ,3.977687035975e-01  ,3.723486583931e-01  
  2.489192816854e-06  ,2.664258689573e-01  ,2.455305384761e-01  
  2.490475806832e-06  ,2.358133531659e-01  ,2.160289332247e-01  
  2.491747807205e-06  ,2.050847682758e-01  ,1.864291395622e-01  
  2.494291807950e-06  ,1.426948239373e-01  ,1.263671524727e-01  
  2.499379809439e-06  ,1.558610269896e-02  ,4.143209042751e-03  
  2.503008242190e-06  ,-7.549287762028e-02  ,-8.330318601881e-02  
  2.504953588784e-06  ,-1.239953591510e-01  ,-1.298193248208e-01  
  2.506997655571e-06  ,-1.744570897353e-01  ,-1.781749009355e-01  
  2.511085789144e-06  ,-2.730179979461e-01  ,-2.724969659076e-01  
  2.517213891685e-06  ,-4.118509813566e-01  ,-4.050229478304e-01  
  2.521865289152e-06  ,-5.073259426010e-01  ,-4.958514440951e-01  
  2.527057598770e-06  ,-6.010451976874e-01  ,-5.846274990680e-01  
  2.529731984675e-06  ,-6.432314022984e-01  ,-6.243965975980e-01  
  2.532342295587e-06  ,-6.800328221251e-01  ,-6.589428397094e-01  
  2.534429203212e-06  ,-7.061781603881e-01  ,-6.833777161287e-01  
  2.536819721997e-06  ,-7.323925053083e-01  ,-7.077462284019e-01  
  2.541600759566e-06  ,-7.723102903036e-01  ,-7.443777424215e-01  
  2.548611755908e-06  ,-7.992392839756e-01  ,-7.676484530594e-01  
  2.556641991675e-06  ,-7.826467819334e-01  ,-7.487878564781e-01  
  2.569003995001e-06  ,-6.616080180391e-01  ,-6.287164072661e-01  
  2.579627032816e-06  ,-4.777792223704e-01  ,-4.498315671248e-01  
  2.585325981915e-06  ,-3.558736267245e-01  ,-3.319043435134e-01  
  2.586928974330e-06  ,-3.193557762526e-01  ,-2.966535933157e-01  
  2.589266221464e-06  ,-2.646856160350e-01  ,-2.439205404880e-01  
  2.591665308416e-06  ,-2.070882092836e-01  ,-1.884132749760e-01  
  2.596463482320e-06  ,-8.869963772484e-02  ,-7.445655149115e-02  
  2.600163440645e-06  ,4.107693380913e-03  ,1.475141213692e-02  
  2.605437706649e-06  ,1.360007280375e-01  ,1.413072238861e-01  
  2.607234414160e-06  ,1.802593936474e-01  ,1.837165150452e-01  
  2.609350006521e-06  ,2.316265637596e-01  ,2.328944760208e-01  
  2.613581191242e-06  ,3.310701856076e-01  ,3.279622124079e-01  
  2.618443440139e-06  ,4.380294578569e-01  ,4.299464150399e-01  
  2.624051492155e-06  ,5.485803545120e-01  ,5.349785540049e-01  
  2.629141728818e-06  ,6.343009323174e-01  ,6.159720305321e-01  
  2.631556461990e-06  ,6.694239246317e-01  ,6.489874194756e-01  
  2.632708135486e-06  ,6.848307280225e-01  ,6.634244680267e-01  
  2.634386937559e-06  ,7.056783919925e-01  ,6.829020955566e-01  
  2.637744541705e-06  ,7.414337653803e-01  ,7.161014693372e-01  
  2.644459749997e-06  ,7.879129086585e-01  ,7.583064562018e-01  
  2.651244248688e-06  ,7.993888908025e-01  ,7.667976783257e-01  
  2.658691103995e-06  ,7.703646619998e-01  ,7.362825739298e-01  
  2.669703062117e-06  ,6.515719318438e-01  ,6.189069478171e-01  
  2.679308350623e-06  ,4.841792712592e-01  ,4.560518827837e-01  
  2.684482778847e-06  ,3.747263034281e-01  ,3.501381238667e-01  
  2.685898947954e-06  ,3.429197156939e-01  ,3.194204680048e-01  
  2.687944877386e-06  ,2.957872958905e-01  ,2.739341246661e-01  
  2.690240773797e-06  ,2.414514445550e-01  ,2.215406657710e-01  
  2.694832566619e-06  ,1.293020731946e-01  ,1.135345875818e-01  
  2.698522466660e-06  ,3.712112931781e-02  ,2.487967791335e-02  
  2.701833132148e-06  ,-4.604617360686e-02  ,-5.500756111173e-02  
  2.703901785851e-06  ,-9.781718665160e-02  ,-1.046849463238e-01  
  2.706554937601e-06  ,-1.635816387612e-01  ,-1.677309071115e-01  
  2.709287810564e-06  ,-2.301299207598e-01  ,-2.314493504336e-01  
  2.714753556490e-06  ,-3.576628525883e-01  ,-3.533440804595e-01  
  2.720129895449e-06  ,-4.728654192953e-01  ,-4.630887349078e-01  
  2.726331758738e-06  ,-5.888508823480e-01  ,-5.730743429380e-01  
  2.730000052094e-06  ,-6.472143650726e-01  ,-6.281199683836e-01  
  2.733419868588e-06  ,-6.939051955611e-01  ,-6.719050628743e-01  
  2.734498526394e-06  ,-7.069951731822e-01  ,-6.841220455274e-01  
  2.736530672252e-06  ,-7.294395100309e-01  ,-7.049940391670e-01  
  2.740594963968e-06  ,-7.653327954261e-01  ,-7.380312434753e-01  
  2.748723547399e-06  ,-7.993568520013e-01  ,-7.677037408417e-01  
  2.756442348897e-06  ,-7.836707881200e-01  ,-7.498332200299e-01  
  2.768269400537e-06  ,-6.718102299558e-01  ,-6.387242680915e-01  
  2.778591434896e-06  ,-4.983986273514e-01  ,-4.698374703390e-01  
  2.784269522369e-06  ,-3.794532368503e-01  ,-3.547040766652e-01  
  2.788238446653e-06  ,-2.889194500304e-01  ,-2.672963417117e-01  
  2.789589236915e-06  ,-2.570110687736e-01  ,-2.365270743948e-01  
  2.790897186339e-06  ,-2.256731047072e-01  ,-2.063240398570e-01  
  2.793513085186e-06  ,-1.619077889047e-01  ,-1.449100972608e-01  
  2.798744882882e-06  ,-3.153636026090e-02  ,-1.950577111146e-02  
  2.802191521466e-06  ,5.503543855574e-02  ,6.364102687441e-02  
  2.804338406265e-06  ,1.086987736219e-01  ,1.151260582403e-01  
  2.807021732867e-06  ,1.750476044950e-01  ,1.787183155799e-01  
  2.810425530612e-06  ,2.573625148715e-01  ,2.575091042656e-01  
  2.816289882600e-06  ,3.917712404268e-01  ,3.858876733873e-01  
  2.820967357099e-06  ,4.896771376239e-01  ,4.790937878876e-01  
  2.826126884162e-06  ,5.853532472537e-01  ,5.698046707613e-01  
  2.829197640955e-06  ,6.351562734387e-01  ,6.168002207158e-01  
  2.832198734820e-06  ,6.781254794325e-01  ,6.571586136977e-01  
  2.833083398134e-06  ,6.896582198154e-01  ,6.679533542520e-01  
  2.834852724761e-06  ,7.111171815172e-01  ,6.879826573642e-01  
  2.838391378015e-06  ,7.473858941907e-01  ,7.215969280266e-01  
  2.845468684524e-06  ,7.919076474712e-01  ,7.617829212701e-01  
  2.852508738130e-06  ,7.975166062853e-01  ,7.645703544953e-01  
  2.859840109438e-06  ,7.620773902726e-01  ,7.279595247338e-01  
  2.869898393244e-06  ,6.487112971452e-01  ,6.161148641545e-01  
  2.878904655069e-06  ,4.922168727016e-01  ,4.638419480262e-01  
  2.883781805128e-06  ,3.901993684572e-01  ,3.650824992541e-01  
  2.886616005987e-06  ,3.265520660790e-01  ,3.036093804433e-01  
  2.887675106019e-06  ,3.020762379297e-01  ,2.799914703312e-01  
  2.889388925821e-06  ,2.617734420864e-01  ,2.411230619252e-01  
  2.892816565424e-06  ,1.790108553040e-01  ,1.613785783274e-01  
  2.899671844631e-06  ,8.247297869609e-03  ,-2.872648493791e-03  
  2.903654925019e-06  ,-9.165657003705e-02  ,-9.878599771645e-02  
  2.906106538564e-06  ,-1.525343854984e-01  ,-1.571572332729e-01  
  2.908386043698e-06  ,-2.083345675895e-01  ,-2.105975197371e-01  
  2.912945053965e-06  ,-3.164504715978e-01  ,-3.139923870211e-01  
  2.918153754860e-06  ,-4.319191429335e-01  ,-4.241258488665e-01  
  2.923834822565e-06  ,-5.446041125399e-01  ,-5.312112950880e-01  
  2.929120264441e-06  ,-6.339720513130e-01  ,-6.156579679808e-01  
  2.931732810527e-06  ,-6.718404003141e-01  ,-6.512507010704e-01  
  2.932929560035e-06  ,-6.876907551219e-01  ,-6.660975026399e-01  
  2.934618420392e-06  ,-7.084002744684e-01  ,-6.854358621637e-01  
  2.937996141106e-06  ,-7.437854808370e-01  ,-7.182686080961e-01  
  2.944751582533e-06  ,-7.891499350343e-01  ,-7.593838542695e-01  
  2.951747677714e-06  ,-7.987944830250e-01  ,-7.660408433325e-01  
  2.959157280117e-06  ,-7.671227565222e-01  ,-7.330130110798e-01  
  2.969738594681e-06  ,-6.510533781196e-01  ,-6.183994680815e-01  
  2.979086093098e-06  ,-4.886141492560e-01  ,-4.603527983044e-01  
  2.984134606510e-06  ,-3.824349298013e-01  ,-3.575914062570e-01  
  2.986694253474e-06  ,-3.247558019462e-01  ,-3.018869286715e-01  
  2.988430983812e-06  ,-2.844017984745e-01  ,-2.629517030037e-01  
  2.990776426584e-06  ,-2.285832376008e-01  ,-2.091408694686e-01  
  2.995467312127e-06  ,-1.135342658932e-01  ,-9.835918480152e-02  
  2.999053649098e-06  ,-2.378088864883e-02  ,-1.205601037398e-02  
  3.002331159502e-06  ,5.853606995362e-02  ,6.699910683091e-02  
  3.004220254213e-06  ,1.057560850197e-01  ,1.123017869947e-01  
  3.006463996559e-06  ,1.613436680985e-01  ,1.655872015591e-01  
  3.009894243866e-06  ,2.446843830903e-01  ,2.453752761931e-01  
  3.015700481325e-06  ,3.787893786456e-01  ,3.735033211861e-01  
  3.021476171404e-06  ,4.997266024083e-01  ,4.886185702886e-01  
  3.027304760605e-06  ,6.051265720898e-01  ,5.884498933097e-01  
  3.030352420598e-06  ,6.523800093628e-01  ,6.329739870437e-01  
  3.032988808542e-06  ,6.884503999457e-01  ,6.668068756576e-01  
  3.034440181643e-06  ,7.063077706988e-01  ,6.834869240210e-01  
  3.036357588559e-06  ,7.276424409400e-01  ,7.033330579973e-01  
  3.040192402393e-06  ,7.623255873067e-01  ,7.352959424219e-01  
  3.047862030059e-06  ,7.981961531992e-01  ,7.669128909871e-01  
  3.055714942008e-06  ,7.871407255109e-01  ,7.534216066596e-01  
  3.065811968833e-06  ,7.033097414092e-01  ,6.696422888307e-01  
  3.075405336410e-06  ,5.584363069426e-01  ,5.281201882469e-01  
  3.084745384246e-06  ,3.688824415215e-01  ,3.445136698043e-01  
  3.089144952089e-06  ,2.675598688538e-01  ,2.467063949690e-01  
  3.090094714850e-06  ,2.449485678291e-01  ,2.249078077221e-01  
  3.091035164386e-06  ,2.223440629397e-01  ,2.031240712968e-01  
  3.092916063458e-06  ,1.765727344620e-01  ,1.590353789035e-01  
  3.096677861601e-06  ,8.334294737377e-02  ,6.932249652880e-02  
  3.099962450057e-06  ,9.437327749445e-04  ,-9.877692126625e-03  
  3.104616082698e-06  ,-1.156086002526e-01  ,-1.217513646467e-01  
  3.107134006411e-06  ,-1.777998742431e-01  ,-1.813589637715e-01  
  3.109696633607e-06  ,-2.399512150836e-01  ,-2.408560314719e-01  
  3.114821888000e-06  ,-3.591981950532e-01  ,-3.548054593250e-01  
  3.120207167655e-06  ,-4.744305145400e-01  ,-4.645744246294e-01  
  3.125102199107e-06  ,-5.674987408398e-01  ,-5.528883238185e-01  
  3.128258637577e-06  ,-6.205336295445e-01  ,-6.029989873909e-01  
  3.130974746734e-06  ,-6.613075060121e-01  ,-6.413711924616e-01  
  3.132053218275e-06  ,-6.761780756901e-01  ,-6.553224277351e-01  
  3.133676699787e-06  ,-6.970948004771e-01  ,-6.748936307061e-01  
  3.136817119509e-06  ,-7.323661867920e-01  ,-7.077174609446e-01  
  3.143097958952e-06  ,-7.812667752520e-01  ,-7.524295191872e-01  
  3.149345270783e-06  ,-7.998307736964e-01  ,-7.679256942210e-01  
  3.156931451946e-06  ,-7.811074161936e-01  ,-7.471996386024e-01  
  3.171242527157e-06  ,-6.283698012994e-01  ,-5.962244032708e-01  
  3.183671585709e-06  ,-3.926152908983e-01  ,-3.673637927082e-01  
  3.189439825207e-06  ,-2.605642899505e-01  ,-2.398756093068e-01  
  3.190728775650e-06  ,-2.297306522694e-01  ,-2.101637996658e-01  
  3.192006736487e-06  ,-1.987879179609e-01  ,-1.803607521211e-01  
  3.194562658161e-06  ,-1.359916928077e-01  ,-1.199139203319e-01  
  3.199674501508e-06  ,-8.180526786256e-03  ,2.972042620650e-03  
  3.203827455133e-06  ,9.596280414304e-02  ,1.029435460943e-01  
  3.206094294280e-06  ,1.522322872752e-01  ,1.568887998612e-01  
  3.208276569337e-06  ,2.056768841443e-01  ,2.080701317523e-01  
  3.212641119450e-06  ,3.094204672502e-01  ,3.072874181172e-01  
  3.217808842152e-06  ,4.245973084399e-01  ,4.171599319157e-01  
  3.223407208413e-06  ,5.366828267322e-01  ,5.237055362064e-01  
  3.228628575295e-06  ,6.263596671154e-01  ,6.084877328391e-01  
  3.231105148286e-06  ,6.631462445569e-01  ,6.430932506768e-01  
  3.232335984200e-06  ,6.799492596985e-01  ,6.588517486896e-01  
  3.234041608363e-06  ,7.015485303042e-01  ,6.790483455893e-01  
  3.237307942897e-06  ,7.372430008652e-01  ,7.122285848646e-01  
  3.243840611964e-06  ,7.850693290890e-01  ,7.558052297807e-01  
  3.250341243535e-06  ,7.999540289480e-01  ,7.676736319228e-01  
  3.257873780519e-06  ,7.756493393858e-01  ,7.416339687245e-01  
  3.269840903074e-06  ,6.495557854076e-01  ,6.169360935589e-01  
  3.279997534543e-06  ,4.702783300983e-01  ,4.425757407985e-01  
  3.284876174718e-06  ,3.659625183230e-01  ,3.416647008448e-01  
  3.286313391715e-06  ,3.334802662214e-01  ,3.103005564815e-01  
  3.288483745843e-06  ,2.831619777995e-01  ,2.617500089045e-01  
  3.291104487568e-06  ,2.206698989901e-01  ,2.015083626488e-01  
  3.296345971018e-06  ,9.163419843520e-02  ,7.729131761489e-02  
  3.300350658089e-06  ,-8.812820755472e-03  ,-1.925906111044e-02  
  3.305774680763e-06  ,-1.443387577967e-01  ,-1.492931009301e-01  
  3.307661912829e-06  ,-1.907107357444e-01  ,-1.937216609225e-01  
  3.309955201536e-06  ,-2.461425486980e-01  ,-2.467800405160e-01  
  3.314541778952e-06  ,-3.528939790009e-01  ,-3.487959174072e-01  
  3.319662562996e-06  ,-4.633408646041e-01  ,-4.540322347452e-01  
  3.325869641691e-06  ,-5.809272623737e-01  ,-5.655836079020e-01  
  3.329563639551e-06  ,-6.407067815062e-01  ,-6.219977282685e-01  
  3.333126507193e-06  ,-6.902066622531e-01  ,-6.684471894316e-01  
  3.334148168057e-06  ,-7.028317304029e-01  ,-6.802398731766e-01  
  3.336105063051e-06  ,-7.249819767361e-01  ,-7.008595053022e-01  
  3.340018853039e-06  ,-7.609915006455e-01  ,-7.340706364360e-01  
  3.347846433014e-06  ,-7.981697482129e-01  ,-7.669058646023e-01  
  3.355522021145e-06  ,-7.879921178812e-01  ,-7.543427208956e-01  
  3.365288242191e-06  ,-7.094871885946e-01  ,-6.757533279289e-01  
  3.374692365021e-06  ,-5.711260658640e-01  ,-5.404668161303e-01  
  3.384153112262e-06  ,-3.820263508413e-01  ,-3.572187823017e-01  
  3.388852193445e-06  ,-2.744825708390e-01  ,-2.533833406677e-01  
  3.389961026102e-06  ,-2.481449896821e-01  ,-2.279900439923e-01  
  3.390991068870e-06  ,-2.234084271971e-01  ,-2.041506421646e-01  
  3.393051154405e-06  ,-1.732596805068e-01  ,-1.558453740116e-01  
  3.397171325475e-06  ,-7.099881165437e-02  ,-5.745186689349e-02  
  3.400632492691e-06  ,1.589522910371e-02  ,2.605242517116e-02  
  3.404845796019e-06  ,1.213182644033e-01  ,1.272255525867e-01  
  3.407620392233e-06  ,1.896971323800e-01  ,1.927591260951e-01  
  3.410473964602e-06  ,2.585147855762e-01  ,2.586126780347e-01  
  3.416181109339e-06  ,3.893854295687e-01  ,3.836002242029e-01  
  3.420751295477e-06  ,4.853717629070e-01  ,4.749887733201e-01  
  3.425787142903e-06  ,5.794997806936e-01  ,5.642573416204e-01  
  3.428806118160e-06  ,6.291257399797e-01  ,6.111093746609e-01  
  3.432057924062e-06  ,6.762412731298e-01  ,6.553843900657e-01  
  3.433032087475e-06  ,6.890037861851e-01  ,6.673337811467e-01  
  3.434855058283e-06  ,7.111440466402e-01  ,6.880014064033e-01  
  3.438488706440e-06  ,7.482548479261e-01  ,7.223925455520e-01  
  3.445756002754e-06  ,7.928998672329e-01  ,7.626276517656e-01  
  3.452751352876e-06  ,7.970133666092e-01  ,7.639985281465e-01  
  3.460006728262e-06  ,7.607929413707e-01  ,7.266713512182e-01  
  3.469959213823e-06  ,6.478155841367e-01  ,6.152393708411e-01  
  3.478879048914e-06  ,4.927240361563e-01  ,4.643286231846e-01  
  3.483712985605e-06  ,3.917083883914e-01  ,3.665383583301e-01  
  3.486589282244e-06  ,3.271650898613e-01  ,3.041988764585e-01  
  3.487648568541e-06  ,3.026937179147e-01  ,2.805851790460e-01  
  3.489349908620e-06  ,2.626998711700e-01  ,2.420144920067e-01  
  3.492752588779e-06  ,1.805776301516e-01  ,1.628860170585e-01  
  3.499557949096e-06  ,1.110959387188e-02  ,-1.232909547964e-04  
  3.503517932683e-06  ,-8.823541062273e-02  ,-9.550460406934e-02  
  3.505706540734e-06  ,-1.426539871637e-01  ,-1.476874379043e-01  
  3.507826230913e-06  ,-1.947188792406e-01  ,-1.975621242482e-01  
  3.512065611273e-06  ,-2.960322086352e-01  ,-2.944878456295e-01  
  3.517360738903e-06  ,-4.150106091389e-01  ,-4.080245931263e-01  
  3.521694741637e-06  ,-5.040044718733e-01  ,-4.926869009241e-01  
  3.526758901268e-06  ,-5.960644796106e-01  ,-5.799124968402e-01  
  3.529388583690e-06  ,-6.380625161321e-01  ,-6.195226333079e-01  
  3.532084576279e-06  ,-6.765989262337e-01  ,-6.557178163903e-01  
  3.533924869686e-06  ,-7.001337300401e-01  ,-6.777318341253e-01  
  3.536292291671e-06  ,-7.269588934743e-01  ,-7.027036616816e-01  
  3.541011489421e-06  ,-7.683154601475e-01  ,-7.407584563972e-01  
  3.547962881118e-06  ,-7.983622626623e-01  ,-7.670350251846e-01  
  3.555750227958e-06  ,-7.869818738256e-01  ,-7.532563504538e-01  
  3.566118455917e-06  ,-6.996062536067e-01  ,-6.659989100949e-01  
  3.575886167079e-06  ,-5.497197090921e-01  ,-5.196484940494e-01  
  3.585232175380e-06  ,-3.579835799568e-01  ,-3.339830769137e-01  
  3.589263684541e-06  ,-2.647457841198e-01  ,-2.439935871262e-01  
  3.590106624603e-06  ,-2.446636019760e-01  ,-2.246337669410e-01  
  3.591003488243e-06  ,-2.231086954089e-01  ,-2.038614738546e-01  
  3.592797215521e-06  ,-1.794848070050e-01  ,-1.618403411179e-01  
  3.596384670079e-06  ,-9.066791890418e-02  ,-7.636792855949e-02  
  3.599602575839e-06  ,-9.988099101178e-03  ,1.188476354473e-03  
  3.604132528841e-06  ,1.035702568740e-01  ,1.102047979347e-01  
  3.606188516557e-06  ,1.545564114480e-01  ,1.590861171036e-01  
  3.608370419085e-06  ,2.079554025493e-01  ,2.102268779035e-01  
  3.612734224141e-06  ,3.115770053654e-01  ,3.093309676470e-01  
  3.617799128830e-06  ,4.243903874803e-01  ,4.169519006790e-01  
  3.623378868639e-06  ,5.361544121184e-01  ,5.231973695727e-01  
  3.628548081458e-06  ,6.250991683066e-01  ,6.072950644296e-01  
  3.631026144564e-06  ,6.620335725024e-01  ,6.420447388006e-01  
  3.632262382150e-06  ,6.789727997332e-01  ,6.579337468048e-01  
  3.633970241487e-06  ,7.006847278847e-01  ,6.782394831166e-01  
  3.637168403208e-06  ,7.358743199432e-01  ,7.109605460085e-01  
  3.643564726651e-06  ,7.837065145596e-01  ,7.545972551557e-01  
  3.650031830609e-06  ,7.999996000096e-01  ,7.678313711085e-01  
  3.657604600728e-06  ,7.772780320949e-01  ,7.432897075901e-01  
  3.669932331383e-06  ,6.482117773665e-01  ,6.156222855317e-01  
  3.680300559342e-06  ,4.640961130761e-01  ,4.365842673247e-01  
  3.685254450381e-06  ,3.574828379836e-01  ,3.334689916998e-01  
  3.686739537358e-06  ,3.237153593486e-01  ,3.008699066490e-01  
  3.688709098339e-06  ,2.778578501569e-01  ,2.566300692772e-01  
  3.691639411688e-06  ,2.077168118823e-01  ,1.890250572598e-01  
  3.697500038385e-06  ,6.276631482609e-02  ,4.951607396590e-02  
  3.702199864626e-06  ,-5.524462637257e-02  ,-6.386399492936e-02  
  3.705410692334e-06  ,-1.353316181185e-01  ,-1.406858084748e-01  
  3.709294679999e-06  ,-2.302952656432e-01  ,-2.316390168312e-01  
  3.712858292699e-06  ,-3.144465982516e-01  ,-3.120914936018e-01  
  3.718425366521e-06  ,-4.376492879547e-01  ,-4.296031117784e-01  
  3.724112394691e-06  ,-5.496934474003e-01  ,-5.360534310166e-01  
  3.729466381907e-06  ,-6.392400661374e-01  ,-6.206304534411e-01  
  3.731862116098e-06  ,-6.735991546102e-01  ,-6.529094934981e-01  
  3.733009319246e-06  ,-6.887128188506e-01  ,-6.670617046395e-01  
  3.734716992319e-06  ,-7.095479638896e-01  ,-6.865146227478e-01  
  3.738132338464e-06  ,-7.450391493887e-01  ,-7.194323804856e-01  
  3.744963030756e-06  ,-7.900047903132e-01  ,-7.601303583022e-01  
  3.751991163433e-06  ,-7.984352969449e-01  ,-7.656088346733e-01  
  3.759382139385e-06  ,-7.655001628802e-01  ,-7.313923945776e-01  
  3.769775699317e-06  ,-6.505110160445e-01  ,-6.178874976668e-01  
  3.779008458793e-06  ,-4.901576444558e-01  ,-4.618534387387e-01  
  3.783999602735e-06  ,-3.854116886104e-01  ,-3.604653390180e-01  
  3.786668028176e-06  ,-3.253580540466e-01  ,-3.024654457757e-01  
  3.788387249649e-06  ,-2.854288869963e-01  ,-2.639397562991e-01  
  3.790698419750e-06  ,-2.304613414492e-01  ,-2.109484640635e-01  
  3.795320759952e-06  ,-1.171790272815e-01  ,-1.018644961794e-01  
  3.798971916974e-06  ,-2.583405255556e-02  ,-1.402770098732e-02  
  3.802222977817e-06  ,5.582412288995e-02  ,6.439719779342e-02  
  3.804112445056e-06  ,1.030697236441e-01  ,1.097261765797e-01  
  3.806446711957e-06  ,1.609181613439e-01  ,1.651805180929e-01  
  3.809676166117e-06  ,2.394604453851e-01  ,2.403784224977e-01  
  3.815404172480e-06  ,3.722136898099e-01  ,3.672308674756e-01  
  3.821103121579e-06  ,4.923709330937e-01  ,4.816308877716e-01  
  3.827001001179e-06  ,6.001054955868e-01  ,5.837086507082e-01  
  3.830145891249e-06  ,6.493619910888e-01  ,6.301369619285e-01  
  3.833241607487e-06  ,6.916647870849e-01  ,6.698085766666e-01  
  3.835487957537e-06  ,7.182888571638e-01  ,6.946410586964e-01  
  3.838006626308e-06  ,7.438824790562e-01  ,7.183565578758e-01  
  3.843043963850e-06  ,7.809736982641e-01  ,7.521662213862e-01  
  3.850944559515e-06  ,7.996478022947e-01  ,7.671824154420e-01  
  3.858992676675e-06  ,7.682862779796e-01  ,7.342265354237e-01  
  3.869647006929e-06  ,6.523883368113e-01  ,6.197336140772e-01  
  3.879218022764e-06  ,4.859845131699e-01  ,4.578181927817e-01  
  3.884348492563e-06  ,3.777047985992e-01  ,3.530281046828e-01  
  3.886775146663e-06  ,3.228967396287e-01  ,3.000987153607e-01  
  3.888591598213e-06  ,2.806252082053e-01  ,2.593143461139e-01  
  3.890964235604e-06  ,2.240559107726e-01  ,2.047822937739e-01  
  3.895709510386e-06  ,1.075055423524e-01  ,9.256156931229e-02  
  3.899184833705e-06  ,2.048512423753e-02  ,8.891203576912e-03  
  3.902527909219e-06  ,-6.346652526100e-02  ,-7.172959511258e-02  
  3.904425572097e-06  ,-1.108687633989e-01  ,-1.172038657414e-01  
  3.906520302832e-06  ,-1.627294671876e-01  ,-1.669137584883e-01  
  3.910355861723e-06  ,-2.557040101474e-01  ,-2.559210242440e-01  
  3.916284288704e-06  ,-3.916486563857e-01  ,-3.857723766150e-01  
  3.921039249241e-06  ,-4.911047112969e-01  ,-4.804528032637e-01  
  3.926279987633e-06  ,-5.879693395048e-01  ,-5.722808903692e-01  
  3.929389487445e-06  ,-6.380762172251e-01  ,-6.195523832283e-01  
  3.932283665478e-06  ,-6.792555336461e-01  ,-6.582199490082e-01  
  3.933249446988e-06  ,-6.917637714713e-01  ,-6.699244107751e-01  
  3.935181010008e-06  ,-7.148590119722e-01  ,-6.914685058717e-01  
  3.939044136047e-06  ,-7.530796398491e-01  ,-7.268350722547e-01  
  3.946770388126e-06  ,-7.958857772181e-01  ,-7.651072495499e-01  
  3.953773188829e-06  ,-7.943860540974e-01  ,-7.610738227472e-01  
  3.961103070021e-06  ,-7.518231930805e-01  ,-7.176900178667e-01  
  3.970532524824e-06  ,-6.392565866030e-01  ,-6.068827735130e-01  
  3.979088771582e-06  ,-4.885608447573e-01  ,-4.603039070679e-01  
  3.983693230391e-06  ,-3.921412271413e-01  ,-3.669682164028e-01  
  3.986159000039e-06  ,-3.370034132169e-01  ,-3.137068834197e-01  
  3.987916219473e-06  ,-2.964563890602e-01  ,-2.745774313437e-01  
  3.990207273006e-06  ,-2.422540137246e-01  ,-2.223142341258e-01  
  3.994789380074e-06  ,-1.303730791469e-01  ,-1.145604407749e-01  
  3.998503867030e-06  ,-3.758807911396e-02  ,-2.532340409531e-02  
  4.001818257809e-06  ,4.567295542496e-02  ,5.464917145189e-02  
  4.003917086363e-06  ,9.819883380250e-02  ,1.050508993607e-01  
  4.006597060204e-06  ,1.646177837232e-01  ,1.687229252491e-01  
  4.009310561657e-06  ,2.306774904601e-01  ,2.319715066379e-01  
  4.014737564564e-06  ,3.573032913147e-01  ,3.529991143862e-01  
  4.020102727652e-06  ,4.723144917228e-01  ,4.625638855357e-01  
  4.026304590940e-06  ,5.883884713295e-01  ,5.726367722347e-01  
  4.029974001884e-06  ,6.468293184860e-01  ,6.277574960007e-01  
  4.033401641488e-06  ,6.936771126831e-01  ,6.716916576745e-01  
  4.034460927784e-06  ,7.065524682681e-01  ,6.837091090855e-01  
  4.036504994571e-06  ,7.291742686047e-01  ,7.047479817335e-01  
  4.040593128145e-06  ,7.653193589745e-01  ,7.380189816835e-01  
  4.048769395292e-06  ,7.994022180632e-01  ,7.677304304139e-01  
  4.056449453771e-06  ,7.836348746450e-01  ,7.497963480192e-01  
  4.068322699010e-06  ,6.710819824151e-01  ,6.380105329242e-01  
  4.078659634531e-06  ,4.970567196141e-01  ,4.685358460725e-01  
  4.084333251655e-06  ,3.780424210319e-01  ,3.533400975569e-01  
  4.087993349373e-06  ,2.946550464439e-01  ,2.728303970879e-01  
  4.089288819075e-06  ,2.641495953389e-01  ,2.434109554019e-01  
  4.090695488691e-06  ,2.305318831271e-01  ,2.110075932159e-01  
  4.093508827925e-06  ,1.620125699351e-01  ,1.450119238035e-01  
  4.099135506392e-06  ,2.172442325530e-02  ,1.008230316119e-02  
  4.102641749620e-06  ,-6.631821683422e-02  ,-7.446795905882e-02  
  4.104828495026e-06  ,-1.208884540075e-01  ,-1.268142236199e-01  
  4.107132587075e-06  ,-1.777650944324e-01  ,-1.813199646037e-01  
  4.111541840672e-06  ,-2.837633160674e-01  ,-2.827543045154e-01  
  4.117536577821e-06  ,-4.187824084926e-01  ,-4.116166402552e-01  
  4.123334619641e-06  ,-5.353285093669e-01  ,-5.224249173947e-01  
  4.128987375140e-06  ,-6.319294864118e-01  ,-6.137386906377e-01  
  4.131574216723e-06  ,-6.696681463181e-01  ,-6.492170491025e-01  
  4.132813248277e-06  ,-6.861925561527e-01  ,-6.646999207948e-01  
  4.134537685156e-06  ,-7.074551994341e-01  ,-6.845596789233e-01  
  4.137986558914e-06  ,-7.436967657547e-01  ,-7.181909788834e-01  
  4.144884306431e-06  ,-7.896905904014e-01  ,-7.598564881397e-01  
  4.151741820812e-06  ,-7.988025474458e-01  ,-7.660519701698e-01  
  4.159140992403e-06  ,-7.672388034167e-01  ,-7.331303848618e-01  
  4.169723797083e-06  ,-6.512694293364e-01  ,-6.186109942832e-01  
  4.179069805384e-06  ,-4.889382165212e-01  ,-4.606670742009e-01  
  4.184120553970e-06  ,-3.827451022500e-01  ,-3.578913149064e-01  
  4.186702925205e-06  ,-3.245566110610e-01  ,-3.016947467084e-01  
  4.188428479671e-06  ,-2.844606222393e-01  ,-2.630085022670e-01  
  4.190772059798e-06  ,-2.286884093355e-01  ,-2.092422714864e-01  
  4.195459220052e-06  ,-1.137355797815e-01  ,-9.855292336361e-02  
  4.199048909783e-06  ,-2.389994770741e-02  ,-1.217045064061e-02  
  4.202324185014e-06  ,5.836125039890e-02  ,6.683128840681e-02  
  4.204213279724e-06  ,1.055823328454e-01  ,1.121351165350e-01  
  4.206462237477e-06  ,1.613003657556e-01  ,1.655456982872e-01  
  4.209879446268e-06  ,2.443302748700e-01  ,2.450365014242e-01  
  4.215681213379e-06  ,3.783627758519e-01  ,3.730963787126e-01  
  4.221450942993e-06  ,4.992313098462e-01  ,4.881480917622e-01  
  4.227284002542e-06  ,6.047851949602e-01  ,5.881275760237e-01  
  4.230338368058e-06  ,6.521755286012e-01  ,6.327817802653e-01  
  4.232993009925e-06  ,6.885041767324e-01  ,6.668572529809e-01  
  4.234437304974e-06  ,7.062738171378e-01  ,6.834553245314e-01  
  4.236353594303e-06  ,7.276007157581e-01  ,7.032944018139e-01  
  4.240186172962e-06  ,7.622780930888e-01  ,7.352526070599e-01  
  4.247851330280e-06  ,7.981780596700e-01  ,7.668995169427e-01  
  4.255705732346e-06  ,7.871820267648e-01  ,7.534645202109e-01  
  4.265781897545e-06  ,7.036696057741e-01  ,6.699965428992e-01  
  4.275361854076e-06  ,5.592183105965e-01  ,5.288804419550e-01  
  4.284706372261e-06  ,3.697521881803e-01  ,3.453541373532e-01  
  4.289130527020e-06  ,2.679015054185e-01  ,2.470357983643e-01  
  4.290087554097e-06  ,2.451198873782e-01  ,2.250729208159e-01  
  4.291035081685e-06  ,2.223460595623e-01  ,2.031259751055e-01  
  4.292930136859e-06  ,1.762277370309e-01  ,1.587031259026e-01  
  4.296720247209e-06  ,8.228340382703e-02  ,6.830349003642e-02  
  4.300017129123e-06  ,-4.305018003353e-04  ,-1.119784207020e-02  
  4.304623823106e-06  ,-1.158010924912e-01  ,-1.219357893295e-01  
  4.307139884174e-06  ,-1.779439008863e-01  ,-1.814967383860e-01  
  4.309715922415e-06  ,-2.404136315355e-01  ,-2.412983119492e-01  
  4.314867998898e-06  ,-3.602333270605e-01  ,-3.557931837513e-01  
  4.320263709366e-06  ,-4.755739570376e-01  ,-4.656615321681e-01  
  4.325145329773e-06  ,-5.682622527176e-01  ,-5.536109000216e-01  
  4.328289102256e-06  ,-6.210165862729e-01  ,-6.034542516771e-01  
  4.331020485103e-06  ,-6.619537092059e-01  ,-6.419779287777e-01  
  4.332093741238e-06  ,-6.767218036396e-01  ,-6.558318703345e-01  
  4.333721320570e-06  ,-6.976443277680e-01  ,-6.754066949520e-01  
  4.336893032730e-06  ,-7.331318722188e-01  ,-7.084264750853e-01  
  4.343236457050e-06  ,-7.820082408474e-01  ,-7.530904333710e-01  
  4.349511336029e-06  ,-7.999057303602e-01  ,-7.679358899575e-01  
  4.357084106147e-06  ,-7.802695695853e-01  ,-7.463422104641e-01  
  4.371950994670e-06  ,-6.171949391788e-01  ,-5.853330853217e-01  
  4.385616849601e-06  ,-3.493116872058e-01  ,-3.255761348657e-01  
  4.393620263278e-06  ,-1.592689395904e-01  ,-1.422792076264e-01  
  4.395786519587e-06  ,-1.055873325836e-01  ,-9.062779278387e-02  
  4.398013498127e-06  ,-4.989383559498e-02  ,-3.708526618993e-02  
  4.400885696948e-06  ,2.225711990905e-02  ,3.221930878392e-02  
  4.403311233461e-06  ,8.307036283465e-02  ,9.057954763095e-02  
  4.405025984585e-06  ,1.257925538198e-01  ,1.315484903467e-01  
  4.406829025090e-06  ,1.703185149466e-01  ,1.742133759511e-01  
  4.410435106099e-06  ,2.575903681888e-01  ,2.577484934655e-01  
  4.416609402239e-06  ,3.987529591985e-01  ,3.925441642358e-01  
  4.421412046492e-06  ,4.984670664178e-01  ,4.874426772168e-01  
  4.426559652627e-06  ,5.927128396084e-01  ,5.767590884063e-01  
  4.429277624428e-06  ,6.363764491406e-01  ,6.179466357067e-01  
  4.432126353920e-06  ,6.771585967459e-01  ,6.562510097845e-01  
  4.433172415435e-06  ,6.907893245393e-01  ,6.690089450219e-01  
  4.435020159423e-06  ,7.130350959207e-01  ,6.897669574136e-01  
  4.438715647399e-06  ,7.502538028852e-01  ,7.242352034899e-01  
  4.446106623352e-06  ,7.940231678148e-01  ,7.635643176817e-01  
  4.453117619693e-06  ,7.961659408762e-01  ,7.630191692325e-01  
  4.460380445659e-06  ,7.578362300983e-01  ,7.236936280776e-01  
  4.470094512641e-06  ,6.458145419724e-01  ,6.132782672042e-01  
  4.478860865772e-06  ,4.930839835217e-01  ,4.646783884552e-01  
  4.483608375728e-06  ,3.939986815566e-01  ,3.687550217879e-01  
  4.486495475709e-06  ,3.293151172416e-01  ,3.062768057809e-01  
  4.487545262516e-06  ,3.050954580875e-01  ,2.829048699350e-01  
  4.489244926214e-06  ,2.651906223232e-01  ,2.444181646939e-01  
  4.492644253612e-06  ,1.832290692272e-01  ,1.654409575860e-01  
  4.499442908406e-06  ,1.400052410414e-02  ,2.655071621527e-03  
  4.503400656819e-06  ,-8.530533699197e-02  ,-9.269397257926e-02  
  4.505521837115e-06  ,-1.380839019846e-01  ,-1.433070149064e-01  
  4.507534238935e-06  ,-1.875929249757e-01  ,-1.907388432493e-01  
  4.511559042573e-06  ,-2.841674947609e-01  ,-2.831439084849e-01  
  4.517182740808e-06  ,-4.111795965071e-01  ,-4.043885262332e-01  
  4.521629247308e-06  ,-5.027250973862e-01  ,-4.914877864489e-01  
  4.526742580771e-06  ,-5.957908224847e-01  ,-5.796674177838e-01  
  4.529396105051e-06  ,-6.381765256313e-01  ,-6.196412745954e-01  
  4.532113704324e-06  ,-6.769892606231e-01  ,-6.560925513056e-01  
  4.533945615828e-06  ,-7.003858489981e-01  ,-6.779749025957e-01  
  4.536323096097e-06  ,-7.272817448093e-01  ,-7.030094817437e-01  
  4.541043038905e-06  ,-7.685360268856e-01  ,-7.409629496892e-01  
  4.548053290188e-06  ,-7.985043609235e-01  ,-7.671400700385e-01  
  4.555830206215e-06  ,-7.866182447003e-01  ,-7.528801409812e-01  
  4.566384698689e-06  ,-6.963364084398e-01  ,-6.627833523435e-01  
  4.576292480767e-06  ,-5.422561076699e-01  ,-5.123965210355e-01  
  4.585659350693e-06  ,-3.483504123331e-01  ,-3.246769965581e-01  
  4.588973741472e-06  ,-2.716111770485e-01  ,-2.506166070903e-01  
  4.589872002095e-06  ,-2.502710786174e-01  ,-2.300419239834e-01  
  4.590905956417e-06  ,-2.254616316732e-01  ,-2.061315422648e-01  
  4.592973865062e-06  ,-1.751555579589e-01  ,-1.576733463060e-01  
  4.597109682351e-06  ,-7.254182494880e-02  ,-5.893724713014e-02  
  4.600563398987e-06  ,1.415902163484e-02  ,2.438372055888e-02  
  4.604848972946e-06  ,1.213971852583e-01  ,1.272901732163e-01  
  4.607616863638e-06  ,1.896109771950e-01  ,1.926608925673e-01  
  4.610511041671e-06  ,2.593964647084e-01  ,2.594492174033e-01  
  4.616299397737e-06  ,3.919797263212e-01  ,3.860699333859e-01  
  4.620864368469e-06  ,4.876277256646e-01  ,4.771303411549e-01  
  4.625953115016e-06  ,5.823676347928e-01  ,5.669685807992e-01  
  4.628986618906e-06  ,6.319178312245e-01  ,6.137393274432e-01  
  4.632106177002e-06  ,6.768884440173e-01  ,6.559907976952e-01  
  4.632998384029e-06  ,6.885729466151e-01  ,6.669304557481e-01  
  4.634782798082e-06  ,7.103103645218e-01  ,6.872243865968e-01  
  4.638351626188e-06  ,7.470289773684e-01  ,7.212633156731e-01  
  4.645489282399e-06  ,7.919809277450e-01  ,7.618436479137e-01  
  4.652463770896e-06  ,7.976047902807e-01  ,7.646704382471e-01  
  4.659769065171e-06  ,7.626187161112e-01  ,7.285022127627e-01  
  4.669878012925e-06  ,6.490109112685e-01  ,6.164076414775e-01  
  4.678909606725e-06  ,4.921187619062e-01  ,4.637465169345e-01  
  4.683802403003e-06  ,3.897473596114e-01  ,3.646450351076e-01  
  4.686627663165e-06  ,3.262845865131e-01  ,3.033507184073e-01  
  4.687687508255e-06  ,3.017875878948e-01  ,2.797125353553e-01  
  4.689403563231e-06  ,2.614257881258e-01  ,2.407874851942e-01  
  4.692835673183e-06  ,1.785427696994e-01  ,1.609275343022e-01  
  4.699699893087e-06  ,7.542397640157e-03  ,-3.550050833758e-03  
  4.703688188881e-06  ,-9.248702681857e-02  ,-9.958265681091e-02  
  4.706147253007e-06  ,-1.535387537679e-01  ,-1.581198013223e-01  
  4.708449109882e-06  ,-2.098644938978e-01  ,-2.120620311701e-01  
  4.713052823633e-06  ,-3.189362879753e-01  ,-3.163668523800e-01  
  4.718253328890e-06  ,-4.340235126461e-01  ,-4.261294709506e-01  
  4.723950042814e-06  ,-5.467217460554e-01  ,-5.332181614159e-01  
  4.729245915502e-06  ,-6.358931987262e-01  ,-6.174672220185e-01  
  4.731728448957e-06  ,-6.717808828168e-01  ,-6.511946764532e-01  
  4.732900052756e-06  ,-6.873115435409e-01  ,-6.657422975713e-01  
  4.734593383461e-06  ,-7.081076829771e-01  ,-6.851650889158e-01  
  4.737980044872e-06  ,-7.436364181247e-01  ,-7.181333742587e-01  
  4.744753367692e-06  ,-7.891572979905e-01  ,-7.593916353958e-01  
  4.751705504447e-06  ,-7.988519480296e-01  ,-7.661121728094e-01  
  4.759118087083e-06  ,-7.674016596020e-01  ,-7.332942189653e-01  
  4.769727713853e-06  ,-6.512122565227e-01  ,-6.185549754832e-01  
  4.779093093663e-06  ,-4.884748237222e-01  ,-4.602176503408e-01  
  4.784151292831e-06  ,-3.820665268634e-01  ,-3.572351640645e-01  
  4.786702371627e-06  ,-3.245693275492e-01  ,-3.017067573209e-01  
  4.788443386048e-06  ,-2.841104365083e-01  ,-2.626705146896e-01  
  4.790790691465e-06  ,-2.282396454350e-01  ,-2.088096284211e-01  
  4.795485302299e-06  ,-1.130866818340e-01  ,-9.792846283015e-02  
  4.799063443631e-06  ,-2.353483284144e-02  ,-1.181952642981e-02  
  4.802344679326e-06  ,5.887494407447e-02  ,6.732438183077e-02  
  4.804234146565e-06  ,1.061021635736e-01  ,1.126337323506e-01  
  4.806467085570e-06  ,1.614197073606e-01  ,1.656600579309e-01  
  4.809923782438e-06  ,2.453910862926e-01  ,2.460513454963e-01  
  4.815739705652e-06  ,3.796573974948e-01  ,3.743313095050e-01  
  4.821526571602e-06  ,5.007151355694e-01  ,4.895575392620e-01  
  4.827347710222e-06  ,6.058320836164e-01  ,5.891159873843e-01  
  4.830383076757e-06  ,6.528256507424e-01  ,6.333928747065e-01  
  4.832984074444e-06  ,6.883897901316e-01  ,6.667500534037e-01  
  4.834450907499e-06  ,7.064343179958e-01  ,6.836048206940e-01  
  4.836371294647e-06  ,7.277855316716e-01  ,7.034657113271e-01  
  4.840212068945e-06  ,7.624753367894e-01  ,7.354326205720e-01  
  4.847893617541e-06  ,7.982490420797e-01  ,7.669518847864e-01  
  4.855748019606e-06  ,7.869918438430e-01  ,7.532669790779e-01  
  4.865913591772e-06  ,7.020889724539e-01  ,6.684407027806e-01  
  4.875550172716e-06  ,5.558240046682e-01  ,5.255807287409e-01  
  4.884879789740e-06  ,3.658817242728e-01  ,3.416140641985e-01  
  4.889190695673e-06  ,2.664761362001e-01  ,2.456614863155e-01  
  4.890114567667e-06  ,2.444735284483e-01  ,2.244499975359e-01  
  4.891028940171e-06  ,2.224943270738e-01  ,2.032689315706e-01  
  4.892857685179e-06  ,1.780034588496e-01  ,1.604132352699e-01  
  4.896515175194e-06  ,8.740834795500e-02  ,7.323246912140e-02  
  4.899758040398e-06  ,6.081049493898e-03  ,-4.942382077947e-03  
  4.904612093657e-06  ,-1.155093961728e-01  ,-1.216570742451e-01  
  4.906619652599e-06  ,-1.651733998851e-01  ,-1.692619197882e-01  
  4.909182652324e-06  ,-2.275974657712e-01  ,-2.290289304757e-01  
  4.914308651775e-06  ,-3.476262934504e-01  ,-3.437583262964e-01  
  4.919521077961e-06  ,-4.604375130532e-01  ,-4.512648402288e-01  
  4.926047786564e-06  ,-5.839963905522e-01  ,-5.684841957050e-01  
  4.929844602436e-06  ,-6.449102573975e-01  ,-6.259534247102e-01  
  4.933485328645e-06  ,-6.947224465845e-01  ,-6.726695403018e-01  
  4.934430621058e-06  ,-7.061949040618e-01  ,-6.833766365593e-01  
  4.936321205884e-06  ,-7.272619537107e-01  ,-7.029749236390e-01  
  4.940102375537e-06  ,-7.616363704367e-01  ,-7.346592230796e-01  
  4.947664714843e-06  ,-7.978479876034e-01  ,-7.666618350470e-01  
  4.955624915153e-06  ,-7.875416293447e-01  ,-7.538727072340e-01  
  4.965398586780e-06  ,-7.082015696490e-01  ,-6.744748483848e-01  
  4.974831021816e-06  ,-5.686804411585e-01  ,-5.380870276584e-01  
  4.984257496387e-06  ,-3.797192932586e-01  ,-3.549775217723e-01  
  4.988907403737e-06  ,-2.731788022709e-01  ,-2.521169822977e-01  
  4.990000962704e-06  ,-2.471905841930e-01  ,-2.270616910460e-01  
  4.991016849369e-06  ,-2.227861972207e-01  ,-2.035433881999e-01  
  4.993048622698e-06  ,-1.733217985427e-01  ,-1.558988416869e-01  
  4.997112169355e-06  ,-7.247957700537e-02  ,-5.887127600615e-02  
  5.000545024365e-06  ,1.369728701983e-02  ,2.394462892791e-02  
  5.004794090480e-06  ,1.200336322503e-01  ,1.259959514250e-01  
  5.007511689752e-06  ,1.870419564115e-01  ,1.902179187951e-01  
  5.010309755296e-06  ,2.546057481980e-01  ,2.548760821083e-01  
  5.015905886382e-06  ,3.833285004369e-01  ,3.778258073096e-01  
  5.020511835307e-06  ,4.805740162171e-01  ,4.704295004535e-01  
  5.025549172848e-06  ,5.753603951316e-01  ,5.603422414896e-01  
  5.028583421797e-06  ,6.256530755058e-01  ,6.078371716073e-01  
  5.032072901219e-06  ,6.764423139063e-01  ,6.555727237418e-01  
  5.033133118838e-06  ,6.902906650383e-01  ,6.685377246955e-01  
  5.034870221704e-06  ,7.113185253597e-01  ,6.881619515374e-01  
  5.038344427437e-06  ,7.469642178580e-01  ,7.212022584787e-01  
  5.045292838901e-06  ,7.912685520195e-01  ,7.612305095383e-01  
  5.052490844816e-06  ,7.975518870340e-01  ,7.646092079141e-01  
  5.059802844614e-06  ,7.623618052865e-01  ,7.282443434343e-01  
  5.069914772600e-06  ,6.484703090091e-01  ,6.158789557785e-01  
  5.078946366400e-06  ,4.913900432660e-01  ,4.630398707094e-01  
  5.083833947271e-06  ,3.890548220141e-01  ,3.639753755473e-01  
  5.086588799447e-06  ,3.271761627785e-01  ,3.042112270118e-01  
  5.088302246720e-06  ,2.874236215485e-01  ,2.658558974602e-01  
  5.090576536447e-06  ,2.333930465165e-01  ,2.137673282502e-01  
  5.095125115901e-06  ,1.220408217864e-01  ,1.065384428603e-01  
  5.098872012883e-06  ,2.834347532180e-02  ,1.643607416315e-02  
  5.102115623146e-06  ,-5.313227028652e-02  ,-6.181587796159e-02  
  5.104016638786e-06  ,-1.006814539662e-01  ,-1.074375593261e-01  
  5.106459684163e-06  ,-1.612375113727e-01  ,-1.654883938360e-01  
  5.109505108982e-06  ,-2.353549835884e-01  ,-2.364516982897e-01  
  5.115595958620e-06  ,-3.764735275394e-01  ,-3.712972661304e-01  
  5.121250204235e-06  ,-4.952791904642e-01  ,-4.843954253337e-01  
  5.127217374235e-06  ,-6.036877208453e-01  ,-5.870927296615e-01  
  5.130327619106e-06  ,-6.520190330692e-01  ,-6.326361208741e-01  
  5.133073158056e-06  ,-6.895277574480e-01  ,-6.678163272182e-01  
  5.134498081595e-06  ,-7.069899416521e-01  ,-6.841245238036e-01  
  5.136424056679e-06  ,-7.283351043308e-01  ,-7.039768811484e-01  
  5.140276006848e-06  ,-7.629601755050e-01  ,-7.358762163473e-01  
  5.147979907185e-06  ,-7.983895152475e-01  ,-7.670550930454e-01  
  5.155861131340e-06  ,-7.864763090659e-01  ,-7.527323803322e-01  
  5.166247240692e-06  ,-6.980306884128e-01  ,-6.644479879627e-01  
  5.176040283829e-06  ,-5.468992071646e-01  ,-5.169069362645e-01  
  5.185369900852e-06  ,-3.548847120835e-01  ,-3.309889667397e-01  
  5.189166716725e-06  ,-2.670443014552e-01  ,-2.462108461962e-01  
  5.189946419984e-06  ,-2.484939494289e-01  ,-2.283269234063e-01  
  5.190939582378e-06  ,-2.246506499075e-01  ,-2.053483094326e-01  
  5.192925907165e-06  ,-1.763314280082e-01  ,-1.588045248231e-01  
  5.196898556739e-06  ,-7.782449627728e-02  ,-6.401646327213e-02  
  5.200269199401e-06  ,6.765638236866e-03  ,1.728267189823e-02  
  5.204726136714e-06  ,1.183448292833e-01  ,1.243636312574e-01  
  5.207343898207e-06  ,1.829391948147e-01  ,1.862707400549e-01  
  5.210092044860e-06  ,2.494126756109e-01  ,2.498992531531e-01  
  5.215588338166e-06  ,3.763045263386e-01  ,3.711210284201e-01  
  5.220250911504e-06  ,4.753152772423e-01  ,4.654266991457e-01  
  5.225358284503e-06  ,5.720167208513e-01  ,5.571770096550e-01  
  5.228443569928e-06  ,6.234565995939e-01  ,6.057658344145e-01  
  5.231233812362e-06  ,6.649495758000e-01  ,6.447998247412e-01  
  5.232289373368e-06  ,6.793313072741e-01  ,6.582852380692e-01  
  5.233939676970e-06  ,7.003137069967e-01  ,6.779061578938e-01  
  5.237240284175e-06  ,7.365811351789e-01  ,7.116241520917e-01  
  5.243841498584e-06  ,7.850736137836e-01  ,7.558136024513e-01  
  5.250254958361e-06  ,7.999743376790e-01  ,7.677275372191e-01  
  5.257759183139e-06  ,7.763495069569e-01  ,7.423466276536e-01  
  5.269949823111e-06  ,6.479540369137e-01  ,6.153703442111e-01  
  5.280213742942e-06  ,4.658716375241e-01  ,4.383051027859e-01  
  5.285125910729e-06  ,3.603699918444e-01  ,3.362594228429e-01  
  5.286591626197e-06  ,3.271113304623e-01  ,3.041494943725e-01  
  5.288608498365e-06  ,2.802274110924e-01  ,2.589169235672e-01  
  5.291449777275e-06  ,2.123156745949e-01  ,1.934568786914e-01  
  5.297132335097e-06  ,7.197482647650e-02  ,5.837214695985e-02  
  5.301625035197e-06  ,-4.082385045226e-02  ,-5.001876792456e-02  
  5.306236944586e-06  ,-1.557504308558e-01  ,-1.602419943471e-01  
  5.310068778187e-06  ,-2.488569985666e-01  ,-2.493921222044e-01  
  5.314039192587e-06  ,-3.415144449943e-01  ,-3.379356490170e-01  
  5.320415399462e-06  ,-4.786341614835e-01  ,-4.685802269669e-01  
  5.326206735760e-06  ,-5.867193718674e-01  ,-5.710616191284e-01  
  5.329966298729e-06  ,-6.467153756060e-01  ,-6.276516304124e-01  
  5.333446464926e-06  ,-6.942375977537e-01  ,-6.722165044347e-01  
  5.334522515029e-06  ,-7.072771120030e-01  ,-6.843854292945e-01  
  5.336530073971e-06  ,-7.294333353923e-01  ,-7.049887240107e-01  
  5.340545191854e-06  ,-7.649676106837e-01  ,-7.376987518612e-01  
  5.348575427622e-06  ,-7.991989561595e-01  ,-7.676070624850e-01  
  5.356352343649e-06  ,-7.841223628577e-01  ,-7.502981746722e-01  
  5.367905213922e-06  ,-6.767358085611e-01  ,-6.435532298612e-01  
  5.378146782011e-06  ,-5.070913304263e-01  ,-4.782703199927e-01  
  5.383886709303e-06  ,-3.878956060602e-01  ,-3.628667603288e-01  
  5.389399393886e-06  ,-2.615248201041e-01  ,-2.408954545632e-01  
  5.390396281570e-06  ,-2.377224998701e-01  ,-2.179509248962e-01  
  5.391389257699e-06  ,-2.137817687500e-01  ,-1.948816742443e-01  
  5.393375209957e-06  ,-1.652997337456e-01  ,-1.481870341241e-01  
  5.397347114474e-06  ,-6.659712529667e-02  ,-5.322366092689e-02  
  5.400804556400e-06  ,2.021855479499e-02  ,3.020041259464e-02  
  5.404831595212e-06  ,1.209654748994e-01  ,1.268741663775e-01  
  5.407757810742e-06  ,1.930505584703e-01  ,1.959535829425e-01  
  5.410736180335e-06  ,2.647425794386e-01  ,2.645612525196e-01  
  5.416692919523e-06  ,4.005712728493e-01  ,3.942601768285e-01  
  5.421259380370e-06  ,4.954602798780e-01  ,4.845727580469e-01  
  5.426372713834e-06  ,5.895471500338e-01  ,5.737569874265e-01  
  5.429151407868e-06  ,6.344491420824e-01  ,6.161235038274e-01  
  5.432067937642e-06  ,6.763757036100e-01  ,6.555106554228e-01  
  5.433016582817e-06  ,6.888056821779e-01  ,6.671479286492e-01  
  5.434913873166e-06  ,7.118199018945e-01  ,6.886303255277e-01  
  5.438708453864e-06  ,7.501910250741e-01  ,7.241739502313e-01  
  5.446297615260e-06  ,7.945945338952e-01  ,7.640406505755e-01  
  5.453143953770e-06  ,7.961009487338e-01  ,7.629464203661e-01  
  5.460353880614e-06  ,7.580498564366e-01  ,7.239153425696e-01  
  5.470061987132e-06  ,6.462966543737e-01  ,6.137645443983e-01  
  5.478820889682e-06  ,4.938747708690e-01  ,4.654550839779e-01  
  5.483569889754e-06  ,3.948402109665e-01  ,3.695757187317e-01  
  5.486548259348e-06  ,3.281056773015e-01  ,3.051147285886e-01  
  5.487612574786e-06  ,3.035308923887e-01  ,2.814001520144e-01  
  5.489286720246e-06  ,2.641993856628e-01  ,2.434665108285e-01  
  5.492635011166e-06  ,1.834551747758e-01  ,1.656618003104e-01  
  5.499331593007e-06  ,1.679766546409e-02  ,5.344788606835e-03  
  5.503252088517e-06  ,-8.159178125525e-02  ,-8.912951455754e-02  
  5.505259647459e-06  ,-1.315886478454e-01  ,-1.370788303779e-01  
  5.507407649845e-06  ,-1.844986254662e-01  ,-1.877743469664e-01  
  5.511703654617e-06  ,-2.875620302640e-01  ,-2.863885465680e-01  
  5.517375781626e-06  ,-4.153337772014e-01  ,-4.083478888069e-01  
  5.521852090448e-06  ,-5.070694120881e-01  ,-4.956145926257e-01  
  5.527012362570e-06  ,-6.002942835168e-01  ,-5.839231555787e-01  
  5.529665514320e-06  ,-6.422367120895e-01  ,-6.234644698196e-01  
  5.532259806484e-06  ,-6.789385632496e-01  ,-6.579208168508e-01  
  5.534295677632e-06  ,-7.045950506274e-01  ,-6.819039108270e-01  
  5.536676510662e-06  ,-7.309369604868e-01  ,-7.063997754286e-01  
  5.541438176721e-06  ,-7.712344766914e-01  ,-7.434054307404e-01  
  5.548388823360e-06  ,-7.989754024234e-01  ,-7.674788182055e-01  
  5.556380316108e-06  ,-7.839826905761e-01  ,-7.501622695889e-01  
  5.568107529968e-06  ,-6.740104048351e-01  ,-6.408668350283e-01  
  5.578448935837e-06  ,-5.011950716563e-01  ,-4.725376725952e-01  
  5.584160550922e-06  ,-3.818620801183e-01  ,-3.570242264213e-01  
  5.589550300926e-06  ,-2.579375702448e-01  ,-2.374296075368e-01  
  5.590453963220e-06  ,-2.363378954235e-01  ,-2.166097902260e-01  
  5.591339185327e-06  ,-2.149941941337e-01  ,-1.960436540895e-01  
  5.593109629542e-06  ,-1.718246288210e-01  ,-1.544646127323e-01  
  5.596650517970e-06  ,-8.402639749273e-02  ,-6.998057325000e-02  
  5.599871403962e-06  ,-3.231962145038e-03  ,7.678484296446e-03  
  5.604436374694e-06  ,1.111376360264e-01  ,1.174521458151e-01  
  5.606913692743e-06  ,1.723970561115e-01  ,1.761717161754e-01  
  5.609425283462e-06  ,2.334367956428e-01  ,2.346134257891e-01  
  5.614448464900e-06  ,3.507877333459e-01  ,3.467730519050e-01  
  5.619705594569e-06  ,4.642220835513e-01  ,4.548629331029e-01  
  5.626037843019e-06  ,5.838255615779e-01  ,5.683205971679e-01  
  5.629777289420e-06  ,6.439077543277e-01  ,6.250079060962e-01  
  5.633350215346e-06  ,6.930323712004e-01  ,6.710880256402e-01  
  5.634280234069e-06  ,7.044111477504e-01  ,6.817116251663e-01  
  5.636140271515e-06  ,7.253556541837e-01  ,7.012046654920e-01  
  5.639860346407e-06  ,7.597532820101e-01  ,7.329369398599e-01  
  5.647300496191e-06  ,7.971248049475e-01  ,7.661023110790e-01  
  5.655205562204e-06  ,7.893260077069e-01  ,7.557338849900e-01  
  5.664220764726e-06  ,7.214818480426e-01  ,6.875879897827e-01  
  5.673598065466e-06  ,5.900433275795e-01  ,5.588735199521e-01  
  5.683631017298e-06  ,3.935033347075e-01  ,3.682897963202e-01  
  5.688684001058e-06  ,2.784492595253e-01  ,2.571880352466e-01  
  5.689814626664e-06  ,2.516402936458e-01  ,2.313404498572e-01  
  5.690936125308e-06  ,2.247340381446e-01  ,2.054106299051e-01  
  5.693179122597e-06  ,1.701184302275e-01  ,1.528059567559e-01  
  5.697665117174e-06  ,5.862939603890e-02  ,4.554849173577e-02  
  5.701397858053e-06  ,-3.512071364623e-02  ,-4.452218475534e-02  
  5.704545355827e-06  ,-1.138494147968e-01  ,-1.200665100316e-01  
  5.707435063511e-06  ,-1.851689647702e-01  ,-1.884215626510e-01  
  5.710322163492e-06  ,-2.549013659202e-01  ,-2.551613683310e-01  
  5.716096363455e-06  ,-3.875234776412e-01  ,-3.818281715588e-01  
  5.720736585051e-06  ,-4.850778186840e-01  ,-4.747123566708e-01  
  5.725806705147e-06  ,-5.798386198673e-01  ,-5.645803391134e-01  
  5.728842444211e-06  ,-6.296892814787e-01  ,-6.116424820350e-01  
  5.732091269881e-06  ,-6.766886749178e-01  ,-6.558053466658e-01  
  5.733058914036e-06  ,-6.893461647175e-01  ,-6.676555237476e-01  
  5.734895109624e-06  ,-7.116045496168e-01  ,-6.884316198521e-01  
  5.738554462284e-06  ,-7.488379606265e-01  ,-7.229302526799e-01  
  5.745873167604e-06  ,-7.932859435621e-01  ,-7.629554842165e-01  
  5.752876713365e-06  ,-7.967351945666e-01  ,-7.636862928499e-01  
  5.760116442531e-06  ,-7.599357798031e-01  ,-7.258125752252e-01  
  5.769998892635e-06  ,-6.472299538274e-01  ,-6.146670521545e-01  
  5.778871044010e-06  ,-4.928825183586e-01  ,-4.644829733590e-01  
  5.783679648727e-06  ,-3.924387151543e-01  ,-3.672453762278e-01  
  5.786567866296e-06  ,-3.276561901791e-01  ,-3.046738310186e-01  
  5.787625662476e-06  ,-3.032265322104e-01  ,-2.811000990394e-01  
  5.789323277265e-06  ,-2.633319826999e-01  ,-2.426246977847e-01  
  5.792718506843e-06  ,-1.814119923189e-01  ,-1.636900705544e-01  
  5.799508965999e-06  ,-1.234054102369e-02  ,-1.059728286256e-03  
  5.803462989122e-06  ,8.686282233936e-02  ,9.418778508822e-02  
  5.805616951972e-06  ,1.404379004780e-01  ,1.455631689398e-01  
  5.807684860617e-06  ,1.912707994604e-01  ,1.942604037417e-01  
  5.811820677906e-06  ,2.903046225138e-01  ,2.890098500722e-01  
  5.817311010748e-06  ,4.139416225392e-01  ,4.070045198519e-01  
  5.822884045035e-06  ,5.268599635032e-01  ,5.143885515698e-01  
  5.828263364226e-06  ,6.206085983916e-01  ,6.030655959703e-01  
  5.831005922943e-06  ,6.617481195852e-01  ,6.417806766729e-01  
  5.832284442574e-06  ,6.792658510634e-01  ,6.582129928617e-01  
  5.834079473704e-06  ,7.020054089332e-01  ,6.794773343832e-01  
  5.837076469749e-06  ,7.349648574471e-01  ,7.101229693636e-01  
  5.843070461839e-06  ,7.811178060749e-01  ,7.522952126628e-01  
  5.849727555603e-06  ,7.999706969485e-01  ,7.679179516871e-01  
  5.857398673385e-06  ,7.784864896299e-01  ,7.445218127985e-01  
  5.869915648788e-06  ,6.484574128836e-01  ,6.158630084710e-01  
  5.880429908127e-06  ,4.614443385262e-01  ,4.340143688759e-01  
  5.885441913694e-06  ,3.532617509597e-01  ,3.293895587980e-01  
  5.886953263968e-06  ,3.187959684542e-01  ,2.961194040366e-01  
  5.888858749956e-06  ,2.743277846362e-01  ,2.532233760781e-01  
  5.891916468233e-06  ,2.009846486827e-01  ,1.825379445139e-01  
  5.898031904787e-06  ,4.943211805063e-02  ,3.669407098191e-02  
  5.902006044477e-06  ,-5.038402923065e-02  ,-5.919464699881e-02  
  5.904861106962e-06  ,-1.216986058862e-01  ,-1.276098930588e-01  
  5.908457874745e-06  ,-2.100770561627e-01  ,-2.122813407318e-01  
  5.911815851420e-06  ,-2.901915848878e-01  ,-2.889108637288e-01  
  5.918531804770e-06  ,-4.398861301821e-01  ,-4.317391640000e-01  
  5.923490166157e-06  ,-5.382271842420e-01  ,-5.251888082115e-01  
  5.928835957736e-06  ,-6.295887141453e-01  ,-6.115711262807e-01  
  5.931614279240e-06  ,-6.702184526753e-01  ,-6.497681206477e-01  
  5.932814754039e-06  ,-6.862120102928e-01  ,-6.647494003385e-01  
  5.934556513518e-06  ,-7.076760086811e-01  ,-6.847923409732e-01  
  5.938040032476e-06  ,-7.441909799952e-01  ,-7.186667873842e-01  
  5.945007070392e-06  ,-7.901784511285e-01  ,-7.602901846267e-01  
  5.951862349600e-06  ,-7.986311424171e-01  ,-7.658489847978e-01  
  5.959239169449e-06  ,-7.665362675988e-01  ,-7.324260303988e-01  
  5.969742997974e-06  ,-6.509890610043e-01  ,-6.183376988073e-01  
  5.979035362095e-06  ,-4.896230930917e-01  ,-4.613316080988e-01  
  5.984060033649e-06  ,-3.840800741865e-01  ,-3.591746164400e-01  
  5.986689343542e-06  ,-3.248685731087e-01  ,-3.019898365368e-01  
  5.988408565015e-06  ,-2.849283668580e-01  ,-2.634543623309e-01  
  5.990736126393e-06  ,-2.295536829565e-01  ,-2.100717428323e-01  
  5.995391249150e-06  ,-1.154262619792e-01  ,-1.001767482689e-01  
  5.999010741204e-06  ,-2.485878314271e-02  ,-1.308969466565e-02  
  6.002272977918e-06  ,5.707762991989e-02  ,6.560089154227e-02  
  6.004161700100e-06  ,1.042971969451e-01  ,1.109039221902e-01  
  6.006452753633e-06  ,1.610668987704e-01  ,1.653255641057e-01  
  6.009767889470e-06  ,2.416590137167e-01  ,2.424829535472e-01  
  6.015525698155e-06  ,3.749145227135e-01  ,3.698080325674e-01  
  6.021276056260e-06  ,4.957892702123e-01  ,4.848790072174e-01  
  6.027138918132e-06  ,6.023920334729e-01  ,5.858682779435e-01  
  6.030241339892e-06  ,6.507601896255e-01  ,6.314516614784e-01  
  6.033285647124e-06  ,6.922203032165e-01  ,6.703280509622e-01  
  6.035644873470e-06  ,7.200164623468e-01  ,6.962476417317e-01  
  6.038172855467e-06  ,7.454094686241e-01  ,7.197649745259e-01  
  6.043228819460e-06  ,7.819677376933e-01  ,7.530459848912e-01  
  6.051057889551e-06  ,7.995582257311e-01  ,7.670285135898e-01  
  6.059170081705e-06  ,7.670314066501e-01  ,7.329395136424e-01  
  6.069739475340e-06  ,6.510405156932e-01  ,6.184020885232e-01  
  6.079255356878e-06  ,4.852388481625e-01  ,4.570891959201e-01  
  6.084349318832e-06  ,3.776864922876e-01  ,3.530066965816e-01  
  6.085801623255e-06  ,3.451280318738e-01  ,3.215601555971e-01  
  6.087808064610e-06  ,2.989793750737e-01  ,2.770198786984e-01  
  6.090091667563e-06  ,2.450214750733e-01  ,2.249868992206e-01  
  6.094658873469e-06  ,1.336081149236e-01  ,1.176818490710e-01  
  6.098446003586e-06  ,3.904067706920e-02  ,2.672656873410e-02  
  6.101792431861e-06  ,-4.502492227243e-02  ,-5.402605970831e-02  
  6.103929630905e-06  ,-9.851172071076e-02  ,-1.053503745190e-01  
  6.106656170875e-06  ,-1.660713199977e-01  ,-1.701160772566e-01  
  6.109374515206e-06  ,-2.322160822130e-01  ,-2.334455391540e-01  
  6.114811203867e-06  ,-3.589582419965e-01  ,-3.545798108328e-01  
  6.120198718697e-06  ,-4.742595226878e-01  ,-4.644139732089e-01  
  6.126344702631e-06  ,-5.890710437660e-01  ,-5.732820131945e-01  
  6.129996232182e-06  ,-6.471579302887e-01  ,-6.280663643887e-01  
  6.133390344173e-06  ,-6.935356307482e-01  ,-6.715592189815e-01  
  6.134479619056e-06  ,-7.067726719446e-01  ,-6.839142532812e-01  
  6.136499098927e-06  ,-7.291133016810e-01  ,-7.046912825412e-01  
  6.140538058668e-06  ,-7.649151202796e-01  ,-7.376504830272e-01  
  6.148615978152e-06  ,-7.992439035364e-01  ,-7.676351166333e-01  
  6.156340740114e-06  ,-7.841801240168e-01  ,-7.503576616066e-01  
  6.167923412710e-06  ,-6.764917696573e-01  ,-6.433138940755e-01  
  6.178170941263e-06  ,-5.066215580731e-01  ,-4.778144765339e-01  
  6.183908633381e-06  ,-3.874136062621e-01  ,-3.624006472869e-01  
  6.189410142094e-06  ,-2.612695151787e-01  ,-2.406491194990e-01  
  6.190377041191e-06  ,-2.381841772490e-01  ,-2.183957395154e-01  
  6.191339283675e-06  ,-2.149918133170e-01  ,-1.960473683307e-01  
  6.193263768643e-06  ,-1.680390997720e-01  ,-1.508245018055e-01  
  6.197112738580e-06  ,-7.246532966076e-02  ,-5.886619114710e-02  
  6.200482263654e-06  ,1.212014393188e-02  ,2.242279286084e-02  
  6.204631491989e-06  ,1.159917992441e-01  ,1.221050456004e-01  
  6.207316308707e-06  ,1.822640993923e-01  ,1.856221603736e-01  
  6.210068553180e-06  ,2.488516240708e-01  ,2.493610797759e-01  
  6.215573042125e-06  ,3.759652361229e-01  ,3.707966673011e-01  
  6.220252006739e-06  ,4.753374179508e-01  ,4.654474816360e-01  
  6.225366830319e-06  ,5.721668534398e-01  ,5.573190962359e-01  
  6.228455095977e-06  ,6.236380802548e-01  ,6.059369974208e-01  
  6.231253906578e-06  ,6.652302323898e-01  ,6.450633731037e-01  
  6.232308722526e-06  ,6.795880095111e-01  ,6.585258043737e-01  
  6.233961447567e-06  ,7.005780451819e-01  ,6.781529700626e-01  
  6.237266897649e-06  ,7.368418764441e-01  ,7.118653575188e-01  
  6.243877797812e-06  ,7.852485112411e-01  ,7.559681241907e-01  
  6.250309138983e-06  ,7.999622719923e-01  ,7.676958977325e-01  
  6.257808893412e-06  ,7.760470221323e-01  ,7.420391858884e-01  
  6.269928007811e-06  ,6.482754549911e-01  ,6.156845354799e-01  
  6.280151694506e-06  ,4.671384975032e-01  ,4.395328419541e-01  
  6.285049706191e-06  ,3.620788650007e-01  ,3.379110450125e-01  
  6.286506294698e-06  ,3.290672937117e-01  ,3.060384866212e-01  
  6.288562654942e-06  ,2.813062933834e-01  ,2.599583351542e-01  
  6.291340603918e-06  ,2.149598524566e-01  ,1.960051246106e-01  
  6.296896501869e-06  ,7.787589568392e-02  ,6.405786941158e-02  
  6.301244660705e-06  ,-3.127376451117e-02  ,-4.083283482607e-02  
  6.305955662817e-06  ,-1.488103292314e-01  ,-1.535799087524e-01  
  6.309312149376e-06  ,-2.307156990272e-01  ,-2.320245079787e-01  
  6.313040419906e-06  ,-3.186503691133e-01  ,-3.160950982186e-01  
  6.319414391607e-06  ,-4.582422307767e-01  ,-4.491848269428e-01  
  6.325715347618e-06  ,-5.782543341987e-01  ,-5.630573509865e-01  
  6.329724505037e-06  ,-6.431196138425e-01  ,-6.242716645337e-01  
  6.333614453167e-06  ,-6.963259140403e-01  ,-6.741701219173e-01  
  6.334686405450e-06  ,-7.091925634662e-01  ,-6.861733371417e-01  
  6.336655221373e-06  ,-7.307193204235e-01  ,-7.061830211015e-01  
  6.340592853218e-06  ,-7.653173465595e-01  ,-7.380219554064e-01  
  6.348468116909e-06  ,-7.990737522659e-01  ,-7.675459377233e-01  
  6.356476000935e-06  ,-7.835003394825e-01  ,-7.496671357322e-01  
  6.368066124111e-06  ,-6.745704036718e-01  ,-6.414150144276e-01  
  6.378371767193e-06  ,-5.027052632453e-01  ,-4.740020436501e-01  
  6.384072206408e-06  ,-3.838116759136e-01  ,-3.589087611085e-01  
  6.389475367457e-06  ,-2.597195625901e-01  ,-2.391480701954e-01  
  6.390378843486e-06  ,-2.381409344418e-01  ,-2.183479385442e-01  
  6.391309234738e-06  ,-2.157191474356e-01  ,-1.967425311995e-01  
  6.393170017242e-06  ,-1.703420318951e-01  ,-1.530373054289e-01  
  6.396891582251e-06  ,-7.799895102995e-02  ,-6.418419568576e-02  
  6.400189209223e-06  ,4.755318430866e-03  ,1.535111791618e-02  
  6.404523957014e-06  ,1.133170521937e-01  ,1.195418382017e-01  
  6.407074663281e-06  ,1.763454122616e-01  ,1.799538408585e-01  
  6.409692424774e-06  ,2.398503037364e-01  ,2.407501176766e-01  
  6.414927947760e-06  ,3.615779734392e-01  ,3.570708677600e-01  
  6.420354205608e-06  ,4.774009373724e-01  ,4.673952355290e-01  
  6.425286489964e-06  ,5.707538098194e-01  ,5.559674154333e-01  
  6.428423929453e-06  ,6.231471668243e-01  ,6.054620215932e-01  
  6.431242111564e-06  ,6.650655231578e-01  ,6.448989403853e-01  
  6.432301584125e-06  ,6.794933346899e-01  ,6.584281236055e-01  
  6.433952260256e-06  ,7.004665329809e-01  ,6.780410746031e-01  
  6.437253612518e-06  ,7.367117818734e-01  ,7.117391676230e-01  
  6.443856317043e-06  ,7.851451356289e-01  ,7.558735340547e-01  
  6.450283932924e-06  ,7.999681735376e-01  ,7.677090547539e-01  
  6.457783687353e-06  ,7.762006364774e-01  ,7.421943719536e-01  
  6.469944525003e-06  ,6.480321251451e-01  ,6.154464456691e-01  
  6.480190563440e-06  ,4.663451071695e-01  ,4.387639455511e-01  
  6.485096025705e-06  ,3.610404048764e-01  ,3.369073843484e-01  
  6.486558015883e-06  ,3.278820253541e-01  ,3.048938047976e-01  
  6.488589044154e-06  ,2.806853189704e-01  ,2.593589102363e-01  
  6.491406853735e-06  ,2.133555820596e-01  ,1.944590555474e-01  
  6.497042472899e-06  ,7.422386099723e-02  ,6.053527294062e-02  
  6.501483018935e-06  ,-3.725884828604e-02  ,-4.659556155140e-02  
  6.506115044892e-06  ,-1.527442453687e-01  ,-1.573606588429e-01  
  6.509737144649e-06  ,-2.409222965828e-01  ,-2.417996564769e-01  
  6.513599525630e-06  ,-3.314896142865e-01  ,-3.283632671015e-01  
  6.519969772041e-06  ,-4.696133704026e-01  ,-4.600033147519e-01  
  6.525982390583e-06  ,-5.828718506932e-01  ,-5.674246464262e-01  
  6.529839556158e-06  ,-6.448352023447e-01  ,-6.258838981198e-01  
  6.533494810998e-06  ,-6.948405876531e-01  ,-6.727807481598e-01  
  6.534396238118e-06  ,-7.057884728582e-01  ,-6.829980355749e-01  
  6.536199092358e-06  ,-7.259779565426e-01  ,-7.017836823285e-01  
  6.539804800838e-06  ,-7.593149130706e-01  ,-7.325367339851e-01  
  6.547016217798e-06  ,-7.964878266407e-01  ,-7.655953688285e-01  
  6.555101587862e-06  ,-7.897472435351e-01  ,-7.561748604479e-01  
  6.563806846231e-06  ,-7.259152409764e-01  ,-6.919703624653e-01  
  6.574419453233e-06  ,-5.759079761427e-01  ,-5.451122932491e-01  
  6.583981528372e-06  ,-3.858096933077e-01  ,-3.608728717565e-01  
  6.588973417372e-06  ,-2.716188387262e-01  ,-2.506174306553e-01  
  6.590156010777e-06  ,-2.434815690201e-01  ,-2.234908441294e-01  
  6.591252736241e-06  ,-2.170861717867e-01  ,-1.980551579936e-01  
  6.593446187168e-06  ,-1.635539673954e-01  ,-1.464972456063e-01  
  6.597833089024e-06  ,-5.441835847926e-02  ,-4.150848431253e-02  
  6.601575515658e-06  ,3.958086129783e-02  ,4.879704895636e-02  
  6.604391090065e-06  ,1.100104331308e-01  ,1.163782463656e-01  
  6.607245034963e-06  ,1.805194490792e-01  ,1.839615019618e-01  
  6.610086686403e-06  ,2.492847115782e-01  ,2.497834221385e-01  
  6.615769989282e-06  ,3.803271679568e-01  ,3.749623651422e-01  
  6.620489187032e-06  ,4.801188306259e-01  ,4.699972373648e-01  
  6.625590599567e-06  ,5.760833131849e-01  ,5.610275639288e-01  
  6.628653533250e-06  ,6.267496848117e-01  ,6.088721453250e-01  
  6.632128484040e-06  ,6.771871014799e-01  ,6.562718429131e-01  
  6.633179574698e-06  ,6.908800596224e-01  ,6.690898999602e-01  
  6.634934745222e-06  ,7.120591633398e-01  ,6.888550438055e-01  
  6.638445086271e-06  ,7.478662691419e-01  ,7.220356053971e-01  
  6.645465768367e-06  ,7.918972459725e-01  ,7.617715574911e-01  
  6.652683890849e-06  ,7.971579473114e-01  ,7.641615729256e-01  
  6.659971303731e-06  ,7.610677717911e-01  ,7.269469266915e-01  
  6.669972963125e-06  ,6.476127684065e-01  ,6.150409122075e-01  
  6.678928561002e-06  ,4.917430968707e-01  ,4.633769309316e-01  
  6.683775908738e-06  ,3.903287313528e-01  ,3.652036827672e-01  
  6.686556465417e-06  ,3.279175692004e-01  ,3.049244508859e-01  
  6.687603830785e-06  ,3.037342095258e-01  ,2.815883935933e-01  
  6.689333483070e-06  ,2.630897634198e-01  ,2.423898850819e-01  
  6.692792787641e-06  ,1.795932530769e-01  ,1.619375794531e-01  
  6.699711396784e-06  ,7.253290577832e-03  ,-3.829018319481e-03  
  6.703719809145e-06  ,-9.327635634064e-02  ,-1.003411679614e-01  
  6.706184088677e-06  ,-1.544472217634e-01  ,-1.589915820011e-01  
  6.708516120404e-06  ,-2.114892032669e-01  ,-2.136183678892e-01  
  6.713180183858e-06  ,-3.218692649392e-01  ,-3.191690659512e-01  
  6.718379198998e-06  ,-4.366775359883e-01  ,-4.286567684139e-01  
  6.724097519606e-06  ,-5.494217666138e-01  ,-5.357769992546e-01  
  6.729414998978e-06  ,-6.384627643682e-01  ,-6.198868634849e-01  
  6.731803282589e-06  ,-6.728003050095e-01  ,-6.521508108396e-01  
  6.732950858265e-06  ,-6.879641012466e-01  ,-6.663526939350e-01  
  6.734652943403e-06  ,-7.088030051951e-01  ,-6.858129994319e-01  
  6.738057113677e-06  ,-7.443484056342e-01  ,-7.187899717917e-01  
  6.744865454227e-06  ,-7.896146316568e-01  ,-7.597890654903e-01  
  6.751846648246e-06  ,-7.986541201771e-01  ,-7.658703662217e-01  
  6.759248055011e-06  ,-7.664723242913e-01  ,-7.323584852149e-01  
  6.769745923072e-06  ,-6.509463283996e-01  ,-6.182948826294e-01  
  6.779042757541e-06  ,-4.894760890077e-01  ,-4.611888217239e-01  
  6.784067429096e-06  ,-3.839170180050e-01  ,-3.590168586883e-01  
  6.786686680704e-06  ,-3.249297298357e-01  ,-3.020487507633e-01  
  6.788404412061e-06  ,-2.850258951239e-01  ,-2.635483410262e-01  
  6.790736816317e-06  ,-2.295370723964e-01  ,-2.100556666850e-01  
  6.795401624829e-06  ,-1.151682151693e-01  ,-9.992838267659e-02  
  6.799016646534e-06  ,-2.471043725063e-02  ,-1.294707218304e-02  
  6.802280745894e-06  ,5.727236119756e-02  ,6.578785366168e-02  
  6.804169468075e-06  ,1.044907581009e-01  ,1.110896195226e-01  
  6.806454188615e-06  ,1.611022251201e-01  ,1.653594383708e-01  
  6.809783480555e-06  ,2.420325261232e-01  ,2.428403159520e-01  
  6.815547249705e-06  ,3.753929231918e-01  ,3.702644358320e-01  
  6.821302823216e-06  ,4.963170576395e-01  ,4.853804276433e-01  
  6.827161214739e-06  ,6.027606302037e-01  ,5.862163588417e-01  
  6.830256558448e-06  ,6.509825811532e-01  ,6.316607373375e-01  
  6.833292670041e-06  ,6.923087678474e-01  ,6.704107585427e-01  
  6.835669405252e-06  ,7.202849706074e-01  ,6.964972678116e-01  
  6.838199622422e-06  ,7.456534520808e-01  ,7.199899182043e-01  
  6.843260056764e-06  ,7.821331087660e-01  ,7.531932694477e-01  
  6.851078696042e-06  ,7.995406789547e-01  ,7.670039330016e-01  
  6.859199828893e-06  ,7.668186568966e-01  ,7.327252007645e-01  
  6.869757301599e-06  ,6.507800478131e-01  ,6.181472616776e-01  
  6.879264242440e-06  ,4.850612806476e-01  ,4.569170640814e-01  
  6.884352243930e-06  ,3.776216835884e-01  ,3.529440787830e-01  
  6.885798215359e-06  ,3.452052993348e-01  ,3.216347692360e-01  
  6.887810989708e-06  ,2.989111850412e-01  ,2.769541004524e-01  
  6.890094965190e-06  ,2.449425782834e-01  ,2.249108544865e-01  
  6.894662916154e-06  ,1.335079370962e-01  ,1.175854435832e-01  
  6.898447811097e-06  ,3.899530342946e-02  ,2.668297003869e-02  
  6.901793494314e-06  ,-4.505158227426e-02  ,-5.405163720583e-02  
  6.903929203242e-06  ,-9.850105415218e-02  ,-1.053401266356e-01  
  6.906653880566e-06  ,-1.660150117565e-01  ,-1.700621079277e-01  
  6.909372597426e-06  ,-2.321699579591e-01  ,-2.334013874960e-01  
  6.914810031146e-06  ,-3.589319015894e-01  ,-3.545546757537e-01  
  6.920197545975e-06  ,-4.742357862571e-01  ,-4.643914061887e-01  
  6.926344274968e-06  ,-5.890637712383e-01  ,-5.732751432322e-01  
  6.929995804518e-06  ,-6.471516114785e-01  ,-6.280604254300e-01  
  6.933390289038e-06  ,-6.935349400597e-01  ,-6.715585764655e-01  
  6.934479191393e-06  ,-7.067676363255e-01  ,-6.839095615306e-01  
  6.936499043792e-06  ,-7.291127314186e-01  ,-7.046907568649e-01  
  6.940538748592e-06  ,-7.649201988445e-01  ,-7.376551141305e-01  
  6.948618158191e-06  ,-7.992462832150e-01  ,-7.676365963290e-01  
  6.956342920154e-06  ,-7.841692799598e-01  ,-7.503464908301e-01  
  6.967930063099e-06  ,-6.764025352797e-01  ,-6.432263878254e-01  
  6.978179081768e-06  ,-5.064632016700e-01  ,-4.776608352339e-01  
  6.983914538711e-06  ,-3.872837464368e-01  ,-3.622750809762e-01  
  6.989411577076e-06  ,-2.612354274334e-01  ,-2.406162136508e-01  
  6.990368790418e-06  ,-2.383821298148e-01  ,-2.185864957764e-01  
  6.991320788354e-06  ,-2.154395150394e-01  ,-1.964786877558e-01  
  6.993224784225e-06  ,-1.689969006524e-01  ,-1.517467095994e-01  
  6.997032775968e-06  ,-7.446651678935e-02  ,-6.079052422030e-02  
  7.000376969069e-06  ,9.474044604893e-03  ,1.988132956541e-02  
  7.004590272397e-06  ,1.149666877763e-01  ,1.211221193440e-01  
  7.007220699877e-06  ,1.799235631692e-01  ,1.833802115747e-01  
  7.009920045227e-06  ,2.453016860801e-01  ,2.459648848177e-01  
  7.015318735927e-06  ,3.703116651211e-01  ,3.654034028381e-01  
  7.020078911871e-06  ,4.718312556575e-01  ,4.621139562995e-01  
  7.025209381670e-06  ,5.693941928247e-01  ,5.546957102288e-01  
  7.028343095869e-06  ,6.218711495194e-01  ,6.042717701842e-01  
  7.031071498483e-06  ,6.626728267443e-01  ,6.426629101480e-01  
  7.032143823296e-06  ,6.773922779122e-01  ,6.564691596738e-01  
  7.033774196595e-06  ,6.982937476164e-01  ,6.760210578242e-01  
  7.036989494652e-06  ,7.340988023189e-01  ,7.093278126219e-01  
  7.043420090765e-06  ,7.829685149570e-01  ,7.539483169765e-01  
  7.049724027008e-06  ,7.999699329942e-01  ,7.679205077304e-01  
  7.057275935501e-06  ,7.791912668067e-01  ,7.452415197925e-01  
  7.070207163185e-06  ,6.441395599636e-01  ,6.116423130732e-01  
  7.080892785877e-06  ,4.518927860920e-01  ,4.247606879721e-01  
  7.085968866438e-06  ,3.413312718300e-01  ,3.178621913112e-01  
  7.087518773466e-06  ,3.057107798185e-01  ,2.834858027811e-01  
  7.089218064636e-06  ,2.658274620269e-01  ,2.450205363653e-01  
  7.092616646975e-06  ,1.839043871883e-01  ,1.660858469550e-01  
  7.099413811654e-06  ,1.473168730736e-02  ,3.341376249049e-03  
  7.103631585330e-06  ,-9.107381773341e-02  ,-9.824656417800e-02  
  7.106101452798e-06  ,-1.524089092007e-01  ,-1.570537651536e-01  
  7.108431621879e-06  ,-2.094403336936e-01  ,-2.116716652689e-01  
  7.113091960043e-06  ,-3.198381054529e-01  ,-3.172384765420e-01  
  7.118325247854e-06  ,-4.355407874932e-01  ,-4.275803916505e-01  
  7.124047293752e-06  ,-5.485035478467e-01  ,-5.349105284141e-01  
  7.129376694053e-06  ,-6.378822192370e-01  ,-6.193424884686e-01  
  7.131832777947e-06  ,-6.732010845761e-01  ,-6.525284762107e-01  
  7.132993019611e-06  ,-6.885043006941e-01  ,-6.668597777775e-01  
  7.134693614632e-06  ,-7.092763886774e-01  ,-6.862556685352e-01  
  7.138094804674e-06  ,-7.446950191668e-01  ,-7.191107184235e-01  
  7.144897184759e-06  ,-7.897423201404e-01  ,-7.599004036912e-01  
  7.151921592146e-06  ,-7.985426956250e-01  ,-7.657362164779e-01  
  7.159319273621e-06  ,-7.659576553341e-01  ,-7.318407772788e-01  
  7.169762007385e-06  ,-6.507112552892e-01  ,-6.180650342107e-01  
  7.179024569184e-06  ,-4.898375833532e-01  ,-4.615395229515e-01  
  7.184031359345e-06  ,-3.847120944958e-01  ,-3.597858552181e-01  
  7.186676315457e-06  ,-3.251677642468e-01  ,-3.022789933412e-01  
  7.188394605607e-06  ,-2.852561713520e-01  ,-2.637708672093e-01  
  7.190715833992e-06  ,-2.300421932356e-01  ,-2.105427739574e-01  
  7.195358290762e-06  ,-1.162458673164e-01  ,-1.009655425146e-01  
  7.198992311448e-06  ,-2.532174556938e-02  ,-1.353470107714e-02  
  7.202248587698e-06  ,5.646618230061e-02  ,6.501392555056e-02  
  7.204137309879e-06  ,1.036894050472e-01  ,1.103208993000e-01  
  7.206449225038e-06  ,1.609800305082e-01  ,1.652423221551e-01  
  7.209719657391e-06  ,2.405031610534e-01  ,2.413771211146e-01  
  7.215458839625e-06  ,3.734293069685e-01  ,3.683911055226e-01  
  7.221194296569e-06  ,4.941749737021e-01  ,4.833453109300e-01  
  7.227072059602e-06  ,6.012849893623e-01  ,5.848228119276e-01  
  7.230195715517e-06  ,6.500925810758e-01  ,6.308240127223e-01  
  7.233265727252e-06  ,6.919691979395e-01  ,6.700932944817e-01  
  7.235571309417e-06  ,7.192087166483e-01  ,6.954966086865e-01  
  7.238093703479e-06  ,7.446849071669e-01  ,7.190968249171e-01  
  7.243138491601e-06  ,7.814853030070e-01  ,7.526160143852e-01  
  7.251000344247e-06  ,7.996049764843e-01  ,7.670948155498e-01  
  7.259081243962e-06  ,7.676627794943e-01  ,7.335757291332e-01  
  7.269689380616e-06  ,6.517713799300e-01  ,6.191171682733e-01  
  7.279230594128e-06  ,4.857335030276e-01  ,4.575687113077e-01  
  7.284342437476e-06  ,3.778389435770e-01  ,3.531539759849e-01  
  7.286752327770e-06  ,3.234213680749e-01  ,3.006021467195e-01  
  7.288578278810e-06  ,2.809386656294e-01  ,2.596142044601e-01  
  7.290951288730e-06  ,2.243682604109e-01  ,2.050813013385e-01  
  7.295697308570e-06  ,1.078094179552e-01  ,9.285263604875e-02  
  7.299170024186e-06  ,2.085720377206e-02  ,9.247821238221e-03  
  7.302498571068e-06  ,-6.273147424991e-02  ,-7.102475938500e-02  
  7.304391391069e-06  ,-1.100179262997e-01  ,-1.163883880971e-01  
  7.306504003197e-06  ,-1.623283558950e-01  ,-1.665298431757e-01  
  7.310275487095e-06  ,-2.537891283982e-01  ,-2.540895941484e-01  
  7.316171131521e-06  ,-3.891663500225e-01  ,-3.834052642512e-01  
  7.320946208626e-06  ,-4.892567132355e-01  ,-4.786966148137e-01  
  7.326192162424e-06  ,-5.864703221434e-01  ,-5.708637031676e-01  
  7.329294956714e-06  ,-6.366403297612e-01  ,-6.182003508938e-01  
  7.332265503198e-06  ,-6.790142796395e-01  ,-6.579935830810e-01  
  7.333171866328e-06  ,-6.907823638128e-01  ,-6.690066355936e-01  
  7.334984592587e-06  ,-7.126293368731e-01  ,-6.893927024242e-01  
  7.338610045105e-06  ,-7.493283683449e-01  ,-7.233864112932e-01  
  7.345860950142e-06  ,-7.932461869834e-01  ,-7.629236630754e-01  
  7.352927825838e-06  ,-7.966182305087e-01  ,-7.635562163923e-01  
  7.360209278256e-06  ,-7.592034326614e-01  ,-7.250793578518e-01  
  7.370039574295e-06  ,-6.466284780535e-01  ,-6.140791913377e-01  
  7.378884903580e-06  ,-4.926081049267e-01  ,-4.642172479016e-01  
  7.383673391730e-06  ,-3.925757422090e-01  ,-3.673783362912e-01  
  7.386518023402e-06  ,-3.287985889673e-01  ,-3.057771268869e-01  
  7.387566878885e-06  ,-3.045931686528e-01  ,-2.824192314146e-01  
  7.389279208571e-06  ,-2.643775750583e-01  ,-2.436333625542e-01  
  7.392703867942e-06  ,-1.817703044401e-01  ,-1.640354576762e-01  
  7.399553186685e-06  ,-1.122927465138e-02  ,8.080313640401e-06  
  7.403530306607e-06  ,8.854449722323e-02  ,9.580158713010e-02  
  7.405982292682e-06  ,1.494678778193e-01  ,1.542192309739e-01  
  7.408189154655e-06  ,2.035529899776e-01  ,2.060210708622e-01  
  7.412602878600e-06  ,3.085339452741e-01  ,3.064343706516e-01  
  7.417775071651e-06  ,4.238777320764e-01  ,4.164709330910e-01  
  7.422181345016e-06  ,5.134426633945e-01  ,5.016471816337e-01  
  7.427308089525e-06  ,6.051812939595e-01  ,5.885230526920e-01  
  7.429946340114e-06  ,6.464199772719e-01  ,6.273880103365e-01  
  7.432491458446e-06  ,6.819999407635e-01  ,6.607788233310e-01  
  7.434780276805e-06  ,7.102812098762e-01  ,6.871965080396e-01  
  7.437197990209e-06  ,7.361657075306e-01  ,7.112347381697e-01  
  7.442033417016e-06  ,7.750749668532e-01  ,7.468713428603e-01  
  7.449072725564e-06  ,7.996605736162e-01  ,7.678641212011e-01  
  7.457250482827e-06  ,7.793359694382e-01  ,7.453896067478e-01  
  7.471272475511e-06  ,6.279036797813e-01  ,5.957830787486e-01  
  7.483793921262e-06  ,3.899335064474e-01  ,3.647796633053e-01  
  7.489567376167e-06  ,2.575313037262e-01  ,2.369561937237e-01  
  7.490858561784e-06  ,2.266042551032e-01  ,2.071551908262e-01  
  7.492138757795e-06  ,1.955722283120e-01  ,1.772670513040e-01  
  7.494699149817e-06  ,1.326099701301e-01  ,1.166624832367e-01  
  7.499819933861e-06  ,4.525531525989e-03  ,-6.481139678162e-03  
  7.504479526967e-06  ,-1.122115520863e-01  ,-1.185120916801e-01  
  7.506293184549e-06  ,-1.571366051189e-01  ,-1.615742595029e-01  
  7.508009612054e-06  ,-1.991858883204e-01  ,-2.018494737761e-01  
  7.511442467064e-06  ,-2.814267988306e-01  ,-2.805333017414e-01  
  7.516538664192e-06  ,-3.972107236294e-01  ,-3.910649941675e-01  
  7.520793690771e-06  ,-4.862183269563e-01  ,-4.757921342326e-01  
  7.525755777448e-06  ,-5.789560404464e-01  ,-5.637393909034e-01  
  7.528717383236e-06  ,-6.277457135080e-01  ,-6.098053314659e-01  
  7.531956895679e-06  ,-6.748812441606e-01  ,-6.541145323787e-01  
  7.532943911344e-06  ,-6.878749767840e-01  ,-6.662811676449e-01  
  7.534730560571e-06  ,-7.097054088015e-01  ,-6.866642157026e-01  
  7.538303859025e-06  ,-7.465985527698e-01  ,-7.208722142822e-01  
  7.545450455934e-06  ,-7.918425197272e-01  ,-7.617157490989e-01  
  7.552372045308e-06  ,-7.977797355270e-01  ,-7.648407699212e-01  
  7.559682554990e-06  ,-7.632727556115e-01  ,-7.291532109945e-01  
  7.569851107389e-06  ,-6.494060461212e-01  ,-6.168059786413e-01  
  7.578924424440e-06  ,-4.918250965086e-01  ,-4.634710746349e-01  
  7.583838082343e-06  ,-3.889640103664e-01  ,-3.638940245880e-01  
  7.586639128119e-06  ,-3.260214749575e-01  ,-3.031015615378e-01  
  7.588020652026e-06  ,-2.940169871286e-01  ,-2.722202822319e-01  
  7.589547275990e-06  ,-2.580095339751e-01  ,-2.374971352299e-01  
  7.592600523919e-06  ,-1.842987280247e-01  ,-1.664735750318e-01  
  7.598707019776e-06  ,-3.248720168927e-02  ,-2.042390966997e-02  
  7.602450936526e-06  ,6.153790414701e-02  ,6.988251596090e-02  
  7.604803457350e-06  ,1.202663771787e-01  ,1.262204581903e-01  
  7.607506155461e-06  ,1.869067167292e-01  ,1.900793607234e-01  
  7.611401318997e-06  ,2.804585025541e-01  ,2.795963592074e-01  
  7.617846071213e-06  ,4.253900253554e-01  ,4.179313270851e-01  
  7.622601031750e-06  ,5.214866448349e-01  ,5.093062922010e-01  
  7.627855926245e-06  ,6.140961959209e-01  ,5.969594477667e-01  
  7.630567937583e-06  ,6.555000795555e-01  ,6.359444919192e-01  
  7.631922825664e-06  ,6.744210651144e-01  ,6.536998706110e-01  
  7.633798509330e-06  ,6.985917084340e-01  ,6.763118107534e-01  
  7.636455013841e-06  ,7.286566246806e-01  ,7.042946813547e-01  
  7.641768022865e-06  ,7.733960475157e-01  ,7.453673379959e-01  
  7.648305907339e-06  ,7.988672565909e-01  ,7.673933637815e-01  
  7.656079843134e-06  ,7.854513150966e-01  ,7.516712770461e-01  
  7.667440488428e-06  ,6.828924342109e-01  ,6.495777832254e-01  
  7.677723779768e-06  ,5.152689600466e-01  ,4.861926813749e-01  
  7.683634325355e-06  ,3.934309451336e-01  ,3.682102647376e-01  
  7.689496442169e-06  ,2.592185300448e-01  ,2.386678908231e-01  
  7.690930306405e-06  ,2.248743903760e-01  ,2.055651425286e-01  
  7.692348338157e-06  ,1.904605181453e-01  ,1.724128388570e-01  
  7.695184401661e-06  ,1.205680370196e-01  ,1.051285643407e-01  
  7.699020705611e-06  ,2.460847001220e-02  ,1.285496683623e-02  
  7.702325038105e-06  ,-5.838263377678e-02  ,-6.684857488940e-02  
  7.704245052725e-06  ,-1.063738375999e-01  ,-1.128914931459e-01  
  7.706517852336e-06  ,-1.626691666220e-01  ,-1.668549813680e-01  
  7.709973431617e-06  ,-2.465784545062e-01  ,-2.471854843797e-01  
  7.715790844947e-06  ,-3.807882239039e-01  ,-3.754086892234e-01  
  7.721582926303e-06  ,-5.018189717836e-01  ,-4.906052451681e-01  
  7.727386928588e-06  ,-6.064753403992e-01  ,-5.897228258382e-01  
  7.730405531317e-06  ,-6.531516832293e-01  ,-6.336989469849e-01  
  7.732975609094e-06  ,-6.882813718299e-01  ,-6.666482134669e-01  
  7.734456784517e-06  ,-7.065036230388e-01  ,-6.836690825182e-01  
  7.736379034311e-06  ,-7.278662736765e-01  ,-7.035403071028e-01  
  7.740223533899e-06  ,-7.625625015196e-01  ,-7.355084883440e-01  
  7.747912533075e-06  ,-7.982803372269e-01  ,-7.669729699619e-01  
  7.755765445024e-06  ,-7.869130705672e-01  ,-7.531843602450e-01  
  7.765996582299e-06  ,-7.010867207958e-01  ,-6.674540563759e-01  
  7.775676376611e-06  ,-5.535383767617e-01  ,-5.233589738586e-01  
  7.785005993634e-06  ,-3.630581752817e-01  ,-3.388857497855e-01  
  7.789227492601e-06  ,-2.656039634803e-01  ,-2.448205514547e-01  
  7.790125194430e-06  ,-2.442192115441e-01  ,-2.242049132177e-01  
  7.791013396770e-06  ,-2.228695365444e-01  ,-2.036305157281e-01  
  7.792789801449e-06  ,-1.796663878903e-01  ,-1.620146919813e-01  
  7.796342610806e-06  ,-9.171809342764e-02  ,-7.737763244872e-02  
  7.799550458282e-06  ,-1.129784009138e-02  ,-6.956917883896e-05  
  7.803563340992e-06  ,8.936959302151e-02  ,9.658072044631e-02  
  7.805286474019e-06  ,1.322536427217e-01  ,1.377058172635e-01  
  7.806919455022e-06  ,1.725384725138e-01  ,1.763080778123e-01  
  7.810185417026e-06  ,2.516413359639e-01  ,2.520316876855e-01  
  7.815758451313e-06  ,3.800720280478e-01  ,3.747263143713e-01  
  7.821321799845e-06  ,4.966910238041e-01  ,4.857342230520e-01  
  7.827035650104e-06  ,6.006810046272e-01  ,5.842509960865e-01  
  7.830071016639e-06  ,6.482610881341e-01  ,6.291000156795e-01  
  7.833051621407e-06  ,6.892531397605e-01  ,6.675517430325e-01  
  7.835285305470e-06  ,7.160318861147e-01  ,6.925372218538e-01  
  7.837774171919e-06  ,7.417131301249e-01  ,7.163506231693e-01  
  7.842751904815e-06  ,7.793495180172e-01  ,7.507048821194e-01  
  7.850451334804e-06  ,7.999195825846e-01  ,7.675983322634e-01  
  7.858523293823e-06  ,7.714912469496e-01  ,7.374210402291e-01  
  7.869441374630e-06  ,6.553658854453e-01  ,6.226175698111e-01  
  7.879207595676e-06  ,4.861926514130e-01  ,4.580028697032e-01  
  7.884446843952e-06  ,3.755240019466e-01  ,3.509083084238e-01  
  7.886903672904e-06  ,3.199387051924e-01  ,2.972333300875e-01  
  7.888705409557e-06  ,2.779447859689e-01  ,2.567202780154e-01  
  7.891086242586e-06  ,2.211106195020e-01  ,2.019370272590e-01  
  7.895847908646e-06  ,1.040577591809e-01  ,8.924007813463e-02  
  7.899372405797e-06  ,1.577214077491e-02  ,4.359126393684e-03  
  7.902897648007e-06  ,-7.272529604010e-02  ,-8.061816152783e-02  
  7.904861993581e-06  ,-1.217206296653e-01  ,-1.276131577469e-01  
  7.906729109079e-06  ,-1.678640865760e-01  ,-1.718355169588e-01  
  7.910463340074e-06  ,-2.582620734855e-01  ,-2.583692224126e-01  
  7.916330672294e-06  ,-3.926647354238e-01  ,-3.867408855993e-01  
  7.921049870044e-06  ,-4.913153980503e-01  ,-4.806521227626e-01  
  7.926233984023e-06  ,-5.871846986581e-01  ,-5.715378167563e-01  
  7.929324857384e-06  ,-6.370951178034e-01  ,-6.186274136060e-01  
  7.932243994862e-06  ,-6.787282932564e-01  ,-6.577248911510e-01  
  7.933179601520e-06  ,-6.908803994947e-01  ,-6.690974909066e-01  
  7.935050814837e-06  ,-7.133841094218e-01  ,-6.900947573345e-01  
  7.938793241471e-06  ,-7.509285280249e-01  ,-7.248577568626e-01  
  7.946278094739e-06  ,-7.945374490019e-01  ,-7.639954694579e-01  
  7.953288346022e-06  ,-7.957349072168e-01  ,-7.625439988885e-01  
  7.960508703679e-06  ,-7.567974027055e-01  ,-7.226632742307e-01  
  7.970152735204e-06  ,-6.449498490830e-01  ,-6.124486597363e-01  
  7.978863954037e-06  ,-4.930228605927e-01  ,-4.646298180180e-01  
  7.983580916613e-06  ,-3.945991580080e-01  ,-3.693435126425e-01  
  7.986453860492e-06  ,-3.302680151362e-01  ,-3.072030428424e-01  
  7.987497500569e-06  ,-3.062047808077e-01  ,-2.839810738923e-01  
  7.989200703293e-06  ,-2.662389675513e-01  ,-2.454340392583e-01  
  7.992607108742e-06  ,-1.841376808516e-01  ,-1.663196596033e-01  
  7.999419919640e-06  ,-1.457820263580e-02  ,-3.211961076995e-03  
  8.003383628517e-06  ,8.487979691978e-02  ,9.228508750909e-02  
  8.005499593407e-06  ,1.375332135785e-01  ,1.427786437043e-01  
  8.007500819355e-06  ,1.867763146901e-01  ,1.899565795066e-01  
  8.011503271252e-06  ,2.828567815550e-01  ,2.818907774785e-01  
  8.017163477331e-06  ,4.107642199008e-01  ,4.039928586051e-01  
  8.021623394877e-06  ,5.026106715907e-01  ,4.913794088619e-01  
  8.026736728340e-06  ,5.956926525449e-01  ,5.795749609973e-01  
  8.029391742736e-06  ,6.381104055908e-01  ,6.195792762788e-01  
  8.032113067299e-06  ,6.769807301487e-01  ,6.560847415830e-01  
  8.033941253513e-06  ,7.003328603554e-01  ,6.779256047226e-01  
  8.036319478840e-06  ,7.272438687858e-01  ,7.029744786215e-01  
  8.041028990835e-06  ,7.684379081479e-01  ,7.408738892780e-01  
  8.048049672931e-06  ,7.984987992904e-01  ,7.671361502507e-01  
  8.055820628494e-06  ,7.866620525522e-01  ,7.529256127757e-01  
  8.066360219806e-06  ,6.966390815344e-01  ,6.630809802620e-01  
  8.076254590839e-06  ,5.429558643741e-01  ,5.130763556719e-01  
  8.085618480533e-06  ,3.492748108316e-01  ,3.255699405809e-01  
  8.089022278279e-06  ,2.704634573423e-01  ,2.495094765751e-01  
  8.089894182473e-06  ,2.497415448975e-01  ,2.295311086738e-01  
  8.090919009835e-06  ,2.251468427357e-01  ,2.058278783665e-01  
  8.092968664557e-06  ,1.752830873701e-01  ,1.577959614583e-01  
  8.097067974001e-06  ,7.358568912374e-02  ,5.994091425711e-02  
  8.100503064185e-06  ,-1.264285566886e-02  ,-2.292750346630e-02  
  8.104817695409e-06  ,-1.206201398839e-01  ,-1.265450987558e-01  
  8.107550568372e-06  ,-1.879918610332e-01  ,-1.911101228545e-01  
  8.110409356147e-06  ,-2.569775827722e-01  ,-2.571355644578e-01  
  8.116126931697e-06  ,-3.881954099261e-01  ,-3.824615216035e-01  
  8.120705313474e-06  ,-4.844526048780e-01  ,-4.741126738803e-01  
  8.125792569906e-06  ,-5.795938041807e-01  ,-5.643451164172e-01  
  8.128824211150e-06  ,-6.294065267034e-01  ,-6.113732101365e-01  
  8.132086820394e-06  ,-6.766290189531e-01  ,-6.557472403116e-01  
  8.133063405246e-06  ,-6.894034367063e-01  ,-6.677071180695e-01  
  8.134889542550e-06  ,-7.115406078212e-01  ,-6.883703870998e-01  
  8.138541817158e-06  ,-7.487260737028e-01  ,-7.228260383090e-01  
  8.145846366376e-06  ,-7.931985772614e-01  ,-7.628808599392e-01  
  8.152858852834e-06  ,-7.967755816723e-01  ,-7.637312360254e-01  
  8.160099327058e-06  ,-7.600700919873e-01  ,-7.259469932687e-01  
  8.169995188206e-06  ,-6.472846710693e-01  ,-6.147204666693e-01  
  8.178874790162e-06  ,-4.928083553998e-01  ,-4.644109345343e-01  
  8.183687120169e-06  ,-3.922750721296e-01  ,-3.670869962065e-01  
  8.186567887157e-06  ,-3.276557118623e-01  ,-3.046732137706e-01  
  8.187624938279e-06  ,-3.032433750679e-01  ,-2.811162074487e-01  
  8.189324788243e-06  ,-2.632961236458e-01  ,-2.425900035643e-01  
  8.192724488169e-06  ,-1.812655780915e-01  ,-1.635489762364e-01  
  8.199523888022e-06  ,-1.196555296543e-02  ,-6.993538569677e-04  
  8.203480891377e-06  ,8.731008126324e-02  ,9.461691728208e-02  
  8.205647147685e-06  ,1.411849532325e-01  ,1.462793187902e-01  
  8.207733310252e-06  ,1.924529343965e-01  ,1.953924340435e-01  
  8.211905635387e-06  ,2.922932548505e-01  ,2.909105727587e-01  
  8.217360205442e-06  ,4.149991468953e-01  ,4.080118966162e-01  
  8.222921318799e-06  ,5.275645521916e-01  ,5.150565114112e-01  
  8.228281266481e-06  ,6.208924200000e-01  ,6.033329427473e-01  
  8.231005198747e-06  ,6.617378917123e-01  ,6.417707936521e-01  
  8.232282041997e-06  ,6.792339775437e-01  ,6.581827929534e-01  
  8.234068132430e-06  ,7.018686706744e-01  ,6.793493382056e-01  
  8.237079657108e-06  ,7.349964913992e-01  ,7.101519414776e-01  
  8.243102706462e-06  ,7.812924364874e-01  ,7.524509050015e-01  
  8.249743408948e-06  ,7.999740079581e-01  ,7.679151280046e-01  
  8.257408566266e-06  ,7.784291791914e-01  ,7.444633017505e-01  
  8.269918091089e-06  ,6.484214634367e-01  ,6.158278273043e-01  
  8.280426389962e-06  ,4.615165652824e-01  ,4.340843730327e-01  
  8.285436160356e-06  ,3.533914811277e-01  ,3.295149389620e-01  
  8.286946579307e-06  ,3.189500496046e-01  ,2.962681946401e-01  
  8.288853555411e-06  ,2.744504184813e-01  ,2.533417177948e-01  
  8.291907920927e-06  ,2.011925688773e-01  ,1.827382916526e-01  
  8.298016651958e-06  ,4.981472524440e-02  ,3.706195109306e-02  
  8.301990791649e-06  ,-5.000143908901e-02  ,-5.882737990616e-02  
  8.304867833346e-06  ,-1.218656881283e-01  ,-1.277701277421e-01  
  8.308486952871e-06  ,-2.107821341143e-01  ,-2.129564297889e-01  
  8.311839341611e-06  ,-2.907416687496e-01  ,-2.894367010868e-01  
  8.318544119090e-06  ,-4.401446035504e-01  ,-4.319851013280e-01  
  8.323506205767e-06  ,-5.385253593175e-01  ,-5.254713858640e-01  
  8.328854977578e-06  ,-6.298835266836e-01  ,-6.118488448416e-01  
  8.331636651844e-06  ,-6.705253050807e-01  ,-6.500559333413e-01  
  8.332834146410e-06  ,-6.864624184940e-01  ,-6.649873882553e-01  
  8.334576837212e-06  ,-7.079140765142e-01  ,-6.850208831340e-01  
  8.338062218815e-06  ,-7.443954145630e-01  ,-7.188616022694e-01  
  8.345032982022e-06  ,-7.902799212927e-01  ,-7.603959167053e-01  
  8.351904652506e-06  ,-7.985682682403e-01  ,-7.657830362539e-01  
  8.359285197645e-06  ,-7.662043876054e-01  ,-7.320967881150e-01  
  8.369742832571e-06  ,-6.509914772023e-01  ,-6.183414569846e-01  
  8.379008374602e-06  ,-4.901593167387e-01  ,-4.618519597383e-01  
  8.384020380169e-06  ,-3.849540076951e-01  ,-3.600198779176e-01  
  8.386690668255e-06  ,-3.248381479022e-01  ,-3.019609388952e-01  
  8.388414732605e-06  ,-2.847835177602e-01  ,-2.633150321170e-01  
  8.390724412590e-06  ,-2.298356872520e-01  ,-2.103437983923e-01  
  8.395343772560e-06  ,-1.166068647575e-01  ,-1.013130067569e-01  
  8.398984126240e-06  ,-2.552735836509e-02  ,-1.373241235131e-02  
  8.402238167316e-06  ,5.620493969377e-02  ,6.476307050668e-02  
  8.404127262026e-06  ,1.034389999329e-01  ,1.100806336791e-01  
  8.406447372824e-06  ,1.609344312154e-01  ,1.651985714984e-01  
  8.409699551255e-06  ,2.400211663896e-01  ,2.409159326302e-01  
  8.415431282908e-06  ,3.728166738284e-01  ,3.678065992887e-01  
  8.421160034329e-06  ,4.934975161171e-01  ,4.827016314485e-01  
  8.427045247942e-06  ,6.008402962001e-01  ,5.844028252316e-01  
  8.430177844554e-06  ,6.498307162424e-01  ,6.305778109505e-01  
  8.433258659631e-06  ,6.918800400193e-01  ,6.700099411028e-01  
  8.435542635113e-06  ,7.188928272387e-01  ,6.952028580961e-01  
  8.438063539058e-06  ,7.444075684553e-01  ,7.188410247275e-01  
  8.443105346948e-06  ,7.813067013167e-01  ,7.524567238903e-01  
  8.450983590871e-06  ,7.996180960428e-01  ,7.671136775365e-01  
  8.459051079541e-06  ,7.678757994509e-01  ,7.337904755412e-01  
  8.469675607473e-06  ,6.519720423474e-01  ,6.193135338090e-01  
  8.479227251798e-06  ,4.858002461251e-01  ,4.576334000929e-01  
  8.484345800668e-06  ,3.777644367832e-01  ,3.530819134947e-01  
  8.486760161310e-06  ,3.232412861182e-01  ,3.004282571582e-01  
  8.488583504647e-06  ,2.808156871879e-01  ,2.594955249226e-01  
  8.490956514567e-06  ,2.242421890073e-01  ,2.049597597408e-01  
  8.495702534407e-06  ,1.076792749647e-01  ,9.272739831179e-02  
  8.499176367611e-06  ,2.069782990976e-02  ,9.094651507320e-03  
  8.502511247486e-06  ,-6.304908140133e-02  ,-7.132962020727e-02  
  8.504406302661e-06  ,-1.103891225862e-01  ,-1.167444205555e-01  
  8.506511091679e-06  ,-1.625027987983e-01  ,-1.666970136585e-01  
  8.510310887784e-06  ,-2.546327306448e-01  ,-2.548965878545e-01  
  8.516220688313e-06  ,-3.902540745443e-01  ,-3.844426157612e-01  
  8.520986079663e-06  ,-4.900491553929e-01  ,-4.794497522329e-01  
  8.526229798287e-06  ,-5.871132455455e-01  ,-5.714715715481e-01  
  8.529334827751e-06  ,-6.372466417407e-01  ,-6.187712931783e-01  
  8.532272219151e-06  ,-6.791035150513e-01  ,-6.580773438111e-01  
  8.533207080752e-06  ,-6.912283407834e-01  ,-6.694237167289e-01  
  8.535076803952e-06  ,-7.136794786260e-01  ,-6.903705028934e-01  
  8.538816250354e-06  ,-7.511277459164e-01  ,-7.250414544408e-01  
  8.546295143157e-06  ,-7.945873211201e-01  ,-7.640372195183e-01  
  8.553332216531e-06  ,-7.956204497415e-01  ,-7.624183370966e-01  
  8.560551084071e-06  ,-7.564514405782e-01  ,-7.223173776175e-01  
  8.570177234203e-06  ,-6.445853568120e-01  ,-6.120924625689e-01  
  8.578875041991e-06  ,-4.928033696578e-01  ,-4.644171705876e-01  
  8.583583063871e-06  ,-3.945522123213e-01  ,-3.692983397334e-01  
  8.586430675775e-06  ,-3.307986499233e-01  ,-3.077155311291e-01  
  8.587469286710e-06  ,-3.068597543516e-01  ,-2.846132998488e-01  
  8.589179567486e-06  ,-2.667398300265e-01  ,-2.459172220894e-01  
  8.592600129038e-06  ,-1.843083855024e-01  ,-1.664842004715e-01  
  8.599441252142e-06  ,-1.404214416626e-02  ,-2.696833821584e-03  
  8.603415391833e-06  ,8.567354770348e-02  ,9.304685015022e-02  
  8.605557061225e-06  ,1.389558086841e-01  ,1.441425969639e-01  
  8.607597402722e-06  ,1.891357720520e-01  ,1.922163768411e-01  
  8.611678085715e-06  ,2.869622712742e-01  ,2.858154421400e-01  
  8.617241434246e-06  ,4.124442687962e-01  ,4.055784096559e-01  
  8.622821174055e-06  ,5.256698723223e-01  ,5.132603398335e-01  
  8.628237746149e-06  ,6.202021090464e-01  ,6.026828049028e-01  
  8.631010852247e-06  ,6.618177273642e-01  ,6.418465478062e-01  
  8.632292538375e-06  ,6.793733140943e-01  ,6.583142695383e-01  
  8.634101539344e-06  ,7.022711921978e-01  ,6.797260354302e-01  
  8.637080653995e-06  ,7.350063838153e-01  ,7.101619398638e-01  
  8.643038883299e-06  ,7.809460061426e-01  ,7.521421041198e-01  
  8.649734720081e-06  ,7.999722178421e-01  ,7.679169727779e-01  
  8.657410308212e-06  ,7.784190801416e-01  ,7.444532184409e-01  
  8.669904931873e-06  ,6.486151154164e-01  ,6.160171964008e-01  
  8.680410250515e-06  ,4.618478305798e-01  ,4.344053258635e-01  
  8.685419275850e-06  ,3.537721377215e-01  ,3.298827543034e-01  
  8.686928577214e-06  ,3.193649271134e-01  ,2.966687843106e-01  
  8.688844494015e-06  ,2.746643242231e-01  ,2.535481731313e-01  
  8.691883213311e-06  ,2.017935201527e-01  ,1.833173113957e-01  
  8.697960651904e-06  ,5.121935107970e-02  ,3.841252502848e-02  
  8.701932556421e-06  ,-4.854060688335e-02  ,-5.742496169623e-02  
  8.704894907266e-06  ,-1.225381445958e-01  ,-1.284149575162e-01  
  8.708596355706e-06  ,-2.134333215583e-01  ,-2.154947196157e-01  
  8.711929745466e-06  ,-2.928572300306e-01  ,-2.914589082008e-01  
  8.718596524984e-06  ,-4.412438482262e-01  ,-4.330310959508e-01  
  8.723577238113e-06  ,-5.398442002869e-01  ,-5.267213398297e-01  
  8.728941656142e-06  ,-6.312242177692e-01  ,-6.131118663272e-01  
  8.731738976628e-06  ,-6.719245207136e-01  ,-6.513683199145e-01  
  8.732933304697e-06  ,-6.877388372387e-01  ,-6.661816193102e-01  
  8.734673760325e-06  ,-7.090454436199e-01  ,-6.860749591694e-01  
  8.738154671580e-06  ,-7.452434200113e-01  ,-7.196430513980e-01  
  8.745116494089e-06  ,-7.906033911531e-01  ,-7.606605768752e-01  
  8.752080551773e-06  ,-7.982917077598e-01  ,-7.654448123895e-01  
  8.759446195751e-06  ,-7.650309348294e-01  ,-7.309233130250e-01  
  8.769787601620e-06  ,-6.503368516510e-01  ,-6.177176356358e-01  
  8.778981618077e-06  ,-4.906906033755e-01  ,-4.623704316369e-01  
  8.783955625683e-06  ,-3.863798639371e-01  ,-3.613940094116e-01  
  8.786665029317e-06  ,-3.254269074140e-01  ,-3.025257377199e-01  
  8.788388348609e-06  ,-2.854030847056e-01  ,-2.639094423515e-01  
  8.790682009846e-06  ,-2.308562528441e-01  ,-2.113245430261e-01  
  8.795269332320e-06  ,-1.184574507910e-01  ,-1.030916503184e-01  
  8.798944331199e-06  ,-2.652698731598e-02  ,-1.469144010424e-02  
  8.802189431578e-06  ,5.498303826438e-02  ,6.359153216113e-02  
  8.804080388933e-06  ,1.022707278141e-01  ,1.089612287272e-01  
  8.806445203215e-06  ,1.608810173526e-01  ,1.651461141511e-01  
  8.809615797788e-06  ,2.380123570365e-01  ,2.389937872696e-01  
  8.815320707351e-06  ,3.703555839099e-01  ,3.654585597043e-01  
  8.820995814592e-06  ,4.902425216579e-01  ,4.796087545001e-01  
  8.826917536050e-06  ,5.987162447761e-01  ,5.823966619211e-01  
  8.830090738326e-06  ,6.485514099880e-01  ,6.293749740332e-01  
  8.833220354706e-06  ,6.913962307290e-01  ,6.695576397576e-01  
  8.835398531944e-06  ,7.172964925325e-01  ,6.937180869273e-01  
  8.837916083127e-06  ,7.430422075977e-01  ,7.175812973931e-01  
  8.842951185495e-06  ,7.804648642349e-01  ,7.517118146684e-01  
  8.850914366037e-06  ,7.996699573654e-01  ,7.671928181548e-01  
  8.858908839017e-06  ,7.688710007603e-01  ,7.347777581104e-01  
  8.869618303567e-06  ,6.528055983068e-01  ,6.201131318198e-01  
  8.879213161260e-06  ,4.860815616064e-01  ,4.578959601427e-01  
  8.884359277278e-06  ,3.774658391263e-01  ,3.527862177672e-01  
  8.886792636901e-06  ,3.224945097714e-01  ,2.997015704972e-01  
  8.888605549425e-06  ,2.802968291629e-01  ,2.589900459500e-01  
  8.890979304403e-06  ,2.236923219776e-01  ,2.044258131980e-01  
  8.895726814359e-06  ,1.070745748795e-01  ,9.214300945480e-02  
  8.899208470672e-06  ,1.989125166197e-02  ,8.317672645194e-03  
  8.902576133102e-06  ,-6.467463030716e-02  ,-7.289124276660e-02  
  8.904482736677e-06  ,-1.122914228439e-01  ,-1.185701027519e-01  
  8.906548037618e-06  ,-1.634118834733e-01  ,-1.675690958962e-01  
  8.910490884870e-06  ,-2.589171869484e-01  ,-2.589955668684e-01  
  8.916478171438e-06  ,-3.958903002574e-01  ,-3.898177309477e-01  
  8.921210780233e-06  ,-4.945006966008e-01  ,-4.836804013248e-01  
  8.926449283451e-06  ,-5.908462726416e-01  ,-5.750009001125e-01  
  8.929209723562e-06  ,-6.353408551444e-01  ,-6.169765070576e-01  
  8.932131468743e-06  ,-6.772270369043e-01  ,-6.563256904833e-01  
  8.933114945382e-06  ,-6.900596946753e-01  ,-6.683356251863e-01  
  8.935010745615e-06  ,-7.129277864730e-01  ,-6.896749315841e-01  
  8.938802346081e-06  ,-7.510074054139e-01  ,-7.249371125909e-01  
  8.946385547012e-06  ,-7.948479721633e-01  ,-7.642573961530e-01  
  8.953327252954e-06  ,-7.956334754627e-01  ,-7.624343835650e-01  
  8.960518553346e-06  ,-7.567171169586e-01  ,-7.225753981688e-01  
  8.970155134290e-06  ,-6.449141727143e-01  ,-6.123988775394e-01  
  8.978854432195e-06  ,-4.932113019057e-01  ,-4.648028553533e-01  
  8.983566924423e-06  ,-3.949050265842e-01  ,-3.696325871468e-01  
  8.986458867282e-06  ,-3.301534003821e-01  ,-3.070872477879e-01  
  8.987504742533e-06  ,-3.060366226564e-01  ,-2.838141295468e-01  
  8.989202543586e-06  ,-2.661953519284e-01  ,-2.453879624391e-01  
  8.992598145694e-06  ,-1.843568911211e-01  ,-1.665278598846e-01  
  8.999389349908e-06  ,-1.534636938850e-02  ,-3.948601144157e-03  
  9.003344863147e-06  ,8.391095351165e-02  ,9.135627900705e-02  
  9.005433260888e-06  ,1.358906189526e-01  ,1.412045444952e-01  
  9.007465779275e-06  ,1.859198862307e-01  ,1.891367772241e-01  
  9.011530816048e-06  ,2.835042360960e-01  ,2.825101163115e-01  
  9.017205178231e-06  ,4.116632227904e-01  ,4.048500689945e-01  
  9.021671056241e-06  ,5.035420443731e-01  ,4.922644484742e-01  
  9.026795565575e-06  ,5.966786840277e-01  ,5.805070273863e-01  
  9.029449089855e-06  ,6.389786642813e-01  ,6.203971132538e-01  
  9.032141729683e-06  ,6.773642832091e-01  ,6.564446494574e-01  
  9.034014805645e-06  ,7.012245318373e-01  ,6.787582776125e-01  
  9.036390050739e-06  ,7.279811254578e-01  ,7.036586848688e-01  
  9.041140540928e-06  ,7.692129037506e-01  ,7.415778540707e-01  
  9.048116519541e-06  ,7.985999122472e-01  ,7.672082276255e-01  
  9.055945589632e-06  ,7.860848929258e-01  ,7.523274236537e-01  
  9.066713168710e-06  ,6.922352219954e-01  ,6.587519832039e-01  
  9.076805725187e-06  ,5.327021521231e-01  ,5.031164487575e-01  
  9.083442702383e-06  ,3.976171614144e-01  ,3.722574501358e-01  
  9.087428763002e-06  ,3.078000742293e-01  ,2.855121874329e-01  
  9.088645442814e-06  ,2.793575347994e-01  ,2.580758216011e-01  
  9.089844613761e-06  ,2.509247792286e-01  ,2.306626090716e-01  
  9.092242955655e-06  ,1.930318660027e-01  ,1.748816601696e-01  
  9.097039639443e-06  ,7.429476604996e-02  ,6.061637066827e-02  
  9.100858807057e-06  ,-2.158155699164e-02  ,-3.152143464115e-02  
  9.105345546693e-06  ,-1.337176441537e-01  ,-1.391094019073e-01  
  9.108409970492e-06  ,-2.089151057199e-01  ,-2.111526435434e-01  
  9.111702754587e-06  ,-2.875409217841e-01  ,-2.863653108448e-01  
  9.118288322777e-06  ,-4.347620561359e-01  ,-4.268531346871e-01  
  9.123184099287e-06  ,-5.325113281335e-01  ,-5.197631285951e-01  
  9.128544792026e-06  ,-6.250475721594e-01  ,-6.072875820576e-01  
  9.131301134318e-06  ,-6.658888198832e-01  ,-6.457022691082e-01  
  9.132529548794e-06  ,-6.824998670043e-01  ,-6.612710713532e-01  
  9.134293101221e-06  ,-7.045643820994e-01  ,-6.818879404577e-01  
  9.137508026749e-06  ,-7.391808028461e-01  ,-7.140391725372e-01  
  9.143937877804e-06  ,-7.855357455690e-01  ,-7.562273616021e-01  
  9.150697789580e-06  ,-7.998077832173e-01  ,-7.674072787099e-01  
  9.158245227724e-06  ,-7.733108123649e-01  ,-7.392651837232e-01  
  9.169692299753e-06  ,-6.517288350262e-01  ,-6.190614830297e-01  
  9.179576239973e-06  ,-4.788025125601e-01  ,-4.508385631315e-01  
  9.184878073126e-06  ,-3.659200903789e-01  ,-3.416250995150e-01  
  9.186353846878e-06  ,-3.325557974574e-01  ,-3.094095307333e-01  
  9.188703014940e-06  ,-2.780012193781e-01  ,-2.567736405905e-01  
  9.191038771957e-06  ,-2.222569655671e-01  ,-2.030383439746e-01  
  9.195710285991e-06  ,-1.074862260395e-01  ,-9.253472087357e-02  
  9.199227332562e-06  ,-1.941734375807e-02  ,-7.858749046819e-03  
  9.202622562140e-06  ,6.583763066193e-02  ,7.401023638777e-02  
  9.204541459173e-06  ,1.137524771356e-01  ,1.199737020178e-01  
  9.206582918257e-06  ,1.642699477378e-01  ,1.683932262504e-01  
  9.210633798927e-06  ,2.623130691351e-01  ,2.622449781772e-01  
  9.217283442110e-06  ,4.133485548961e-01  ,4.064442295208e-01  
  9.222149416298e-06  ,5.128270261849e-01  ,5.010740760496e-01  
  9.227443798870e-06  ,6.074064868927e-01  ,5.906366738838e-01  
  9.230167358607e-06  ,6.496769693509e-01  ,6.304627063429e-01  
  9.232790335506e-06  ,6.858963384319e-01  ,6.644358635600e-01  
  9.235291495413e-06  ,7.161012547400e-01  ,6.926229940219e-01  
  9.237751304597e-06  ,7.414975850490e-01  ,7.161689538939e-01  
  9.242670922965e-06  ,7.788875425852e-01  ,7.503022615157e-01  
  9.249969511718e-06  ,7.999996330342e-01  ,7.678584154996e-01  
  9.258226245135e-06  ,7.734328773963e-01  ,7.393881800152e-01  
  9.269259064883e-06  ,6.579828549243e-01  ,6.251794527413e-01  
  9.279165356845e-06  ,4.870352595245e-01  ,4.588195121514e-01  
  9.284477620810e-06  ,3.748408331673e-01  ,3.502474369083e-01  
  9.286995917052e-06  ,3.178124859041e-01  ,2.951804361170e-01  
  9.288776047021e-06  ,2.762793819780e-01  ,2.551133307672e-01  
  9.291155389935e-06  ,2.194399332855e-01  ,2.003265680362e-01  
  9.295914075762e-06  ,1.024087021871e-01  ,8.765334241780e-02  
  9.299453101546e-06  ,1.374438109176e-02  ,2.405358947763e-03  
  9.303062907845e-06  ,-7.686053244650e-02  ,-8.458764916070e-02  
  9.304823293775e-06  ,-1.207592318104e-01  ,-1.266924576275e-01  
  9.306685938925e-06  ,-1.668031022791e-01  ,-1.708196591828e-01  
  9.310411229223e-06  ,-2.570221630420e-01  ,-2.571837379492e-01  
  9.316267385572e-06  ,-3.912781694617e-01  ,-3.854191098483e-01  
  9.321000739425e-06  ,-4.903403268631e-01  ,-4.797258495385e-01  
  9.326192303985e-06  ,-5.864727419292e-01  ,-5.708649851016e-01  
  9.329281314701e-06  ,-6.364326486227e-01  ,-6.180038271653e-01  
  9.332238450140e-06  ,-6.786545174082e-01  ,-6.576557860024e-01  
  9.333142671227e-06  ,-6.904119781948e-01  ,-6.686595645553e-01  
  9.334951113403e-06  ,-7.122465815780e-01  ,-6.890356542296e-01  
  9.338567997754e-06  ,-7.489575945663e-01  ,-7.230447628813e-01  
  9.345801766455e-06  ,-7.930519445474e-01  ,-7.627589246871e-01  
  9.352846290410e-06  ,-7.968038381659e-01  ,-7.637638599770e-01  
  9.360135938466e-06  ,-7.597825194909e-01  ,-7.256592601991e-01  
  9.370006467640e-06  ,-6.471180379226e-01  ,-6.145576542627e-01  
  9.378881599247e-06  ,-4.926735377473e-01  ,-4.642802913771e-01  
  9.383688713849e-06  ,-3.922401638254e-01  ,-3.670533497891e-01  
  9.386556814849e-06  ,-3.279095586659e-01  ,-3.049183579490e-01  
  9.387611444533e-06  ,-3.035571745316e-01  ,-2.814190817074e-01  
  9.389315206051e-06  ,-2.635235215297e-01  ,-2.428093628961e-01  
  9.392722729087e-06  ,-1.813086385459e-01  ,-1.635905083504e-01  
  9.399537775159e-06  ,-1.161656905502e-02  ,-3.640129538783e-04  
  9.403500738978e-06  ,8.780590924113e-02  ,9.509270893632e-02  
  9.405682641506e-06  ,1.420629205771e-01  ,1.471210161186e-01  
  9.407790783286e-06  ,1.938546551316e-01  ,1.967347842193e-01  
  9.412007066846e-06  ,2.946647717548e-01  ,2.931811075532e-01  
  9.417323801160e-06  ,4.142166696035e-01  ,4.072683477639e-01  
  9.421658548951e-06  ,5.032977428059e-01  ,4.920159746599e-01  
  9.426717493176e-06  ,5.953698559210e-01  ,5.792563572514e-01  
  9.429349038243e-06  ,6.374624966182e-01  ,6.189578183462e-01  
  9.432066264987e-06  ,6.763532531750e-01  ,6.554875746054e-01  
  9.433875265956e-06  ,6.995297117197e-01  ,6.771679423598e-01  
  9.436246040702e-06  ,7.264728734403e-01  ,7.022527056690e-01  
  9.440877321601e-06  ,7.673690473137e-01  ,7.398980466680e-01  
  9.447898748755e-06  ,7.982575593734e-01  ,7.669585998832e-01  
  9.455635431647e-06  ,7.874951226351e-01  ,7.537897566957e-01  
  9.465803984046e-06  ,7.034053569128e-01  ,6.697375823214e-01  
  9.475430134177e-06  ,5.579898672884e-01  ,5.276869168217e-01  
  9.484791043639e-06  ,3.678637915891e-01  ,3.435295754183e-01  
  9.489188376307e-06  ,2.665310986416e-01  ,2.457142869476e-01  
  9.490136462688e-06  ,2.439495128173e-01  ,2.239446972954e-01  
  9.491075049579e-06  ,2.213809586097e-01  ,2.021959412864e-01  
  9.492952223361e-06  ,1.756862358780e-01  ,1.581816786848e-01  
  9.496706570923e-06  ,8.262529581823e-02  ,6.863231181213e-02  
  9.499991159379e-06  ,2.221890250531e-04  ,-1.057067109287e-02  
  9.504601578653e-06  ,-1.152478881972e-01  ,-1.214050970170e-01  
  9.507109071553e-06  ,-1.771888118757e-01  ,-1.807732068558e-01  
  9.509666483343e-06  ,-2.392282372004e-01  ,-2.401639506063e-01  
  9.514781306922e-06  ,-3.582865769385e-01  ,-3.539353224325e-01  
  9.520150940359e-06  ,-4.732919459406e-01  ,-4.634917299185e-01  
  9.525075029075e-06  ,-5.670172338443e-01  ,-5.524326378857e-01  
  9.528245623648e-06  ,-6.203271463583e-01  ,-6.028044419221e-01  
  9.530956144869e-06  ,-6.610443035292e-01  ,-6.411241626898e-01  
  9.532038714230e-06  ,-6.759831973305e-01  ,-6.551399587839e-01  
  9.533660333097e-06  ,-6.968928930559e-01  ,-6.747052469318e-01  
  9.536787714303e-06  ,-7.320684768307e-01  ,-7.074418493972e-01  
  9.543042476714e-06  ,-7.809655945200e-01  ,-7.521608201796e-01  
  9.549280102789e-06  ,-7.997954110344e-01  ,-7.679160298297e-01  
  9.556872244418e-06  ,-7.814275441814e-01  ,-7.475276086752e-01  
  9.570973213255e-06  ,-6.325364099598e-01  ,-6.002925473227e-01  
  9.583427603781e-06  ,-3.979463966524e-01  ,-3.725205500290e-01  
  9.589183922350e-06  ,-2.666366409232e-01  ,-2.457338999479e-01  
  9.590466726065e-06  ,-2.360314279616e-01  ,-2.162392283120e-01  
  9.591738353908e-06  ,-2.053144069017e-01  ,-1.866504639718e-01  
  9.594281609595e-06  ,-1.429470189272e-01  ,-1.266099599987e-01  
  9.599368120968e-06  ,-1.587980919713e-02  ,-4.425421822367e-03  
  9.602990220726e-06  ,7.504195791115e-02  ,8.287048191552e-02  
  9.605155731976e-06  ,1.290118428051e-01  ,1.346287342292e-01  
  9.607115234673e-06  ,1.773398575906e-01  ,1.809333940966e-01  
  9.611034240067e-06  ,2.717998511411e-01  ,2.713300778730e-01  
  9.617094542325e-06  ,4.092765491752e-01  ,4.025684052510e-01  
  9.621731038630e-06  ,5.047125833370e-01  ,4.933687391375e-01  
  9.626886840403e-06  ,5.982042895405e-01  ,5.819430190144e-01  
  9.629557128489e-06  ,6.406087766553e-01  ,6.219273710561e-01  
  9.632219593465e-06  ,6.784034639762e-01  ,6.574152405337e-01  
  9.634171645582e-06  ,7.031133902098e-01  ,6.805182183134e-01  
  9.636549125850e-06  ,7.296298360795e-01  ,7.051853521674e-01  
  9.641304086387e-06  ,7.703320571048e-01  ,7.425915339111e-01  
  9.648293476045e-06  ,7.988505753950e-01  ,7.673819411853e-01  
  9.656203012407e-06  ,7.848577568018e-01  ,7.510582987713e-01  
  9.667496602476e-06  ,6.821567432802e-01  ,6.488549235441e-01  
  9.677751581609e-06  ,5.147342630593e-01  ,4.856733124709e-01  
  9.683627854526e-06  ,3.935725410355e-01  ,3.683469594286e-01  
  9.689442287624e-06  ,2.605057765166e-01  ,2.399089317017e-01  
  9.690848957241e-06  ,2.268357471115e-01  ,2.074551784104e-01  
  9.692239794374e-06  ,1.931089691663e-01  ,1.749637181584e-01  
  9.695021468639e-06  ,1.246146208003e-01  ,1.090223734307e-01  
  9.699048507452e-06  ,2.391005488197e-02  ,1.218334720724e-02  
  9.702375191689e-06  ,-5.963969673879e-02  ,-6.805586318934e-02  
  9.704323891044e-06  ,-1.083373381867e-01  ,-1.147753947427e-01  
  9.706593337893e-06  ,-1.645262327599e-01  ,-1.686349608724e-01  
  9.710173714399e-06  ,-2.513621292502e-01  ,-2.517619707863e-01  
  9.716015714645e-06  ,-3.857489914776e-01  ,-3.801400645959e-01  
  9.720808673143e-06  ,-4.865172940223e-01  ,-4.760883538770e-01  
  9.726046431303e-06  ,-5.839731106823e-01  ,-5.684992418973e-01  
  9.729139912367e-06  ,-6.342731114935e-01  ,-6.159684745486e-01  
  9.732239353895e-06  ,-6.786665438201e-01  ,-6.576653764964e-01  
  9.733111630619e-06  ,-6.900175423779e-01  ,-6.682893703441e-01  
  9.734856184065e-06  ,-7.111570060656e-01  ,-6.880197724591e-01  
  9.738345290959e-06  ,-7.469719880667e-01  ,-7.212157084315e-01  
  9.745323504746e-06  ,-7.913817433097e-01  ,-7.613313651132e-01  
  9.752427633345e-06  ,-7.976745050182e-01  ,-7.647513463057e-01  
  9.759773160756e-06  ,-7.625876127379e-01  ,-7.284714768219e-01  
  9.769885088742e-06  ,-6.489069187717e-01  ,-6.163060173131e-01  
  9.778928603470e-06  ,-4.917422549727e-01  ,-4.633813346680e-01  
  9.783823634922e-06  ,-3.892812662023e-01  ,-3.641942104769e-01  
  9.786614994943e-06  ,-3.265752629017e-01  ,-3.036310881468e-01  
  9.787999126554e-06  ,-2.945200525871e-01  ,-2.727011803289e-01  
  9.789524819195e-06  ,-2.585437120084e-01  ,-2.380083275549e-01  
  9.792576204479e-06  ,-1.848934481187e-01  ,-1.670434608101e-01  
  9.798678975046e-06  ,-3.319144852872e-02  ,-2.109912576298e-02  
  9.802419911563e-06  ,6.076044299200e-02  ,6.913738367225e-02  
  9.804774295032e-06  ,1.195417272557e-01  ,1.255264293949e-01  
  9.807516481221e-06  ,1.871590394051e-01  ,1.903216914900e-01  
  9.811349059880e-06  ,2.792280656596e-01  ,2.784204250641e-01  
  9.817878748715e-06  ,4.260853465890e-01  ,4.185942935799e-01  
  9.822662766516e-06  ,5.226622774984e-01  ,5.104227448215e-01  
  9.827925111592e-06  ,6.152091611778e-01  ,5.980103639243e-01  
  9.830646063626e-06  ,6.566237080164e-01  ,6.370011582577e-01  
  9.831981021404e-06  ,6.752066394759e-01  ,6.544371303480e-01  
  9.833838451147e-06  ,6.990803241299e-01  ,6.767688222516e-01  
  9.836549344897e-06  ,7.296320938066e-01  ,7.051997241049e-01  
  9.841971132398e-06  ,7.746857802953e-01  ,7.465319786739e-01  
  9.848529878497e-06  ,7.991469215002e-01  ,7.675784836658e-01  
  9.856293383479e-06  ,7.844147797278e-01  ,7.506011129522e-01  
  9.868218782783e-06  ,6.725001055085e-01  ,6.393854307311e-01  
  9.878639164805e-06  ,4.974597253770e-01  ,4.689143627255e-01  
  9.884357485414e-06  ,3.775055448945e-01  ,3.528124083812e-01  
  9.888124498963e-06  ,2.915881261210e-01  ,2.698646108972e-01  
  9.889444741845e-06  ,2.604474562812e-01  ,2.398349420686e-01  
  9.890809501946e-06  ,2.277864952806e-01  ,2.083560983658e-01  
  9.893539022148e-06  ,1.612693579679e-01  ,1.442919321732e-01  
  9.898998062551e-06  ,2.517727659275e-02  ,1.339152417705e-02  
  9.902451034129e-06  ,-6.154034989930e-02  ,-6.988677156137e-02  
  9.904610212386e-06  ,-1.154626099057e-01  ,-1.216146296148e-01  
  9.907059590757e-06  ,-1.759758965589e-01  ,-1.796085375514e-01  
  9.911012868822e-06  ,-2.712946219453e-01  ,-2.708341626064e-01  
  9.917626749217e-06  ,-4.207116631110e-01  ,-4.134584113931e-01  
  9.923766772687e-06  ,-5.433500699867e-01  ,-5.300079701037e-01  
  9.929720531642e-06  ,-6.430602142182e-01  ,-6.242061465972e-01  
  9.932075287640e-06  ,-6.764743333857e-01  ,-6.555890875886e-01  
  9.933250430465e-06  ,-6.917761862425e-01  ,-6.699132628100e-01  
  9.934969279408e-06  ,-7.124543646937e-01  ,-6.892107647404e-01  
  9.938406977296e-06  ,-7.475256358857e-01  ,-7.217153639662e-01  
  9.945282373071e-06  ,-7.912297532945e-01  ,-7.611831195204e-01  
  9.952508691192e-06  ,-7.975166991653e-01  ,-7.645352233547e-01  
  9.959881785750e-06  ,-7.617580683642e-01  ,-7.276217185105e-01  
  9.969931128860e-06  ,-6.482294893524e-01  ,-6.156382354884e-01  
  9.978940370917e-06  ,-4.915089416181e-01  ,-4.631479566219e-01  
  9.983813050628e-06  ,-3.895136394447e-01  ,-3.644142357256e-01  
  9.986579823732e-06  ,-3.273820062189e-01  ,-3.044061909529e-01  
  9.988293084741e-06  ,-2.876385004473e-01  ,-2.660599091853e-01  
  9.990563276649e-06  ,-2.337117838274e-01  ,-2.140717842899e-01  
  9.995103660464e-06  ,-1.225737165552e-01  ,-1.070493451596e-01  
  9.998860988259e-06  ,-2.862037868666e-02  ,-1.670077962277e-02  
  1.000210608864e-05  ,5.289316866827e-02  ,6.158746537472e-02  
  1.000400933945e-05  ,1.004994576722e-01  ,1.072639388883e-01  
  1.000646356070e-05  ,1.613329388470e-01  ,1.655806695568e-01  
  1.000949333930e-05  ,2.350722537132e-01  ,2.361819085461e-01  
  1.001555289650e-05  ,3.755182420916e-01  ,3.703862803816e-01  
  1.002119149590e-05  ,4.941196182586e-01  ,4.832939457324e-01  
  1.002716313624e-05  ,6.027923817511e-01  ,5.862473949052e-01  
  1.003028679216e-05  ,6.514239503707e-01  ,6.320767928793e-01  
  1.003335382366e-05  ,6.930776685262e-01  ,6.711304572175e-01  
  1.003573614681e-05  ,7.210133127140e-01  ,6.971749910245e-01  
  1.003828126514e-05  ,7.463943760074e-01  ,7.206734014961e-01  
  1.004337150180e-05  ,7.827169631425e-01  ,7.537131824159e-01  
  1.005124378526e-05  ,7.993893458806e-01  ,7.667980167717e-01  
  1.005935299718e-05  ,7.657126105172e-01  ,7.315948465660e-01  
  1.006984937513e-05  ,6.494314702059e-01  ,6.168124633403e-01  
  1.007930118167e-05  ,4.843226884789e-01  ,4.561915506082e-01  
  1.008435714567e-05  ,3.775130731713e-01  ,3.528327282588e-01  
  1.008577536368e-05  ,3.457233147537e-01  ,3.221293028110e-01  
  1.008781570518e-05  ,2.988012523925e-01  ,2.768433462709e-01  
  1.009009819055e-05  ,2.448654080489e-01  ,2.248326379564e-01  
  1.009466316128e-05  ,1.335018628464e-01  ,1.175770645235e-01  
  1.009844805622e-05  ,3.898915011112e-02  ,2.667527057503e-02  
  1.010179336691e-05  ,-4.504838531989e-02  ,-5.404988079527e-02  
  1.010392907584e-05  ,-9.849787648028e-02  ,-1.053381623125e-01  
  1.010665375316e-05  ,-1.660118794248e-01  ,-1.700599175815e-01  
  1.010937284255e-05  ,-2.321758534524e-01  ,-2.334075827078e-01  
  1.011481102133e-05  ,-3.589541420285e-01  ,-3.545762154222e-01  
  1.012019853616e-05  ,-4.742558280504e-01  ,-4.644106652854e-01  
  1.012634526515e-05  ,-5.890806093853e-01  ,-5.732911816972e-01  
  1.012999679470e-05  ,-6.471662414378e-01  ,-6.280742768826e-01  
  1.013339127922e-05  ,-6.935473441369e-01  ,-6.715702414228e-01  
  1.013448092663e-05  ,-7.067880675146e-01  ,-6.839286695854e-01  
  1.013650040650e-05  ,-7.291268255065e-01  ,-7.047038748178e-01  
  1.014053936625e-05  ,-7.649247451165e-01  ,-7.376592903385e-01  
  1.014861728573e-05  ,-7.992453313055e-01  ,-7.676360169334e-01  
  1.015634353781e-05  ,-7.841662069319e-01  ,-7.503433300487e-01  
  1.016793068075e-05  ,-6.763942461611e-01  ,-6.432182614849e-01  
  1.017817969942e-05  ,-5.064511851745e-01  ,-4.776491787706e-01  
  1.018391515636e-05  ,-3.872701633057e-01  ,-3.622619485976e-01  
  1.018941219473e-05  ,-2.612207550267e-01  ,-2.406020629105e-01  
  1.019036847675e-05  ,-2.383896550572e-01  ,-2.185937450439e-01  
  1.019131972963e-05  ,-2.154651406257e-01  ,-1.965033741140e-01  
  1.019322223538e-05  ,-1.690595139025e-01  ,-1.518069959573e-01  
  1.019702724689e-05  ,-7.460487317750e-02  ,-6.092356882099e-02  
  1.020036957735e-05  ,9.288283166956e-03  ,1.970290911509e-02  
  1.020458809608e-05  ,1.149125585037e-01  ,1.210702196017e-01  
  1.020721517080e-05  ,1.797881596847e-01  ,1.832505118533e-01  
  1.020991153592e-05  ,2.450981168824e-01  ,2.457701272170e-01  
  1.021530426615e-05  ,3.699892683701e-01  ,3.650958274774e-01  
  1.022007040256e-05  ,4.716585327798e-01  ,4.619497393910e-01  
  1.022520161742e-05  ,5.692571038880e-01  ,5.545660065761e-01  
  1.022833793932e-05  ,6.217896134903e-01  ,6.041949386363e-01  
  1.023106410676e-05  ,6.625687336724e-01  ,6.425652081920e-01  
  1.023213736290e-05  ,6.773058834038e-01  ,6.563882445931e-01  
  1.023376699114e-05  ,6.982053640342e-01  ,6.759385726581e-01  
  1.023697707379e-05  ,7.339746740963e-01  ,7.092129384524e-01  
  1.024339723909e-05  ,7.828504358611e-01  ,7.538433839333e-01  
  1.024969670498e-05  ,7.999636849205e-01  ,7.679246692652e-01  
  1.025725159371e-05  ,7.793296642929e-01  ,7.453828189847e-01  
  1.027022156441e-05  ,6.439248484874e-01  ,6.114325051257e-01  
  1.028092953885e-05  ,4.511302614548e-01  ,4.240220016824e-01  
  1.028601530516e-05  ,3.402753425170e-01  ,3.168420314632e-01  
  1.028756931001e-05  ,3.045366689633e-01  ,2.823523350857e-01  
  1.028925500387e-05  ,2.649516505018e-01  ,2.441754982347e-01  
  1.029262639159e-05  ,1.836660286406e-01  ,1.658558639842e-01  
  1.029936916703e-05  ,1.585352397515e-02  ,4.419592273761e-03  
  1.030356011862e-05  ,-8.928911234735e-02  ,-9.653378831075e-02  
  1.030603147620e-05  ,-1.506820491728e-01  ,-1.553981548107e-01  
  1.030831023628e-05  ,-2.064944690349e-01  ,-2.088510933008e-01  
  1.031286775643e-05  ,-3.146652901151e-01  ,-3.123020385784e-01  
  1.031802951866e-05  ,-4.292876457441e-01  ,-4.216291750188e-01  
  1.032251476818e-05  ,-5.198406187601e-01  ,-5.077234622181e-01  
  1.032762735659e-05  ,-6.103986642731e-01  ,-5.934506130869e-01  
  1.033026933247e-05  ,-6.511691353700e-01  ,-6.318564944851e-01  
  1.033279843205e-05  ,-6.860010516923e-01  ,-6.645267389948e-01  
  1.033512934619e-05  ,-7.142751736575e-01  ,-6.909172929048e-01  
  1.033773332411e-05  ,-7.413278340393e-01  ,-7.160071226048e-01  
  1.034294127995e-05  ,-7.804101463869e-01  ,-7.516619647805e-01  
  1.034994557077e-05  ,-7.999988304358e-01  ,-7.678640780510e-01  
  1.035816356117e-05  ,-7.738340042850e-01  ,-7.397932783740e-01  
  1.036920830184e-05  ,-6.587076961357e-01  ,-6.258887853702e-01  
  1.037911459380e-05  ,-4.880467793913e-01  ,-4.598003134790e-01  
  1.038443505341e-05  ,-3.757856293656e-01  ,-3.511607943640e-01  
  1.038702077740e-05  ,-3.172389996999e-01  ,-2.946272093100e-01  
  1.038881096566e-05  ,-2.754556099253e-01  ,-2.543190420988e-01  
  1.039115640843e-05  ,-2.194153174328e-01  ,-2.003029355493e-01  
  1.039584729397e-05  ,-1.040730763351e-01  ,-8.925481332458e-02  
  1.039931665683e-05  ,-1.717296796204e-02  ,-5.700393789559e-03  
  1.040278378451e-05  ,6.987498409991e-02  ,7.788363574323e-02  
  1.040472205305e-05  ,1.182433238668e-01  ,1.242791651099e-01  
  1.040665473366e-05  ,1.660359854860e-01  ,1.700840050126e-01  
  1.041052009487e-05  ,2.596116930876e-01  ,2.596601918207e-01  
  1.041646267796e-05  ,3.955518815257e-01  ,3.894945515764e-01  
  1.042118336582e-05  ,4.939589052912e-01  ,4.831649218523e-01  
  1.042639355683e-05  ,5.899011221583e-01  ,5.741067140543e-01  
  1.042919236743e-05  ,6.350756830350e-01  ,6.167260916936e-01  
  1.043213199401e-05  ,6.772340643645e-01  ,6.563317771522e-01  
  1.043309237385e-05  ,6.897725150267e-01  ,6.680666441835e-01  
  1.043499934995e-05  ,7.127978021346e-01  ,6.895535361141e-01  
  1.043881330216e-05  ,7.511022414717e-01  ,7.250240925859e-01  
  1.044644120657e-05  ,7.950052602584e-01  ,7.643876835928e-01  
  1.045335385525e-05  ,7.955634380834e-01  ,7.623574783343e-01  
  1.046053472483e-05  ,7.565851442321e-01  ,7.224433817251e-01  
  1.047014746392e-05  ,6.450282245091e-01  ,6.125103929929e-01  
  1.047883186066e-05  ,4.936578258438e-01  ,4.652360352776e-01  
  1.048353913748e-05  ,3.955122214057e-01  ,3.702200000392e-01  
  1.048648099923e-05  ,3.296466610043e-01  ,3.065983549866e-01  
  1.048753395253e-05  ,3.053582067644e-01  ,2.831597743733e-01  
  1.048921778375e-05  ,2.658341203508e-01  ,2.450398232843e-01  
  1.049258544618e-05  ,1.846674595258e-01  ,1.668271293938e-01  
  1.049932077104e-05  ,1.706959025471e-02  ,5.604701214557e-03  
  1.050325765783e-05  ,-8.173102211661e-02  ,-8.926441231355e-02  
  1.050528123552e-05  ,-1.321237945362e-01  ,-1.375930157737e-01  
  1.050742886537e-05  ,-1.850174152996e-01  ,-1.882722013529e-01  
  1.051172412509e-05  ,-2.880420637513e-01  ,-2.868480372500e-01  
  1.051738284105e-05  ,-4.154854053249e-01  ,-4.084925947725e-01  
  1.052185467952e-05  ,-5.071197403590e-01  ,-4.956624477029e-01  
  1.052701346153e-05  ,-6.003125404742e-01  ,-5.839403794487e-01  
  1.052966586822e-05  ,-6.422420154553e-01  ,-6.234694326932e-01  
  1.053225941533e-05  ,-6.789333635103e-01  ,-6.579159245878e-01  
  1.053429603153e-05  ,-7.045992629766e-01  ,-6.819078177421e-01  
  1.053667686456e-05  ,-7.309405756646e-01  ,-7.064031072602e-01  
  1.054143853062e-05  ,-7.712368403322e-01  ,-7.434075587917e-01  
  1.054838768715e-05  ,-7.989739571155e-01  ,-7.674778383885e-01  
  1.055637917989e-05  ,-7.839883757228e-01  ,-7.501681176792e-01  
  1.056810490364e-05  ,-6.740459588544e-01  ,-6.409016892789e-01  
  1.057844630951e-05  ,-5.012465174408e-01  ,-4.725875748424e-01  
  1.058415866965e-05  ,-3.819036269184e-01  ,-3.570643926684e-01  
  1.058954916471e-05  ,-2.579646012298e-01  ,-2.374556828212e-01  
  1.059045115063e-05  ,-2.364054276584e-01  ,-2.166748896740e-01  
  1.059133758345e-05  ,-2.150329723002e-01  ,-1.960810295898e-01  
  1.059311044911e-05  ,-1.718045115855e-01  ,-1.544452528154e-01  
  1.059665618041e-05  ,-8.388487066224e-02  ,-6.984447022868e-02  
  1.059987892905e-05  ,-3.042837550889e-03  ,7.860167616569e-03  
  1.060443868437e-05  ,1.111951214443e-01  ,1.175072652451e-01  
  1.060691749254e-05  ,1.724903103859e-01  ,1.762610460298e-01  
  1.060943131843e-05  ,2.335818659692e-01  ,2.347522416871e-01  
  1.061445897022e-05  ,3.510250059207e-01  ,3.469995246581e-01  
  1.061971982518e-05  ,4.645133174461e-01  ,4.551399446968e-01  
  1.062604238787e-05  ,5.839036487274e-01  ,5.683943842560e-01  
  1.062977885404e-05  ,6.439310891873e-01  ,6.250297882277e-01  
  1.063334656456e-05  ,6.929865316811e-01  ,6.710451172437e-01  
  1.063427146101e-05  ,7.043066037888e-01  ,6.816140444575e-01  
  1.063612125391e-05  ,7.251539250944e-01  ,7.010173390175e-01  
  1.063982083970e-05  ,7.594417302378e-01  ,7.326518546456e-01  
  1.064722001129e-05  ,7.969509135948e-01  ,7.659650636026e-01  
  1.065513401800e-05  ,7.896167618980e-01  ,7.560383133587e-01  
  1.066401660019e-05  ,7.236839048828e-01  ,6.897640842227e-01  
  1.067346691662e-05  ,5.922641500508e-01  ,5.610362051055e-01  
  1.068360417658e-05  ,3.940905275908e-01  ,3.688569061557e-01  
  1.068871303970e-05  ,2.777649576381e-01  ,2.565269316714e-01  
  1.068985689008e-05  ,2.506317927879e-01  ,2.303672092469e-01  
  1.069099161351e-05  ,2.233952835140e-01  ,2.041196651951e-01  
  1.069326106036e-05  ,1.681056473096e-01  ,1.508672080799e-01  
  1.069779995406e-05  ,5.524917249507e-02  ,4.229836800771e-02  
  1.070158931935e-05  ,-3.992735727517e-02  ,-4.913718001004e-02  
  1.070446449840e-05  ,-1.118375645322e-01  ,-1.181367456617e-01  
  1.070737357759e-05  ,-1.836652748464e-01  ,-1.869801825079e-01  
  1.071027483368e-05  ,-2.537735544720e-01  ,-2.540816973185e-01  
  1.071607734585e-05  ,-3.871052639335e-01  ,-3.814290399856e-01  
  1.072074140930e-05  ,-4.851742284445e-01  ,-4.748040465249e-01  
  1.072582568550e-05  ,-5.801671707481e-01  ,-5.648913944853e-01  
  1.072886775756e-05  ,-6.300814934196e-01  ,-6.120123449596e-01  
  1.073210466230e-05  ,-6.768681523828e-01  ,-6.559738364914e-01  
  1.073306429708e-05  ,-6.894148077620e-01  ,-6.677199729256e-01  
  1.073491185480e-05  ,-7.117967486873e-01  ,-6.886108334981e-01  
  1.073858238333e-05  ,-7.490845938051e-01  ,-7.231573906050e-01  
  1.074592344040e-05  ,-7.934483052750e-01  ,-7.630928585643e-01  
  1.075292549604e-05  ,-7.966236066178e-01  ,-7.635615294352e-01  
  1.076016075486e-05  ,-7.595870219880e-01  ,-7.254632406337e-01  
  1.077001489276e-05  ,-6.469935191150e-01  ,-6.144359866005e-01  
  1.077886618251e-05  ,-4.929787518769e-01  ,-4.645765606286e-01  
  1.078366361135e-05  ,-3.927899002167e-01  ,-3.675853007998e-01  
  1.078656039709e-05  ,-3.278274355970e-01  ,-3.048395135891e-01  
  1.078761800700e-05  ,-3.034045699085e-01  ,-2.812722311868e-01  
  1.078931320035e-05  ,-2.635711162924e-01  ,-2.428555746801e-01  
  1.079270358706e-05  ,-1.817771792516e-01  ,-1.640419865976e-01  
  1.079948436046e-05  ,-1.295886842635e-02  ,-1.653976658375e-03  
  1.080343391323e-05  ,8.613634968844e-02  ,9.349079336389e-02  
  1.080556887710e-05  ,1.392482504410e-01  ,1.444227532776e-01  
  1.080760735595e-05  ,1.893788232195e-01  ,1.924486118553e-01  
  1.081168431365e-05  ,2.871083745224e-01  ,2.859547545388e-01  
  1.081723499620e-05  ,4.123056160767e-01  ,4.054460717555e-01  
  1.082281026566e-05  ,5.254631772939e-01  ,5.130640372997e-01  
  1.082822013223e-05  ,6.199223909031e-01  ,6.024188950369e-01  
  1.083099398339e-05  ,6.615794527502e-01  ,6.416226815718e-01  
  1.083227771842e-05  ,6.791765618288e-01  ,6.581298805292e-01  
  1.083408951336e-05  ,7.021263796396e-01  ,6.795908925408e-01  
  1.083705372685e-05  ,7.347389244581e-01  ,7.099143898510e-01  
  1.084298215383e-05  ,7.806354445683e-01  ,7.518647445752e-01  
  1.084967352027e-05  ,7.999579207120e-01  ,7.679259821583e-01  
  1.085735506886e-05  ,7.787381987142e-01  ,7.447786769404e-01  
  1.086993313903e-05  ,6.481998810651e-01  ,6.156113086223e-01  
  1.088048614138e-05  ,4.602891236799e-01  ,4.328949774756e-01  
  1.088551304811e-05  ,3.516568118010e-01  ,3.278386312873e-01  
  1.088703203523e-05  ,3.169792370230e-01  ,2.943651724117e-01  
  1.088890995407e-05  ,2.731185572900e-01  ,2.520564080536e-01  
  1.089202057147e-05  ,1.984510938340e-01  ,1.800968119402e-01  
  1.089824180627e-05  ,4.416576225861e-02  ,3.164378476068e-02  
  1.090210940266e-05  ,-5.297627649799e-02  ,-6.167263157719e-02  
  1.090469736183e-05  ,-1.176295460165e-01  ,-1.236988359916e-01  
  1.090800281191e-05  ,-1.990203596709e-01  ,-2.016872164587e-01  
  1.091141070747e-05  ,-2.806794735055e-01  ,-2.798123115690e-01  
  1.091752986932e-05  ,-4.186387427756e-01  ,-4.114977309700e-01  
  1.092213358307e-05  ,-5.125215445656e-01  ,-5.007927717450e-01  
  1.092729609036e-05  ,-6.049840167636e-01  ,-5.883537222666e-01  
  1.092996079051e-05  ,-6.466338764443e-01  ,-6.276033942751e-01  
  1.093253347600e-05  ,-6.825513549663e-01  ,-6.613064931977e-01  
  1.093482564712e-05  ,-7.108051654422e-01  ,-6.876940157613e-01  
  1.093725043857e-05  ,-7.366806820172e-01  ,-7.117187217805e-01  
  1.094210002148e-05  ,-7.754878625442e-01  ,-7.472483981921e-01  
  1.094918105328e-05  ,-7.997352432292e-01  ,-7.678981719797e-01  
  1.095736179078e-05  ,-7.786994914247e-01  ,-7.447413289439e-01  
  1.097173694098e-05  ,-6.206037579730e-01  ,-5.886584671400e-01  
  1.098425242627e-05  ,-3.798314456489e-01  ,-3.550092459614e-01  
  1.099006164396e-05  ,-2.457396784371e-01  ,-2.255816405173e-01  
  1.099136512303e-05  ,-2.143662187434e-01  ,-1.953564062398e-01  
  1.099265742624e-05  ,-1.829067897249e-01  ,-1.650628005564e-01  
  1.099524203265e-05  ,-1.191359594246e-01  ,-1.036927677265e-01  
  1.099919903600e-05  ,-2.012829660260e-02  ,-8.509520789691e-03  
  1.100301522338e-05  ,7.566754938190e-02  ,8.346660876819e-02  
  1.100482366556e-05  ,1.207684686851e-01  ,1.267215989405e-01  
  1.100675671870e-05  ,1.685424808745e-01  ,1.725028420362e-01  
  1.101062282497e-05  ,2.620524956456e-01  ,2.620069262511e-01  
  1.101704522544e-05  ,4.082110744660e-01  ,4.015539680968e-01  
  1.102186649615e-05  ,5.073493974316e-01  ,4.958758704490e-01  
  1.102710574442e-05  ,6.018430747764e-01  ,5.853840861204e-01  
  1.102980434471e-05  ,6.443110393097e-01  ,6.254152578275e-01  
  1.103243737990e-05  ,6.812884960753e-01  ,6.601212450010e-01  
  1.103457830423e-05  ,7.079312497293e-01  ,6.850140321076e-01  
  1.103698335165e-05  ,7.340374260181e-01  ,7.092710898990e-01  
  1.104179344648e-05  ,7.735592110652e-01  ,7.455076569498e-01  
  1.104887447828e-05  ,7.994999398495e-01  ,7.677862069535e-01  
  1.105694345707e-05  ,7.810421763778e-01  ,7.471352965334e-01  
  1.107012949461e-05  ,6.452952659146e-01  ,6.127561499475e-01  
  1.108115486377e-05  ,4.464422705414e-01  ,4.194677481574e-01  
  1.108636430973e-05  ,3.323166161740e-01  ,3.091441949140e-01  
  1.108796599829e-05  ,2.952940201737e-01  ,2.734225249686e-01  
  1.108958314681e-05  ,2.571560112852e-01  ,2.366480221726e-01  
  1.109281744385e-05  ,1.789893378481e-01  ,1.613404601811e-01  
  1.109928603792e-05  ,1.794231961922e-02  ,6.420479909960e-03  
  1.110335479999e-05  ,-8.415931185648e-02  ,-9.161518031589e-02  
  1.110544841313e-05  ,-1.362658868369e-01  ,-1.415818545582e-01  
  1.110749881291e-05  ,-1.867272805626e-01  ,-1.899253669681e-01  
  1.111159961247e-05  ,-2.851204029781e-01  ,-2.840655363826e-01  
  1.111725758338e-05  ,-4.127919896684e-01  ,-4.059316066278e-01  
  1.112171005034e-05  ,-5.043032066470e-01  ,-4.929910206301e-01  
  1.112683455968e-05  ,-5.973310487350e-01  ,-5.811254942306e-01  
  1.112948398614e-05  ,-6.395059933804e-01  ,-6.208951936171e-01  
  1.113215650940e-05  ,-6.775618471915e-01  ,-6.566311839335e-01  
  1.113405864263e-05  ,-7.017541865427e-01  ,-6.792537449864e-01  
  1.113643202507e-05  ,-7.284179297528e-01  ,-7.040647337886e-01  
  1.114117878997e-05  ,-7.694764649963e-01  ,-7.418175982099e-01  
  1.114813986742e-05  ,-7.986343986492e-01  ,-7.672328528171e-01  
  1.115600172007e-05  ,-7.858216989236e-01  ,-7.520550969688e-01  
  1.116687062705e-05  ,-6.902430762042e-01  ,-6.567946424694e-01  
  1.117705855095e-05  ,-5.279447749361e-01  ,-4.984967061759e-01  
  1.118332299912e-05  ,-4.002249091958e-01  ,-3.747800133699e-01  
  1.118728223765e-05  ,-3.111959025012e-01  ,-2.887905435451e-01  
  1.118848420256e-05  ,-2.831512422183e-01  ,-2.617362731264e-01  
  1.118972248906e-05  ,-2.538373653355e-01  ,-2.334718788655e-01  
  1.119219906205e-05  ,-1.941022536085e-01  ,-1.759138348133e-01  
  1.119715220803e-05  ,-7.147737669463e-02  ,-5.790772328581e-02  
  1.120111144656e-05  ,2.792802296016e-02  ,3.761657080199e-02  
  1.120553560132e-05  ,1.384246291608e-01  ,1.436221534969e-01  
  1.120885930532e-05  ,2.197950759475e-01  ,2.215692418459e-01  
  1.121232531542e-05  ,3.020860456069e-01  ,3.002673911111e-01  
  1.121891535395e-05  ,4.479055938356e-01  ,4.393496298168e-01  
  1.122411362404e-05  ,5.497158949880e-01  ,5.360600275808e-01  
  1.122879705900e-05  ,6.289850736816e-01  ,6.109851423321e-01  
  1.123145170087e-05  ,6.679786665035e-01  ,6.476518900269e-01  
  1.123262665743e-05  ,6.837699698663e-01  ,6.624525684866e-01  
  1.123430769467e-05  ,7.047380355368e-01  ,6.820457726809e-01  
  1.123766976917e-05  ,7.407259262233e-01  ,7.154643614514e-01  
  1.124439391816e-05  ,7.876247003774e-01  ,7.580634255398e-01  
  1.125112328255e-05  ,7.995019273520e-01  ,7.669558542145e-01  
  1.125856566751e-05  ,7.712087957374e-01  ,7.371379622985e-01  
  1.126972663724e-05  ,6.512279726883e-01  ,6.185713485437e-01  
  1.127941090190e-05  ,4.821250135900e-01  ,4.540601897007e-01  
  1.128462183797e-05  ,3.716349173676e-01  ,3.471496186916e-01  
  1.128604229116e-05  ,3.396613986558e-01  ,3.162728514429e-01  
  1.128820146942e-05  ,2.897858711214e-01  ,2.681432768471e-01  
  1.129051412964e-05  ,2.348928191016e-01  ,2.152179999014e-01  
  1.129513945007e-05  ,1.216847689826e-01  ,1.061975518351e-01  
  1.129867400551e-05  ,3.331623867393e-02  ,2.121653107153e-02  
  1.130192618394e-05  ,-4.838074306699e-02  ,-5.725342153087e-02  
  1.130388643169e-05  ,-9.743417871103e-02  ,-1.043214652503e-01  
  1.130642335439e-05  ,-1.603430768551e-01  ,-1.646331106015e-01  
  1.130919757807e-05  ,-2.279570644051e-01  ,-2.293733950350e-01  
  1.131474602544e-05  ,-3.574935363339e-01  ,-3.531852599225e-01  
  1.132012161934e-05  ,-4.726976271222e-01  ,-4.629309458608e-01  
  1.132636520588e-05  ,-5.894195822153e-01  ,-5.736130988364e-01  
  1.133004355752e-05  ,-6.478564496086e-01  ,-6.287249145091e-01  
  1.133346896195e-05  ,-6.945183882284e-01  ,-6.724789963120e-01  
  1.133457351053e-05  ,-7.078751281263e-01  ,-6.849430095518e-01  
  1.133660267615e-05  ,-7.301807526970e-01  ,-7.056817400095e-01  
  1.134066100740e-05  ,-7.658144761268e-01  ,-7.384702440630e-01  
  1.134877766991e-05  ,-7.994102290508e-01  ,-7.677348463050e-01  
  1.135654266500e-05  ,-7.831600983776e-01  ,-7.493078886449e-01  
  1.136858727360e-05  ,-6.674391371423e-01  ,-6.344411961833e-01  
  1.137900169516e-05  ,-4.902919785268e-01  ,-4.619753196201e-01  
  1.138466115618e-05  ,-3.707595561523e-01  ,-3.462998738490e-01  
  1.138743985021e-05  ,-3.075428540179e-01  ,-2.852655727738e-01  
  1.138933416033e-05  ,-2.630736887788e-01  ,-2.423746991953e-01  
  1.139154921794e-05  ,-2.099050481909e-01  ,-1.911360652071e-01  
  1.139597933316e-05  ,-1.007818842289e-01  ,-8.608741767358e-02  
  1.139945465648e-05  ,-1.370530703524e-02  ,-2.370352600675e-03  
  1.140306930566e-05  ,7.702058165488e-02  ,8.474198366721e-02  
  1.140481385911e-05  ,1.205248244028e-01  ,1.264684124743e-01  
  1.140666570091e-05  ,1.663056109297e-01  ,1.703439903132e-01  
  1.141036938453e-05  ,2.560260236916e-01  ,2.562315862911e-01  
  1.141620616937e-05  ,3.899354953087e-01  ,3.841390952609e-01  
  1.142095442438e-05  ,4.894200652940e-01  ,4.788515356984e-01  
  1.142614971423e-05  ,5.857442072052e-01  ,5.701763397268e-01  
  1.142923686230e-05  ,6.357551103062e-01  ,6.173659147706e-01  
  1.143223274076e-05  ,6.785785291701e-01  ,6.575845294526e-01  
  1.143312308514e-05  ,6.901631724429e-01  ,6.684269005828e-01  
  1.143490377390e-05  ,7.117040217259e-01  ,6.885303793787e-01  
  1.143846515143e-05  ,7.480451887941e-01  ,7.222048730048e-01  
  1.144558790648e-05  ,7.923272029331e-01  ,7.621420255761e-01  
  1.145264882171e-05  ,7.972316910194e-01  ,7.642461403377e-01  
  1.145996603692e-05  ,7.611085522910e-01  ,7.269880499447e-01  
  1.146994534457e-05  ,6.480200468570e-01  ,6.154392140993e-01  
  1.147889647210e-05  ,4.923789818429e-01  ,4.639936174176e-01  
  1.148374381983e-05  ,3.910325058728e-01  ,3.658843065158e-01  
  1.148658919656e-05  ,3.271670549681e-01  ,3.042001884424e-01  
  1.148764587516e-05  ,3.027563764452e-01  ,2.806450988713e-01  
  1.148935652846e-05  ,2.625427166401e-01  ,2.418625193297e-01  
  1.149277783507e-05  ,1.799594404427e-01  ,1.622903397169e-01  
  1.149962044829e-05  ,9.538948831273e-03  ,-1.632667568217e-03  
  1.150359607810e-05  ,-9.018716878211e-02  ,-9.737719495080e-02  
  1.150604545647e-05  ,-1.510271082529e-01  ,-1.557133469748e-01  
  1.150828808123e-05  ,-2.059564706614e-01  ,-2.083216156770e-01  
  1.151277333075e-05  ,-3.124820185525e-01  ,-3.102018315148e-01  
  1.151799693280e-05  ,-4.285963472619e-01  ,-4.209621366123e-01  
  1.152364968830e-05  ,-5.411865966752e-01  ,-5.279722212917e-01  
  1.152892246419e-05  ,-6.309277715036e-01  ,-6.127904456612e-01  
  1.153134874576e-05  ,-6.665512743264e-01  ,-6.462881702055e-01  
  1.153254214251e-05  ,-6.826649414197e-01  ,-6.613933946833e-01  
  1.153423733586e-05  ,-7.038994434696e-01  ,-6.812398264693e-01  
  1.153762772256e-05  ,-7.403260935498e-01  ,-7.150764407105e-01  
  1.154440849596e-05  ,-7.876888116856e-01  ,-7.581095093508e-01  
  1.155102982694e-05  ,-7.995813507176e-01  ,-7.670608499789e-01  
  1.155847444707e-05  ,-7.718151493765e-01  ,-7.377479789098e-01  
  1.156973227435e-05  ,-6.511456748024e-01  ,-6.184901438106e-01  
  1.157947167331e-05  ,-4.809053073869e-01  ,-4.528774551501e-01  
  1.158470794135e-05  ,-3.697172170072e-01  ,-3.452957608731e-01  
  1.158614720726e-05  ,-3.372721941346e-01  ,-3.139650548936e-01  
  1.158837195063e-05  ,-2.857880545176e-01  ,-2.642860490283e-01  
  1.159069317901e-05  ,-2.305874687360e-01  ,-2.110678711967e-01  
  1.159533563578e-05  ,-1.168091764920e-01  ,-1.015056450359e-01  
  1.159877631390e-05  ,-3.074701135721e-02  ,-1.874724559780e-02  
  1.160200651312e-05  ,5.039578408859e-02  ,5.918757473482e-02  
  1.160389076495e-05  ,9.754227370231e-02  ,1.044249688506e-01  
  1.160635355437e-05  ,1.586240240081e-01  ,1.629852932194e-01  
  1.160919222558e-05  ,2.278281151116e-01  ,2.292494426246e-01  
  1.161486956799e-05  ,3.602685379324e-01  ,3.558340902483e-01  
  1.162028688514e-05  ,4.760422071585e-01  ,4.661113922520e-01  
  1.162648874843e-05  ,5.915145226800e-01  ,5.755931565925e-01  
  1.163015070879e-05  ,6.494327018853e-01  ,6.302071831318e-01  
  1.163352470422e-05  ,6.952126249494e-01  ,6.731277917022e-01  
  1.163471344435e-05  ,7.095067723062e-01  ,6.864667318692e-01  
  1.163670684719e-05  ,7.312465254030e-01  ,7.066723456835e-01  
  1.164069365287e-05  ,7.660513548922e-01  ,7.386911800759e-01  
  1.164866726422e-05  ,7.992988928365e-01  ,7.676711258119e-01  
  1.165656189942e-05  ,7.830612908535e-01  ,7.492072791847e-01  
  1.166854839349e-05  ,6.679773615541e-01  ,6.349511732082e-01  
  1.167895089412e-05  ,4.913002410716e-01  ,4.629397197440e-01  
  1.168460886502e-05  ,3.719236164429e-01  ,3.474158827424e-01  
  1.168748143637e-05  ,3.065777342948e-01  ,2.843272501359e-01  
  1.168939400041e-05  ,2.616529214697e-01  ,2.409987694343e-01  
  1.169156807983e-05  ,2.094475690904e-01  ,1.906903014994e-01  
  1.169591623867e-05  ,1.023547894859e-01  ,8.759743659795e-02  
  1.169936697507e-05  ,1.590860310322e-02  ,4.485637503042e-03  
  1.170287172818e-05  ,-7.207653307294e-02  ,-7.999855787668e-02  
  1.170482229018e-05  ,-1.207342977189e-01  ,-1.266697609717e-01  
  1.170669164085e-05  ,-1.669432550905e-01  ,-1.709552020279e-01  
  1.171043034220e-05  ,-2.574770117708e-01  ,-2.576196920512e-01  
  1.171629245901e-05  ,-3.918276955492e-01  ,-3.859436333517e-01  
  1.172102506781e-05  ,-4.908233064049e-01  ,-4.801851598187e-01  
  1.172621812248e-05  ,-5.869138786625e-01  ,-5.712822871131e-01  
  1.172931011343e-05  ,-6.368709330630e-01  ,-6.184167264171e-01  
  1.173224601471e-05  ,-6.787551634846e-01  ,-6.577503221214e-01  
  1.173316997984e-05  ,-6.907584483254e-01  ,-6.689837210667e-01  
  1.173501791009e-05  ,-7.130094611298e-01  ,-6.897461656913e-01  
  1.173871377060e-05  ,-7.502374277801e-01  ,-7.242223760987e-01  
  1.174610549161e-05  ,-7.940196969043e-01  ,-7.635625694665e-01  
  1.175313213417e-05  ,-7.961301867476e-01  ,-7.629802052328e-01  
  1.176037558863e-05  ,-7.578753280136e-01  ,-7.237420023812e-01  
  1.177009561607e-05  ,-6.457981744351e-01  ,-6.132780917788e-01  
  1.177886345932e-05  ,-4.930326523709e-01  ,-4.646388072314e-01  
  1.178361171433e-05  ,-3.939256528743e-01  ,-3.686914701645e-01  
  1.178649322638e-05  ,-3.293666364132e-01  ,-3.063320181423e-01  
  1.178754226813e-05  ,-3.051650261947e-01  ,-2.829769775040e-01  
  1.178924360821e-05  ,-2.652218743251e-01  ,-2.444525653393e-01  
  1.179264628837e-05  ,-1.831792893002e-01  ,-1.653961235612e-01  
  1.179945164868e-05  ,-1.378089012368e-02  ,-2.445653796742e-03  
  1.180341163227e-05  ,8.557960237200e-02  ,9.295626615107e-02  
  1.180554026315e-05  ,1.385400249386e-01  ,1.437435902442e-01  
  1.180756495842e-05  ,1.883433759426e-01  ,1.914570474707e-01  
  1.181161434898e-05  ,2.854664202371e-01  ,2.843852374316e-01  
  1.181720749983e-05  ,4.117132519439e-01  ,4.048818504123e-01  
  1.182278947482e-05  ,5.250690562258e-01  ,5.126905270593e-01  
  1.182822020301e-05  ,6.199235153143e-01  ,6.024202220480e-01  
  1.183100709268e-05  ,6.617646391911e-01  ,6.417968434912e-01  
  1.183229120025e-05  ,6.793555549679e-01  ,6.582978473904e-01  
  1.183410765180e-05  ,7.023447577798e-01  ,6.797949591052e-01  
  1.183707261035e-05  ,7.349265437327e-01  ,7.100882670692e-01  
  1.184300252745e-05  ,7.807472639051e-01  ,7.519647299603e-01  
  1.184970954010e-05  ,7.999666934926e-01  ,7.679211081673e-01  
  1.185739108869e-05  ,7.785303775703e-01  ,7.445667639334e-01  
  1.186990955421e-05  ,6.485471053480e-01  ,6.159507448609e-01  
  1.188042977402e-05  ,4.614470918735e-01  ,4.340170019477e-01  
  1.188544401476e-05  ,3.532143718755e-01  ,3.293437434738e-01  
  1.188695611009e-05  ,3.187303612002e-01  ,2.960560337289e-01  
  1.188886234114e-05  ,2.742429990781e-01  ,2.531415651648e-01  
  1.189191968688e-05  ,2.009063486185e-01  ,1.824624813599e-01  
  1.189803437838e-05  ,4.937006852828e-02  ,3.663440811052e-02  
  1.190200777301e-05  ,-5.042738572803e-02  ,-5.923624778864e-02  
  1.190485873768e-05  ,-1.216397519628e-01  ,-1.275534365853e-01  
  1.190845215270e-05  ,-2.099382889937e-01  ,-2.121484604087e-01  
  1.191180975685e-05  ,-2.900488387431e-01  ,-2.887744032739e-01  
  1.191852496514e-05  ,-4.397425401777e-01  ,-4.316024573996e-01  
  1.192348109135e-05  ,-5.380584237582e-01  ,-5.250287819893e-01  
  1.192882539281e-05  ,-6.294248579490e-01  ,-6.114166959442e-01  
  1.193160222420e-05  ,-6.700529739878e-01  ,-6.496128471945e-01  
  1.193280344406e-05  ,-6.860658501106e-01  ,-6.646125610949e-01  
  1.193454538980e-05  ,-7.075455854360e-01  ,-6.846707147185e-01  
  1.193802704611e-05  ,-7.440711502620e-01  ,-7.185562378373e-01  
  1.194499035874e-05  ,-7.901127303946e-01  ,-7.602332872300e-01  
  1.195183669725e-05  ,-7.986685821116e-01  ,-7.658943420357e-01  
  1.195921575227e-05  ,-7.667044988174e-01  ,-7.325953663362e-01  
  1.196973895231e-05  ,-6.510481548596e-01  ,-6.183954886940e-01  
  1.197904323736e-05  ,-4.894665504537e-01  ,-4.611797580435e-01  
  1.198407386938e-05  ,-3.837750045859e-01  ,-3.588795659023e-01  
  1.198669200340e-05  ,-3.248074825585e-01  ,-3.019306959348e-01  
  1.198841047981e-05  ,-2.848833979402e-01  ,-2.634108405188e-01  
  1.199074325660e-05  ,-2.293820113856e-01  ,-2.099061907117e-01  
  1.199540881017e-05  ,-1.149895060412e-01  ,-9.975641094861e-02  
  1.199902047911e-05  ,-2.461415982509e-02  ,-1.285454702758e-02  
  1.200228569606e-05  ,5.739645251356e-02  ,6.590695983147e-02  
  1.200417441824e-05  ,1.046141022863e-01  ,1.112079221806e-01  
  1.200645466843e-05  ,1.611140371802e-01  ,1.653707452178e-01  
  1.200979327360e-05  ,2.422671063520e-01  ,2.430647306993e-01  
  1.201556076804e-05  ,3.756929148350e-01  ,3.705506191867e-01  
  1.202132006684e-05  ,4.966568793674e-01  ,4.857032602758e-01  
  1.202717473307e-05  ,6.029839647518e-01  ,5.864272515677e-01  
  1.203026560643e-05  ,6.511147304750e-01  ,6.317849644861e-01  
  1.203329613009e-05  ,6.923523401941e-01  ,6.704514887171e-01  
  1.203568366864e-05  ,7.204408913500e-01  ,6.966422115738e-01  
  1.203821537593e-05  ,7.457968003953e-01  ,7.201220657102e-01  
  1.204327879050e-05  ,7.822319243440e-01  ,7.532812498285e-01  
  1.205109146932e-05  ,7.995297376095e-01  ,7.669886818676e-01  
  1.205921856263e-05  ,7.666843308398e-01  ,7.325899123872e-01  
  1.206976858476e-05  ,6.506150787671e-01  ,6.179858721792e-01  
  1.207927105525e-05  ,4.849251090335e-01  ,4.567850570353e-01  
  1.208435607651e-05  ,3.775367638496e-01  ,3.528620044364e-01  
  1.208579720506e-05  ,3.452282051505e-01  ,3.216568697133e-01  
  1.208781519482e-05  ,2.988131509339e-01  ,2.768595085817e-01  
  1.209009917030e-05  ,2.448419659114e-01  ,2.248138605347e-01  
  1.209466712126e-05  ,1.334037321472e-01  ,1.174851529370e-01  
  1.209844978103e-05  ,3.894585237856e-02  ,2.663544723922e-02  
  1.210179434666e-05  ,-4.507297006497e-02  ,-5.407215544455e-02  
  1.210392819294e-05  ,-9.847585572995e-02  ,-1.053159404223e-01  
  1.210665138015e-05  ,-1.659535369759e-01  ,-1.700031885859e-01  
  1.210937009701e-05  ,-2.321098195538e-01  ,-2.333438250780e-01  
  1.211480753073e-05  ,-3.588757383317e-01  ,-3.545010763824e-01  
  1.212019430050e-05  ,-4.741700930075e-01  ,-4.643289428078e-01  
  1.212634326467e-05  ,-5.890465904191e-01  ,-5.732589121617e-01  
  1.212999553928e-05  ,-6.471476924361e-01  ,-6.280567540744e-01  
  1.213339114138e-05  ,-6.935456174996e-01  ,-6.715685684337e-01  
  1.213447929868e-05  ,-7.067688996285e-01  ,-6.839107496426e-01  
  1.213649952361e-05  ,-7.291176941694e-01  ,-7.046953672474e-01  
  1.214053997347e-05  ,-7.649292143311e-01  ,-7.376633362535e-01  
  1.214862087318e-05  ,-7.992492415921e-01  ,-7.676384333729e-01  
  1.215634563515e-05  ,-7.841557697782e-01  ,-7.503325734046e-01  
  1.216793873855e-05  ,-6.762860843247e-01  ,-6.431121939234e-01  
  1.217818924734e-05  ,-5.062654053205e-01  ,-4.774689310078e-01  
  1.218392321417e-05  ,-3.870929466127e-01  ,-3.620905910354e-01  
  1.218941503713e-05  ,-2.611532323694e-01  ,-2.405369054360e-01  
  1.219035865316e-05  ,-2.386253210529e-01  ,-2.188208373959e-01  
  1.219129705378e-05  ,-2.160139325508e-01  ,-1.970320830073e-01  
  1.219317385504e-05  ,-1.702477882628e-01  ,-1.529511264398e-01  
  1.219692745754e-05  ,-7.710155303147e-02  ,-6.332443809877e-02  
  1.220023924062e-05  ,6.012715897236e-03  ,1.655673180113e-02  
  1.220454716632e-05  ,1.138944540854e-01  ,1.200940505062e-01  
  1.220712171444e-05  ,1.774986565842e-01  ,1.810574360571e-01  
  1.220976294526e-05  ,2.415405542980e-01  ,2.423664532422e-01  
  1.221504540691e-05  ,3.642088466181e-01  ,3.595807018947e-01  
  1.221991883168e-05  ,4.685762943279e-01  ,4.590191097362e-01  
  1.222507239828e-05  ,5.669705888942e-01  ,5.524026366560e-01  
  1.222826124677e-05  ,6.205750153633e-01  ,6.030474952068e-01  
  1.223096021959e-05  ,6.611019771208e-01  ,6.411859601230e-01  
  1.223204856315e-05  ,6.761155441129e-01  ,6.552704180899e-01  
  1.223366869190e-05  ,6.969960343634e-01  ,6.748065700052e-01  
  1.223680352369e-05  ,7.322286149947e-01  ,7.075937547370e-01  
  1.224307318726e-05  ,7.811325974303e-01  ,7.523118978225e-01  
  1.224931751886e-05  ,7.998161242708e-01  ,7.679231404862e-01  
  1.225690668026e-05  ,7.812416826195e-01  ,7.473377510495e-01  
  1.227112983862e-05  ,6.301187182383e-01  ,5.979319511915e-01  
  1.228356783786e-05  ,3.948850611338e-01  ,3.695592683532e-01  
  1.228933011690e-05  ,2.631696573951e-01  ,2.423890634387e-01  
  1.229061627337e-05  ,2.324376131031e-01  ,2.127738700019e-01  
  1.229189144024e-05  ,2.015934340053e-01  ,1.830644063208e-01  
  1.229444177398e-05  ,1.389846380713e-01  ,1.227952059091e-01  
  1.229954244146e-05  ,1.149930441952e-02  ,2.165346716470e-04  
  1.230365069160e-05  ,-9.155087239677e-02  ,-9.871108074382e-02  
  1.230593205938e-05  ,-1.482274225151e-01  ,-1.530502910967e-01  
  1.230799736032e-05  ,-1.988876508947e-01  ,-2.015701799190e-01  
  1.231212796220e-05  ,-2.974874536319e-01  ,-2.958885422716e-01  
  1.231732101688e-05  ,-4.141568016506e-01  ,-4.072169298506e-01  
  1.232164086351e-05  ,-5.029521651288e-01  ,-4.916910284364e-01  
  1.232670800337e-05  ,-5.952105218215e-01  ,-5.791075929254e-01  
  1.232934178361e-05  ,-6.373523159319e-01  ,-6.188554273456e-01  
  1.233206422576e-05  ,-6.763258801181e-01  ,-6.554629565001e-01  
  1.233386428604e-05  ,-6.993957809392e-01  ,-6.770437493625e-01  
  1.233623692343e-05  ,-7.263768851763e-01  ,-7.021643150192e-01  
  1.234084734270e-05  ,-7.671557136373e-01  ,-7.397044331780e-01  
  1.234789037654e-05  ,-7.982436516569e-01  ,-7.669486565326e-01  
  1.235561215827e-05  ,-7.875979282624e-01  ,-7.538968233335e-01  
  1.236574494788e-05  ,-7.041109239958e-01  ,-6.704322398169e-01  
  1.237534725615e-05  ,-5.594806115642e-01  ,-5.291362127414e-01  
  1.238471561620e-05  ,-3.695461508567e-01  ,-3.451066989002e-01  
  1.238930517384e-05  ,-2.637615732673e-01  ,-2.429884254153e-01  
  1.239029703239e-05  ,-2.401030718759e-01  ,-2.201858779001e-01  
  1.239127920517e-05  ,-2.164458206120e-01  ,-1.973935659491e-01  
  1.239324355075e-05  ,-1.685358610235e-01  ,-1.512570947150e-01  
  1.239717224190e-05  ,-7.097587032651e-02  ,-5.739429576992e-02  
  1.240057752976e-05  ,1.451410961416e-02  ,2.475518222561e-02  
  1.240469770083e-05  ,1.176379734404e-01  ,1.237062530835e-01  
  1.240747713992e-05  ,1.861975809842e-01  ,1.894074908086e-01  
  1.241031655619e-05  ,2.547677800466e-01  ,2.550341920153e-01  
  1.241599538872e-05  ,3.853013763792e-01  ,3.797092898136e-01  
  1.242060282776e-05  ,4.824003301399e-01  ,4.721670699811e-01  
  1.242569902489e-05  ,5.779707699899e-01  ,5.628131968619e-01  
  1.242873923430e-05  ,6.280859995402e-01  ,6.101314141945e-01  
  1.243209534833e-05  ,6.767433446079e-01  ,6.558561130336e-01  
  1.243310955861e-05  ,6.899911898383e-01  ,6.682585243236e-01  
  1.243489695290e-05  ,7.116257161267e-01  ,6.884511621835e-01  
  1.243847174147e-05  ,7.481038868786e-01  ,7.222543110764e-01  
  1.244562131861e-05  ,7.924427901991e-01  ,7.622383931663e-01  
  1.245272693732e-05  ,7.970661060097e-01  ,7.640579757311e-01  
  1.245999646881e-05  ,7.608726331271e-01  ,7.267513124535e-01  
  1.246996832588e-05  ,6.476811857873e-01  ,6.151079154553e-01  
  1.247890306213e-05  ,4.922484321439e-01  ,4.638672412344e-01  
  1.248374221423e-05  ,3.910677094932e-01  ,3.659186008610e-01  
  1.248657045463e-05  ,3.275968436674e-01  ,3.046153203036e-01  
  1.248762340793e-05  ,3.032789663518e-01  ,2.811495678856e-01  
  1.248933871785e-05  ,2.629655134254e-01  ,2.422704106610e-01  
  1.249276933768e-05  ,1.801675231508e-01  ,1.624908849091e-01  
  1.249963057736e-05  ,9.284395297459e-03  ,-1.877240241895e-03  
  1.250361365774e-05  ,-9.062616313196e-02  ,-9.779849285331e-02  
  1.250606713393e-05  ,-1.515620908003e-01  ,-1.562262292098e-01  
  1.250832465985e-05  ,-2.068446678618e-01  ,-2.091720630126e-01  
  1.251283971170e-05  ,-3.140171396424e-01  ,-3.116684609233e-01  
  1.251805958846e-05  ,-4.299251676947e-01  ,-4.222275707941e-01  
  1.252372426489e-05  ,-5.425654637047e-01  ,-5.292792931668e-01  
  1.252900225618e-05  ,-6.321587626609e-01  ,-6.139501428679e-01  
  1.253174481490e-05  ,-6.720041455473e-01  ,-6.514046315140e-01  
  1.253296615133e-05  ,-6.881601857630e-01  ,-6.665372374262e-01  
  1.253465240398e-05  ,-7.087967189381e-01  ,-6.858059496849e-01  
  1.253802490929e-05  ,-7.440514211453e-01  ,-7.185144074850e-01  
  1.254476991990e-05  ,-7.892254499996e-01  ,-7.594497543031e-01  
  1.255181146362e-05  ,-7.987049046050e-01  ,-7.659315967549e-01  
  1.255921659568e-05  ,-7.666984469130e-01  ,-7.325859273581e-01  
  1.256975022653e-05  ,-6.508834494503e-01  ,-6.182333013702e-01  
  1.257906792262e-05  ,-4.889756684936e-01  ,-4.607034805768e-01  
  1.258410153487e-05  ,-3.831647794228e-01  ,-3.582971735471e-01  
  1.258668465117e-05  ,-3.249763402073e-01  ,-3.021001369501e-01  
  1.258840964684e-05  ,-2.849029604210e-01  ,-2.634353869053e-01  
  1.259075136432e-05  ,-2.291867905006e-01  ,-2.097227403125e-01  
  1.259543479928e-05  ,-1.143430727138e-01  ,-9.913753387578e-02  
  1.259903529236e-05  ,-2.424203599585e-02  ,-1.249922657109e-02  
  1.260230572471e-05  ,5.789851880117e-02  ,6.638712859783e-02  
  1.260419444689e-05  ,1.051131339838e-01  ,1.116850803797e-01  
  1.260645867833e-05  ,1.612127508259e-01  ,1.654640960136e-01  
  1.260983453640e-05  ,2.432552536668e-01  ,2.440092208868e-01  
  1.261561693200e-05  ,3.769385494346e-01  ,3.717383971036e-01  
  1.262139187703e-05  ,4.980704810356e-01  ,4.870458213401e-01  
  1.262723462233e-05  ,6.039720782945e-01  ,5.873600857239e-01  
  1.263030724177e-05  ,6.517221524371e-01  ,6.323558168844e-01  
  1.263300472447e-05  ,6.886540570620e-01  ,6.669978044413e-01  
  1.263443244198e-05  ,7.062164057051e-01  ,6.834020934388e-01  
  1.263634686866e-05  ,7.275304318562e-01  ,7.032294582781e-01  
  1.264017572203e-05  ,7.621983478830e-01  ,7.351799666190e-01  
  1.264783342877e-05  ,7.981475862059e-01  ,7.668770126533e-01  
  1.265568932095e-05  ,7.872554612500e-01  ,7.535408660089e-01  
  1.266573121348e-05  ,7.042747226436e-01  ,6.705922906388e-01  
  1.267529179850e-05  ,5.604760224023e-01  ,5.301032286440e-01  
  1.268464376727e-05  ,3.711467641680e-01  ,3.466535916089e-01  
  1.268920724788e-05  ,2.660838543446e-01  ,2.452285436687e-01  
  1.269019612619e-05  ,2.425209954019e-01  ,2.225172925838e-01  
  1.269117550501e-05  ,2.189537331291e-01  ,1.998107722024e-01  
  1.269313426265e-05  ,1.712199281864e-01  ,1.538420414107e-01  
  1.269705177793e-05  ,7.399100563974e-02  ,6.030168495892e-02  
  1.270043918440e-05  ,-1.103755760563e-02  ,-2.140529603912e-02  
  1.270466068336e-05  ,-1.167176571724e-01  ,-1.228163912201e-01  
  1.270736114630e-05  ,-1.833611736128e-01  ,-1.866851123281e-01  
  1.271014617333e-05  ,-2.507049075724e-01  ,-2.511434672624e-01  
  1.271571622738e-05  ,-3.791379018441e-01  ,-3.738286705232e-01  
  1.272037582049e-05  ,-4.778367382976e-01  ,-4.678274659263e-01  
  1.272548542866e-05  ,-5.742461224477e-01  ,-5.592888441145e-01  
  1.272855320522e-05  ,-6.251795234583e-01  ,-6.073917354945e-01  
  1.273156808266e-05  ,-6.695837939936e-01  ,-6.491503838417e-01  
  1.273261842826e-05  ,-6.836625856153e-01  ,-6.623429306574e-01  
  1.273430449465e-05  ,-7.046999698206e-01  ,-6.819997952901e-01  
  1.273767662743e-05  ,-7.407910207044e-01  ,-7.155155410652e-01  
  1.274442089298e-05  ,-7.877432021967e-01  ,-7.581622373515e-01  
  1.275113684633e-05  ,-7.994898274318e-01  ,-7.669364379330e-01  
  1.275857252577e-05  ,-7.711629519745e-01  ,-7.370901646273e-01  
  1.276973051527e-05  ,-6.511713583729e-01  ,-6.185155685898e-01  
  1.277941179970e-05  ,-4.821070072674e-01  ,-4.540426753754e-01  
  1.278462124565e-05  ,-3.716481001834e-01  ,-3.471623556125e-01  
  1.278604151258e-05  ,-3.396791152569e-01  ,-3.162899571692e-01  
  1.278820143589e-05  ,-2.897866565365e-01  ,-2.681440373329e-01  
  1.279051409611e-05  ,-2.348936246016e-01  ,-2.152187790912e-01  
  1.279513941655e-05  ,-1.216856018186e-01  ,-1.061983557966e-01  
  1.279867397198e-05  ,-3.331708058367e-02  ,-2.121734246447e-02  
  1.280192615041e-05  ,4.837990196845e-02  ,5.725261215880e-02  
  1.280388639817e-05  ,9.743334234314e-02  ,1.043206611866e-01  
  1.280642332086e-05  ,1.603422513129e-01  ,1.646323179453e-01  
  1.280919754454e-05  ,2.279562566971e-01  ,2.293726206589e-01  
  1.281474599192e-05  ,3.574927825069e-01  ,3.531845395867e-01  
  1.282012158582e-05  ,4.726969473086e-01  ,4.629302987895e-01  
  1.282636517236e-05  ,5.894190124730e-01  ,5.736125598683e-01  
  1.283004352400e-05  ,6.478559552497e-01  ,6.287244491973e-01  
  1.283346892843e-05  ,6.945179700208e-01  ,6.724786051413e-01  
  1.283457329074e-05  ,7.078725545563e-01  ,6.849406102735e-01  
  1.283660282889e-05  ,7.301823210740e-01  ,7.056831938239e-01  
  1.284066190520e-05  ,7.658210013900e-01  ,7.384761865594e-01  
  1.284878005782e-05  ,7.994125308394e-01  ,7.677361726008e-01  
  1.285654505292e-05  ,7.831478471856e-01  ,7.492952957066e-01  
  1.286859413186e-05  ,6.673440936721e-01  ,6.343480872583e-01  
  1.287901004353e-05  ,4.901261664189e-01  ,4.618145287900e-01  
  1.288466950455e-05  ,3.705736191589e-01  ,3.461201442388e-01  
  1.288743404248e-05  ,3.076775963624e-01  ,2.853955553873e-01  
  1.288932611743e-05  ,2.632645785045e-01  ,2.425587390459e-01  
  1.289154750803e-05  ,2.099465169202e-01  ,1.911760145419e-01  
  1.289599028924e-05  ,1.005087157032e-01  ,8.582459544906e-02  
  1.289946896532e-05  ,1.334573806558e-02  ,2.024791864221e-03  
  1.290310373107e-05  ,-7.788172217158e-02  ,-8.556841614252e-02  
  1.290482556024e-05  ,-1.208155413205e-01  ,-1.267473207125e-01  
  1.290666734377e-05  ,-1.663459980960e-01  ,-1.703828217437e-01  
  1.291035091081e-05  ,-2.555861043879e-01  ,-2.558108786419e-01  
  1.291617428461e-05  ,-3.892355853864e-01  ,-3.834716220829e-01  
  1.292092626491e-05  ,-4.888600411704e-01  ,-4.783192622216e-01  
  1.292612080970e-05  ,-5.852491727532e-01  ,-5.697082099819e-01  
  1.292920572260e-05  ,-6.352797440030e-01  ,-6.169181733870e-01  
  1.293222730556e-05  ,-6.785061698290e-01  ,-6.575165784574e-01  
  1.293311187574e-05  ,-6.900206597627e-01  ,-6.682935222400e-01  
  1.293488101611e-05  ,-7.114426333585e-01  ,-6.882868429784e-01  
  1.293841929683e-05  ,-7.476358700412e-01  ,-7.218279064133e-01  
  1.294549585828e-05  ,-7.920042526748e-01  ,-7.618659059233e-01  
  1.295256273398e-05  ,-7.974086135242e-01  ,-7.644472128422e-01  
  1.295989038000e-05  ,-7.616920572471e-01  ,-7.275731267698e-01  
  1.296991886148e-05  ,-6.484101228865e-01  ,-6.158204788065e-01  
  1.297890426168e-05  ,-4.922246667291e-01  ,-4.638435173993e-01  
  1.298377023587e-05  ,-3.904531777823e-01  ,-3.653235518557e-01  
  1.298660294661e-05  ,-3.268516677646e-01  ,-3.038950957806e-01  
  1.298766037026e-05  ,-3.024191388084e-01  ,-2.803191116478e-01  
  1.298937456259e-05  ,-2.621145301417e-01  ,-2.414491440764e-01  
  1.299280294725e-05  ,-1.793444223035e-01  ,-1.616976808499e-01  
  1.299965971658e-05  ,-8.552092336440e-03  ,2.597385061911e-03  
  1.300393933007e-05  ,9.875362753630e-02  ,1.056160754522e-01  
  1.300637976775e-05  ,1.592697037051e-01  ,1.636309486083e-01  
  1.300887533972e-05  ,2.201825283183e-01  ,2.219559374615e-01  
  1.301386648366e-05  ,3.375841793641e-01  ,3.341866717787e-01  
  1.301910871217e-05  ,4.519238536695e-01  ,4.431746448239e-01  
  1.302497678944e-05  ,5.652727874759e-01  ,5.507940482230e-01  
  1.302855120549e-05  ,6.251481638576e-01  ,6.073587381244e-01  
  1.303114773282e-05  ,6.637443023893e-01  ,6.436674434000e-01  
  1.303224836984e-05  ,6.787864904619e-01  ,6.577737478866e-01  
  1.303389383057e-05  ,6.997559696315e-01  ,6.773843572997e-01  
  1.303718475202e-05  ,7.360354098051e-01  ,7.111184251613e-01  
  1.304376659492e-05  ,7.847094851290e-01  ,7.554911730363e-01  
  1.305013907650e-05  ,7.999923639888e-01  ,7.677874805195e-01  
  1.305765224198e-05  ,7.769938201738e-01  ,7.430017655837e-01  
  1.306999934414e-05  ,6.472232841517e-01  ,6.146560243159e-01  
  1.308035118082e-05  ,4.630592343353e-01  ,4.355796993582e-01  
  1.308529538611e-05  ,3.565621466716e-01  ,3.325793499168e-01  
  1.308678010055e-05  ,3.227828229456e-01  ,2.999694198696e-01  
  1.308871836910e-05  ,2.776393440250e-01  ,2.564189549510e-01  
  1.309169711122e-05  ,2.063160584561e-01  ,1.876753300405e-01  
  1.309765459546e-05  ,5.889312114290e-02  ,4.579139609484e-02  
  1.310182543048e-05  ,-4.585292919719e-02  ,-5.484590840945e-02  
  1.310520054349e-05  ,-1.301232097435e-01  ,-1.356896247051e-01  
  1.310858869502e-05  ,-2.132477598609e-01  ,-2.153276256779e-01  
  1.311201000163e-05  ,-2.947333440042e-01  ,-2.932596442453e-01  
  1.311869242737e-05  ,-4.432523583973e-01  ,-4.349316732298e-01  
  1.312371113846e-05  ,-5.423229812288e-01  ,-5.290594566699e-01  
  1.312909641811e-05  ,-6.336063356093e-01  ,-6.153469094443e-01  
  1.313192726621e-05  ,-6.744810867640e-01  ,-6.537585150978e-01  
  1.313311432996e-05  ,-6.900518692580e-01  ,-6.683385169526e-01  
  1.313485534438e-05  ,-7.111473401853e-01  ,-6.880267582085e-01  
  1.313833737323e-05  ,-7.469007215701e-01  ,-7.211651198340e-01  
  1.314530143091e-05  ,-7.913003402130e-01  ,-7.612578973029e-01  
  1.315242493102e-05  ,-7.976796768940e-01  ,-7.647295841085e-01  
  1.315977120349e-05  ,-7.626024785228e-01  ,-7.284830093458e-01  
  1.316988909194e-05  ,-6.488480700228e-01  ,-6.162616260775e-01  
  1.317893856713e-05  ,-4.915447096624e-01  ,-4.631999542664e-01  
  1.318383508870e-05  ,-3.890297553830e-01  ,-3.639582783069e-01  
  1.318660819480e-05  ,-3.267312730577e-01  ,-3.037873566682e-01  
  1.318832797506e-05  ,-2.868200789674e-01  ,-2.652784736851e-01  
  1.319059555927e-05  ,-2.329357076650e-01  ,-2.133303914751e-01  
  1.319513072768e-05  ,-1.219014313253e-01  ,-1.064068576884e-01  
  1.319887464443e-05  ,-2.827737880637e-02  ,-1.637437568616e-02  
  1.320211750963e-05  ,5.317957809894e-02  ,6.185993282887e-02  
  1.320401778021e-05  ,1.007099130490e-01  ,1.074637191334e-01  
  1.320645784536e-05  ,1.611922453034e-01  ,1.654441391352e-01  
  1.320950662294e-05  ,2.353913493680e-01  ,2.364859019840e-01  
  1.321560417810e-05  ,3.766557893548e-01  ,3.714708721137e-01  
  1.322126140395e-05  ,4.955002092875e-01  ,4.846052456075e-01  
  1.322722857395e-05  ,6.038723829824e-01  ,5.872670070916e-01  
  1.323033621112e-05  ,6.521441313235e-01  ,6.327536523360e-01  
  1.323307094672e-05  ,6.894995748897e-01  ,6.677898799841e-01  
  1.323449959555e-05  ,7.070077475682e-01  ,6.841410478078e-01  
  1.323642594317e-05  ,7.283547170540e-01  ,7.039950062370e-01  
  1.324027863839e-05  ,7.629800644694e-01  ,7.358943223714e-01  
  1.324798402885e-05  ,7.983960781975e-01  ,7.670598363578e-01  
  1.325586525300e-05  ,7.864573359998e-01  ,7.527127003156e-01  
  1.326626030305e-05  ,6.978702436082e-01  ,6.642901840030e-01  
  1.327606079677e-05  ,5.465228301624e-01  ,5.165412136515e-01  
  1.328539041379e-05  ,3.544225944384e-01  ,3.305425270947e-01  
  1.328915370205e-05  ,2.673526120863e-01  ,2.465082789730e-01  
  1.328994150782e-05  ,2.486112959498e-01  ,2.284401777021e-01  
  1.329093783671e-05  ,2.246927577043e-01  ,2.053890121860e-01  
  1.329293049449e-05  ,1.762189696400e-01  ,1.586963155550e-01  
  1.329691581005e-05  ,7.739291858054e-02  ,6.360148975851e-02  
  1.330029241318e-05  ,-7.349041295783e-03  ,-1.784302930774e-02  
  1.330473370427e-05  ,-1.185329267624e-01  ,-1.245439658316e-01  
  1.330736301416e-05  ,-1.834068680451e-01  ,-1.867186846712e-01  
  1.331012047404e-05  ,-2.500914676979e-01  ,-2.505486011539e-01  
  1.331563539380e-05  ,-3.773477489207e-01  ,-3.721161054113e-01  
  1.332028753632e-05  ,-4.760553601602e-01  ,-4.661303121566e-01  
  1.332539118403e-05  ,-5.725944723289e-01  ,-5.577236446306e-01  
  1.332846864635e-05  ,-6.238513298352e-01  ,-6.061378659223e-01  
  1.333130247468e-05  ,-6.659074897159e-01  ,-6.456989419058e-01  
  1.333235598677e-05  ,-6.802140008062e-01  ,-6.591120547064e-01  
  1.333401355469e-05  ,-7.012093978417e-01  ,-6.787420903125e-01  
  1.333732869053e-05  ,-7.374452956261e-01  ,-7.124232123681e-01  
  1.334395896220e-05  ,-7.856358839011e-01  ,-7.563098984200e-01  
  1.335043575191e-05  ,-7.999250396574e-01  ,-7.676132018023e-01  
  1.335792656565e-05  ,-7.753234501598e-01  ,-7.413041837930e-01  
  1.336988027716e-05  ,-6.489776375965e-01  ,-6.163709432918e-01  
  1.338001157665e-05  ,-4.699927848090e-01  ,-4.422991473978e-01  
  1.338487755084e-05  ,-3.659317631888e-01  ,-3.416350668908e-01  
  1.338631197387e-05  ,-3.335126566232e-01  ,-3.103318786371e-01  
  1.338846817189e-05  ,-2.835280209751e-01  ,-2.621031100334e-01  
  1.339110157961e-05  ,-2.207401477317e-01  ,-2.015761001215e-01  
  1.339636839503e-05  ,-9.107430812479e-02  ,-7.675277133280e-02  
  1.340039692396e-05  ,9.975528627658e-03  ,2.037602234841e-02  
  1.340578145856e-05  ,1.445063035261e-01  ,1.494537124262e-01  
  1.340766720051e-05  ,1.908397955883e-01  ,1.938452406785e-01  
  1.340997017497e-05  ,2.465005895720e-01  ,2.471225516794e-01  
  1.341457612389e-05  ,3.536684360457e-01  ,3.495351365121e-01  
  1.341970435852e-05  ,4.641967829911e-01  ,4.548463913199e-01  
  1.342587865466e-05  ,5.810829780329e-01  ,5.657307436643e-01  
  1.342956035906e-05  ,6.406574067403e-01  ,6.219510250988e-01  
  1.343310683542e-05  ,6.899565508968e-01  ,6.682130817673e-01  
  1.343412123197e-05  ,7.025081072938e-01  ,6.799377177925e-01  
  1.343608445996e-05  ,7.247628988522e-01  ,7.006559717096e-01  
  1.344001091594e-05  ,7.609299462951e-01  ,7.340143017878e-01  
  1.344786382788e-05  ,7.981991845054e-01  ,7.669278551279e-01  
  1.345550812358e-05  ,7.880523328819e-01  ,7.544055128609e-01  
  1.346527136439e-05  ,7.096830795480e-01  ,6.759463836151e-01  
  1.347467101687e-05  ,5.715016423684e-01  ,5.408321865125e-01  
  1.348413921469e-05  ,3.823332001614e-01  ,3.575153719825e-01  
  1.348884574646e-05  ,2.746347600534e-01  ,2.535300834370e-01  
  1.348995700055e-05  ,2.482411706565e-01  ,2.280827362007e-01  
  1.349098927850e-05  ,2.234516336734e-01  ,2.041922551319e-01  
  1.349305383438e-05  ,1.731939234047e-01  ,1.557820279292e-01  
  1.349718294615e-05  ,7.070790007053e-02  ,5.717211442840e-02  
  1.350064932877e-05  ,-1.631828009545e-02  ,-2.645875335494e-02  
  1.350485518152e-05  ,-1.215514142910e-01  ,-1.274491206760e-01  
  1.350764654154e-05  ,-1.903355285227e-01  ,-1.933705208173e-01  
  1.351051091725e-05  ,-2.593935065224e-01  ,-2.594528377518e-01  
  1.351623966867e-05  ,-3.906704249135e-01  ,-3.848252911336e-01  
  1.352080240422e-05  ,-4.863922134488e-01  ,-4.759584768610e-01  
  1.352583899671e-05  ,-5.803974653575e-01  ,-5.651063173568e-01  
  1.352885759944e-05  ,-6.299241485551e-01  ,-6.118616205052e-01  
  1.353206209415e-05  ,-6.762972639556e-01  ,-6.554369441192e-01  
  1.353301260197e-05  ,-6.887547922962e-01  ,-6.671008616534e-01  
  1.353486220860e-05  ,-7.112263423135e-01  ,-6.880780248975e-01  
  1.353850516999e-05  ,-7.484011438868e-01  ,-7.225272045060e-01  
  1.354579109275e-05  ,-7.930166213454e-01  ,-7.627267958727e-01  
  1.355276334608e-05  ,-7.969872886668e-01  ,-7.639690855073e-01  
  1.356002319181e-05  ,-7.606648932115e-01  ,-7.265429273478e-01  
  1.356996077621e-05  ,-6.477925434805e-01  ,-6.152168464835e-01  
  1.357887316072e-05  ,-4.928406144708e-01  ,-4.644417691037e-01  
  1.358370337212e-05  ,-3.919190396595e-01  ,-3.667421842424e-01  
  1.358659196222e-05  ,-3.271036235500e-01  ,-3.041397002283e-01  
  1.358765273863e-05  ,-3.025967012487e-01  ,-2.804917152297e-01  
  1.358935035342e-05  ,-2.626893120152e-01  ,-2.420044253537e-01  
  1.359274558300e-05  ,-1.807491560814e-01  ,-1.630512936772e-01  
  1.359953604215e-05  ,-1.166011961310e-02  ,-4.057608216868e-04  
  1.360349006528e-05  ,8.753926563908e-02  ,9.483666569530e-02  
  1.360565892929e-05  ,1.414763998922e-01  ,1.465585705227e-01  
  1.360775030726e-05  ,1.928675432333e-01  ,1.957893012705e-01  
  1.361193306321e-05  ,2.929348244725e-01  ,2.915274754009e-01  
  1.361727438444e-05  ,4.131536349440e-01  ,4.062554909045e-01  
  1.362161062235e-05  ,5.023608861237e-01  ,4.911263713300e-01  
  1.362666211599e-05  ,5.944393252028e-01  ,5.783772174004e-01  
  1.362929701382e-05  ,6.366716362530e-01  ,6.182132267337e-01  
  1.363204292530e-05  ,6.760397922859e-01  ,6.551937276537e-01  
  1.363380834037e-05  ,6.987120754715e-01  ,6.764044696002e-01  
  1.363618544811e-05  ,7.258338262896e-01  ,7.016580476987e-01  
  1.364070720547e-05  ,7.661494572908e-01  ,7.387858978539e-01  
  1.364774502391e-05  ,7.979933945679e-01  ,7.667611405183e-01  
  1.365556813353e-05  ,7.877912474057e-01  ,7.540974903106e-01  
  1.366537756795e-05  ,7.084471155923e-01  ,6.747023734950e-01  
  1.367481447333e-05  ,5.689728908576e-01  ,5.383665030254e-01  
  1.368425286883e-05  ,3.798216563897e-01  ,3.550744981831e-01  
  1.368891320699e-05  ,2.730417129145e-01  ,2.519834587069e-01  
  1.369000955993e-05  ,2.469850766383e-01  ,2.268623941812e-01  
  1.369102824056e-05  ,2.225112164178e-01  ,2.032773296700e-01  
  1.369306560183e-05  ,1.729051772509e-01  ,1.554967766438e-01  
  1.369714032435e-05  ,7.177484655830e-02  ,5.819301133072e-02  
  1.370058174753e-05  ,-1.462009625375e-02  ,-2.483130452100e-02  
  1.370480697179e-05  ,-1.203537001234e-01  ,-1.263030396142e-01  
  1.370754319751e-05  ,-1.878117934922e-01  ,-1.909552098578e-01  
  1.371035988951e-05  ,-2.557999271093e-01  ,-2.560177908350e-01  
  1.371599327350e-05  ,-3.852547862407e-01  ,-3.796625074819e-01  
  1.372058730149e-05  ,-4.820889802379e-01  ,-4.718693734650e-01  
  1.372562389398e-05  ,-5.766636109809e-01  ,-5.615750353932e-01  
  1.372865106487e-05  ,-6.267111286705e-01  ,-6.088343069941e-01  
  1.373206268573e-05  ,-6.763052059700e-01  ,-6.554442876729e-01  
  1.373309887522e-05  ,-6.898552681938e-01  ,-6.681304457044e-01  
  1.373485795730e-05  ,-7.111774168576e-01  ,-6.880303828267e-01  
  1.373837612146e-05  ,-7.472490490911e-01  ,-7.214645705615e-01  
  1.374541244978e-05  ,-7.917058948742e-01  ,-7.616065365759e-01  
  1.375254861587e-05  ,-7.974370715686e-01  ,-7.644781023347e-01  
  1.375984422439e-05  ,-7.620459197975e-01  ,-7.279274484579e-01  
  1.376992187971e-05  ,-6.483656892763e-01  ,-6.157767713863e-01  
  1.377892963165e-05  ,-4.917218719083e-01  ,-4.633619000788e-01  
  1.378380603665e-05  ,-3.896676042954e-01  ,-3.645682529308e-01  
  1.378658994609e-05  ,-3.271498644773e-01  ,-3.041862991916e-01  
  1.378764159554e-05  ,-3.028559323174e-01  ,-2.807436514359e-01  
  1.378937031651e-05  ,-2.622153530406e-01  ,-2.415490989159e-01  
  1.379282775843e-05  ,-1.787366663617e-01  ,-1.611144595934e-01  
  1.379974264228e-05  ,-6.468034424416e-03  ,4.582364074114e-03  
  1.380375179970e-05  ,9.407483575305e-02  ,1.011062055931e-01  
  1.380621347153e-05  ,1.551717347812e-01  ,1.596851351225e-01  
  1.380856226707e-05  ,2.126075115592e-01  ,2.146880889999e-01  
  1.381325985813e-05  ,3.237014656826e-01  ,3.209185020220e-01  
  1.381845589304e-05  ,4.382913164856e-01  ,4.301927519334e-01  
  1.382418613458e-05  ,5.510384701242e-01  ,5.373085874365e-01  
  1.382896642709e-05  ,6.316065001016e-01  ,6.134528420964e-01  
  1.383168253624e-05  ,6.711535980589e-01  ,6.506291031463e-01  
  1.383285525763e-05  ,6.867347320389e-01  ,6.652263094755e-01  
  1.383455100977e-05  ,7.076114892402e-01  ,6.847237841117e-01  
  1.383794251406e-05  ,7.432881172991e-01  ,7.178283531155e-01  
  1.384472552264e-05  ,7.890421674365e-01  ,7.593004983629e-01  
  1.385165232742e-05  ,7.989224078147e-01  ,7.662042531835e-01  
  1.385905820453e-05  ,7.678255452457e-01  ,7.337237555793e-01  
  1.386972892606e-05  ,6.511945599901e-01  ,6.185384347128e-01  
  1.387912708843e-05  ,4.877979227600e-01  ,4.595613460495e-01  
  1.388420093381e-05  ,3.809699258261e-01  ,3.561748981364e-01  
  1.388670768166e-05  ,3.244473444842e-01  ,3.015886221148e-01  
  1.388847104782e-05  ,2.834604316381e-01  ,2.620432328274e-01  
  1.389082394117e-05  ,2.274385960164e-01  ,2.080374117909e-01  
  1.389552972788e-05  ,1.119812472336e-01  ,9.686470464732e-02  
  1.389908887023e-05  ,2.289606192158e-02  ,1.120561559447e-02  
  1.390238128179e-05  ,-5.979233074687e-02  ,-6.820494838867e-02  
  1.390427186662e-05  ,-1.070417224465e-01  ,-1.135349176456e-01  
  1.390647649342e-05  ,-1.616512821129e-01  ,-1.658819507631e-01  
  1.391000583345e-05  ,-2.473530262320e-01  ,-2.479282109991e-01  
  1.391584634358e-05  ,-3.820143346450e-01  ,-3.765794573106e-01  
  1.392166748220e-05  ,-5.034722414625e-01  ,-4.921762042904e-01  
  1.392746999437e-05  ,-6.078347380247e-01  ,-5.910065698597e-01  
  1.393047183329e-05  ,-6.541124676911e-01  ,-6.346023462977e-01  
  1.393296964043e-05  ,-6.882049001268e-01  ,-6.665767680836e-01  
  1.393568127924e-05  ,-7.204147816169e-01  ,-6.966231926625e-01  
  1.393814518625e-05  ,-7.451567068816e-01  ,-7.195368911260e-01  
  1.394307300025e-05  ,-7.811315826789e-01  ,-7.523105290187e-01  
  1.395142063075e-05  ,-7.992033820817e-01  ,-7.665608129973e-01  
  1.395941361362e-05  ,-7.652699939479e-01  ,-7.311530328232e-01  
  1.396991148168e-05  ,-6.485187418539e-01  ,-6.159207468482e-01  
  1.397933795625e-05  ,-4.835867407171e-01  ,-4.554782458902e-01  
  1.398437976414e-05  ,-3.770117876105e-01  ,-3.523482023261e-01  
  1.398577302271e-05  ,-3.457763712558e-01  ,-3.221803707598e-01  
  1.398784093136e-05  ,-2.982130387518e-01  ,-2.762757381252e-01  
  1.399012565190e-05  ,-2.442082629850e-01  ,-2.241990855649e-01  
  1.399469509298e-05  ,-1.327105180534e-01  ,-1.168154082881e-01  
  1.399846210653e-05  ,-3.863644327190e-02  ,-2.633627572602e-02  
  1.400180071169e-05  ,4.523268573861e-02  ,5.422674803585e-02  
  1.400392338210e-05  ,9.835586454003e-02  ,1.052018692747e-01  
  1.400663427585e-05  ,1.655329861349e-01  ,1.696009768469e-01  
  1.400935448283e-05  ,2.317342446951e-01  ,2.329849322185e-01  
  1.401479489678e-05  ,3.585919260642e-01  ,3.542305806387e-01  
  1.402017868632e-05  ,4.738539696094e-01  ,4.640285946042e-01  
  1.402633882636e-05  ,5.889711068871e-01  ,5.731877483563e-01  
  1.402999482626e-05  ,6.471371570360e-01  ,6.280470235624e-01  
  1.403339638883e-05  ,6.936113418691e-01  ,6.716301407964e-01  
  1.403448119336e-05  ,7.067912078892e-01  ,6.839316683655e-01  
  1.403650477105e-05  ,7.291719576649e-01  ,7.047457849206e-01  
  1.404055192643e-05  ,7.650171326417e-01  ,7.377435264443e-01  
  1.404864623719e-05  ,7.992765984594e-01  ,7.676553308742e-01  
  1.405636652881e-05  ,7.840516090864e-01  ,7.502252923187e-01  
  1.406801327640e-05  ,6.752834911052e-01  ,6.421291017833e-01  
  1.407827719623e-05  ,5.045519884986e-01  ,4.758066042746e-01  
  1.408399477178e-05  ,3.855180803731e-01  ,3.605678325744e-01  
  1.408944189125e-05  ,2.605151954255e-01  ,2.399212451520e-01  
  1.409029284069e-05  ,2.402035618997e-01  ,2.203415534634e-01  
  1.409125638703e-05  ,2.169978588869e-01  ,1.979797386018e-01  
  1.409318347970e-05  ,1.700114273024e-01  ,1.527232585460e-01  
  1.409703766504e-05  ,7.434417364019e-02  ,6.067261586415e-02  
  1.410039638677e-05  ,-9.962028697869e-03  ,-2.035038360427e-02  
  1.410462459126e-05  ,-1.158201949671e-01  ,-1.219408585956e-01  
  1.410727439025e-05  ,-1.812381227053e-01  ,-1.846397104318e-01  
  1.411000204781e-05  ,-2.472625430170e-01  ,-2.478410823562e-01  
  1.411545736292e-05  ,-3.733964843724e-01  ,-3.683464247475e-01  
  1.412016836503e-05  ,-4.736449430622e-01  ,-4.638384371395e-01  
  1.412528989413e-05  ,-5.708137569358e-01  ,-5.560388851890e-01  
  1.412839790383e-05  ,-6.227367715514e-01  ,-6.050875529016e-01  
  1.413115610877e-05  ,-6.638617944657e-01  ,-6.437789431343e-01  
  1.413221949288e-05  ,-6.784021242011e-01  ,-6.574150469572e-01  
  1.413385955194e-05  ,-6.993380097126e-01  ,-6.769956924459e-01  
  1.413713259199e-05  ,-7.355207827266e-01  ,-7.106435530535e-01  
  1.414367867211e-05  ,-7.842765229838e-01  ,-7.551086679680e-01  
  1.415003252724e-05  ,-7.999995823100e-01  ,-7.678343627303e-01  
  1.415755463341e-05  ,-7.775742498080e-01  ,-7.435928309464e-01  
  1.417004925707e-05  ,-6.464851631933e-01  ,-6.139346248362e-01  
  1.418048454025e-05  ,-4.603220360029e-01  ,-4.329273767206e-01  
  1.418546003798e-05  ,-3.528529969469e-01  ,-3.289949154040e-01  
  1.418696207502e-05  ,-3.185928524943e-01  ,-2.959234238243e-01  
  1.418883254328e-05  ,-2.749464023452e-01  ,-2.538199827142e-01  
  1.419194055298e-05  ,-2.003986896606e-01  ,-1.819735553809e-01  
  1.419815657237e-05  ,-4.630449587372e-02  ,-3.368683708494e-02  
  1.420215157369e-05  ,5.403377691517e-02  ,6.269870509487e-02  
  1.420483713546e-05  ,1.211031137987e-01  ,1.270392948704e-01  
  1.420826961794e-05  ,2.055080443593e-01  ,2.079068983057e-01  
  1.421170172790e-05  ,2.875168424595e-01  ,2.863541335194e-01  
  1.421851602891e-05  ,4.395549040846e-01  ,4.314252009955e-01  
  1.422348109582e-05  ,5.380585069027e-01  ,5.250304021430e-01  
  1.422882316211e-05  ,6.293902520837e-01  ,6.113853220913e-01  
  1.423160111108e-05  ,6.700376894650e-01  ,6.495995262446e-01  
  1.423280251721e-05  ,6.860538684535e-01  ,6.646022699017e-01  
  1.423454446295e-05  ,7.075347143885e-01  ,6.846613797537e-01  
  1.423802500167e-05  ,7.440522742171e-01  ,7.185394225027e-01  
  1.424498607913e-05  ,7.900958652335e-01  ,7.602190046932e-01  
  1.425183241764e-05  ,7.986747777367e-01  ,7.659020379798e-01  
  1.425921221772e-05  ,7.667298553601e-01  ,7.326209841460e-01  
  1.426973839799e-05  ,6.510562508776e-01  ,6.184034331319e-01  
  1.427904417315e-05  ,4.894479469899e-01  ,4.611617168981e-01  
  1.428407555023e-05  ,3.837379378774e-01  ,3.588437171416e-01  
  1.428669219413e-05  ,3.248031017478e-01  ,3.019264466914e-01  
  1.428841067055e-05  ,2.848789184889e-01  ,2.634065023526e-01  
  1.429074381986e-05  ,2.293684493783e-01  ,2.098931072943e-01  
  1.429541011849e-05  ,1.149569656720e-01  ,9.972509053375e-02  
  1.429902104238e-05  ,2.460001015702e-02  ,1.284094239666e-02  
  1.430228625932e-05  ,-5.741057238947e-02  ,-6.592051691199e-02  
  1.430417460898e-05  ,-1.046188548118e-01  ,-1.112124840906e-01  
  1.430645448664e-05  ,-1.611095618082e-01  ,-1.653664580100e-01  
  1.430979383686e-05  ,-2.422805979449e-01  ,-2.430776386759e-01  
  1.431556133130e-05  ,-3.757054130173e-01  ,-3.705625425902e-01  
  1.432132137516e-05  ,-4.966826566452e-01  ,-4.857277499190e-01  
  1.432717604139e-05  ,-6.030055735899e-01  ,-5.864476580768e-01  
  1.433026654223e-05  ,-6.511283950913e-01  ,-6.317978119299e-01  
  1.433329706588e-05  ,-6.923641232137e-01  ,-6.704625061732e-01  
  1.433568572202e-05  ,-7.204633260320e-01  ,-6.966630680710e-01  
  1.433821742931e-05  ,-7.458154715759e-01  ,-7.201392784435e-01  
  1.434328084388e-05  ,-7.822427389107e-01  ,-7.532908774959e-01  
  1.435109352270e-05  ,-7.995279667110e-01  ,-7.669862224712e-01  
  1.435922061601e-05  ,-7.666695913912e-01  ,-7.325750682861e-01  
  1.436976914802e-05  ,-6.506068412438e-01  ,-6.179778103278e-01  
  1.437927012840e-05  ,-4.849436358731e-01  ,-4.568030227143e-01  
  1.438435440460e-05  ,-3.775738096027e-01  ,-3.528978219411e-01  
  1.438579609194e-05  ,-3.452534416853e-01  ,-3.216812574404e-01  
  1.438781333664e-05  ,-2.988564713965e-01  ,-2.769013197642e-01  
  1.439009693959e-05  ,-2.448953387752e-01  ,-2.248653225913e-01  
  1.439466414550e-05  ,-1.334774734520e-01  ,-1.175561304288e-01  
  1.439844829538e-05  ,-3.898314641452e-02  ,-2.667129383100e-02  
  1.440179360607e-05  ,4.505438661964e-02  ,5.405431959080e-02  
  1.440392894247e-05  ,9.849455014450e-02  ,1.053338785829e-01  
  1.440665324727e-05  ,1.659994416620e-01  ,1.700471806754e-01  
  1.440937196413e-05  ,2.321547263772e-01  ,2.333868046415e-01  
  1.441480939785e-05  ,3.589176768978e-01  ,3.545410980526e-01  
  1.442019691268e-05  ,4.742229677138e-01  ,4.643792167161e-01  
  1.442634438673e-05  ,5.890656717351e-01  ,5.732769419237e-01  
  1.442999628881e-05  ,6.471587669170e-01  ,6.280671610730e-01  
  1.443339114586e-05  ,6.935456734992e-01  ,6.715686140899e-01  
  1.443448004821e-05  ,7.067777249813e-01  ,6.839189708204e-01  
  1.443649990061e-05  ,7.291215933577e-01  ,7.046989763775e-01  
  1.444053960541e-05  ,7.649265054172e-01  ,7.376608619218e-01  
  1.444861901501e-05  ,7.992472174691e-01  ,7.676371734623e-01  
  1.445634377697e-05  ,7.841650169345e-01  ,7.503420973352e-01  
  1.446793390015e-05  ,6.763510366306e-01  ,6.431758879796e-01  
  1.447818291882e-05  ,5.063885484588e-01  ,4.775884082105e-01  
  1.448391763070e-05  ,3.872157473931e-01  ,3.622093332744e-01  
  1.448941243389e-05  ,2.612150736457e-01  ,2.405965702780e-01  
  1.449036461809e-05  ,2.384822261532e-01  ,2.186829543723e-01  
  1.449131140062e-05  ,2.156667286676e-01  ,1.966975891024e-01  
  1.449320496568e-05  ,1.694837216673e-01  ,1.522154450613e-01  
  1.449699209580e-05  ,7.548442095374e-02  ,6.176935640637e-02  
  1.450032325038e-05  ,-8.124028594009e-03  ,-1.858466001879e-02  
  1.450457231650e-05  ,-1.145200727987e-01  ,-1.206938929829e-01  
  1.450717778453e-05  ,-1.788724520609e-01  ,-1.823733641380e-01  
  1.450985328802e-05  ,-2.437041759803e-01  ,-2.444364982969e-01  
  1.451520429501e-05  ,-3.677597553582e-01  ,-3.629687338504e-01  
  1.452000991949e-05  ,-4.704298702403e-01  ,-4.607815319869e-01  
  1.452514932999e-05  ,-5.683330128958e-01  ,-5.536916836430e-01  
  1.452830576846e-05  ,-6.212805550018e-01  ,-6.037152875211e-01  
  1.453101926991e-05  ,-6.619365583680e-01  ,-6.419718750113e-01  
  1.453209867278e-05  ,-6.767878990781e-01  ,-6.559031533106e-01  
  1.453372364441e-05  ,-6.976729094260e-01  ,-6.754416865594e-01  
  1.453690168956e-05  ,-7.332189230319e-01  ,-7.085134769632e-01  
  1.454325777987e-05  ,-7.821210802626e-01  ,-7.531946069281e-01  
  1.454953265885e-05  ,-7.999137776233e-01  ,-7.679378012241e-01  
  1.455710244873e-05  ,-7.801676877340e-01  ,-7.462390985590e-01  
  1.457204533318e-05  ,-6.156837222211e-01  ,-5.838590333591e-01  
  1.458555174568e-05  ,-3.507829767336e-01  ,-3.269990137972e-01  
  1.459351641634e-05  ,-1.618257994875e-01  ,-1.447437339832e-01  
  1.459567745724e-05  ,-1.083037641017e-01  ,-9.324362198427e-02  
  1.459786159495e-05  ,-5.370356423842e-02  ,-4.074950809793e-02  
  1.460074534217e-05  ,1.873078000343e-02  ,2.883125817618e-02  
  1.460336384872e-05  ,8.438546593632e-02  ,9.183946369245e-02  
  1.460505233654e-05  ,1.264465688233e-01  ,1.321745126390e-01  
  1.460678720424e-05  ,1.692913920160e-01  ,1.732291438287e-01  
  1.461025693962e-05  ,2.533470146698e-01  ,2.536894752095e-01  
  1.461584636518e-05  ,3.820148117678e-01  ,3.765973785318e-01  
  1.462143206546e-05  ,4.988604946346e-01  ,4.878061155613e-01  
  1.462714442560e-05  ,6.024831077839e-01  ,5.859596289403e-01  
  1.463015334257e-05  ,6.494713536022e-01  ,6.302432751977e-01  
  1.463310153732e-05  ,6.898891444950e-01  ,6.681506829083e-01  
  1.463542313823e-05  ,7.175701158354e-01  ,6.939747001234e-01  
  1.463792318055e-05  ,7.431082913464e-01  ,7.176440016930e-01  
  1.464292326519e-05  ,7.803104398728e-01  ,7.515681761820e-01  
  1.465058991262e-05  ,7.998626202615e-01  ,7.674939473969e-01  
  1.465871551582e-05  ,7.701989898113e-01  ,7.361161130466e-01  
  1.466949948618e-05  ,6.545271993294e-01  ,6.217970373755e-01  
  1.467918673107e-05  ,4.866089794443e-01  ,4.584069229098e-01  
  1.468438202092e-05  ,3.769617608905e-01  ,3.522985631282e-01  
  1.468685896644e-05  ,3.209682195963e-01  ,2.982278260711e-01  
  1.468864952722e-05  ,2.792613421553e-01  ,2.579907805708e-01  
  1.469102402726e-05  ,2.226129279251e-01  ,2.033852386483e-01  
  1.469577302733e-05  ,1.059234539932e-01  ,9.103531548929e-02  
  1.469926809469e-05  ,1.839316594826e-02  ,6.877956870814e-03  
  1.470270094970e-05  ,-6.780084040035e-02  ,-7.589182943033e-02  
  1.470462990502e-05  ,-1.159523355604e-01  ,-1.220812370437e-01  
  1.470661883751e-05  ,-1.651533556860e-01  ,-1.692379208107e-01  
  1.471059670249e-05  ,-2.614320996905e-01  ,-2.614011226627e-01  
  1.471721505323e-05  ,-4.118760081499e-01  ,-4.050403195172e-01  
  1.472208028236e-05  ,-5.114922449698e-01  ,-4.998063670524e-01  
  1.472736274400e-05  ,-6.060787753585e-01  ,-5.893827639522e-01  
  1.473008108833e-05  ,-6.484093840925e-01  ,-6.292701817434e-01  
  1.473270630041e-05  ,-6.848068866138e-01  ,-6.634156689624e-01  
  1.473528718153e-05  ,-7.160529133124e-01  ,-6.925778027207e-01  
  1.473766577938e-05  ,-7.406880417501e-01  ,-7.154212394359e-01  
  1.474242297509e-05  ,-7.774417447658e-01  ,-7.490048418548e-01  
  1.474980277517e-05  ,-7.999846438796e-01  ,-7.679062533042e-01  
  1.475808037022e-05  ,-7.743617248529e-01  ,-7.403299565143e-01  
  1.476922345856e-05  ,-6.584914499972e-01  ,-6.256774387331e-01  
  1.477921021679e-05  ,-4.861403354677e-01  ,-4.579515253411e-01  
  1.478456122378e-05  ,-3.729832908118e-01  ,-3.484515093928e-01  
  1.478703034618e-05  ,-3.170182125485e-01  ,-2.944129653991e-01  
  1.478883059272e-05  ,-2.749924385999e-01  ,-2.538714170881e-01  
  1.479122334668e-05  ,-2.177970045262e-01  ,-1.987429177524e-01  
  1.479600885460e-05  ,-1.000457974559e-01  ,-8.537982888584e-02  
  1.479959221134e-05  ,-1.024856662711e-02  ,9.535845301403e-04  
  1.480338828215e-05  ,8.499609438395e-02  ,9.239345897320e-02  
  1.480500114658e-05  ,1.251760339863e-01  ,1.309275700977e-01  
  1.480671403506e-05  ,1.674936504978e-01  ,1.714814043795e-01  
  1.481013981202e-05  ,2.505530789345e-01  ,2.509956323110e-01  
  1.481580299833e-05  ,3.810568233180e-01  ,3.756698847125e-01  
  1.482146096924e-05  ,4.994281860195e-01  ,4.883370533043e-01  
  1.482720462182e-05  ,6.034773666041e-01  ,5.868935580161e-01  
  1.483022247949e-05  ,6.504843727687e-01  ,6.311921385211e-01  
  1.483317626217e-05  ,6.908380816398e-01  ,6.690353746308e-01  
  1.483555821279e-05  ,7.190645104971e-01  ,6.953623404116e-01  
  1.483807315627e-05  ,7.444960639227e-01  ,7.189225445620e-01  
  1.484310304323e-05  ,7.812942561158e-01  ,7.524455172038e-01  
  1.485079502264e-05  ,7.997504852932e-01  ,7.673097850121e-01  
  1.485894297758e-05  ,7.686335460996e-01  ,7.345538757963e-01  
  1.486960922876e-05  ,6.529374085825e-01  ,6.202577141320e-01  
  1.487921153703e-05  ,4.861139829248e-01  ,4.579372815265e-01  
  1.488435690799e-05  ,3.775183396371e-01  ,3.528437276713e-01  
  1.488679585555e-05  ,3.224204785854e-01  ,2.996356148282e-01  
  1.488860653290e-05  ,2.802736783807e-01  ,2.589723992374e-01  
  1.489097991535e-05  ,2.236775796183e-01  ,2.044153919422e-01  
  1.489572668025e-05  ,1.070779151149e-01  ,9.214867984539e-02  
  1.489920759150e-05  ,1.991334073756e-02  ,8.340686676088e-03  
  1.490257413635e-05  ,-6.462461049933e-02  ,-7.284191657433e-02  
  1.490447999486e-05  ,-1.122231953413e-01  ,-1.185035555039e-01  
  1.490654641339e-05  ,-1.633719226842e-01  ,-1.675299109644e-01  
  1.491048553535e-05  ,-2.587899715208e-01  ,-2.588732471722e-01  
  1.491647133181e-05  ,-3.957409160984e-01  ,-3.896749213156e-01  
  1.492120468566e-05  ,-4.943802811438e-01  ,-4.835657418815e-01  
  1.492644318888e-05  ,-5.907429938368e-01  ,-5.749031276669e-01  
  1.492920809934e-05  ,-6.353160477352e-01  ,-6.169530269420e-01  
  1.493213245222e-05  ,-6.772401945519e-01  ,-6.563379379342e-01  
  1.493311332116e-05  ,-6.900390410795e-01  ,-6.683162425615e-01  
  1.493501098403e-05  ,-7.129305050127e-01  ,-6.896774033661e-01  
  1.493880630979e-05  ,-7.510417256371e-01  ,-7.249686312335e-01  
  1.494639696130e-05  ,-7.948804258592e-01  ,-7.642843001951e-01  
  1.495333568701e-05  ,-7.956113308027e-01  ,-7.624100597854e-01  
  1.496052475223e-05  ,-7.566665520163e-01  ,-7.225248253956e-01  
  1.497015686283e-05  ,-6.448884657305e-01  ,-6.123737602253e-01  
  1.497885169038e-05  ,-4.932655553837e-01  ,-4.648555100672e-01  
  1.498356269249e-05  ,-3.949975213288e-01  ,-3.697220917332e-01  
  1.498645985076e-05  ,-3.301308858095e-01  ,-3.070655822070e-01  
  1.498750628480e-05  ,-3.060008091516e-01  ,-2.837796353779e-01  
  1.498920240948e-05  ,-2.661985304247e-01  ,-2.453910778469e-01  
  1.499259465882e-05  ,-1.844421659805e-01  ,-1.666100275669e-01  
  1.499937915751e-05  ,-1.560248426799e-02  ,-4.194738220597e-03  
  1.500333243558e-05  ,8.360033113413e-02  ,9.105822714599e-02  
  1.500541189262e-05  ,1.353613497983e-01  ,1.406971244139e-01  
  1.500746080229e-05  ,1.857982234070e-01  ,1.890202390870e-01  
  1.501155862162e-05  ,2.841576048572e-01  ,2.831347336849e-01  
  1.501722851345e-05  ,4.121659835608e-01  ,4.053292164266e-01  
  1.502169364640e-05  ,5.039830949354e-01  ,4.926833601567e-01  
  1.502682188103e-05  ,5.971190353332e-01  ,5.809231088926e-01  
  1.502947428772e-05  ,6.393595144862e-01  ,6.207557029544e-01  
  1.503215426156e-05  ,6.775318091965e-01  ,6.566017467301e-01  
  1.503404745409e-05  ,7.016191289401e-01  ,6.791266368789e-01  
  1.503642195413e-05  ,7.283132422704e-01  ,7.039667848631e-01  
  1.504117095420e-05  ,7.694225617947e-01  ,7.417681453718e-01  
  1.504814022729e-05  ,7.986349268289e-01  ,7.672329665365e-01  
  1.505599164912e-05  ,7.858691012192e-01  ,7.521040197979e-01  
  1.506684565493e-05  ,6.905601488366e-01  ,6.571061094426e-01  
  1.507701867768e-05  ,5.286972830574e-01  ,4.992273842303e-01  
  1.508331218311e-05  ,4.004602587642e-01  ,3.750076322278e-01  
  1.508725652048e-05  ,3.117912377995e-01  ,2.893652295094e-01  
  1.508845457384e-05  ,2.838475681162e-01  ,2.624080763642e-01  
  1.508969304660e-05  ,2.545389893991e-01  ,2.341484560695e-01  
  1.509216999212e-05  ,1.948109486590e-01  ,1.765965820654e-01  
  1.509712388316e-05  ,7.218638287501e-02  ,5.858954728333e-02  
  1.510107790628e-05  ,-2.708556228607e-02  ,-3.680770947818e-02  
  1.510551472703e-05  ,-1.379078845358e-01  ,-1.431268804017e-01  
  1.510879782537e-05  ,-2.183089687564e-01  ,-2.201466447599e-01  
  1.511224073866e-05  ,-3.001167064801e-01  ,-2.983854453138e-01  
  1.511885163882e-05  ,-4.465778747692e-01  ,-4.381021196917e-01  
  1.512401414612e-05  ,-5.478968014226e-01  ,-5.343513362578e-01  
  1.512889874676e-05  ,-6.305611060397e-01  ,-6.124830580684e-01  
  1.513160815039e-05  ,-6.701343344221e-01  ,-6.496853252127e-01  
  1.513278552839e-05  ,-6.858341466479e-01  ,-6.643949950475e-01  
  1.513448388824e-05  ,-7.068229334132e-01  ,-6.839990050304e-01  
  1.513788060793e-05  ,-7.427113461348e-01  ,-7.173040759165e-01  
  1.514467404732e-05  ,-7.888277434002e-01  ,-7.591181897814e-01  
  1.515153677711e-05  ,-7.990678256617e-01  ,-7.663887249394e-01  
  1.515894861469e-05  ,-7.685942514862e-01  ,-7.344997329168e-01  
  1.516971768388e-05  ,-6.513586435913e-01  ,-6.186992861323e-01  
  1.517917396078e-05  ,-4.868636921409e-01  ,-4.586553435854e-01  
  1.518427686343e-05  ,-3.792908005979e-01  ,-3.545513458985e-01  
  1.518672810444e-05  ,-3.239781039531e-01  ,-3.011349721666e-01  
  1.518852183172e-05  ,-2.822665388351e-01  ,-2.608910821577e-01  
  1.519088366577e-05  ,-2.259990928137e-01  ,-2.066497250085e-01  
  1.519560733387e-05  ,-1.100496675501e-01  ,-9.500597522018e-02  
  1.519906030545e-05  ,-2.361366976979e-02  ,-1.189527599351e-02  
  1.520230615088e-05  ,5.790920160958e-02  ,6.639711941784e-02  
  1.520417103121e-05  ,1.045297072157e-01  ,1.111252022134e-01  
  1.520640583286e-05  ,1.599116242492e-01  ,1.642146548874e-01  
  1.520977833816e-05  ,2.419093373426e-01  ,2.427200842620e-01  
  1.521555849859e-05  ,3.756425572134e-01  ,3.705014779914e-01  
  1.522130289623e-05  ,4.963184968740e-01  ,4.853810738463e-01  
  1.522716948339e-05  ,6.028972484321e-01  ,5.863449551012e-01  
  1.523026408204e-05  ,6.510924698722e-01  ,6.317637458301e-01  
  1.523329907605e-05  ,6.923894321662e-01  ,6.704859362549e-01  
  1.523568251678e-05  ,7.204283051256e-01  ,6.966303178973e-01  
  1.523821459660e-05  ,7.457897132062e-01  ,7.201153724264e-01  
  1.524327875623e-05  ,7.822317438122e-01  ,7.532809840785e-01  
  1.525109888563e-05  ,7.995233258636e-01  ,7.669797592803e-01  
  1.525922299871e-05  ,7.666524840702e-01  ,7.325578451373e-01  
  1.526977153072e-05  ,6.505719929612e-01  ,6.179437343795e-01  
  1.527927102098e-05  ,4.849257941163e-01  ,4.567857369240e-01  
  1.528435455212e-05  ,3.775705409016e-01  ,3.528946725225e-01  
  1.528579549441e-05  ,3.452669888347e-01  ,3.216943465706e-01  
  1.528781348416e-05  ,2.988530321988e-01  ,2.768980091840e-01  
  1.529009708712e-05  ,2.448918091439e-01  ,2.248619261361e-01  
  1.529466429302e-05  ,1.334738178013e-01  ,1.175526161284e-01  
  1.529844844291e-05  ,3.897944319900e-02  ,2.666773723177e-02  
  1.530179375359e-05  ,-4.505808835429e-02  ,-5.405787124878e-02  
  1.530392871746e-05  ,-9.848893810948e-02  ,-1.053284934747e-01  
  1.530665302226e-05  ,-1.659939096831e-01  ,-1.700418785490e-01  
  1.530937173912e-05  ,-2.321493146636e-01  ,-2.333816252067e-01  
  1.531480917284e-05  ,-3.589126229143e-01  ,-3.545362753147e-01  
  1.532019668767e-05  ,-4.742184133155e-01  ,-4.643748866584e-01  
  1.532634416172e-05  ,-5.890618453946e-01  ,-5.732733253384e-01  
  1.532999606380e-05  ,-6.471554424089e-01  ,-6.280640341259e-01  
  1.533339092085e-05  ,-6.935428548534e-01  ,-6.715659791733e-01  
  1.533447982320e-05  ,-7.067750756622e-01  ,-6.839165011390e-01  
  1.533649967560e-05  ,-7.291192661867e-01  ,-7.046968189973e-01  
  1.534053938040e-05  ,-7.649248493101e-01  ,-7.376593533219e-01  
  1.534861879000e-05  ,-7.992469721819e-01  ,-7.676370223322e-01  
  1.535634355196e-05  ,-7.841661364970e-01  ,-7.503432513460e-01  
  1.536793218502e-05  ,-6.763740572414e-01  ,-6.431984615987e-01  
  1.537818120369e-05  ,-5.064219186288e-01  ,-4.776207830599e-01  
  1.538391666064e-05  ,-3.872370814623e-01  ,-3.622299602840e-01  
  1.538941295394e-05  ,-2.612027196893e-01  ,-2.405846632777e-01  
  1.539036737332e-05  ,-2.384161272804e-01  ,-2.186192500899e-01  
  1.539131639102e-05  ,-2.155459471222e-01  ,-1.965812208270e-01  
  1.539321442643e-05  ,-1.692513368721e-01  ,-1.519916905257e-01  
  1.539701049724e-05  ,-7.502399295550e-02  ,-6.132659902778e-02  
  1.540034723976e-05  ,8.726914005895e-03  ,1.916372285019e-02  
  1.540457991460e-05  ,1.147090639577e-01  ,1.208750991873e-01  
  1.540719655851e-05  ,1.793323167932e-01  ,1.828138628304e-01  
  1.540988249281e-05  ,2.444031832985e-01  ,2.451052635929e-01  
  1.541525436142e-05  ,3.688767695143e-01  ,3.640344486165e-01  
  1.542003912428e-05  ,4.710233531780e-01  ,4.613458081119e-01  
  1.542517406443e-05  ,5.687703431120e-01  ,5.541054449807e-01  
  1.542832044461e-05  ,6.215128631712e-01  ,6.039341509108e-01  
  1.543103916147e-05  ,6.622171807595e-01  ,6.422352326536e-01  
  1.543211558411e-05  ,6.770144314254e-01  ,6.561152740432e-01  
  1.543374260464e-05  ,6.979059689450e-01  ,6.756591531477e-01  
  1.543693480590e-05  ,7.335514316861e-01  ,7.088212175301e-01  
  1.544331920841e-05  ,7.824441953202e-01  ,7.534821469792e-01  
  1.544960526326e-05  ,7.999384866662e-01  ,7.679344934421e-01  
  1.545716909268e-05  ,7.797953409724e-01  ,7.458584920768e-01  
  1.547027466395e-05  ,6.431320355952e-01  ,6.106578177504e-01  
  1.548106012443e-05  ,4.484161062984e-01  ,4.213928172243e-01  
  1.548617867330e-05  ,3.365549175562e-01  ,3.132477903722e-01  
  1.548774646172e-05  ,3.004148774171e-01  ,2.783733932891e-01  
  1.548938558945e-05  ,2.618526766529e-01  ,2.411855058878e-01  
  1.549266384491e-05  ,1.827497400271e-01  ,1.649718909724e-01  
  1.549922035584e-05  ,1.959263582410e-02  ,8.013338451129e-03  
  1.550332264552e-05  ,-8.335562323479e-02  ,-9.083919281010e-02  
  1.550542855212e-05  ,-1.357739930664e-01  ,-1.411062727557e-01  
  1.550753930160e-05  ,-1.877166137266e-01  ,-1.908696238914e-01  
  1.551176080057e-05  ,-2.889018075083e-01  ,-2.876778933143e-01  
  1.551737406799e-05  ,-4.152969672933e-01  ,-4.083014732597e-01  
  1.552300447175e-05  ,-5.291337900052e-01  ,-5.165497243392e-01  
  1.552845233628e-05  ,-6.235946355749e-01  ,-6.058836518163e-01  
  1.553116211244e-05  ,-6.639459817286e-01  ,-6.438464637252e-01  
  1.553242442706e-05  ,-6.811177996458e-01  ,-6.599492744828e-01  
  1.553419282237e-05  ,-7.033671199481e-01  ,-6.807487649810e-01  
  1.553734553555e-05  ,-7.376093084484e-01  ,-7.125699741528e-01  
  1.554365096191e-05  ,-7.841388281700e-01  ,-7.549826893755e-01  
  1.555034083822e-05  ,-7.999541380862e-01  ,-7.676747654408e-01  
  1.555793148974e-05  ,-7.752929406729e-01  ,-7.412726585391e-01  
  1.556974364021e-05  ,-6.509796790234e-01  ,-6.183285582865e-01  
  1.557984215716e-05  ,-4.734317966810e-01  ,-4.456320732497e-01  
  1.558524159291e-05  ,-3.577718951905e-01  ,-3.337497115442e-01  
  1.558677790263e-05  ,-3.228333659788e-01  ,-3.000201892586e-01  
  1.558887002566e-05  ,-2.740615603293e-01  ,-2.529701779198e-01  
  1.559147400358e-05  ,-2.117285739087e-01  ,-1.928935774522e-01  
  1.559668195942e-05  ,-8.324051765732e-02  ,-6.921235437443e-02  
  1.560073582032e-05  ,1.849153478067e-02  ,2.856471431981e-02  
  1.560567853549e-05  ,1.419613641090e-01  ,1.470194601464e-01  
  1.560869788328e-05  ,2.158914107934e-01  ,2.178378759637e-01  
  1.561214675704e-05  ,2.979258936921e-01  ,2.962957824556e-01  
  1.561870624819e-05  ,4.435414805277e-01  ,4.352138336153e-01  
  1.562377785841e-05  ,5.435545302496e-01  ,5.302361915778e-01  
  1.562925701538e-05  ,6.360624348642e-01  ,6.176688409681e-01  
  1.563214150766e-05  ,6.773613142042e-01  ,6.564659123859e-01  
  1.563332614997e-05  ,6.927300365843e-01  ,6.708496604836e-01  
  1.563507796773e-05  ,7.136926939964e-01  ,6.904026687862e-01  
  1.563858160326e-05  ,7.490777110388e-01  ,7.231735000634e-01  
  1.564558887431e-05  ,7.923305633630e-01  ,7.621419635353e-01  
  1.565288671800e-05  ,7.967124619774e-01  ,7.636335277376e-01  
  1.566020169804e-05  ,7.592634724607e-01  ,7.251257817139e-01  
  1.567006775686e-05  ,6.462111812385e-01  ,6.136667640094e-01  
  1.567893841812e-05  ,4.915476644071e-01  ,4.631875944353e-01  
  1.568373361179e-05  ,3.912563055374e-01  ,3.661016250086e-01  
  1.568647617051e-05  ,3.297572343721e-01  ,3.067016232295e-01  
  1.568787315437e-05  ,2.974614032798e-01  ,2.755379757765e-01  
  1.568939363161e-05  ,2.616616807161e-01  ,2.410138110834e-01  
  1.569243458608e-05  ,1.883545020700e-01  ,1.703761747744e-01  
  1.569851649502e-05  ,3.727105069588e-02  ,2.501955055088e-02  
  1.570225221613e-05  ,-5.655714695480e-02  ,-6.510435283116e-02  
  1.570462448099e-05  ,-1.158174528120e-01  ,-1.219562394170e-01  
  1.570760620335e-05  ,-1.893506783367e-01  ,-1.924223736888e-01  
  1.571112660268e-05  ,-2.739819474100e-01  ,-2.734055874767e-01  
  1.571713326076e-05  ,-4.101123596059e-01  ,-4.033723106394e-01  
  1.572170195678e-05  ,-5.041452829927e-01  ,-4.928385784769e-01  
  1.572683764198e-05  ,-5.973825769592e-01  ,-5.811735826170e-01  
  1.572949936190e-05  ,-6.397380976382e-01  ,-6.211134135201e-01  
  1.573217859069e-05  ,-6.778567408163e-01  ,-6.569073086934e-01  
  1.573408891955e-05  ,-7.021192265812e-01  ,-6.795942898642e-01  
  1.573646490970e-05  ,-7.287592575045e-01  ,-7.043811830126e-01  
  1.574121689001e-05  ,-7.697378948816e-01  ,-7.420547361622e-01  
  1.574819957414e-05  ,-7.987206351000e-01  ,-7.672933662564e-01  
  1.575606887737e-05  ,-7.855035896165e-01  ,-7.517260441776e-01  
  1.576708530584e-05  ,-6.874997807849e-01  ,-6.541001791203e-01  
  1.577730899253e-05  ,-5.231994227858e-01  ,-4.938896759581e-01  
  1.578340282241e-05  ,-3.984865772378e-01  ,-3.730989951656e-01  
  1.578751032749e-05  ,-3.059069293774e-01  ,-2.836854703740e-01  
  1.578875010410e-05  ,-2.768911910644e-01  ,-2.556972099789e-01  
  1.578997330317e-05  ,-2.478516336790e-01  ,-2.277001871072e-01  
  1.579241970131e-05  ,-1.887180600212e-01  ,-1.707269150525e-01  
  1.579731249759e-05  ,-6.746408318536e-02  ,-5.404832686392e-02  
  1.580126279542e-05  ,3.172918607387e-02  ,4.126537306770e-02  
  1.580554538915e-05  ,1.386669070696e-01  ,1.438535314541e-01  
  1.580901698717e-05  ,2.236028353103e-01  ,2.252135352301e-01  
  1.581254669973e-05  ,3.072307663114e-01  ,3.051830083324e-01  
  1.581910917112e-05  ,4.519333716468e-01  ,4.431821502225e-01  
  1.582546079108e-05  ,5.738148308569e-01  ,5.588577424171e-01  
  1.582959139296e-05  ,6.411242266033e-01  ,6.223949271221e-01  
  1.583309800872e-05  ,6.898442405261e-01  ,6.681221381457e-01  
  1.583422472277e-05  ,7.037487470543e-01  ,6.811075351318e-01  
  1.583606129089e-05  ,7.245161735373e-01  ,7.004377406660e-01  
  1.583973442712e-05  ,7.587561992642e-01  ,7.320366403333e-01  
  1.584708069959e-05  ,7.966378825553e-01  ,7.657248873345e-01  
  1.585497682491e-05  ,7.902415788560e-01  ,7.566691640414e-01  
  1.586361353794e-05  ,7.279437212845e-01  ,6.939540581205e-01  
  1.587415312925e-05  ,5.805336448483e-01  ,5.496024347413e-01  
  1.588383739391e-05  ,3.889791297339e-01  ,3.639321766697e-01  
  1.588890676895e-05  ,2.731937972431e-01  ,2.521331278173e-01  
  1.589003236541e-05  ,2.464398485002e-01  ,2.263396867946e-01  
  1.589114864865e-05  ,2.196028568339e-01  ,2.004776648081e-01  
  1.589338121513e-05  ,1.651520614199e-01  ,1.480339568716e-01  
  1.589784634808e-05  ,5.408588927014e-02  ,4.118750029404e-02  
  1.590161783198e-05  ,-4.064304857857e-02  ,-4.981803081763e-02  
  1.590441366234e-05  ,-1.105723192647e-01  ,-1.169181044190e-01  
  1.590729964474e-05  ,-1.818562775850e-01  ,-1.852428181284e-01  
  1.591017519632e-05  ,-2.513974874778e-01  ,-2.518051603765e-01  
  1.591592629948e-05  ,-3.837787282849e-01  ,-3.782545583826e-01  
  1.592061942020e-05  ,-4.827329333612e-01  ,-4.724823105388e-01  
  1.592571338215e-05  ,-5.782201975364e-01  ,-5.630490777048e-01  
  1.592876364985e-05  ,-6.284658721743e-01  ,-6.104894750488e-01  
  1.593211119571e-05  ,-6.769556659464e-01  ,-6.560551941519e-01  
  1.593311888674e-05  ,-6.901098053351e-01  ,-6.683695845085e-01  
  1.593491578051e-05  ,-7.118417790023e-01  ,-6.886525055831e-01  
  1.593850956807e-05  ,-7.484401915550e-01  ,-7.225640093930e-01  
  1.594569714317e-05  ,-7.927018615005e-01  ,-7.624591853042e-01  
  1.595279829153e-05  ,-7.969106583590e-01  ,-7.638829098187e-01  
  1.596005813727e-05  ,-7.603924244035e-01  ,-7.262700577332e-01  
  1.596998976120e-05  ,-6.473648162191e-01  ,-6.147987240992e-01  
  1.597889618525e-05  ,-4.923846638542e-01  ,-4.639997267687e-01  
  1.598372043619e-05  ,-3.915451062246e-01  ,-3.663806960018e-01  
  1.598655947992e-05  ,-3.278484620937e-01  ,-3.048587434394e-01  
  1.598761206070e-05  ,-3.035428467394e-01  ,-2.814046717310e-01  
  1.598932401785e-05  ,-2.633144068862e-01  ,-2.426072419957e-01  
  1.599274793217e-05  ,-1.806916412362e-01  ,-1.629959420381e-01  
  1.599959576079e-05  ,-1.015936630992e-02  ,1.036378977858e-03  
  1.600357288072e-05  ,8.960784766037e-02  ,9.682156558781e-02  
  1.600602374920e-05  ,1.504913200202e-01  ,1.551999747582e-01  
  1.600825482556e-05  ,2.051487250308e-01  ,2.075485219097e-01  
  1.601271697828e-05  ,3.111777486274e-01  ,3.089559272839e-01  
  1.601795548150e-05  ,4.277163222128e-01  ,4.201242179979e-01  
  1.602360153148e-05  ,5.402946328878e-01  ,5.271268075699e-01  
  1.602887728760e-05  ,6.302290511991e-01  ,6.121322362121e-01  
  1.603127711961e-05  ,6.655541195241e-01  ,6.453522841956e-01  
  1.603247312406e-05  ,6.817589583095e-01  ,6.605450935822e-01  
  1.603417148390e-05  ,7.031114518720e-01  ,6.805048877098e-01  
  1.603756820360e-05  ,7.397579031425e-01  ,7.145518178944e-01  
  1.604436164299e-05  ,7.874821706138e-01  ,7.579287576466e-01  
  1.605091293851e-05  ,7.996709870321e-01  ,7.671901305429e-01  
  1.605836202899e-05  ,7.725536866485e-01  ,7.384951682605e-01  
  1.606975247660e-05  ,6.508505682545e-01  ,6.182016534873e-01  
  1.607956489125e-05  ,4.790309813484e-01  ,4.510602786747e-01  
  1.608483319679e-05  ,3.669226930806e-01  ,3.425944688605e-01  
  1.608629704961e-05  ,3.338535582121e-01  ,3.106631091948e-01  
  1.608865217814e-05  ,2.791989074754e-01  ,2.579294121570e-01  
  1.609097489664e-05  ,2.237986802614e-01  ,2.045245068266e-01  
  1.609562033364e-05  ,1.097260445285e-01  ,9.469002653430e-02  
  1.609905691394e-05  ,2.369887029503e-02  ,1.197356314327e-02  
  1.610229977915e-05  ,-5.774948134539e-02  ,-6.624653033153e-02  
  1.610416186550e-05  ,-1.043013184927e-01  ,-1.109084443251e-01  
  1.610639815727e-05  ,-1.597226042275e-01  ,-1.640353582331e-01  
  1.610975576141e-05  ,-2.413684243075e-01  ,-2.422037963869e-01  
  1.611552847126e-05  ,-3.749760896572e-01  ,-3.698663588024e-01  
  1.612126541832e-05  ,-4.955794153119e-01  ,-4.846793368427e-01  
  1.612714020112e-05  ,-6.024132512592e-01  ,-5.858881607249e-01  
  1.613024485806e-05  ,-6.508116144201e-01  ,-6.314999157307e-01  
  1.613329177299e-05  ,-6.922974699779e-01  ,-6.704001213072e-01  
  1.613565211692e-05  ,-7.200957887938e-01  ,-6.963213242739e-01  
  1.613818158904e-05  ,-7.454891339285e-01  ,-7.198383670479e-01  
  1.614324053326e-05  ,-7.820298391180e-01  ,-7.531012624087e-01  
  1.615107407370e-05  ,-7.995446066379e-01  ,-7.670094507212e-01  
  1.615918477574e-05  ,-7.669263996789e-01  ,-7.328337462586e-01  
  1.616974671879e-05  ,-6.509347027865e-01  ,-6.182985707442e-01  
  1.617925663987e-05  ,-4.852132114515e-01  ,-4.570643606865e-01  
  1.618434762159e-05  ,-3.777240950573e-01  ,-3.530430720778e-01  
  1.618579880843e-05  ,-3.451918529857e-01  ,-3.216218178562e-01  
  1.618780599484e-05  ,-2.990276241618e-01  ,-2.770664618578e-01  
  1.619008922526e-05  ,-2.450799062012e-01  ,-2.250432508003e-01  
  1.619465568611e-05  ,-1.336870962170e-01  ,-1.177578785023e-01  
  1.619844430634e-05  ,-3.908328253970e-02  ,-2.676752656044e-02  
  1.620179185221e-05  ,4.501037703369e-02  ,5.401209724892e-02  
  1.620393054137e-05  ,9.853442890089e-02  ,1.053721604851e-01  
  1.620665857145e-05  ,1.661303383187e-01  ,1.701726325309e-01  
  1.620937728831e-05  ,2.322827763225e-01  ,2.335093655447e-01  
  1.621481472203e-05  ,3.590372602951e-01  ,3.546552194463e-01  
  1.622020372698e-05  ,4.743608853843e-01  ,4.645103513002e-01  
  1.622634673068e-05  ,5.891055298110e-01  ,5.733145984744e-01  
  1.622999714264e-05  ,6.471713821407e-01  ,6.280789965795e-01  
  1.623338976452e-05  ,6.935283690805e-01  ,6.715524162570e-01  
  1.623448052952e-05  ,7.067833919495e-01  ,6.839242333619e-01  
  1.623649889180e-05  ,7.291111593328e-01  ,7.046892828324e-01  
  1.624053561637e-05  ,7.648971394921e-01  ,7.376340856011e-01  
  1.624860906550e-05  ,7.992363330664e-01  ,7.676304014129e-01  
  1.625633680770e-05  ,7.841996755258e-01  ,7.503778011535e-01  
  1.626790755937e-05  ,6.767043694712e-01  ,6.435223793097e-01  
  1.627815210769e-05  ,5.069877987162e-01  ,4.781698156965e-01  
  1.628389352509e-05  ,3.877457809239e-01  ,3.627218414923e-01  
  1.628940546462e-05  ,2.613806240898e-01  ,2.407563480412e-01  
  1.629039601931e-05  ,2.377287934539e-01  ,2.179569207374e-01  
  1.629138228992e-05  ,2.139505146384e-01  ,1.950441892571e-01  
  1.629335483113e-05  ,1.658008230360e-01  ,1.486694503572e-01  
  1.629729991356e-05  ,6.777922249168e-02  ,5.436024814776e-02  
  1.630073761144e-05  ,-1.853653846950e-02  ,-2.858509226185e-02  
  1.630477135578e-05  ,-1.194686846108e-01  ,-1.254389307864e-01  
  1.630763424137e-05  ,-1.900352543894e-01  ,-1.930656134129e-01  
  1.631055114368e-05  ,-2.603496794823e-01  ,-2.603597492915e-01  
  1.631638494828e-05  ,-3.938526465885e-01  ,-3.878551066081e-01  
  1.632095885971e-05  ,-4.895082384495e-01  ,-4.789172427538e-01  
  1.632605580190e-05  ,-5.841340516100e-01  ,-5.686390610194e-01  
  1.632909861901e-05  ,-6.336401043106e-01  ,-6.153618324682e-01  
  1.633213584819e-05  ,-6.772856233368e-01  ,-6.563709334958e-01  
  1.633300523782e-05  ,-6.886606228584e-01  ,-6.670185297345e-01  
  1.633474401706e-05  ,-7.098614295121e-01  ,-6.868115367721e-01  
  1.633822157556e-05  ,-7.458531635372e-01  ,-7.201864411253e-01  
  1.634517669255e-05  ,-7.908331845912e-01  ,-7.608485841718e-01  
  1.635218172842e-05  ,-7.981215869906e-01  ,-7.652388877056e-01  
  1.635954513723e-05  ,-7.643000773028e-01  ,-7.301859844519e-01  
  1.636981352741e-05  ,-6.499571692801e-01  ,-6.173455915920e-01  
  1.637896284038e-05  ,-4.910632527020e-01  ,-4.627320758627e-01  
  1.638391300613e-05  ,-3.873174496677e-01  ,-3.623011852126e-01  
  1.638665146703e-05  ,-3.257382596200e-01  ,-3.028270904797e-01  
  1.638837571764e-05  ,-2.856996243399e-01  ,-2.641961835284e-01  
  1.639065745795e-05  ,-2.314469902352e-01  ,-2.118944167681e-01  
  1.639522093856e-05  ,-1.196601737831e-01  ,-1.042493667662e-01  
  1.639892052436e-05  ,-2.712498197053e-02  ,-1.526639351660e-02  
  1.640216264451e-05  ,5.431137825455e-02  ,6.294664119125e-02  
  1.640405620956e-05  ,1.016679906593e-01  ,1.083829455473e-01  
  1.640644747341e-05  ,1.609369074588e-01  ,1.651995867012e-01  
  1.640957224691e-05  ,2.369671462605e-01  ,2.379936923466e-01  
  1.641582179391e-05  ,3.814721110133e-01  ,3.760658521176e-01  
  1.642150956714e-05  ,5.003817557883e-01  ,4.892428855462e-01  
  1.642746779644e-05  ,6.077988216245e-01  ,5.909742853245e-01  
  1.643051545644e-05  ,6.547430648370e-01  ,6.351966534046e-01  
  1.643304977143e-05  ,6.892295356253e-01  ,6.675368946125e-01  
  1.643456112170e-05  ,7.077300133565e-01  ,6.848140540191e-01  
  1.643650758588e-05  ,7.292010574767e-01  ,7.047795973507e-01  
  1.644040051425e-05  ,7.638954747783e-01  ,7.367257419969e-01  
  1.644818637097e-05  ,7.987018073023e-01  ,7.672761531732e-01  
  1.645606461489e-05  ,7.855238839643e-01  ,7.517455212188e-01  
  1.646692607129e-05  ,6.895375784011e-01  ,6.560998687519e-01  
  1.647711399519e-05  ,5.268970271969e-01  ,4.974785578038e-01  
  1.648332852447e-05  ,4.001046631860e-01  ,3.746632596477e-01  
  1.648730415428e-05  ,3.106883868556e-01  ,2.883003033685e-01  
  1.648850984448e-05  ,2.825484150465e-01  ,2.611543857658e-01  
  1.648974999362e-05  ,2.531817257945e-01  ,2.328393987423e-01  
  1.649223029190e-05  ,1.933407214810e-01  ,1.751800056061e-01  
  1.649719088846e-05  ,7.050906682704e-02  ,5.697642530043e-02  
  1.650116502815e-05  ,-2.927381429090e-02  ,-3.890888478996e-02  
  1.650557502681e-05  ,-1.394004475482e-01  ,-1.445575933227e-01  
  1.650896317834e-05  ,-2.223040517480e-01  ,-2.239710334314e-01  
  1.651246942157e-05  ,-3.054365849506e-01  ,-3.034691465844e-01  
  1.651902891272e-05  ,-4.502675197532e-01  ,-4.415972168835e-01  
  1.652540511960e-05  ,-5.728390116256e-01  ,-5.579347319910e-01  
  1.652956254357e-05  ,-6.406902866288e-01  ,-6.219869502201e-01  
  1.653300508434e-05  ,-6.886586598091e-01  ,-6.670131924733e-01  
  1.653413887644e-05  ,-7.027201532593e-01  ,-6.801481816258e-01  
  1.653595644557e-05  ,-7.233948885556e-01  ,-6.993968274918e-01  
  1.653959158385e-05  ,-7.576107312092e-01  ,-7.309879717402e-01  
  1.654686186039e-05  ,-7.961153448855e-01  ,-7.652896680426e-01  
  1.655472371304e-05  ,-7.912071516474e-01  ,-7.576790387525e-01  
  1.656295362437e-05  ,-7.346658155919e-01  ,-7.006085162126e-01  
  1.657307598317e-05  ,-5.988242629038e-01  ,-5.674127099408e-01  
  1.658357832158e-05  ,-3.946558911511e-01  ,-3.693663809730e-01  
  1.658831242049e-05  ,-2.871849849318e-01  ,-2.655855310004e-01  
  1.658938288265e-05  ,-2.619169575178e-01  ,-2.412226830524e-01  
  1.659054442817e-05  ,-2.341647913021e-01  ,-2.144762494987e-01  
  1.659258849496e-05  ,-1.845929039223e-01  ,-1.667253567209e-01  
  1.659667662853e-05  ,-8.337376913521e-02  ,-6.932872851545e-02  
  1.660006515259e-05  ,1.637461929556e-03  ,1.237573763200e-02  
  1.660480595702e-05  ,1.203284863995e-01  ,1.262786565366e-01  
  1.660745799118e-05  ,1.857295037602e-01  ,1.889540648058e-01  
  1.661027207547e-05  ,2.537078125044e-01  ,2.540163428737e-01  
  1.661590024406e-05  ,3.832040264749e-01  ,3.777067223636e-01  
  1.662051960403e-05  ,4.807300961251e-01  ,4.705778043041e-01  
  1.662562027150e-05  ,5.766005044511e-01  ,5.615159655562e-01  
  1.662866755897e-05  ,6.269686954628e-01  ,6.090777256632e-01  
  1.663210413927e-05  ,6.768611452752e-01  ,6.559658092151e-01  
  1.663314610296e-05  ,6.904555452938e-01  ,6.686923111443e-01  
  1.663490648890e-05  ,7.117351809138e-01  ,6.885527545934e-01  
  1.663842726076e-05  ,7.477070709766e-01  ,7.218886185488e-01  
  1.664546880448e-05  ,7.919080751884e-01  ,7.617808182320e-01  
  1.665264743888e-05  ,7.972345790119e-01  ,7.642483347395e-01  
  1.665993559682e-05  ,7.613438390373e-01  ,7.272236504674e-01  
  1.666995662773e-05  ,6.478537181016e-01  ,6.152764329100e-01  
  1.667892563665e-05  ,4.918010675752e-01  ,4.634329642750e-01  
  1.668378043497e-05  ,3.902294300962e-01  ,3.651074438100e-01  
  1.668656806970e-05  ,3.276515265844e-01  ,3.046674079231e-01  
  1.668761748397e-05  ,3.034167330105e-01  ,2.812818549260e-01  
  1.668934490108e-05  ,2.628187421355e-01  ,2.421283686870e-01  
  1.669279973531e-05  ,1.794230917371e-01  ,1.617735745053e-01  
  1.669970940375e-05  ,7.303378818846e-03  ,-3.780922871428e-03  
  1.670371483588e-05  ,-9.315221598999e-02  ,-1.002220023024e-01  
  1.670617799783e-05  ,-1.542970190571e-01  ,-1.588475581415e-01  
  1.670850518668e-05  ,-2.112241724484e-01  ,-2.133645867430e-01  
  1.671315956438e-05  ,-3.213947675162e-01  ,-3.187158017736e-01  
  1.671835857952e-05  ,-4.362432322412e-01  ,-4.282432615208e-01  
  1.672407391989e-05  ,-5.489904917088e-01  ,-5.353683309860e-01  
  1.672938767397e-05  ,-6.380487241585e-01  ,-6.194970412316e-01  
  1.673180687749e-05  ,-6.728491830915e-01  ,-6.521966697855e-01  
  1.673296022737e-05  ,-6.880842488463e-01  ,-6.664651571939e-01  
  1.673466082239e-05  ,-7.088948012844e-01  ,-6.858986160998e-01  
  1.673806201243e-05  ,-7.443935145446e-01  ,-7.188316206521e-01  
  1.674486439252e-05  ,-7.896103456167e-01  ,-7.597853447709e-01  
  1.675185750747e-05  ,-7.986382492398e-01  ,-7.658511635320e-01  
  1.675925891423e-05  ,-7.663940968140e-01  ,-7.322797732664e-01  
  1.676974933171e-05  ,-6.508965248093e-01  ,-6.182461771223e-01  
  1.677904020572e-05  ,-4.895268162513e-01  ,-4.612380365239e-01  
  1.678406189704e-05  ,-3.840389917638e-01  ,-3.591348324104e-01  
  1.678668450141e-05  ,-3.249797794656e-01  ,-3.020971377179e-01  
  1.678840204650e-05  ,-2.850814459226e-01  ,-2.636019892891e-01  
  1.679073296064e-05  ,-2.296299000065e-01  ,-2.101451769120e-01  
  1.679539478892e-05  ,-1.153382279974e-01  ,-1.000920047774e-01  
  1.679901279086e-05  ,-2.480729452438e-02  ,-1.304017469666e-02  
  1.680227540010e-05  ,5.713835073326e-02  ,6.565920766472e-02  
  1.680416412228e-05  ,1.043575531966e-01  ,1.109618419297e-01  
  1.680645331317e-05  ,1.610806735186e-01  ,1.653387841472e-01  
  1.680977291936e-05  ,2.417795200210e-01  ,2.425982599983e-01  
  1.681553221816e-05  ,3.750592716380e-01  ,3.699461309106e-01  
  1.682128406638e-05  ,4.959472494994e-01  ,4.850290980995e-01  
  1.682714543813e-05  ,6.024998495969e-01  ,5.859700953126e-01  
  1.683024562472e-05  ,6.508228196577e-01  ,6.315105418387e-01  
  1.683328732425e-05  ,6.922414323017e-01  ,6.703478048038e-01  
  1.683565139347e-05  ,7.200878676167e-01  ,6.963140270141e-01  
  1.683818012053e-05  ,7.454757425014e-01  ,7.198260788667e-01  
  1.684323757464e-05  ,7.820141637843e-01  ,7.530873392606e-01  
  1.685106217438e-05  ,7.995546401306e-01  ,7.670234693651e-01  
  1.685917734677e-05  ,7.669795092714e-01  ,7.328872243557e-01  
  1.686974376017e-05  ,6.509779266750e-01  ,6.183408499747e-01  
  1.687925815159e-05  ,4.851830031891e-01  ,4.570350548735e-01  
  1.688435062343e-05  ,3.776575879351e-01  ,3.529787590885e-01  
  1.688580106521e-05  ,3.451406848174e-01  ,3.215723660041e-01  
  1.688780936921e-05  ,2.989489625609e-01  ,2.769905329021e-01  
  1.689009334469e-05  ,2.449813496275e-01  ,2.249482166304e-01  
  1.689466129565e-05  ,1.335480934129e-01  ,1.176240816397e-01  
  1.689844693565e-05  ,3.901727954778e-02  ,2.670408306795e-02  
  1.690179299140e-05  ,-4.503896271512e-02  ,-5.403953230488e-02  
  1.690392944539e-05  ,-9.850709358287e-02  ,-1.053459293166e-01  
  1.690665486777e-05  ,-1.660392826563e-01  ,-1.700853727366e-01  
  1.690937358463e-05  ,-2.321937011251e-01  ,-2.334241157336e-01  
  1.691481101835e-05  ,-3.589540750910e-01  ,-3.545758383003e-01  
  1.692019853318e-05  ,-4.742557677305e-01  ,-4.644104055691e-01  
  1.692634526217e-05  ,-5.890805587077e-01  ,-5.732910116516e-01  
  1.692999679172e-05  ,-6.471661974064e-01  ,-6.280741454377e-01  
  1.693339127624e-05  ,-6.935473068048e-01  ,-6.715701377383e-01  
  1.693448092365e-05  ,-7.067880324267e-01  ,-6.839285773583e-01  
  1.693650040352e-05  ,-7.291267946848e-01  ,-7.047037959492e-01  
  1.694053936327e-05  ,-7.649247231812e-01  ,-7.376592340741e-01  
  1.694861728275e-05  ,-7.992453280529e-01  ,-7.676359968212e-01  
  1.695634353483e-05  ,-7.841662217601e-01  ,-7.503433359960e-01  
  1.696793067777e-05  ,-6.763942861570e-01  ,-6.432182983269e-01  
  1.697817969644e-05  ,-5.064512431551e-01  ,-4.776492347661e-01  
  1.698391515338e-05  ,-3.872702288453e-01  ,-3.622620119977e-01  
  1.698941219175e-05  ,-2.612208258220e-01  ,-2.406021311943e-01  
  1.699036847377e-05  ,-2.383897265551e-01  ,-2.185938139773e-01  
  1.699131972665e-05  ,-2.154652127586e-01  ,-1.965034436340e-01  
  1.699322223240e-05  ,-1.690595871116e-01  ,-1.518070664629e-01  
  1.699702724391e-05  ,-7.460494775184e-02  ,-6.092364054329e-02  
  1.700036957437e-05  ,9.288208271346e-03  ,1.970283718017e-02  
  1.700458809310e-05  ,1.149124843797e-01  ,1.210701485198e-01  
  1.700721516782e-05  ,1.797880867001e-01  ,1.832504419395e-01  
  1.700991153294e-05  ,2.450980455836e-01  ,2.457700590017e-01  
  1.701530426317e-05  ,3.699892019613e-01  ,3.650957641248e-01  
  1.702007039958e-05  ,4.716584722815e-01  ,4.619496818662e-01  
  1.702520161444e-05  ,5.692570512619e-01  ,5.545659567709e-01  
  1.702833793634e-05  ,6.217895663623e-01  ,6.041948942022e-01  
  1.703106410378e-05  ,6.625686916969e-01  ,6.425651687783e-01  
  1.703213735992e-05  ,6.773058435434e-01  ,6.563882072441e-01  
  1.703376698816e-05  ,6.982053274711e-01  ,6.759385385215e-01  
  1.703697707081e-05  ,7.339746443003e-01  ,7.092129108777e-01  
  1.704339723611e-05  ,7.828504204356e-01  ,7.538433702317e-01  
  1.704969670200e-05  ,7.999636842068e-01  ,7.679246696942e-01  
  1.705725159073e-05  ,7.793296812092e-01  ,7.453828362608e-01  
  1.707022156143e-05  ,6.439248929335e-01  ,6.114325485754e-01  
  1.708092953587e-05  ,4.511303233102e-01  ,4.240220615953e-01  
  1.708601530218e-05  ,3.402754103043e-01  ,3.168420969469e-01  
  1.708756930703e-05  ,3.045367382245e-01  ,2.823524019465e-01  
  1.708925500089e-05  ,2.649517211751e-01  ,2.441755664088e-01  
  1.709262638861e-05  ,1.836661015403e-01  ,1.658559342114e-01  
  1.709936916405e-05  ,1.585359886087e-02  ,4.419664236252e-03  
  1.710356011564e-05  ,-8.928903791495e-02  ,-9.653371689690e-02  
  1.710603147322e-05  ,-1.506819756130e-01  ,-1.553980843052e-01  
  1.710831023329e-05  ,-2.064943966727e-01  ,-2.088510240265e-01  
  1.711286775345e-05  ,-3.146652212520e-01  ,-3.123019728036e-01  
  1.711802951568e-05  ,-4.292875825409e-01  ,-4.216291148383e-01  
  1.712251476520e-05  ,-5.198405618279e-01  ,-5.077234081998e-01  
  1.712762735361e-05  ,-6.103986158574e-01  ,-5.934505673991e-01  
  1.713026932949e-05  ,-6.511690918590e-01  ,-6.318564535789e-01  
  1.713279842907e-05  ,-6.860010131574e-01  ,-6.645267029289e-01  
  1.713512934321e-05  ,-7.142751399249e-01  ,-6.909172615082e-01  
  1.713773332113e-05  ,-7.413278058842e-01  ,-7.160070966113e-01  
  1.714294127697e-05  ,-7.804101299131e-01  ,-7.516619500646e-01  
  1.714994556779e-05  ,-7.999988303077e-01  ,-7.678640790391e-01  
  1.715816355819e-05  ,-7.738340232846e-01  ,-7.397932976347e-01  
  1.716920829886e-05  ,-6.587077386405e-01  ,-6.258888269759e-01  
  1.717911459082e-05  ,-4.880468387392e-01  ,-4.598003710216e-01  
  1.718443505043e-05  ,-3.757856954885e-01  ,-3.511608582820e-01  
  1.718702077442e-05  ,-3.172390684597e-01  ,-2.946272756971e-01  
  1.718881096268e-05  ,-2.754556802458e-01  ,-2.543191099403e-01  
  1.719115640545e-05  ,-2.194153894611e-01  ,-2.003030049725e-01  
  1.719584729099e-05  ,-1.040731505991e-01  ,-8.925488477793e-02  
  1.719931665385e-05  ,-1.717304284531e-02  ,-5.700465733341e-03  
  1.720278378153e-05  ,6.987490948564e-02  ,7.788356417651e-02  
  1.720472205007e-05  ,1.182432497890e-01  ,1.242790941072e-01  
  1.720665473068e-05  ,1.660359122165e-01  ,1.700839348511e-01  
  1.721052009189e-05  ,2.596116222406e-01  ,2.596601240865e-01  
  1.721646267498e-05  ,3.955518164212e-01  ,3.894944895293e-01  
  1.722118336284e-05  ,4.939588463736e-01  ,4.831648658909e-01  
  1.722639355385e-05  ,5.899010715644e-01  ,5.741066662422e-01  
  1.722919236445e-05  ,6.350756374864e-01  ,6.167260488043e-01  
  1.723213199103e-05  ,6.772340244934e-01  ,6.563317397893e-01  
  1.723309237087e-05  ,6.897724770866e-01  ,6.680666087047e-01  
  1.723499934697e-05  ,7.127977681292e-01  ,6.895535044542e-01  
  1.723881329918e-05  ,7.511022156872e-01  ,7.250240688855e-01  
  1.724644120359e-05  ,7.950052519018e-01  ,7.643876766873e-01  
  1.725335385227e-05  ,7.955634459607e-01  ,7.623574869821e-01  
  1.726053472185e-05  ,7.565851685709e-01  ,7.224434060672e-01  
  1.727014746094e-05  ,6.450282688148e-01  ,6.125104362984e-01  
  1.727883185768e-05  ,4.936578847835e-01  ,4.652360924271e-01  
  1.728353913450e-05  ,3.955122865122e-01  ,3.702200629957e-01  
  1.728648099625e-05  ,3.296467292504e-01  ,3.065984208870e-01  
  1.728753394955e-05  ,3.053582759939e-01  ,2.831598411924e-01  
  1.728921778077e-05  ,2.658341909950e-01  ,2.450398914209e-01  
  1.729258544320e-05  ,1.846675324033e-01  ,1.668271995931e-01  
  1.729932076806e-05  ,1.706966513809e-02  ,5.604773171547e-03  
  1.730325765485e-05  ,-8.173094760813e-02  ,-8.926434084797e-02  
  1.730528123254e-05  ,-1.321237206644e-01  ,-1.375929449725e-01  
  1.730742886239e-05  ,-1.850173424298e-01  ,-1.882721315879e-01  
  1.731172412211e-05  ,-2.880419938744e-01  ,-2.868479704765e-01  
  1.731738283807e-05  ,-4.154853413183e-01  ,-4.084925338053e-01  
  1.732185467654e-05  ,-5.071196824300e-01  ,-4.956623927100e-01  
  1.732701345855e-05  ,-6.003124909655e-01  ,-5.839403326956e-01  
  1.732966586524e-05  ,-6.422419707964e-01  ,-6.234693906702e-01  
  1.733225941235e-05  ,-6.789333238935e-01  ,-6.579158874713e-01  
  1.733429602855e-05  ,-7.045992275051e-01  ,-6.819077846590e-01  
  1.733667686158e-05  ,-7.309405452219e-01  ,-7.064030790524e-01  
  1.734143852764e-05  ,-7.712368204285e-01  ,-7.434075407693e-01  
  1.734838768417e-05  ,-7.989739533232e-01  ,-7.674778358660e-01  
  1.735637917691e-05  ,-7.839883906332e-01  ,-7.501681330432e-01  
  1.736810490066e-05  ,-6.740459991961e-01  ,-6.409017288273e-01  
  1.737844630653e-05  ,-5.012465758161e-01  ,-4.725876314632e-01  
  1.738415866667e-05  ,-3.819036927329e-01  ,-3.570644562944e-01  
  1.738954916173e-05  ,-2.579646721291e-01  ,-2.374557511982e-01  
  1.739045114765e-05  ,-2.364054992136e-01  ,-2.166749586591e-01  
  1.739133758047e-05  ,-2.150330444440e-01  ,-1.960810991181e-01  
  1.739311044613e-05  ,-1.718045847380e-01  ,-1.544453232675e-01  
  1.739665617743e-05  ,-8.388494514951e-02  ,-6.984454187396e-02  
  1.739987892607e-05  ,-3.042912450505e-03  ,7.860095667874e-03  
  1.740443868139e-05  ,1.111950472711e-01  ,1.175071941143e-01  
  1.740691748956e-05  ,1.724902372474e-01  ,1.762609759623e-01  
  1.740943131545e-05  ,2.335817943328e-01  ,2.347521731354e-01  
  1.741445896724e-05  ,3.510249386158e-01  ,3.469994604202e-01  
  1.741971982220e-05  ,4.645132564653e-01  ,4.551398866990e-01  
  1.742604238489e-05  ,5.839035975273e-01  ,5.683943358463e-01  
  1.742977885106e-05  ,6.439310447421e-01  ,6.250297464102e-01  
  1.743334656158e-05  ,6.929864942579e-01  ,6.710450822569e-01  
  1.743427145803e-05  ,7.043065682664e-01  ,6.816140113281e-01  
  1.743612125093e-05  ,7.251538934618e-01  ,7.010173096598e-01  
  1.743982083672e-05  ,7.594417066917e-01  ,7.326518331092e-01  
  1.744722000831e-05  ,7.969509070616e-01  ,7.659650584506e-01  
  1.745513401502e-05  ,7.896167739263e-01  ,7.560383259792e-01  
  1.746401659721e-05  ,7.236839368092e-01  ,6.897641157835e-01  
  1.747346691364e-05  ,5.922642004021e-01  ,5.610362541378e-01  
  1.748360417360e-05  ,3.940905927728e-01  ,3.688569691768e-01  
  1.748871303672e-05  ,2.777650278789e-01  ,2.565269994301e-01  
  1.748985688710e-05  ,2.506318639176e-01  ,2.303672778326e-01  
  1.749099161053e-05  ,2.233953554348e-01  ,2.041197345130e-01  
  1.749326105738e-05  ,1.681057205377e-01  ,1.508672785961e-01  
  1.749779995108e-05  ,5.524924721662e-02  ,4.229843984595e-02  
  1.750158931637e-05  ,-3.992728246813e-02  ,-4.913710820241e-02  
  1.750446449542e-05  ,-1.118374903674e-01  ,-1.181366745469e-01  
  1.750737357461e-05  ,-1.836652019467e-01  ,-1.869801127043e-01  
  1.751027483070e-05  ,-2.537734834401e-01  ,-2.540816293886e-01  
  1.751607734287e-05  ,-3.871051983857e-01  ,-3.814289774950e-01  
  1.752074140632e-05  ,-4.851741688906e-01  ,-4.748039899353e-01  
  1.752582568252e-05  ,-5.801671191771e-01  ,-5.648913457164e-01  
  1.752886775458e-05  ,-6.300814472673e-01  ,-6.120123014803e-01  
  1.753210465932e-05  ,-6.768681124574e-01  ,-6.559737990743e-01  
  1.753306429410e-05  ,-6.894147697650e-01  ,-6.677199373917e-01  
  1.753491185182e-05  ,-7.117967144987e-01  ,-6.886108016607e-01  
  1.753858238035e-05  ,-7.490845675112e-01  ,-7.231573664116e-01  
  1.754592343742e-05  ,-7.934482957089e-01  ,-7.630928504977e-01  
  1.755292549306e-05  ,-7.966236134920e-01  ,-7.635615371300e-01  
  1.756016075188e-05  ,-7.595870454928e-01  ,-7.254632641858e-01  
  1.757001488978e-05  ,-6.469935631685e-01  ,-6.144360296693e-01  
  1.757886766964e-05  ,-4.929493152265e-01  ,-4.645480112469e-01  
  1.758366584355e-05  ,-3.927410257943e-01  ,-3.675380296444e-01  
  1.758655964905e-05  ,-3.278445847661e-01  ,-3.048560488530e-01  
  1.758761688644e-05  ,-3.034306286491e-01  ,-2.812973573153e-01  
  1.758931301111e-05  ,-2.635756069764e-01  ,-2.428598922497e-01  
  1.759270526046e-05  ,-1.817362219440e-01  ,-1.640025319602e-01  
  1.759948975915e-05  ,-1.282320214556e-02  ,-1.523605797430e-03  
  1.760344080204e-05  ,8.630847577666e-02  ,9.365594592779e-02  
  1.760558060879e-05  ,1.395385894836e-01  ,1.447010892314e-01  
  1.760762653822e-05  ,1.898471889175e-01  ,1.928971478285e-01  
  1.761171839708e-05  ,2.879077537288e-01  ,2.867188609666e-01  
  1.761725715870e-05  ,4.127828468127e-01  ,4.059007150384e-01  
  1.762283317322e-05  ,5.258971641374e-01  ,5.134756448910e-01  
  1.762823707932e-05  ,6.201915229471e-01  ,6.026726143795e-01  
  1.763100236231e-05  ,6.616978292460e-01  ,6.417337660715e-01  
  1.763228404844e-05  ,6.792606182154e-01  ,6.582084979186e-01  
  1.763409044170e-05  ,7.021375619752e-01  ,6.796011463714e-01  
  1.763706843877e-05  ,7.348851187480e-01  ,7.100495583097e-01  
  1.764302443290e-05  ,7.808671338214e-01  ,7.520716133459e-01  
  1.764971058393e-05  ,7.999669324482e-01  ,7.679208097084e-01  
  1.765738617206e-05  ,7.785588035159e-01  ,7.445956637624e-01  
  1.766992102885e-05  ,6.483782159538e-01  ,6.157856063659e-01  
  1.768044720912e-05  ,4.610890728057e-01  ,4.336701112400e-01  
  1.768546368504e-05  ,3.527707315790e-01  ,3.289150536918e-01  
  1.768697745675e-05  ,3.182382084245e-01  ,2.955808223782e-01  
  1.768887437457e-05  ,2.739588716554e-01  ,2.528673483571e-01  
  1.769194811159e-05  ,2.002147720887e-01  ,1.817961379718e-01  
  1.769809558564e-05  ,4.783460392715e-02  ,3.515806450418e-02  
  1.770207121545e-05  ,-5.201859607103e-02  ,-6.076377151071e-02  
  1.770483687097e-05  ,-1.210965429026e-01  ,-1.270325445495e-01  
  1.770834609443e-05  ,-2.073650124489e-01  ,-2.096846020922e-01  
  1.771173089319e-05  ,-2.882007499944e-01  ,-2.870077380940e-01  
  1.771850049073e-05  ,-4.392285625812e-01  ,-4.311137726381e-01  
  1.772345512682e-05  ,-5.375753305090e-01  ,-5.245714543181e-01  
  1.772879346782e-05  ,-6.289292974659e-01  ,-6.109502576749e-01  
  1.773156582886e-05  ,-6.695527946977e-01  ,-6.491440137791e-01  
  1.773276928389e-05  ,-6.856238685689e-01  ,-6.641992186480e-01  
  1.773451197469e-05  ,-7.071532807188e-01  ,-6.843052588661e-01  
  1.773796271110e-05  ,-7.434756822423e-01  ,-7.180071516649e-01  
  1.774486418390e-05  ,-7.896095033442e-01  ,-7.597970476782e-01  
  1.775169860148e-05  ,-7.988612204126e-01  ,-7.661300863162e-01  
  1.775910075331e-05  ,-7.675246381281e-01  ,-7.334212978530e-01  
  1.776971783066e-05  ,-6.513565018603e-01  ,-6.186970469030e-01  
  1.777908470058e-05  ,-4.886418602966e-01  ,-4.603798094318e-01  
  1.778414513493e-05  ,-3.822024941854e-01  ,-3.573666865450e-01  
  1.778670813465e-05  ,-3.244369377647e-01  ,-3.015790383751e-01  
  1.778844337487e-05  ,-2.841106990779e-01  ,-2.626708173447e-01  
  1.779078993523e-05  ,-2.282578616717e-01  ,-2.088272229989e-01  
  1.779548305595e-05  ,-1.131425715729e-01  ,-9.798226896860e-02  
  1.779906231487e-05  ,-2.356318945428e-02  ,-1.184679919579e-02  
  1.780234317803e-05  ,5.883731474342e-02  ,6.728824738839e-02  
  1.780423264527e-05  ,1.060647651973e-01  ,1.125978481232e-01  
  1.780646670187e-05  ,1.614102621428e-01  ,1.656509969819e-01  
  1.780992041850e-05  ,2.453106155605e-01  ,2.459743550494e-01  
  1.781573559666e-05  ,3.795664940658e-01  ,3.742445957095e-01  
  1.782152171755e-05  ,5.006199843295e-01  ,4.894671588548e-01  
  1.782734360123e-05  ,6.057646349349e-01  ,5.890523074876e-01  
  1.783038008535e-05  ,6.527821920001e-01  ,6.333520246147e-01  
  1.783298443580e-05  ,6.883944170082e-01  ,6.667543921566e-01  
  1.783444977874e-05  ,7.064210042430e-01  ,6.835924149344e-01  
  1.783636979336e-05  ,7.277698648545e-01  ,7.034511852048e-01  
  1.784020982260e-05  ,7.624582468494e-01  ,7.354170209395e-01  
  1.784788988107e-05  ,7.982428268746e-01  ,7.669473099531e-01  
  1.785574428314e-05  ,7.870087041896e-01  ,7.532844859535e-01  
  1.786590091461e-05  ,7.022416507159e-01  ,6.685909675274e-01  
  1.787553153509e-05  ,5.561608036529e-01  ,5.259081204972e-01  
  1.788486264223e-05  ,3.662649212405e-01  ,3.419843390693e-01  
  1.788918621415e-05  ,2.665823344381e-01  ,2.457638651210e-01  
  1.789011371830e-05  ,2.444938540802e-01  ,2.244695673071e-01  
  1.789103172296e-05  ,2.224271463497e-01  ,2.032041782386e-01  
  1.789286773229e-05  ,1.777572686515e-01  ,1.601761380552e-01  
  1.789653975093e-05  ,8.679436405425e-02  ,7.264194327261e-02  
  1.789978820407e-05  ,5.322972925470e-03  ,-5.670666604018e-03  
  1.790460947478e-05  ,-1.154442658747e-01  ,-1.215944635669e-01  
  1.790660511279e-05  ,-1.648158310261e-01  ,-1.689191304273e-01  
  1.790916960263e-05  ,-2.272830250226e-01  ,-2.287278725775e-01  
  1.791429858232e-05  ,-3.473983442395e-01  ,-3.435406783901e-01  
  1.791951100850e-05  ,-4.602305347193e-01  ,-4.510679141749e-01  
  1.792604665780e-05  ,-5.839770014004e-01  ,-5.684658954001e-01  
  1.792984719896e-05  ,-6.449488701376e-01  ,-6.259898191328e-01  
  1.793349202299e-05  ,-6.948058581467e-01  ,-6.727475462480e-01  
  1.793443917805e-05  ,-7.062959258620e-01  ,-6.834708815880e-01  
  1.793633348817e-05  ,-7.273905071353e-01  ,-7.030942297677e-01  
  1.794012210840e-05  ,-7.617879604732e-01  ,-7.347977327270e-01  
  1.794769934887e-05  ,-7.979113185853e-01  ,-7.667098320747e-01  
  1.795565805906e-05  ,-7.873947668136e-01  ,-7.537200406511e-01  
  1.796549878591e-05  ,-7.070267816552e-01  ,-6.733174585614e-01  
  1.797496251339e-05  ,-5.663512270432e-01  ,-5.358216510914e-01  
  1.798435918564e-05  ,-3.774678698444e-01  ,-3.528013701665e-01  
  1.798895917410e-05  ,-2.719555196200e-01  ,-2.509372311315e-01  
  1.798996835524e-05  ,-2.479698671011e-01  ,-2.278128267927e-01  
  1.799096840942e-05  ,-2.239552075423e-01  ,-2.046698073922e-01  
  1.799296851778e-05  ,-1.752866866271e-01  ,-1.577909837049e-01  
  1.799696873450e-05  ,-7.606891450745e-02  ,-6.232283776600e-02  
  1.800035837615e-05  ,9.006784640794e-03  ,1.943961731698e-02  
  1.800473931754e-05  ,1.186724445797e-01  ,1.246911881641e-01  
  1.800737458789e-05  ,1.836899881080e-01  ,1.870025806228e-01  
  1.801009069705e-05  ,2.493804895509e-01  ,2.498784802593e-01  
  1.801552291536e-05  ,3.748527378732e-01  ,3.697422190176e-01  
  1.802020038986e-05  ,4.742933467443e-01  ,4.644588905616e-01  
  1.802525039339e-05  ,5.701177511285e-01  ,5.553818793471e-01  
  1.802833865905e-05  ,6.218009948791e-01  ,6.042062688679e-01  
  1.803106147373e-05  ,6.625316456235e-01  ,6.425306870687e-01  
  1.803212597543e-05  ,6.771535315797e-01  ,6.562456294674e-01  
  1.803375709379e-05  ,6.980839028068e-01  ,6.758251415387e-01  
  1.803696568632e-05  ,7.338607749406e-01  ,7.091074327408e-01  
  1.804338287139e-05  ,7.827759885445e-01  ,7.537771710006e-01  
  1.804967116141e-05  ,7.999573104654e-01  ,7.679280083954e-01  
  1.805722754025e-05  ,7.794659747265e-01  ,7.455219896980e-01  
  1.807023774409e-05  ,6.436834643793e-01  ,6.111966268139e-01  
  1.808096807027e-05  ,4.503301929445e-01  ,4.232469652362e-01  
  1.808606352234e-05  ,3.391782081505e-01  ,3.157820868993e-01  
  1.808762162501e-05  ,3.033204308713e-01  ,2.811782233904e-01  
  1.808929316276e-05  ,2.640465467529e-01  ,2.433022077086e-01  
  1.809263623828e-05  ,1.834251558471e-01  ,1.656234414821e-01  
  1.809932238930e-05  ,1.702892802742e-02  ,5.549295014898e-03  
  1.810348577374e-05  ,-8.743205449131e-02  ,-9.475154405365e-02  
  1.810571088964e-05  ,-1.427615339606e-01  ,-1.478057978564e-01  
  1.810786298984e-05  ,-1.956148182439e-01  ,-1.984341346280e-01  
  1.811216719025e-05  ,-2.984024355838e-01  ,-2.967584843423e-01  
  1.811756588095e-05  ,-4.194097306056e-01  ,-4.122189107587e-01  
  1.812317095274e-05  ,-5.322647072908e-01  ,-5.195174536116e-01  
  1.812850854868e-05  ,-6.244786377925e-01  ,-6.067157604372e-01  
  1.813109799796e-05  ,-6.630457089303e-01  ,-6.429999362288e-01  
  1.813235118562e-05  ,-6.801504803358e-01  ,-6.590416912814e-01  
  1.813409220004e-05  ,-7.021587403629e-01  ,-6.796195861943e-01  
  1.813725869679e-05  ,-7.367615847824e-01  ,-7.117846728579e-01  
  1.814359169030e-05  ,-7.838423066678e-01  ,-7.547192881293e-01  
  1.815018172884e-05  ,-7.999869621414e-01  ,-7.677647630773e-01  
  1.815776791000e-05  ,-7.762965413696e-01  ,-7.422919380238e-01  
  1.816982294941e-05  ,-6.498190774675e-01  ,-6.171937673847e-01  
  1.818004961634e-05  ,-4.692187912035e-01  ,-4.415486715242e-01  
  1.818495582366e-05  ,-3.641813097632e-01  ,-3.399429165740e-01  
  1.818640682423e-05  ,-3.313443634130e-01  ,-3.082375733318e-01  
  1.818854029799e-05  ,-2.818322320416e-01  ,-2.604664999001e-01  
  1.819121691906e-05  ,-2.179524418030e-01  ,-1.988891894886e-01  
  1.819657016122e-05  ,-8.603454207736e-02  ,-7.190492547753e-02  
  1.820070448840e-05  ,1.770427913523e-02  ,2.780007627485e-02  
  1.820578652942e-05  ,1.446316500440e-01  ,1.495738841650e-01  
  1.820881370032e-05  ,2.186927798532e-01  ,2.205160222650e-01  
  1.821232702160e-05  ,3.021257515613e-01  ,3.003148003737e-01  
  1.821860190058e-05  ,4.413565369110e-01  ,4.331406616047e-01  
  1.822355951691e-05  ,5.395154262190e-01  ,5.264114312727e-01  
  1.822897012854e-05  ,6.316635905679e-01  ,6.135273463840e-01  
  1.823177489960e-05  ,6.724140948001e-01  ,6.518287862250e-01  
  1.823296941394e-05  ,6.882019977162e-01  ,6.666161367302e-01  
  1.823471284980e-05  ,7.094998686969e-01  ,6.864993793609e-01  
  1.823819972152e-05  ,7.456543543416e-01  ,7.200225249822e-01  
  1.824517346495e-05  ,7.908209357735e-01  ,7.608486024800e-01  
  1.825216732496e-05  ,7.981462976037e-01  ,7.652735975893e-01  
  1.825952700847e-05  ,7.644345429284e-01  ,7.303238590382e-01  
  1.826981029981e-05  ,6.500044607664e-01  ,6.173925755255e-01  
  1.827896706337e-05  ,4.909794610455e-01  ,4.626508543831e-01  
  1.828392095441e-05  ,3.871426484425e-01  ,3.621320601962e-01  
  1.828665270978e-05  ,3.257097318662e-01  ,3.027994040352e-01  
  1.828837640160e-05  ,2.856835679565e-01  ,2.641805657223e-01  
  1.829066074961e-05  ,2.313677982142e-01  ,2.118179937104e-01  
  1.829522944564e-05  ,1.194487686929e-01  ,1.040458634097e-01  
  1.829892493361e-05  ,2.701422879817e-02  ,1.515990085364e-02  
  1.830216779882e-05  ,-5.444062065244e-02  ,-6.307073901732e-02  
  1.830406099135e-05  ,-1.017871943833e-01  ,-1.084973181405e-01  
  1.830644703978e-05  ,-1.609262320904e-01  ,-1.651893787053e-01  
  1.830958075398e-05  ,-2.371713489194e-01  ,-2.381890880153e-01  
  1.831584818238e-05  ,-3.820549387929e-01  ,-3.766218585004e-01  
  1.832153893584e-05  ,-5.009574520849e-01  ,-4.897897564782e-01  
  1.832749716514e-05  ,-6.082784983788e-01  ,-5.914271160344e-01  
  1.833053774709e-05  ,-6.550648140220e-01  ,-6.354990554973e-01  
  1.833304784769e-05  ,-6.892049878972e-01  ,-6.675138976120e-01  
  1.833578630859e-05  ,-7.215586355260e-01  ,-6.976876520382e-01  
  1.833827256733e-05  ,-7.463156752750e-01  ,-7.206063337690e-01  
  1.834324508482e-05  ,-7.820539409134e-01  ,-7.531265205052e-01  
  1.835166275078e-05  ,-7.989087725035e-01  ,-7.661858944148e-01  
  1.835964679295e-05  ,-7.635414792129e-01  ,-7.294148328106e-01  
  1.837005376393e-05  ,-6.464184367581e-01  ,-6.138669936600e-01  
  1.837940275246e-05  ,-4.822884426480e-01  ,-4.542201397204e-01  
  1.838439538652e-05  ,-3.766654429787e-01  ,-3.520138826844e-01  
  1.838575139219e-05  ,-3.462665234720e-01  ,-3.226539303233e-01  
  1.838786623949e-05  ,-2.976227258755e-01  ,-2.757065013901e-01  
  1.839015207762e-05  ,-2.435757287579e-01  ,-2.235895805572e-01  
  1.839472375387e-05  ,-1.320001179680e-01  ,-1.161318767598e-01  
  1.839847512120e-05  ,-3.830972730231e-02  ,-2.602241535947e-02  
  1.840180739337e-05  ,4.540034505496e-02  ,5.438753032807e-02  
  1.840391926044e-05  ,9.825306094714e-02  ,1.051030972086e-01  
  1.840661786073e-05  ,1.651293354841e-01  ,1.692140604584e-01  
  1.840933993036e-05  ,2.313841573610e-01  ,2.326498041638e-01  
  1.841478406960e-05  ,3.583486564930e-01  ,3.539984214578e-01  
  1.842016487890e-05  ,4.735743308428e-01  ,4.637627051387e-01  
  1.842633470470e-05  ,5.889009984462e-01  ,5.731215210668e-01  
  1.842999331230e-05  ,6.471147861231e-01  ,6.280260456159e-01  
  1.843339971775e-05  ,6.936530268981e-01  ,6.716691534351e-01  
  1.843448135579e-05  ,7.067931201603e-01  ,6.839334954635e-01  
  1.843650754118e-05  ,7.292005953751e-01  ,7.047723771963e-01  
  1.844055991197e-05  ,7.650758089581e-01  ,7.377970218526e-01  
  1.844866465354e-05  ,7.992961437651e-01  ,7.676672864298e-01  
  1.845638196492e-05  ,7.839744388126e-01  ,7.501458227767e-01  
  1.846806596541e-05  ,6.745725477990e-01  ,6.414320531503e-01  
  1.847834031606e-05  ,5.033199155019e-01  ,4.746113233024e-01  
  1.848404746079e-05  ,3.843572352464e-01  ,3.594454233894e-01  
  1.848946477795e-05  ,2.599712758166e-01  ,2.393964508460e-01  
  1.849035381848e-05  ,2.387412957676e-01  ,2.189318200312e-01  
  1.849129296416e-05  ,2.161128963739e-01  ,1.971267275537e-01  
  1.849317125553e-05  ,1.703116239103e-01  ,1.530120593359e-01  
  1.849692783827e-05  ,7.709202891296e-02  ,6.331490433139e-02  
  1.850024073893e-05  ,-6.050371510077e-03  ,-1.659313832475e-02  
  1.850454866463e-05  ,-1.139317270634e-01  ,-1.201299526313e-01  
  1.850712507540e-05  ,-1.775810202822e-01  ,-1.811364655169e-01  
  1.850976854140e-05  ,-2.416746329318e-01  ,-2.424948409185e-01  
  1.851505547339e-05  ,-3.644340873948e-01  ,-3.597956855939e-01  
  1.851992442781e-05  ,-4.686902826196e-01  ,-4.591275353885e-01  
  1.852507724935e-05  ,-5.670565970028e-01  ,-5.524840402976e-01  
  1.852826386267e-05  ,-6.206165033574e-01  ,-6.030865282100e-01  
  1.853096320802e-05  ,-6.611442684210e-01  ,-6.412255984489e-01  
  1.853205099279e-05  ,-6.761481828373e-01  ,-6.553009131131e-01  
  1.853367130780e-05  ,-6.970283026904e-01  ,-6.748366007844e-01  
  1.853680837476e-05  ,-7.322777167988e-01  ,-7.076391457611e-01  
  1.854308250868e-05  ,-7.811831431670e-01  ,-7.523569492341e-01  
  1.854932758534e-05  ,-7.998215083379e-01  ,-7.679245329016e-01  
  1.855691525662e-05  ,-7.811952509366e-01  ,-7.472901718385e-01  
  1.857117119753e-05  ,-6.294777473991e-01  ,-5.973061566629e-01  
  1.858360472643e-05  ,-3.940785012990e-01  ,-3.687791042926e-01  
  1.858936924064e-05  ,-2.622408985817e-01  ,-2.414930620315e-01  
  1.859065651470e-05  ,-2.314696826483e-01  ,-2.118405775186e-01  
  1.859193261290e-05  ,-2.005918770515e-01  ,-1.820992041003e-01  
  1.859448480928e-05  ,-1.379193639667e-01  ,-1.217696615757e-01  
  1.859958920205e-05  ,-1.032419206853e-02  ,9.124926442920e-04  
  1.860371086323e-05  ,9.305305085754e-02  ,1.001521794399e-01  
  1.860598664308e-05  ,1.495752884668e-01  ,1.543421900557e-01  
  1.860809143209e-05  ,2.011768311028e-01  ,2.037619021121e-01  
  1.861230101013e-05  ,3.015203236413e-01  ,2.997391366667e-01  
  1.861753429794e-05  ,4.187335859359e-01  ,4.115750726892e-01  
  1.862308274531e-05  ,5.306076463748e-01  ,5.179448306669e-01  
  1.862832273865e-05  ,6.215491633892e-01  ,6.039531728430e-01  
  1.863093267703e-05  ,6.607119290953e-01  ,6.408077019264e-01  
  1.863219815814e-05  ,6.781177899111e-01  ,6.571369699703e-01  
  1.863395705396e-05  ,7.005247244730e-01  ,6.780945278300e-01  
  1.863697081381e-05  ,7.339120724852e-01  ,7.091477055726e-01  
  1.864299833351e-05  ,7.807242719076e-01  ,7.519436597169e-01  
  1.864953100258e-05  ,7.999131654046e-01  ,7.679353974934e-01  
  1.865719466978e-05  ,7.796515312736e-01  ,7.457106207738e-01  
  1.867208391005e-05  ,6.150641972592e-01  ,5.832408312042e-01  
  1.868561267430e-05  ,3.494060892383e-01  ,3.256652580802e-01  
  1.869353115135e-05  ,1.614631066463e-01  ,1.443936983888e-01  
  1.869568399662e-05  ,1.081409224698e-01  ,9.308629501423e-02  
  1.869787334973e-05  ,5.340879712197e-02  ,4.046566853666e-02  
  1.870075523430e-05  ,-1.897932743259e-02  ,-2.907029911009e-02  
  1.870335846716e-05  ,-8.425096606507e-02  ,-9.171072413147e-02  
  1.870504378849e-05  ,-1.262344288423e-01  ,-1.319713328283e-01  
  1.870678685182e-05  ,-1.692827354993e-01  ,-1.732209551614e-01  
  1.871027297848e-05  ,-2.537293360170e-01  ,-2.540552643003e-01  
  1.871587283486e-05  ,-3.825991875800e-01  ,-3.771548448937e-01  
  1.872063673610e-05  ,-4.830798986290e-01  ,-4.728330861560e-01  
  1.872575155967e-05  ,-5.788828797472e-01  ,-5.636913356064e-01  
  1.872881151313e-05  ,-6.292094862021e-01  ,-6.112024186364e-01  
  1.873213782483e-05  ,-6.773120617723e-01  ,-6.563984681941e-01  
  1.873313173229e-05  ,-6.902730509659e-01  ,-6.685306677038e-01  
  1.873494762504e-05  ,-7.122066550777e-01  ,-6.889995069077e-01  
  1.873857941055e-05  ,-7.490583619419e-01  ,-7.231382743605e-01  
  1.874584298158e-05  ,-7.931875035431e-01  ,-7.628743544042e-01  
  1.875293071890e-05  ,-7.966115487030e-01  ,-7.635491544847e-01  
  1.876017342830e-05  ,-7.594870056307e-01  ,-7.253637264512e-01  
  1.877003054643e-05  ,-6.467620457401e-01  ,-6.142098850342e-01  
  1.877888481641e-05  ,-4.926098311812e-01  ,-4.642188416396e-01  
  1.878368001008e-05  ,-3.924308011247e-01  ,-3.672380343067e-01  
  1.878652426922e-05  ,-3.286554789003e-01  ,-3.056388051567e-01  
  1.878757386976e-05  ,-3.044306947870e-01  ,-2.822623000155e-01  
  1.878928619945e-05  ,-2.642117402712e-01  ,-2.434733161238e-01  
  1.879271085882e-05  ,-1.815991954969e-01  ,-1.638705667028e-01  
  1.879956017756e-05  ,-1.105359171814e-02  ,1.769265292857e-04  
  1.880353729749e-05  ,8.871911556371e-02  ,9.596908503390e-02  
  1.880598891103e-05  ,1.496312829077e-01  ,1.543758198837e-01  
  1.880819949830e-05  ,2.038043874052e-01  ,2.062617137637e-01  
  1.881262067282e-05  ,3.089465169068e-01  ,3.068285296893e-01  
  1.881778988564e-05  ,4.241934449463e-01  ,4.167716063173e-01  
  1.882220062935e-05  ,5.138142463523e-01  ,5.019998806211e-01  
  1.882732513869e-05  ,6.054614499346e-01  ,5.887875434917e-01  
  1.882996264422e-05  ,6.466613058915e-01  ,6.276150129360e-01  
  1.883250627244e-05  ,6.821944867375e-01  ,6.609610228393e-01  
  1.883480961943e-05  ,7.106202358103e-01  ,6.875123627679e-01  
  1.883723068559e-05  ,7.364869682414e-01  ,7.115319422774e-01  
  1.884207281792e-05  ,7.753196317890e-01  ,7.470918530285e-01  
  1.884912032211e-05  ,7.996945223434e-01  ,7.678789828305e-01  
  1.885730702007e-05  ,7.790138701807e-01  ,7.450608100665e-01  
  1.887150037611e-05  ,6.243384156841e-01  ,5.923029218489e-01  
  1.888401139104e-05  ,3.851520383868e-01  ,3.601550237276e-01  
  1.888979900205e-05  ,2.520130200552e-01  ,2.316329328855e-01  
  1.889109577560e-05  ,2.208803517262e-01  ,2.016365466670e-01  
  1.889238137329e-05  ,1.896540252434e-01  ,1.715641402288e-01  
  1.889495256865e-05  ,1.263248360151e-01  ,1.106123304302e-01  
  1.889925527895e-05  ,1.871517407558e-02  ,7.152325189512e-03  
  1.890272724950e-05  ,-6.845942523920e-02  ,-7.654972334794e-02  
  1.890475827777e-05  ,-1.191436741552e-01  ,-1.251631302305e-01  
  1.890679787421e-05  ,-1.695534751806e-01  ,-1.734707525347e-01  
  1.891087706709e-05  ,-2.680813386201e-01  ,-2.677720550239e-01  
  1.891720633531e-05  ,-4.116881573643e-01  ,-4.048663404412e-01  
  1.892195682549e-05  ,-5.091026439400e-01  ,-4.975388933026e-01  
  1.892719160342e-05  ,-6.032625249508e-01  ,-5.867229415745e-01  
  1.892988387072e-05  ,-6.454937543189e-01  ,-6.265266663686e-01  
  1.893250051463e-05  ,-6.821188893780e-01  ,-6.608979885031e-01  
  1.893471259201e-05  ,-7.094968753256e-01  ,-6.864722953621e-01  
  1.893712807024e-05  ,-7.354760766098e-01  ,-7.106019877235e-01  
  1.894195902669e-05  ,-7.746097932722e-01  ,-7.464554185716e-01  
  1.894905719483e-05  ,-7.996491092676e-01  ,-7.678609975739e-01  
  1.895717832768e-05  ,-7.797434743959e-01  ,-7.458067904390e-01  
  1.897101852620e-05  ,-6.318385246842e-01  ,-5.996251036768e-01  
  1.898355785334e-05  ,-3.951032792094e-01  ,-3.697802048896e-01  
  1.898931938732e-05  ,-2.634242975825e-01  ,-2.426412661592e-01  
  1.899060479873e-05  ,-2.327135462295e-01  ,-2.130457867042e-01  
  1.899187903428e-05  ,-2.018951526643e-01  ,-1.833603742332e-01  
  1.899442750537e-05  ,-1.393377799941e-01  ,-1.231392450100e-01  
  1.899952444756e-05  ,-1.195149179673e-02  ,-6.533767271293e-04  
  1.900362748230e-05  ,9.097136687128e-02  ,9.815354000169e-02  
  1.900567713702e-05  ,1.419267742959e-01  ,1.470100221411e-01  
  1.900767426515e-05  ,1.910122187419e-01  ,1.940286257091e-01  
  1.901166852140e-05  ,2.867378776661e-01  ,2.856144085418e-01  
  1.901702772403e-05  ,4.078327265908e-01  ,4.011917257277e-01  
  1.902137215757e-05  ,4.976825508134e-01  ,4.866873812214e-01  
  1.902639980936e-05  ,5.900072581592e-01  ,5.741914753117e-01  
  1.902911815369e-05  ,6.339396944650e-01  ,6.156427105453e-01  
  1.903199072504e-05  ,6.753374077395e-01  ,6.545367113236e-01  
  1.903294588947e-05  ,6.879003582258e-01  ,6.663001550401e-01  
  1.903482492590e-05  ,7.107968478250e-01  ,6.876766191472e-01  
  1.903858299875e-05  ,7.490900234453e-01  ,7.231604227818e-01  
  1.904609914446e-05  ,7.940002124149e-01  ,7.635436057621e-01  
  1.905289928937e-05  ,7.966837856802e-01  ,7.635947421464e-01  
  1.906013827348e-05  ,7.597641445156e-01  ,7.256321024977e-01  
  1.906997005963e-05  ,6.476556078253e-01  ,6.150931809957e-01  
  1.907881836915e-05  ,4.939246046880e-01  ,4.655024667552e-01  
  1.908361877823e-05  ,3.937711228698e-01  ,3.685405918902e-01  
  1.908662844026e-05  ,3.262667541248e-01  ,3.033380872230e-01  
  1.908770430410e-05  ,3.013966078790e-01  ,2.793394386232e-01  
  1.908936820501e-05  ,2.622654885368e-01  ,2.416005178098e-01  
  1.909269600683e-05  ,1.819627026253e-01  ,1.642235303962e-01  
  1.909935161048e-05  ,1.629467907194e-02  ,4.861205215129e-03  
  1.910325496966e-05  ,-8.166381426550e-02  ,-8.919813105116e-02  
  1.910525172526e-05  ,-1.313922490537e-01  ,-1.368900617111e-01  
  1.910738631660e-05  ,-1.839768743678e-01  ,-1.872740877313e-01  
  1.911165549928e-05  ,-2.864323167327e-01  ,-2.853082915836e-01  
  1.911734550768e-05  ,-4.146832970378e-01  ,-4.077280058543e-01  
  1.912182479674e-05  ,-5.065386539472e-01  ,-4.951106184029e-01  
  1.912698134357e-05  ,-5.997786719197e-01  ,-5.834361676714e-01  
  1.912963449532e-05  ,-6.417715720880e-01  ,-6.230267257103e-01  
  1.913224219853e-05  ,-6.787043941993e-01  ,-6.577013589124e-01  
  1.913425497288e-05  ,-7.041099785347e-01  ,-6.814514095070e-01  
  1.913663357073e-05  ,-7.304976510162e-01  ,-7.059926061561e-01  
  1.914139076644e-05  ,-7.709169716845e-01  ,-7.431178182153e-01  
  1.914834290320e-05  ,-7.989161793799e-01  ,-7.674241613390e-01  
  1.915631055409e-05  ,-7.843298986736e-01  ,-7.505128360230e-01  
  1.916790812784e-05  ,-6.766967488336e-01  ,-6.434983836513e-01  
  1.917823314244e-05  ,-5.054107250715e-01  ,-4.766264540165e-01  
  1.918398499066e-05  ,-3.857334620418e-01  ,-3.607668432682e-01  
  1.918948128396e-05  ,-2.595789144035e-01  ,-2.390130798928e-01  
  1.919037265280e-05  ,-2.382894655526e-01  ,-2.184916511536e-01  
  1.919127733955e-05  ,-2.164909597680e-01  ,-1.974866480587e-01  
  1.919308671305e-05  ,-1.723870971402e-01  ,-1.550068878549e-01  
  1.919670546004e-05  ,-8.265306595661e-02  ,-6.866026201663e-02  
  1.919995279559e-05  ,-1.186375661657e-03  ,9.643465356894e-03  
  1.920447902331e-05  ,1.121990188749e-01  ,1.184698930085e-01  
  1.920698390850e-05  ,1.741198872618e-01  ,1.778221461169e-01  
  1.920953349718e-05  ,2.360367890540e-01  ,2.371013645253e-01  
  1.921463267455e-05  ,3.549427205016e-01  ,3.507387756982e-01  
  1.921994866380e-05  ,4.691837813199e-01  ,4.595819378569e-01  
  1.922612519512e-05  ,5.853243107343e-01  ,5.697369379346e-01  
  1.922980913469e-05  ,6.443823900186e-01  ,6.254532937664e-01  
  1.923329302618e-05  ,6.923132530623e-01  ,6.704148293362e-01  
  1.923422164792e-05  ,7.037119930985e-01  ,6.810584803387e-01  
  1.923607889140e-05  ,7.247036347728e-01  ,7.005985656965e-01  
  1.923979337835e-05  ,7.592244794644e-01  ,7.324525730441e-01  
  1.924722235227e-05  ,7.969560433236e-01  ,7.659691720624e-01  
  1.925507228398e-05  ,7.898644417246e-01  ,7.562979345730e-01  
  1.926390420222e-05  ,7.248834943077e-01  ,6.909499314210e-01  
  1.927340518260e-05  ,5.933060515538e-01  ,5.620508848900e-01  
  1.928359757686e-05  ,3.942348664913e-01  ,3.689960123684e-01  
  1.928873773241e-05  ,2.771828865110e-01  ,2.559648091522e-01  
  1.928988866085e-05  ,2.498733793669e-01  ,2.296354069568e-01  
  1.929103046232e-05  ,2.224575802375e-01  ,2.032154772867e-01  
  1.929331406528e-05  ,1.668029989883e-01  ,1.496124926110e-01  
  1.929788127118e-05  ,5.321015170020e-02  ,4.033787395531e-02  
  1.930169671351e-05  ,-4.262287077737e-02  ,-5.172504833200e-02  
  1.930443629199e-05  ,-1.111355776676e-01  ,-1.174633464535e-01  
  1.930737144822e-05  ,-1.836131868540e-01  ,-1.869297450091e-01  
  1.931029878134e-05  ,-2.543442680519e-01  ,-2.546271820738e-01  
  1.931615344757e-05  ,-3.887779755508e-01  ,-3.830239213324e-01  
  1.932082049125e-05  ,-4.867530435147e-01  ,-4.763045970087e-01  
  1.932591072792e-05  ,-5.816367248729e-01  ,-5.662814214658e-01  
  1.932895578021e-05  ,-6.314422369602e-01  ,-6.132945369224e-01  
  1.933211855167e-05  ,-6.770541631656e-01  ,-6.561485008042e-01  
  1.933303413489e-05  ,-6.890299339781e-01  ,-6.673601884907e-01  
  1.933486530134e-05  ,-7.112619266255e-01  ,-6.881128081235e-01  
  1.933852763423e-05  ,-7.486004393924e-01  ,-7.227118735294e-01  
  1.934585230002e-05  ,-7.932179681419e-01  ,-7.628982169423e-01  
  1.935281784782e-05  ,-7.968673551100e-01  ,-7.638345943965e-01  
  1.936006502756e-05  ,-7.603385927645e-01  ,-7.262161551659e-01  
  1.936997578987e-05  ,-6.475710560811e-01  ,-6.150004584705e-01  
  1.937886731276e-05  ,-4.929563795306e-01  ,-4.645543217541e-01  
  1.938368709335e-05  ,-3.922756596375e-01  ,-3.670873738488e-01  
  1.938658574173e-05  ,-3.272462895050e-01  ,-3.042778016816e-01  
  1.938764651814e-05  ,-3.027414183251e-01  ,-2.806317025809e-01  
  1.938934133896e-05  ,-2.629032973329e-01  ,-2.422110560098e-01  
  1.939273098060e-05  ,-1.811066453887e-01  ,-1.633957971895e-01  
  1.939951026389e-05  ,-1.230792533139e-02  ,-1.028335275202e-03  
  1.940345981666e-05  ,8.678356075157e-02  ,9.411162556258e-02  
  1.940560856411e-05  ,1.402303592711e-01  ,1.453641086078e-01  
  1.940767013976e-05  ,1.909115336372e-01  ,1.939162368679e-01  
  1.941179329106e-05  ,2.896631266900e-01  ,2.883966115543e-01  
  1.941729479977e-05  ,4.135929231407e-01  ,4.066722993662e-01  
  1.942286783406e-05  ,5.265533008124e-01  ,5.140977151997e-01  
  1.942825236866e-05  ,6.204341778133e-01  ,6.029011760647e-01  
  1.943100126037e-05  ,6.616822637657e-01  ,6.417188931448e-01  
  1.943228108385e-05  ,6.792212547564e-01  ,6.581713074271e-01  
  1.943407965401e-05  ,7.020075820847e-01  ,6.794794903918e-01  
  1.943706770936e-05  ,7.348778741830e-01  ,7.100425650283e-01  
  1.944304382005e-05  ,7.809729147603e-01  ,7.521659247062e-01  
  1.944970463911e-05  ,7.999655600426e-01  ,7.679215699551e-01  
  1.945738022724e-05  ,7.785931491616e-01  ,7.446306092887e-01  
  1.946992104450e-05  ,6.483779856076e-01  ,6.157853899821e-01  
  1.948045020500e-05  ,4.610275403648e-01  ,4.336104913971e-01  
  1.948546817103e-05  ,3.526695363052e-01  ,3.288172695082e-01  
  1.948698250154e-05  ,3.181218786026e-01  ,2.954685008946e-01  
  1.948887792924e-05  ,2.738749330173e-01  ,2.527863537081e-01  
  1.949195464650e-05  ,2.000557545103e-01  ,1.816429244149e-01  
  1.949810808101e-05  ,4.752111927221e-02  ,3.485665830725e-02  
  1.950208445588e-05  ,-5.235065556006e-02  ,-6.108252573031e-02  
  1.950483297506e-05  ,-1.209997553991e-01  ,-1.269397263593e-01  
  1.950832506219e-05  ,-2.068544357013e-01  ,-2.091957153425e-01  
  1.951171619394e-05  ,-2.878560922005e-01  ,-2.866782502755e-01  
  1.951849845746e-05  ,-4.391858511209e-01  ,-4.310732533259e-01  
  1.952345458367e-05  ,-5.375652209468e-01  ,-5.245620438931e-01  
  1.952879292467e-05  ,-6.289208609052e-01  ,-6.109424541017e-01  
  1.953156565824e-05  ,-6.695504478371e-01  ,-6.491419338539e-01  
  1.953276911327e-05  ,-6.856216590405e-01  ,-6.641972612226e-01  
  1.953451199034e-05  ,-7.071534645929e-01  ,-6.843055260559e-01  
  1.953796198168e-05  ,-7.434689135811e-01  ,-7.180009787276e-01  
  1.954486196437e-05  ,-7.896005400656e-01  ,-7.597893026667e-01  
  1.955169712701e-05  ,-7.988631961201e-01  ,-7.661325466916e-01  
  1.955909927884e-05  ,-7.675350885966e-01  ,-7.334318373905e-01  
  1.956971784630e-05  ,-6.513562735535e-01  ,-6.186968268503e-01  
  1.957908471623e-05  ,-4.886415489421e-01  ,-4.603795063866e-01  
  1.958414589563e-05  ,-3.821856985128e-01  ,-3.573504475195e-01  
  1.958670852283e-05  ,-3.244280201137e-01  ,-3.015704242182e-01  
  1.958844376305e-05  ,-2.841015791003e-01  ,-2.626620149790e-01  
  1.959079032341e-05  ,-2.282485112844e-01  ,-2.088182074527e-01  
  1.959548344412e-05  ,-1.131329137184e-01  ,-9.797297404314e-02  
  1.959906270304e-05  ,-2.355343777767e-02  ,-1.183742645000e-02  
  1.960234356621e-05  ,5.884704422547e-02  ,6.729758717842e-02  
  1.960423303345e-05  ,1.060744349735e-01  ,1.126071236464e-01  
  1.960646671751e-05  ,1.614106472875e-01  ,1.656513664494e-01  
  1.960992155173e-05  ,2.453377246113e-01  ,2.460002900128e-01  
  1.961573672989e-05  ,3.795915652531e-01  ,3.742685102214e-01  
  1.962152285078e-05  ,5.006421994977e-01  ,4.894882592135e-01  
  1.962734473446e-05  ,6.057832378367e-01  ,5.890698708841e-01  
  1.963038084605e-05  ,6.527932439477e-01  ,6.333624131168e-01  
  1.963298445144e-05  ,6.883946173448e-01  ,6.667545772336e-01  
  1.963445035318e-05  ,7.064277798678e-01  ,6.835987312431e-01  
  1.963637036780e-05  ,7.277758596442e-01  ,7.034567449274e-01  
  1.964021039703e-05  ,7.624626174739e-01  ,7.354210102233e-01  
  1.964789045551e-05  ,7.982437831082e-01  ,7.669480125654e-01  
  1.965574485758e-05  ,7.870061128059e-01  ,7.532817943377e-01  
  1.966590297917e-05  ,7.022167936909e-01  ,6.685665032063e-01  
  1.967553508976e-05  ,5.560965821879e-01  ,5.258456916354e-01  
  1.968486619690e-05  ,3.661854933971e-01  ,3.419075882195e-01  
  1.968918678859e-05  ,2.665687222912e-01  ,2.457507460504e-01  
  1.969011345455e-05  ,2.445001656892e-01  ,2.244756575071e-01  
  1.969103062102e-05  ,2.224537490408e-01  ,2.032298177272e-01  
  1.969286495396e-05  ,1.778253492710e-01  ,1.602417036402e-01  
  1.969653361985e-05  ,8.694754379552e-02  ,7.278927010702e-02  
  1.969978058288e-05  ,5.514510151316e-03  ,-5.486658632579e-03  
  1.970461004922e-05  ,-1.154585519896e-01  ,-1.216082023822e-01  
  1.970660941252e-05  ,-1.649215753166e-01  ,-1.690204976221e-01  
  1.970917315730e-05  ,-2.273686809260e-01  ,-2.288098789896e-01  
  1.971430064687e-05  ,-3.474450838296e-01  ,-3.435853053418e-01  
  1.971951307306e-05  ,-4.602729755402e-01  ,-4.511082936259e-01  
  1.972604648718e-05  ,-5.839740705664e-01  ,-5.684631150939e-01  
  1.972984628329e-05  ,-6.449352536811e-01  ,-6.259769924104e-01  
  1.973349036226e-05  ,-6.947851682611e-01  ,-6.727281975453e-01  
  1.973443733105e-05  ,-7.062741249533e-01  ,-6.834505426838e-01  
  1.973633126864e-05  ,-7.273672842962e-01  ,-7.030726763747e-01  
  1.974011914381e-05  ,-7.617652048813e-01  ,-7.347769404036e-01  
  1.974769489416e-05  ,-7.979032257537e-01  ,-7.667037129833e-01  
  1.975565360436e-05  ,-7.874145555136e-01  ,-7.537406110556e-01  
  1.976548539051e-05  ,-7.071842423948e-01  ,-6.734725745182e-01  
  1.977494464764e-05  ,-5.666682653796e-01  ,-5.361299866353e-01  
  1.978434430012e-05  ,-3.777976798123e-01  ,-3.531201516435e-01  
  1.978895173916e-05  ,-2.721312441181e-01  ,-2.511067063926e-01  
  1.978996296921e-05  ,-2.480985622051e-01  ,-2.279369025498e-01  
  1.979096507230e-05  ,-2.240357236965e-01  ,-2.047474120856e-01  
  1.979296927848e-05  ,-1.752680325654e-01  ,-1.577730286713e-01  
  1.979697769085e-05  ,-7.584483395626e-02  ,-6.210736041670e-02  
  1.980037105778e-05  ,9.325487923026e-03  ,1.974574288222e-02  
  1.980474529365e-05  ,1.188209768121e-01  ,1.248336129870e-01  
  1.980738689700e-05  ,1.839910704155e-01  ,1.872909787610e-01  
  1.981010971168e-05  ,2.498345225132e-01  ,2.503128298091e-01  
  1.981555534104e-05  ,3.755724898207e-01  ,3.704287841985e-01  
  1.982022461990e-05  ,4.747836109132e-01  ,4.649250139053e-01  
  1.982527313331e-05  ,5.705185373278e-01  ,5.557611312321e-01  
  1.982835543850e-05  ,6.220662466286e-01  ,6.044563068944e-01  
  1.983108793893e-05  ,6.629042193940e-01  ,6.428804761739e-01  
  1.983214983293e-05  ,6.774726193824e-01  ,6.565445821759e-01  
  1.983378411779e-05  ,6.984153844184e-01  ,6.761346037563e-01  
  1.983701021919e-05  ,7.343056646520e-01  ,7.095192217602e-01  
  1.984346242198e-05  ,7.831861825050e-01  ,7.541416677005e-01  
  1.984976710328e-05  ,7.999785866544e-01  ,7.679127804717e-01  
  1.985731603155e-05  ,7.789623036392e-01  ,7.450078104322e-01  
  1.987017871389e-05  ,6.445633300560e-01  ,6.120564370452e-01  
  1.988082559356e-05  ,4.532852865675e-01  ,4.261096853430e-01  
  1.988588602790e-05  ,3.432130591489e-01  ,3.196802798254e-01  
  1.988742867061e-05  ,3.078022174298e-01  ,2.855048988006e-01  
  1.988915366629e-05  ,2.673534592253e-01  ,2.464929622271e-01  
  1.989256826738e-05  ,1.850875227854e-01  ,1.672260075416e-01  
  1.989939746955e-05  ,1.514233756196e-02  ,3.749870773499e-03  
  1.990337682465e-05  ,-8.470976028366e-02  ,-9.212243123719e-02  
  1.990551216105e-05  ,-1.378443594155e-01  ,-1.430772001647e-01  
  1.990753797391e-05  ,-1.876841766064e-01  ,-1.908255404377e-01  
  1.991158959964e-05  ,-2.848852639083e-01  ,-2.838295450973e-01  
  1.991720808247e-05  ,-4.117258070561e-01  ,-4.049086865656e-01  
  1.992165682414e-05  ,-5.032640464645e-01  ,-4.919994094060e-01  
  1.992677611807e-05  ,-5.963529958610e-01  ,-5.801984572577e-01  
  1.992942852476e-05  ,-6.386675387927e-01  ,-6.201034760500e-01  
  1.993212973276e-05  ,-6.772038100856e-01  ,-6.562936344139e-01  
  1.993398734877e-05  ,-7.008921101681e-01  ,-6.784474804641e-01  
  1.993636296639e-05  ,-7.276986012348e-01  ,-7.033961950287e-01  
  1.994111420164e-05  ,-7.690307628003e-01  ,-7.414122580443e-01  
  1.994809316048e-05  ,-7.985649793700e-01  ,-7.671832913462e-01  
  1.995590434918e-05  ,-7.862767105359e-01  ,-7.525260517213e-01  
  1.996659444222e-05  ,-6.937261379904e-01  ,-6.602172213706e-01  
  1.997661845335e-05  ,-5.362043635919e-01  ,-5.065178631822e-01  
  1.998384775171e-05  ,-3.887516327543e-01  ,-3.636827706760e-01  
  1.998802007684e-05  ,-2.940304313521e-01  ,-2.722212095775e-01  
  1.998910581270e-05  ,-2.684866998718e-01  ,-2.475866978529e-01  
  1.999028058299e-05  ,-2.404973989733e-01  ,-2.206061388278e-01  
  1.999263012359e-05  ,-1.835747374399e-01  ,-1.657664896680e-01  
  1.999732920477e-05  ,-6.704567235899e-02  ,-5.364180195011e-02  
  2.000000000000e-05  ,3.143018757966e-15  ,1.078850466106e-02  
