  Time                 , V(D2:2)              , V(D1:2)              
  0.000000000000e+00  ,0.000000000000e+00  ,1.176793038016e-15  
  2.500000000000e-10  ,4.712340533227e-01  ,4.702655271418e-01  
  4.737968146801e-10  ,8.930529776111e-01  ,8.909831598713e-01  
  9.213904440403e-10  ,1.736537541688e+00  ,1.731373538358e+00  
  1.816577702761e-09  ,3.422309892402e+00  ,3.407033328679e+00  
  3.606952220201e-09  ,6.784403835756e+00  ,6.731870668775e+00  
  5.430668085814e-09  ,1.018698009517e+01  ,1.002897272800e+01  
  7.049865514040e-09  ,1.318030897855e+01  ,9.980191174554e+00  
  8.676140993834e-09  ,1.615238933976e+01  ,7.148123875011e+00  
  1.141609200835e-08  ,2.106046462916e+01  ,4.648207667558e+00  
  1.433709213138e-08  ,2.612024468946e+01  ,3.862869187642e+00  
  1.946979710460e-08  ,3.445372142198e+01  ,3.937550376366e+00  
  2.470606514812e-08  ,4.203282813698e+01  ,3.547752137497e+00  
  2.837398597598e-08  ,4.667694347759e+01  ,3.302128536173e+00  
  3.086620518565e-08  ,4.948264059692e+01  ,3.164894112500e+00  
  3.197317519784e-08  ,5.063256423366e+01  ,3.108830555061e+00  
  3.360466608405e-08  ,5.221535843414e+01  ,3.026855853817e+00  
  3.668436357379e-08  ,5.482628686042e+01  ,2.872615003679e+00  
  4.284375855327e-08  ,5.849005561971e+01  ,2.568199110390e+00  
  4.901954481006e-08  ,5.997153952378e+01  ,2.266212137793e+00  
  5.662956783175e-08  ,5.870335537303e+01  ,1.896231773511e+00  
  6.986477920413e-08  ,4.869039897997e+01  ,1.254867132375e+00  
  8.080223152041e-08  ,3.403267282490e+01  ,7.105791912034e-01  
  8.600571700931e-08  ,2.553700638631e+01  ,4.108875262646e-01  
  8.711883375049e-08  ,2.362313418098e+01  ,3.339073778596e-01  
  8.919493803382e-08  ,1.997817003985e+01  ,1.805837061026e-01  
  9.236292490363e-08  ,1.425783257719e+01  ,-8.882112046913e-02  
  9.869889864326e-08  ,2.451835394687e+00  ,-9.827914315145e-01  
  1.026842142045e-07  ,-5.053630161694e+00  ,-5.155710272250e+00  
  1.051555717885e-07  ,-9.675590216102e+00  ,-9.703369739725e+00  
  1.077800388038e-07  ,-1.451944903539e+01  ,-1.447689895996e+01  
  1.105326558053e-07  ,-1.949327089505e+01  ,-1.754036715203e+01  
  1.124008888900e-07  ,-2.278829570615e+01  ,-1.012381806105e+01  
  1.142851407230e-07  ,-2.603205026911e+01  ,-5.135594557503e+00  
  1.180536443889e-07  ,-3.223493815517e+01  ,-3.655712122922e+00  
  1.217197025716e-07  ,-3.783686254965e+01  ,-3.725539069038e+00  
  1.257996405065e-07  ,-4.347872084476e+01  ,-3.403655752863e+00  
  1.286140973270e-07  ,-4.695999326738e+01  ,-3.262911464277e+00  
  1.314725125730e-07  ,-5.011997669937e+01  ,-3.135128246176e+00  
  1.323314713836e-07  ,-5.099171203911e+01  ,-3.090615521281e+00  
  1.340493890047e-07  ,-5.262318687315e+01  ,-3.002115689556e+00  
  1.373604270220e-07  ,-5.533155963231e+01  ,-2.836056157405e+00  
  1.439825030565e-07  ,-5.893104612415e+01  ,-2.509714659018e+00  
  1.504548224211e-07  ,-5.999387512341e+01  ,-2.194530827478e+00  
  1.579709681273e-07  ,-5.812857474747e+01  ,-1.831346368416e+00  
  1.697920593023e-07  ,-4.877036997958e+01  ,-1.258517419602e+00  
  1.798622640371e-07  ,-3.547682630156e+01  ,-7.584640571436e-01  
  1.852497788668e-07  ,-2.681909010937e+01  ,-4.561251308583e-01  
  1.867838534117e-07  ,-2.420223894746e+01  ,-3.545375646588e-01  
  1.888558598757e-07  ,-2.057970113443e+01  ,-2.061126836386e-01  
  1.914799543619e-07  ,-1.586882579083e+01  ,8.515825705763e-03  
  1.967281433344e-07  ,-6.156450189138e+00  ,6.045682075871e-01  
  2.008214923143e-07  ,1.548304643780e+00  ,1.972053054261e+00  
  2.057075830698e-07  ,1.070098229988e+01  ,1.071984699770e+01  
  2.087846728563e-07  ,1.634932030634e+01  ,1.627347933082e+01  
  2.116766157150e-07  ,2.151958383605e+01  ,1.448449178355e+01  
  2.137404265404e-07  ,2.510319517673e+01  ,7.154928671593e+00  
  2.159275444746e-07  ,2.878546368826e+01  ,4.182252766368e+00  
  2.196587952375e-07  ,3.474477498693e+01  ,3.156585949156e+00  
  2.235874863863e-07  ,4.050256918763e+01  ,3.755886588593e+00  
  2.280511292219e-07  ,4.629216747370e+01  ,3.224025740961e+00  
  2.300780596733e-07  ,4.862735976113e+01  ,3.158747109171e+00  
  2.312379288077e-07  ,4.987553189421e+01  ,3.124184698552e+00  
  2.328900950551e-07  ,5.153875794401e+01  ,3.056833724904e+00  
  2.356609659791e-07  ,5.401444862340e+01  ,2.923295530023e+00  
  2.404285925031e-07  ,5.730785880291e+01  ,2.683830885889e+00  
  2.462184386849e-07  ,5.957708563213e+01  ,2.402632927649e+00  
  2.538418727517e-07  ,5.956350459876e+01  ,2.030154945882e+00  
  2.614146428704e-07  ,5.618331210548e+01  ,1.664719097434e+00  
  2.709886389375e-07  ,4.742242318734e+01  ,1.200357633860e+00  
  2.796402531266e-07  ,3.581345113439e+01  ,7.685108118841e-01  
  2.842380064130e-07  ,2.851127729375e+01  ,5.142558203066e-01  
  2.855142908692e-07  ,2.637215677585e+01  ,4.331908571273e-01  
  2.877010362744e-07  ,2.261045130887e+01  ,2.867270083000e-01  
  2.899969326854e-07  ,1.854651834918e+01  ,1.185540551322e-01  
  2.945887255073e-07  ,1.015095288514e+01  ,-3.095932552792e-01  
  2.984123634696e-07  ,2.991383707520e+00  ,-9.593397079290e-01  
  3.017763006091e-07  ,-3.346510240179e+00  ,-3.505237095196e+00  
  3.039563404918e-07  ,-7.438339661989e+00  ,-7.501672604950e+00  
  3.067238586545e-07  ,-1.258012982990e+01  ,-1.257071852891e+01  
  3.094321447015e-07  ,-1.752012955605e+01  ,-1.739582860989e+01  
  3.118744450212e-07  ,-2.186725583572e+01  ,-1.282313462498e+01  
  3.140060561299e-07  ,-2.555708611724e+01  ,-6.052241056940e+00  
  3.162162708640e-07  ,-2.926178655679e+01  ,-4.085421187106e+00  
  3.198786037564e-07  ,-3.508173455852e+01  ,-3.376173509532e+00  
  3.236821251512e-07  ,-4.063400219768e+01  ,-3.668821523671e+00  
  3.282396453023e-07  ,-4.651741929300e+01  ,-3.245847136446e+00  
  3.302311854959e-07  ,-4.879587891307e+01  ,-3.167562403048e+00  
  3.313608797789e-07  ,-5.000398993229e+01  ,-3.125042648543e+00  
  3.329955371618e-07  ,-5.164023892811e+01  ,-3.052476171333e+00  
  3.359172823429e-07  ,-5.422305278578e+01  ,-2.909544456627e+00  
  3.408592524529e-07  ,-5.754304098270e+01  ,-2.663022056088e+00  
  3.467601122856e-07  ,-5.968946829708e+01  ,-2.376012470833e+00  
  3.543954672813e-07  ,-5.942886221584e+01  ,-2.003404811725e+00  
  3.626536908150e-07  ,-5.532126270588e+01  ,-1.604721167232e+00  
  3.727760496140e-07  ,-4.528471186683e+01  ,-1.113059093318e+00  
  3.836956205368e-07  ,-2.940666501174e+01  ,-5.471803188253e-01  
  3.898304286003e-07  ,-1.884474566203e+01  ,-1.592078891658e-01  
  3.911916496754e-07  ,-1.639225787434e+01  ,-3.670534478245e-02  
  3.925422536731e-07  ,-1.392926384971e+01  ,9.960401477305e-02  
  3.952434616685e-07  ,-8.932533342133e+00  ,4.158912133218e-01  
  3.990827458501e-07  ,-1.728744062478e+00  ,1.173274630509e+00  
  4.024209784865e-07  ,4.559038515700e+00  ,4.678573231328e+00  
  4.043503063321e-07  ,8.174630528325e+00  ,8.226458522992e+00  
  4.065512078404e-07  ,1.226174093319e+01  ,1.225653484633e+01  
  4.092717873454e-07  ,1.723081544242e+01  ,1.712034410213e+01  
  4.121778863072e-07  ,2.239888793146e+01  ,1.212513978631e+01  
  4.142487751842e-07  ,2.597027366141e+01  ,5.940745302156e+00  
  4.167260932326e-07  ,3.009695674246e+01  ,3.932670817947e+00  
  4.203586238027e-07  ,3.581175264488e+01  ,3.366993742431e+00  
  4.240608173013e-07  ,4.115631877789e+01  ,3.637677596393e+00  
  4.275730209947e-07  ,4.571362870228e+01  ,3.410027909984e+00  
  4.300115960240e-07  ,4.855386424554e+01  ,3.228942197371e+00  
  4.312184038162e-07  ,4.985506384572e+01  ,3.152322906909e+00  
  4.328757854700e-07  ,5.152494231696e+01  ,3.060464009232e+00  
  4.353523584604e-07  ,5.375864130725e+01  ,2.934429352970e+00  
  4.402086468935e-07  ,5.718369755622e+01  ,2.696573816508e+00  
  4.458926948309e-07  ,5.950119330135e+01  ,2.417426475101e+00  
  4.535280498266e-07  ,5.963183222590e+01  ,2.046053523427e+00  
  4.610188635588e-07  ,5.644079173074e+01  ,1.683409724310e+00  
  4.706345828772e-07  ,4.782833484782e+01  ,1.217485949887e+00  
  4.793234499693e-07  ,3.629078425813e+01  ,7.849254239902e-01  
  4.839741023779e-07  ,2.894798854549e+01  ,5.285279596659e-01  
  4.853291767240e-07  ,2.668512844683e+01  ,4.440507423606e-01  
  4.873587148786e-07  ,2.320682302238e+01  ,3.099461205221e-01  
  4.895681845546e-07  ,1.931340511006e+01  ,1.515093845390e-01  
  4.939871239066e-07  ,1.126671891515e+01  ,-2.415476101565e-01  
  4.982250141501e-07  ,3.344035832294e+00  ,-9.050757563264e-01  
  5.017826663852e-07  ,-3.358490699845e+00  ,-3.514678290086e+00  
  5.041564213634e-07  ,-7.812424402435e+00  ,-7.869243188646e+00  
  5.071441041827e-07  ,-1.335354770708e+01  ,-1.333215166913e+01  
  5.099600511193e-07  ,-1.846938874892e+01  ,-1.824552060313e+01  
  5.120134311318e-07  ,-2.211101042637e+01  ,-1.170722875757e+01  
  5.141476499438e-07  ,-2.579830741916e+01  ,-5.472252537287e+00  
  5.169926541448e-07  ,-3.053056577187e+01  ,-3.083352942828e+00  
  5.208893077970e-07  ,-3.660933544111e+01  ,-3.975331323275e+00  
  5.246876137853e-07  ,-4.200800185562e+01  ,-3.404091981947e+00  
  5.275087761283e-07  ,-4.563509976892e+01  ,-3.281049724573e+00  
  5.298314946294e-07  ,-4.835364501039e+01  ,-3.197590854753e+00  
  5.309507580996e-07  ,-4.957260319537e+01  ,-3.151175549336e+00  
  5.325537505150e-07  ,-5.121127505990e+01  ,-3.076103823319e+00  
  5.349763067961e-07  ,-5.344010113835e+01  ,-2.955904302435e+00  
  5.395524533987e-07  ,-5.679707091179e+01  ,-2.727570850673e+00  
  5.449399682283e-07  ,-5.924349336555e+01  ,-2.464569526589e+00  
  5.524769755602e-07  ,-5.981842950412e+01  ,-2.096633329574e+00  
  5.600840183496e-07  ,-5.701425296677e+01  ,-1.728866966354e+00  
  5.700677963495e-07  ,-4.846579471401e+01  ,-1.245117364914e+00  
  5.790666075945e-07  ,-3.667513695438e+01  ,-7.984269853466e-01  
  5.839109750986e-07  ,-2.905215846371e+01  ,-5.325919257356e-01  
  5.864613088369e-07  ,-2.475731292529e+01  ,-3.739122115576e-01  
  5.881987842321e-07  ,-2.173865798436e+01  ,-2.537709601052e-01  
  5.905218752623e-07  ,-1.760300427928e+01  ,-7.305145379567e-02  
  5.951680573225e-07  ,-9.073058042935e+00  ,3.838908066361e-01  
  5.986865940094e-07  ,-2.475009526117e+00  ,1.039678322821e+00  
  6.019361647367e-07  ,3.647334477007e+00  ,3.795354016485e+00  
  6.038859816790e-07  ,7.306721459014e+00  ,7.372517393441e+00  
  6.064128460884e-07  ,1.200632436467e+01  ,1.200529070477e+01  
  6.091907950640e-07  ,1.708452382185e+01  ,1.697980995287e+01  
  6.120417597294e-07  ,2.216064170731e+01  ,1.260242269178e+01  
  6.140955122709e-07  ,2.570954403802e+01  ,6.192409514659e+00  
  6.164562287331e-07  ,2.965582393342e+01  ,4.001470832531e+00  
  6.200798186064e-07  ,3.538872440178e+01  ,3.335547914905e+00  
  6.238386365175e-07  ,4.085057426484e+01  ,3.667117651613e+00  
  6.278135212660e-07  ,4.600594534321e+01  ,3.407723135461e+00  
  6.300971242189e-07  ,4.864840222537e+01  ,3.229209160657e+00  
  6.313043045402e-07  ,4.994497319396e+01  ,3.149581820742e+00  
  6.329883220196e-07  ,5.163331288371e+01  ,3.054746143610e+00  
  6.355185391903e-07  ,5.389701932234e+01  ,2.925795277204e+00  
  6.404508235455e-07  ,5.732025626518e+01  ,2.684856921031e+00  
  6.462332191467e-07  ,5.958038129290e+01  ,2.400722884206e+00  
  6.539013566971e-07  ,5.954990044657e+01  ,2.028009532688e+00  
  6.613653483391e-07  ,5.621585569858e+01  ,1.666622249896e+00  
  6.708812298775e-07  ,4.754618582765e+01  ,1.205464063709e+00  
  6.794851603508e-07  ,3.604757844686e+01  ,7.764903149572e-01  
  6.840732278824e-07  ,2.878418630797e+01  ,5.237117958163e-01  
  6.853390815258e-07  ,2.666840520082e+01  ,4.438682490852e-01  
  6.876934649944e-07  ,2.262367007052e+01  ,2.872687897718e-01  
  6.898369970322e-07  ,1.883299058675e+01  ,1.309559674080e-01  
  6.941240611076e-07  ,1.101308650665e+01  ,-2.690797869310e-01  
  6.983008565903e-07  ,3.201289051921e+00  ,-9.303623525202e-01  
  7.017925711870e-07  ,-3.377131377191e+00  ,-3.533141750781e+00  
  7.040903302431e-07  ,-7.688889386244e+00  ,-7.747787060015e+00  
  7.069968017340e-07  ,-1.308271101625e+01  ,-1.306553032937e+01  
  7.098008277416e-07  ,-1.818360306375e+01  ,-1.800838692883e+01  
  7.119562807083e-07  ,-2.201083047253e+01  ,-1.210822530036e+01  
  7.143020960093e-07  ,-2.606084175501e+01  ,-5.260715255276e+00  
  7.167678656578e-07  ,-3.016504730562e+01  ,-3.239217440281e+00  
  7.204383941889e-07  ,-3.593228335040e+01  ,-3.142355087248e+00  
  7.241521360874e-07  ,-4.128140260016e+01  ,-3.700657478345e+00  
  7.275358172655e-07  ,-4.566817584941e+01  ,-3.457338335105e+00  
  7.299475702047e-07  ,-4.848286429755e+01  ,-3.246605385084e+00  
  7.311437609196e-07  ,-4.977664283448e+01  ,-3.161364116822e+00  
  7.327949958444e-07  ,-5.144674622774e+01  ,-3.064771934611e+00  
  7.352417665124e-07  ,-5.366573959459e+01  ,-2.939014427913e+00  
  7.400034325719e-07  ,-5.706539006175e+01  ,-2.707106110827e+00  
  7.456152098775e-07  ,-5.943162919714e+01  ,-2.430723547756e+00  
  7.532282131314e-07  ,-5.969170028436e+01  ,-2.060756512182e+00  
  7.607443588376e-07  ,-5.661425218129e+01  ,-1.696580055358e+00  
  7.704524653554e-07  ,-4.803482405742e+01  ,-1.226323398275e+00  
  7.792203086019e-07  ,-3.644541584210e+01  ,-7.903146709654e-01  
  7.839260953069e-07  ,-2.902721813830e+01  ,-5.314047820480e-01  
  7.853510188460e-07  ,-2.664824682392e+01  ,-4.427503181615e-01  
  7.873094039559e-07  ,-2.329251000070e+01  ,-3.133448544366e-01  
  7.895173835158e-07  ,-1.940404166926e+01  ,-1.526746953427e-01  
  7.939333426356e-07  ,-1.136627476602e+01  ,2.370072760116e-01  
  7.982092308402e-07  ,-3.373740015292e+00  ,9.007840680169e-01  
  8.017866271138e-07  ,3.365944766404e+00  ,3.521617783058e+00  
  8.041756557822e-07  ,7.848370345346e+00  ,7.904565697480e+00  
  8.071823375821e-07  ,1.342379878731e+01  ,1.340126221423e+01  
  8.100109505057e-07  ,1.856064952890e+01  ,1.830684826654e+01  
  8.120397436023e-07  ,2.215711006232e+01  ,1.155216150425e+01  
  8.141270237565e-07  ,2.576319999500e+01  ,5.489563304677e+00  
  8.171471166015e-07  ,3.078084876002e+01  ,3.786570319245e+00  
  8.211085903049e-07  ,3.693594408562e+01  ,3.747946529719e+00  
  8.249508547187e-07  ,4.236085231039e+01  ,3.457170491556e+00  
  8.277440773845e-07  ,4.592180855874e+01  ,3.311680642734e+00  
  8.301152246594e-07  ,4.866836441053e+01  ,3.196256757738e+00  
  8.311810302138e-07  ,4.981583278777e+01  ,3.144344724316e+00  
  8.327609258294e-07  ,5.141367056113e+01  ,3.065868976894e+00  
  8.353619235158e-07  ,5.376664586713e+01  ,2.935749155468e+00  
  8.403731840253e-07  ,5.727683781848e+01  ,2.687547849930e+00  
  8.459179061055e-07  ,5.950728964424e+01  ,2.416727477312e+00  
  8.535413401723e-07  ,5.962905605442e+01  ,2.045046925328e+00  
  8.610604661107e-07  ,5.641413633546e+01  ,1.681617280504e+00  
  8.706791656613e-07  ,4.777754701205e+01  ,1.215371782865e+00  
  8.793695228696e-07  ,3.622158763719e+01  ,7.825498119890e-01  
  8.840157049298e-07  ,2.887927553881e+01  ,5.261305807681e-01  
  8.853450747728e-07  ,2.665828496146e+01  ,4.431055568223e-01  
  8.874081405401e-07  ,2.312088077613e+01  ,3.065998924867e-01  
  8.896235706806e-07  ,1.921453203223e+01  ,1.473033443320e-01  
  8.940544309616e-07  ,1.114207986827e+01  ,-2.489911983390e-01  
  8.982416572571e-07  ,3.312712621245e+00  ,-9.101414935733e-01  
  9.017769577503e-07  ,-3.347746993273e+00  ,-3.504625189024e+00  
  9.041313412189e-07  ,-7.765549483954e+00  ,-7.823169296618e+00  
  9.070955547094e-07  ,-1.326431384312e+01  ,-1.324434056108e+01  
  9.098958554268e-07  ,-1.835422085461e+01  ,-1.815495966761e+01  
  9.119842531681e-07  ,-2.205987276053e+01  ,-1.189038370251e+01  
  9.141922327280e-07  ,-2.587415386055e+01  ,-5.411998269259e+00  
  9.168509724140e-07  ,-3.030035971784e+01  ,-3.166112400844e+00  
  9.208139362335e-07  ,-3.649667184280e+01  ,-3.963234986504e+00  
  9.245563628674e-07  ,-4.183099711431e+01  ,-3.418586218600e+00  
  9.274579914808e-07  ,-4.557289219917e+01  ,-3.286782903898e+00  
  9.297866704464e-07  ,-4.830357301337e+01  ,-3.200593717949e+00  
  9.316541584730e-07  ,-5.030738902526e+01  ,-3.118592857817e+00  
  9.337187143564e-07  ,-5.232092014762e+01  ,-3.018398887486e+00  
  9.361364277601e-07  ,-5.439861768511e+01  ,-2.897741324812e+00  
  9.409718545675e-07  ,-5.760279733423e+01  ,-2.657953677599e+00  
  9.474814268351e-07  ,-5.981228302084e+01  ,-2.340485250791e+00  
  9.553119870424e-07  ,-5.916645916344e+01  ,-1.959209685478e+00  
  9.648606511354e-07  ,-5.357912684959e+01  ,-1.497827997027e+00  
  9.742379518747e-07  ,-4.342985937174e+01  ,-1.041087075977e+00  
  9.839237066507e-07  ,-2.903115859000e+01  ,-5.317020939215e-01  
  9.887971314192e-07  ,-2.068365117888e+01  ,-2.259031235156e-01  
  9.899564417601e-07  ,-1.861908910455e+01  ,-1.313860535194e-01  
  9.910332369208e-07  ,-1.667929473342e+01  ,-3.607174526571e-02  
  9.931868272424e-07  ,-1.274469113461e+01  ,1.719781065191e-01  
  9.974940078855e-07  ,-4.718805711697e+00  ,7.868382145185e-01  
  1.001093755901e-06  ,2.061275620275e+00  ,2.329861534075e+00  
  1.005096207798e-06  ,9.565139495930e+00  ,9.599712760762e+00  
  1.008294742048e-06  ,1.545886710381e+01  ,1.540312743736e+01  
  1.011523078620e-06  ,2.124917889838e+01  ,1.447057955720e+01  
  1.013695667922e-06  ,2.502654153533e+01  ,6.848519089313e+00  
  1.015923018992e-06  ,2.877797887389e+01  ,4.142667350138e+00  
  1.019603605807e-06  ,3.465991046596e+01  ,3.232555557319e+00  
  1.023511435330e-06  ,4.039669101857e+01  ,3.734842078138e+00  
  1.027929629624e-06  ,4.614613053408e+01  ,3.241515976058e+00  
  1.030003498733e-06  ,4.854489578739e+01  ,3.167974539453e+00  
  1.031940277159e-06  ,5.059926574739e+01  ,3.096259503361e+00  
  1.034079338849e-06  ,5.265028376589e+01  ,2.999316592184e+00  
  1.036816309631e-06  ,5.492684967253e+01  ,2.864699251958e+00  
  1.042045127094e-06  ,5.813608545837e+01  ,2.604950737530e+00  
  1.048775981605e-06  ,5.995564491935e+01  ,2.277788109445e+00  
  1.056645284832e-06  ,5.869722243579e+01  ,1.894423650752e+00  
  1.069411109626e-06  ,4.918513617504e+01  ,1.277540869318e+00  
  1.080250214279e-06  ,3.488446243720e+01  ,7.391914624076e-01  
  1.085426877677e-06  ,2.652005766764e+01  ,4.456341860019e-01  
  1.086981068790e-06  ,2.386161882779e+01  ,3.417610414476e-01  
  1.089015077293e-06  ,2.029753307831e+01  ,1.944774009812e-01  
  1.091909255326e-06  ,1.508700821162e+01  ,-4.164306729726e-02  
  1.097697611392e-06  ,4.336116973134e+00  ,-7.682950129107e-01  
  1.101796175778e-06  ,-3.383915078063e+00  ,-3.533305326308e+00  
  1.105069588363e-06  ,-9.515601411304e+00  ,-9.545893122318e+00  
  1.108392547309e-06  ,-1.563692827614e+01  ,-1.557270840061e+01  
  1.111384327948e-06  ,-2.100438992904e+01  ,-1.518301959434e+01  
  1.113454099238e-06  ,-2.461198044237e+01  ,-7.631418795333e+00  
  1.115668411791e-06  ,-2.835594488180e+01  ,-4.225025103378e+00  
  1.119388114154e-06  ,-3.432755469579e+01  ,-3.083574206952e+00  
  1.123332451522e-06  ,-4.014660112971e+01  ,-3.799480927678e+00  
  1.127669434488e-06  ,-4.583112903956e+01  ,-3.235332375306e+00  
  1.129907216370e-06  ,-4.843801405361e+01  ,-3.161927165386e+00  
  1.131965439260e-06  ,-5.062473899330e+01  ,-3.091966680122e+00  
  1.134143989027e-06  ,-5.270861658685e+01  ,-2.995758244739e+00  
  1.136742379010e-06  ,-5.487061952712e+01  ,-2.868524588507e+00  
  1.141939158976e-06  ,-5.808636311767e+01  ,-2.609975446725e+00  
  1.148731108248e-06  ,-5.995233356886e+01  ,-2.279989939155e+00  
  1.156625743449e-06  ,-5.870484552228e+01  ,-1.895331546997e+00  
  1.169211264193e-06  ,-4.939990822403e+01  ,-1.287263867247e+00  
  1.179957981646e-06  ,-3.533116074768e+01  ,-7.542090100950e-01  
  1.185691203415e-06  ,-2.607221785107e+01  ,-4.308676505458e-01  
  1.187340575695e-06  ,-2.323834974276e+01  ,-3.190393409859e-01  
  1.189375701785e-06  ,-1.965656094762e+01  ,-1.680848119855e-01  
  1.192076909781e-06  ,-1.478093283717e+01  ,6.306777094128e-02  
  1.197479325771e-06  ,-4.746394619429e+00  ,7.373219807461e-01  
  1.201855051756e-06  ,3.494711189386e+00  ,3.638809478050e+00  
  1.205212655902e-06  ,9.781767335216e+00  ,9.807953928996e+00  
  1.208577338099e-06  ,1.597294823197e+01  ,1.590047514204e+01  
  1.211576941848e-06  ,2.134409782276e+01  ,1.450096495864e+01  
  1.213702592492e-06  ,2.503840379760e+01  ,7.099014821812e+00  
  1.215962726116e-06  ,2.884363167176e+01  ,4.128701756646e+00  
  1.219737190247e-06  ,3.486514299473e+01  ,3.159667833112e+00  
  1.223707604647e-06  ,4.066932644718e+01  ,3.749348550465e+00  
  1.228246498346e-06  ,4.652557708887e+01  ,3.211706419960e+00  
  1.230222764850e-06  ,4.878664106777e+01  ,3.150674405706e+00  
  1.231348175049e-06  ,4.999075067756e+01  ,3.117997250245e+00  
  1.232980783522e-06  ,5.162607360648e+01  ,3.052065118835e+00  
  1.235902156174e-06  ,5.421083977782e+01  ,2.911427228678e+00  
  1.240824754775e-06  ,5.752458941733e+01  ,2.664123097626e+00  
  1.246716673911e-06  ,5.968109308305e+01  ,2.378423856442e+00  
  1.254349048674e-06  ,5.944084291923e+01  ,2.005447510855e+00  
  1.262535746634e-06  ,5.540695147873e+01  ,1.610552441034e+00  
  1.272580619395e-06  ,4.552551899789e+01  ,1.122651327850e+00  
  1.282561417162e-06  ,3.125114660983e+01  ,6.154608843133e-01  
  1.287083919585e-06  ,2.368361606157e+01  ,3.412933976800e-01  
  1.288341577590e-06  ,2.148756835884e+01  ,2.493100547001e-01  
  1.289671319962e-06  ,1.912924523577e+01  ,1.451093921907e-01  
  1.292318883777e-06  ,1.433845654278e+01  ,-8.274857402682e-02  
  1.297614011407e-06  ,4.493272050826e+00  ,-7.651890370682e-01  
  1.301950249314e-06  ,-3.673833824141e+00  ,-3.812043063517e+00  
  1.305017653346e-06  ,-9.418932550649e+00  ,-9.450270336232e+00  
  1.308331671596e-06  ,-1.552611711370e+01  ,-1.546397737041e+01  
  1.311318609357e-06  ,-2.088830723926e+01  ,-1.536834194307e+01  
  1.313374969602e-06  ,-2.447587503333e+01  ,-7.787087162625e+00  
  1.315577733755e-06  ,-2.820519848150e+01  ,-4.256313364076e+00  
  1.319279927254e-06  ,-3.416010238161e+01  ,-3.063112589629e+00  
  1.323207128286e-06  ,-3.997073388457e+01  ,-3.813562081030e+00  
  1.327488976955e-06  ,-4.561086100179e+01  ,-3.243694938056e+00  
  1.329842987895e-06  ,-4.836646841499e+01  ,-3.163999205863e+00  
  1.332135904074e-06  ,-5.079647780878e+01  ,-3.104456109158e+00  
  1.334289866924e-06  ,-5.283944068735e+01  ,-2.998361219578e+00  
  1.336834985256e-06  ,-5.494100711187e+01  ,-2.865694977909e+00  
  1.341925221920e-06  ,-5.807977566096e+01  ,-2.609790032631e+00  
  1.348241079092e-06  ,-5.990841947866e+01  ,-2.304359766967e+00  
  1.356447148561e-06  ,-5.877348984146e+01  ,-1.903586438690e+00  
  1.368317413568e-06  ,-5.033657133790e+01  ,-1.330908377944e+00  
  1.378736305475e-06  ,-3.716590535462e+01  ,-8.165918005356e-01  
  1.384430039167e-06  ,-2.819226582932e+01  ,-5.048254035618e-01  
  1.387843150139e-06  ,-2.236209698353e+01  ,-2.862210573987e-01  
  1.389099876821e-06  ,-2.014704206957e+01  ,-1.912928755513e-01  
  1.390580865979e-06  ,-1.749667237538e+01  ,-7.116911359045e-02  
  1.393542844296e-06  ,-1.208814508658e+01  ,2.059315316049e-01  
  1.399466800928e-06  ,-1.005009570786e+00  ,1.278693981163e+00  
  1.403099331498e-06  ,5.832875508837e+00  ,5.921392768850e+00  
  1.405052128673e-06  ,9.483105758889e+00  ,9.514630742838e+00  
  1.407135683537e-06  ,1.333807279207e+01  ,1.331562902902e+01  
  1.409946787596e-06  ,1.844559995943e+01  ,1.822151426839e+01  
  1.411939072847e-06  ,2.198065260600e+01  ,1.190599649208e+01  
  1.413905653596e-06  ,2.538573217232e+01  ,5.480443233243e+00  
  1.416810262442e-06  ,3.023410247514e+01  ,2.844083527545e+00  
  1.420999723911e-06  ,3.677401200930e+01  ,2.959408952502e+00  
  1.424817401409e-06  ,4.218233088578e+01  ,3.721388766499e+00  
  1.427753302693e-06  ,4.593299835201e+01  ,3.474441050164e+00  
  1.430130037904e-06  ,4.868468958129e+01  ,3.244834969773e+00  
  1.431214469910e-06  ,4.985093766081e+01  ,3.161722053319e+00  
  1.432791571558e-06  ,5.144342454379e+01  ,3.065497970030e+00  
  1.435396294534e-06  ,5.379536933642e+01  ,2.930393048394e+00  
  1.440429161727e-06  ,5.730817658784e+01  ,2.686623293304e+00  
  1.446011881769e-06  ,5.952968497079e+01  ,2.411181961106e+00  
  1.453636805952e-06  ,5.960880907544e+01  ,2.041043755660e+00  
  1.461145501077e-06  ,5.635935338295e+01  ,1.677110561510e+00  
  1.470737378538e-06  ,4.771109097008e+01  ,1.212435249777e+00  
  1.479405384004e-06  ,3.616767548033e+01  ,7.806739670474e-01  
  1.484035919845e-06  ,2.884586968400e+01  ,5.259756831312e-01  
  1.485344800591e-06  ,2.665874796669e+01  ,4.435441721014e-01  
  1.487434315920e-06  ,2.307534395439e+01  ,3.048476272061e-01  
  1.489653471351e-06  ,1.916113036289e+01  ,1.449895791150e-01  
  1.494091782212e-06  ,1.107289138020e+01  ,-2.641200191998e-01  
  1.498252186418e-06  ,3.292895713813e+00  ,-9.174795130999e-01  
  1.501777801156e-06  ,-3.349334297870e+00  ,-3.506295357825e+00  
  1.504106852651e-06  ,-7.719775572299e+00  ,-7.778134662432e+00  
  1.507047969341e-06  ,-1.317682205778e+01  ,-1.315818607512e+01  
  1.509843427181e-06  ,-1.826010850891e+01  ,-1.807510198378e+01  
  1.511965352535e-06  ,-2.202673737882e+01  ,-1.201955554713e+01  
  1.514242249966e-06  ,-2.595918524100e+01  ,-5.343986312387e+00  
  1.516786623240e-06  ,-3.019560594758e+01  ,-3.213383373843e+00  
  1.520815152168e-06  ,-3.649849101845e+01  ,-3.955279550532e+00  
  1.524518090725e-06  ,-4.177924931051e+01  ,-3.424401868670e+00  
  1.527444306254e-06  ,-4.555610892461e+01  ,-3.289013037986e+00  
  1.529775220394e-06  ,-4.829076707735e+01  ,-3.201532227059e+00  
  1.531654256821e-06  ,-5.030749005182e+01  ,-3.118644758042e+00  
  1.533723655581e-06  ,-5.232547851546e+01  ,-3.018117236549e+00  
  1.536132800817e-06  ,-5.439573297802e+01  ,-2.897896133357e+00  
  1.540951091290e-06  ,-5.759183273832e+01  ,-2.658991401185e+00  
  1.547472584486e-06  ,-5.981096330604e+01  ,-2.340902383736e+00  
  1.555303144693e-06  ,-5.916922546632e+01  ,-1.959648239899e+00  
  1.564830947161e-06  ,-5.360430410926e+01  ,-1.499258612853e+00  
  1.574203777552e-06  ,-4.347428065840e+01  ,-1.042770201201e+00  
  1.583905923605e-06  ,-2.906048928884e+01  ,-5.327599919527e-01  
  1.588789779186e-06  ,-2.069665976417e+01  ,-2.264778928247e-01  
  1.589952256024e-06  ,-1.862658936646e+01  ,-1.317413144797e-01  
  1.591031845152e-06  ,-1.668181473567e+01  ,-3.619933130099e-02  
  1.593191023409e-06  ,-1.273696192986e+01  ,1.723982548707e-01  
  1.597509379923e-06  ,-4.689919304393e+00  ,7.898582138125e-01  
  1.601116951048e-06  ,2.104971083456e+00  ,2.364567586410e+00  
  1.604702542961e-06  ,8.831875892495e+00  ,8.873560550392e+00  
  1.607592250645e-06  ,1.417574659197e+01  ,1.414063520071e+01  
  1.610499094665e-06  ,1.943343057406e+01  ,1.761125518662e+01  
  1.612572218716e-06  ,2.308671360193e+01  ,9.577794482411e+00  
  1.614586110651e-06  ,2.654201654980e+01  ,4.838134263874e+00  
  1.618205602705e-06  ,3.247615571508e+01  ,2.839792960342e+00  
  1.621911894023e-06  ,3.811732939657e+01  ,3.948527263474e+00  
  1.625930737197e-06  ,4.364864154393e+01  ,3.315064255534e+00  
  1.628719489515e-06  ,4.708338955679e+01  ,3.210577615028e+00  
  1.631463538349e-06  ,5.011067522393e+01  ,3.145392918393e+00  
  1.632304522634e-06  ,5.096492336507e+01  ,3.099513339166e+00  
  1.633986491203e-06  ,5.256612894216e+01  ,3.007956056839e+00  
  1.637350428343e-06  ,5.532426816202e+01  ,2.835735447467e+00  
  1.644078302622e-06  ,5.896471360428e+01  ,2.504384551735e+00  
  1.650462705135e-06  ,5.999366098190e+01  ,2.194075667624e+00  
  1.657962459564e-06  ,5.813254705466e+01  ,1.831822894313e+00  
  1.669810372829e-06  ,4.875025432474e+01  ,1.257645088020e+00  
  1.679888028145e-06  ,3.543764930855e+01  ,7.571432485731e-01  
  1.685279268265e-06  ,2.676935443755e+01  ,4.543865106792e-01  
  1.686816695571e-06  ,2.414557980408e+01  ,3.524285897981e-01  
  1.688867840409e-06  ,2.055848683724e+01  ,2.052498231677e-01  
  1.691516894341e-06  ,1.580166435967e+01  ,-1.176336251738e-02  
  1.696815002203e-06  ,5.993566514494e+00  ,-6.182353174570e-01  
  1.700963485479e-06  ,-1.815850032449e+00  ,-2.122445699766e+00  
  1.705749738455e-06  ,-1.077915993598e+01  ,-1.079676343038e+01  
  1.709020543337e-06  ,-1.677664859264e+01  ,-1.668884073001e+01  
  1.711902800441e-06  ,-2.191701972647e+01  ,-1.368264095751e+01  
  1.714060861111e-06  ,-2.565051293774e+01  ,-6.513249146452e+00  
  1.716331798077e-06  ,-2.945170398509e+01  ,-4.060159885529e+00  
  1.719960975885e-06  ,-3.520757839176e+01  ,-3.276112993605e+00  
  1.723745125771e-06  ,-4.072129751516e+01  ,-3.694390064203e+00  
  1.728342879057e-06  ,-4.664007911914e+01  ,-3.227894269633e+00  
  1.730380612850e-06  ,-4.895923919083e+01  ,-3.153843129756e+00  
  1.731503601611e-06  ,-5.015216860899e+01  ,-3.115119166435e+00  
  1.733125965536e-06  ,-5.176498342713e+01  ,-3.045551158463e+00  
  1.736175488174e-06  ,-5.442963981390e+01  ,-2.897278349025e+00  
  1.741339485586e-06  ,-5.779287151695e+01  ,-2.639195840414e+00  
  1.747349868953e-06  ,-5.979217163451e+01  ,-2.347519287351e+00  
  1.754994164646e-06  ,-5.926302012261e+01  ,-1.974258208550e+00  
  1.764356564224e-06  ,-5.400005347925e+01  ,-1.522471812465e+00  
  1.773774098098e-06  ,-4.402850420294e+01  ,-1.064004922420e+00  
  1.783778737724e-06  ,-2.927000002121e+01  ,-5.485092224624e-01  
  1.788331787527e-06  ,-2.150479719257e+01  ,-2.591917918620e-01  
  1.789357732475e-06  ,-1.968855991653e+01  ,-1.773567907211e-01  
  1.790493387222e-06  ,-1.765433289458e+01  ,-8.081678848219e-02  
  1.792534473777e-06  ,-1.394352753584e+01  ,1.058383807477e-01  
  1.796616646886e-06  ,-6.365468576012e+00  ,6.232438807185e-01  
  1.799995485187e-06  ,-8.510222783704e-03  ,1.524271247620e+00  
  1.804828676820e-06  ,9.066972789380e+00  ,9.108303078907e+00  
  1.806490528822e-06  ,1.214975536297e+01  ,1.214777892103e+01  
  1.808298598468e-06  ,1.546589075622e+01  ,1.540831783807e+01  
  1.810750957072e-06  ,1.988197543038e+01  ,1.706099963391e+01  
  1.812432180583e-06  ,2.284284830800e+01  ,1.006509300287e+01  
  1.814100924373e-06  ,2.571876124916e+01  ,5.497018293831e+00  
  1.817438411951e-06  ,3.125087163824e+01  ,3.697316425018e+00  
  1.821012827992e-06  ,3.679352633550e+01  ,3.765012517051e+00  
  1.824927363038e-06  ,4.232948123546e+01  ,3.454382150249e+00  
  1.827671411872e-06  ,4.583353450587e+01  ,3.313311424939e+00  
  1.830011639237e-06  ,4.855391209970e+01  ,3.201031056757e+00  
  1.831085454166e-06  ,4.971519439726e+01  ,3.149075882982e+00  
  1.832668330014e-06  ,5.132347972797e+01  ,3.070613994398e+00  
  1.835207860410e-06  ,5.363712729457e+01  ,2.943540965691e+00  
  1.840046267450e-06  ,5.709028070492e+01  ,2.703660232297e+00  
  1.845520954072e-06  ,5.940697183771e+01  ,2.436090217819e+00  
  1.853113095701e-06  ,5.971327883856e+01  ,2.065859367542e+00  
  1.860666494310e-06  ,5.666268905721e+01  ,1.700656431338e+00  
  1.870414833963e-06  ,4.807729563311e+01  ,1.228234739074e+00  
  1.879218439996e-06  ,3.644821376853e+01  ,7.904451957847e-01  
  1.883942853153e-06  ,2.899956892733e+01  ,5.304885855759e-01  
  1.885371688247e-06  ,2.661333385012e+01  ,4.415237253424e-01  
  1.887330073357e-06  ,2.325659983250e+01  ,3.119748958639e-01  
  1.889541405678e-06  ,1.936118872861e+01  ,1.508367862780e-01  
  1.893964070320e-06  ,1.130939793867e+01  ,-2.403798415618e-01  
  1.898216116667e-06  ,3.360780993979e+00  ,-9.029252837471e-01  
  1.901783454657e-06  ,-3.359974225890e+00  ,-3.516004846025e+00  
  1.904163915157e-06  ,-7.826429402009e+00  ,-7.882997651725e+00  
  1.907160166144e-06  ,-1.338306274159e+01  ,-1.336118183022e+01  
  1.909981328487e-06  ,-1.850754406707e+01  ,-1.827255691549e+01  
  1.912023905158e-06  ,-2.212936280688e+01  ,-1.164173010899e+01  
  1.914136517286e-06  ,-2.577936008826e+01  ,-5.482797471815e+00  
  1.917053047061e-06  ,-3.062850925332e+01  ,-3.050378217078e+00  
  1.920926603913e-06  ,-3.666500890272e+01  ,-3.979719813514e+00  
  1.924746516585e-06  ,-4.208720605132e+01  ,-3.397906976665e+00  
  1.927556130528e-06  ,-4.569300087604e+01  ,-3.277255394574e+00  
  1.929883691907e-06  ,-4.841183246284e+01  ,-3.194625934768e+00  
  1.930990103126e-06  ,-4.961434629771e+01  ,-3.149011421589e+00  
  1.932586017489e-06  ,-5.124294043735e+01  ,-3.074457002299e+00  
  1.935041356325e-06  ,-5.349573707473e+01  ,-2.952697617420e+00  
  1.939692008734e-06  ,-5.688132283912e+01  ,-2.720666723122e+00  
  1.945104855537e-06  ,-5.929189781257e+01  ,-2.456550335108e+00  
  1.952659744263e-06  ,-5.979066200508e+01  ,-2.087741062445e+00  
  1.960250395775e-06  ,-5.691577557562e+01  ,-1.720836396347e+00  
  1.970161158085e-06  ,-4.836184333941e+01  ,-1.240584333444e+00  
  1.979100364685e-06  ,-3.662475679104e+01  ,-7.966406808394e-01  
  1.983908969402e-06  ,-2.905546630666e+01  ,-5.326233049675e-01  
  1.986404541373e-06  ,-2.485474383836e+01  ,-3.774135915608e-01  
  1.988165858626e-06  ,-2.179649289898e+01  ,-2.559886568198e-01  
  1.990488204598e-06  ,-1.766366922068e+01  ,-7.582101880250e-02  
  1.995132896543e-06  ,-9.138566856029e+00  ,3.792844652508e-01  
  1.998670432210e-06  ,-2.505447550335e+00  ,1.034728774295e+00  
  2.001924473286e-06  ,3.625337121246e+00  ,3.774112405640e+00  
  2.003886956215e-06  ,7.308544740599e+00  ,7.374294214743e+00  
  2.006427231669e-06  ,1.203289087731e+01  ,1.203147552904e+01  
  2.009196985006e-06  ,1.709570826835e+01  ,1.699054686297e+01  
  2.012050557375e-06  ,2.217605148123e+01  ,1.256736735282e+01  
  2.014105800033e-06  ,2.572706422348e+01  ,6.172388714226e+00  
  2.016472104430e-06  ,2.968183439181e+01  ,3.997475920640e+00  
  2.020094949245e-06  ,3.541175192954e+01  ,3.338618678457e+00  
  2.023848551750e-06  ,4.086426122361e+01  ,3.665097184437e+00  
  2.027796614408e-06  ,4.598548149133e+01  ,3.407703068619e+00  
  2.030079472303e-06  ,4.862891954797e+01  ,3.229837781635e+00  
  2.031287025154e-06  ,4.992691665497e+01  ,3.150361660290e+00  
  2.032970856369e-06  ,5.161653606720e+01  ,3.055625104600e+00  
  2.035491015255e-06  ,5.387420165792e+01  ,2.927192449398e+00  
  2.040399457753e-06  ,5.729156906670e+01  ,2.687366898758e+00  
  2.046166952193e-06  ,5.956550517150e+01  ,2.403959764030e+00  
  2.053830619395e-06  ,5.956605487772e+01  ,2.031436906890e+00  
  2.061299081385e-06  ,5.625939180384e+01  ,1.669827645628e+00  
  2.070832844317e-06  ,4.760176155241e+01  ,1.207821797229e+00  
  2.079451675951e-06  ,3.609801420113e+01  ,7.782363396607e-01  
  2.084050919354e-06  ,2.882107495120e+01  ,5.250249555961e-01  
  2.085333723068e-06  ,2.667745272969e+01  ,4.441909113871e-01  
  2.087453785777e-06  ,2.304146248400e+01  ,3.034943838464e-01  
  2.089674058795e-06  ,1.912435199464e+01  ,1.434265844340e-01  
  2.094114604831e-06  ,1.103060784331e+01  ,-2.667574896753e-01  
  2.098258617759e-06  ,3.280791124808e+00  ,-9.194302363787e-01  
  2.101776409388e-06  ,-3.346714963575e+00  ,-3.503869303389e+00  
  2.104098382831e-06  ,-7.703942761475e+00  ,-7.762574416541e+00  
  2.107031303883e-06  ,-1.314617350785e+01  ,-1.312801984751e+01  
  2.109821546316e-06  ,-1.822081616876e+01  ,-1.804104092068e+01  
  2.111956882715e-06  ,-2.201188611106e+01  ,-1.207562103406e+01  
  2.114264327526e-06  ,-2.599669763276e+01  ,-5.312662248363e+00  
  2.116763997316e-06  ,-3.015874395008e+01  ,-3.230574683497e+00  
  2.120820093393e-06  ,-3.650588310095e+01  ,-3.952231977630e+00  
  2.124507758260e-06  ,-4.176526841633e+01  ,-3.426286666210e+00  
  2.127438071609e-06  ,-4.554846009359e+01  ,-3.289887481030e+00  
  2.129768985748e-06  ,-4.828379151425e+01  ,-3.201980487908e+00  
  2.131651374936e-06  ,-5.030452946821e+01  ,-3.118810595572e+00  
  2.133722263813e-06  ,-5.232419471190e+01  ,-3.018175211794e+00  
  2.136126938701e-06  ,-5.439106902072e+01  ,-2.898178627924e+00  
  2.140936288476e-06  ,-5.758400075967e+01  ,-2.659724828679e+00  
  2.147458526731e-06  ,-5.980885569353e+01  ,-2.341581892070e+00  
  2.155289086938e-06  ,-5.917361399387e+01  ,-1.960333249722e+00  
  2.164787087083e-06  ,-5.364139480677e+01  ,-1.501378058326e+00  
  2.174155447125e-06  ,-4.353701711143e+01  ,-1.045151787569e+00  
  2.183881435037e-06  ,-2.910086498183e+01  ,-5.342170925692e-01  
  2.188781681895e-06  ,-2.071098533129e+01  ,-2.271364578885e-01  
  2.189872819424e-06  ,-1.876886759179e+01  ,-1.381398909125e-01  
  2.190954829991e-06  ,-1.682121220886e+01  ,-4.274588200538e-02  
  2.193118851125e-06  ,-1.286987000808e+01  ,1.648673655239e-01  
  2.197446893394e-06  ,-4.807334153565e+00  ,7.766823466325e-01  
  2.201040308416e-06  ,1.960586095908e+00  ,2.253304960439e+00  
  2.205100129783e-06  ,9.572437646022e+00  ,9.607005026270e+00  
  2.208268116653e-06  ,1.541036840590e+01  ,1.535570623328e+01  
  2.211479316890e-06  ,2.117201623567e+01  ,1.463862274215e+01  
  2.213639240205e-06  ,2.492983288919e+01  ,6.974345394167e+00  
  2.215852062643e-06  ,2.866054634352e+01  ,4.165857013317e+00  
  2.219516630709e-06  ,3.452595789122e+01  ,3.215197021035e+00  
  2.223407323897e-06  ,4.025137343557e+01  ,3.746710816200e+00  
  2.227772619069e-06  ,4.595641555690e+01  ,3.248525054307e+00  
  2.229925464332e-06  ,4.845830493378e+01  ,3.170979133740e+00  
  2.231927062809e-06  ,5.058587533028e+01  ,3.096735014166e+00  
  2.234089966357e-06  ,5.265988771973e+01  ,2.998712322551e+00  
  2.236731942236e-06  ,5.486265767755e+01  ,2.868830258033e+00  
  2.241940643132e-06  ,5.808706395921e+01  ,2.610105241265e+00  
  2.248668517411e-06  ,5.994751579077e+01  ,2.282989208331e+00  
  2.256557192147e-06  ,5.873141239784e+01  ,1.898709377601e+00  
  2.268998171628e-06  ,4.962677153928e+01  ,1.297568299394e+00  
  2.279662932694e-06  ,3.577914278042e+01  ,7.693290612891e-01  
  2.285381253302e-06  ,2.659717358239e+01  ,4.493027245884e-01  
  2.286995049059e-06  ,2.383743791423e+01  ,3.416106058604e-01  
  2.289293553174e-06  ,1.980279633850e+01  ,1.741803280998e-01  
  2.291726167738e-06  ,1.542078041316e+01  ,-2.599595285776e-02  
  2.296591396868e-06  ,6.412793122673e+00  ,-5.871395770111e-01  
  2.300248141825e-06  ,-4.677315835667e-01  ,-1.619231483666e+00  
  2.305433745921e-06  ,-1.019269739911e+01  ,-1.021827068507e+01  
  2.307278695941e-06  ,-1.360076409769e+01  ,-1.357750582231e+01  
  2.309392425656e-06  ,-1.744851024906e+01  ,-1.733222951923e+01  
  2.311421591282e-06  ,-2.107017064636e+01  ,-1.447621846048e+01  
  2.313116412103e-06  ,-2.403009804004e+01  ,-7.893176354376e+00  
  2.314921315253e-06  ,-2.710719525373e+01  ,-4.703830596709e+00  
  2.318531121552e-06  ,-3.299038408022e+01  ,-3.115178488530e+00  
  2.321875314653e-06  ,-3.806405552570e+01  ,-3.830754435650e+00  
  2.325882981956e-06  ,-4.358682926496e+01  ,-3.360075834001e+00  
  2.328611384571e-06  ,-4.695681029018e+01  ,-3.240460366003e+00  
  2.331365864217e-06  ,-5.000918190485e+01  ,-3.145318889993e+00  
  2.332271575421e-06  ,-5.093212223001e+01  ,-3.097361558749e+00  
  2.334055244416e-06  ,-5.262848817630e+01  ,-3.003158863912e+00  
  2.337367400020e-06  ,-5.533664141368e+01  ,-2.835423593519e+00  
  2.343991711229e-06  ,-5.893430540643e+01  ,-2.509024322655e+00  
  2.350410386413e-06  ,-5.999501344134e+01  ,-2.196685529722e+00  
  2.357963785022e-06  ,-5.813192852441e+01  ,-1.831730541199e+00  
  2.369726761669e-06  ,-4.884196172957e+01  ,-1.261696785718e+00  
  2.379782065243e-06  ,-3.559862797862e+01  ,-7.625876100692e-01  
  2.385165109724e-06  ,-2.696176172260e+01  ,-4.611246596825e-01  
  2.386690243572e-06  ,-2.436359263696e+01  ,-3.605452682628e-01  
  2.388831167907e-06  ,-2.062341475977e+01  ,-2.078918371621e-01  
  2.391376658767e-06  ,-1.605651618065e+01  ,-5.021305348756e-04  
  2.396467640489e-06  ,-6.644683134326e+00  ,5.648958413868e-01  
  2.400388135999e-06  ,7.316009926480e-01  ,1.681768272795e+00  
  2.405639305204e-06  ,1.057432047204e+01  ,1.059471584488e+01  
  2.407537713140e-06  ,1.407583542303e+01  ,1.404512841411e+01  
  2.409758358687e-06  ,1.810729936220e+01  ,1.795039161546e+01  
  2.411491922528e-06  ,2.119424717551e+01  ,1.394264348456e+01  
  2.413576222450e-06  ,2.482173731688e+01  ,5.856926793573e+00  
  2.415514863521e-06  ,2.810054632336e+01  ,4.253296769740e+00  
  2.417481816798e-06  ,3.132068493082e+01  ,3.766669834083e+00  
  2.419767282397e-06  ,3.491129047247e+01  ,3.647678130911e+00  
  2.423286191612e-06  ,4.008175648968e+01  ,3.529439460605e+00  
  2.427246920258e-06  ,4.531310381083e+01  ,3.363898107926e+00  
  2.429549149662e-06  ,4.803664817931e+01  ,3.237022222948e+00  
  2.431888631970e-06  ,5.054688290218e+01  ,3.109639739669e+00  
  2.434140942484e-06  ,5.270587262014e+01  ,2.995387031429e+00  
  2.436455092818e-06  ,5.464930830329e+01  ,2.880615581113e+00  
  2.441083393484e-06  ,5.766127880596e+01  ,2.653189055178e+00  
  2.447473011404e-06  ,5.981102712935e+01  ,2.340497785829e+00  
  2.455650768667e-06  ,5.905703581509e+01  ,1.943048314444e+00  
  2.465610704809e-06  ,5.292797268620e+01  ,1.461371745986e+00  
  2.475171289831e-06  ,4.219748748977e+01  ,9.949492100027e-01  
  2.484576902777e-06  ,2.794759786168e+01  ,4.931357243919e-01  
  2.489109090954e-06  ,2.013068141101e+01  ,2.021603984514e-01  
  2.490096665412e-06  ,1.836764241631e+01  ,1.199179795338e-01  
  2.491074740380e-06  ,1.660413196142e+01  ,3.240998550089e-02  
  2.493030890316e-06  ,1.303176374769e+01  ,-1.564131604474e-01  
  2.496943190187e-06  ,5.753098481528e+00  ,-6.843598258761e-01  
  2.500301539391e-06  ,-5.683798606559e-01  ,-1.683321611260e+00  
  2.504675775260e-06  ,-8.781966461630e+00  ,-8.828058145389e+00  
  2.507349043578e-06  ,-1.372988123915e+01  ,-1.370451829066e+01  
  2.510069995612e-06  ,-1.866645581823e+01  ,-1.839232999306e+01  
  2.512197136372e-06  ,-2.243254607983e+01  ,-1.110976994867e+01  
  2.514286279172e-06  ,-2.603398368110e+01  ,-5.012247739808e+00  
  2.517525046557e-06  ,-3.139015872100e+01  ,-3.788070904767e+00  
  2.520262762398e-06  ,-3.566661141314e+01  ,-3.589517468038e+00  
  2.523403927177e-06  ,-4.024662506990e+01  ,-3.504369958566e+00  
  2.527412339538e-06  ,-4.551687281264e+01  ,-3.336098522610e+00  
  2.529884442180e-06  ,-4.841266788924e+01  ,-3.213043688823e+00  
  2.532200455159e-06  ,-5.086113131431e+01  ,-3.094792013968e+00  
  2.534397631377e-06  ,-5.293537186453e+01  ,-2.983849506429e+00  
  2.536832108587e-06  ,-5.493882762612e+01  ,-2.862429962757e+00  
  2.541701063007e-06  ,-5.797229641871e+01  ,-2.622664281781e+00  
  2.548204674810e-06  ,-5.990459039107e+01  ,-2.305060335457e+00  
  2.556421175092e-06  ,-5.878331888904e+01  ,-1.905615250578e+00  
  2.568152859300e-06  ,-5.050470260787e+01  ,-1.338336109147e+00  
  2.578522577375e-06  ,-3.748133689663e+01  ,-8.273299846965e-01  
  2.584228977054e-06  ,-2.852625172473e+01  ,-5.163896433948e-01  
  2.588652386755e-06  ,-2.093954955303e+01  ,-2.329990041519e-01  
  2.589797168463e-06  ,-1.890425673496e+01  ,-1.410232874824e-01  
  2.591069168836e-06  ,-1.661422367208e+01  ,-3.121490243573e-02  
  2.593613169581e-06  ,-1.195827381089e+01  ,2.164161232408e-01  
  2.598701171070e-06  ,-2.447555542157e+00  ,1.061687438851e+00  
  2.602134771138e-06  ,4.020932971887e+00  ,4.153823800257e+00  
  2.604262284428e-06  ,8.010229226548e+00  ,8.063879307537e+00  
  2.606972805649e-06  ,1.303856407960e+01  ,1.302167564633e+01  
  2.609866238624e-06  ,1.830106273718e+01  ,1.811244579885e+01  
  2.612089864403e-06  ,2.224488014915e+01  ,1.165669304436e+01  
  2.614325783640e-06  ,2.610105293881e+01  ,4.860118434458e+00  
  2.617107457906e-06  ,3.071665678092e+01  ,3.897222506889e+00  
  2.619940168649e-06  ,3.517581240661e+01  ,3.640253092395e+00  
  2.622711412102e-06  ,3.926904483668e+01  ,3.545636633764e+00  
  2.626931420952e-06  ,4.492107302262e+01  ,3.360116723791e+00  
  2.629535771400e-06  ,4.802153403760e+01  ,3.230032898985e+00  
  2.631883076817e-06  ,5.054124047571e+01  ,3.110948847822e+00  
  2.633913360029e-06  ,5.249952973820e+01  ,3.008255053889e+00  
  2.636194727808e-06  ,5.444488997778e+01  ,2.894113555261e+00  
  2.640757463366e-06  ,5.748840324740e+01  ,2.668901044280e+00  
  2.647204450756e-06  ,5.976875299001e+01  ,2.353711617642e+00  
  2.655210844666e-06  ,5.919782863439e+01  ,1.964283061894e+00  
  2.664413801819e-06  ,5.395293809814e+01  ,1.519335278241e+00  
  2.673786632210e-06  ,4.401245014795e+01  ,1.063295446126e+00  
  2.683728686959e-06  ,2.935231968923e+01  ,5.434224159618e-01  
  2.688736967236e-06  ,2.079006946221e+01  ,2.309368701807e-01  
  2.689856230706e-06  ,1.879856477990e+01  ,1.398000707354e-01  
  2.690966367215e-06  ,1.680033607959e+01  ,4.188473498378e-02  
  2.693186640233e-06  ,1.274503559508e+01  ,-1.717662995785e-01  
  2.697627186269e-06  ,4.468507372390e+00  ,-8.126357802135e-01  
  2.698088237509e-06  ,3.601421324985e+00  ,-9.313668978984e-01  
  2.699010339990e-06  ,1.865164640480e+00  ,-1.215376914650e+00  
  2.700854544953e-06  ,-1.610585805814e+00  ,-2.184166912941e+00  
  2.702457351103e-06  ,-4.627398085512e+00  ,-4.755695450938e+00  
  2.704243627802e-06  ,-7.975375744205e+00  ,-8.035832711748e+00  
  2.706551817670e-06  ,-1.226286617356e+01  ,-1.225989123890e+01  
  2.709551048890e-06  ,-1.773436786422e+01  ,-1.760301415784e+01  
  2.712282804266e-06  ,-2.258223409360e+01  ,-1.170524782653e+01  
  2.714406964794e-06  ,-2.623875305742e+01  ,-5.620238238330e+00  
  2.716978160158e-06  ,-3.050704347749e+01  ,-3.891585259387e+00  
  2.720600259915e-06  ,-3.617616336215e+01  ,-3.416958923874e+00  
  2.724270415917e-06  ,-4.144291109960e+01  ,-3.605699744162e+00  
  2.727442873135e-06  ,-4.555435089019e+01  ,-3.402611196883e+00  
  2.729798746720e-06  ,-4.831707255377e+01  ,-3.235998113074e+00  
  2.731737387791e-06  ,-5.039271356902e+01  ,-3.120761702951e+00  
  2.733836216345e-06  ,-5.242897608365e+01  ,-3.010620835148e+00  
  2.736242753878e-06  ,-5.448287070439e+01  ,-2.890628918925e+00  
  2.741055828944e-06  ,-5.764689215445e+01  ,-2.654810935102e+00  
  2.747710687533e-06  ,-5.984488852217e+01  ,-2.328778940208e+00  
  2.755551678553e-06  ,-5.908973375936e+01  ,-1.947984080782e+00  
  2.765565258875e-06  ,-5.296826632171e+01  ,-1.463476904150e+00  
  2.775116903201e-06  ,-4.227030492401e+01  ,-9.976277107869e-01  
  2.784529966727e-06  ,-2.802585608059e+01  ,-4.959194735460e-01  
  2.789089722052e-06  ,-2.016507097000e+01  ,-2.036670943359e-01  
  2.790085119620e-06  ,-1.838835966913e+01  ,-1.208752455777e-01  
  2.791071017697e-06  ,-1.661087489458e+01  ,-3.273332843140e-02  
  2.793042813852e-06  ,-1.300982402809e+01  ,1.576048448853e-01  
  2.796986406162e-06  ,-5.672008344417e+00  ,6.920113962317e-01  
  2.800360774115e-06  ,6.800286253439e-01  ,1.715536465358e+00  
  2.804697757080e-06  ,8.822952887713e+00  ,8.868510865667e+00  
  2.807390024379e-06  ,1.380506716419e+01  ,1.377858512580e+01  
  2.810138543561e-06  ,1.878921020260e+01  ,1.841663344650e+01  
  2.812241469935e-06  ,2.251003072816e+01  ,1.089699166679e+01  
  2.814290379599e-06  ,2.604094710463e+01  ,5.035237524301e+00  
  2.817772408441e-06  ,3.178657233919e+01  ,3.734785169004e+00  
  2.820705329493e-06  ,3.633396939458e+01  ,3.550223664067e+00  
  2.823948194697e-06  ,4.100158769758e+01  ,3.474637401178e+00  
  2.827102770522e-06  ,4.513453730575e+01  ,3.350757025522e+00  
  2.829393451527e-06  ,4.786022304962e+01  ,3.238713086506e+00  
  2.831718405202e-06  ,5.037328341666e+01  ,3.119177410893e+00  
  2.833863799885e-06  ,5.245423867909e+01  ,3.010527667579e+00  
  2.836103444412e-06  ,5.437235822503e+01  ,2.898601308257e+00  
  2.840582733467e-06  ,5.739324239721e+01  ,2.677577661241e+00  
  2.846787576988e-06  ,5.969470631970e+01  ,2.374031421447e+00  
  2.854889338329e-06  ,5.929357327503e+01  ,1.979878390058e+00  
  2.863439624622e-06  ,5.473093055535e+01  ,1.566463791338e+00  
  2.873953883961e-06  ,4.379757713350e+01  ,1.055227915174e+00  
  2.883787160233e-06  ,2.925614020412e+01  ,5.397512785293e-01  
  2.888921355322e-06  ,2.046369082850e+01  ,2.184006076023e-01  
  2.890063901857e-06  ,1.842642556402e+01  ,1.240213790830e-01  
  2.891197135165e-06  ,1.638231109698e+01  ,2.226252201827e-02  
  2.893463601783e-06  ,1.223441327226e+01  ,-2.012425467524e-01  
  2.897996535018e-06  ,3.773949598357e+00  ,-8.937511423387e-01  
  2.901842524722e-06  ,-3.471138104599e+00  ,-3.621279613197e+00  
  2.904402916744e-06  ,-8.272862897492e+00  ,-8.322061853728e+00  
  2.907497887924e-06  ,-1.400285063166e+01  ,-1.397054007211e+01  
  2.910468806937e-06  ,-1.937940827912e+01  ,-1.766197433185e+01  
  2.912485306576e-06  ,-2.293541531147e+01  ,-9.841620010886e+00  
  2.914518197492e-06  ,-2.642714953655e+01  ,-4.909899193022e+00  
  2.918054988101e-06  ,-3.223707438193e+01  ,-2.851145225447e+00  
  2.921788474038e-06  ,-3.793738043074e+01  ,-3.957758559227e+00  
  2.925772299483e-06  ,-4.344318979580e+01  ,-3.324431558981e+00  
  2.928574835375e-06  ,-4.691389252724e+01  ,-3.217730771583e+00  
  2.931432505563e-06  ,-5.007848011021e+01  ,-3.148210325034e+00  
  2.932293792680e-06  ,-5.095424697846e+01  ,-3.100622648687e+00  
  2.934016366914e-06  ,-5.259325638883e+01  ,-3.006406204457e+00  
  2.937288289383e-06  ,-5.527883138666e+01  ,-2.838881203230e+00  
  2.943832134321e-06  ,-5.887712468188e+01  ,-2.516473505821e+00  
  2.950291042641e-06  ,-5.999749197871e+01  ,-2.202583819895e+00  
  2.957832520321e-06  ,-5.819269423619e+01  ,-1.838000353032e+00  
  2.969836895779e-06  ,-4.872109279910e+01  ,-1.256319362535e+00  
  2.980015878990e-06  ,-3.524289590774e+01  ,-7.506285149933e-01  
  2.984904204920e-06  ,-2.740019496484e+01  ,-4.757087178231e-01  
  2.986346264794e-06  ,-2.495468263585e+01  ,-3.818346014212e-01  
  2.988502835348e-06  ,-2.120349105682e+01  ,-2.312187508434e-01  
  2.991143321112e-06  ,-1.647987044455e+01  ,-2.551722596245e-02  
  2.996424292639e-06  ,-6.725883120910e+00  ,5.520910158784e-01  
  3.000475918368e-06  ,8.970515654890e-01  ,1.724224131468e+00  
  3.005796377972e-06  ,1.086563141047e+01  ,1.088208307854e+01  
  3.007736136630e-06  ,1.443914116246e+01  ,1.440247288262e+01  
  3.010035013273e-06  ,1.860377670365e+01  ,1.837315285844e+01  
  3.011623104528e-06  ,2.142539805357e+01  ,1.320695523105e+01  
  3.013348100200e-06  ,2.442962439345e+01  ,6.528047375982e+00  
  3.015855593100e-06  ,2.866639261113e+01  ,4.006595239877e+00  
  3.017855701461e-06  ,3.191962403657e+01  ,3.605764709454e+00  
  3.020468992606e-06  ,3.597845681647e+01  ,3.567807694350e+00  
  3.023861614481e-06  ,4.088228692624e+01  ,3.500297553020e+00  
  3.027233374730e-06  ,4.529636369444e+01  ,3.352081563693e+00  
  3.029573602095e-06  ,4.806425147581e+01  ,3.231075331155e+00  
  3.031895575538e-06  ,5.055393339209e+01  ,3.109960646445e+00  
  3.034015265718e-06  ,5.259225731416e+01  ,3.002641096840e+00  
  3.036349160090e-06  ,5.456657859287e+01  ,2.886260817872e+00  
  3.041016948834e-06  ,5.762652612433e+01  ,2.656292957061e+00  
  3.047285122290e-06  ,5.978189869883e+01  ,2.349787175483e+00  
  3.055431587115e-06  ,5.912859419716e+01  ,1.953592641236e+00  
  3.064984721556e-06  ,5.347345985021e+01  ,1.491722925897e+00  
  3.074378413573e-06  ,4.324675592904e+01  ,1.034136920469e+00  
  3.084003073588e-06  ,2.890014336121e+01  ,5.270204169696e-01  
  3.088828814641e-06  ,2.062758023556e+01  ,2.234301163879e-01  
  3.089974527672e-06  ,1.858667794565e+01  ,1.298535187530e-01  
  3.091038470581e-06  ,1.666981813340e+01  ,3.559143895242e-02  
  3.093166356400e-06  ,1.278239459078e+01  ,-1.699213880248e-01  
  3.097422128037e-06  ,4.853864213539e+00  ,-7.728271524845e-01  
  3.100984623149e-06  ,-1.855674946887e+00  ,-2.182729067934e+00  
  3.105050404981e-06  ,-9.479897500727e+00  ,-9.515908679366e+00  
  3.108159904793e-06  ,-1.521314769960e+01  ,-1.516243858994e+01  
  3.111318950966e-06  ,-2.088891087458e+01  ,-1.522739208248e+01  
  3.113444601610e-06  ,-2.459565224638e+01  ,-7.417640564358e+00  
  3.115616445854e-06  ,-2.826958292700e+01  ,-4.249276798597e+00  
  3.119235937908e-06  ,-3.409190246211e+01  ,-3.153122374415e+00  
  3.123078947380e-06  ,-3.979021552273e+01  ,-3.786252848865e+00  
  3.127298956230e-06  ,-4.537733565313e+01  ,-3.268894625866e+00  
  3.129749824718e-06  ,-4.826234181819e+01  ,-3.176121757541e+00  
  3.132027839735e-06  ,-5.068777455354e+01  ,-3.108989509437e+00  
  3.134296541527e-06  ,-5.284539997804e+01  ,-2.996983426236e+00  
  3.136686315253e-06  ,-5.482778120335e+01  ,-2.872821132858e+00  
  3.141465862706e-06  ,-5.785643231516e+01  ,-2.632654033260e+00  
  3.147883792832e-06  ,-5.986745071380e+01  ,-2.321558279814e+00  
  3.156109233811e-06  ,-5.889830610618e+01  ,-1.920122537578e+00  
  3.167066057637e-06  ,-5.158102680196e+01  ,-1.391433160130e+00  
  3.177328487352e-06  ,-3.921215052647e+01  ,-8.876560657443e-01  
  3.183418591931e-06  ,-2.986071476085e+01  ,-5.629112626989e-01  
  3.187546213582e-06  ,-2.288050211672e+01  ,-3.079993885595e-01  
  3.188791391864e-06  ,-2.069380648587e+01  ,-2.151187660711e-01  
  3.190010493115e-06  ,-1.852220765625e+01  ,-1.179574892255e-01  
  3.192448695615e-06  ,-1.410073807677e+01  ,9.618544984942e-02  
  3.197325100616e-06  ,-5.036134314245e+00  ,7.424786596658e-01  
  3.201266457751e-06  ,2.386586842891e+00  ,2.599832322386e+00  
  3.205532660201e-06  ,1.037638688991e+01  ,1.039898927156e+01  
  3.208907028154e-06  ,1.657110584145e+01  ,1.648849132318e+01  
  3.211880554870e-06  ,2.187798011594e+01  ,1.380522806198e+01  
  3.213986461475e-06  ,2.552366443409e+01  ,6.717476713376e+00  
  3.216308807448e-06  ,2.941394008420e+01  ,4.041016035917e+00  
  3.219960709527e-06  ,3.520717184305e+01  ,3.233166785435e+00  
  3.223774661735e-06  ,4.076216842256e+01  ,3.707981524969e+00  
  3.228387316182e-06  ,4.669272726928e+01  ,3.218878779238e+00  
  3.230440323666e-06  ,4.902421605998e+01  ,3.147528167014e+00  
  3.231559587136e-06  ,5.021001952938e+01  ,3.110798376186e+00  
  3.233178412035e-06  ,5.181489949777e+01  ,3.042669565324e+00  
  3.236280833796e-06  ,5.451289750611e+01  ,2.892301886073e+00  
  3.241538708523e-06  ,5.789265550353e+01  ,2.629253565168e+00  
  3.247588579968e-06  ,5.982790866120e+01  ,2.335998947859e+00  
  3.255232875660e-06  ,5.919104659047e+01  ,1.962614340193e+00  
  3.265085523441e-06  ,5.338701172711e+01  ,1.487261150942e+00  
  3.274568622425e-06  ,4.299746133171e+01  ,1.024857229892e+00  
  3.284170930699e-06  ,2.862246185680e+01  ,5.172013106465e-01  
  3.288961654022e-06  ,2.039226775009e+01  ,2.139056438217e-01  
  3.290094887331e-06  ,1.837083308288e+01  ,1.204532617426e-01  
  3.291147281840e-06  ,1.647269165304e+01  ,2.629923563524e-02  
  3.293252070859e-06  ,1.262448952330e+01  ,-1.790824982428e-01  
  3.297461648896e-06  ,4.779609590411e+00  ,-7.817755485281e-01  
  3.301019301131e-06  ,-1.921009019285e+00  ,-2.227242513327e+00  
  3.305027713493e-06  ,-9.437659896043e+00  ,-9.474229537565e+00  
  3.308145408943e-06  ,-1.518671499487e+01  ,-1.513651941158e+01  
  3.311302219942e-06  ,-2.085934374227e+01  ,-1.529229450788e+01  
  3.313427125528e-06  ,-2.456560187675e+01  ,-7.461520270454e+00  
  3.315597479656e-06  ,-2.823804430881e+01  ,-4.255928239369e+00  
  3.319213991478e-06  ,-3.405785294336e+01  ,-3.146512768866e+00  
  3.323054765776e-06  ,-3.975608791050e+01  ,-3.789873116649e+00  
  3.327265833929e-06  ,-4.533646436915e+01  ,-3.270030275025e+00  
  3.329739426687e-06  ,-4.825069448751e+01  ,-3.176204048418e+00  
  3.332015206531e-06  ,-5.067502849238e+01  ,-3.109665103435e+00  
  3.334306632593e-06  ,-5.285440518064e+01  ,-2.996591803205e+00  
  3.336671446875e-06  ,-5.481639173282e+01  ,-2.873618688678e+00  
  3.341401075438e-06  ,-5.782396171536e+01  ,-2.635820734452e+00  
  3.347842102364e-06  ,-5.986217869917e+01  ,-2.323583186792e+00  
  3.356072013691e-06  ,-5.891164860617e+01  ,-1.921927654325e+00  
  3.366927509621e-06  ,-5.171394363955e+01  ,-1.398140535890e+00  
  3.377166097477e-06  ,-3.944332323732e+01  ,-8.958002674639e-01  
  3.383359020069e-06  ,-2.995805870975e+01  ,-5.663901983112e-01  
  3.387369667605e-06  ,-2.318778304010e+01  ,-3.195206879450e-01  
  3.388585043564e-06  ,-2.105846030629e+01  ,-2.297928891779e-01  
  3.389820349827e-06  ,-1.886278139522e+01  ,-1.327211334448e-01  
  3.392290962353e-06  ,-1.438955673736e+01  ,8.086520062456e-02  
  3.397232187405e-06  ,-5.210631859983e+00  ,7.231298530995e-01  
  3.401200366631e-06  ,2.262101552448e+00  ,2.488340238811e+00  
  3.405581308022e-06  ,1.046669203496e+01  ,1.048818847056e+01  
  3.408807781950e-06  ,1.639122726895e+01  ,1.631367234636e+01  
  3.411741820589e-06  ,2.163426960752e+01  ,1.426429687220e+01  
  3.413855922833e-06  ,2.530076455646e+01  ,6.932735149381e+00  
  3.416091469541e-06  ,2.905619020753e+01  ,4.121262831359e+00  
  3.419791427866e-06  ,3.494829592492e+01  ,3.196184357154e+00  
  3.423672435299e-06  ,4.062056155028e+01  ,3.732681603945e+00  
  3.428196427837e-06  ,4.646592399125e+01  ,3.222626999122e+00  
  3.430164498702e-06  ,4.872262684901e+01  ,3.157834171725e+00  
  3.431296241894e-06  ,4.993654975626e+01  ,3.122605702949e+00  
  3.432934438303e-06  ,5.158150432952e+01  ,3.054810461237e+00  
  3.435805519536e-06  ,5.413252565174e+01  ,2.916016478480e+00  
  3.440652867272e-06  ,5.743164637765e+01  ,2.672815105227e+00  
  3.446499337867e-06  ,5.963752035595e+01  ,2.388947020960e+00  
  3.454125752166e-06  ,5.949670898187e+01  ,2.016813647110e+00  
  3.461941411212e-06  ,5.582714929926e+01  ,1.639004164093e+00  
  3.471643557265e-06  ,4.665615871550e+01  ,1.168363690094e+00  
  3.480439712718e-06  ,3.459322678018e+01  ,7.270007066657e-01  
  3.484562118962e-06  ,2.797225402821e+01  ,4.937386885091e-01  
  3.485797238961e-06  ,2.589205774207e+01  ,4.148283095794e-01  
  3.487600838259e-06  ,2.278528402674e+01  ,2.933336911805e-01  
  3.490488310769e-06  ,1.766347796223e+01  ,7.683381359160e-02  
  3.496263255790e-06  ,7.027429856940e+00  ,-5.193842966957e-01  
  3.500641216949e-06  ,-1.208583729117e+00  ,-1.809049398302e+00  
  3.506211271003e-06  ,-1.163381095614e+01  ,-1.163971270083e+01  
  3.508242299274e-06  ,-1.536333122797e+01  ,-1.530982765551e+01  
  3.510738988832e-06  ,-1.986068899214e+01  ,-1.732468474995e+01  
  3.512354274705e-06  ,-2.270698970445e+01  ,-1.052328094030e+01  
  3.514101808384e-06  ,-2.572026671557e+01  ,-5.479027499502e+00  
  3.517596875742e-06  ,-3.150546606499e+01  ,-2.739541467383e+00  
  3.521051709965e-06  ,-3.685139184977e+01  ,-3.996567292499e+00  
  3.525042985991e-06  ,-4.248366268457e+01  ,-3.367479389708e+00  
  3.527766545728e-06  ,-4.594905468108e+01  ,-3.260717859452e+00  
  3.530134712771e-06  ,-4.868983940374e+01  ,-3.181188817929e+00  
  3.531189714983e-06  ,-4.982495531419e+01  ,-3.138534904927e+00  
  3.532768679276e-06  ,-5.142120289837e+01  ,-3.065331503098e+00  
  3.535385695711e-06  ,-5.378651870733e+01  ,-2.935747137723e+00  
  3.540425268427e-06  ,-5.730600268108e+01  ,-2.684486935425e+00  
  3.545971480623e-06  ,-5.952012055339e+01  ,-2.414448182687e+00  
  3.553599385038e-06  ,-5.961680944049e+01  ,-2.042054970415e+00  
  3.561117020860e-06  ,-5.637774630280e+01  ,-1.679016448544e+00  
  3.570720819250e-06  ,-4.773001136599e+01  ,-1.213379318047e+00  
  3.579397765413e-06  ,-3.617913280008e+01  ,-7.810811091021e-01  
  3.584033516660e-06  ,-2.884984164051e+01  ,-5.250839683806e-01  
  3.585347054020e-06  ,-2.665494258381e+01  ,-4.429852532709e-01  
  3.587431726471e-06  ,-2.307984946717e+01  ,-3.049938317706e-01  
  3.589650509372e-06  ,-1.916642111955e+01  ,-1.452575938419e-01  
  3.594088075176e-06  ,-1.107975888131e+01  ,2.527226708115e-01  
  3.598250714555e-06  ,-3.295665923796e+00  ,9.128335728004e-01  
  3.601774839178e-06  ,3.343759791537e+00  ,3.500925026200e+00  
  3.604118791834e-06  ,7.742092806781e+00  ,7.800114024910e+00  
  3.607071084395e-06  ,1.321932573059e+01  ,1.320006480107e+01  
  3.609863934532e-06  ,1.829692654171e+01  ,1.810700062640e+01  
  3.611971331254e-06  ,2.203721972617e+01  ,1.197600561169e+01  
  3.614219916478e-06  ,2.592122529227e+01  ,5.374761486433e+00  
  3.616802287713e-06  ,3.022111746248e+01  ,3.198687658961e+00  
  3.620801759377e-06  ,3.647845095422e+01  ,3.957929045683e+00  
  3.624519599095e-06  ,4.178128992300e+01  ,3.423304909370e+00  
  3.627450657502e-06  ,4.556389900855e+01  ,3.288279243627e+00  
  3.629783061758e-06  ,4.829953766808e+01  ,3.201041585614e+00  
  3.631660980597e-06  ,5.031439583896e+01  ,3.118292517696e+00  
  3.633730006829e-06  ,5.233133580199e+01  ,3.017806157019e+00  
  3.636143622413e-06  ,5.440433789864e+01  ,2.897362980797e+00  
  3.640970853582e-06  ,5.760226929974e+01  ,2.658015794941e+00  
  3.647496817127e-06  ,5.981456900377e+01  ,2.339725399089e+00  
  3.655328867450e-06  ,5.916116549980e+01  ,1.958398699801e+00  
  3.664905843750e-06  ,5.354073184323e+01  ,1.495636953772e+00  
  3.674287614837e-06  ,4.336521605128e+01  ,1.038637274932e+00  
  3.683949527755e-06  ,2.898855408612e+01  ,5.301669817498e-01  
  3.688805816188e-06  ,2.066828346484e+01  ,2.251999192251e-01  
  3.689960283652e-06  ,1.861220468082e+01  ,1.310374788880e-01  
  3.691032422200e-06  ,1.668076990992e+01  ,3.612679854021e-02  
  3.693176699296e-06  ,1.276334557436e+01  ,-1.709469079661e-01  
  3.697465253487e-06  ,4.772836658378e+00  ,-7.811755103407e-01  
  3.701050472870e-06  ,-1.979735309594e+00  ,-2.267943288219e+00  
  3.705078256741e-06  ,-9.531733772805e+00  ,-9.566864416257e+00  
  3.708241028205e-06  ,-1.536101518163e+01  ,-1.530730258590e+01  
  3.711441797629e-06  ,-2.110582870899e+01  ,-1.477278076212e+01  
  3.713595015422e-06  ,-2.485398346384e+01  ,-7.070991306356e+00  
  3.715799642220e-06  ,-2.857369920810e+01  ,-4.182455872514e+00  
  3.719485816970e-06  ,-3.447843897243e+01  ,-3.195499810275e+00  
  3.723354903474e-06  ,-4.017804250690e+01  ,-3.755017955727e+00  
  3.727711257949e-06  ,-4.588196912191e+01  ,-3.249875689699e+00  
  3.729906198993e-06  ,-4.843688230965e+01  ,-3.170916664243e+00  
  3.731943932787e-06  ,-5.060296854237e+01  ,-3.095665410489e+00  
  3.734116522089e-06  ,-5.268386015933e+01  ,-2.997344191446e+00  
  3.736729813233e-06  ,-5.486103281095e+01  ,-2.868929598781e+00  
  3.741948944941e-06  ,-5.809098187485e+01  ,-2.609694628877e+00  
  3.748698425904e-06  ,-5.994984684243e+01  ,-2.281530847381e+00  
  3.756591570988e-06  ,-5.871812301041e+01  ,-1.897044924167e+00  
  3.769099605694e-06  ,-4.951905921458e+01  ,-1.292645555228e+00  
  3.779801619664e-06  ,-3.556895056315e+01  ,-7.622240808971e-01  
  3.785525155678e-06  ,-2.635375987689e+01  ,-4.407630005702e-01  
  3.787156832829e-06  ,-2.355727600309e+01  ,-3.310815445895e-01  
  3.789318991318e-06  ,-1.975752712928e+01  ,-1.722893672804e-01  
  3.791880128399e-06  ,-1.514014083404e+01  ,3.983289985188e-02  
  3.797002402559e-06  ,-5.641990164762e+00  ,6.524288088877e-01  
  3.801062968984e-06  ,2.003276950425e+00  ,2.265622083785e+00  
  3.805627194658e-06  ,1.055184917903e+01  ,1.057244708022e+01  
  3.808898372069e-06  ,1.655542352655e+01  ,1.647393021115e+01  
  3.811841723934e-06  ,2.180980861495e+01  ,1.396323808231e+01  
  3.813991588965e-06  ,2.553241108743e+01  ,6.689055970068e+00  
  3.816259545699e-06  ,2.933297218239e+01  ,4.074721649479e+00  
  3.819910330191e-06  ,3.513023241075e+01  ,3.241996351061e+00  
  3.823725772515e-06  ,4.069449809336e+01  ,3.708862330647e+00  
  3.828300429001e-06  ,4.658970031392e+01  ,3.224870506703e+00  
  3.830316928640e-06  ,4.888974864844e+01  ,3.154302987118e+00  
  3.831442338839e-06  ,5.008868684333e+01  ,3.117006786511e+00  
  3.833067869261e-06  ,5.170952612313e+01  ,3.048297657255e+00  
  3.836065237835e-06  ,5.434186734929e+01  ,2.902907574203e+00  
  3.841130142525e-06  ,5.768557948777e+01  ,2.649408931449e+00  
  3.847095822409e-06  ,5.975044512738e+01  ,2.359901824640e+00  
  3.854737137869e-06  ,5.933678957632e+01  ,1.986709632107e+00  
  3.863601838663e-06  ,5.460492200773e+01  ,1.558975044815e+00  
  3.874317263678e-06  ,4.332657358961e+01  ,1.037452345638e+00  
  3.884010469034e-06  ,2.888792614079e+01  ,5.356492906797e-01  
  3.888633554295e-06  ,2.097281229680e+01  ,2.385894276537e-01  
  3.889664900914e-06  ,1.914071304828e+01  ,1.544675679006e-01  
  3.890694384888e-06  ,1.729188358651e+01  ,6.481263071263e-02  
  3.892753352836e-06  ,1.354191921327e+01  ,-1.277100494163e-01  
  3.896871288732e-06  ,5.887990270120e+00  ,-6.517548362218e-01  
  3.900342514232e-06  ,-6.456116576336e-01  ,-1.691739808428e+00  
  3.904818823054e-06  ,-9.048611747807e+00  ,-9.090836277197e+00  
  3.907601614907e-06  ,-1.419289747805e+01  ,-1.416015660305e+01  
  3.910456304863e-06  ,-1.935710400507e+01  ,-1.790401447651e+01  
  3.912525703624e-06  ,-2.300576058956e+01  ,-9.871334500454e+00  
  3.914512773469e-06  ,-2.641797025433e+01  ,-4.899553103775e+00  
  3.918486913159e-06  ,-3.292074850579e+01  ,-3.658206423833e+00  
  3.922136207536e-06  ,-3.844291417676e+01  ,-3.692493575302e+00  
  3.926327159122e-06  ,-4.415794683610e+01  ,-3.439833760574e+00  
  3.928830926731e-06  ,-4.721330209939e+01  ,-3.278444074310e+00  
  3.931507175282e-06  ,-5.015586598945e+01  ,-3.127780146409e+00  
  3.932439801708e-06  ,-5.109902991976e+01  ,-3.080931280517e+00  
  3.934230921283e-06  ,-5.278671137470e+01  ,-2.991684320407e+00  
  3.937813160434e-06  ,-5.565598118780e+01  ,-2.814213361892e+00  
  3.944225130096e-06  ,-5.901527746645e+01  ,-2.498340702564e+00  
  3.950915006414e-06  ,-5.997521212079e+01  ,-2.173354252683e+00  
  3.958440092817e-06  ,-5.790313976666e+01  ,-1.807878026761e+00  
  3.969645766035e-06  ,-4.893047900213e+01  ,-1.265454218733e+00  
  3.979385164991e-06  ,-3.619807756339e+01  ,-7.827327037747e-01  
  3.984627393499e-06  ,-2.786334496811e+01  ,-4.922649831138e-01  
  3.986049895599e-06  ,-2.546162626378e+01  ,-4.008128659154e-01  
  3.988172566012e-06  ,-2.178471304476e+01  ,-2.545958339454e-01  
  3.990484481171e-06  ,-1.767037656385e+01  ,-7.962404273438e-02  
  3.995108311489e-06  ,-9.184365183710e+00  ,3.743573384214e-01  
  3.998657023028e-06  ,-2.530700994616e+00  ,1.030399585199e+00  
  4.001914044335e-06  ,3.605714736280e+00  ,3.755200471652e+00  
  4.003886213019e-06  ,7.307154279922e+00  ,7.372931478548e+00  
  4.006435056642e-06  ,1.204734058106e+01  ,1.204573812617e+01  
  4.009205555037e-06  ,1.711119216692e+01  ,1.700548528351e+01  
  4.012062480167e-06  ,2.219693249254e+01  ,1.252768175537e+01  
  4.014120703056e-06  ,2.575243949076e+01  ,6.147286870867e+00  
  4.016495203093e-06  ,2.971966563940e+01  ,3.991739482772e+00  
  4.020116557792e-06  ,3.544462439919e+01  ,3.342298527555e+00  
  4.023864944890e-06  ,4.088688156943e+01  ,3.662417281471e+00  
  4.027775009587e-06  ,4.595931240164e+01  ,3.407681408065e+00  
  4.030057494953e-06  ,4.860464192540e+01  ,3.230600065461e+00  
  4.031372149900e-06  ,5.001572755219e+01  ,3.145012992494e+00  
  4.032983151689e-06  ,5.162834808751e+01  ,3.055063457759e+00  
  4.035586757079e-06  ,5.395339900105e+01  ,2.922503574155e+00  
  4.040378225461e-06  ,5.727966749447e+01  ,2.688377550711e+00  
  4.046321553603e-06  ,5.959980975933e+01  ,2.396395915060e+00  
  4.053918165579e-06  ,5.954601851856e+01  ,2.027211613909e+00  
  4.061404508963e-06  ,5.619001338143e+01  ,1.664715884134e+00  
  4.070917410269e-06  ,4.750455718174e+01  ,1.203698123382e+00  
  4.079519850627e-06  ,3.599528427585e+01  ,7.746935617320e-01  
  4.084103447810e-06  ,2.873419309279e+01  ,5.219630058067e-01  
  4.085359056905e-06  ,2.663467096061e+01  ,4.426612399488e-01  
  4.087681402877e-06  ,2.264472677891e+01  ,2.880649127814e-01  
  4.089852502063e-06  ,1.880523910898e+01  ,1.297542092681e-01  
  4.094194700435e-06  ,1.088216973873e+01  ,-2.769310230719e-01  
  4.098307420924e-06  ,3.188933130353e+00  ,-9.330827773770e-01  
  4.101783489302e-06  ,-3.360039428080e+00  ,-3.516981269271e+00  
  4.104067092255e-06  ,-7.645445915758e+00  ,-7.705094662896e+00  
  4.106956427410e-06  ,-1.300842786337e+01  ,-1.299241336865e+01  
  4.109741081908e-06  ,-1.807624912505e+01  ,-1.791265319429e+01  
  4.111934532836e-06  ,-2.197268960057e+01  ,-1.225692909998e+01  
  4.114372735336e-06  ,-2.618071353741e+01  ,-4.613099651308e+00  
  4.116796781734e-06  ,-3.021215113443e+01  ,-2.924440687508e+00  
  4.119597454980e-06  ,-3.465044591139e+01  ,-3.156179298876e+00  
  4.123579045251e-06  ,-4.049082884724e+01  ,-3.433077196613e+00  
  4.127681334928e-06  ,-4.584560312455e+01  ,-3.370767815846e+00  
  4.129953016952e-06  ,-4.848891197909e+01  ,-3.232338079379e+00  
  4.131973241881e-06  ,-5.063263167313e+01  ,-3.112543126715e+00  
  4.134142105892e-06  ,-5.270692053822e+01  ,-2.996625709713e+00  
  4.136728574947e-06  ,-5.486008763130e+01  ,-2.866566775571e+00  
  4.141901513055e-06  ,-5.806854390293e+01  ,-2.613227031270e+00  
  4.148709853604e-06  ,-5.995072353644e+01  ,-2.280206088911e+00  
  4.156598528340e-06  ,-5.871542526230e+01  ,-1.897196481817e+00  
  4.169108053163e-06  ,-4.951006619283e+01  ,-1.291856627975e+00  
  4.179810067132e-06  ,-3.555612583035e+01  ,-7.617246458592e-01  
  4.185532858089e-06  ,-2.634071586763e+01  ,-4.402964300541e-01  
  4.187165280297e-06  ,-2.354263069235e+01  ,-3.305257925277e-01  
  4.189319615677e-06  ,-1.975641587444e+01  ,-1.722432996830e-01  
  4.191888575867e-06  ,-1.512473247391e+01  ,4.576662214891e-02  
  4.197026496246e-06  ,-5.596774255038e+00  ,6.588754207614e-01  
  4.201104944065e-06  ,2.082352236673e+00  ,2.329876999211e+00  
  4.205643092707e-06  ,1.058134792372e+01  ,1.060142761157e+01  
  4.208721672609e-06  ,1.623502941165e+01  ,1.616180791912e+01  
  4.211617713287e-06  ,2.141590549518e+01  ,1.469063215158e+01  
  4.213667368010e-06  ,2.497804954011e+01  ,7.311793062186e+00  
  4.215842192486e-06  ,2.864419996951e+01  ,4.210603188317e+00  
  4.219555189326e-06  ,3.458537487179e+01  ,3.134402734050e+00  
  4.223465999082e-06  ,4.033332466227e+01  ,3.770312838373e+00  
  4.227865566924e-06  ,4.606885926736e+01  ,3.232185609826e+00  
  4.229967375711e-06  ,4.850484812148e+01  ,3.163154868842e+00  
  4.231929486111e-06  ,5.058833157243e+01  ,3.094950686129e+00  
  4.234078606084e-06  ,5.264962135887e+01  ,2.999309264439e+00  
  4.236773108557e-06  ,5.489402776763e+01  ,2.867087732503e+00  
  4.241988514975e-06  ,5.810960205662e+01  ,2.607613885273e+00  
  4.248711173847e-06  ,5.995082432303e+01  ,2.281011942666e+00  
  4.256590907887e-06  ,5.871837998498e+01  ,1.897015614373e+00  
  4.269168978050e-06  ,4.944510343677e+01  ,1.289327533692e+00  
  4.279909735039e-06  ,3.540462370765e+01  ,7.566958100574e-01  
  4.285644446924e-06  ,2.615156785290e+01  ,4.336733016857e-01  
  4.287290093914e-06  ,2.332604960196e+01  ,3.223676853522e-01  
  4.289362100378e-06  ,1.968078232123e+01  ,1.690942663677e-01  
  4.292020095006e-06  ,1.488470207876e+01  ,-5.782848303926e-02  
  4.297336084262e-06  ,5.015503389540e+00  ,-7.118370018059e-01  
  4.301614952698e-06  ,-3.042808330413e+00  ,-3.206560695791e+00  
  4.305436355487e-06  ,-1.019754478442e+01  ,-1.021823932839e+01  
  4.308598009363e-06  ,-1.601050318351e+01  ,-1.593736202794e+01  
  4.311562967911e-06  ,-2.131947851507e+01  ,-1.451386102238e+01  
  4.313652483240e-06  ,-2.495253651146e+01  ,-7.175229973642e+00  
  4.315872756258e-06  ,-2.869480894681e+01  ,-4.168459482179e+00  
  4.319638279691e-06  ,-3.471324051381e+01  ,-3.151757417508e+00  
  4.323610929266e-06  ,-4.053515973923e+01  ,-3.759264325320e+00  
  4.328088728204e-06  ,-4.633722317067e+01  ,-3.219515112512e+00  
  4.330103737727e-06  ,-4.865569779843e+01  ,-3.156145499067e+00  
  4.331256528810e-06  ,-4.989501282284e+01  ,-3.122552769645e+00  
  4.332904783502e-06  ,-5.155292852198e+01  ,-3.055878503791e+00  
  4.335701731458e-06  ,-5.404786035183e+01  ,-2.921262029504e+00  
  4.340495435014e-06  ,-5.734505014139e+01  ,-2.680406757473e+00  
  4.346302417532e-06  ,-5.959563987243e+01  ,-2.398527743678e+00  
  4.353927341715e-06  ,-5.954389232904e+01  ,-2.025958307043e+00  
  4.361495641485e-06  ,-5.612954533420e+01  ,-1.660805906209e+00  
  4.371051756158e-06  ,-4.734944407591e+01  ,-1.197280393683e+00  
  4.379686979070e-06  ,-3.574274695780e+01  ,-7.660704829231e-01  
  4.384272811428e-06  ,-2.845353465265e+01  ,-5.122077728558e-01  
  4.385550958529e-06  ,-2.631005675483e+01  ,-4.309147823614e-01  
  4.387688157573e-06  ,-2.263293557871e+01  ,-2.875968902578e-01  
  4.390028757468e-06  ,-1.848945861036e+01  ,-1.160811810846e-01  
  4.394709957257e-06  ,-9.925657468880e+00  ,3.232825025676e-01  
  4.398458344355e-06  ,-2.904816474609e+00  ,9.719849461978e-01  
  4.401796949521e-06  ,3.385371226476e+00  ,3.542738371731e+00  
  4.403931913391e-06  ,7.392648673947e+00  ,7.456799596539e+00  
  4.406651747838e-06  ,1.244719326830e+01  ,1.243975931468e+01  
  4.409356308594e-06  ,1.738336226309e+01  ,1.726588458810e+01  
  4.411905524746e-06  ,2.192179997867e+01  ,1.281232804123e+01  
  4.414051664487e-06  ,2.563484062515e+01  ,6.040158037419e+00  
  4.416275290266e-06  ,2.935885801341e+01  ,4.073454990229e+00  
  4.419907075778e-06  ,3.512525923514e+01  ,3.378338531205e+00  
  4.423696441069e-06  ,4.065385269873e+01  ,3.666199372307e+00  
  4.428261411801e-06  ,4.654332246440e+01  ,3.245364562643e+00  
  4.430264500394e-06  ,4.883239343809e+01  ,3.166274365508e+00  
  4.431394194677e-06  ,5.003866864779e+01  ,3.123530540421e+00  
  4.433024567977e-06  ,5.166807971147e+01  ,3.051025413323e+00  
  4.435976115480e-06  ,5.427043874644e+01  ,2.906604426261e+00  
  4.440964279190e-06  ,5.759879979601e+01  ,2.657863926459e+00  
  4.446893451229e-06  ,5.971448257975e+01  ,2.369525068350e+00  
  4.454530296341e-06  ,5.939334607554e+01  ,1.996861342687e+00  
  4.463022468105e-06  ,5.504844406349e+01  ,1.586892693300e+00  
  4.473413047805e-06  ,4.448800742676e+01  ,1.081853248079e+00  
  4.483684418216e-06  ,2.942506905490e+01  ,5.464880147088e-01  
  4.488992956892e-06  ,2.033676579980e+01  ,2.146225449689e-01  
  4.490179089323e-06  ,1.821967459803e+01  ,1.158167903550e-01  
  4.491355722263e-06  ,1.609453772844e+01  ,8.763658804489e-03  
  4.493708988145e-06  ,1.178122970570e+01  ,-2.279270162486e-01  
  4.498415519908e-06  ,2.985441345597e+00  ,-9.937577221370e-01  
  4.501847257331e-06  ,-3.480043882715e+00  ,-3.632297909655e+00  
  4.504149486735e-06  ,-7.799464031237e+00  ,-7.856642024060e+00  
  4.507029136136e-06  ,-1.314218665681e+01  ,-1.312403859695e+01  
  4.509976213291e-06  ,-1.849837207351e+01  ,-1.826559547208e+01  
  4.512134646490e-06  ,-2.232325458942e+01  ,-1.131734384200e+01  
  4.514286374167e-06  ,-2.603414500815e+01  ,-4.952192477480e+00  
  4.517368679360e-06  ,-3.113859062193e+01  ,-3.830013471514e+00  
  4.519972284749e-06  ,-3.522483709492e+01  ,-3.624713885482e+00  
  4.523048629478e-06  ,-3.974742407330e+01  ,-3.526928619373e+00  
  4.527244796470e-06  ,-4.531047968930e+01  ,-3.344195348479e+00  
  4.529794757679e-06  ,-4.831261414779e+01  ,-3.216958178565e+00  
  4.532106672838e-06  ,-5.076713145940e+01  ,-3.099554831788e+00  
  4.534492348745e-06  ,-5.301918766104e+01  ,-2.979102727134e+00  
  4.536770363763e-06  ,-5.489193900063e+01  ,-2.865485773393e+00  
  4.541326393798e-06  ,-5.778623497075e+01  ,-2.641013342859e+00  
  4.548030426219e-06  ,-5.988517751513e+01  ,-2.313429846644e+00  
  4.556272258475e-06  ,-5.883891718142e+01  ,-1.912874876149e+00  
  4.567536046222e-06  ,-5.112287562581e+01  ,-1.368184273480e+00  
  4.577808906749e-06  ,-3.852228916437e+01  ,-8.633851182063e-01  
  4.583663572982e-06  ,-2.945930552479e+01  ,-5.487695056597e-01  
  4.589428832248e-06  ,-1.956191191844e+01  ,-1.662276876025e-01  
  4.590788935736e-06  ,-1.712114530642e+01  ,-5.716745815305e-02  
  4.592133020476e-06  ,-1.467840334184e+01  ,6.577366015135e-02  
  4.594821189955e-06  ,-9.718817420099e+00  ,3.594231746452e-01  
  4.599151467398e-06  ,-1.599256847535e+00  ,1.179445634934e+00  
  4.602528815582e-06  ,4.761692462124e+00  ,4.875266812587e+00  
  4.604526688769e-06  ,8.503876202747e+00  ,8.550394811362e+00  
  4.606731315568e-06  ,1.259387300632e+01  ,1.258350841186e+01  
  4.609499206260e-06  ,1.764098948446e+01  ,1.750973575520e+01  
  4.611805160955e-06  ,2.174558906297e+01  ,1.296855298913e+01  
  4.613952790812e-06  ,2.546621137931e+01  ,6.068144547079e+00  
  4.616136555985e-06  ,2.913051682627e+01  ,4.105216490568e+00  
  4.619821613148e-06  ,3.499452973547e+01  ,3.375759778450e+00  
  4.623652701691e-06  ,4.059317772492e+01  ,3.672885889813e+00  
  4.628183399752e-06  ,4.645038371087e+01  ,3.248165235019e+00  
  4.630150725558e-06  ,4.870747109360e+01  ,3.171230798174e+00  
  4.631285448983e-06  ,4.992526886297e+01  ,3.128711828007e+00  
  4.632926811889e-06  ,5.157415967848e+01  ,3.055937709603e+00  
  4.635783364490e-06  ,5.411450091792e+01  ,2.916204538743e+00  
  4.640613575891e-06  ,5.741016547374e+01  ,2.675118719859e+00  
  4.646451105788e-06  ,5.962747348549e+01  ,2.391037561379e+00  
  4.654076029971e-06  ,5.950875039355e+01  ,2.018922108567e+00  
  4.661820163444e-06  ,5.591048645740e+01  ,1.645011436589e+00  
  4.671470155433e-06  ,4.686097730641e+01  ,1.176856247052e+00  
  4.680203726009e-06  ,3.495572069641e+01  ,7.392768580800e-01  
  4.684317936614e-06  ,2.837861987934e+01  ,5.079307089148e-01  
  4.685536665335e-06  ,2.633426773682e+01  ,4.308862114538e-01  
  4.687459660187e-06  ,2.303123813429e+01  ,3.028457928676e-01  
  4.690116164699e-06  ,1.833264828285e+01  ,1.064775978090e-01  
  4.695429173723e-06  ,8.586225381046e+00  ,-4.082368993060e-01  
  4.699266967788e-06  ,1.381611040839e+00  ,-1.198446763528e+00  
  4.702774701133e-06  ,-5.223567270594e+00  ,-5.326369872886e+00  
  4.704762143508e-06  ,-8.942980968945e+00  ,-8.983077740788e+00  
  4.706761134282e-06  ,-1.264882231880e+01  ,-1.263753454209e+01  
  4.709477615967e-06  ,-1.760208746887e+01  ,-1.747272579674e+01  
  4.711743337527e-06  ,-2.163693659977e+01  ,-1.316847387719e+01  
  4.713836205617e-06  ,-2.526705955013e+01  ,-6.270552466514e+00  
  4.715969679371e-06  ,-2.885512374924e+01  ,-4.155469024810e+00  
  4.719658461824e-06  ,-3.474426261197e+01  ,-3.345573995901e+00  
  4.723484334961e-06  ,-4.035890616577e+01  ,-3.694457033800e+00  
  4.727918175474e-06  ,-4.613232845914e+01  ,-3.258589030423e+00  
  4.729992417112e-06  ,-4.853261683128e+01  ,-3.177125063727e+00  
  4.731937018648e-06  ,-5.059596462967e+01  ,-3.098897629111e+00  
  4.734080923215e-06  ,-5.265171591102e+01  ,-2.999241487696e+00  
  4.736807090655e-06  ,-5.491985406880e+01  ,-2.864740784861e+00  
  4.742029202595e-06  ,-5.812865449185e+01  ,-2.605891196534e+00  
  4.748760057107e-06  ,-5.995448343810e+01  ,-2.278428876153e+00  
  4.756632340565e-06  ,-5.870227446316e+01  ,-1.895117190717e+00  
  4.769351971760e-06  ,-4.924889344730e+01  ,-1.280350729998e+00  
  4.780174685135e-06  ,-3.500019736853e+01  ,-7.430716108071e-01  
  4.785349858418e-06  ,-2.665020658598e+01  ,-4.502100287918e-01  
  4.786897530273e-06  ,-2.400601477997e+01  ,-3.471711292875e-01  
  4.788982947782e-06  ,-2.035451472097e+01  ,-1.968197789875e-01  
  4.791790699080e-06  ,-1.530319618602e+01  ,3.618429353658e-02  
  4.797406201676e-06  ,-4.883785693184e+00  ,7.176540075891e-01  
  4.801915293053e-06  ,3.608064256068e+00  ,3.747048847995e+00  
  4.805407752708e-06  ,1.014441010886e+01  ,1.016525576180e+01  
  4.808688615873e-06  ,1.617503459237e+01  ,1.609706678868e+01  
  4.811687102035e-06  ,2.153803383423e+01  ,1.407338689317e+01  
  4.813819458202e-06  ,2.523842356702e+01  ,6.844878309114e+00  
  4.816103061154e-06  ,2.907530497079e+01  ,4.088875835269e+00  
  4.819823508576e-06  ,3.499743185051e+01  ,3.211445656089e+00  
  4.823731338099e-06  ,4.070220657715e+01  ,3.725276501481e+00  
  4.828294073656e-06  ,4.658215079455e+01  ,3.218137212646e+00  
  4.830297162250e-06  ,4.886814027149e+01  ,3.151581934632e+00  
  4.831421454862e-06  ,5.006700401255e+01  ,3.116332804041e+00  
  4.833047357813e-06  ,5.168990523566e+01  ,3.048965524088e+00  
  4.836031687871e-06  ,5.431502813706e+01  ,2.904704839218e+00  
  4.841063064948e-06  ,5.765067299831e+01  ,2.652517409050e+00  
  4.847013098612e-06  ,5.973603638132e+01  ,2.363941424533e+00  
  4.854651433840e-06  ,5.936052769230e+01  ,1.991328788054e+00  
  4.863355202094e-06  ,5.479594817153e+01  ,1.570596072039e+00  
  4.873958868399e-06  ,4.379115490123e+01  ,1.055012347214e+00  
  4.883836848155e-06  ,2.917433366004e+01  ,5.455806186472e-01  
  4.888469619170e-06  ,2.126205057889e+01  ,2.500429446213e-01  
  4.889509533957e-06  ,1.941804204007e+01  ,1.662097913909e-01  
  4.890592662111e-06  ,1.747540239927e+01  ,7.300098447319e-02  
  4.892531675711e-06  ,1.394865731434e+01  ,-1.057507770932e-01  
  4.896409702912e-06  ,6.753210066223e+00  ,-5.769854630596e-01  
  4.899763954297e-06  ,4.449315905258e-01  ,-1.419897262788e+00  
  4.904232067481e-06  ,-7.953777889647e+00  ,-8.007175167295e+00  
  4.906353620306e-06  ,-1.189692362241e+01  ,-1.189531132872e+01  
  4.908658084884e-06  ,-1.611960826459e+01  ,-1.604328107110e+01  
  4.910876495257e-06  ,-2.010508483591e+01  ,-1.637496095085e+01  
  4.912545425311e-06  ,-2.304008943620e+01  ,-9.469751656517e+00  
  4.914195170119e-06  ,-2.587914931568e+01  ,-5.348429485068e+00  
  4.917494659737e-06  ,-3.134133063027e+01  ,-3.723894641079e+00  
  4.920980786398e-06  ,-3.674579964622e+01  ,-3.756436017260e+00  
  4.924874459818e-06  ,-4.225874923786e+01  ,-3.460749856365e+00  
  4.927605097607e-06  ,-4.575276748103e+01  ,-3.318821904471e+00  
  4.929925208405e-06  ,-4.845802046453e+01  ,-3.205972497981e+00  
  4.931010012940e-06  ,-4.963544073264e+01  ,-3.153065390372e+00  
  4.932598104194e-06  ,-5.125478823832e+01  ,-3.074081361658e+00  
  4.935085107997e-06  ,-5.353303160543e+01  ,-2.949542751478e+00  
  4.939791639760e-06  ,-5.694080296331e+01  ,-2.716173442072e+00  
  4.945208956912e-06  ,-5.932163865175e+01  ,-2.451242161895e+00  
  4.952772786334e-06  ,-5.977250116846e+01  ,-2.082383741613e+00  
  4.960357477382e-06  ,-5.685157225883e+01  ,-1.715568097227e+00  
  4.970225026324e-06  ,-4.829049107432e+01  ,-1.237456246228e+00  
  4.979128470138e-06  ,-3.658277988665e+01  ,-7.951632021038e-01  
  4.983914723113e-06  ,-2.904597683810e+01  ,-5.322427099741e-01  
  4.986368571833e-06  ,-2.491643804660e+01  ,-3.796262134918e-01  
  4.988149260595e-06  ,-2.182563905119e+01  ,-2.570888630612e-01  
  4.990471979097e-06  ,-1.769289589871e+01  ,-7.715386089297e-02  
  4.995117416099e-06  ,-9.167405276645e+00  ,3.772395285704e-01  
  4.998868783429e-06  ,-2.131844194106e+00  ,1.085286183368e+00  
  5.002114628866e-06  ,3.983050233992e+00  ,4.119158570683e+00  
  5.004016762093e-06  ,7.551339627810e+00  ,7.612982677502e+00  
  5.006465022877e-06  ,1.210266991170e+01  ,1.210004417943e+01  
  5.009501879528e-06  ,1.764580569260e+01  ,1.751454481344e+01  
  5.012082015589e-06  ,2.223113917098e+01  ,1.216972669557e+01  
  5.014449437574e-06  ,2.631072777745e+01  ,5.358834398616e+00  
  5.016825055197e-06  ,3.025818405060e+01  ,3.964469637698e+00  
  5.020426665857e-06  ,3.591457631905e+01  ,3.482263614958e+00  
  5.024084528401e-06  ,4.118882963463e+01  ,3.598759950911e+00  
  5.027516265824e-06  ,4.564426428710e+01  ,3.387543941857e+00  
  5.029929881409e-06  ,4.846321412269e+01  ,3.225437732140e+00  
  5.031138551846e-06  ,4.977115987689e+01  ,3.153635880188e+00  
  5.032800217584e-06  ,5.145181036046e+01  ,3.064163245066e+00  
  5.035232087091e-06  ,5.365757764189e+01  ,2.940949604241e+00  
  5.039972146466e-06  ,5.704714491447e+01  ,2.707949188003e+00  
  5.045588394120e-06  ,5.942466721307e+01  ,2.432394271351e+00  
  5.053202887490e-06  ,5.969651452540e+01  ,2.061749067618e+00  
  5.060719033197e-06  ,5.663004358957e+01  ,1.697953768605e+00  
  5.070434590295e-06  ,4.805500659874e+01  ,1.227231421525e+00  
  5.079209884122e-06  ,3.646102316420e+01  ,7.908591471469e-01  
  5.083920141175e-06  ,2.903704007986e+01  ,5.317555750964e-01  
  5.086259996012e-06  ,2.510247174532e+01  ,3.862889104043e-01  
  5.088095819071e-06  ,2.191944204603e+01  ,2.606489583800e-01  
  5.090418165043e-06  ,1.778979714643e+01  ,8.156124050206e-02  
  5.095062856987e-06  ,9.269025766482e+00  ,-3.701252051598e-01  
  5.098633920267e-06  ,2.574209248304e+00  ,-1.023839756945e+00  
  5.101899137214e-06  ,-3.577665864828e+00  ,-3.728112471089e+00  
  5.103889559820e-06  ,-7.313415851885e+00  ,-7.379051433277e+00  
  5.106457774952e-06  ,-1.208928840374e+01  ,-1.208706185760e+01  
  5.109211137012e-06  ,-1.712127673080e+01  ,-1.701508161260e+01  
  5.112068062142e-06  ,-2.220670742845e+01  ,-1.249053926188e+01  
  5.114125912502e-06  ,-2.576130824421e+01  ,-6.129669993348e+00  
  5.116503765300e-06  ,-2.973368494335e+01  ,-3.989555853031e+00  
  5.120124747470e-06  ,-3.545707885699e+01  ,-3.345399252266e+00  
  5.123870899394e-06  ,-4.089509530586e+01  ,-3.660890378048e+00  
  5.127766807988e-06  ,-4.594937257472e+01  ,-3.407318904376e+00  
  5.130048920825e-06  ,-4.859516409733e+01  ,-3.230791237774e+00  
  5.132020344451e-06  ,-5.068021327469e+01  ,-3.107522783190e+00  
  5.134166856721e-06  ,-5.272919769807e+01  ,-2.993476991133e+00  
  5.136719053105e-06  ,-5.485281686971e+01  ,-2.866506056485e+00  
  5.141823445871e-06  ,-5.803133297171e+01  ,-2.617345529613e+00  
  5.148714487866e-06  ,-5.995107685895e+01  ,-2.279788458751e+00  
  5.156589751557e-06  ,-5.871882804147e+01  ,-1.897756481465e+00  
  5.169067983940e-06  ,-4.955269219352e+01  ,-1.293702394254e+00  
  5.179747646168e-06  ,-3.565083258600e+01  ,-7.649032843325e-01  
  5.185465966776e-06  ,-2.645394456386e+01  ,-4.442639038463e-01  
  5.187090007082e-06  ,-2.367307272718e+01  ,-3.354301102393e-01  
  5.189301339403e-06  ,-1.978894146381e+01  ,-1.735976975374e-01  
  5.191813302651e-06  ,-1.526199473494e+01  ,3.380302454712e-02  
  5.196837229148e-06  ,-5.951877812315e+00  ,6.255406871981e-01  
  5.200789017096e-06  ,1.487109889251e+00  ,1.953461396517e+00  
  5.205526096240e-06  ,1.036420032147e+01  ,1.038781641164e+01  
  5.208567423239e-06  ,1.595493281038e+01  ,1.588872514830e+01  
  5.211441857234e-06  ,2.110593388050e+01  ,1.529505678142e+01  
  5.213436005130e-06  ,2.458087140369e+01  ,7.812732891986e+00  
  5.215565381065e-06  ,2.818464518738e+01  ,4.318389671875e+00  
  5.219211322680e-06  ,3.405371124360e+01  ,3.069225667955e+00  
  5.223055077210e-06  ,3.975652758504e+01  ,3.814495349351e+00  
  5.227270615712e-06  ,4.534236788573e+01  ,3.260419822006e+00  
  5.229746443644e-06  ,4.825855508118e+01  ,3.170911412178e+00  
  5.232021105900e-06  ,5.068098155671e+01  ,3.110009419411e+00  
  5.234310296789e-06  ,5.285767377056e+01  ,2.997357498949e+00  
  5.236679581419e-06  ,5.482262443538e+01  ,2.873599202716e+00  
  5.241418150678e-06  ,5.783254287338e+01  ,2.634822053628e+00  
  5.247858432546e-06  ,5.986425598505e+01  ,2.322902125202e+00  
  5.256089833990e-06  ,5.890527051560e+01  ,1.920998203998e+00  
  5.266987053171e-06  ,5.165694009555e+01  ,1.395310463118e+00  
  5.277240542188e-06  ,3.933747334678e+01  ,8.920792238870e-01  
  5.283385036007e-06  ,2.991556001422e+01  ,5.648691345115e-01  
  5.287441132084e-06  ,2.306348343918e+01  ,3.148540413595e-01  
  5.288668242708e-06  ,2.091153836667e+01  ,2.238889865855e-01  
  5.289897774771e-06  ,1.872418283061e+01  ,1.267275684212e-01  
  5.292356838897e-06  ,1.426897556480e+01  ,-8.722629415029e-02  
  5.297274967149e-06  ,5.130293916585e+00  ,-7.318677584234e-01  
  5.301235695794e-06  ,-2.328646703272e+00  ,-2.547435771602e+00  
  5.305564483121e-06  ,-1.043546265838e+01  ,-1.045730102394e+01  
  5.308809956029e-06  ,-1.639516938805e+01  ,-1.631740698847e+01  
  5.311749210075e-06  ,-2.164726090696e+01  ,-1.423757784709e+01  
  5.313869645312e-06  ,-2.532421631008e+01  ,-6.906118092687e+00  
  5.316111152485e-06  ,-2.908864542457e+01  ,-4.114331349598e+00  
  5.319805895403e-06  ,-3.497045930358e+01  ,-3.201158251801e+00  
  5.323680942371e-06  ,-4.063236178370e+01  ,-3.729955262615e+00  
  5.328211640432e-06  ,-4.648406016796e+01  ,-3.222618767891e+00  
  5.330186044291e-06  ,-4.874631698690e+01  ,-3.157183378340e+00  
  5.331316297367e-06  ,-4.995749675466e+01  ,-3.121769836693e+00  
  5.332952631131e-06  ,-5.159901305299e+01  ,-3.053909833582e+00  
  5.335841221228e-06  ,-5.416151637991e+01  ,-2.914223562711e+00  
  5.340718371287e-06  ,-5.746726336557e+01  ,-2.669593964351e+00  
  5.346581233159e-06  ,-5.965426572182e+01  ,-2.384960817919e+00  
  5.354210627690e-06  ,-5.947581895660e+01  ,-2.012699618796e+00  
  5.362161887303e-06  ,-5.567353481166e+01  ,-1.628338996229e+00  
  5.371977282181e-06  ,-4.625807861056e+01  ,-1.152072195327e+00  
  5.381800127640e-06  ,-3.246707279910e+01  ,-6.561152484088e-01  
  5.386241418734e-06  ,-2.513427283205e+01  ,-3.939602162461e-01  
  5.387624619022e-06  ,-2.274381000634e+01  ,-2.978152198713e-01  
  5.389062767342e-06  ,-2.021291673307e+01  ,-1.906495707981e-01  
  5.391939063981e-06  ,-1.503261891840e+01  ,4.590141045566e-02  
  5.397691657260e-06  ,-4.347310824093e+00  ,7.686251426920e-01  
  5.401790966704e-06  ,3.374111789082e+00  ,3.523931539549e+00  
  5.405063261703e-06  ,9.503826678271e+00  ,9.534284224358e+00  
  5.408377279952e-06  ,1.560914268863e+01  ,1.554551709947e+01  
  5.411366825417e-06  ,2.097348288479e+01  ,1.523579159950e+01  
  5.413431381300e-06  ,2.457292041860e+01  ,7.677735615774e+00  
  5.415641223505e-06  ,2.831077020447e+01  ,4.234964704047e+00  
  5.419354965404e-06  ,3.427628891403e+01  ,3.077582827168e+00  
  5.423292597249e-06  ,4.009074061742e+01  ,3.803688935327e+00  
  5.427612443879e-06  ,4.576172461257e+01  ,3.238057122816e+00  
  5.429886733606e-06  ,4.841521921616e+01  ,3.162655298171e+00  
  5.432199021295e-06  ,5.085969744554e+01  ,3.101346809256e+00  
  5.434286301449e-06  ,5.283625636916e+01  ,2.998282348549e+00  
  5.436937218025e-06  ,5.501817149307e+01  ,2.860436171485e+00  
  5.442239051178e-06  ,5.822540964600e+01  ,2.594436684792e+00  
  5.448496793821e-06  ,5.993310750566e+01  ,2.291951616031e+00  
  5.456679021433e-06  ,5.868400973731e+01  ,1.892335665416e+00  
  5.469245170668e-06  ,4.936360617535e+01  ,1.285925866060e+00  
  5.480012749746e-06  ,3.524766944155e+01  ,7.514452153357e-01  
  5.485748951748e-06  ,2.597413606992e+01  ,4.274180036068e-01  
  5.487403911963e-06  ,2.312823568690e+01  ,3.148673164544e-01  
  5.489401040092e-06  ,1.961142894674e+01  ,1.662017571108e-01  
  5.492149186745e-06  ,1.464885469393e+01  ,-6.978674340620e-02  
  5.497645480052e-06  ,4.434119431245e+00  ,-7.679771844088e-01  
  5.502131474629e-06  ,-4.014733145519e+00  ,-4.141210535345e+00  
  5.505084512249e-06  ,-9.543375201226e+00  ,-9.572560941329e+00  
  5.508701396599e-06  ,-1.619823246160e+01  ,-1.611960967849e+01  
  5.511487541214e-06  ,-2.118652079284e+01  ,-1.468061556012e+01  
  5.513532725587e-06  ,-2.474706953422e+01  ,-7.358478686357e+00  
  5.515682590619e-06  ,-2.837949549687e+01  ,-4.251239619070e+00  
  5.519389626995e-06  ,-3.432989347212e+01  ,-3.139559958236e+00  
  5.523282555357e-06  ,-4.007665579236e+01  ,-3.780043529257e+00  
  5.527603892103e-06  ,-4.575129740659e+01  ,-3.247914449962e+00  
  5.529875201598e-06  ,-4.840237666457e+01  ,-3.168166690020e+00  
  5.532187861815e-06  ,-5.084853440365e+01  ,-3.101245940445e+00  
  5.534279612318e-06  ,-5.283028053228e+01  ,-2.997731444475e+00  
  5.536920470610e-06  ,-5.500556954270e+01  ,-2.860936476934e+00  
  5.542202187195e-06  ,-5.820859583191e+01  ,-2.596412762137e+00  
  5.548462165013e-06  ,-5.992999065747e+01  ,-2.293528597270e+00  
  5.556644392624e-06  ,-5.869757096742e+01  ,-1.894081783187e+00  
  5.569110704079e-06  ,-4.950724335621e+01  ,-1.292397029238e+00  
  5.579820168629e-06  ,-3.554078670511e+01  ,-7.613159543564e-01  
  5.585542214528e-06  ,-2.632486869063e+01  ,-4.397466390742e-01  
  5.587175754324e-06  ,-2.352446965141e+01  ,-3.298425137412e-01  
  5.589323384181e-06  ,-1.974970840166e+01  ,-1.719620768017e-01  
  5.591900540009e-06  ,-1.510290780380e+01  ,4.685876317104e-02  
  5.597054851666e-06  ,-5.543556373349e+00  ,6.849319695533e-01  
  5.601145220414e-06  ,2.158223941993e+00  ,2.395244140879e+00  
  5.605652821675e-06  ,1.059939867065e+01  ,1.061913008713e+01  
  5.608653915539e-06  ,1.611203803331e+01  ,1.604163301096e+01  
  5.611534682527e-06  ,2.126963270093e+01  ,1.494163552461e+01  
  5.613551927224e-06  ,2.478003724048e+01  ,7.540577157723e+00  
  5.615695831791e-06  ,2.840148360900e+01  ,4.267614100406e+00  
  5.619374183431e-06  ,3.430601484391e+01  ,3.106298308817e+00  
  5.623245505109e-06  ,4.002465437430e+01  ,3.791666997678e+00  
  5.627540764824e-06  ,4.567422401954e+01  ,3.248463720282e+00  
  5.629840386525e-06  ,4.836356653494e+01  ,3.168311160805e+00  
  5.632145223632e-06  ,5.080582506356e+01  ,3.103699616940e+00  
  5.634267894045e-06  ,5.281980621182e+01  ,2.998796299217e+00  
  5.636852500454e-06  ,5.495426767901e+01  ,2.864581598017e+00  
  5.642021713272e-06  ,5.812515466316e+01  ,2.605261116878e+00  
  5.648304042831e-06  ,5.991485718213e+01  ,2.301268867524e+00  
  5.656498191372e-06  ,5.875405988173e+01  ,1.901173835512e+00  
  5.668530879036e-06  ,5.011646188175e+01  ,1.320533180545e+00  
  5.679018316284e-06  ,3.674713672913e+01  ,8.022596063229e-01  
  5.684706089512e-06  ,2.773188674027e+01  ,4.888503767140e-01  
  5.687471745029e-06  ,2.301020212720e+01  ,3.101713408970e-01  
  5.689372760668e-06  ,1.966179878976e+01  ,1.698407098247e-01  
  5.691590798512e-06  ,1.566723368477e+01  ,-1.906146857631e-02  
  5.696026874200e-06  ,7.469734110033e+00  ,-5.085002882592e-01  
  5.699506295338e-06  ,9.305740512108e-01  ,-1.306116930886e+00  
  5.703198803082e-06  ,-6.019458140935e+00  ,-6.106268240453e+00  
  5.704855067149e-06  ,-9.116142999036e+00  ,-9.153930068051e+00  
  5.706666117027e-06  ,-1.247368804168e+01  ,-1.246492707342e+01  
  5.709255938843e-06  ,-1.720219796846e+01  ,-1.709188638184e+01  
  5.711981361225e-06  ,-2.205480329480e+01  ,-1.263041088837e+01  
  5.713976626709e-06  ,-2.550688608798e+01  ,-6.301624951744e+00  
  5.716303815559e-06  ,-2.940573848904e+01  ,-4.032929310620e+00  
  5.719952364877e-06  ,-3.519443396388e+01  ,-3.321337780020e+00  
  5.723756631330e-06  ,-4.073722270462e+01  ,-3.680606212732e+00  
  5.728366305545e-06  ,-4.666784565330e+01  ,-3.231802384432e+00  
  5.730409999803e-06  ,-4.899123940004e+01  ,-3.154937143667e+00  
  5.731531312183e-06  ,-5.018082187851e+01  ,-3.114797115105e+00  
  5.733152372256e-06  ,-5.179013365482e+01  ,-3.044303313833e+00  
  5.736227226868e-06  ,-5.447060495489e+01  ,-2.894459180686e+00  
  5.741436672822e-06  ,-5.784183235490e+01  ,-2.634457171781e+00  
  5.747466427699e-06  ,-5.981004168391e+01  ,-2.341777724952e+00  
  5.755110723391e-06  ,-5.922829274673e+01  ,-1.968614885902e+00  
  5.764708561316e-06  ,-5.370754643424e+01  ,-1.505423960729e+00  
  5.774124605075e-06  ,-4.357699991219e+01  ,-1.046737214562e+00  
  5.783919138327e-06  ,-2.903869427927e+01  ,-5.321545094515e-01  
  5.788855893031e-06  ,-2.057964242973e+01  ,-2.221666845983e-01  
  5.789955226198e-06  ,-1.862126725758e+01  ,-1.319533344459e-01  
  5.791045618668e-06  ,-1.665687434885e+01  ,-3.510415561334e-02  
  5.793226403609e-06  ,-1.267178395150e+01  ,1.761320895573e-01  
  5.797587973490e-06  ,-4.542213039031e+00  ,8.056828711649e-01  
  5.801234660164e-06  ,2.326696054918e+00  ,2.552321428412e+00  
  5.804587048903e-06  ,8.616488466400e+00  ,8.661246069532e+00  
  5.807448444381e-06  ,1.391220854148e+01  ,1.388141811861e+01  
  5.810312820092e-06  ,1.910090765253e+01  ,1.804294327052e+01  
  5.812406060711e-06  ,2.279731355769e+01  ,1.012230398036e+01  
  5.814420697704e-06  ,2.626203007596e+01  ,4.922456151591e+00  
  5.818449971691e-06  ,3.286251083849e+01  ,3.652027416507e+00  
  5.822145087138e-06  ,3.845576349447e+01  ,3.695317688518e+00  
  5.826366586104e-06  ,4.420822770289e+01  ,3.439302438504e+00  
  5.828855080023e-06  ,4.724138355049e+01  ,3.277614596691e+00  
  5.831527975813e-06  ,5.017737402049e+01  ,3.126537329021e+00  
  5.832477738574e-06  ,5.113647237218e+01  ,3.078845201629e+00  
  5.834260289982e-06  ,5.281300552828e+01  ,2.990105405458e+00  
  5.837825392798e-06  ,5.566459078582e+01  ,2.813570271338e+00  
  5.844955598429e-06  ,5.924815000392e+01  ,2.462905600209e+00  
  5.851408546284e-06  ,5.994126562170e+01  ,2.149189471142e+00  
  5.858824854210e-06  ,5.770885515304e+01  ,1.789176983341e+00  
  5.869652037933e-06  ,4.892363597417e+01  ,1.265176616341e+00  
  5.879147057846e-06  ,3.655500254051e+01  ,7.947633655529e-01  
  5.884275292471e-06  ,2.844941722205e+01  ,5.123687096280e-01  
  5.886763413861e-06  ,2.423748816329e+01  ,3.550837374278e-01  
  5.888537769631e-06  ,2.114187763849e+01  ,2.299967261716e-01  
  5.890898486093e-06  ,1.692313236041e+01  ,4.161005009344e-02  
  5.895619919017e-06  ,8.230227502096e+00  ,-4.442096799535e-01  
  5.899073635653e-06  ,1.745909179711e+00  ,-1.154982467919e+00  
  5.902322461322e-06  ,-4.373853348189e+00  ,-4.498919822737e+00  
  5.904188459232e-06  ,-7.872296285190e+00  ,-7.929028211784e+00  
  5.906412085012e-06  ,-1.200491878085e+01  ,-1.200360538147e+01  
  5.909308498219e-06  ,-1.729708746069e+01  ,-1.718422011000e+01  
  5.912606497720e-06  ,-2.314633987038e+01  ,-9.468761429021e+00  
  5.914810006931e-06  ,-2.691985182800e+01  ,-4.372235120474e+00  
  5.917470236734e-06  ,-3.130206499545e+01  ,-3.066378194288e+00  
  5.921436180785e-06  ,-3.742060108561e+01  ,-3.214067898393e+00  
  5.925038909033e-06  ,-4.247823564568e+01  ,-3.607566010692e+00  
  5.927867894486e-06  ,-4.607166999829e+01  ,-3.410085551571e+00  
  5.930274432018e-06  ,-4.884326856573e+01  ,-3.220287451019e+00  
  5.931316954508e-06  ,-4.995818277224e+01  ,-3.150457017577e+00  
  5.932893497363e-06  ,-5.154204127353e+01  ,-3.060176322756e+00  
  5.935594332829e-06  ,-5.395964480836e+01  ,-2.921728461635e+00  
  5.940906596795e-06  ,-5.756825373233e+01  ,-2.662610421612e+00  
  5.946520609275e-06  ,-5.964190773788e+01  ,-2.386744522092e+00  
  5.954184276476e-06  ,-5.948234993084e+01  ,-2.014262897840e+00  
  5.961965662852e-06  ,-5.581038318349e+01  ,-1.637600571878e+00  
  5.971639496699e-06  ,-4.666097082648e+01  ,-1.168500015418e+00  
  5.980410320178e-06  ,-3.463848007425e+01  ,-7.285078079817e-01  
  5.984523040667e-06  ,-2.803739900183e+01  ,-4.959951818055e-01  
  5.985753690317e-06  ,-2.596608411902e+01  ,-4.175081719536e-01  
  5.987569210544e-06  ,-2.284042354388e+01  ,-2.954664306417e-01  
  5.990425390616e-06  ,-1.777678923691e+01  ,-8.191252048377e-02  
  5.996137750760e-06  ,-7.262317786412e+00  ,5.016656981101e-01  
  6.000443441287e-06  ,8.358400964086e-01  ,1.686485123272e+00  
  6.006230307236e-06  ,1.166901034823e+01  ,1.167424267005e+01  
  6.008253139868e-06  ,1.538308314789e+01  ,1.532890593243e+01  
  6.010737535968e-06  ,1.985810477167e+01  ,1.729076083302e+01  
  6.012347792700e-06  ,2.269567971640e+01  ,1.051015638004e+01  
  6.014089738443e-06  ,2.569970996177e+01  ,5.487606210612e+00  
  6.017573629931e-06  ,3.146816710907e+01  ,2.748632485866e+00  
  6.021025856450e-06  ,3.681292186309e+01  ,3.995615274712e+00  
  6.025015642360e-06  ,4.244725089962e+01  ,3.369963995486e+00  
  6.027741809800e-06  ,4.591905751294e+01  ,3.262541246487e+00  
  6.030101408675e-06  ,4.865312878645e+01  ,3.182985305387e+00  
  6.031161067501e-06  ,4.979484979346e+01  ,3.140057800200e+00  
  6.032740590587e-06  ,5.139390073976e+01  ,3.066761046265e+00  
  6.035336745396e-06  ,5.374556501547e+01  ,2.938177402436e+00  
  6.040319693699e-06  ,5.724672608496e+01  ,2.689700728428e+00  
  6.045846534386e-06  ,5.948993450188e+01  ,2.420524361836e+00  
  6.053465498105e-06  ,5.964475881351e+01  ,2.048565783038e+00  
  6.060993564740e-06  ,5.645695393537e+01  ,1.684976098971e+00  
  6.070634616032e-06  ,4.782829711306e+01  ,1.217574050912e+00  
  6.079344344750e-06  ,3.625941192143e+01  ,7.838697441112e-01  
  6.084003937855e-06  ,2.889871567869e+01  ,5.268371873705e-01  
  6.085348395124e-06  ,2.665267778601e+01  ,4.429113822245e-01  
  6.087394324556e-06  ,2.314490988486e+01  ,3.075499425141e-01  
  6.089608637109e-06  ,1.924119658170e+01  ,1.484364526326e-01  
  6.094037262216e-06  ,1.117387766606e+01  ,-2.470832484783e-01  
  6.098237154499e-06  ,3.321187141369e+00  ,-9.087850279527e-01  
  6.101778415456e-06  ,-3.350490420619e+00  ,-3.507190420533e+00  
  6.104137641802e-06  ,-7.777325761338e+00  ,-7.834743358469e+00  
  6.107107815757e-06  ,-1.328685255267e+01  ,-1.326652066300e+01  
  6.109911841765e-06  ,-1.838290754883e+01  ,-1.817836609223e+01  
  6.111991298810e-06  ,-2.207222273957e+01  ,-1.184541238066e+01  
  6.114179534331e-06  ,-2.585255588150e+01  ,-5.428845574612e+00  
  6.116880742326e-06  ,-3.034878017199e+01  ,-3.147474095685e+00  
  6.120825824752e-06  ,-3.651445612363e+01  ,-3.966111739437e+00  
  6.124581662431e-06  ,-4.186517148538e+01  ,-3.415604897385e+00  
  6.127462056890e-06  ,-4.557787630906e+01  ,-3.285923430955e+00  
  6.129788128152e-06  ,-4.830520288853e+01  ,-3.200369711683e+00  
  6.131050815299e-06  ,-4.967861012014e+01  ,-3.146935022003e+00  
  6.132583958521e-06  ,-5.124092142999e+01  ,-3.074530109962e+00  
  6.135082510725e-06  ,-5.353082047754e+01  ,-2.950480661662e+00  
  6.139502195135e-06  ,-5.676646167798e+01  ,-2.730146648755e+00  
  6.145113972440e-06  ,-5.929452777306e+01  ,-2.455983189042e+00  
  6.152567533270e-06  ,-5.980491778533e+01  ,-2.092305837857e+00  
  6.160192457452e-06  ,-5.695024537971e+01  ,-1.723578312159e+00  
  6.170124081388e-06  ,-4.840317534820e+01  ,-1.242370619197e+00  
  6.179087129846e-06  ,-3.664451380058e+01  ,-7.973398919209e-01  
  6.183909145609e-06  ,-2.905517570770e+01  ,-5.326452427085e-01  
  6.186426324263e-06  ,-2.481736684325e+01  ,-3.760709256468e-01  
  6.188178142026e-06  ,-2.177491942547e+01  ,-2.551629700288e-01  
  6.190500860527e-06  ,-1.764086915821e+01  ,-7.478094383705e-02  
  6.195146297529e-06  ,-9.113600497082e+00  ,3.810349147965e-01  
  6.198675265029e-06  ,-2.496345817756e+00  ,1.036277348476e+00  
  6.201927815989e-06  ,3.631626435668e+00  ,3.780191857763e+00  
  6.203886201099e-06  ,7.307131976742e+00  ,7.372911496031e+00  
  6.206421633676e-06  ,1.202255309718e+01  ,1.202128718456e+01  
  6.209193249658e-06  ,1.708895904107e+01  ,1.698406582994e+01  
  6.212045331910e-06  ,2.216689886957e+01  ,1.258740186396e+01  
  6.214099456981e-06  ,2.571626224533e+01  ,6.184226274514e+00  
  6.216462036088e-06  ,2.966533945613e+01  ,4.000074388872e+00  
  6.220085253432e-06  ,3.539699665877e+01  ,3.336860645240e+00  
  6.223841836169e-06  ,4.085499148829e+01  ,3.666328693234e+00  
  6.227807035163e-06  ,4.599809617834e+01  ,3.407693999656e+00  
  6.230090638116e-06  ,4.864124515701e+01  ,3.229426946314e+00  
  6.231298190966e-06  ,4.993858633998e+01  ,3.149849958655e+00  
  6.232982022181e-06  ,5.162726329910e+01  ,3.055063296649e+00  
  6.235508514062e-06  ,5.388871303816e+01  ,2.926305487171e+00  
  6.240431857720e-06  ,5.730968144983e+01  ,2.685783074430e+00  
  6.246209037915e-06  ,5.957498282015e+01  ,2.401904292617e+00  
  6.253875685349e-06  ,5.955579706978e+01  ,2.029253158629e+00  
  6.261341167107e-06  ,5.623177054153e+01  ,1.667792042575e+00  
  6.270864499226e-06  ,4.756541511063e+01  ,1.206279438754e+00  
  6.279474390164e-06  ,3.606380535587e+01  ,7.770532003481e-01  
  6.284066182986e-06  ,2.879583704359e+01  ,5.241280666462e-01  
  6.285337624565e-06  ,2.667086529271e+01  ,4.439563739396e-01  
  6.287701693788e-06  ,2.260930328973e+01  ,2.867200099136e-01  
  6.289837775245e-06  ,1.883159781854e+01  ,1.308980402565e-01  
  6.294109938160e-06  ,1.103925426154e+01  ,-2.675473200224e-01  
  6.298300889745e-06  ,3.201226645093e+00  ,-9.301517920696e-01  
  6.301795212045e-06  ,-3.382101374754e+00  ,-3.537863861399e+00  
  6.304094833747e-06  ,-7.697308222526e+00  ,-7.756060435528e+00  
  6.307003912941e-06  ,-1.309579247297e+01  ,-1.307840447597e+01  
  6.309812781826e-06  ,-1.820507500831e+01  ,-1.802726271175e+01  
  6.311961156741e-06  ,-2.201938052631e+01  ,-1.207726843834e+01  
  6.314290208235e-06  ,-2.604065610075e+01  ,-5.277870577306e+00  
  6.316778329626e-06  ,-3.018209581958e+01  ,-3.231198854173e+00  
  6.320856032386e-06  ,-3.655962142742e+01  ,-3.951383685242e+00  
  6.324534384027e-06  ,-4.180128688896e+01  ,-3.424632149684e+00  
  6.327430797234e-06  ,-4.553953348685e+01  ,-3.290149427028e+00  
  6.329755378380e-06  ,-4.826856063146e+01  ,-3.202631480028e+00  
  6.331632179633e-06  ,-5.028479945718e+01  ,-3.119767990152e+00  
  6.333700460806e-06  ,-5.230406999302e+01  ,-3.019273714909e+00  
  6.336099175230e-06  ,-5.436895507744e+01  ,-2.899564236556e+00  
  6.340896604076e-06  ,-5.756294281277e+01  ,-2.661672325411e+00  
  6.347396490589e-06  ,-5.979941558982e+01  ,-2.344604356020e+00  
  6.355225560680e-06  ,-5.919330158594e+01  ,-1.963411603728e+00  
  6.364599881187e-06  ,-5.379856136559e+01  ,-1.510434701173e+00  
  6.373960790649e-06  ,-4.378867787901e+01  ,-1.054742415943e+00  
  6.383794066921e-06  ,-2.924477324548e+01  ,-5.394478740797e-01  
  6.388751683250e-06  ,-2.076404665372e+01  ,-2.295812250348e-01  
  6.389857908204e-06  ,-1.879556194787e+01  ,-1.394800384680e-01  
  6.390955192462e-06  ,-1.682055636668e+01  ,-4.277016824933e-02  
  6.393149760976e-06  ,-1.281295637104e+01  ,1.679878828484e-01  
  6.397538898006e-06  ,-4.634447257066e+00  ,7.947942275417e-01  
  6.401178506628e-06  ,2.220925181709e+00  ,2.460330668548e+00  
  6.404676554218e-06  ,8.783418947708e+00  ,8.825726128405e+00  
  6.407570732251e-06  ,1.413633045526e+01  ,1.410185234430e+01  
  6.410477576271e-06  ,1.939505138846e+01  ,1.766751600611e+01  
  6.412555543199e-06  ,2.305769785688e+01  ,9.632848712522e+00  
  6.414570925251e-06  ,2.651634272355e+01  ,4.856893787759e+00  
  6.418188927189e-06  ,3.244972117179e+01  ,2.836784329572e+00  
  6.421895963565e-06  ,3.809413460085e+01  ,3.950624279025e+00  
  6.425914806738e-06  ,4.362803277369e+01  ,3.315547485187e+00  
  6.428706539288e-06  ,4.706825483659e+01  ,3.211013706585e+00  
  6.431461763993e-06  ,5.010883569344e+01  ,3.145649253196e+00  
  6.432300326839e-06  ,5.096074920667e+01  ,3.099813707368e+00  
  6.433977452531e-06  ,5.255791261170e+01  ,3.008425522041e+00  
  6.437331703916e-06  ,5.531059881562e+01  ,2.836661259166e+00  
  6.444040206686e-06  ,5.895138924360e+01  ,2.506244371174e+00  
  6.450426099315e-06  ,5.999462428560e+01  ,2.195852746080e+00  
  6.457928833976e-06  ,5.814820484801e+01  ,1.833450703665e+00  
  6.469822940841e-06  ,4.873644023038e+01  ,1.257032773048e+00  
  6.479925928131e-06  ,3.537997626800e+01  ,7.552095561505e-01  
  6.484788177028e-06  ,2.759458254525e+01  ,4.824343451264e-01  
  6.486212728038e-06  ,2.518336951706e+01  ,3.902048957561e-01  
  6.488441196695e-06  ,2.131214050881e+01  ,2.355795638493e-01  
  6.490987432614e-06  ,1.676221342022e+01  ,3.863237511857e-02  
  6.496079904452e-06  ,7.370541788614e+00  ,-5.024398226833e-01  
  6.499738884583e-06  ,4.921854451920e-01  ,-1.380191350412e+00  
  6.503755492583e-06  ,-7.062525253121e+00  ,-7.130244484570e+00  
  6.505877045408e-06  ,-1.101513679623e+01  ,-1.102600342056e+01  
  6.507797060028e-06  ,-1.455057761839e+01  ,-1.450815372396e+01  
  6.510219616309e-06  ,-1.893428124490e+01  ,-1.817656233035e+01  
  6.511851852253e-06  ,-2.182759300164e+01  ,-1.186107924306e+01  
  6.513472167268e-06  ,-2.464303671140e+01  ,-6.259820548723e+00  
  6.516712797299e-06  ,-3.007527300981e+01  ,-3.674607343838e+00  
  6.520581138745e-06  ,-3.614740246311e+01  ,-3.293765023880e+00  
  6.524611157790e-06  ,-4.190498009767e+01  ,-3.642091875793e+00  
  6.527628270403e-06  ,-4.578101322527e+01  ,-3.417886321490e+00  
  6.530008358374e-06  ,-4.855027864209e+01  ,-3.231075519827e+00  
  6.531133954838e-06  ,-4.976632005864e+01  ,-3.157585489121e+00  
  6.532728379086e-06  ,-5.138201869813e+01  ,-3.067962142658e+00  
  6.535244067624e-06  ,-5.366767922481e+01  ,-2.939521726976e+00  
  6.540079494432e-06  ,-5.710951715832e+01  ,-2.703033992885e+00  
  6.545628686860e-06  ,-5.943511220449e+01  ,-2.430247069181e+00  
  6.553225298837e-06  ,-5.969225619695e+01  ,-2.060766500443e+00  
  6.560760816053e-06  ,-5.660397133009e+01  ,-1.695858770601e+00  
  6.570470412686e-06  ,-4.801454467628e+01  ,-1.225469004665e+00  
  6.579239746049e-06  ,-3.641630404816e+01  ,-7.893144931817e-01  
  6.583944042638e-06  ,-2.899760605882e+01  ,-5.303737045987e-01  
  6.585356113926e-06  ,-2.663964169677e+01  ,-4.424505493361e-01  
  6.587329027668e-06  ,-2.325841680526e+01  ,-3.120177082547e-01  
  6.589538497344e-06  ,-1.936637746958e+01  ,-1.510577668908e-01  
  6.593957436696e-06  ,-1.132167764617e+01  ,2.396700703169e-01  
  6.598215443507e-06  ,-3.362047877784e+00  ,9.026574678172e-01  
  6.601784271613e-06  ,3.361511734390e+00  ,3.517457827097e+00  
  6.604166222230e-06  ,7.830740955302e+00  ,7.887236041821e+00  
  6.607164335862e-06  ,1.339072434684e+01  ,1.336872002259e+01  
  6.609987360850e-06  ,1.851836000605e+01  ,1.827993324092e+01  
  6.612026957288e-06  ,2.213471023823e+01  ,1.162389660614e+01  
  6.614134354010e-06  ,2.577567791425e+01  ,5.484413132538e+00  
  6.617071372882e-06  ,3.065820775019e+01  ,3.040799554256e+00  
  6.620938969269e-06  ,3.668345607611e+01  ,3.980945816050e+00  
  6.624764842406e-06  ,4.211181865417e+01  ,3.396031161083e+00  
  6.627571103588e-06  ,4.571128767752e+01  ,3.276080601469e+00  
  6.629900900140e-06  ,4.843098699263e+01  ,3.193661719600e+00  
  6.631003586069e-06  ,4.962863358928e+01  ,3.148278071749e+00  
  6.632597265258e-06  ,5.125396612382e+01  ,3.073883101671e+00  
  6.635063779965e-06  ,5.351486392560e+01  ,2.951590445565e+00  
  6.639739019290e-06  ,5.690945780285e+01  ,2.718342092425e+00  
  6.645161551848e-06  ,5.930817410611e+01  ,2.453792478086e+00  
  6.652720910922e-06  ,5.978092884943e+01  ,2.084765716316e+00  
  6.660307092085e-06  ,5.688186214652e+01  ,1.718099457779e+00  
  6.670194012538e-06  ,4.832516332963e+01  ,1.238988590188e+00  
  6.679113847628e-06  ,3.660462289987e+01  ,7.959305627224e-01  
  6.683910531417e-06  ,2.905289020490e+01  ,5.325063159396e-01  
  6.686385614291e-06  ,2.488721113811e+01  ,3.785786491841e-01  
  6.688156244770e-06  ,2.181337555978e+01  ,2.566303372292e-01  
  6.690478590742e-06  ,1.768098702653e+01  ,7.661074796941e-02  
  6.695123282686e-06  ,9.156476703440e+00  ,-3.780218836164e-01  
  6.698665288702e-06  ,2.515134345912e+00  ,-1.033193692664e+00  
  6.701920819893e-06  ,-3.618463197574e+00  ,-3.767478445416e+00  
  6.703887400642e-06  ,-7.309376227198e+00  ,-7.375107474970e+00  
  6.706431401387e-06  ,-1.204059082665e+01  ,-1.203906492925e+01  
  6.709198174492e-06  ,-1.709785744427e+01  ,-1.699260836636e+01  
  6.712052491918e-06  ,-2.217943975998e+01  ,-1.255949223708e+01  
  6.714108107105e-06  ,-2.573099282727e+01  ,-6.167797479749e+00  
  6.716475901619e-06  ,-2.968805454346e+01  ,-3.996468408433e+00  
  6.720098373905e-06  ,-3.541696285546e+01  ,-3.339343929772e+00  
  6.723850486293e-06  ,-4.086693119933e+01  ,-3.664632992544e+00  
  6.727793333545e-06  ,-4.598150887178e+01  ,-3.407667256426e+00  
  6.730076191440e-06  ,-4.862529676303e+01  ,-3.229942030052e+00  
  6.731283744290e-06  ,-4.992348657056e+01  ,-3.150506624544e+00  
  6.732967575505e-06  ,-5.161338286533e+01  ,-3.055790349196e+00  
  6.735485871747e-06  ,-5.386993316165e+01  ,-2.927454347797e+00  
  6.740389843896e-06  ,-5.728618326258e+01  ,-2.687836329169e+00  
  6.746154358104e-06  ,-5.956264875644e+01  ,-2.404575179001e+00  
  6.753816535190e-06  ,-5.956923620455e+01  ,-2.032119269084e+00  
  6.761286487296e-06  ,-5.626763830845e+01  ,-1.670436860303e+00  
  6.770824720576e-06  ,-4.761108171233e+01  ,-1.208217673835e+00  
  6.779446532443e-06  ,-3.610575805390e+01  ,-7.785052826342e-01  
  6.784048011020e-06  ,-2.882588303346e+01  ,-5.251982153306e-01  
  6.785333422437e-06  ,-2.667796030991e+01  ,-4.442097941588e-01  
  6.787450132385e-06  ,-2.304782077919e+01  ,-3.037442915826e-01  
  6.789670032874e-06  ,-1.913154471735e+01  ,-1.437334496412e-01  
  6.794109833851e-06  ,-1.103944752115e+01  ,2.662080475279e-01  
  6.798257572070e-06  ,-3.282759251505e+00  ,9.190897009335e-01  
  6.801776853815e-06  ,3.347551384438e+00  ,3.504653463766e+00  
  6.804100317374e-06  ,7.707559091521e+00  ,7.766128895319e+00  
  6.807034728542e-06  ,1.315247190939e+01  ,1.313421902203e+01  
  6.809826461092e-06  ,1.822964257708e+01  ,1.804873157846e+01  
  6.811958817258e-06  ,2.201527834172e+01  ,1.206300963151e+01  
  6.814259556547e-06  ,2.598859223214e+01  ,5.319420066610e+00  
  6.816768912092e-06  ,3.016675236443e+01  ,3.226863002765e+00  
  6.820818302646e-06  ,3.650320424142e+01  ,3.952880019432e+00  
  6.824509320274e-06  ,4.176738226552e+01  ,3.425933570144e+00  
  6.827439261094e-06  ,4.554991952087e+01  ,3.289715824978e+00  
  6.829770175233e-06  ,4.828512249931e+01  ,3.201893954948e+00  
  6.831652191892e-06  ,5.030536877583e+01  ,3.118766193311e+00  
  6.833722708240e-06  ,5.232460467395e+01  ,3.018155287104e+00  
  6.836128500715e-06  ,5.439231195475e+01  ,2.898102646098e+00  
  6.840940085664e-06  ,5.758601099092e+01  ,2.659537044905e+00  
  6.847462323919e-06  ,5.980942613789e+01  ,2.341398063615e+00  
  6.855292884126e-06  ,5.917242973137e+01  ,1.960148426623e+00  
  6.864798334852e-06  ,5.363189272969e+01  ,1.500834442532e+00  
  6.874168185011e-06  ,4.352049213301e+01  ,1.044524175190e+00  
  6.883888212457e-06  ,2.908969238641e+01  ,5.338153083458e-01  
  6.888784734026e-06  ,2.070558571998e+01  ,2.269015912057e-01  
  6.889950563624e-06  ,1.862962182131e+01  ,1.319115923478e-01  
  6.891033319250e-06  ,1.667914566379e+01  ,3.608589089240e-02  
  6.893198830500e-06  ,1.272258093046e+01  ,-1.731970832049e-01  
  6.897529853001e-06  ,4.651445566460e+00  ,-7.939341835279e-01  
  6.901147854939e-06  ,-2.163186684085e+00  ,-2.412206215674e+00  
  6.904668254271e-06  ,-8.767942163544e+00  ,-8.810540340912e+00  
  6.907548648730e-06  ,-1.409587243591e+01  ,-1.406209297030e+01  
  6.910441709176e-06  ,-1.933106085128e+01  ,-1.775622399545e+01  
  6.912519676104e-06  ,-2.299526693537e+01  ,-9.744166020974e+00  
  6.914529097691e-06  ,-2.644559404251e+01  ,-4.907142418022e+00  
  6.918141139165e-06  ,-3.237391681852e+01  ,-2.831974935054e+00  
  6.921840352431e-06  ,-3.801308987143e+01  ,-3.954822959859e+00  
  6.925855470315e-06  ,-4.355117486087e+01  ,-3.318681916356e+00  
  6.928654653445e-06  ,-4.700753857878e+01  ,-3.213539930421e+00  
  6.931451228872e-06  ,-5.009791039534e+01  ,-3.146655002948e+00  
  6.932355822489e-06  ,-5.101588706446e+01  ,-3.097232495987e+00  
  6.934148804709e-06  ,-5.271295300207e+01  ,-2.999712538758e+00  
  6.937500448391e-06  ,-5.543309538799e+01  ,-2.828354333583e+00  
  6.944203735754e-06  ,-5.900798789544e+01  ,-2.498310788001e+00  
  6.950691701338e-06  ,-5.998583419885e+01  ,-2.182951019361e+00  
  6.958212317392e-06  ,-5.801416972214e+01  ,-1.819727966360e+00  
  6.969680251047e-06  ,-4.889283024354e+01  ,-1.263976107199e+00  
  6.979562701151e-06  ,-3.593062985076e+01  ,-7.737340876532e-01  
  6.984869004652e-06  ,-2.745920639964e+01  ,-4.783280803459e-01  
  6.986343847081e-06  ,-2.495882697996e+01  ,-3.824450497200e-01  
  6.988707543775e-06  ,-2.084208659795e+01  ,-2.167762820029e-01  
  6.991031007335e-06  ,-1.668333171309e+01  ,-3.458485337144e-02  
  6.995677934453e-06  ,-8.121891068847e+00  ,4.511375061802e-01  
  6.999184550211e-06  ,-1.536918517259e+00  ,1.189321061003e+00  
  7.002536566421e-06  ,4.776256226724e+00  ,4.890453426229e+00  
  7.004440562293e-06  ,8.343139527491e+00  ,8.392517035436e+00  
  7.006534920499e-06  ,1.223168634675e+01  ,1.222652122190e+01  
  7.009354220197e-06  ,1.737959452426e+01  ,1.726243351438e+01  
  7.012220086023e-06  ,2.247266211848e+01  ,1.191268323974e+01  
  7.014318914577e-06  ,2.608939377699e+01  ,5.787933675487e+00  
  7.016831622884e-06  ,3.026887369290e+01  ,3.915362172953e+00  
  7.020463780925e-06  ,3.597059466005e+01  ,3.391128923492e+00  
  7.024149210617e-06  ,4.127740070213e+01  ,3.622942295297e+00  
  7.027508304879e-06  ,4.563452305594e+01  ,3.406590432109e+00  
  7.029909254476e-06  ,4.844028112232e+01  ,3.232328827507e+00  
  7.031108611688e-06  ,4.973961967356e+01  ,3.157285025140e+00  
  7.032763571903e-06  ,5.141624151814e+01  ,3.066105497634e+00  
  7.035188735887e-06  ,5.362096186102e+01  ,2.942731940024e+00  
  7.039896757767e-06  ,5.700295405280e+01  ,2.711838253133e+00  
  7.045480222866e-06  ,5.939615533806e+01  ,2.437576764357e+00  
  7.053082795307e-06  ,5.971882876457e+01  ,2.067639158608e+00  
  7.060612352058e-06  ,5.669616928106e+01  ,1.703070949209e+00  
  7.070369632408e-06  ,4.812822221566e+01  ,1.230380917800e+00  
  7.079179198906e-06  ,3.650694175083e+01  ,7.924698922156e-01  
  7.083911062643e-06  ,2.905201408088e+01  ,5.323254426008e-01  
  7.086290405557e-06  ,2.505039741523e+01  ,3.844287749092e-01  
  7.088105925784e-06  ,2.190170701380e+01  ,2.599975335441e-01  
  7.090427154168e-06  ,1.777361424508e+01  ,8.082487407517e-02  
  7.095069610938e-06  ,9.256447489908e+00  ,-3.710421643531e-01  
  7.098844820127e-06  ,2.176984825647e+00  ,-1.077679555569e+00  
  7.102094390854e-06  ,-3.944985826144e+00  ,-4.082311088675e+00  
  7.104001366958e-06  ,-7.522550344382e+00  ,-7.584635784896e+00  
  7.106474587187e-06  ,-1.212032709448e+01  ,-1.211745447317e+01  
  7.109478661284e-06  ,-1.760397113708e+01  ,-1.747507567147e+01  
  7.112071835861e-06  ,-2.221331543055e+01  ,-1.222105957049e+01  
  7.114426219329e-06  ,-2.627138774699e+01  ,-5.404222510968e+00  
  7.116787680849e-06  ,-3.019732862523e+01  ,-3.970928444871e+00  
  7.120387801394e-06  ,-3.585586525388e+01  ,-3.475688045398e+00  
  7.124050134286e-06  ,-4.114166357689e+01  ,-3.603447268508e+00  
  7.127541103825e-06  ,-4.567463839333e+01  ,-3.388214947955e+00  
  7.129969248042e-06  ,-4.850692541019e+01  ,-3.223957081274e+00  
  7.131180712447e-06  ,-4.981549893307e+01  ,-3.151670686389e+00  
  7.132843309507e-06  ,-5.149354877510e+01  ,-3.061994388091e+00  
  7.135294923052e-06  ,-5.371047416309e+01  ,-2.937774184595e+00  
  7.140091606840e-06  ,-5.711651404946e+01  ,-2.702093521449e+00  
  7.145746597514e-06  ,-5.946513072375e+01  ,-2.424670304030e+00  
  7.153373011813e-06  ,-5.966344945319e+01  ,-2.053498170872e+00  
  7.160877236590e-06  ,-5.653081126038e+01  ,-1.690303968488e+00  
  7.170540639624e-06  ,-4.793504589331e+01  ,-1.222070872648e+00  
  7.179269739851e-06  ,-3.637135518217e+01  ,-7.877330973793e-01  
  7.183948704466e-06  ,-2.898991279763e+01  ,-5.300479932614e-01  
  7.185338796541e-06  ,-2.666888640448e+01  ,-4.434796547829e-01  
  7.187331826851e-06  ,-2.325355293231e+01  ,-3.117960485432e-01  
  7.189539806411e-06  ,-1.936404199122e+01  ,-1.536540515737e-01  
  7.193955765530e-06  ,-1.132477111430e+01  ,2.380850386172e-01  
  7.198216752574e-06  ,-3.359584218602e+00  ,9.025933628619e-01  
  7.201785208151e-06  ,3.363274292740e+00  ,3.519149532129e+00  
  7.204168276355e-06  ,7.834579755663e+00  ,7.891021343598e+00  
  7.207167135045e-06  ,1.339586754879e+01  ,1.337379331235e+01  
  7.209990532562e-06  ,1.852404657342e+01  ,1.828406809697e+01  
  7.212028638884e-06  ,2.213765636211e+01  ,1.161700116132e+01  
  7.214133427903e-06  ,2.577410152441e+01  ,5.485829554796e+00  
  7.217079014942e-06  ,3.067058933493e+01  ,3.036757319636e+00  
  7.220943631098e-06  ,3.669040935653e+01  ,3.071738530358e+00  
  7.224756838247e-06  ,4.210107033733e+01  ,3.688950205548e+00  
  7.227642820641e-06  ,4.579873637798e+01  ,3.457616776798e+00  
  7.229982302949e-06  ,4.852140472956e+01  ,3.246009592026e+00  
  7.231080704793e-06  ,4.971018176905e+01  ,3.165879004165e+00  
  7.232664884493e-06  ,5.132011531138e+01  ,3.071677431001e+00  
  7.235179455444e-06  ,5.361311038171e+01  ,2.941806491695e+00  
  7.239973904058e-06  ,5.704817135222e+01  ,2.708701708336e+00  
  7.245458276436e-06  ,5.939028696727e+01  ,2.438337330869e+00  
  7.253041477367e-06  ,5.972630949634e+01  ,2.069843523955e+00  
  7.260596366093e-06  ,5.670602324391e+01  ,1.703714188043e+00  
  7.270367057487e-06  ,4.813112034348e+01  ,1.230472961766e+00  
  7.279190035030e-06  ,3.649073001289e+01  ,7.919225467819e-01  
  7.283927114174e-06  ,2.902553731263e+01  ,5.314209631241e-01  
  7.286295281216e-06  ,2.504204604272e+01  ,3.841250797725e-01  
  7.288117693231e-06  ,2.188105498021e+01  ,2.591719234230e-01  
  7.290441156790e-06  ,1.774840284756e+01  ,7.968178011342e-02  
  7.295088083908e-06  ,9.222042076650e+00  ,-3.733746469639e-01  
  7.298854352400e-06  ,2.159028648276e+00  ,-1.080639854832e+00  
  7.302102805540e-06  ,-3.960812675434e+00  ,-4.097583743062e+00  
  7.304008291528e-06  ,-7.535499679314e+00  ,-7.597383585544e+00  
  7.306471453473e-06  ,-1.211454189822e+01  ,-1.211174854237e+01  
  7.309489311144e-06  ,-1.762316118344e+01  ,-1.749318839119e+01  
  7.312075407669e-06  ,-2.221956958761e+01  ,-1.220044073522e+01  
  7.314435006544e-06  ,-2.628627808446e+01  ,-5.385625168988e+00  
  7.316802056000e-06  ,-3.022074014267e+01  ,-3.968381117520e+00  
  7.320402921602e-06  ,-3.587871313407e+01  ,-3.478438646485e+00  
  7.324063391849e-06  ,-4.115984990793e+01  ,-3.601568182539e+00  
  7.327530892059e-06  ,-4.566215390744e+01  ,-3.387940038200e+00  
  7.329953448340e-06  ,-4.848939090174e+01  ,-3.224544939332e+00  
  7.331163981423e-06  ,-4.979791386513e+01  ,-3.152446580108e+00  
  7.332826205954e-06  ,-5.147699373211e+01  ,-3.062854892499e+00  
  7.335269996390e-06  ,-5.368951545368e+01  ,-2.939034411896e+00  
  7.340043583378e-06  ,-5.708872407068e+01  ,-2.704447119711e+00  
  7.345683672890e-06  ,-5.944921243921e+01  ,-2.427742304459e+00  
  7.353305616841e-06  ,-5.967675212283e+01  ,-2.056766650376e+00  
  7.360815802082e-06  ,-5.656951174461e+01  ,-1.693274513426e+00  
  7.370498576626e-06  ,-4.798269038659e+01  ,-1.224117916974e+00  
  7.379245558247e-06  ,-3.640759638304e+01  ,-7.889956024298e-01  
  7.383937188849e-06  ,-2.900891551104e+01  ,-5.307362952375e-01  
  7.385344044730e-06  ,-2.666002436624e+01  ,-4.431661985115e-01  
  7.387320311233e-06  ,-2.327356136757e+01  ,-3.125898331878e-01  
  7.389527918264e-06  ,-1.938525017575e+01  ,-1.518671495338e-01  
  7.393943132326e-06  ,-1.134815523350e+01  ,2.381049130432e-01  
  7.398212315008e-06  ,-3.367935677642e+00  ,9.016823869372e-01  
  7.401785985991e-06  ,3.364738181461e+00  ,3.520498013808e+00  
  7.404171661898e-06  ,7.840906673498e+00  ,7.897228438301e+00  
  7.407174618408e-06  ,1.340961692561e+01  ,1.338730821625e+01  
  7.410000996158e-06  ,1.854280546431e+01  ,1.829589718590e+01  
  7.412034259602e-06  ,2.214750330333e+01  ,1.158244147471e+01  
  7.414129735395e-06  ,2.576781603952e+01  ,5.487914346304e+00  
  7.417114065453e-06  ,3.072735513923e+01  ,3.018968050214e+00  
  7.420967505738e-06  ,3.672600688148e+01  ,3.070057706462e+00  
  7.424791888759e-06  ,4.214811791552e+01  ,3.688026783537e+00  
  7.427673773333e-06  ,4.583640696646e+01  ,3.456026406273e+00  
  7.430018098518e-06  ,4.856106405209e+01  ,3.244016746606e+00  
  7.431109608576e-06  ,4.974067054474e+01  ,3.164417834008e+00  
  7.432690808043e-06  ,5.134541388476e+01  ,3.070385730495e+00  
  7.435228475794e-06  ,5.365453122721e+01  ,2.939337314200e+00  
  7.440078058705e-06  ,5.710868724373e+01  ,2.703598184336e+00  
  7.445582547650e-06  ,5.942314373553e+01  ,2.432270624125e+00  
  7.453176179394e-06  ,5.970155062232e+01  ,2.063309174148e+00  
  7.460720637307e-06  ,5.662904443510e+01  ,1.697705761295e+00  
  7.470446625218e-06  ,4.804141976128e+01  ,1.226602282459e+00  
  7.479230859742e-06  ,3.642961490701e+01  ,7.897853341392e-01  
  7.483944097027e-06  ,2.899751630563e+01  ,5.303922212509e-01  
  7.485363060102e-06  ,2.662790913559e+01  ,4.420381111824e-01  
  7.487330013379e-06  ,2.325670404858e+01  ,3.119633291800e-01  
  7.489540600643e-06  ,1.936262500318e+01  ,1.508976552150e-01  
  7.493961775169e-06  ,1.131364661998e+01  ,-2.401350602230e-01  
  7.498216056690e-06  ,3.360893870800e+00  ,-9.028711036275e-01  
  7.501783767208e-06  ,-3.360562447595e+00  ,-3.516562087580e+00  
  7.504164600238e-06  ,-7.827709714147e+00  ,-7.884256128442e+00  
  7.507161596283e-06  ,-1.338569056186e+01  ,-1.336376743898e+01  
  7.509983503684e-06  ,-1.851144424053e+01  ,-1.827523884164e+01  
  7.512024962768e-06  ,-2.213121579679e+01  ,-1.163546313601e+01  
  7.514135712251e-06  ,-2.577798982870e+01  ,-5.483409592505e+00  
  7.517059692606e-06  ,-3.063928007895e+01  ,-3.046873663432e+00  
  7.520931014284e-06  ,-3.667158912028e+01  ,-3.980171356748e+00  
  7.524752417073e-06  ,-4.209513225915e+01  ,-3.397290534099e+00  
  7.527560913429e-06  ,-4.569884339647e+01  ,-3.276864075653e+00  
  7.529889219865e-06  ,-4.841798719050e+01  ,-3.194310404919e+00  
  7.530994513497e-06  ,-4.961902075705e+01  ,-3.148769832814e+00  
  7.532589682803e-06  ,-5.124653408324e+01  ,-3.074269738158e+00  
  7.535048746929e-06  ,-5.350204402354e+01  ,-2.952332915588e+00  
  7.539707594976e-06  ,-5.689066467312e+01  ,-2.719895872415e+00  
  7.545123422012e-06  ,-5.929724856504e+01  ,-2.455647312908e+00  
  7.552679800853e-06  ,-5.978749482288e+01  ,-2.086765358138e+00  
  7.560268962249e-06  ,-5.690468974360e+01  ,-1.719940172269e+00  
  7.570172273979e-06  ,-4.834943888126e+01  ,-1.240044452704e+00  
  7.579105520114e-06  ,-3.661705903612e+01  ,-7.963704206771e-01  
  7.583910399541e-06  ,-2.905310769866e+01  ,-5.325328518447e-01  
  7.586398148403e-06  ,-2.486571125022e+01  ,-3.778070662025e-01  
  7.588163004681e-06  ,-2.180150485006e+01  ,-2.561772366169e-01  
  7.590485350654e-06  ,-1.766881030846e+01  ,-7.605553378600e-02  
  7.595130042598e-06  ,-9.143883614593e+00  ,3.789090462991e-01  
  7.598669068381e-06  ,-2.508016062451e+00  ,1.034313438001e+00  
  7.601923854515e-06  ,3.624172896269e+00  ,3.772984499459e+00  
  7.603887455031e-06  ,7.309477984902e+00  ,7.375209911189e+00  
  7.606428475544e-06  ,1.203518788194e+01  ,1.203373880706e+01  
  7.609198228881e-06  ,1.709795571483e+01  ,1.699270470785e+01  
  7.612052173778e-06  ,2.217888255590e+01  ,1.256120180126e+01  
  7.614107788965e-06  ,2.573045109017e+01  ,6.168707785506e+00  
  7.616475210950e-06  ,2.968692319442e+01  ,3.996692019066e+00  
  7.620097683236e-06  ,3.541591197401e+01  ,3.339203194471e+00  
  7.623849795625e-06  ,4.086597798442e+01  ,3.664726655885e+00  
  7.627794132993e-06  ,4.598247692424e+01  ,3.407668613030e+00  
  7.630076990888e-06  ,4.862617957395e+01  ,3.229915401740e+00  
  7.631284543738e-06  ,4.992432242745e+01  ,3.150471109277e+00  
  7.632968374953e-06  ,5.161415125596e+01  ,3.055750234219e+00  
  7.635487043723e-06  ,5.387090588547e+01  ,2.927394762236e+00  
  7.640391760930e-06  ,5.728725762664e+01  ,2.687742758415e+00  
  7.646157020196e-06  ,5.956325331217e+01  ,2.404445036009e+00  
  7.653820687398e-06  ,5.956829951990e+01  ,2.031917980203e+00  
  7.661290639505e-06  ,5.626492045007e+01  ,1.670236069949e+00  
  7.670827382669e-06  ,4.760802790327e+01  ,1.208087965167e+00  
  7.679447704419e-06  ,3.610399365787e+01  ,7.784433247874e-01  
  7.684048437938e-06  ,2.882517726367e+01  ,5.251713159029e-01  
  7.685333104298e-06  ,2.667849744919e+01  ,4.442285387579e-01  
  7.687450559303e-06  ,2.304707779431e+01  ,3.037143759616e-01  
  7.689670459792e-06  ,1.913078199841e+01  ,1.437009554875e-01  
  7.694110260770e-06  ,1.103865653641e+01  ,-2.662577461504e-01  
  7.698257253930e-06  ,3.283358032471e+00  ,-9.190316716669e-01  
  7.701776535675e-06  ,-3.346952638976e+00  ,-3.504081525083e+00  
  7.704099999234e-06  ,-7.706964380248e+00  ,-7.765544117247e+00  
  7.707034782931e-06  ,-1.315257193718e+01  ,-1.313431803863e+01  
  7.709826142952e-06  ,-1.822907124539e+01  ,-1.804823518854e+01  
  7.711958499119e-06  ,-2.201472048770e+01  ,-1.206441090895e+01  
  7.714259610936e-06  ,-2.598868463713e+01  ,-5.319267806024e+00  
  7.716768221423e-06  ,-3.016562699285e+01  ,-3.227177982071e+00  
  7.720818357036e-06  ,-3.650328560646e+01  ,-3.952850603814e+00  
  7.724509374663e-06  ,-4.176745586782e+01  ,-3.425938431765e+00  
  7.727439315483e-06  ,-4.554998625170e+01  ,-3.289717883578e+00  
  7.729770229623e-06  ,-4.828518335703e+01  ,-3.201892763448e+00  
  7.731652246282e-06  ,-5.030542465196e+01  ,-3.118763758567e+00  
  7.733722762629e-06  ,-5.232465484464e+01  ,-3.018152503041e+00  
  7.736128555104e-06  ,-5.439235523128e+01  ,-2.898099878367e+00  
  7.740940140054e-06  ,-5.758603977863e+01  ,-2.659534425151e+00  
  7.747462378308e-06  ,-5.980943430250e+01  ,-2.341395397769e+00  
  7.755292938516e-06  ,-5.917241276240e+01  ,-1.960145809079e+00  
  7.764798389241e-06  ,-5.363184676557e+01  ,-1.500831803758e+00  
  7.774168239400e-06  ,-4.352042155839e+01  ,-1.044521491219e+00  
  7.783888266847e-06  ,-2.908960272027e+01  ,-5.338121883251e-01  
  7.788784788415e-06  ,-2.070548949668e+01  ,-2.268977968440e-01  
  7.789950618014e-06  ,-1.862952436704e+01  ,-1.319074112659e-01  
  7.791033373639e-06  ,-1.667904718331e+01  ,-3.608127687559e-02  
  7.793198884889e-06  ,-1.272248074043e+01  ,1.732028308990e-01  
  7.797529907390e-06  ,-4.651343353689e+00  ,7.939456268897e-01  
  7.801147909328e-06  ,2.163289138734e+00  ,2.412291772517e+00  
  7.804668308660e-06  ,8.768043584275e+00  ,8.810640195656e+00  
  7.807548703119e-06  ,1.409597208783e+01  ,1.406219090411e+01  
  7.810441763565e-06  ,1.933115790581e+01  ,1.775608617296e+01  
  7.812519730493e-06  ,2.299536162841e+01  ,9.743984195185e+00  
  7.814529152080e-06  ,2.644568606817e+01  ,4.907073436916e+00  
  7.818141193554e-06  ,3.237400313565e+01  ,2.831986490034e+00  
  7.821840406820e-06  ,3.801316919216e+01  ,3.954815775765e+00  
  7.825855524704e-06  ,4.355124538008e+01  ,3.318680239437e+00  
  7.828654707834e-06  ,4.700760228991e+01  ,3.213537861328e+00  
  7.831451283261e-06  ,5.009796681303e+01  ,3.146652069922e+00  
  7.832355876878e-06  ,5.101594102701e+01  ,3.097229615871e+00  
  7.834148859099e-06  ,5.271300197148e+01  ,2.999709766872e+00  
  7.837500502780e-06  ,5.543313461978e+01  ,2.828351652795e+00  
  7.844203790143e-06  ,5.900800646097e+01  ,2.498308146064e+00  
  7.850691755727e-06  ,5.998583197110e+01  ,2.182948381498e+00  
  7.858212371781e-06  ,5.801414356427e+01  ,1.819725329777e+00  
  7.869680305436e-06  ,4.889277081915e+01  ,1.263973467399e+00  
  7.879562755540e-06  ,3.593054774491e+01  ,7.737312857615e-01  
  7.884869059041e-06  ,2.745911524477e+01  ,4.783248893135e-01  
  7.886343901470e-06  ,2.495873374977e+01  ,3.824416147911e-01  
  7.888707598165e-06  ,2.084199046074e+01  ,2.167723614106e-01  
  7.891031061724e-06  ,1.668323323470e+01  ,3.458022732916e-02  
  7.895677988842e-06  ,8.121789491161e+00  ,-4.511452180221e-01  
  7.899184604600e-06  ,1.536816029598e+00  ,-1.189338884933e+00  
  7.902536620811e-06  ,-4.776358422671e+00  ,-4.890553138040e+00  
  7.904440616682e-06  ,-8.343241052792e+00  ,-8.392617052782e+00  
  7.906534974888e-06  ,-1.223178671506e+01  ,-1.222662013604e+01  
  7.909354274586e-06  ,-1.737969265041e+01  ,-1.726252703891e+01  
  7.912220512941e-06  ,-2.247340826192e+01  ,-1.191138798306e+01  
  7.914319341496e-06  ,-2.609011843953e+01  ,-5.787410269567e+00  
  7.916832422331e-06  ,-3.027017479453e+01  ,-3.915186592274e+00  
  7.920464580372e-06  ,-3.597180074037e+01  ,-3.391181018085e+00  
  7.924150010064e-06  ,-4.127849434088e+01  ,-3.622868682305e+00  
  7.927507614210e-06  ,-4.563367780005e+01  ,-3.406601978126e+00  
  7.929908191279e-06  ,-4.843909850880e+01  ,-3.232377701253e+00  
  7.931107548490e-06  ,-4.973849884764e+01  ,-3.157336918294e+00  
  7.932762508705e-06  ,-5.141520854502e+01  ,-3.066158911157e+00  
  7.935186927631e-06  ,-5.361943239032e+01  ,-2.942822912183e+00  
  7.939893459395e-06  ,-5.700101333176e+01  ,-2.712000106309e+00  
  7.945476179436e-06  ,-5.939507626585e+01  ,-2.437774111598e+00  
  7.953078751877e-06  ,-5.971956528105e+01  ,-2.067835321765e+00  
  7.960608308628e-06  ,-5.669866305653e+01  ,-1.703266463857e+00  
  7.970367079094e-06  ,-4.813109602601e+01  ,-1.230505116737e+00  
  7.979178135708e-06  ,-3.650853215481e+01  ,-7.925259057276e-01  
  7.983910744503e-06  ,-2.905253877323e+01  ,-5.323455209747e-01  
  7.986291577533e-06  ,-2.504839002558e+01  ,-3.843569915044e-01  
  7.988106352702e-06  ,-2.190095781860e+01  ,-2.599697780172e-01  
  7.990427581087e-06  ,-1.777284563936e+01  ,-8.078994822122e-02  
  7.995070037857e-06  ,-9.255652401163e+00  ,3.710979031576e-01  
  7.998845247045e-06  ,-2.176180633342e+00  ,1.077803341863e+00  
  8.002094817773e-06  ,3.945788806462e+00  ,4.083017089684e+00  
  8.004001793876e-06  ,7.523348715876e+00  ,7.585421310096e+00  
  8.006474641576e-06  ,1.212042750223e+01  ,1.211755307314e+01  
  8.009479460731e-06  ,1.760541173439e+01  ,1.747643565808e+01  
  8.012071890250e-06  ,2.221341066700e+01  ,1.222007716188e+01  
  8.014426646247e-06  ,2.627211122581e+01  ,5.403028116390e+00  
  8.016788480297e-06  ,3.019863077510e+01  ,3.970771431464e+00  
  8.020388600841e-06  ,3.585707348722e+01  ,3.475880658684e+00  
  8.024050933734e-06  ,4.114276043716e+01  ,3.603331403017e+00  
  8.027540413156e-06  ,4.567379415816e+01  ,3.388197665889e+00  
  8.029968184844e-06  ,4.850574584821e+01  ,3.223996668532e+00  
  8.031179649249e-06  ,4.981438187316e+01  ,3.151719333319e+00  
  8.032842246309e-06  ,5.149252010724e+01  ,3.062047701279e+00  
  8.035293487325e-06  ,5.370926787632e+01  ,2.937846856345e+00  
  8.040088680997e-06  ,5.711482465560e+01  ,2.702236896444e+00  
  8.045742926612e-06  ,5.946420846410e+01  ,2.424849488602e+00  
  8.053369340911e-06  ,5.966418091719e+01  ,2.053676180082e+00  
  8.060873565689e-06  ,5.653312965033e+01  ,1.690481489162e+00  
  8.070536968723e-06  ,4.793920723486e+01  ,1.222249512608e+00  
  8.079266068950e-06  ,3.637685814848e+01  ,7.879223762885e-01  
  8.083945778623e-06  ,2.899474129234e+01  ,5.302169160428e-01  
  8.085338105872e-06  ,2.667005260682e+01  ,4.435203885830e-01  
  8.087328528479e-06  ,2.325928417919e+01  ,3.120194503065e-01  
  8.089536135510e-06  ,1.937059108415e+01  ,1.539317234664e-01  
  8.093951349571e-06  ,1.133294527781e+01  ,-2.376003877318e-01  
  8.098216061905e-06  ,3.360884055431e+00  ,-9.023480047049e-01  
  8.101786007598e-06  ,-3.364778845000e+00  ,-3.520574882188e+00  
  8.104170193389e-06  ,-7.838162328070e+00  ,-7.894543201614e+00  
  8.107170169666e-06  ,-1.340144322666e+01  ,-1.337927871843e+01  
  8.109995057300e-06  ,-1.853215866368e+01  ,-1.828941709681e+01  
  8.112031300977e-06  ,-2.214232017045e+01  ,-1.160252516782e+01  
  8.114132364705e-06  ,-2.577229175629e+01  ,-5.486319607833e+00  
  8.117093597963e-06  ,-3.069421168416e+01  ,-3.029499622654e+00  
  8.120953743771e-06  ,-3.670549005769e+01  ,-3.071077253660e+00  
  8.124771421269e-06  ,-4.212065103052e+01  ,-3.688536580422e+00  
  8.127655541018e-06  ,-4.581422279717e+01  ,-3.456951595055e+00  
  8.129996885970e-06  ,-4.853756924373e+01  ,-3.245195354999e+00  
  8.131092493847e-06  ,-4.972262224863e+01  ,-3.165281631056e+00  
  8.132675369695e-06  ,-5.133035183190e+01  ,-3.071154958246e+00  
  8.135199253872e-06  ,-5.362985482007e+01  ,-2.940809031828e+00  
  8.140016054228e-06  ,-5.707273503935e+01  ,-2.706635889431e+00  
  8.145508622244e-06  ,-5.940370728761e+01  ,-2.435879331213e+00  
  8.153096293524e-06  ,-5.971636306749e+01  ,-2.067184219878e+00  
  8.160646711901e-06  ,-5.667494101912e+01  ,-1.701279985581e+00  
  8.170399521902e-06  ,-4.809455791470e+01  ,-1.228893811695e+00  
  8.179206108168e-06  ,-3.646667548248e+01  ,-7.910804744367e-01  
  8.183933501557e-06  ,-2.901499936376e+01  ,-5.310321671699e-01  
  8.186281179503e-06  ,-2.506619883942e+01  ,-3.849872452785e-01  
  8.188114394858e-06  ,-2.188684397089e+01  ,-2.593756681312e-01  
  8.190438603476e-06  ,-1.775300028687e+01  ,-7.989178343614e-02  
  8.195087020710e-06  ,-9.224022338666e+00  ,3.732100438658e-01  
  8.198853289202e-06  ,-2.161031429923e+00  ,1.080311328686e+00  
  8.202101742342e-06  ,3.958812963918e+00  ,4.095646976085e+00  
  8.204007228330e-06  ,7.533511462631e+00  ,7.595427208751e+00  
  8.206471135333e-06  ,1.211395456904e+01  ,1.211117045703e+01  
  8.209487130359e-06  ,1.761923177453e+01  ,1.748948167827e+01  
  8.212075462058e-06  ,2.221966481978e+01  ,1.220254781536e+01  
  8.214434688404e-06  ,2.628573901695e+01  ,5.387529678430e+00  
  8.216801365331e-06  ,3.021961545323e+01  ,3.968516477033e+00  
  8.220402230933e-06  ,3.587766965299e+01  ,3.478087682260e+00  
  8.224062701181e-06  ,4.115890264523e+01  ,3.601723490981e+00  
  8.227531318977e-06  ,4.566267593432e+01  ,3.388002942234e+00  
  8.229953875259e-06  ,4.848986485268e+01  ,3.224550108877e+00  
  8.231164408341e-06  ,4.979836274673e+01  ,3.152434627473e+00  
  8.232826819137e-06  ,5.147758750705e+01  ,3.062824055363e+00  
  8.235270609573e-06  ,5.369003142195e+01  ,2.939002105410e+00  
  8.240044941619e-06  ,5.708951183666e+01  ,2.704381169399e+00  
  8.245685031131e-06  ,5.944955849207e+01  ,2.427675740022e+00  
  8.253306975082e-06  ,5.967648666944e+01  ,2.056700972593e+00  
  8.260817160323e-06  ,5.656865840221e+01  ,1.693208720743e+00  
  8.270499934867e-06  ,4.798115322439e+01  ,1.224051800155e+00  
  8.279246916488e-06  ,3.640556133132e+01  ,7.889255926010e-01  
  8.283938547090e-06  ,2.900667438174e+01  ,5.306584026230e-01  
  8.285344285384e-06  ,2.665961798341e+01  ,4.431526348602e-01  
  8.287321296945e-06  ,2.327184880820e+01  ,3.125227197480e-01  
  8.289529276505e-06  ,1.938282724156e+01  ,1.544487517293e-01  
  8.293945235625e-06  ,1.134426214157e+01  ,-2.369169363231e-01  
  8.298214418307e-06  ,3.363977296138e+00  ,-9.018456301011e-01  
  8.301786599174e-06  ,-3.365892184263e+00  ,-3.521619048054e+00  
  8.304172275081e-06  ,-7.842052582436e+00  ,-7.898366547973e+00  
  8.307174486533e-06  ,-1.340937463415e+01  ,-1.338708257944e+01  
  8.310000491753e-06  ,-1.854190122592e+01  ,-1.829569263882e+01  
  8.312034127727e-06  ,-2.214727227880e+01  ,-1.158631568175e+01  
  8.314130348578e-06  ,-2.576885983956e+01  ,-5.487995569125e+00  
  8.317110580817e-06  ,-3.072171328787e+01  ,-3.020761083232e+00  
  8.320965511218e-06  ,-3.672303380573e+01  ,-3.070118899899e+00  
  8.324788404122e-06  ,-4.214344284666e+01  ,-3.688116436360e+00  
  8.327670661226e-06  ,-4.583262137396e+01  ,-3.456201237859e+00  
  8.330014241353e-06  ,-4.855679349755e+01  ,-3.244240120992e+00  
  8.331106496468e-06  ,-4.973738974872e+01  ,-3.164578074031e+00  
  8.332687882200e-06  ,-5.134256028392e+01  ,-3.070531768542e+00  
  8.335222942248e-06  ,-5.364986190269e+01  ,-2.939614667658e+00  
  8.340066564694e-06  ,-5.710203900147e+01  ,-2.704161046461e+00  
  8.345568818465e-06  ,-5.941955829359e+01  ,-2.432940367709e+00  
  8.353160960093e-06  ,-5.970440158479e+01  ,-2.064047355532e+00  
  8.360706908122e-06  ,-5.663759130144e+01  ,-1.698369369818e+00  
  8.370437366381e-06  ,-4.805187314294e+01  ,-1.227052680807e+00  
  8.379226071253e-06  ,-3.643678643804e+01  ,-7.900359134852e-01  
  8.383942288771e-06  ,-2.900050024603e+01  ,-5.305025789480e-01  
  8.385364790872e-06  ,-2.662498555096e+01  ,-4.419346940045e-01  
  8.387328391388e-06  ,-2.325952238238e+01  ,-3.120769630706e-01  
  8.389538978651e-06  ,-1.936551878300e+01  ,-1.510220763059e-01  
  8.393960153177e-06  ,-1.131664914227e+01  ,2.399542272100e-01  
  8.398215179756e-06  ,-3.362544254643e+00  ,9.026452294568e-01  
  8.401783635333e-06  ,3.360314258721e+00  ,3.516318081126e+00  
  8.404165585950e-06  ,7.829551853472e+00  ,7.886067823395e+00  
  8.407162954524e-06  ,1.338818624736e+01  ,1.336622312555e+01  
  8.409985234454e-06  ,1.851454748514e+01  ,1.827735557979e+01  
  8.412025948480e-06  ,2.213294279532e+01  ,1.162995229529e+01  
  8.414135207847e-06  ,2.577713126802e+01  ,5.483701087994e+00  
  8.417065148666e-06  ,3.064812203777e+01  ,3.044085243830e+00  
  8.420934980229e-06  ,3.667750565705e+01  ,3.980530788760e+00  
  8.424758618191e-06  ,4.210346074986e+01  ,3.396670757574e+00  
  8.427565996960e-06  ,4.570505201953e+01  ,3.276478214000e+00  
  8.429895048454e-06  ,4.842447505357e+01  ,3.193988241798e+00  
  8.430999038234e-06  ,4.962381544098e+01  ,3.148525152480e+00  
  8.432593462482e-06  ,5.125023914773e+01  ,3.074077031116e+00  
  8.435056251898e-06  ,5.350844561815e+01  ,2.951962125642e+00  
  8.439723295584e-06  ,5.690006126345e+01  ,2.719119588316e+00  
  8.445142847911e-06  ,5.930282540231e+01  ,2.454702195420e+00  
  8.452700716868e-06  ,5.978416664261e+01  ,2.085748053039e+00  
  8.460288388148e-06  ,5.689307003396e+01  ,1.719002328832e+00  
  8.470182759181e-06  ,4.833773282110e+01  ,1.239535196389e+00  
  8.479110044852e-06  ,3.661030219790e+01  ,7.961323199875e-01  
  8.483910453930e-06  ,2.905301799791e+01  ,5.325200288342e-01  
  8.486391869798e-06  ,2.487648148541e+01  ,3.781933452561e-01  
  8.488159706309e-06  ,2.180729706287e+01  ,2.563979950559e-01  
  8.490482052281e-06  ,1.767475180902e+01  ,7.632648042181e-02  
  8.495126744226e-06  ,9.150028227419e+00  ,-3.784759866444e-01  
  8.498667260125e-06  ,2.511421561450e+00  ,-1.033775873596e+00  
  8.501922418788e-06  ,-3.621471552609e+00  ,-3.770379162155e+00  
  8.503887509420e-06  ,-7.309579742560e+00  ,-7.375308779649e+00  
  8.506430020049e-06  ,-1.203804002202e+01  ,-1.203655029550e+01  
  8.509198655799e-06  ,-1.709872706959e+01  ,-1.699344487945e+01  
  8.512052973226e-06  ,-2.218028273900e+01  ,-1.255807091763e+01  
  8.514108960941e-06  ,-2.573244675067e+01  ,-6.166443911373e+00  
  8.516477127984e-06  ,-2.969006335531e+01  ,-3.996187329909e+00  
  8.520099600270e-06  ,-3.541882878081e+01  ,-3.339530898963e+00  
  8.523851712659e-06  ,-4.086862369963e+01  ,-3.664486035304e+00  
  8.527792324737e-06  ,-4.598028726186e+01  ,-3.407657890230e+00  
  8.530075182632e-06  ,-4.862418271554e+01  ,-3.229973013402e+00  
  8.531282549217e-06  ,-4.992223701096e+01  ,-3.150561551794e+00  
  8.532966194168e-06  ,-5.161205511272e+01  ,-3.055860609953e+00  
  8.535483745351e-06  ,-5.386816809677e+01  ,-2.927562064760e+00  
  8.540386227384e-06  ,-5.728415589425e+01  ,-2.688013072759e+00  
  8.546149251476e-06  ,-5.956148788565e+01  ,-2.404824691656e+00  
  8.553811428562e-06  ,-5.957038680400e+01  ,-2.032366619323e+00  
  8.561281380668e-06  ,-5.627097957612e+01  ,-1.670683937082e+00  
  8.570821104065e-06  ,-4.761522984638e+01  ,-1.208393898997e+00  
  8.579444406047e-06  ,-3.610895919165e+01  ,-7.786165817181e-01  
  8.584046629682e-06  ,-2.882816658809e+01  ,-5.252800365245e-01  
  8.585333344951e-06  ,-2.667809113566e+01  ,-4.442143051584e-01  
  8.587448564783e-06  ,-2.305054891148e+01  ,-3.038516636317e-01  
  8.589668092743e-06  ,-1.913501085218e+01  ,-1.438811271740e-01  
  8.594107148662e-06  ,-1.104442253491e+01  ,2.659015200717e-01  
  8.598256376997e-06  ,-3.285008534806e+00  ,9.187698824173e-01  
  8.601776403800e-06  ,3.346704446937e+00  ,3.503834820658e+00  
  8.604100984946e-06  ,7.708807007778e+00  ,7.767355328559e+00  
  8.607036886230e-06  ,1.315644010509e+01  ,1.313812578855e+01  
  8.609828618780e-06  ,1.823351741571e+01  ,1.805210220284e+01  
  8.611959484830e-06  ,2.201644891352e+01  ,1.205794798943e+01  
  8.614256871358e-06  ,2.598403011640e+01  ,5.323247538629e+00  
  8.616770697251e-06  ,3.016966102604e+01  ,3.225235005108e+00  
  8.620817107573e-06  ,3.650141641319e+01  ,3.953190371065e+00  
  8.624509987846e-06  ,4.176828564953e+01  ,3.425767632849e+00  
  8.627440301195e-06  ,4.555119561061e+01  ,3.289610170468e+00  
  8.629771215335e-06  ,4.828628627441e+01  ,3.201828908632e+00  
  8.631652859464e-06  ,5.030605458765e+01  ,3.118730491301e+00  
  8.633723375812e-06  ,5.232522045697e+01  ,3.018123052268e+00  
  8.636129540816e-06  ,5.439313951669e+01  ,2.898051820661e+00  
  8.640941870823e-06  ,5.758695577083e+01  ,2.659448803095e+00  
  8.647464854136e-06  ,5.980980577506e+01  ,2.341275198181e+00  
  8.655295414343e-06  ,5.917164014282e+01  ,1.960025538425e+00  
  8.664806825533e-06  ,5.362471539502e+01  ,1.500423840935e+00  
  8.674176675692e-06  ,4.350947322049e+01  ,1.044105612952e+00  
  8.683892232791e-06  ,2.908306423340e+01  ,5.335750670115e-01  
  8.688785774127e-06  ,2.070374560389e+01  ,2.268118813935e-01  
  8.689950858667e-06  ,1.862909316470e+01  ,1.318791201572e-01  
  8.691032869235e-06  ,1.667996048661e+01  ,3.612123916785e-02  
  8.693196890369e-06  ,1.272615480761e+01  ,-1.729981356406e-01  
  8.697524932638e-06  ,4.660692265116e+00  ,-7.929518721655e-01  
  8.701140699401e-06  ,-2.149707527703e+00  ,-2.401045858363e+00  
  8.704675999895e-06  ,-8.782385328291e+00  ,-8.824778076771e+00  
  8.707558629528e-06  ,-1.411415855489e+01  ,-1.408007580006e+01  
  8.710454670206e-06  ,-1.935418748045e+01  ,-1.772422569536e+01  
  8.712531519547e-06  ,-2.301588508127e+01  ,-9.706167804525e+00  
  8.714541686192e-06  ,-2.646689150773e+01  ,-4.891682492226e+00  
  8.718155217782e-06  ,-3.239625679125e+01  ,-2.833824691609e+00  
  8.721855921164e-06  ,-3.803579062607e+01  ,-3.953405668188e+00  
  8.725871784106e-06  ,-4.357232105705e+01  ,-3.317916413083e+00  
  8.728668359533e-06  ,-4.702358944179e+01  ,-3.212926739217e+00  
  8.731453386560e-06  ,-5.010014844220e+01  ,-3.146403932643e+00  
  8.732360774145e-06  ,-5.102079926312e+01  ,-3.096916488639e+00  
  8.734152266249e-06  ,-5.271606929631e+01  ,-2.999544665262e+00  
  8.737523653969e-06  ,-5.544981922801e+01  ,-2.827192534828e+00  
  8.744266429409e-06  ,-5.902927373569e+01  ,-2.495237725339e+00  
  8.750746199355e-06  ,-5.998351416879e+01  ,-2.180304009804e+00  
  8.758256384596e-06  ,-5.799292059372e+01  ,-1.817595666870e+00  
  8.769676634535e-06  ,-4.889678123802e+01  ,-1.264154448739e+00  
  8.779529282317e-06  ,-3.598105899468e+01  ,-7.754278722429e-01  
  8.784822174773e-06  ,-2.753766221188e+01  ,-4.810325656566e-01  
  8.786287890241e-06  ,-2.505470559522e+01  ,-3.859531059368e-01  
  8.788692565128e-06  ,-2.086856020534e+01  ,-2.178541252287e-01  
  8.790981010959e-06  ,-1.677383565362e+01  ,-3.879612008764e-02  
  8.795557902619e-06  ,-8.346004979259e+00  ,4.353046617110e-01  
  8.798974738881e-06  ,-1.932237538119e+00  ,1.126372375973e+00  
  8.802204193041e-06  ,4.151486332407e+00  ,4.283094401757e+00  
  8.804059760138e-06  ,7.631737661241e+00  ,7.692336945176e+00  
  8.806361244485e-06  ,1.191100917913e+01  ,1.191117800023e+01  
  8.809530348942e-06  ,1.769708897126e+01  ,1.756308578417e+01  
  8.812163011596e-06  ,2.237287434307e+01  ,1.193555797674e+01  
  8.814598233864e-06  ,2.656250882408e+01  ,5.165260851910e+00  
  8.817042769358e-06  ,3.061184894708e+01  ,3.933728010284e+00  
  8.820642144844e-06  ,3.623911848937e+01  ,3.506766367633e+00  
  8.824274302885e-06  ,4.144820896927e+01  ,3.576490323440e+00  
  8.827408389613e-06  ,4.551202146655e+01  ,3.384987592982e+00  
  8.829750852153e-06  ,4.826349241773e+01  ,3.232387579923e+00  
  8.831695081159e-06  ,5.034938492168e+01  ,3.121791294689e+00  
  8.833797635004e-06  ,5.239357502550e+01  ,3.012808406202e+00  
  8.836177350447e-06  ,5.443111680080e+01  ,2.894135505517e+00  
  8.840936781332e-06  ,5.758426172382e+01  ,2.660461796518e+00  
  8.847561837599e-06  ,5.982407242714e+01  ,2.336088041390e+00  
  8.855399848387e-06  ,5.913872395825e+01  ,1.955273946562e+00  
  8.865099014208e-06  ,5.337540134796e+01  ,1.486073332841e+00  
  8.874513567850e-06  ,4.306977612523e+01  ,1.027445671347e+00  
  8.884081603453e-06  ,2.877033309128e+01  ,5.223772533414e-01  
  8.888862641022e-06  ,2.056769390988e+01  ,2.208150794489e-01  
  8.889994943008e-06  ,1.855008509483e+01  ,1.281488645014e-01  
  8.891046592459e-06  ,1.665511093942e+01  ,3.486816735057e-02  
  8.893149891362e-06  ,1.281271627007e+01  ,-1.682842329804e-01  
  8.897356489167e-06  ,4.977174636586e+00  ,-7.602462628507e-01  
  8.900886201724e-06  ,-1.670235106548e+00  ,-2.078246833461e+00  
  8.905011588201e-06  ,-9.407641597468e+00  ,-9.444820421688e+00  
  8.908045837149e-06  ,-1.500506427447e+01  ,-1.495838806165e+01  
  8.911146023735e-06  ,-2.058303623700e+01  ,-1.584983703588e+01  
  8.913235911593e-06  ,-2.423632502849e+01  ,-7.924349348452e+00  
  8.915364542469e-06  ,-2.784988217608e+01  ,-4.357673362122e+00  
  8.918944918975e-06  ,-3.363908034471e+01  ,-3.082076322244e+00  
  8.922743224964e-06  ,-3.931436392974e+01  ,-3.828267637425e+00  
  8.926850730047e-06  ,-4.482009850049e+01  ,-3.287420302983e+00  
  8.929155194625e-06  ,-4.758803329341e+01  ,-3.202771846805e+00  
  8.931600475177e-06  ,-5.025217179569e+01  ,-3.132726063132e+00  
  8.933574879035e-06  ,-5.218767744599e+01  ,-3.033612715122e+00  
  8.935816386208e-06  ,-5.414135689057e+01  ,-2.916181807481e+00  
  8.940299400553e-06  ,-5.723525999956e+01  ,-2.689966676441e+00  
  8.946512439713e-06  ,-5.964022585680e+01  ,-2.386124484827e+00  
  8.954426446423e-06  ,-5.942079613948e+01  ,-2.003215133144e+00  
  8.962310650811e-06  ,-5.556837577279e+01  ,-1.620489168062e+00  
  8.972091773018e-06  ,-4.612033583166e+01  ,-1.146309304535e+00  
  8.981866934761e-06  ,-3.236110224186e+01  ,-6.524800226295e-01  
  8.986288854346e-06  ,-2.505305431488e+01  ,-3.909513645039e-01  
  8.987666280434e-06  ,-2.267112127116e+01  ,-2.949702695737e-01  
  8.989086361095e-06  ,-2.017103760199e+01  ,-1.889070589558e-01  
  8.991926522419e-06  ,-1.505550403924e+01  ,4.491860098068e-02  
  8.997606845066e-06  ,-4.506742239670e+00  ,7.535025780407e-01  
  9.002209813759e-06  ,4.162055679952e+00  ,4.283560397464e+00  
  9.005205319688e-06  ,9.768123645427e+00  ,9.793888489446e+00  
  9.008891121909e-06  ,1.654228739698e+01  ,1.645350792517e+01  
  9.011706323788e-06  ,2.157184718880e+01  ,1.390348935781e+01  
  9.013843895361e-06  ,2.528020570744e+01  ,6.719525987303e+00  
  9.016071991488e-06  ,2.902406189802e+01  ,4.118591697327e+00  
  9.019787968561e-06  ,3.494299541309e+01  ,3.239634525450e+00  
  9.023683132097e-06  ,4.063539870115e+01  ,3.718639206471e+00  
  9.028217555448e-06  ,4.649110907477e+01  ,3.226568680913e+00  
  9.030191586778e-06  ,4.875240753635e+01  ,3.159014817704e+00  
  9.031321281061e-06  ,4.996269891195e+01  ,3.122366693737e+00  
  9.032957428560e-06  ,5.160362727608e+01  ,3.053679077336e+00  
  9.035850116476e-06  ,5.416872895769e+01  ,2.913525427434e+00  
  9.040734717116e-06  ,5.747611326967e+01  ,2.668786073153e+00  
  9.046601304278e-06  ,5.965830947786e+01  ,2.383899679975e+00  
  9.054230698809e-06  ,5.947081711510e+01  ,2.011690807219e+00  
  9.062213250861e-06  ,5.563736389351e+01  ,1.625851182196e+00  
  9.072056957945e-06  ,4.616228471220e+01  ,1.148178290688e+00  
  9.081890234217e-06  ,3.232411071016e+01  ,6.513201742405e-01  
  9.086337485775e-06  ,2.496973057864e+01  ,3.880288516102e-01  
  9.087723293766e-06  ,2.257158436089e+01  ,2.911885923037e-01  
  9.089139276609e-06  ,2.007707181101e+01  ,1.850324879276e-01  
  9.091971242294e-06  ,1.497389111992e+01  ,-4.907675935654e-02  
  9.097635173663e-06  ,4.453493159290e+00  ,-7.596099823837e-01  
  9.101767265663e-06  ,-3.329506142937e+00  ,-3.481030721638e+00  
  9.105099910364e-06  ,-9.572029347160e+00  ,-9.601513193439e+00  
  9.108416908845e-06  ,-1.568125721926e+01  ,-1.561600950352e+01  
  9.111405709252e-06  ,-2.104213772891e+01  ,-1.510371977179e+01  
  9.113478460774e-06  ,-2.465385245136e+01  ,-7.574209036768e+00  
  9.115694635972e-06  ,-2.839949805117e+01  ,-4.216637600256e+00  
  9.119419926271e-06  ,-3.437671831637e+01  ,-3.091975889326e+00  
  9.123368733987e-06  ,-4.019740060131e+01  ,-3.794521456751e+00  
  9.127722108230e-06  ,-4.589514565176e+01  ,-3.233255215668e+00  
  9.129926735029e-06  ,-4.845971729583e+01  ,-3.161447607939e+00  
  9.131959625944e-06  ,-5.061885660193e+01  ,-3.092366358817e+00  
  9.134128489956e-06  ,-5.269465182952e+01  ,-2.996569200074e+00  
  9.136754447088e-06  ,-5.487981848788e+01  ,-2.867951582195e+00  
  9.141995185480e-06  ,-5.811273210311e+01  ,-2.607207312054e+00  
  9.148753607139e-06  ,-5.995400872862e+01  ,-2.278922334009e+00  
  9.156643771991e-06  ,-5.869781338436e+01  ,-1.894441438790e+00  
  9.169302308425e-06  ,-4.930230479712e+01  ,-1.282858222120e+00  
  9.180092239246e-06  ,-3.512630600074e+01  ,-7.473182453439e-01  
  9.185260707006e-06  ,-2.680066181726e+01  ,-4.554785910357e-01  
  9.186799251899e-06  ,-2.417567675156e+01  ,-3.534990858818e-01  
  9.188943901524e-06  ,-2.042373528288e+01  ,-1.996615445970e-01  
  9.191671186551e-06  ,-1.552091307209e+01  ,2.548514817148e-02  
  9.197125756606e-06  ,-5.410461744665e+00  ,6.693724545565e-01  
  9.201050722465e-06  ,1.980205527778e+00  ,2.248360153309e+00  
  9.205790036783e-06  ,1.085387596572e+01  ,1.087034316213e+01  
  9.209156954154e-06  ,1.702336614889e+01  ,1.692763892489e+01  
  9.212163263425e-06  ,2.237331479511e+01  ,1.283345464962e+01  
  9.214469590649e-06  ,2.634486296488e+01  ,5.838978669821e+00  
  9.216872030362e-06  ,3.033461299856e+01  ,3.945271947141e+00  
  9.220468053088e-06  ,3.597703956400e+01  ,3.379083149088e+00  
  9.224111014470e-06  ,4.122511829278e+01  ,3.627007770268e+00  
  9.227489480242e-06  ,4.561147735974e+01  ,3.410422327361e+00  
  9.229888567194e-06  ,4.841726059470e+01  ,3.234525278743e+00  
  9.231095747516e-06  ,4.972605450375e+01  ,3.158385443107e+00  
  9.233180419967e-06  ,5.181680775598e+01  ,3.044094667211e+00  
  9.235384301707e-06  ,5.378535419009e+01  ,2.932962339423e+00  
  9.239792065188e-06  ,5.694105574993e+01  ,2.717096330525e+00  
  9.245637790725e-06  ,5.943745898855e+01  ,2.429785276929e+00  
  9.253413216636e-06  ,5.965538630204e+01  ,2.051698988851e+00  
  9.260895089671e-06  ,5.651952527011e+01  ,1.689365945478e+00  
  9.270558492705e-06  ,4.791479851217e+01  ,1.221183571070e+00  
  9.279283122584e-06  ,3.635128932863e+01  ,7.870401208807e-01  
  9.283959106967e-06  ,2.897274365297e+01  ,5.294455342625e-01  
  9.285340444610e-06  ,2.666610357108e+01  ,4.433834769602e-01  
  9.287342788145e-06  ,2.323450480879e+01  ,3.110519012001e-01  
  9.289551885292e-06  ,1.934249077369e+01  ,1.527398397759e-01  
  9.293970079586e-06  ,1.129827357684e+01  ,-2.396591078463e-01  
  9.298220635816e-06  ,3.352275937302e+00  ,-9.037422854603e-01  
  9.301784248516e-06  ,-3.361468266306e+00  ,-3.517469192769e+00  
  9.304162846372e-06  ,-7.824431996394e+00  ,-7.881045847836e+00  
  9.307156489655e-06  ,-1.337630722339e+01  ,-1.335454638389e+01  
  9.309976534411e-06  ,-1.849894788379e+01  ,-1.826685387509e+01  
  9.312021718785e-06  ,-2.212553208556e+01  ,-1.165800006530e+01  
  9.314139546320e-06  ,-2.578451569263e+01  ,-5.480265835996e+00  
  9.317038194701e-06  ,-3.060443233609e+01  ,-3.058490101635e+00  
  9.320917712018e-06  ,-3.665174016812e+01  ,-3.978663064350e+00  
  9.324731664225e-06  ,-4.206724826564e+01  ,-3.399457796690e+00  
  9.327543885872e-06  ,-4.567803879486e+01  ,-3.278212500779e+00  
  9.329869957134e-06  ,-4.839653409768e+01  ,-3.195394626208e+00  
  9.330979534850e-06  ,-4.960314132938e+01  ,-3.149586118502e+00  
  9.332577125594e-06  ,-5.123421958016e+01  ,-3.074909159466e+00  
  9.335023896262e-06  ,-5.348082565702e+01  ,-2.953558602487e+00  
  9.339655177161e-06  ,-5.685919312821e+01  ,-2.722487791140e+00  
  9.345060573384e-06  ,-5.927905451988e+01  ,-2.458703996451e+00  
  9.352610991761e-06  ,-5.979826164233e+01  ,-2.090112493369e+00  
  9.360206113622e-06  ,-5.694213777432e+01  ,-1.722973831795e+00  
  9.370136247441e-06  ,-4.838962022709e+01  ,-1.241793995907e+00  
  9.379091845319e-06  ,-3.663747525460e+01  ,-7.970926982630e-01  
  9.383910135791e-06  ,-2.905354268472e+01  ,-5.325792129902e-01  
  9.386419491336e-06  ,-2.482909263201e+01  ,-3.764919691982e-01  
  9.388174848124e-06  ,-2.178070486050e+01  ,-2.553821136764e-01  
  9.390497566625e-06  ,-1.764680349661e+01  ,-7.505185194407e-02  
  9.395143003628e-06  ,-9.119737264630e+00  ,3.806010939292e-01  
  9.398673461243e-06  ,-2.499742925364e+00  ,1.035739783054e+00  
  9.401926384732e-06  ,3.628933523338e+00  ,3.777594331342e+00  
  9.403886259958e-06  ,7.307242098567e+00  ,7.373018608657e+00  
  9.406423182651e-06  ,1.202541361816e+01  ,1.202410698653e+01  
  9.409194053575e-06  ,1.709041162225e+01  ,1.698546108833e+01  
  9.412046508357e-06  ,2.216895951535e+01  ,1.258286752186e+01  
  9.414101005957e-06  ,2.571890018681e+01  ,6.181289710158e+00  
  9.416464702651e-06  ,2.966970836722e+01  ,3.999331063500e+00  
  9.420087919995e-06  ,3.540105501166e+01  ,3.337274031463e+00  
  9.423843757674e-06  ,4.085764398969e+01  ,3.666011138799e+00  
  9.427804486319e-06  ,4.599501116957e+01  ,3.407695234964e+00  
  9.430087716743e-06  ,4.863802091852e+01  ,3.229538620618e+00  
  9.431295083329e-06  ,4.993533908353e+01  ,3.149996338673e+00  
  9.432978914544e-06  ,5.162427836439e+01  ,3.055219963226e+00  
  9.435503543779e-06  ,5.388459294663e+01  ,2.926556777207e+00  
  9.440423162147e-06  ,5.730482623828e+01  ,2.686208315760e+00  
  9.446197362110e-06  ,5.957236388216e+01  ,2.402474510678e+00  
  9.453862519428e-06  ,5.955880621052e+01  ,2.029891231433e+00  
  9.461329491302e-06  ,5.623944333877e+01  ,1.668356698720e+00  
  9.470855803654e-06  ,4.757540413035e+01  ,1.206703126962e+00  
  9.479467184708e-06  ,3.607465915667e+01  ,7.774275178451e-01  
  9.484061212704e-06  ,2.880405596735e+01  ,5.244187926270e-01  
  9.485336007044e-06  ,2.667359642618e+01  ,4.440534238066e-01  
  9.487466873094e-06  ,2.301868307207e+01  ,3.026013883528e-01  
  9.489688636228e-06  ,1.909830535068e+01  ,1.423144872889e-01  
  9.494132162496e-06  ,1.099807484057e+01  ,-2.687802986004e-01  
  9.498263509437e-06  ,3.271584283617e+00  ,-9.209084127489e-01  
  9.501775340602e-06  ,-3.344703484340e+00  ,-3.502006205704e+00  
  9.504092098638e-06  ,-7.692195237637e+00  ,-7.751029919913e+00  
  9.507019059226e-06  ,-1.312365272044e+01  ,-1.310585314948e+01  
  9.509805576369e-06  ,-1.819213286319e+01  ,-1.801591128241e+01  
  9.511950971052e-06  ,-2.200151947810e+01  ,-1.211565049244e+01  
  9.514281512663e-06  ,-2.602588856154e+01  ,-5.288113468309e+00  
  9.516751007602e-06  ,-3.013757431014e+01  ,-3.241442736480e+00  
  9.520827220246e-06  ,-3.651654333752e+01  ,-3.950200290569e+00  
  9.524504081771e-06  ,-4.176029268481e+01  ,-3.427302407885e+00  
  9.527433650061e-06  ,-4.554303456177e+01  ,-3.290452915400e+00  
  9.529763819143e-06  ,-4.827800951287e+01  ,-3.202321205569e+00  
  9.531648070976e-06  ,-5.030113477573e+01  ,-3.118989621722e+00  
  9.533719332382e-06  ,-5.232149035624e+01  ,-3.018315063018e+00  
  9.536121399567e-06  ,-5.438666033648e+01  ,-2.898448805735e+00  
  9.540925533935e-06  ,-5.757830285968e+01  ,-2.660256710362e+00  
  9.547446282074e-06  ,-5.980701040474e+01  ,-2.341111526408e+00  
  9.555278332397e-06  ,-5.917696353700e+01  ,-1.961587380075e+00  
  9.564742059872e-06  ,-5.367936655531e+01  ,-1.503061938427e+00  
  9.574105949566e-06  ,-4.360116455447e+01  ,-1.047486185053e+00  
  9.583855779335e-06  ,-2.914314651878e+01  ,-5.358111548035e-01  
  9.588772417471e-06  ,-2.072737412388e+01  ,-2.278959385125e-01  
  9.589867839083e-06  ,-1.877778395312e+01  ,-1.385824266423e-01  
  9.590954319999e-06  ,-1.682213496775e+01  ,-4.280600098376e-02  
  9.593127281830e-06  ,-1.285434793659e+01  ,1.657154970914e-01  
  9.597473205492e-06  ,-4.757894833237e+00  ,7.818195390524e-01  
  9.601079659030e-06  ,2.034719128372e+00  ,2.308644616854e+00  
  9.605116383597e-06  ,9.602681687104e+00  ,9.636724704815e+00  
  9.608316780493e-06  ,1.549900239906e+01  ,1.544246450433e+01  
  9.611552567646e-06  ,2.130115264041e+01  ,1.436030216734e+01  
  9.613729999825e-06  ,2.508534280594e+01  ,6.773556061676e+00  
  9.615963683888e-06  ,2.884521472328e+01  ,4.130971544040e+00  
  9.619652838871e-06  ,3.473562093416e+01  ,3.243299889381e+00  
  9.623568864033e-06  ,4.047666452647e+01  ,3.727785275668e+00  
  9.628018350765e-06  ,4.625283561900e+01  ,3.237766651364e+00  
  9.630059809849e-06  ,4.860720020261e+01  ,3.165747477359e+00  
  9.631226384506e-06  ,4.986343226946e+01  ,3.127422492181e+00  
  9.632882089779e-06  ,5.153103028825e+01  ,3.057583267210e+00  
  9.635632099077e-06  ,5.399073548676e+01  ,2.924294391216e+00  
  9.640384079382e-06  ,5.728295140271e+01  ,2.686195775868e+00  
  9.646162749693e-06  ,5.956455305583e+01  ,2.405223536882e+00  
  9.653784693643e-06  ,5.957638555427e+01  ,2.033307140089e+00  
  9.661351503298e-06  ,5.622497176319e+01  ,1.667558722715e+00  
  9.670934440061e-06  ,4.748494169854e+01  ,1.202945452392e+00  
  9.679593504831e-06  ,3.588411190513e+01  ,7.709404406068e-01  
  9.684199453756e-06  ,2.857519759979e+01  ,5.165057936148e-01  
  9.685472199187e-06  ,2.644339972489e+01  ,4.357890040631e-01  
  9.687710726127e-06  ,2.259353184738e+01  ,2.860741059128e-01  
  9.689960801467e-06  ,1.861127676824e+01  ,1.213597374057e-01  
  9.694460952148e-06  ,1.038824569885e+01  ,-3.075004854101e-01  
  9.698372506961e-06  ,3.066415662196e+00  ,-9.529076045026e-01  
  9.701775559649e-06  ,-3.345115736213e+00  ,-3.503537153599e+00  
  9.703983166680e-06  ,-7.488513103590e+00  ,-7.550908898789e+00  
  9.706786075100e-06  ,-1.269477422351e+01  ,-1.268358469490e+01  
  9.709518575534e-06  ,-1.767588269913e+01  ,-1.754264061520e+01  
  9.711883389816e-06  ,-2.188295586633e+01  ,-1.268906999242e+01  
  9.714042195544e-06  ,-2.561870200811e+01  ,-5.918473860222e+00  
  9.716278114781e-06  ,-2.936350107278e+01  ,-4.064698717020e+00  
  9.719932252035e-06  ,-3.516372232417e+01  ,-3.400898742370e+00  
  9.723721617326e-06  ,-4.068874223342e+01  ,-3.657309534402e+00  
  9.728311920032e-06  ,-4.660334580248e+01  ,-3.245518242708e+00  
  9.730333635077e-06  ,-4.890799722108e+01  ,-3.164230812967e+00  
  9.731459417805e-06  ,-5.010640308758e+01  ,-3.120855967312e+00  
  9.733085320756e-06  ,-5.172620300805e+01  ,-3.048048409611e+00  
  9.736094610259e-06  ,-5.436531506259e+01  ,-2.900638281852e+00  
  9.741185591981e-06  ,-5.771424142360e+01  ,-2.647014233430e+00  
  9.747163937852e-06  ,-5.976200645990e+01  ,-2.356357119154e+00  
  9.754806743428e-06  ,-5.931719382629e+01  ,-1.983450702210e+00  
  9.763805554673e-06  ,-5.444466621479e+01  ,-1.549028515315e+00  
  9.773382530972e-06  ,-4.452658422474e+01  ,-1.083255750881e+00  
  9.783689664170e-06  ,-2.941645104770e+01  ,-5.463252476431e-01  
  9.788884208962e-06  ,-2.052949783276e+01  ,-2.218367340717e-01  
  9.790047430858e-06  ,-1.845596984432e+01  ,-1.258091322010e-01  
  9.791201153263e-06  ,-1.637502481612e+01  ,-2.209508417162e-02  
  9.793508598074e-06  ,-1.215136702516e+01  ,2.059641938374e-01  
  9.798123487696e-06  ,-3.535093896827e+00  ,9.222950087527e-01  
  9.802048453554e-06  ,3.858579345804e+00  ,3.994463973571e+00  
  9.804433756933e-06  ,8.330436156532e+00  ,8.378508117795e+00  
  9.807371148333e-06  ,1.377043883183e+01  ,1.374169874431e+01  
  9.810462766752e-06  ,1.936863268373e+01  ,1.767053296005e+01  
  9.812531047925e-06  ,2.301506409997e+01  ,9.733954811790e+00  
  9.814600074157e-06  ,2.656561919728e+01  ,4.830930157088e+00  
  9.818176352844e-06  ,3.242978204279e+01  ,2.848403941857e+00  
  9.821960502729e-06  ,3.818804478159e+01  ,3.953404389413e+00  
  9.825965934858e-06  ,4.369413696078e+01  ,3.310819314878e+00  
  9.828754314646e-06  ,4.712405045923e+01  ,3.207164711867e+00  
  9.831477129325e-06  ,5.012476025270e+01  ,3.144807008631e+00  
  9.832323608413e-06  ,5.098389955045e+01  ,3.098699383702e+00  
  9.834016566589e-06  ,5.259343754040e+01  ,3.006518581330e+00  
  9.837402482942e-06  ,5.536216884743e+01  ,2.833114692453e+00  
  9.844174315646e-06  ,5.899792021991e+01  ,2.499664961785e+00  
  9.850564678624e-06  ,5.999055912372e+01  ,2.189117183343e+00  
  9.858056982473e-06  ,5.808818492346e+01  ,1.827248977718e+00  
  9.869773765519e-06  ,4.879044783004e+01  ,1.259428608200e+00  
  9.879778405145e-06  ,3.560418135495e+01  ,7.627333192649e-01  
  9.885136862710e-06  ,2.700931692366e+01  ,4.627198120390e-01  
  9.886653987184e-06  ,2.442603062315e+01  ,3.628141713785e-01  
  9.888793793932e-06  ,2.068955645941e+01  ,2.105768154007e-01  
  9.891335559502e-06  ,1.613114754629e+01  ,4.121111655211e-03  
  9.896419090643e-06  ,6.735626758584e+00  ,-5.572538776733e-01  
  9.900323194876e-06  ,-6.091975219644e-01  ,-1.646054252516e+00  
  9.905654085293e-06  ,-1.060174306627e+01  ,-1.062166425921e+01  
  9.907547650352e-06  ,-1.409404320168e+01  ,-1.406293707353e+01  
  9.909768668428e-06  ,-1.812582573253e+01  ,-1.796687004045e+01  
  9.911490497604e-06  ,-2.119173438781e+01  ,-1.392469398286e+01  
  9.913549465552e-06  ,-2.477581124630e+01  ,-5.917096212757e+00  
  9.915500400081e-06  ,-2.807645533236e+01  ,-4.256179980828e+00  
  9.917474058881e-06  ,-3.130821120028e+01  ,-3.759508447905e+00  
  9.919761387125e-06  ,-3.490225230083e+01  ,-3.643430016965e+00  
  9.923288119450e-06  ,-4.008446051973e+01  ,-3.528535734649e+00  
  9.927246612921e-06  ,-4.531272408284e+01  ,-3.346927122019e+00  
  9.929776085034e-06  ,-4.829173432361e+01  ,-3.218430930448e+00  
  9.932079804555e-06  ,-5.074011960476e+01  ,-3.100937488781e+00  
  9.934382406488e-06  ,-5.292185555160e+01  ,-2.984615011207e+00  
  9.936687243596e-06  ,-5.482849193508e+01  ,-2.869635912027e+00  
  9.941296917811e-06  ,-5.777125709614e+01  ,-2.642502205823e+00  
  9.947882486001e-06  ,-5.986728701602e+01  ,-2.320676889784e+00  
  9.956103456631e-06  ,-5.890038236373e+01  ,-1.921049188337e+00  
  9.967009616509e-06  ,-5.163529202632e+01  ,-1.393700733243e+00  
  9.977260125294e-06  ,-3.930959316063e+01  ,-8.909974107412e-01  
  9.983388972893e-06  ,-2.990912711667e+01  ,-5.646183631482e-01  
  9.987456989899e-06  ,-2.303588584011e+01  ,-3.138139586957e-01  
  9.988687080756e-06  ,-2.087825225645e+01  ,-2.225473941713e-01  
  9.989915495232e-06  ,-1.869244578543e+01  ,-1.253512081456e-01  
  9.992372324184e-06  ,-1.424062222965e+01  ,8.872532386263e-02  
  9.997285982087e-06  ,-5.109606978313e+00  ,7.341059170115e-01  
  1.000124596567e-05  ,2.347990265035e+00  ,2.564734881399e+00  
  1.000556134196e-05  ,1.042963189264e+01  ,1.045153151660e+01  
  1.000883624466e-05  ,1.644283081690e+01  ,1.636377545701e+01  
  1.001178406687e-05  ,2.170852616398e+01  ,1.412125654565e+01  
  1.001392089339e-05  ,2.541175775850e+01  ,6.808908246799e+00  
  1.001617767425e-05  ,2.919825080841e+01  ,4.094152889245e+00  
  1.001985230060e-05  ,3.504150044259e+01  ,3.219710066669e+00  
  1.002370127054e-05  ,4.066054739849e+01  ,3.720390549482e+00  
  1.002825134011e-05  ,4.653133937182e+01  ,3.223657550440e+00  
  1.003024437042e-05  ,4.881033653116e+01  ,3.155927681057e+00  
  1.003137145700e-05  ,5.001500608649e+01  ,3.119699992555e+00  
  1.003300313415e-05  ,5.164752864740e+01  ,3.051451661638e+00  
  1.003593940796e-05  ,5.424089515724e+01  ,2.909263462510e+00  
  1.004089776935e-05  ,5.756356242186e+01  ,2.660797311995e+00  
  1.004680756988e-05  ,5.969849138009e+01  ,2.373937557006e+00  
  1.005444292487e-05  ,5.941648269400e+01  ,2.001438712141e+00  
  1.006277863444e-05  ,5.522966024331e+01  ,1.598508184297e+00  
  1.007299040021e-05  ,4.501862868669e+01  ,1.102527314710e+00  
  1.008367155255e-05  ,2.944620126940e+01  ,5.480965500292e-01  
  1.008911941709e-05  ,2.011234427710e+01  ,2.068183833726e-01  
  1.009033870460e-05  ,1.793278597753e+01  ,1.039851690094e-01  
  1.009154812010e-05  ,1.574487548796e+01  ,-7.921140765874e-03  
  1.009396695109e-05  ,1.130406510881e+01  ,-2.569387443022e-01  
  1.009880461307e-05  ,2.252721685231e+00  ,-1.098229645374e+00  
  1.010219425471e-05  ,-4.132797716891e+00  ,-4.262925249993e+00  
  1.010426514359e-05  ,-8.015570340161e+00  ,-8.069323035664e+00  
  1.010683596642e-05  ,-1.278667246137e+01  ,-1.277361003442e+01  
  1.010968506844e-05  ,-1.797554382288e+01  ,-1.782205488193e+01  
  1.011187367649e-05  ,-2.186590682489e+01  ,-1.257178600392e+01  
  1.011441581459e-05  ,-2.625375385733e+01  ,-4.475732184211e+00  
  1.011673667045e-05  ,-3.011420289335e+01  ,-3.990328822150e+00  
  1.011909515174e-05  ,-3.387319429505e+01  ,-3.776385309781e+00  
  1.012168795379e-05  ,-3.779039821080e+01  ,-3.633727492247e+00  
  1.012530223043e-05  ,-4.282732074652e+01  ,-3.446646105851e+00  
  1.012787007304e-05  ,-4.607430056164e+01  ,-3.314783648378e+00  
  1.013056569310e-05  ,-4.916008052899e+01  ,-3.176766282556e+00  
  1.013158418746e-05  ,-5.023539041096e+01  ,-3.125373737052e+00  
  1.013318419965e-05  ,-5.182039925375e+01  ,-3.044741569462e+00  
  1.013601355763e-05  ,-5.430049923710e+01  ,-2.903063021421e+00  
  1.014167227359e-05  ,-5.795828408588e+01  ,-2.623858771008e+00  
  1.014753290029e-05  ,-5.981987375906e+01  ,-2.338093608247e+00  
  1.015520848842e-05  ,-5.919855230503e+01  ,-1.964170469070e+00  
  1.016482122751e-05  ,-5.361253240948e+01  ,-1.499774262915e+00  
  1.017422237010e-05  ,-4.345011945527e+01  ,-1.041871781019e+00  
  1.018394090743e-05  ,-2.900277963315e+01  ,-5.307739433722e-01  
  1.018883221360e-05  ,-2.062156376742e+01  ,-2.235592162961e-01  
  1.018999636681e-05  ,-1.854753275215e+01  ,-1.283728079737e-01  
  1.019107725979e-05  ,-1.659956839251e+01  ,-3.235067618607e-02  
  1.019323904575e-05  ,-1.264849058579e+01  ,1.774710746191e-01  
  1.019756261767e-05  ,-4.589869027060e+00  ,8.009864805746e-01  
  1.020118807019e-05  ,2.238939623038e+00  ,2.476335973299e+00  
  1.020461123945e-05  ,8.661611435812e+00  ,8.705765493018e+00  
  1.020747114481e-05  ,1.395382815306e+01  ,1.392239757091e+01  
  1.021033701064e-05  ,1.914412793799e+01  ,1.799488945908e+01  
  1.021242466332e-05  ,2.282974504481e+01  ,1.005759826934e+01  
  1.021443184973e-05  ,2.628092895424e+01  ,4.919531731906e+00  
  1.021844622256e-05  ,3.285659791295e+01  ,3.654128094769e+00  
  1.022213500501e-05  ,3.844117382261e+01  ,3.695221169190e+00  
  1.022634830834e-05  ,4.418492666718e+01  ,3.439898219489e+00  
  1.022884537043e-05  ,4.723009810682e+01  ,3.277971247863e+00  
  1.023152199151e-05  ,5.017118836163e+01  ,3.126867489070e+00  
  1.023246393116e-05  ,5.112285330651e+01  ,3.079570633897e+00  
  1.023425113918e-05  ,5.280481752350e+01  ,2.990578797339e+00  
  1.023782555522e-05  ,5.566470504969e+01  ,2.813558926960e+00  
  1.024497438730e-05  ,5.925372878427e+01  ,2.461990149706e+00  
  1.025141168894e-05  ,5.994100328385e+01  ,2.149038032929e+00  
  1.025882352652e-05  ,5.770954008386e+01  ,1.789242911719e+00  
  1.026965369047e-05  ,4.892183263641e+01  ,1.265096605270e+00  
  1.027914871038e-05  ,3.655253239424e+01  ,7.946789172311e-01  
  1.028427694501e-05  ,2.844667464539e+01  ,5.122733877998e-01  
  1.028676283123e-05  ,2.423849280619e+01  ,3.551197339047e-01  
  1.028853830458e-05  ,2.114093394878e+01  ,2.299560428716e-01  
  1.029089939357e-05  ,1.692149124311e+01  ,4.153345421935e-02  
  1.029562157156e-05  ,8.227141973163e+00  ,-4.444297737016e-01  
  1.029907528819e-05  ,1.742795534238e+00  ,-1.155494324976e+00  
  1.030232448639e-05  ,-4.377660346351e+00  ,-4.502620340295e+00  
  1.030419048430e-05  ,-7.876080433732e+00  ,-7.932752967685e+00  
  1.030641261996e-05  ,-1.200590674938e+01  ,-1.200457762353e+01  
  1.030930568041e-05  ,-1.729200144590e+01  ,-1.717934960143e+01  
  1.031260554256e-05  ,-2.314467878241e+01  ,-9.476062631754e+00  
  1.031480756165e-05  ,-2.691573246411e+01  ,-4.378113975757e+00  
  1.031746741892e-05  ,-3.129753352766e+01  ,-3.067592616152e+00  
  1.032143485309e-05  ,-3.741864478083e+01  ,-3.213536166261e+00  
  1.032503758134e-05  ,-4.247646813716e+01  ,-3.607818067320e+00  
  1.032786656679e-05  ,-4.607006672417e+01  ,-3.410281252179e+00  
  1.033027161421e-05  ,-4.884018354748e+01  ,-3.220485698712e+00  
  1.033131432296e-05  ,-4.995543546259e+01  ,-3.150610930720e+00  
  1.033289086582e-05  ,-5.153950180469e+01  ,-3.060310301041e+00  
  1.033558983864e-05  ,-5.395593995386e+01  ,-2.921949910222e+00  
  1.034089614214e-05  ,-5.756269716631e+01  ,-2.663124861258e+00  
  1.034650866450e-05  ,-5.963944732110e+01  ,-2.387325318176e+00  
  1.035417233171e-05  ,-5.948529693638e+01  ,-2.014843117505e+00  
  1.036193583669e-05  ,-5.583099860779e+01  ,-1.639042646986e+00  
  1.037159625949e-05  ,-4.671216343246e+01  ,-1.170609490905e+00  
  1.038035069169e-05  ,-3.473019440968e+01  ,-7.316122182439e-01  
  1.038446043195e-05  ,-2.814168194085e+01  ,-4.996390282885e-01  
  1.038568698378e-05  ,-2.607938126819e+01  ,-4.216265528745e-01  
  1.038753081621e-05  ,-2.290732962267e+01  ,-2.980557279146e-01  
  1.039032888176e-05  ,-1.795045441591e+01  ,-8.963998248859e-02  
  1.039592501284e-05  ,-7.660205913360e+00  ,4.725672614877e-01  
  1.040009808303e-05  ,1.848818710912e-01  ,1.511066751077e+00  
  1.040460270406e-05  ,8.645690829736e+00  ,8.688234088448e+00  
  1.040679280223e-05  ,1.270716720667e+01  ,1.269364000389e+01  
  1.040938336910e-05  ,1.743217613777e+01  ,1.730877586935e+01  
  1.041201193394e-05  ,2.210838687683e+01  ,1.228142492886e+01  
  1.041446578266e-05  ,2.633841381455e+01  ,4.564949741754e+00  
  1.041676167907e-05  ,3.015496621523e+01  ,3.989480328281e+00  
  1.041909706356e-05  ,3.387616871082e+01  ,3.762506784886e+00  
  1.042171296240e-05  ,3.782700146210e+01  ,3.624738783277e+00  
  1.042531531812e-05  ,4.284459483505e+01  ,3.444602817744e+00  
  1.042787980796e-05  ,4.608605269237e+01  ,3.314256330572e+00  
  1.043059964241e-05  ,4.919674071445e+01  ,3.175151570860e+00  
  1.043161608787e-05  ,5.026824534744e+01  ,3.123801500811e+00  
  1.043321870776e-05  ,5.185315548801e+01  ,3.042985302622e+00  
  1.043606408449e-05  ,5.434094569729e+01  ,2.900504904570e+00  
  1.044175483795e-05  ,5.799834263379e+01  ,2.619792622978e+00  
  1.044764750214e-05  ,5.983621211075e+01  ,2.332500450378e+00  
  1.045532160015e-05  ,5.916344654971e+01  ,1.958680622001e+00  
  1.046516977759e-05  ,5.331434420812e+01  ,1.482908990940e+00  
  1.047463946553e-05  ,4.290421891961e+01  ,1.021295004723e+00  
  1.048419259997e-05  ,2.858655679660e+01  ,5.158751000849e-01  
  1.048894681545e-05  ,2.041857058977e+01  ,2.147542183792e-01  
  1.049006980421e-05  ,1.841583722813e+01  ,1.222914537714e-01  
  1.049111288549e-05  ,1.653502626299e+01  ,2.921093951408e-02  
  1.049319904806e-05  ,1.272218017021e+01  ,-1.735316304471e-01  
  1.049737137319e-05  ,4.949215062588e+00  ,-7.638349066061e-01  
  1.050089326264e-05  ,-1.683539419104e+00  ,-2.085913816882e+00  
  1.050499108197e-05  ,-9.369464399957e+00  ,-9.407194884269e+00  
  1.050801899792e-05  ,-1.495607576594e+01  ,-1.491031639644e+01  
  1.051110800864e-05  ,-2.051571315702e+01  ,-1.598214702773e+01  
  1.051319230856e-05  ,-2.416111624975e+01  ,-8.033630432329e+00  
  1.051531386138e-05  ,-2.776522990638e+01  ,-4.381142508875e+00  
  1.051888790490e-05  ,-3.355003650953e+01  ,-3.066506061000e+00  
  1.052267950536e-05  ,-3.922355261229e+01  ,-3.836929894021e+00  
  1.052676912905e-05  ,-4.471769220936e+01  ,-3.290518180022e+00  
  1.052909818055e-05  ,-4.752250328277e+01  ,-3.204775774331e+00  
  1.053156320514e-05  ,-5.021375273908e+01  ,-3.134954730962e+00  
  1.053347986700e-05  ,-5.209907787642e+01  ,-3.038497551304e+00  
  1.053571876647e-05  ,-5.406179612821e+01  ,-2.921062561745e+00  
  1.054016676308e-05  ,-5.715974412957e+01  ,-2.696490162900e+00  
  1.054637384178e-05  ,-5.961109388166e+01  ,-2.395050217607e+00  
  1.055422228338e-05  ,-5.947291716895e+01  ,-2.011669399592e+00  
  1.056184273721e-05  ,-5.589503226249e+01  ,-1.644039337052e+00  
  1.057141375305e-05  ,-4.692729917529e+01  ,-1.179634932081e+00  
  1.058007579805e-05  ,-3.515142617944e+01  ,-7.458767726659e-01  
  1.058416840197e-05  ,-2.862665098651e+01  ,-5.176416758908e-01  
  1.058537073942e-05  ,-2.661493678049e+01  ,-4.414858347075e-01  
  1.058737084778e-05  ,-2.318573129082e+01  ,-3.088392544014e-01  
  1.058989398690e-05  ,-1.873096609847e+01  ,-1.268181695040e-01  
  1.059494026513e-05  ,-9.497262616458e+00  ,3.471707199896e-01  
  1.059856758030e-05  ,-2.699136322579e+00  ,9.996545209647e-01  
  1.060187228532e-05  ,3.527140032431e+00  ,3.679131373979e+00  
  1.060391150923e-05  ,7.354479274468e+00  ,7.419343320042e+00  
  1.060653709383e-05  ,1.223569692650e+01  ,1.223134409707e+01  
  1.060926624151e-05  ,1.722080186360e+01  ,1.711053005680e+01  
  1.061207660051e-05  ,2.222165815800e+01  ,1.239889048441e+01  
  1.061413109811e-05  ,2.577013572307e+01  ,6.082029972071e+00  
  1.061651453884e-05  ,2.975132190878e+01  ,3.986418458492e+00  
  1.062013701113e-05  ,3.547572442915e+01  ,3.354373689565e+00  
  1.062388092788e-05  ,4.090892551595e+01  ,3.657240762465e+00  
  1.062775448473e-05  ,4.593443181624e+01  ,3.405825886546e+00  
  1.063028507443e-05  ,4.885491672570e+01  ,3.215913708617e+00  
  1.063150454821e-05  ,5.015314803501e+01  ,3.138066286403e+00  
  1.063316435130e-05  ,5.180153095689e+01  ,3.045939603865e+00  
  1.063578956337e-05  ,5.411954679964e+01  ,2.912515333094e+00  
  1.064103998752e-05  ,5.763860454085e+01  ,2.655814744830e+00  
  1.064697139473e-05  ,5.972861946850e+01  ,2.364834227716e+00  
  1.065465890379e-05  ,5.935847579782e+01  ,1.991212254902e+00  
  1.066317193718e-05  ,5.493576162140e+01  ,1.579280517611e+00  
  1.067359976979e-05  ,4.425108009644e+01  ,1.072599303590e+00  
  1.068368636580e-05  ,2.942186967785e+01  ,5.541842413244e-01  
  1.068833850832e-05  ,2.149296996132e+01  ,2.592068503036e-01  
  1.068938736381e-05  ,1.963579037304e+01  ,1.754159542963e-01  
  1.069051761688e-05  ,1.761067775486e+01  ,7.901351049016e-02  
  1.069254603745e-05  ,1.392232635974e+01  ,-1.069648336453e-01  
  1.069660287859e-05  ,6.391274148629e+00  ,-6.060072786573e-01  
  1.070002418520e-05  ,-4.558801516724e-02  ,-1.530291673305e+00  
  1.070482384922e-05  ,-9.057977368759e+00  ,-9.099522516809e+00  
  1.070648514242e-05  ,-1.213981241049e+01  ,-1.213806288730e+01  
  1.070829041810e-05  ,-1.545099168576e+01  ,-1.539384266099e+01  
  1.071074016900e-05  ,-1.986278814377e+01  ,-1.710636174076e+01  
  1.071241729470e-05  ,-2.281689963713e+01  ,-1.012083808764e+01  
  1.071408287199e-05  ,-2.568801380367e+01  ,-5.520978881772e+00  
  1.071741402657e-05  ,-3.121162416895e+01  ,-2.892361107420e+00  
  1.072089754553e-05  ,-3.662163657655e+01  ,-3.973030027099e+00  
  1.072482772680e-05  ,-4.219616973296e+01  ,-3.392741627228e+00  
  1.072757661851e-05  ,-4.571802057563e+01  ,-3.278359393499e+00  
  1.072989523919e-05  ,-4.842468733506e+01  ,-3.195067330759e+00  
  1.073098972948e-05  ,-4.961395023374e+01  ,-3.149475240390e+00  
  1.073258135976e-05  ,-5.123837279834e+01  ,-3.074810294439e+00  
  1.073504824699e-05  ,-5.350161748382e+01  ,-2.952364702734e+00  
  1.073971082033e-05  ,-5.689259613260e+01  ,-2.719794154565e+00  
  1.074511696161e-05  ,-5.929538900338e+01  ,-2.455977848053e+00  
  1.075267185034e-05  ,-5.978875314668e+01  ,-2.087169398814e+00  
  1.076026548208e-05  ,-5.690676918599e+01  ,-1.720111367957e+00  
  1.077017028393e-05  ,-4.835166005313e+01  ,-1.240142672674e+00  
  1.077910651030e-05  ,-3.661558044998e+01  ,-7.963225809993e-01  
  1.078391213478e-05  ,-2.905024583406e+01  ,-5.324365696415e-01  
  1.078639913858e-05  ,-2.486401261649e+01  ,-3.777459304949e-01  
  1.078816455366e-05  ,-2.179878464049e+01  ,-2.560694165078e-01  
  1.079048727216e-05  ,-1.766534893127e+01  ,-7.589831658715e-02  
  1.079513270916e-05  ,-9.138915941961e+00  ,3.792470135909e-01  
  1.079866800965e-05  ,-2.510009971223e+00  ,1.034108329419e+00  
  1.080192242326e-05  ,3.621479963609e+00  ,3.770401257087e+00  
  1.080388639630e-05  ,7.307497190821e+00  ,7.373264824279e+00  
  1.080642741682e-05  ,1.203323278057e+01  ,1.203181409409e+01  
  1.080919530751e-05  ,1.709267730404e+01  ,1.698763482165e+01  
  1.081204850735e-05  ,2.217246084719e+01  ,1.257473159096e+01  
  1.081410300495e-05  ,2.572230442435e+01  ,6.177321329950e+00  
  1.081646781923e-05  ,2.967481432156e+01  ,3.998540311476e+00  
  1.082009066404e-05  ,3.540523103439e+01  ,3.337917983323e+00  
  1.082384575666e-05  ,4.086040329706e+01  ,3.665616782071e+00  
  1.082780126990e-05  ,4.599111773994e+01  ,3.407678907126e+00  
  1.083008450033e-05  ,4.863447057537e+01  ,3.229644734784e+00  
  1.083129186691e-05  ,4.993197766018e+01  ,3.150139379986e+00  
  1.083297569813e-05  ,5.162118842803e+01  ,3.055381680854e+00  
  1.083549846472e-05  ,5.388038132646e+01  ,2.926815042604e+00  
  1.084041361274e-05  ,5.729948935634e+01  ,2.686674770252e+00  
  1.084618483247e-05  ,5.956954450870e+01  ,2.403086661681e+00  
  1.085384998979e-05  ,5.956166046357e+01  ,2.030498142369e+00  
  1.086131845178e-05  ,5.624669104307e+01  ,1.668890792685e+00  
  1.087084774436e-05  ,4.758465905512e+01  ,1.207095861221e+00  
  1.087946210565e-05  ,3.608230879153e+01  ,7.776929261140e-01  
  1.088405762376e-05  ,2.880999025654e+01  ,5.246300748761e-01  
  1.088533502580e-05  ,2.667525318804e+01  ,4.441126882242e-01  
  1.088746253909e-05  ,2.302622714500e+01  ,3.028971051166e-01  
  1.088968392970e-05  ,1.910671531836e+01  ,1.426740421531e-01  
  1.089412671091e-05  ,1.100817657548e+01  ,-2.681504015582e-01  
  1.089826252820e-05  ,3.273431127100e+00  ,-9.205641594443e-01  
  1.090177584948e-05  ,-3.345661198465e+00  ,-3.502904980629e+00  
  1.090409409763e-05  ,-7.695932137330e+00  ,-7.754702631022e+00  
  1.090702254833e-05  ,-1.313007020198e+01  ,-1.311216955875e+01  
  1.090981055559e-05  ,-1.820107643863e+01  ,-1.802376977327e+01  
  1.091195297004e-05  ,-2.200502497306e+01  ,-1.210275805151e+01  
  1.091427643360e-05  ,-2.601726198260e+01  ,-5.295422781170e+00  
  1.091675524177e-05  ,-3.014447537862e+01  ,-3.238073698946e+00  
  1.092082549395e-05  ,-3.651396133327e+01  ,-3.950825376169e+00  
  1.092450570823e-05  ,-4.176249399412e+01  ,-3.426952359706e+00  
  1.092743490399e-05  ,-4.554457330971e+01  ,-3.290281151318e+00  
  1.092976507308e-05  ,-4.827941291884e+01  ,-3.202232354246e+00  
  1.093164857985e-05  ,-5.030165766025e+01  ,-3.118959929354e+00  
  1.093371984126e-05  ,-5.232195984412e+01  ,-3.018292086232e+00  
  1.093612228097e-05  ,-5.438736196974e+01  ,-2.898406757558e+00  
  1.094092716040e-05  ,-5.757916500280e+01  ,-2.660175719486e+00  
  1.094744790854e-05  ,-5.980725602476e+01  ,-2.341031963990e+00  
  1.095527995886e-05  ,-5.917645740277e+01  ,-1.961508714601e+00  
  1.096474666657e-05  ,-5.367548663071e+01  ,-1.502838882225e+00  
  1.097411055626e-05  ,-4.359519885602e+01  ,-1.047259114110e+00  
  1.098385740580e-05  ,-2.914046661203e+01  ,-5.357116521936e-01  
  1.098877180876e-05  ,-2.072845087645e+01  ,-2.279260274299e-01  
  1.098986667158e-05  ,-1.877987408610e+01  ,-1.386647000071e-01  
  1.099095259370e-05  ,-1.682525843070e+01  ,-4.294966052992e-02  
  1.099312443794e-05  ,-1.285958401882e+01  ,1.654218658423e-01  
  1.099746812643e-05  ,-4.767438428191e+00  ,7.808046159487e-01  
  1.100107234479e-05  ,2.020939996590e+00  ,2.298075269648e+00  
  1.100511428477e-05  ,9.598776463890e+00  ,9.632896108674e+00  
  1.100830909373e-05  ,1.548500449802e+01  ,1.542877922870e+01  
  1.101154078306e-05  ,2.128038476879e+01  ,1.440682527615e+01  
  1.101371523501e-05  ,2.506005823974e+01  ,6.806564916149e+00  
  1.101594519378e-05  ,2.881464878019e+01  ,4.136672185667e+00  
  1.101962987842e-05  ,3.470032274100e+01  ,3.238706769772e+00  
  1.102354143323e-05  ,4.043848162473e+01  ,3.730945734473e+00  
  1.102797601880e-05  ,4.620196765712e+01  ,3.239638365809e+00  
  1.103004131974e-05  ,4.858675892415e+01  ,3.166432977755e+00  
  1.103121776642e-05  ,4.985439534601e+01  ,3.127793231526e+00  
  1.103287831457e-05  ,5.152738487119e+01  ,3.057757703957e+00  
  1.103560410948e-05  ,5.396770062562e+01  ,2.925665665581e+00  
  1.104034416886e-05  ,5.726052414639e+01  ,2.688171550396e+00  
  1.104611389847e-05  ,5.955340917772e+01  ,2.407595239085e+00  
  1.105373584242e-05  ,5.958723817440e+01  ,2.035672683351e+00  
  1.106129967184e-05  ,5.625900496040e+01  ,1.670067420845e+00  
  1.107089154930e-05  ,4.753431870097e+01  ,1.205035760685e+00  
  1.107955806465e-05  ,3.593762870827e+01  ,7.727828617459e-01  
  1.108417146416e-05  ,2.862157809283e+01  ,5.181399459787e-01  
  1.108544160189e-05  ,2.649515865654e+01  ,4.376769907121e-01  
  1.108772259714e-05  ,2.257280101105e+01  ,2.852728203760e-01  
  1.108993839981e-05  ,1.865141549812e+01  ,1.230969588749e-01  
  1.109437000515e-05  ,1.055704511976e+01  ,-2.970742068691e-01  
  1.109834861518e-05  ,3.111390880287e+00  ,-9.458614465128e-01  
  1.110177550973e-05  ,-3.345021787628e+00  ,-3.503169930548e+00  
  1.110400993885e-05  ,-7.538580214178e+00  ,-7.600093831725e+00  
  1.110684302212e-05  ,-1.279966630700e+01  ,-1.278687690311e+01  
  1.110959116878e-05  ,-1.780659908981e+01  ,-1.766494127532e+01  
  1.111189526083e-05  ,-2.190378936344e+01  ,-1.256603326003e+01  
  1.111409243704e-05  ,-2.570430636663e+01  ,-5.772029606146e+00  
  1.111635964872e-05  ,-2.949743025620e+01  ,-4.041863545048e+00  
  1.112002123655e-05  ,-3.529949220479e+01  ,-3.424620997071e+00  
  1.112378825010e-05  ,-4.078095978058e+01  ,-3.643716897251e+00  
  1.112788383426e-05  ,-4.609091202582e+01  ,-3.386769373658e+00  
  1.113016557457e-05  ,-4.872381032894e+01  ,-3.219967279686e+00  
  1.113137089224e-05  ,-5.001441803564e+01  ,-3.144140488091e+00  
  1.113305286081e-05  ,-5.169517141371e+01  ,-3.051425561168e+00  
  1.113563262434e-05  ,-5.399116737078e+01  ,-2.920458165169e+00  
  1.114065655084e-05  ,-5.743365572640e+01  ,-2.674575998136e+00  
  1.114649855109e-05  ,-5.963735756583e+01  ,-2.387888043690e+00  
  1.115417860956e-05  ,-5.948374911163e+01  ,-2.014493396492e+00  
  1.116191827269e-05  ,-5.584311566448e+01  ,-1.639922234175e+00  
  1.117156081410e-05  ,-4.675406628691e+01  ,-1.172345627648e+00  
  1.118029587479e-05  ,-3.481440055318e+01  ,-7.344591400651e-01  
  1.118440188976e-05  ,-2.823909306469e+01  ,-5.041757125197e-01  
  1.118562397124e-05  ,-2.618629919105e+01  ,-4.259925830558e-01  
  1.118749481203e-05  ,-2.297004034678e+01  ,-3.005425558135e-01  
  1.119024146856e-05  ,-1.810760980425e+01  ,-9.976170690390e-02  
  1.119573478164e-05  ,-8.015710022600e+00  ,4.458661921998e-01  
  1.119978715242e-05  ,-4.012052379975e-01  ,1.379791427124e+00  
  1.120374937119e-05  ,7.051066775222e+00  ,7.118675692488e+00  
  1.120585714044e-05  ,1.097825235828e+01  ,1.098948962471e+01  
  1.120778386058e-05  ,1.452643869765e+01  ,1.448435789728e+01  
  1.121021684767e-05  ,1.892932908654e+01  ,1.817963505779e+01  
  1.121185616167e-05  ,2.183515926491e+01  ,1.184712019559e+01  
  1.121348355474e-05  ,2.466260600323e+01  ,6.237140635244e+00  
  1.121673834087e-05  ,3.011692620927e+01  ,3.671196841964e+00  
  1.122060519220e-05  ,3.618358008616e+01  ,3.296998462114e+00  
  1.122463521124e-05  ,4.193741737282e+01  ,3.639185841169e+00  
  1.122763071717e-05  ,4.578399422279e+01  ,3.416738594200e+00  
  1.123000707985e-05  ,4.854886258023e+01  ,3.230829828512e+00  
  1.123112895103e-05  ,4.976105077194e+01  ,3.157742865053e+00  
  1.123272114010e-05  ,5.137497144774e+01  ,3.068321591497e+00  
  1.123523794623e-05  ,5.366251881851e+01  ,2.939835607800e+00  
  1.124007113786e-05  ,5.710468505515e+01  ,2.703431217840e+00  
  1.124561287971e-05  ,5.943102590520e+01  ,2.431020250895e+00  
  1.125320800157e-05  ,5.969554541696e+01  ,2.061600456412e+00  
  1.126074500890e-05  ,5.661384637278e+01  ,1.696624118020e+00  
  1.127046056600e-05  ,4.802567271823e+01  ,1.225948269596e+00  
  1.127923585983e-05  ,3.642212559641e+01  ,7.895198157604e-01  
  1.128394388171e-05  ,2.899787162943e+01  ,5.303913746997e-01  
  1.128535893323e-05  ,2.663487986204e+01  ,4.422827789014e-01  
  1.128732923926e-05  ,2.325804914062e+01  ,3.120082980115e-01  
  1.128953908147e-05  ,1.936533534789e+01  ,1.510132821126e-01  
  1.129395876588e-05  ,1.131921719275e+01  ,-2.398121932660e-01  
  1.129821528257e-05  ,3.362350751890e+00  ,-9.026479700296e-01  
  1.130178411068e-05  ,-3.361208860042e+00  ,-3.517170283147e+00  
  1.130416606130e-05  ,-7.830440199099e+00  ,-7.886940703607e+00  
  1.130716380240e-05  ,-1.338974415601e+01  ,-1.336775557005e+01  
  1.130998645486e-05  ,-1.851673562036e+01  ,-1.827883480771e+01  
  1.131202642383e-05  ,-2.213377561086e+01  ,-1.162677540525e+01  
  1.131413456561e-05  ,-2.577603808387e+01  ,-5.484305982493e+00  
  1.131706823172e-05  ,-3.065311795605e+01  ,-3.042378509490e+00  
  1.132093731822e-05  ,-3.668099329038e+01  ,-3.980777667758e+00  
  1.132476170124e-05  ,-4.210760088498e+01  ,-3.396345361493e+00  
  1.132756833495e-05  ,-4.570790706698e+01  ,-3.276280073313e+00  
  1.132989738645e-05  ,-4.842707704063e+01  ,-3.193849233630e+00  
  1.133100063117e-05  ,-4.962550317107e+01  ,-3.148433478679e+00  
  1.133259486915e-05  ,-5.125161786360e+01  ,-3.074005204965e+00  
  1.133505877616e-05  ,-5.351059809196e+01  ,-2.951838454362e+00  
  1.133972954513e-05  ,-5.690379767650e+01  ,-2.718810068062e+00  
  1.134514909746e-05  ,-5.930461484270e+01  ,-2.454398833890e+00  
  1.135270845653e-05  ,-5.978292855529e+01  ,-2.085371164224e+00  
  1.136029463769e-05  ,-5.688932732739e+01  ,-1.718701018348e+00  
  1.137018602850e-05  ,-4.833408176676e+01  ,-1.239376527936e+00  
  1.137911033393e-05  ,-3.660987048283e+01  ,-7.961149779941e-01  
  1.138390925290e-05  ,-2.905499876758e+01  ,-5.325850887224e-01  
  1.138638992371e-05  ,-2.487981958902e+01  ,-3.783134606281e-01  
  1.138815813275e-05  ,-2.181006028592e+01  ,-2.565059649609e-01  
  1.139048047872e-05  ,-1.767758626878e+01  ,-7.645569304800e-02  
  1.139512517066e-05  ,-9.152959618721e+00  ,3.782700447964e-01  
  1.139866643162e-05  ,-2.512981886319e+00  ,1.033528295349e+00  
  1.140192196281e-05  ,3.620613625573e+00  ,3.769549759977e+00  
  1.140388779850e-05  ,7.310120591140e+00  ,7.375839660722e+00  
  1.140643068166e-05  ,1.203926176940e+01  ,1.203775420183e+01  
  1.140919894488e-05  ,1.709924938131e+01  ,1.699394584684e+01  
  1.141205363484e-05  ,2.218144150059e+01  ,1.255568454054e+01  
  1.141410962255e-05  ,2.573357333823e+01  ,6.165336652742e+00  
  1.141647816212e-05  ,2.969175726443e+01  ,3.995927160022e+00  
  1.142010063441e-05  ,3.542040219336e+01  ,3.339682990243e+00  
  1.142385200174e-05  ,4.086902265195e+01  ,3.664368365295e+00  
  1.142779112370e-05  ,4.597883281816e+01  ,3.407674078457e+00  
  1.143007398160e-05  ,4.862285632647e+01  ,3.230021513925e+00  
  1.143128153445e-05  ,4.992117592066e+01  ,3.150607378576e+00  
  1.143296517940e-05  ,5.161107964675e+01  ,3.055911625128e+00  
  1.143548235805e-05  ,5.386701640767e+01  ,2.927632515023e+00  
  1.144038334997e-05  ,5.728254232595e+01  ,2.688153760452e+00  
  1.144614562900e-05  ,5.956066347303e+01  ,2.405001583323e+00  
  1.145380780609e-05  ,5.957120207150e+01  ,2.032542145565e+00  
  1.146127924831e-05  ,5.627237434856e+01  ,1.670787044993e+00  
  1.147082046182e-05  ,4.761596643059e+01  ,1.208425228256e+00  
  1.147944525392e-05  ,3.610768279379e+01  ,7.785741114972e-01  
  1.148404822262e-05  ,2.882553322855e+01  ,5.251906986694e-01  
  1.148533456536e-05  ,2.667603061196e+01  ,4.441422930325e-01  
  1.148745053025e-05  ,2.304712836416e+01  ,3.037191808806e-01  
  1.148967043073e-05  ,1.913083391141e+01  ,1.437026323534e-01  
  1.149411023171e-05  ,1.103871037321e+01  ,-2.662542121429e-01  
  1.149825722487e-05  ,3.283412722136e+00  ,-9.190245311936e-01  
  1.150177650662e-05  ,-3.346897952523e+00  ,-3.504029175409e+00  
  1.150409997018e-05  ,-7.706910062233e+00  ,-7.765490697905e+00  
  1.150703475387e-05  ,-1.315251849760e+01  ,-1.313426547952e+01  
  1.150982611389e-05  ,-1.822901906270e+01  ,-1.804819018313e+01  
  1.151195847006e-05  ,-2.201466953598e+01  ,-1.206455368819e+01  
  1.151425958188e-05  ,-2.598863527002e+01  ,-5.319325506308e+00  
  1.151676819237e-05  ,-3.016557964674e+01  ,-3.227182919233e+00  
  1.152081832798e-05  ,-3.650324213742e+01  ,-3.952851294531e+00  
  1.152450934561e-05  ,-4.176741654600e+01  ,-3.425940422559e+00  
  1.152743928643e-05  ,-4.554995060095e+01  ,-3.289719632608e+00  
  1.152977020057e-05  ,-4.828515084398e+01  ,-3.201894316458e+00  
  1.153165221722e-05  ,-5.030539480031e+01  ,-3.118765238930e+00  
  1.153372273357e-05  ,-5.232462804111e+01  ,-3.018153954191e+00  
  1.153612852605e-05  ,-5.439233211093e+01  ,-2.898101316481e+00  
  1.154094011100e-05  ,-5.758602439890e+01  ,-2.659535852338e+00  
  1.154746234925e-05  ,-5.980942994060e+01  ,-2.341396811314e+00  
  1.155529290946e-05  ,-5.917242182805e+01  ,-1.960147217738e+00  
  1.156479836018e-05  ,-5.363187132180e+01  ,-1.500833208010e+00  
  1.157416821034e-05  ,-4.352045926271e+01  ,-1.044522924076e+00  
  1.158388823779e-05  ,-2.908965062418e+01  ,-5.338138561661e-01  
  1.158878475936e-05  ,-2.070554090373e+01  ,-2.268998242838e-01  
  1.158995058896e-05  ,-1.862957643173e+01  ,-1.319096451757e-01  
  1.159103334458e-05  ,-1.667909979625e+01  ,-3.608374200652e-02  
  1.159319885583e-05  ,-1.272253426669e+01  ,1.731997601667e-01  
  1.159752987833e-05  ,-4.651397960595e+00  ,7.939395132576e-01  
  1.160114788027e-05  ,2.163234402609e+00  ,2.412246063498e+00  
  1.160466827960e-05  ,8.767989400522e+00  ,8.810586848519e+00  
  1.160754867406e-05  ,1.409591884906e+01  ,1.406213858322e+01  
  1.161044173451e-05  ,1.933110605469e+01  ,1.775615980122e+01  
  1.161251970144e-05  ,2.299531103891e+01  ,9.744081330946e+00  
  1.161452912302e-05  ,2.644563690372e+01  ,4.907110288491e+00  
  1.161814116450e-05  ,3.237395702096e+01  ,2.831980317248e+00  
  1.162184037776e-05  ,3.801312681529e+01  ,3.954819613730e+00  
  1.162585549565e-05  ,4.355120770540e+01  ,3.318681135370e+00  
  1.162865467878e-05  ,4.700756825242e+01  ,3.213538966761e+00  
  1.163145125420e-05  ,5.009793667205e+01  ,3.146653636881e+00  
  1.163235584782e-05  ,5.101591219768e+01  ,3.097231154564e+00  
  1.163414883004e-05  ,5.271297580972e+01  ,2.999711247745e+00  
  1.163750047372e-05  ,5.543311366032e+01  ,2.828353085001e+00  
  1.164420376109e-05  ,5.900799654240e+01  ,2.498309557513e+00  
  1.165069172667e-05  ,5.998583316129e+01  ,2.182949790770e+00  
  1.165821234272e-05  ,5.801415753907e+01  ,1.819726738364e+00  
  1.166968027638e-05  ,4.889280256649e+01  ,1.263974877705e+00  
  1.167956272648e-05  ,3.593059160976e+01  ,7.737327826654e-01  
  1.168486902998e-05  ,2.745916394403e+01  ,4.783265941151e-01  
  1.168634387241e-05  ,2.495878355776e+01  ,3.824434498936e-01  
  1.168870756911e-05  ,2.084204182180e+01  ,2.167744559789e-01  
  1.169103103267e-05  ,1.668328584653e+01  ,3.458269878252e-02  
  1.169567795978e-05  ,8.121843758777e+00  ,-4.511410979822e-01  
  1.169918457554e-05  ,1.536870783363e+00  ,-1.189329362501e+00  
  1.170253659175e-05  ,-4.776303824757e+00  ,-4.890499867260e+00  
  1.170444058762e-05  ,-8.343186813171e+00  ,-8.392563618781e+00  
  1.170653494583e-05  ,-1.223173309355e+01  ,-1.222656729143e+01  
  1.170935424553e-05  ,-1.737964022678e+01  ,-1.726247707373e+01  
  1.171222048388e-05  ,-2.247335747734e+01  ,-1.191150806507e+01  
  1.171431931244e-05  ,-2.609006911702e+01  ,-5.787464891545e+00  
  1.171683239327e-05  ,-3.027012750405e+01  ,-3.915187518779e+00  
  1.172046455131e-05  ,-3.597175690367e+01  ,-3.391171977212e+00  
  1.172414998101e-05  ,-4.127845459112e+01  ,-3.622873523139e+00  
  1.172750795768e-05  ,-4.563409815108e+01  ,-3.406587013638e+00  
  1.172990853475e-05  ,-4.843948056430e+01  ,-3.232361184552e+00  
  1.173110789196e-05  ,-4.973886094249e+01  ,-3.157319852514e+00  
  1.173276285218e-05  ,-5.141554225876e+01  ,-3.066141619725e+00  
  1.173518764363e-05  ,-5.362003802340e+01  ,-2.942786900141e+00  
  1.173989492045e-05  ,-5.700187307609e+01  ,-2.711928379670e+00  
  1.174547764049e-05  ,-5.939546628993e+01  ,-2.437702885422e+00  
  1.175308021294e-05  ,-5.971929925832e+01  ,-2.067764384283e+00  
  1.176060976969e-05  ,-5.669776205770e+01  ,-1.703195851684e+00  
  1.177036705004e-05  ,-4.813112872886e+01  ,-1.230506528092e+00  
  1.177917661653e-05  ,-3.651080456754e+01  ,-7.926028552310e-01  
  1.178390848027e-05  ,-2.905627297530e+01  ,-5.324733828000e-01  
  1.178629080342e-05  ,-2.504971595307e+01  ,-3.844054098438e-01  
  1.178810446100e-05  ,-2.190427752105e+01  ,-2.601022413225e-01  
  1.179042531686e-05  ,-1.777692203013e+01  ,-8.097467778054e-02  
  1.179506702857e-05  ,-9.261256839457e+00  ,3.707186510037e-01  
  1.179884372787e-05  ,-2.179042321181e+00  ,1.077330915715e+00  
  1.180209367113e-05  ,3.943632108953e+00  ,4.080996657696e+00  
  1.180400101976e-05  ,7.521901056899e+00  ,7.583995456546e+00  
  1.180647535758e-05  ,1.212174930490e+01  ,1.211885609475e+01  
  1.180947831409e-05  ,1.760334548738e+01  ,1.747448379909e+01  
  1.181207111613e-05  ,2.221205517224e+01  ,1.222334866263e+01  
  1.181442475455e-05  ,2.626890540846e+01  ,5.406371870177e+00  
  1.181678547101e-05  ,3.019372910716e+01  ,3.971303196889e+00  
  1.182038559155e-05  ,3.585252532246e+01  ,3.475403989503e+00  
  1.182404829697e-05  ,4.113914264209e+01  ,3.603684282094e+00  
  1.182754261927e-05  ,4.567649071741e+01  ,3.388228541724e+00  
  1.182997150855e-05  ,4.850943314274e+01  ,3.223865769749e+00  
  1.183118315922e-05  ,4.981806944702e+01  ,3.151554044087e+00  
  1.183284575628e-05  ,5.149591586252e+01  ,3.061871176327e+00  
  1.183529885994e-05  ,5.371378134465e+01  ,2.937575683516e+00  
  1.184009852396e-05  ,5.712050610354e+01  ,2.701754432340e+00  
  1.184575574981e-05  ,5.946742665820e+01  ,2.424223510474e+00  
  1.185338365422e-05  ,5.966132436105e+01  ,2.052981946838e+00  
  1.186088638888e-05  ,5.652502777494e+01  ,1.689861517159e+00  
  1.187054681168e-05  ,4.792804779438e+01  ,1.221770498423e+00  
  1.187927293168e-05  ,3.636656998947e+01  ,7.875659016666e-01  
  1.188395040618e-05  ,2.898710436267e+01  ,5.299466301686e-01  
  1.188533807681e-05  ,2.667010167014e+01  ,4.435229047095e-01  
  1.188733296977e-05  ,2.325156693948e+01  ,3.117162962545e-01  
  1.188954132186e-05  ,1.936133827197e+01  ,1.535396466093e-01  
  1.189395802604e-05  ,1.132058671890e+01  ,-2.383291525503e-01  
  1.189821752296e-05  ,3.358134344896e+00  ,-9.028042812763e-01  
  1.190178523348e-05  ,-3.363321967224e+00  ,-3.519202667008e+00  
  1.190416755663e-05  ,-7.833234717170e+00  ,-7.889699263088e+00  
  1.190716529773e-05  ,-1.339249169242e+01  ,-1.337047122487e+01  
  1.190998832272e-05  ,-1.852008456346e+01  ,-1.828141225799e+01  
  1.191202754663e-05  ,-2.213574275914e+01  ,-1.162346408873e+01  
  1.191413457082e-05  ,-2.577604696127e+01  ,-5.484616726764e+00  
  1.191707270728e-05  ,-3.066036985646e+01  ,-3.040138109375e+00  
  1.192093955861e-05  ,-3.668433514217e+01  ,-3.981005812159e+00  
  1.192476543175e-05  ,-4.211260994035e+01  ,-3.395964152863e+00  
  1.192757132040e-05  ,-4.571155239852e+01  ,-3.276050384636e+00  
  1.192990074442e-05  ,-4.843081372689e+01  ,-3.193661911658e+00  
  1.193100343035e-05  ,-4.962846863335e+01  ,-3.148282566703e+00  
  1.193259710954e-05  ,-5.125381352490e+01  ,-3.073889959415e+00  
  1.193506362425e-05  ,-5.351473119398e+01  ,-2.951597862927e+00  
  1.193973811851e-05  ,-5.690891987148e+01  ,-2.718385785197e+00  
  1.194516065107e-05  ,-5.930791698370e+01  ,-2.453835970146e+00  
  1.195272001015e-05  ,-5.978107378702e+01  ,-2.084809288086e+00  
  1.196030619131e-05  ,-5.688240236472e+01  ,-1.718142866486e+00  
  1.197019311176e-05  ,-4.832616967729e+01  ,-1.239032327836e+00  
  1.197911443697e-05  ,-3.660374269550e+01  ,-7.959012412007e-01  
  1.198391112076e-05  ,-2.905191823520e+01  ,-5.324732706809e-01  
  1.198638583110e-05  ,-2.488683927134e+01  ,-3.785650607849e-01  
  1.198815683411e-05  ,-2.181234068976e+01  ,-2.565890180264e-01  
  1.199047918008e-05  ,-1.767992547076e+01  ,-7.656237173861e-02  
  1.199512387203e-05  ,-9.155378832435e+00  ,3.780987942155e-01  
  1.199866587804e-05  ,-2.514024440526e+00  ,1.033356036844e+00  
  1.200192140923e-05  ,3.619572056366e+00  ,3.768545764689e+00  
  1.200388761745e-05  ,7.309781863833e+00  ,7.375506263248e+00  
  1.200643124567e-05  ,1.204030327746e+01  ,1.203878104361e+01  
  1.200919876383e-05  ,1.709892226352e+01  ,1.699363132604e+01  
  1.201205308126e-05  ,2.218047195180e+01  ,1.255730571938e+01  
  1.201410869645e-05  ,2.573199636620e+01  ,6.166772817228e+00  
  1.201647686349e-05  ,2.968963010977e+01  ,3.996215724822e+00  
  1.202009933577e-05  ,3.541842635294e+01  ,3.339484983739e+00  
  1.202385144816e-05  ,4.086825867579e+01  ,3.664519442118e+00  
  1.202779206024e-05  ,4.597996696502e+01  ,3.407685093103e+00  
  1.203007491814e-05  ,4.862389061965e+01  ,3.229991013555e+00  
  1.203128247099e-05  ,4.992215521061e+01  ,3.150565525602e+00  
  1.203296611594e-05  ,5.161197991344e+01  ,3.055864305552e+00  
  1.203548366712e-05  ,5.386810315459e+01  ,2.927565820274e+00  
  1.204038540410e-05  ,5.728369426598e+01  ,2.688053612057e+00  
  1.204614917324e-05  ,5.956147008973e+01  ,2.404828208716e+00  
  1.205381135033e-05  ,5.957040441872e+01  ,2.032370605639e+00  
  1.206128130244e-05  ,5.627103075150e+01  ,1.670687594643e+00  
  1.207082102583e-05  ,4.761531957059e+01  ,1.208397675984e+00  
  1.207944432782e-05  ,3.610907695998e+01  ,7.786206246602e-01  
  1.208404655145e-05  ,2.882829591404e+01  ,5.252845386196e-01  
  1.208533326672e-05  ,2.667822321923e+01  ,4.442190664379e-01  
  1.208744848655e-05  ,2.305068505736e+01  ,3.038569343319e-01  
  1.208966801451e-05  ,1.913515061424e+01  ,1.438871416797e-01  
  1.209410707043e-05  ,1.104456747731e+01  ,-2.658924330786e-01  
  1.209825704382e-05  ,3.283753480235e+00  ,-9.189122477003e-01  
  1.210177707063e-05  ,-3.347959428516e+00  ,-3.505035173508e+00  
  1.210410127924e-05  ,-7.709357148296e+00  ,-7.767896055232e+00  
  1.210703680800e-05  ,-1.315629623158e+01  ,-1.313798335857e+01  
  1.210982928561e-05  ,-1.823471490581e+01  ,-1.805314205180e+01  
  1.211196015166e-05  ,-2.201761816916e+01  ,-1.205502557983e+01  
  1.211425679313e-05  ,-2.598389719955e+01  ,-5.323500813545e+00  
  1.211677210914e-05  ,-3.017196142363e+01  ,-3.224600792892e+00  
  1.212081851946e-05  ,-3.650352858624e+01  ,-3.953281815967e+00  
  1.212451139973e-05  ,-4.177019620582e+01  ,-3.425632594506e+00  
  1.212743985043e-05  ,-4.555064258338e+01  ,-3.289606069917e+00  
  1.212977039205e-05  ,-4.828536509561e+01  ,-3.201863004690e+00  
  1.213165166365e-05  ,-5.030482608089e+01  ,-3.118789403435e+00  
  1.213372217999e-05  ,-5.232411739181e+01  ,-3.018183857631e+00  
  1.213612797247e-05  ,-5.439189163061e+01  ,-2.898130396079e+00  
  1.214093955742e-05  ,-5.758573138649e+01  ,-2.659562138815e+00  
  1.214746105061e-05  ,-5.980923494667e+01  ,-2.341460584829e+00  
  1.215529161082e-05  ,-5.917282694179e+01  ,-1.960209759510e+00  
  1.216479557143e-05  ,-5.363422787842e+01  ,-1.500968357443e+00  
  1.217416542159e-05  ,-4.352407773638e+01  ,-1.044660471395e+00  
  1.218388693915e-05  ,-2.909179153240e+01  ,-5.338914939209e-01  
  1.218878420578e-05  ,-2.070652026911e+01  ,-2.269431808127e-01  
  1.218987459825e-05  ,-1.876568282756e+01  ,-1.379942161142e-01  
  1.219095586376e-05  ,-1.681934173854e+01  ,-4.265609147676e-02  
  1.219311839478e-05  ,-1.287071018116e+01  ,1.648254496318e-01  
  1.219744345681e-05  ,-4.813791101046e+00  ,7.760244531790e-01  
  1.220103463666e-05  ,1.949900768607e+00  ,2.245647044132e+00  
  1.220509818332e-05  ,9.568815624362e+00  ,9.603447444990e+00  
  1.220826169984e-05  ,1.539867843765e+01  ,1.534426117696e+01  
  1.221146954732e-05  ,2.115478461180e+01  ,1.467549548191e+01  
  1.221362686293e-05  ,2.490860960472e+01  ,7.002115789936e+00  
  1.221583670513e-05  ,2.863511094684e+01  ,4.170978243719e+00  
  1.221949792044e-05  ,3.449710799953e+01  ,3.211349301446e+00  
  1.222338488834e-05  ,4.022000168056e+01  ,3.749282245946e+00  
  1.222773975269e-05  ,4.591656161969e+01  ,3.249971450823e+00  
  1.222991271453e-05  ,4.844412942172e+01  ,3.171407804540e+00  
  1.223193368451e-05  ,5.059258635090e+01  ,3.096377024198e+00  
  1.223409994082e-05  ,5.266889618585e+01  ,2.998190335005e+00  
  1.223672701554e-05  ,5.485889722373e+01  ,2.869059854528e+00  
  1.224193646149e-05  ,5.808508900073e+01  ,2.610317320690e+00  
  1.224867476659e-05  ,5.994800722196e+01  ,2.282678815632e+00  
  1.225656493144e-05  ,5.872842669451e+01  ,1.898338797194e+00  
  1.226901485161e-05  ,4.960909373689e+01  ,1.296755882457e+00  
  1.227968408303e-05  ,3.574713139280e+01  ,7.682446957254e-01  
  1.228540240364e-05  ,2.656143132990e+01  ,4.480479174813e-01  
  1.228701880710e-05  ,2.379633437909e+01  ,3.400674301725e-01  
  1.228929495947e-05  ,1.980029405067e+01  ,1.740737204208e-01  
  1.229174731807e-05  ,1.538224879782e+01  ,-2.788656486825e-02  
  1.229665203528e-05  ,6.299135561290e+00  ,-5.964613138785e-01  
  1.230047418313e-05  ,-8.937810788855e-01  ,-1.739841118199e+00  
  1.230544819073e-05  ,-1.021952842475e+01  ,-1.024502984202e+01  
  1.230850926177e-05  ,-1.584922159877e+01  ,-1.578502863170e+01  
  1.231139300899e-05  ,-2.101971709380e+01  ,-1.542617486720e+01  
  1.231347246604e-05  ,-2.464355018307e+01  ,-7.688363960353e+00  
  1.231558433311e-05  ,-2.821617721684e+01  ,-4.319376619938e+00  
  1.231924927370e-05  ,-3.411258480853e+01  ,-3.088185386841e+00  
  1.232309451835e-05  ,-3.981217875075e+01  ,-3.805844576118e+00  
  1.232732942836e-05  ,-4.541489336320e+01  ,-3.259205156972e+00  
  1.232976837592e-05  ,-4.828310911330e+01  ,-3.171056956783e+00  
  1.233204676346e-05  ,-5.070685239724e+01  ,-3.108590811878e+00  
  1.233429721133e-05  ,-5.284599787419e+01  ,-2.997720595386e+00  
  1.233671082692e-05  ,-5.484653150304e+01  ,-2.871905612306e+00  
  1.234153805809e-05  ,-5.789233341022e+01  ,-2.628977380535e+00  
  1.234794034199e-05  ,-5.987443757480e+01  ,-2.318913257347e+00  
  1.235616578297e-05  ,-5.887788050513e+01  ,-1.917321971630e+00  
  1.236726416783e-05  ,-5.138927160120e+01  ,-1.381888713921e+00  
  1.237754447894e-05  ,-3.890309181580e+01  ,-8.768117779516e-01  
  1.238351984458e-05  ,-2.969502217388e+01  ,-5.570629348535e-01  
  1.238794474439e-05  ,-2.218428011314e+01  ,-2.819413021078e-01  
  1.238910275088e-05  ,-2.014193905351e+01  ,-1.931424422419e-01  
  1.239033321427e-05  ,-1.794266169806e+01  ,-9.241392610720e-02  
  1.239279414104e-05  ,-1.346700798769e+01  ,1.303670888414e-01  
  1.239771599458e-05  ,-4.301555361731e+00  ,8.225904136515e-01  
  1.240178624676e-05  ,3.365228948218e+00  ,3.517416230058e+00  
  1.240471283482e-05  ,8.851063808737e+00  ,8.891205383490e+00  
  1.240782829510e-05  ,1.460768979282e+01  ,1.456411376123e+01  
  1.241094710813e-05  ,2.023044249943e+01  ,1.619508736505e+01  
  1.241304668175e-05  ,2.390960378476e+01  ,8.231368508270e+00  
  1.241519133137e-05  ,2.756027848351e+01  ,4.398002928116e+00  
  1.241883652793e-05  ,3.346970443058e+01  ,3.021823768287e+00  
  1.242264749990e-05  ,3.917788004043e+01  ,3.854786236540e+00  
  1.242676394568e-05  ,4.471117733537e+01  ,3.284053392582e+00  
  1.242909672247e-05  ,4.752082541728e+01  ,3.201396943808e+00  
  1.243157143281e-05  ,5.022223999343e+01  ,3.135060922452e+00  
  1.243348101662e-05  ,5.210015268739e+01  ,3.038929332553e+00  
  1.243572215126e-05  ,5.406456327635e+01  ,2.921021689147e+00  
  1.244016046213e-05  ,5.715613203653e+01  ,2.696651344896e+00  
  1.244639212774e-05  ,5.961500214729e+01  ,2.394172764323e+00  
  1.245423013853e-05  ,5.947095706194e+01  ,2.011239135630e+00  
  1.246186847375e-05  ,5.587737851252e+01  ,1.642804885811e+00  
  1.247144843028e-05  ,4.688654068771e+01  ,1.177944634839e+00  
  1.248012090610e-05  ,3.508248407046e+01  ,7.435333468987e-01  
  1.248421425508e-05  ,2.855066195742e+01  ,5.149965618000e-01  
  1.248542050408e-05  ,2.653083382554e+01  ,4.384469168154e-01  
  1.248739043759e-05  ,2.315166941198e+01  ,3.075305467354e-01  
  1.248995865272e-05  ,1.861512723968e+01  ,1.218285982746e-01  
  1.249509508298e-05  ,9.209005673410e+00  ,-3.655888331411e-01  
  1.249873655425e-05  ,2.380913836351e+00  ,-1.044349367022e+00  
  1.250200475143e-05  ,-3.776369689177e+00  ,-3.919371373898e+00  
  1.250393892215e-05  ,-7.405759035594e+00  ,-7.469801178571e+00  
  1.250646690415e-05  ,-1.210614311371e+01  ,-1.210358799183e+01  
  1.250931675123e-05  ,-1.731198297493e+01  ,-1.719778121151e+01  
  1.251212263988e-05  ,-2.230224579764e+01  ,-1.223719127913e+01  
  1.251419874416e-05  ,-2.588522719171e+01  ,-5.968203617208e+00  
  1.251662577079e-05  ,-2.993321603860e+01  ,-3.959906721477e+00  
  1.252025643872e-05  ,-3.565702550732e+01  ,-3.368712904124e+00  
  1.252397502349e-05  ,-4.103849415916e+01  ,-3.644388317079e+00  
  1.252764853226e-05  ,-4.580569088731e+01  ,-3.407401007776e+00  
  1.253012771295e-05  ,-4.868212802665e+01  ,-3.223088614383e+00  
  1.253134104000e-05  ,-4.998331194462e+01  ,-3.146081085003e+00  
  1.253299991177e-05  ,-5.164443696172e+01  ,-3.054201297320e+00  
  1.253553795205e-05  ,-5.391308857721e+01  ,-2.925143063579e+00  
  1.254056783901e-05  ,-5.738505059225e+01  ,-2.678942327362e+00  
  1.254635768519e-05  ,-5.960762435863e+01  ,-2.394756686847e+00  
  1.255402284251e-05  ,-5.952147026381e+01  ,-2.022047504770e+00  
  1.256151961671e-05  ,-5.611356088597e+01  ,-1.659205375222e+00  
  1.257102506743e-05  ,-4.738032557358e+01  ,-1.198466545087e+00  
  1.257962005721e-05  ,-3.584398706012e+01  ,-7.694972489452e-01  
  1.258419024335e-05  ,-2.859046225623e+01  ,-5.179807274043e-01  
  1.258545591073e-05  ,-2.647095661461e+01  ,-4.371591799732e-01  
  1.258765830235e-05  ,-2.268504403716e+01  ,-2.896442570822e-01  
  1.258992812173e-05  ,-1.866982840468e+01  ,-1.238648708556e-01  
  1.259446776049e-05  ,-1.037560585624e+01  ,2.957199425624e-01  
  1.259836813943e-05  ,-3.074637475629e+00  ,9.468909986517e-01  
  1.260176895694e-05  ,3.332689217034e+00  ,3.491627911732e+00  
  1.260399072008e-05  ,7.502639385767e+00  ,7.564829008692e+00  
  1.260680405931e-05  ,1.272790417842e+01  ,1.271625813313e+01  
  1.260952650146e-05  ,1.769015915326e+01  ,1.755623084667e+01  
  1.261187939481e-05  ,2.187594399660e+01  ,1.269888405776e+01  
  1.261403484778e-05  ,2.560617711272e+01  ,5.925730104638e+00  
  1.261626778679e-05  ,2.934652234797e+01  ,4.067069188090e+00  
  1.261992527680e-05  ,3.515306809573e+01  ,3.399710308235e+00  
  1.262371762232e-05  ,4.068320761498e+01  ,3.658145853232e+00  
  1.262830494480e-05  ,4.659506350371e+01  ,3.245656744005e+00  
  1.263032330708e-05  ,4.889671746053e+01  ,3.164628733263e+00  
  1.263144964860e-05  ,5.009627112724e+01  ,3.121296239233e+00  
  1.263307629661e-05  ,5.171758135545e+01  ,3.048494003815e+00  
  1.263607701795e-05  ,5.435127685465e+01  ,2.901514870804e+00  
  1.264115160839e-05  ,5.769669600903e+01  ,2.648681395392e+00  
  1.264712324874e-05  ,5.975513314596e+01  ,2.358334502440e+00  
  1.265476456420e-05  ,5.932910222874e+01  ,1.985497467713e+00  
  1.266368588941e-05  ,5.453907307200e+01  ,1.554813593294e+00  
  1.267332545058e-05  ,4.459863052671e+01  ,1.086066257190e+00  
  1.268368175761e-05  ,2.942943956389e+01  ,5.468692204120e-01  
  1.268890684979e-05  ,2.048939157596e+01  ,2.204350502801e-01  
  1.269007696347e-05  ,1.840299324276e+01  ,1.236332065879e-01  
  1.269123757766e-05  ,1.630896217541e+01  ,1.898960645529e-02  
  1.269355880605e-05  ,1.205867331732e+01  ,-2.114081690586e-01  
  1.269820126282e-05  ,3.388735517657e+00  ,-9.407226924681e-01  
  1.270171160386e-05  ,-3.224742755794e+00  ,-3.387432498324e+00  
  1.270419749008e-05  ,-7.889171559758e+00  ,-7.944895378457e+00  
  1.270724552260e-05  ,-1.353985415299e+01  ,-1.351555741238e+01  
  1.271011809395e-05  ,-1.875259852045e+01  ,-1.833940423340e+01  
  1.271211484955e-05  ,-2.228861282947e+01  ,-1.117923982179e+01  
  1.271415481852e-05  ,-2.581050637437e+01  ,-5.416243712086e+00  
  1.271754930304e-05  ,-3.142911554133e+01  ,-2.834556833130e+00  
  1.272128055380e-05  ,-3.719084825296e+01  ,-3.060251830167e+00  
  1.272522563623e-05  ,-4.272608104481e+01  ,-3.671186860227e+00  
  1.272809299217e-05  ,-4.634232869689e+01  ,-3.432200844991e+00  
  1.273068728434e-05  ,-4.929112207519e+01  ,-3.204838026011e+00  
  1.273171695457e-05  ,-5.037179784939e+01  ,-3.132201143327e+00  
  1.273330672221e-05  ,-5.193642567758e+01  ,-3.039213028903e+00  
  1.273625566201e-05  ,-5.449305777031e+01  ,-2.888080046096e+00  
  1.274215354161e-05  ,-5.818628889844e+01  ,-2.601896687941e+00  
  1.274810208516e-05  ,-5.989337825732e+01  ,-2.309526212369e+00  
  1.275575830178e-05  ,-5.902090431090e+01  ,-1.938083600153e+00  
  1.276663763957e-05  ,-5.198886001477e+01  ,-1.411462822594e+00  
  1.277678831057e-05  ,-3.997714545697e+01  ,-9.145838363779e-01  
  1.278352885084e-05  ,-2.968026950537e+01  ,-5.576571227680e-01  
  1.278756259517e-05  ,-2.285195388085e+01  ,-3.076592989794e-01  
  1.278879529373e-05  ,-2.068690276962e+01  ,-2.152270429153e-01  
  1.278997285800e-05  ,-1.858967036633e+01  ,-1.211238729272e-01  
  1.279232798652e-05  ,-1.432179482879e+01  ,8.486054761497e-02  
  1.279703824358e-05  ,-5.574727223624e+00  ,6.900578028423e-01  
  1.280079184608e-05  ,1.492440757088e+00  ,1.976260192402e+00  
  1.280527188019e-05  ,9.891891957761e+00  ,9.922155304832e+00  
  1.280835865574e-05  ,1.557524297655e+01  ,1.551725490043e+01  
  1.281124687330e-05  ,2.076149392239e+01  ,1.593853493167e+01  
  1.281332335012e-05  ,2.438700635897e+01  ,8.038228403164e+00  
  1.281541212039e-05  ,2.792928700165e+01  ,4.395473259682e+00  
  1.281905135648e-05  ,3.380502401465e+01  ,3.038288034976e+00  
  1.282286977904e-05  ,3.949425757964e+01  ,3.834872793659e+00  
  1.282702571289e-05  ,4.503870172902e+01  ,3.271605616224e+00  
  1.282928584652e-05  ,4.773762392509e+01  ,3.193134653383e+00  
  1.283169610934e-05  ,5.035043899470e+01  ,3.128022794038e+00  
  1.283379605548e-05  ,5.239212406295e+01  ,3.023207366252e+00  
  1.283605507152e-05  ,5.433374089920e+01  ,2.904612096448e+00  
  1.284057310359e-05  ,5.738794749565e+01  ,2.676398564542e+00  
  1.284685617821e-05  ,5.970759568621e+01  ,2.371640295359e+00  
  1.285488194363e-05  ,5.929570429067e+01  ,1.979612399361e+00  
  1.286346501248e-05  ,5.471130290180e+01  ,1.565653887380e+00  
  1.287399417298e-05  ,4.374563576055e+01  ,1.053343063186e+00  
  1.288380211727e-05  ,2.923152231818e+01  ,5.387760737667e-01  
  1.288892662661e-05  ,2.045435016963e+01  ,2.179417680506e-01  
  1.289006637917e-05  ,1.842198153407e+01  ,1.237804704756e-01  
  1.289119681852e-05  ,1.638288528761e+01  ,2.227459577169e-02  
  1.289345769720e-05  ,1.224530910694e+01  ,-2.006253723123e-01  
  1.289797945456e-05  ,3.806081203157e+00  ,-8.899786692015e-01  
  1.290181501345e-05  ,-3.419366147813e+00  ,-3.571636465472e+00  
  1.290440110998e-05  ,-8.269489739064e+00  ,-8.318775270500e+00  
  1.290751917796e-05  ,-1.404187007048e+01  ,-1.400894040100e+01  
  1.291047556834e-05  ,-1.939146968483e+01  ,-1.764534646682e+01  
  1.291248536246e-05  ,-2.293551264226e+01  ,-9.836404158653e+00  
  1.291451415555e-05  ,-2.642030927880e+01  ,-4.912251764231e+00  
  1.291804684834e-05  ,-3.222413295452e+01  ,-2.852289965118e+00  
  1.292177437381e-05  ,-3.791678565141e+01  ,-3.957586538577e+00  
  1.292575596409e-05  ,-4.342194581859e+01  ,-3.325772934175e+00  
  1.292855924504e-05  ,-4.689556680385e+01  ,-3.218752291019e+00  
  1.293142883615e-05  ,-5.007467011458e+01  ,-3.148466921637e+00  
  1.293229980902e-05  ,-5.096023400007e+01  ,-3.100332106693e+00  
  1.293404175477e-05  ,-5.261627240308e+01  ,-3.005093987298e+00  
  1.293729356067e-05  ,-5.528269399567e+01  ,-2.838645829084e+00  
  1.294379717247e-05  ,-5.886439924117e+01  ,-2.518205669806e+00  
  1.295028215782e-05  ,-5.999764276788e+01  ,-2.203012948753e+00  
  1.295783853666e-05  ,-5.818993075169e+01  ,-1.837710027770e+00  
  1.296981161968e-05  ,-4.874888418761e+01  ,-1.257546946330e+00  
  1.297998017208e-05  ,-3.529734509610e+01  ,-7.524633750629e-01  
  1.298486700790e-05  ,-2.746255285178e+01  ,-4.778862729801e-01  
  1.298630515622e-05  ,-2.502512965077e+01  ,-3.844292672267e-01  
  1.298849078403e-05  ,-2.122473997805e+01  ,-2.320756688285e-01  
  1.299109513448e-05  ,-1.656718788829e+01  ,-2.958019038521e-02  
  1.299630383538e-05  ,-6.951459908417e+00  ,5.345370601868e-01  
  1.300027573989e-05  ,5.197509532937e-01  ,1.614834715977e+00  
  1.300580258058e-05  ,1.087712953358e+01  ,1.089314841060e+01  
  1.300772036003e-05  ,1.441027515602e+01  ,1.437379256193e+01  
  1.301000247286e-05  ,1.854545270550e+01  ,1.832662182401e+01  
  1.301159522073e-05  ,2.137629538109e+01  ,1.330032517683e+01  
  1.301333530383e-05  ,2.440759171518e+01  ,6.521909497930e+00  
  1.301575674252e-05  ,2.850256778957e+01  ,4.056174522876e+00  
  1.301771065728e-05  ,3.168779092131e+01  ,3.632359599840e+00  
  1.302028744058e-05  ,3.570400697621e+01  ,3.578093826334e+00  
  1.302368229763e-05  ,4.063424140920e+01  ,3.507535096772e+00  
  1.302740013735e-05  ,4.550188367567e+01  ,3.343238750904e+00  
  1.302981747822e-05  ,4.833799792696e+01  ,3.218265264244e+00  
  1.303213572638e-05  ,5.079629954200e+01  ,3.097820688720e+00  
  1.303425318138e-05  ,5.280664523620e+01  ,2.990772454553e+00  
  1.303670628504e-05  ,5.484305963230e+01  ,2.868541683375e+00  
  1.304161249237e-05  ,5.792903604960e+01  ,2.627053696180e+00  
  1.304798348384e-05  ,5.987964083567e+01  ,2.315819774357e+00  
  1.305617614226e-05  ,5.887411858187e+01  ,1.917487993935e+00  
  1.306734754281e-05  ,5.130797554314e+01  ,1.377359347566e+00  
  1.307763083415e-05  ,3.877902556628e+01  ,8.723762405053e-01  
  1.308356745677e-05  ,2.961700432264e+01  ,5.543206525135e-01  
  1.308864651756e-05  ,2.094991677762e+01  ,2.357154289856e-01  
  1.308961416171e-05  ,1.923133264844e+01  ,1.570939630017e-01  
  1.309078800069e-05  ,1.712283454178e+01  ,5.587378585925e-02  
  1.309313567863e-05  ,1.283888738359e+01  ,-1.661575040417e-01  
  1.309783103453e-05  ,4.085240544299e+00  ,-8.524035809165e-01  
  1.310169937597e-05  ,-3.201726797178e+00  ,-3.362730024823e+00  
  1.310450414704e-05  ,-8.461812841718e+00  ,-8.508163436850e+00  
  1.310749331997e-05  ,-1.399447787496e+01  ,-1.396187134648e+01  
  1.311047765003e-05  ,-1.939518295971e+01  ,-1.764040603448e+01  
  1.311259994791e-05  ,-2.313494894955e+01  ,-9.502618491290e+00  
  1.311466524886e-05  ,-2.667571692570e+01  ,-4.713887818751e+00  
  1.311833689497e-05  ,-3.268397234021e+01  ,-2.809157363279e+00  
  1.312211284922e-05  ,-3.840909900778e+01  ,-3.953189411532e+00  
  1.312616745518e-05  ,-4.395358567961e+01  ,-3.294746548095e+00  
  1.312894540416e-05  ,-4.734615632003e+01  ,-3.195404459243e+00  
  1.313154602931e-05  ,-5.019602421750e+01  ,-3.140266225470e+00  
  1.313249076293e-05  ,-5.114931024492e+01  ,-3.090004768235e+00  
  1.313428802924e-05  ,-5.283779953704e+01  ,-2.992997549467e+00  
  1.313788256185e-05  ,-5.570471950825e+01  ,-2.809194174931e+00  
  1.314502692358e-05  ,-5.926921824717e+01  ,-2.460360870761e+00  
  1.315149030225e-05  ,-5.993425081404e+01  ,-2.144644324926e+00  
  1.315890064971e-05  ,-5.766958731762e+01  ,-1.785337304742e+00  
  1.316965034740e-05  ,-4.892548064096e+01  ,-1.265264618214e+00  
  1.317910066383e-05  ,-3.662431015956e+01  ,-7.971098570805e-01  
  1.318420803683e-05  ,-2.856097049543e+01  ,-5.161907724211e-01  
  1.318675501780e-05  ,-2.425196477025e+01  ,-3.556228878426e-01  
  1.318849882619e-05  ,-2.121056035545e+01  ,-2.328188907764e-01  
  1.319085171954e-05  ,-1.700768784424e+01  ,-4.556254532880e-02  
  1.319555750625e-05  ,-8.346744856721e+00  ,4.357306072875e-01  
  1.319900265472e-05  ,-1.879643984938e+00  ,1.133303753511e+00  
  1.320223918693e-05  ,4.217287648930e+00  ,4.346849234513e+00  
  1.320410034196e-05  ,7.707605052719e+00  ,7.766943211421e+00  
  1.320638245480e-05  ,1.195019131706e+01  ,1.194972990416e+01  
  1.320962047713e-05  ,1.785934751592e+01  ,1.771447752235e+01  
  1.321215702729e-05  ,2.236240733096e+01  ,1.184293426010e+01  
  1.321463844316e-05  ,2.663044834898e+01  ,5.036302840399e+00  
  1.321711315350e-05  ,3.072587866714e+01  ,3.238220654346e+00  
  1.322072594003e-05  ,3.636487837419e+01  ,3.181718424379e+00  
  1.322435772555e-05  ,4.156176349866e+01  ,3.667286980084e+00  
  1.322738675909e-05  ,4.548544216802e+01  ,3.451729786396e+00  
  1.322970761494e-05  ,4.821502866563e+01  ,3.255806189121e+00  
  1.323163396256e-05  ,5.028663281700e+01  ,3.128690333563e+00  
  1.323372757570e-05  ,5.232909400149e+01  ,3.015230465801e+00  
  1.323608903722e-05  ,5.436086972258e+01  ,2.897440911965e+00  
  1.324081196026e-05  ,5.751772891734e+01  ,2.667120495544e+00  
  1.324736549096e-05  ,5.979461323323e+01  ,2.345353232037e+00  
  1.325519605117e-05  ,5.920236676679e+01  ,1.965352347249e+00  
  1.326450033621e-05  ,5.388137573115e+01  ,1.514902571097e+00  
  1.327386273579e-05  ,4.391482804465e+01  ,1.059496652793e+00  
  1.328375412659e-05  ,2.931048758096e+01  ,5.419021879939e-01  
  1.328873931007e-05  ,2.078592684781e+01  ,2.306333462165e-01  
  1.328985279934e-05  ,1.880470698599e+01  ,1.399787047307e-01  
  1.329095716165e-05  ,1.681699334624e+01  ,4.263687992245e-02  
  1.329316588627e-05  ,1.278326042319e+01  ,-1.696252233779e-01  
  1.329758333550e-05  ,4.550930301848e+00  ,-8.036891093128e-01  
  1.330124641345e-05  ,-2.348833663440e+00  ,-2.571426515963e+00  
  1.330461593853e-05  ,-8.670376119619e+00  ,-8.714279733061e+00  
  1.330749782310e-05  ,-1.400273182266e+01  ,-1.397041502220e+01  
  1.331038492309e-05  ,-1.922969854498e+01  ,-1.788575068548e+01  
  1.331247294830e-05  ,-2.291388787678e+01  ,-9.895803544849e+00  
  1.331448348747e-05  ,-2.636839518935e+01  ,-4.877807080753e+00  
  1.331850456582e-05  ,-3.294856200674e+01  ,-3.659586351131e+00  
  1.332218254493e-05  ,-3.850993422317e+01  ,-3.689545296213e+00  
  1.332640255378e-05  ,-4.425403779272e+01  ,-3.374532936557e+00  
  1.332888583229e-05  ,-4.727709783764e+01  ,-3.251388321224e+00  
  1.333150769161e-05  ,-5.015640013596e+01  ,-3.125644142582e+00  
  1.333250606941e-05  ,-5.116438660861e+01  ,-3.077326524318e+00  
  1.333427390592e-05  ,-5.282518078943e+01  ,-2.989956859019e+00  
  1.333780957894e-05  ,-5.565345884170e+01  ,-2.814151127561e+00  
  1.334488092498e-05  ,-5.922577397732e+01  ,-2.465997313721e+00  
  1.335138528185e-05  ,-5.994318948331e+01  ,-2.150683836581e+00  
  1.335879413919e-05  ,-5.772467471607e+01  ,-1.790640351750e+00  
  1.336967794733e-05  ,-4.889534710166e+01  ,-1.263878665768e+00  
  1.337919531898e-05  ,-3.648282325036e+01  ,-7.922938740618e-01  
  1.338433323936e-05  ,-2.835320199955e+01  ,-5.090417190724e-01  
  1.338676212864e-05  ,-2.423970427651e+01  ,-3.551433142994e-01  
  1.338856889443e-05  ,-2.108696153075e+01  ,-2.277107593493e-01  
  1.339093706147e-05  ,-1.685335928164e+01  ,-3.833561377674e-02  
  1.339567339556e-05  ,-8.130367851984e+00  ,4.515133310155e-01  
  1.339913679795e-05  ,-1.626898110949e+00  ,1.174651866763e+00  
  1.340243479745e-05  ,4.585010915174e+00  ,4.704233615092e+00  
  1.340431718664e-05  ,8.112779094182e+00  ,8.165726738681e+00  
  1.340646891432e-05  ,1.210985423500e+01  ,1.210692532525e+01  
  1.340918241577e-05  ,1.706938246068e+01  ,1.696548716381e+01  
  1.341256758706e-05  ,2.307865506410e+01  ,9.781047401488e+00  
  1.341473831372e-05  ,2.679901029695e+01  ,4.580425300448e+00  
  1.341737097637e-05  ,3.114229157784e+01  ,3.912616733480e+00  
  1.342098525302e-05  ,3.675245501812e+01  ,3.606162601880e+00  
  1.342459766702e-05  ,4.188677665552e+01  ,3.523658774435e+00  
  1.342739834027e-05  ,4.549967558220e+01  ,3.360849458379e+00  
  1.342967374758e-05  ,4.817700526119e+01  ,3.228618643103e+00  
  1.343153713779e-05  ,5.018684083405e+01  ,3.128578821133e+00  
  1.343359759586e-05  ,5.220879223603e+01  ,3.023301462367e+00  
  1.343595868485e-05  ,5.425641891535e+01  ,2.905395461085e+00  
  1.344068086283e-05  ,5.744689838032e+01  ,2.672828375817e+00  
  1.344707942145e-05  ,5.974762049464e+01  ,2.359722603802e+00  
  1.345489508049e-05  ,5.929191628320e+01  ,1.979646291756e+00  
  1.346365696327e-05  ,5.456177797699e+01  ,1.555897059552e+00  
  1.347429341213e-05  ,4.335766317193e+01  ,1.038519249205e+00  
  1.348394936459e-05  ,2.898882337083e+01  ,5.300557928178e-01  
  1.348900383846e-05  ,2.031746747916e+01  ,2.120454531411e-01  
  1.349012384699e-05  ,1.831885946799e+01  ,1.190608774407e-01  
  1.349123454230e-05  ,1.631446821233e+01  ,1.895431265656e-02  
  1.349345593290e-05  ,1.224856471431e+01  ,-2.006120540368e-01  
  1.349789871411e-05  ,3.957954446036e+00  ,-8.728665552790e-01  
  1.350168062882e-05  ,-3.166439044968e+00  ,-3.330187658422e+00  
  1.350438779728e-05  ,-8.244634653207e+00  ,-8.294489142072e+00  
  1.350728048520e-05  ,-1.360404895345e+01  ,-1.357790297910e+01  
  1.351016348736e-05  ,-1.883385749752e+01  ,-1.827332453482e+01  
  1.351231111722e-05  ,-2.263166957025e+01  ,-1.048593931235e+01  
  1.351439467208e-05  ,-2.621791300276e+01  ,-4.891190000293e+00  
  1.351816168563e-05  ,-3.240651786039e+01  ,-3.705878560010e+00  
  1.352208665149e-05  ,-3.837114869023e+01  ,-3.693063540100e+00  
  1.352618745105e-05  ,-4.397923359200e+01  ,-3.440566643409e+00  
  1.352878062563e-05  ,-4.715473306024e+01  ,-3.278094911997e+00  
  1.353150232272e-05  ,-5.015084529189e+01  ,-3.128893321177e+00  
  1.353238605471e-05  ,-5.104585913470e+01  ,-3.084265735519e+00  
  1.353415351869e-05  ,-5.271719666974e+01  ,-2.995732096366e+00  
  1.353767466308e-05  ,-5.555792848721e+01  ,-2.820497985782e+00  
  1.354471695186e-05  ,-5.917549563296e+01  ,-2.474879800221e+00  
  1.355112221600e-05  ,-5.996271544797e+01  ,-2.162927148773e+00  
  1.355853926899e-05  ,-5.785386911170e+01  ,-1.803288932154e+00  
  1.356971364976e-05  ,-4.885631273582e+01  ,-1.262212696937e+00  
  1.357939493419e-05  ,-3.618339004079e+01  ,-7.821839232585e-01  
  1.358461034061e-05  ,-2.789180864576e+01  ,-4.931782641513e-01  
  1.358602669598e-05  ,-2.550121694803e+01  ,-4.022008402294e-01  
  1.358815793456e-05  ,-2.181040830170e+01  ,-2.555943986437e-01  
  1.359046649696e-05  ,-1.770276972624e+01  ,-8.108788574015e-02  
  1.359508362176e-05  ,-9.230353002154e+00  ,3.712367252006e-01  
  1.359864462675e-05  ,-2.554046438120e+00  ,1.026763253825e+00  
  1.360190500082e-05  ,3.588698776495e+00  ,3.738787239289e+00  
  1.360388685526e-05  ,7.308355861135e+00  ,7.374102930921e+00  
  1.360644538464e-05  ,1.206641128657e+01  ,1.206453559336e+01  
  1.360920917751e-05  ,1.711773669418e+01  ,1.701176376545e+01  
  1.361206498505e-05  ,2.220131903373e+01  ,1.250964723938e+01  
  1.361412246288e-05  ,2.575543556265e+01  ,6.139500674707e+00  
  1.361649770798e-05  ,2.972376722805e+01  ,3.991198340235e+00  
  1.362011869015e-05  ,3.544786740694e+01  ,3.343790435786e+00  
  1.362386633219e-05  ,4.088879535804e+01  ,3.661812129215e+00  
  1.362777341665e-05  ,4.595738210344e+01  ,3.407416111915e+00  
  1.363005590202e-05  ,4.860288136512e+01  ,3.230570755984e+00  
  1.363137055697e-05  ,5.001406892149e+01  ,3.145059669944e+00  
  1.363298155875e-05  ,5.162681820216e+01  ,3.055144436171e+00  
  1.363558441909e-05  ,5.395147083240e+01  ,2.922629378413e+00  
  1.364037365229e-05  ,5.727710071078e+01  ,2.688599522658e+00  
  1.364631549032e-05  ,5.959849085785e+01  ,2.396694171813e+00  
  1.365391210230e-05  ,5.954742071817e+01  ,2.027504746191e+00  
  1.366139844568e-05  ,5.619402014137e+01  ,1.665009994031e+00  
  1.367091283710e-05  ,4.750982239180e+01  ,1.203921234852e+00  
  1.367951676758e-05  ,3.599993357985e+01  ,7.748545391778e-01  
  1.368410110982e-05  ,2.873806178838e+01  ,5.221001365344e-01  
  1.368535653265e-05  ,2.663893448194e+01  ,4.428170408760e-01  
  1.368768334897e-05  ,2.264132972769e+01  ,2.879337527464e-01  
  1.368985109539e-05  ,1.880775700253e+01  ,1.298624836854e-01  
  1.369418658824e-05  ,1.089720690431e+01  ,-2.760291452668e-01  
  1.369830675931e-05  ,3.190178475489e+00  ,-9.327938959171e-01  
  1.370178469034e-05  ,-3.362299767927e+00  ,-3.519120974688e+00  
  1.370406978340e-05  ,-7.650477235055e+00  ,-7.710038655475e+00  
  1.370696098121e-05  ,-1.301680726325e+01  ,-1.300066126006e+01  
  1.370974787088e-05  ,-1.808845105698e+01  ,-1.792365599426e+01  
  1.371193722399e-05  ,-2.197740982769e+01  ,-1.223987647316e+01  
  1.371436462314e-05  ,-2.616695405178e+01  ,-4.630086930160e+00  
  1.371679947288e-05  ,-3.021653370698e+01  ,-2.923787755558e+00  
  1.371959195049e-05  ,-3.464197480893e+01  ,-3.155269422885e+00  
  1.372358173640e-05  ,-4.049457213796e+01  ,-3.432948914883e+00  
  1.372768030079e-05  ,-4.584434559000e+01  ,-3.370771602676e+00  
  1.372995123775e-05  ,-4.848693663917e+01  ,-3.232422938118e+00  
  1.373197109015e-05  ,-5.063045541356e+01  ,-3.112655225004e+00  
  1.373413958164e-05  ,-5.270464677194e+01  ,-2.996754740553e+00  
  1.373672530563e-05  ,-5.485759177604e+01  ,-2.866729784991e+00  
  1.374189675362e-05  ,-5.806628530328e+01  ,-2.613459861571e+00  
  1.374870285900e-05  ,-5.995018785166e+01  ,-2.280546731860e+00  
  1.375659153374e-05  ,-5.871813744787e+01  ,-1.897535022342e+00  
  1.376908168705e-05  ,-4.953812353522e+01  ,-1.293136360516e+00  
  1.377977178009e-05  ,-3.561423219270e+01  ,-7.636860025753e-01  
  1.378549233587e-05  ,-2.640932282022e+01  ,-4.427034404456e-01  
  1.378711991520e-05  ,-2.362126032576e+01  ,-3.334848457638e-01  
  1.378930889578e-05  ,-1.977549445458e+01  ,-1.730375653775e-01  
  1.379184283824e-05  ,-1.520814610647e+01  ,3.646411414878e-02  
  1.379691072316e-05  ,-5.814012395336e+00  ,6.374044096334e-01  
  1.380091093989e-05  ,1.716846864904e+00  ,2.067009401969e+00  
  1.380556755276e-05  ,1.044116055696e+01  ,1.046359907146e+01  
  1.380878024311e-05  ,1.634128624715e+01  ,1.626572331992e+01  
  1.381169826300e-05  ,2.155766826734e+01  ,1.446467497207e+01  
  1.381378815086e-05  ,2.518487320410e+01  ,7.090629319970e+00  
  1.381600432606e-05  ,2.891236596209e+01  ,4.150793901105e+00  
  1.381973334165e-05  ,3.485923877316e+01  ,3.164686634464e+00  
  1.382364713164e-05  ,4.058544547878e+01  ,3.747566692287e+00  
  1.382815100761e-05  ,4.641171169652e+01  ,3.219912978446e+00  
  1.383011721583e-05  ,4.867055942162e+01  ,3.157524470222e+00  
  1.383125529201e-05  ,4.989371797839e+01  ,3.123536950803e+00  
  1.383289889009e-05  ,5.154724421452e+01  ,3.056457754989e+00  
  1.383572675796e-05  ,5.406832836879e+01  ,2.920074498304e+00  
  1.384051524611e-05  ,5.735602450993e+01  ,2.679537716249e+00  
  1.384632595392e-05  ,5.960076557300e+01  ,2.397413796924e+00  
  1.385394640775e-05  ,5.953945874243e+01  ,2.025067775463e+00  
  1.386152513833e-05  ,5.610987506959e+01  ,1.659387027729e+00  
  1.387108274312e-05  ,4.731354733092e+01  ,1.195773856043e+00  
  1.387971945615e-05  ,3.569355831669e+01  ,7.643890124682e-01  
  1.388430305333e-05  ,2.840333473139e+01  ,5.104546206795e-01  
  1.388558418067e-05  ,2.625376188900e+01  ,4.288697738848e-01  
  1.388769083233e-05  ,2.262826615866e+01  ,2.874163555185e-01  
  1.389006346972e-05  ,1.842720075189e+01  ,1.133749327455e-01  
  1.389480874451e-05  ,9.741965995693e+00  ,-3.346784398941e-01  
  1.389849864455e-05  ,2.828939174968e+00  ,-9.831763568707e-01  
  1.390181862326e-05  ,-3.426159391882e+00  ,-3.582045845105e+00  
  1.390391633423e-05  ,-7.363505511136e+00  ,-7.428187044956e+00  
  1.390659668060e-05  ,-1.234563354846e+01  ,-1.233969553104e+01  
  1.390930422159e-05  ,-1.728936828400e+01  ,-1.717620281129e+01  
  1.391198792072e-05  ,-2.206630157108e+01  ,-1.262088900837e+01  
  1.391425103457e-05  ,-2.597411282637e+01  ,-5.748036197842e+00  
  1.391651526602e-05  ,-2.975251222020e+01  ,-4.026914304984e+00  
  1.392010532828e-05  ,-3.542754329353e+01  ,-3.425583656085e+00  
  1.392381907018e-05  ,-4.082355331464e+01  ,-3.638132375834e+00  
  1.392778501423e-05  ,-4.597143327005e+01  ,-3.390608704145e+00  
  1.393006712706e-05  ,-4.861528503936e+01  ,-3.224709393443e+00  
  1.393204749139e-05  ,-5.070758588923e+01  ,-3.105239023350e+00  
  1.393420108171e-05  ,-5.275994961714e+01  ,-2.992034583895e+00  
  1.393676184626e-05  ,-5.488545464748e+01  ,-2.864648491074e+00  
  1.394188337536e-05  ,-5.805992966302e+01  ,-2.614269548766e+00  
  1.394880272956e-05  ,-5.995756205786e+01  ,-2.275574631332e+00  
  1.395667948337e-05  ,-5.868382836588e+01  ,-1.893365330706e+00  
  1.396940209480e-05  ,-4.919486614869e+01  ,-1.277527181479e+00  
  1.398022331806e-05  ,-3.492569865061e+01  ,-7.404886735369e-01  
  1.398539253087e-05  ,-2.657811691492e+01  ,-4.476499813330e-01  
  1.398694206537e-05  ,-2.392905657322e+01  ,-3.442738868754e-01  
  1.398899395527e-05  ,-2.033499528951e+01  ,-1.960145659180e-01  
  1.399184790017e-05  ,-1.519891600365e+01  ,3.615371085765e-02  
  1.399755578996e-05  ,-4.602701143284e+00  ,7.420573068633e-01  
  1.400216471912e-05  ,4.077254893695e+00  ,4.201049331766e+00  
  1.400526602329e-05  ,9.881002860854e+00  ,9.905212230325e+00  
  1.400905315341e-05  ,1.683565654966e+01  ,1.673736205369e+01  
  1.401189480485e-05  ,2.190298918745e+01  ,1.324036031038e+01  
  1.401412848891e-05  ,2.576569416612e+01  ,6.193844638680e+00  
  1.401643928649e-05  ,2.962805792069e+01  ,4.023727037556e+00  
  1.402007032694e-05  ,3.537427482120e+01  ,3.334069436441e+00  
  1.402383734049e-05  ,4.084878493782e+01  ,3.668051163408e+00  
  1.402782489122e-05  ,4.601970010197e+01  ,3.407436469970e+00  
  1.403010961176e-05  ,4.866217587696e+01  ,3.228584649906e+00  
  1.403131604703e-05  ,4.995723540898e+01  ,3.148946265911e+00  
  1.403299931945e-05  ,5.164386860585e+01  ,3.054127810885e+00  
  1.403553698720e-05  ,5.391229038307e+01  ,2.924809336328e+00  
  1.404048640789e-05  ,5.734004219320e+01  ,2.683078840090e+00  
  1.404627848925e-05  ,5.959039542312e+01  ,2.398490341641e+00  
  1.405394811691e-05  ,5.953906025294e+01  ,2.025731030020e+00  
  1.406141061844e-05  ,5.618597403357e+01  ,1.664426516046e+00  
  1.407091606916e-05  ,4.750610133327e+01  ,1.203763841431e+00  
  1.407951105894e-05  ,3.600854142835e+01  ,7.751408171277e-01  
  1.408409167589e-05  ,2.875367060922e+01  ,5.236802990334e-01  
  1.408534523608e-05  ,2.665801256759e+01  ,4.439442301599e-01  
  1.408767801286e-05  ,2.265064410495e+01  ,2.883089671403e-01  
  1.408983942629e-05  ,1.882864289920e+01  ,1.307192053344e-01  
  1.409416225316e-05  ,1.094231138855e+01  ,-2.623461778961e-01  
  1.409830105068e-05  ,3.200923726495e+00  ,-9.267535181393e-01  
  1.410178270699e-05  ,-3.358567119633e+00  ,-3.515448213970e+00  
  1.410408791663e-05  ,-7.684377316817e+00  ,-7.743396682201e+00  
  1.410699587823e-05  ,-1.308101214007e+01  ,-1.306390828042e+01  
  1.410978425802e-05  ,-1.815383626841e+01  ,-1.798251005767e+01  
  1.411194753410e-05  ,-2.199549212335e+01  ,-1.216778866647e+01  
  1.411431719126e-05  ,-2.608646852079e+01  ,-5.240696225110e+00  
  1.411674570800e-05  ,-3.012893599044e+01  ,-3.253416429454e+00  
  1.412040468813e-05  ,-3.588138198231e+01  ,-3.147316356558e+00  
  1.412411209704e-05  ,-4.122660091793e+01  ,-3.701417596613e+00  
  1.412755128504e-05  ,-4.568708085343e+01  ,-3.456207037885e+00  
  1.412997495891e-05  ,-4.851326039341e+01  ,-3.245047943096e+00  
  1.413117580624e-05  ,-4.981034371167e+01  ,-3.159646061460e+00  
  1.413282983513e-05  ,-5.148050776477e+01  ,-3.063004738817e+00  
  1.413528927179e-05  ,-5.370572538162e+01  ,-2.936651966451e+00  
  1.414009117098e-05  ,-5.711626241326e+01  ,-2.702791928788e+00  
  1.414573424073e-05  ,-5.946202311384e+01  ,-2.424916736153e+00  
  1.415335767479e-05  ,-5.966650024079e+01  ,-2.054474407145e+00  
  1.416086487980e-05  ,-5.653861230449e+01  ,-1.690754385885e+00  
  1.417053275318e-05  ,-4.794398519215e+01  ,-1.222416823109e+00  
  1.417926632376e-05  ,-3.637647618435e+01  ,-7.879121484513e-01  
  1.418394826861e-05  ,-2.899063210769e+01  ,-5.300804880169e-01  
  1.418534078212e-05  ,-2.666553366016e+01  ,-4.433622049690e-01  
  1.418733157726e-05  ,-2.325398663609e+01  ,-3.118167240024e-01  
  1.418953992935e-05  ,-1.936382266465e+01  ,-1.536444675722e-01  
  1.419395663352e-05  ,-1.132316439050e+01  ,2.381756575415e-01  
  1.419821687551e-05  ,-3.359352855969e+00  ,9.026333499591e-01  
  1.420178533109e-05  ,3.363505654522e+00  ,3.519372515320e+00  
  1.420416802676e-05  ,7.834113308976e+00  ,7.890562467337e+00  
  1.420716651292e-05  ,1.339472447180e+01  ,1.337266825127e+01  
  1.420998953791e-05  ,1.852226327920e+01  ,1.828287309602e+01  
  1.421202801676e-05  ,2.213656642088e+01  ,1.162026478044e+01  
  1.421413355084e-05  ,2.577431078088e+01  ,5.485890341485e+00  
  1.421707578512e-05  ,3.066535661985e+01  ,3.038330496457e+00  
  1.422094114633e-05  ,3.668670333483e+01  ,3.071880513601e+00  
  1.422475360842e-05  ,4.209673243796e+01  ,3.689065333489e+00  
  1.422763996334e-05  ,4.579525675550e+01  ,3.457770206761e+00  
  1.422997907312e-05  ,4.851782325838e+01  ,3.246188890553e+00  
  1.423107803376e-05  ,4.970736219547e+01  ,3.166014425077e+00  
  1.423266277225e-05  ,5.131805249462e+01  ,3.071781010318e+00  
  1.423517510803e-05  ,5.360943079701e+01  ,2.942025503745e+00  
  1.423996508630e-05  ,5.704302000627e+01  ,2.709133835756e+00  
  1.424544796856e-05  ,5.938752094548e+01  ,2.438840580252e+00  
  1.425302967937e-05  ,5.972842708763e+01  ,2.070415945606e+00  
  1.426058605821e-05  ,5.671236957354e+01  ,1.704212500451e+00  
  1.427036121996e-05  ,4.813768944085e+01  ,1.230756884628e+00  
  1.427918717773e-05  ,3.649500517706e+01  ,7.920724728244e-01  
  1.428392649205e-05  ,2.902656363393e+01  ,5.314614763471e-01  
  1.428629838438e-05  ,2.503673041491e+01  ,3.839348570168e-01  
  1.428811893375e-05  ,2.187887767315e+01  ,2.590905470232e-01  
  1.429044239731e-05  ,1.774616915120e+01  ,7.958018775696e-02  
  1.429508932443e-05  ,9.219731526765e+00  ,-3.735368900216e-01  
  1.429885484786e-05  ,2.158095326023e+00  ,-1.080804978354e+00  
  1.430210292847e-05  ,-3.961043896095e+00  ,-4.097810780477e+00  
  1.430400804193e-05  ,-7.535032929761e+00  ,-7.596925501930e+00  
  1.430647083135e-05  ,-1.211339337278e+01  ,-1.211061706586e+01  
  1.430948868902e-05  ,-1.762204022958e+01  ,-1.749213222024e+01  
  1.431207590313e-05  ,-2.222043711122e+01  ,-1.219977037047e+01  
  1.431443587454e-05  ,-2.628774882894e+01  ,-5.384913851470e+00  
  1.431680329652e-05  ,-3.022276018012e+01  ,-3.968180611556e+00  
  1.432040416212e-05  ,-3.588058730517e+01  ,-3.478493206491e+00  
  1.432406463237e-05  ,-4.116155125338e+01  ,-3.601461589100e+00  
  1.432753026994e-05  ,-4.566139317286e+01  ,-3.387942523775e+00  
  1.432995208116e-05  ,-4.848787304194e+01  ,-3.224609478738e+00  
  1.433116242798e-05  ,-4.979628042446e+01  ,-3.152524449810e+00  
  1.433282465251e-05  ,-5.147548936861e+01  ,-3.062933262886e+00  
  1.433526769789e-05  ,-5.368758117896e+01  ,-2.939149633900e+00  
  1.434003979476e-05  ,-5.708652615978e+01  ,-2.704633158661e+00  
  1.434567839415e-05  ,-5.944786649392e+01  ,-2.427999932235e+00  
  1.435329884799e-05  ,-5.967807340138e+01  ,-2.057095119760e+00  
  1.436080903323e-05  ,-5.657376287799e+01  ,-1.693601721028e+00  
  1.437049478801e-05  ,-4.798697762090e+01  ,-1.224302279056e+00  
  1.437924325974e-05  ,-3.641104007992e+01  ,-7.891156256467e-01  
  1.438393638046e-05  ,-2.901024934524e+01  ,-5.307856521536e-01  
  1.438534472646e-05  ,-2.665887315398e+01  ,-4.431256919195e-01  
  1.438731950285e-05  ,-2.327496583091e+01  ,-3.126460929199e-01  
  1.438952710988e-05  ,-1.938669222359e+01  ,-1.519291115920e-01  
  1.439394232394e-05  ,-1.134965150265e+01  ,2.380148998289e-01  
  1.439821225168e-05  ,-3.368054863619e+00  ,9.016496030992e-01  
  1.440178629519e-05  ,3.365320090614e+00  ,3.521051883932e+00  
  1.440417234363e-05  ,7.842180678938e+00  ,7.898481345827e+00  
  1.440717530014e-05  ,1.341086944544e+01  ,1.338854019192e+01  
  1.441000242294e-05  ,1.854536321818e+01  ,1.829750611764e+01  
  1.441203531386e-05  ,2.214935018046e+01  ,1.157729522364e+01  
  1.441412967207e-05  ,2.576770823452e+01  ,5.487783388204e+00  
  1.441711921753e-05  ,3.073569600860e+01  ,3.016590354595e+00  
  1.442097191276e-05  ,3.673257556808e+01  ,3.069820796189e+00  
  1.442479704083e-05  ,4.215502913470e+01  ,3.687806373340e+00  
  1.442767818035e-05  ,4.584176694935e+01  ,3.455785603145e+00  
  1.443002325059e-05  ,4.856676718631e+01  ,3.243730004956e+00  
  1.443111382933e-05  ,4.974511932039e+01  ,3.164204610828e+00  
  1.443269447000e-05  ,5.134898481612e+01  ,3.070204469368e+00  
  1.443523549052e-05  ,5.366044806853e+01  ,2.938984206805e+00  
  1.444009252401e-05  ,5.711704352581e+01  ,2.702889316763e+00  
  1.444559999318e-05  ,5.942768377153e+01  ,2.431418979966e+00  
  1.445319511504e-05  ,5.969798443892e+01  ,2.062390624985e+00  
  1.446073808284e-05  ,5.661816882158e+01  ,1.696862284582e+00  
  1.447045811029e-05  ,4.802844727665e+01  ,1.226043488930e+00  
  1.447923787446e-05  ,3.641910774502e+01  ,7.894197409579e-01  
  1.448394813152e-05  ,2.899085835109e+01  ,5.301540937772e-01  
  1.448536225171e-05  ,2.662927462282e+01  ,4.420865689478e-01  
  1.448733404787e-05  ,2.324969355363e+01  ,3.116867677197e-01  
  1.448954463513e-05  ,1.935542689011e+01  ,1.505881247852e-01  
  1.449396580966e-05  ,1.130617811499e+01  ,-2.405863716689e-01  
  1.449821711095e-05  ,3.358909761196e+00  ,-9.031928754944e-01  
  1.450178333135e-05  ,-3.359742162085e+00  ,-3.515791308108e+00  
  1.450416304679e-05  ,-7.824806554079e+00  ,-7.881402555251e+00  
  1.450715855272e-05  ,-1.338009811163e+01  ,-1.335826478518e+01  
  1.450997934254e-05  ,-1.850398313781e+01  ,-1.827008958890e+01  
  1.451202266426e-05  ,-2.212718866173e+01  ,-1.164843407383e+01  
  1.451413751157e-05  ,-2.578105244059e+01  ,-5.481612962429e+00  
  1.451704696329e-05  ,-3.061864775684e+01  ,-3.053552227016e+00  
  1.452092275532e-05  ,-3.665926626929e+01  ,-3.979324494989e+00  
  1.452474043281e-05  ,-4.207903212078e+01  ,-3.398528816297e+00  
  1.452755116434e-05  ,-4.568693337414e+01  ,-3.277640236119e+00  
  1.452987835319e-05  ,-4.840588705079e+01  ,-3.194926612024e+00  
  1.453098625453e-05  ,-4.961026647226e+01  ,-3.149223949460e+00  
  1.453258272769e-05  ,-5.123971437980e+01  ,-3.074624751577e+00  
  1.453503471376e-05  ,-5.349006602148e+01  ,-2.953025110820e+00  
  1.453967791559e-05  ,-5.687286417245e+01  ,-2.721363925846e+00  
  1.454508852722e-05  ,-5.928717541220e+01  ,-2.457344322580e+00  
  1.455264043571e-05  ,-5.979368863620e+01  ,-2.088680526145e+00  
  1.456023257734e-05  ,-5.692639655320e+01  ,-1.721696422087e+00  
  1.457015079023e-05  ,-4.837340773024e+01  ,-1.241087828938e+00  
  1.457909744741e-05  ,-3.662911225238e+01  ,-7.967968415783e-01  
  1.458390977742e-05  ,-2.905413372192e+01  ,-5.325863171021e-01  
  1.458641056480e-05  ,-2.484440948587e+01  ,-3.770420715641e-01  
  1.458816964687e-05  ,-2.178983990286e+01  ,-2.557323243014e-01  
  1.459049236538e-05  ,-1.765617375563e+01  ,-7.547946483495e-02  
  1.459513780238e-05  ,-9.129427356248e+00  ,3.799174137618e-01  
  1.459867086770e-05  ,-2.504627393574e+00  ,1.034955707696e+00  
  1.460192453624e-05  ,3.625455576246e+00  ,3.774236899354e+00  
  1.460388627411e-05  ,7.307268583522e+00  ,7.373042238934e+00  
  1.460642505945e-05  ,1.202887950224e+01  ,1.202752313919e+01  
  1.460919444026e-05  ,1.709111031123e+01  ,1.698613091020e+01  
  1.461204726757e-05  ,2.217028932702e+01  ,1.257977550529e+01  
  1.461410176517e-05  ,2.572019312383e+01  ,6.179780384961e+00  
  1.461646583439e-05  ,2.967156255850e+01  ,3.999056987879e+00  
  1.462008867921e-05  ,3.540221044582e+01  ,3.337555400534e+00  
  1.462384451689e-05  ,4.085869199009e+01  ,3.665868902217e+00  
  1.462780375542e-05  ,4.599412646340e+01  ,3.407659063628e+00  
  1.463008698584e-05  ,4.863721417808e+01  ,3.229551476957e+00  
  1.463129435243e-05  ,4.993457527460e+01  ,3.150024691526e+00  
  1.463297818364e-05  ,5.162357624999e+01  ,3.055256500158e+00  
  1.463550244035e-05  ,5.388367808460e+01  ,2.926613620287e+00  
  1.464042131366e-05  ,5.730379357503e+01  ,2.686298166036e+00  
  1.464619476856e-05  ,5.957178104936e+01  ,2.402601484523e+00  
  1.465385992588e-05  ,5.955939777812e+01  ,2.030016681411e+00  
  1.466132689776e-05  ,5.624114667055e+01  ,1.668482289008e+00  
  1.467085321011e-05  ,4.757838277449e+01  ,1.206829504124e+00  
  1.467946608128e-05  ,3.607632112555e+01  ,7.774856801499e-01  
  1.468406010927e-05  ,2.880588052002e+01  ,5.244834320528e-01  
  1.468533564867e-05  ,2.667420151834e+01  ,4.440748367165e-01  
  1.468746576966e-05  ,2.302060382294e+01  ,3.026767162695e-01  
  1.468968753280e-05  ,1.910027707763e+01  ,1.423991134843e-01  
  1.469413105907e-05  ,1.100011951193e+01  ,-2.686516483662e-01  
  1.469826315106e-05  ,3.272258795567e+00  ,-9.208026786530e-01  
  1.470177535476e-05  ,-3.344730126419e+00  ,-3.502027835823e+00  
  1.470409248532e-05  ,-7.692918106504e+00  ,-7.751740318354e+00  
  1.470701981844e-05  ,-1.312504914930e+01  ,-1.310722768584e+01  
  1.470980670811e-05  ,-1.819416571552e+01  ,-1.801769970575e+01  
  1.471195135774e-05  ,-2.200219758839e+01  ,-1.211295897941e+01  
  1.471428040923e-05  ,-2.602401448502e+01  ,-5.289637217916e+00  
  1.471675176682e-05  ,-3.013881175719e+01  ,-3.240776768972e+00  
  1.472082723440e-05  ,-3.651656451014e+01  ,-3.950339214998e+00  
  1.472450484098e-05  ,-4.176132024493e+01  ,-3.427194506422e+00  
  1.472743403675e-05  ,-4.554350908514e+01  ,-3.290405140078e+00  
  1.472976420583e-05  ,-4.827844230022e+01  ,-3.202295058793e+00  
  1.473164808513e-05  ,-5.030114932171e+01  ,-3.118987402202e+00  
  1.473371934654e-05  ,-5.232150341682e+01  ,-3.018314997115e+00  
  1.473612141372e-05  ,-5.438667160562e+01  ,-2.898448626909e+00  
  1.474092554809e-05  ,-5.757831036408e+01  ,-2.660255724920e+00  
  1.474744629623e-05  ,-5.980701254319e+01  ,-2.341110709598e+00  
  1.475527834655e-05  ,-5.917695913248e+01  ,-1.961586761670e+00  
  1.476474207403e-05  ,-5.367935463427e+01  ,-1.503061198859e+00  
  1.477410596372e-05  ,-4.360114622366e+01  ,-1.047485474866e+00  
  1.478385579349e-05  ,-2.914312319427e+01  ,-5.358103500644e-01  
  1.478877243163e-05  ,-2.072734908308e+01  ,-2.278949534768e-01  
  1.478986785324e-05  ,-1.877775860999e+01  ,-1.385813458789e-01  
  1.479095433415e-05  ,-1.682210935439e+01  ,-4.280480807227e-02  
  1.479312729599e-05  ,-1.285432187257e+01  ,1.657169812372e-01  
  1.479747321965e-05  ,-4.757868233689e+00  ,7.818224775514e-01  
  1.480107967319e-05  ,2.034745796600e+00  ,2.308665303522e+00  
  1.480511639775e-05  ,9.602708026722e+00  ,9.636750629385e+00  
  1.480831679465e-05  ,1.549902817700e+01  ,1.544248972291e+01  
  1.481155258180e-05  ,2.130117758579e+01  ,1.436024417425e+01  
  1.481373001398e-05  ,2.508536704546e+01  ,6.773522025987e+00  
  1.481596369804e-05  ,2.884523812092e+01  ,4.130968409638e+00  
  1.481965285303e-05  ,3.473564269140e+01  ,3.243305757522e+00  
  1.482356887819e-05  ,4.047668422357e+01  ,3.727782319977e+00  
  1.482801836492e-05  ,4.625285261589e+01  ,3.237766763502e+00  
  1.483005982400e-05  ,4.860721584623e+01  ,3.165747195124e+00  
  1.483122639866e-05  ,4.986344711051e+01  ,3.127421965737e+00  
  1.483288210393e-05  ,5.153104395628e+01  ,3.057582581424e+00  
  1.483563211323e-05  ,5.399074712636e+01  ,2.924293658694e+00  
  1.484038409354e-05  ,5.728295934158e+01  ,2.686195092293e+00  
  1.484616276385e-05  ,5.956455626477e+01  ,2.405222839142e+00  
  1.485378470780e-05  ,5.957638238907e+01  ,2.033306451467e+00  
  1.486135151745e-05  ,5.622496244776e+01  ,1.667558039334e+00  
  1.487093445422e-05  ,4.748492538744e+01  ,1.202944763022e+00  
  1.487959351899e-05  ,3.588409051971e+01  ,7.709397073932e-01  
  1.488419946791e-05  ,2.857517413671e+01  ,5.165049754364e-01  
  1.488547221334e-05  ,2.644337577256e+01  ,4.357881381616e-01  
  1.488771074028e-05  ,2.259350712791e+01  ,2.860731393160e-01  
  1.488996081562e-05  ,1.861125140082e+01  ,1.213586270555e-01  
  1.489446096630e-05  ,1.038821941826e+01  ,-3.075022066860e-01  
  1.489837252112e-05  ,3.066389013491e+00  ,-9.529111614913e-01  
  1.490177557380e-05  ,-3.345142378286e+00  ,-3.503562650880e+00  
  1.490398318084e-05  ,-7.488539578522e+00  ,-7.550934935803e+00  
  1.490678608926e-05  ,-1.269480030299e+01  ,-1.268361037154e+01  
  1.490951858969e-05  ,-1.767590819852e+01  ,-1.754266455297e+01  
  1.491188340397e-05  ,-2.188298071191e+01  ,-1.268900719645e+01  
  1.491404220970e-05  ,-2.561872613705e+01  ,-5.918444765707e+00  
  1.491627812894e-05  ,-2.936352434256e+01  ,-4.064696434652e+00  
  1.491993226619e-05  ,-3.516374394497e+01  ,-3.400903649108e+00  
  1.492372163148e-05  ,-4.068876184391e+01  ,-3.657306960940e+00  
  1.492831193419e-05  ,-4.660336260894e+01  ,-3.245518236207e+00  
  1.493033364923e-05  ,-4.890801267817e+01  ,-3.164230463378e+00  
  1.493145943196e-05  ,-5.010641776589e+01  ,-3.120855413987e+00  
  1.493308533491e-05  ,-5.172621652948e+01  ,-3.048047721217e+00  
  1.493609462441e-05  ,-5.436532635208e+01  ,-2.900637552353e+00  
  1.494118560614e-05  ,-5.771424871854e+01  ,-2.647013551675e+00  
  1.494716395201e-05  ,-5.976200883419e+01  ,-2.356356422021e+00  
  1.495480675758e-05  ,-5.931718981214e+01  ,-1.983450020612e+00  
  1.496380556883e-05  ,-5.444465500117e+01  ,-1.549027827772e+00  
  1.497338254513e-05  ,-4.452656633931e+01  ,-1.083255054746e+00  
  1.498368818821e-05  ,-2.941887582280e+01  ,-5.464062156054e-01  
  1.498888198794e-05  ,-2.053343161464e+01  ,-2.219870700374e-01  
  1.499004502358e-05  ,-1.846028741000e+01  ,-1.259921800015e-01  
  1.499119855972e-05  ,-1.637972789514e+01  ,-2.231725091294e-02  
  1.499350563200e-05  ,-1.215684203665e+01  ,2.056414387434e-01  
  1.499811977656e-05  ,-3.542077043797e+00  ,9.214125436819e-01  
  1.500204325230e-05  ,3.848795463041e+00  ,3.985004364044e+00  
  1.500443302603e-05  ,8.329071780110e+00  ,8.377168849347e+00  
  1.500737526031e-05  ,1.377798271291e+01  ,1.374912573042e+01  
  1.501046352597e-05  ,1.936998714802e+01  ,1.766856372104e+01  
  1.501253031702e-05  ,2.301379176351e+01  ,9.734929071506e+00  
  1.501459859820e-05  ,2.656312460940e+01  ,4.831954386733e+00  
  1.501817375930e-05  ,3.242566882745e+01  ,2.848563019962e+00  
  1.502195641907e-05  ,3.818210733951e+01  ,3.953441695303e+00  
  1.502596110614e-05  ,4.368789866431e+01  ,3.311186182458e+00  
  1.502874948592e-05  ,4.711841593912e+01  ,3.207459619656e+00  
  1.503147565337e-05  ,5.012323108158e+01  ,3.144909107565e+00  
  1.503232129426e-05  ,5.098159966477e+01  ,3.098825181897e+00  
  1.503401257606e-05  ,5.258981681973e+01  ,3.006717903703e+00  
  1.503739513965e-05  ,5.535683120179e+01  ,2.833480586360e+00  
  1.504416026683e-05  ,5.899309488047e+01  ,2.500352656033e+00  
  1.505054988475e-05  ,5.999104730987e+01  ,2.189835940518e+00  
  1.505804367872e-05  ,5.809445971516e+01  ,1.827892808874e+00  
  1.506977834316e-05  ,4.878542527928e+01  ,1.259205507360e+00  
  1.507979341359e-05  ,3.558140641172e+01  ,7.619685800055e-01  
  1.508515634151e-05  ,2.697652570827e+01  ,4.615821814166e-01  
  1.508667644621e-05  ,2.438735712425e+01  ,3.613846875370e-01  
  1.508880358697e-05  ,2.067222820923e+01  ,2.098732685742e-01  
  1.509135988118e-05  ,1.608698552408e+01  ,2.003714874198e-03  
  1.509647246958e-05  ,6.635636421908e+00  ,-5.652426994678e-01  
  1.510041010143e-05  ,-7.730015956165e-01  ,-1.693367443999e+00  
  1.510565307499e-05  ,-1.059986865687e+01  ,-1.061993647957e+01  
  1.510755707087e-05  ,-1.411130297579e+01  ,-1.408004448507e+01  
  1.510978591205e-05  ,-1.815680788213e+01  ,-1.799557376971e+01  
  1.511150084944e-05  ,-2.120998841279e+01  ,-1.388995839971e+01  
  1.511354044588e-05  ,-2.476032575357e+01  ,-5.952947284499e+00  
  1.511550963433e-05  ,-2.809183700575e+01  ,-4.251336131787e+00  
  1.511735085906e-05  ,-3.110987299467e+01  ,-3.781521850940e+00  
  1.511970934035e-05  ,-3.482240633287e+01  ,-3.648222000890e+00  
  1.512317348780e-05  ,-3.992342028436e+01  ,-3.532685096210e+00  
  1.512709770860e-05  ,-4.512824996675e+01  ,-3.353917632511e+00  
  1.512964543463e-05  ,-4.814517601894e+01  ,-3.224980719171e+00  
  1.513195883991e-05  ,-5.061806109611e+01  ,-3.107098810994e+00  
  1.513438065113e-05  ,-5.292029640694e+01  ,-2.984699232222e+00  
  1.513656553389e-05  ,-5.473491440866e+01  ,-2.875695091829e+00  
  1.514093529941e-05  ,-5.758347701441e+01  ,-2.660268842625e+00  
  1.514761698009e-05  ,-5.983193646660e+01  ,-2.333541893491e+00  
  1.515583646061e-05  ,-5.899421993286e+01  ,-1.934027277792e+00  
  1.516610187055e-05  ,-5.248562465241e+01  ,-1.437623816620e+00  
  1.517585766079e-05  ,-4.126799959469e+01  ,-9.609227568956e-01  
  1.518521111967e-05  ,-2.688425633843e+01  ,-4.553391021320e-01  
  1.518927392127e-05  ,-1.983772423967e+01  ,-1.883423672804e-01  
  1.519012561576e-05  ,-1.831568458631e+01  ,-1.167793425646e-01  
  1.519101065160e-05  ,-1.672018484172e+01  ,-3.764315304029e-02  
  1.519278072329e-05  ,-1.349165334718e+01  ,1.313056946351e-01  
  1.519632086666e-05  ,-6.919571892905e+00  ,5.795140998711e-01  
  1.519952498884e-05  ,-8.953417010894e-01  ,1.340548469325e+00  
  1.520340003581e-05  ,6.396736378442e+00  ,6.476587350670e+00  
  1.520498700948e-05  ,9.361882039241e+00  ,9.396132589516e+00  
  1.520664364608e-05  ,1.243225363638e+01  ,1.242395975454e+01  
  1.520921931179e-05  ,1.713604457851e+01  ,1.702800232015e+01  
  1.521198645742e-05  ,2.206373661195e+01  ,1.262077731610e+01  
  1.521398209544e-05  ,2.551621616584e+01  ,6.306022849250e+00  
  1.521631487222e-05  ,2.942390343682e+01  ,4.029371055559e+00  
  1.521996006878e-05  ,3.520619384157e+01  ,3.320141105747e+00  
  1.522376284511e-05  ,4.074582117640e+01  ,3.680454800929e+00  
  1.522837624462e-05  ,4.667961842773e+01  ,3.231168705153e+00  
  1.523042440923e-05  ,4.900691493611e+01  ,3.154171263844e+00  
  1.523154497655e-05  ,5.019493709822e+01  ,3.114091432766e+00  
  1.523316529156e-05  ,5.180242524739e+01  ,3.043658014365e+00  
  1.523625281216e-05  ,5.449080944859e+01  ,2.893207261871e+00  
  1.524148535492e-05  ,5.786615467854e+01  ,2.632064215565e+00  
  1.524752479555e-05  ,5.981868893652e+01  ,2.338949442501e+00  
  1.525516909124e-05  ,5.921060424889e+01  ,1.965780793433e+00  
  1.526488762857e-05  ,5.355622019006e+01  ,1.496767951258e+00  
  1.527432900430e-05  ,4.331126119498e+01  ,1.036663691050e+00  
  1.528402518989e-05  ,2.886360275752e+01  ,5.258396394768e-01  
  1.528889414431e-05  ,2.051189950093e+01  ,2.190923321687e-01  
  1.529005084695e-05  ,1.844984275560e+01  ,1.240994155055e-01  
  1.529112503441e-05  ,1.651301165258e+01  ,2.826018348093e-02  
  1.529327340932e-05  ,1.258516506070e+01  ,-1.811814707472e-01  
  1.529757015915e-05  ,4.575695202453e+00  ,-8.030630956839e-01  
  1.530118927868e-05  ,-2.241215973843e+00  ,-2.478529200588e+00  
  1.530458935113e-05  ,-8.620783062381e+00  ,-8.665563914213e+00  
  1.530743696304e-05  ,-1.389115562202e+01  ,-1.386076700091e+01  
  1.531028792770e-05  ,-1.905642189264e+01  ,-1.809448255967e+01  
  1.531238005073e-05  ,-2.275195513508e+01  ,-1.021250531238e+01  
  1.531439580531e-05  ,-2.621983435696e+01  ,-4.941302693272e+00  
  1.531842731448e-05  ,-3.282677017686e+01  ,-3.648887972662e+00  
  1.532212690027e-05  ,-3.842944279324e+01  ,-3.697823055100e+00  
  1.532634839924e-05  ,-4.418504258149e+01  ,-3.441300223449e+00  
  1.532884695144e-05  ,-4.723193601464e+01  ,-3.278306497866e+00  
  1.533152618022e-05  ,-5.017551820096e+01  ,-3.126567703052e+00  
  1.533246774735e-05  ,-5.112661839834e+01  ,-3.079312482099e+00  
  1.533425607295e-05  ,-5.280923273491e+01  ,-2.990310331374e+00  
  1.533783272417e-05  ,-5.566974694125e+01  ,-2.813213154053e+00  
  1.534498602660e-05  ,-5.925717436102e+01  ,-2.461417287909e+00  
  1.535142630847e-05  ,-5.993977521554e+01  ,-2.148330984393e+00  
  1.535883665593e-05  ,-5.770276246668e+01  ,-1.788609100674e+00  
  1.536965340884e-05  ,-4.892213997746e+01  ,-1.265110830024e+00  
  1.537914097817e-05  ,-3.656408933631e+01  ,-7.950689975186e-01  
  1.538426623256e-05  ,-2.846445180745e+01  ,-5.128827651879e-01  
  1.538676143201e-05  ,-2.424090545759e+01  ,-3.552095254411e-01  
  1.538853187622e-05  ,-2.115227360257e+01  ,-2.304221066285e-01  
  1.539089147510e-05  ,-1.693581080833e+01  ,-4.220359911195e-02  
  1.539561067285e-05  ,-8.247491030804e+00  ,4.429468089325e-01  
  1.539906289937e-05  ,-1.766137934131e+00  ,1.151673384739e+00  
  1.540230948986e-05  ,4.349467410473e+00  ,4.475220536613e+00  
  1.540417474271e-05  ,7.846664035829e+00  ,7.903799551111e+00  
  1.540640693666e-05  ,1.199541044177e+01  ,1.199424408167e+01  
  1.540932868184e-05  ,1.733351399233e+01  ,1.721908354675e+01  
  1.541261252524e-05  ,2.315682160577e+01  ,9.418922588054e+00  
  1.541482497515e-05  ,2.694506409248e+01  ,4.333716625346e+00  
  1.541748930277e-05  ,3.133271964300e+01  ,3.057758023361e+00  
  1.542144258083e-05  ,3.743003039532e+01  ,3.217541609620e+00  
  1.542504642667e-05  ,4.248824219805e+01  ,3.606089177225e+00  
  1.542787392201e-05  ,4.607894760265e+01  ,3.408973635031e+00  
  1.543028902771e-05  ,4.885924221344e+01  ,3.219203586695e+00  
  1.543133080514e-05  ,4.997263707734e+01  ,3.149623945973e+00  
  1.543290753426e-05  ,5.155558107289e+01  ,3.059461019746e+00  
  1.543561656536e-05  ,5.397795671280e+01  ,2.920642082566e+00  
  1.544095863165e-05  ,5.759581745798e+01  ,2.660048259911e+00  
  1.544658083977e-05  ,5.965418622785e+01  ,2.383818595470e+00  
  1.545424748720e-05  ,5.946661518751e+01  ,2.011192057111e+00  
  1.546212722124e-05  ,5.569786519568e+01  ,1.629790196240e+00  
  1.547188003124e-05  ,4.637461024621e+01  ,1.156760896851e+00  
  1.548166860403e-05  ,3.267527934462e+01  ,6.630709284523e-01  
  1.548609350385e-05  ,2.538717119093e+01  ,4.030223073666e-01  
  1.548746999861e-05  ,2.301324230778e+01  ,3.081166393437e-01  
  1.548894130202e-05  ,2.042834255716e+01  ,1.995080727748e-01  
  1.549188390882e-05  ,1.513324539180e+01  ,-4.052407617833e-02  
  1.549776912244e-05  ,4.201663461155e+00  ,-7.808147559176e-01  
  1.550182745369e-05  ,-3.442777065271e+00  ,-3.590002824099e+00  
  1.550501890989e-05  ,-9.421271699784e+00  ,-9.452902323715e+00  
  1.550833739848e-05  ,-1.553654411076e+01  ,-1.547452063236e+01  
  1.551133029671e-05  ,-2.090895783576e+01  ,-1.536132456598e+01  
  1.551338926466e-05  ,-2.450047418906e+01  ,-7.773153062491e+00  
  1.551559538157e-05  ,-2.823455481974e+01  ,-4.250342633596e+00  
  1.551929943772e-05  ,-3.419033001093e+01  ,-3.064039901899e+00  
  1.552323036404e-05  ,-4.000338769991e+01  ,-3.811960985276e+00  
  1.552752115341e-05  ,-4.565024345060e+01  ,-3.241852967598e+00  
  1.552985355766e-05  ,-4.837825587561e+01  ,-3.163495692323e+00  
  1.553215131672e-05  ,-5.081193390142e+01  ,-3.103726657775e+00  
  1.553428702565e-05  ,-5.283690320100e+01  ,-2.998473653466e+00  
  1.553685896607e-05  ,-5.495915852092e+01  ,-2.864472835929e+00  
  1.554200284691e-05  ,-5.811632398025e+01  ,-2.605986538709e+00  
  1.554830156775e-05  ,-5.991460854463e+01  ,-2.301431948114e+00  
  1.555650167675e-05  ,-5.875272762522e+01  ,-1.900936066744e+00  
  1.556853138418e-05  ,-5.011593833290e+01  ,-1.320541809152e+00  
  1.557901733132e-05  ,-3.674860438266e+01  ,-8.023136332821e-01  
  1.558470435949e-05  ,-2.773477849589e+01  ,-4.889484845459e-01  
  1.558747150512e-05  ,-2.301061976712e+01  ,-3.101862496326e-01  
  1.558937252076e-05  ,-1.966222603646e+01  ,-1.698595829354e-01  
  1.559159018607e-05  ,-1.566834804874e+01  ,1.900690391109e-02  
  1.559602551670e-05  ,-7.472273015424e+00  ,5.083077364956e-01  
  1.559950456531e-05  ,-9.338346776561e-01  ,1.305497011886e+00  
  1.560319446535e-05  ,6.011322912044e+00  ,6.098292880153e+00  
  1.560485370965e-05  ,9.113613878291e+00  ,9.151439285894e+00  
  1.560666624965e-05  ,1.247393256305e+01  ,1.246517077403e+01  
  1.560925681652e-05  ,1.720378289458e+01  ,1.709341019848e+01  
  1.561198149385e-05  ,2.205503577707e+01  ,1.262954269645e+01  
  1.561397675933e-05  ,2.550711235752e+01  ,6.301063569970e+00  
  1.561630394818e-05  ,2.940595639141e+01  ,4.032907891841e+00  
  1.561995249750e-05  ,3.519463642399e+01  ,3.321444066608e+00  
  1.562375676395e-05  ,4.073740623730e+01  ,3.680563195057e+00  
  1.562836643817e-05  ,4.666800277118e+01  ,3.231810360766e+00  
  1.563041013242e-05  ,4.899138371905e+01  ,3.154937902938e+00  
  1.563153144480e-05  ,5.018095891903e+01  ,3.114793738283e+00  
  1.563315250488e-05  ,5.179025987477e+01  ,3.044297161416e+00  
  1.563622735949e-05  ,5.447070977476e+01  ,2.894452084162e+00  
  1.564143680544e-05  ,5.784189879784e+01  ,2.634450954032e+00  
  1.564746656032e-05  ,5.981006155969e+01  ,2.341771120716e+00  
  1.565511085601e-05  ,5.922825278159e+01  ,1.968608561321e+00  
  1.566470869394e-05  ,5.370743498778e+01  ,1.505417481464e+00  
  1.567412473769e-05  ,4.357682807440e+01  ,1.046730662442e+00  
  1.568391927095e-05  ,2.903847552359e+01  ,5.321469038935e-01  
  1.568885602565e-05  ,2.057940761082e+01  ,2.221574029090e-01  
  1.568995535882e-05  ,1.862102961804e+01  ,1.319431450168e-01  
  1.569104575129e-05  ,1.665663419158e+01  ,3.509289543859e-02  
  1.569322653623e-05  ,1.267153960677e+01  ,-1.761461484645e-01  
  1.569758810611e-05  ,4.541963773019e+00  ,-8.057111381132e-01  
  1.570123479278e-05  ,-2.326945850203e+00  ,-2.552541684818e+00  
  1.570458680899e-05  ,-8.616040936212e+00  ,-8.660805142756e+00  
  1.570744820447e-05  ,-1.391176864814e+01  ,-1.388098544043e+01  
  1.571031220765e-05  ,-1.909981329100e+01  ,-1.804416841740e+01  
  1.571240544827e-05  ,-2.279624571117e+01  ,-1.012433057406e+01  
  1.571442008527e-05  ,-2.626099210980e+01  ,-4.922922343227e+00  
  1.571844935925e-05  ,-3.286154496638e+01  ,-3.651957932970e+00  
  1.572214447470e-05  ,-3.845487735626e+01  ,-3.695384669131e+00  
  1.572636597367e-05  ,-4.420744718504e+01  ,-3.439359663241e+00  
  1.572885446759e-05  ,-4.724067184522e+01  ,-3.277654095717e+00  
  1.573152773590e-05  ,-5.017712607371e+01  ,-3.126547209677e+00  
  1.573247712614e-05  ,-5.113586849272e+01  ,-3.078874825078e+00  
  1.573425986381e-05  ,-5.281262429158e+01  ,-2.990126519486e+00  
  1.573782533915e-05  ,-5.566455304693e+01  ,-2.813572968075e+00  
  1.574495628984e-05  ,-5.924835566392e+01  ,-2.462871713149e+00  
  1.575140849264e-05  ,-5.994127009466e+01  ,-2.149192204133e+00  
  1.575882480057e-05  ,-5.770888282898e+01  ,-1.789179648570e+00  
  1.576965198429e-05  ,-4.892369451140e+01  ,-1.265179221668e+00  
  1.577914700420e-05  ,-3.655508272404e+01  ,-7.947661158112e-01  
  1.578427523883e-05  ,-2.844950624951e+01  ,-5.123718041607e-01  
  1.578676336022e-05  ,-2.423758066283e+01  ,-3.550871886912e-01  
  1.578853771599e-05  ,-2.114197227011e+01  ,-2.300005462994e-01  
  1.579089843245e-05  ,-1.692322937195e+01  ,-4.161460322743e-02  
  1.579561986537e-05  ,-8.230327663285e+00  ,4.442021348536e-01  
  1.579907320948e-05  ,-1.746712157081e+00  ,1.154858749220e+00  
  1.580232203515e-05  ,4.373052167380e+00  ,4.498141266655e+00  
  1.580418803306e-05  ,7.871499911257e+00  ,7.928244402646e+00  
  1.580641165884e-05  ,1.200413170583e+01  ,1.200282992617e+01  
  1.580930918963e-05  ,1.729833540963e+01  ,1.718541515953e+01  
  1.581260644408e-05  ,2.314624658040e+01  ,9.467871629743e+00  
  1.581480995329e-05  ,2.691976145964e+01  ,4.371659894270e+00  
  1.581747018309e-05  ,3.130197872961e+01  ,3.066229385896e+00  
  1.582143538208e-05  ,3.741942423660e+01  ,3.214145819971e+00  
  1.582503811033e-05  ,4.247717237213e+01  ,3.607598499129e+00  
  1.582786672325e-05  ,4.607025566632e+01  ,3.410138801872e+00  
  1.583027214320e-05  ,4.884076273129e+01  ,3.220412886750e+00  
  1.583131485195e-05  ,4.995598775210e+01  ,3.150565376557e+00  
  1.583289139481e-05  ,5.154001231507e+01  ,3.060282135241e+00  
  1.583559074016e-05  ,5.395668322209e+01  ,2.921908148036e+00  
  1.584089853378e-05  ,5.756396884985e+01  ,2.663005764568e+00  
  1.584651105614e-05  ,5.963994062937e+01  ,2.387209871654e+00  
  1.585417472334e-05  ,5.948470754420e+01  ,2.014726373236e+00  
  1.586194120856e-05  ,5.582728926674e+01  ,1.638783302021e+00  
  1.587160312147e-05  ,4.670404463361e+01  ,1.170274781347e+00  
  1.588036053391e-05  ,3.471506452487e+01  ,7.311000527614e-01  
  1.588447101922e-05  ,2.812405509926e+01  ,4.990237198134e-01  
  1.588569831611e-05  ,2.606014202634e+01  ,4.209279273146e-01  
  1.588753730567e-05  ,2.289602341547e+01  ,2.976185040813e-01  
  1.589034505697e-05  ,1.792135901347e+01  ,8.834812228275e-02  
  1.589596055956e-05  ,7.593745476462e+00  ,-4.773677259844e-01  
  1.590015598150e-05  ,-2.940170162834e-01  ,-1.537914601598e+00  
  1.590479694815e-05  ,-9.007847985599e+00  ,-9.045105807892e+00  
  1.590699263425e-05  ,-1.307504439923e+01  ,-1.305599296429e+01  
  1.590973109515e-05  ,-1.805829825654e+01  ,-1.789076714345e+01  
  1.591200762005e-05  ,-2.210082733409e+01  ,-1.189056132504e+01  
  1.591438286515e-05  ,-2.619789281452e+01  ,-4.662100886191e+00  
  1.591687955470e-05  ,-3.034684902422e+01  ,-3.961264669982e+00  
  1.591945633800e-05  ,-3.443294820880e+01  ,-3.716234279670e+00  
  1.592214562507e-05  ,-3.845654181806e+01  ,-3.592019904547e+00  
  1.592598937960e-05  ,-4.372441127409e+01  ,-3.408649418694e+00  
  1.592868201943e-05  ,-4.703957753408e+01  ,-3.272960127985e+00  
  1.593131356449e-05  ,-4.995464356417e+01  ,-3.140096886431e+00  
  1.593215557323e-05  ,-5.081620031833e+01  ,-3.097248468744e+00  
  1.593383959071e-05  ,-5.243206863820e+01  ,-3.011959232378e+00  
  1.593720762567e-05  ,-5.521953488343e+01  ,-2.843869656793e+00  
  1.594394369559e-05  ,-5.891725582635e+01  ,-2.511747490542e+00  
  1.595016716556e-05  ,-5.999917260359e+01  ,-2.208564538991e+00  
  1.595769076185e-05  ,-5.825720630576e+01  ,-1.844886706330e+00  
  1.596991865472e-05  ,-4.863098748357e+01  ,-1.252347249132e+00  
  1.598020641641e-05  ,-3.495159881532e+01  ,-7.408754012154e-01  
  1.598513199525e-05  ,-2.701750938582e+01  ,-4.623944154473e-01  
  1.598660124974e-05  ,-2.451679443463e+01  ,-3.656994964836e-01  
  1.598862408237e-05  ,-2.098953926249e+01  ,-2.226028574866e-01  
  1.599145977335e-05  ,-1.590550834084e+01  ,1.571415332018e-03  
  1.599713115530e-05  ,-5.400326833055e+00  ,6.631347558058e-01  
  1.600161565976e-05  ,3.044139391446e+00  ,3.205664247057e+00  
  1.600622533397e-05  ,1.165981482305e+01  ,1.166364803781e+01  
  1.600988096134e-05  ,1.832748999210e+01  ,1.815261625390e+01  
  1.601338608699e-05  ,2.449500642744e+01  ,6.362235827723e+00  
  1.601599528031e-05  ,2.889742414905e+01  ,2.766386286114e+00  
  1.601901015775e-05  ,3.374083698748e+01  ,2.833334876099e+00  
  1.602312213318e-05  ,3.985110670692e+01  ,3.917671573763e+00  
  1.602709478275e-05  ,4.512461530140e+01  ,3.240390178659e+00  
  1.602959519760e-05  ,4.808860612662e+01  ,3.158464693479e+00  
  1.603187805550e-05  ,5.053613894542e+01  ,3.119849332774e+00  
  1.603422871368e-05  ,5.278473306104e+01  ,3.005321157906e+00  
  1.603647729890e-05  ,5.466657376112e+01  ,2.885250330897e+00  
  1.604097446935e-05  ,5.760417640078e+01  ,2.655924307412e+00  
  1.604743263261e-05  ,5.980494297806e+01  ,2.343961803155e+00  
  1.605564764278e-05  ,5.905807604654e+01  ,1.942190703230e+00  
  1.606555244462e-05  ,5.297960828657e+01  ,1.464903996753e+00  
  1.607508620755e-05  ,4.231134839559e+01  ,9.993027964392e-01  
  1.608450225131e-05  ,2.807203841703e+01  ,4.974463874150e-01  
  1.608907020228e-05  ,2.019972085309e+01  ,2.050640316629e-01  
  1.609006839381e-05  ,1.841836741959e+01  ,1.221737259842e-01  
  1.609105727212e-05  ,1.663577042881e+01  ,3.389379086960e-02  
  1.609303502874e-05  ,1.302414910983e+01  ,-1.567787844282e-01  
  1.609699054198e-05  ,5.664247376977e+00  ,-6.926191349944e-01  
  1.610036938028e-05  ,-6.962497982677e-01  ,-1.720102906476e+00  
  1.610470636325e-05  ,-8.838998455862e+00  ,-8.884328941797e+00  
  1.610740533607e-05  ,-1.383315307378e+01  ,-1.380623231235e+01  
  1.611016130583e-05  ,-1.882995320398e+01  ,-1.840532689755e+01  
  1.611225864427e-05  ,-2.254003570066e+01  ,-1.082142663199e+01  
  1.611429861324e-05  ,-2.605492831838e+01  ,-5.033452344510e+00  
  1.611784918742e-05  ,-3.190922641595e+01  ,-3.721050502290e+00  
  1.612082792954e-05  ,-3.651760419022e+01  ,-3.541292201456e+00  
  1.612410842018e-05  ,-4.122156510425e+01  ,-3.466568238442e+00  
  1.612708529966e-05  ,-4.511283218203e+01  ,-3.351203061127e+00  
  1.612934245305e-05  ,-4.780218633359e+01  ,-3.241362697822e+00  
  1.613166777925e-05  ,-5.032137624864e+01  ,-3.121742416509e+00  
  1.613376809792e-05  ,-5.236642067939e+01  ,-3.015337453366e+00  
  1.613601221280e-05  ,-5.429942083879e+01  ,-2.903137113842e+00  
  1.614050044255e-05  ,-5.734782616673e+01  ,-2.681615163707e+00  
  1.614661662416e-05  ,-5.966138003400e+01  ,-2.382378521391e+00  
  1.615469752388e-05  ,-5.934781524691e+01  ,-1.989167661917e+00  
  1.616293786602e-05  ,-5.511168648507e+01  ,-1.590737567766e+00  
  1.617309747772e-05  ,-4.488494311451e+01  ,-1.097250493595e+00  
  1.618361918764e-05  ,-2.953216245181e+01  ,-5.507604364802e-01  
  1.618899627165e-05  ,-2.033088736417e+01  ,-2.149925629989e-01  
  1.619019954042e-05  ,-1.818294172819e+01  ,-1.145901699831e-01  
  1.619139312343e-05  ,-1.602661079445e+01  ,-5.620988800180e-03  
  1.619378028946e-05  ,-1.164941680062e+01  ,2.357732923047e-01  
  1.619855462150e-05  ,-2.723538122282e+00  ,1.029245187408e+00  
  1.620196400718e-05  ,3.699717793940e+00  ,3.843800159806e+00  
  1.620415559547e-05  ,7.810880873928e+00  ,7.867846089255e+00  
  1.620693540709e-05  ,1.296974509385e+01  ,1.295413994499e+01  
  1.620998455720e-05  ,1.851333317846e+01  ,1.827512411787e+01  
  1.621219030158e-05  ,2.242059659757e+01  ,1.114889053630e+01  
  1.621436922388e-05  ,2.617475778938e+01  ,4.863429550246e+00  
  1.621751299636e-05  ,3.137079887511e+01  ,3.824506573805e+00  
  1.622017993169e-05  ,3.554093905038e+01  ,3.624100261110e+00  
  1.622331029312e-05  ,4.011555125582e+01  ,3.517794384069e+00  
  1.622769794004e-05  ,4.586578862328e+01  ,3.321092945265e+00  
  1.623024529354e-05  ,4.881134845088e+01  ,3.193652571405e+00  
  1.623155585067e-05  ,5.020616340222e+01  ,3.127280219197e+00  
  1.623329723762e-05  ,5.192747141677e+01  ,3.039209884990e+00  
  1.623587886380e-05  ,5.419200935928e+01  ,2.909808946215e+00  
  1.624104211615e-05  ,5.763971898754e+01  ,2.654854894307e+00  
  1.624711135910e-05  ,5.975310628193e+01  ,2.358466438446e+00  
  1.625482867049e-05  ,5.931096204265e+01  ,1.982695272542e+00  
  1.626361141489e-05  ,5.459743878928e+01  ,1.558222609952e+00  
  1.627425829457e-05  ,4.340339327440e+01  ,1.040280482923e+00  
  1.628394255923e-05  ,2.900005395195e+01  ,5.304900289370e-01  
  1.628901565956e-05  ,2.029650024507e+01  ,2.113192530288e-01  
  1.629014032470e-05  ,1.828928032648e+01  ,1.178408835963e-01  
  1.629125567661e-05  ,1.627612830611e+01  ,1.714659635846e-02  
  1.629348638044e-05  ,1.219237546974e+01  ,-2.038897236610e-01  
  1.629794778810e-05  ,3.865648960498e+00  ,-8.838254440162e-01  
  1.630175354467e-05  ,-3.303682230819e+00  ,-3.461057976657e+00  
  1.630438397215e-05  ,-8.237492791778e+00  ,-8.287368316679e+00  
  1.630753631280e-05  ,-1.407326950043e+01  ,-1.403993107664e+01  
  1.631045582281e-05  ,-1.935624394127e+01  ,-1.770251974841e+01  
  1.631245183335e-05  ,-2.287709882326e+01  ,-9.938425365109e+00  
  1.631446870552e-05  ,-2.634336395902e+01  ,-4.964367128043e+00  
  1.631798686968e-05  ,-3.212870778531e+01  ,-2.850183490615e+00  
  1.632169725882e-05  ,-3.780402001598e+01  ,-3.961237902944e+00  
  1.632567288862e-05  ,-4.331373038900e+01  ,-3.330962239911e+00  
  1.632845903324e-05  ,-4.677750410265e+01  ,-3.224254334694e+00  
  1.633140052246e-05  ,-5.004524927391e+01  ,-3.150532882394e+00  
  1.633231936531e-05  ,-5.097968239383e+01  ,-3.099571162431e+00  
  1.633408161388e-05  ,-5.265234018171e+01  ,-3.003094573229e+00  
  1.633726859973e-05  ,-5.526439011213e+01  ,-2.839923464556e+00  
  1.634364257143e-05  ,-5.880727633838e+01  ,-2.525800129516e+00  
  1.635020280765e-05  ,-5.999878216572e+01  ,-2.207017414446e+00  
  1.635778451847e-05  ,-5.821466843659e+01  ,-1.840228103589e+00  
  1.636981124566e-05  ,-4.874929519568e+01  ,-1.257536496401e+00  
  1.638002003120e-05  ,-3.523656135726e+01  ,-7.504382772192e-01  
  1.638492102312e-05  ,-2.737198829324e+01  ,-4.747574868871e-01  
  1.638636755334e-05  ,-2.491818448421e+01  ,-3.805141043634e-01  
  1.638852337883e-05  ,-2.116726170263e+01  ,-2.297669305924e-01  
  1.639116945253e-05  ,-1.643250272949e+01  ,-2.329334216211e-02  
  1.639646159993e-05  ,-6.655999160983e+00  ,5.578067921679e-01  
  1.640052961694e-05  ,9.982583465156e-01  ,1.756738946552e+00  
  1.640579121695e-05  ,1.085606382869e+01  ,1.087270231913e+01  
  1.640774177895e-05  ,1.444946390332e+01  ,1.441268551264e+01  
  1.641004251824e-05  ,1.861722552380e+01  ,1.838359297260e+01  
  1.641162967817e-05  ,2.143697168879e+01  ,1.318512443810e+01  
  1.641335206614e-05  ,2.443645211879e+01  ,6.524573052118e+00  
  1.641587967561e-05  ,2.870626267844e+01  ,3.995147171594e+00  
  1.641789058731e-05  ,3.197528557029e+01  ,3.600242833534e+00  
  1.642051207410e-05  ,3.604341106125e+01  ,3.565749017374e+00  
  1.642390506850e-05  ,4.094220103342e+01  ,3.498579236894e+00  
  1.642721200870e-05  ,4.526994201025e+01  ,3.353230602847e+00  
  1.642953770743e-05  ,4.802372180344e+01  ,3.232967065088e+00  
  1.643186042593e-05  ,5.051821780617e+01  ,3.111737089269e+00  
  1.643397452818e-05  ,5.255525341000e+01  ,3.004676317656e+00  
  1.643629538403e-05  ,5.452435007206e+01  ,2.888929807982e+00  
  1.644093709575e-05  ,5.758442819713e+01  ,2.660214628553e+00  
  1.644718068229e-05  ,5.976480661384e+01  ,2.354872141900e+00  
  1.645531671630e-05  ,5.916497775560e+01  ,1.959161728538e+00  
  1.646465080367e-05  ,5.375599399620e+01  ,1.507876436592e+00  
  1.647401469336e-05  ,4.371915353706e+01  ,1.052065924512e+00  
  1.648381816731e-05  ,2.920509827762e+01  ,5.380234366739e-01  
  1.648876162754e-05  ,2.074645932813e+01  ,2.288026396540e-01  
  1.648986412720e-05  ,1.878442907452e+01  ,1.389555566193e-01  
  1.649095768617e-05  ,1.681604427507e+01  ,4.254643354668e-02  
  1.649314480411e-05  ,1.282208416525e+01  ,-1.674970807415e-01  
  1.649751903997e-05  ,4.671766034354e+00  ,-7.908856185198e-01  
  1.650114859031e-05  ,-2.164571926400e+00  ,-2.412902086584e+00  
  1.650470251726e-05  ,-8.831827968337e+00  ,-8.873450783458e+00  
  1.650760377334e-05  ,-1.419685052949e+01  ,-1.416134677025e+01  
  1.651052142070e-05  ,-1.947324084548e+01  ,-1.755121810184e+01  
  1.651259603487e-05  ,-2.312814321353e+01  ,-9.504876653313e+00  
  1.651461588727e-05  ,-2.659234207955e+01  ,-4.803098441712e+00  
  1.651824022220e-05  ,-3.253100713756e+01  ,-2.842789452380e+00  
  1.652195396410e-05  ,-3.817853763885e+01  ,-3.945734638071e+00  
  1.652597653256e-05  ,-4.370782476832e+01  ,-3.312481964866e+00  
  1.652876006947e-05  ,-4.713076421532e+01  ,-3.208517576270e+00  
  1.653147357093e-05  ,-5.012107338530e+01  ,-3.144546709154e+00  
  1.653232191266e-05  ,-5.098221427746e+01  ,-3.098482285269e+00  
  1.653401859613e-05  ,-5.259527868015e+01  ,-3.006327377838e+00  
  1.653741196306e-05  ,-5.536905533865e+01  ,-2.832675353270e+00  
  1.654419869693e-05  ,-5.900626716610e+01  ,-2.498495550003e+00  
  1.655058309944e-05  ,-5.998993313827e+01  ,-2.188227389544e+00  
  1.655807391317e-05  ,-5.808018479051e+01  ,-1.826427788827e+00  
  1.656976685436e-05  ,-4.879802879283e+01  ,-1.259764799205e+00  
  1.657975808294e-05  ,-3.563500716979e+01  ,-7.637692609542e-01  
  1.658511058004e-05  ,-2.705354595330e+01  ,-4.642543520090e-01  
  1.658662379296e-05  ,-2.447800462974e+01  ,-3.647341280288e-01  
  1.658878185363e-05  ,-2.071068151356e+01  ,-2.114341053177e-01  
  1.659130313011e-05  ,-1.619001648978e+01  ,-6.936295692675e-03  
  1.659634568305e-05  ,-6.873104111030e+00  ,5.463978670972e-01  
  1.660020284863e-05  ,3.823580679217e-01  ,1.584793100743e+00  
  1.660566337915e-05  ,1.061898547216e+01  ,1.063847229256e+01  
  1.660754539581e-05  ,1.408991235759e+01  ,1.405867198003e+01  
  1.660975970836e-05  ,1.810972480137e+01  ,1.795141304914e+01  
  1.661147911610e-05  ,2.117166209568e+01  ,1.394760768604e+01  
  1.661354069175e-05  ,2.476074790224e+01  ,5.921290654593e+00  
  1.661548268558e-05  ,2.804694132304e+01  ,4.262160666886e+00  
  1.661744963886e-05  ,3.126893481453e+01  ,3.762819673354e+00  
  1.661973286928e-05  ,3.485851406928e+01  ,3.645043134177e+00  
  1.662326593460e-05  ,4.005333464723e+01  ,3.529412330102e+00  
  1.662720207633e-05  ,4.525765248745e+01  ,3.349080541474e+00  
  1.662973527373e-05  ,4.824604112667e+01  ,3.220493981075e+00  
  1.663204085590e-05  ,5.070089864470e+01  ,3.102915467338e+00  
  1.663437251510e-05  ,5.291306770969e+01  ,2.985105822765e+00  
  1.663664196195e-05  ,5.479377032478e+01  ,2.871886131293e+00  
  1.664118085565e-05  ,5.771180004263e+01  ,2.648201775997e+00  
  1.664778728546e-05  ,5.985509049057e+01  ,2.325293621890e+00  
  1.665600676598e-05  ,5.893484393248e+01  ,1.925745250926e+00  
  1.666667897762e-05  ,5.194991753757e+01  ,1.409704421329e+00  
  1.667675365271e-05  ,4.002583701368e+01  ,9.163215262774e-01  
  1.668352399530e-05  ,2.968822340261e+01  ,5.579423313542e-01  
  1.668754581870e-05  ,2.288119020163e+01  ,3.087622654844e-01  
  1.668877590956e-05  ,2.072119681822e+01  ,2.166162099629e-01  
  1.668995384635e-05  ,1.862373975886e+01  ,1.226081377546e-01  
  1.669230971994e-05  ,1.435522890067e+01  ,-8.310648604339e-02  
  1.669702146710e-05  ,5.606212562438e+00  ,-6.869024815106e-01  
  1.670077283444e-05  ,-1.456615471528e+00  ,-1.960822606776e+00  
  1.670527149500e-05  ,-9.891175817030e+00  ,-9.921452918790e+00  
  1.670835119249e-05  ,-1.556165691269e+01  ,-1.550392418546e+01  
  1.671123866500e-05  ,-2.074697673811e+01  ,-1.595960714361e+01  
  1.671331290664e-05  ,-2.436901894298e+01  ,-8.059220393675e+00  
  1.671539981426e-05  ,-2.790875475928e+01  ,-4.400998160860e+00  
  1.671903718771e-05  ,-3.378295566046e+01  ,-3.035620652402e+00  
  1.672285337509e-05  ,-3.947097491374e+01  ,-3.836643272291e+00  
  1.672700409354e-05  ,-4.501176658461e+01  ,-3.272617423253e+00  
  1.672926944257e-05  ,-4.771888623399e+01  ,-3.193839502697e+00  
  1.673168380322e-05  ,-5.033781951427e+01  ,-3.128712017505e+00  
  1.673376773061e-05  ,-5.236608271281e+01  ,-3.024636627695e+00  
  1.673602376641e-05  ,-5.430868234407e+01  ,-2.906171732356e+00  
  1.674053583802e-05  ,-5.736740786638e+01  ,-2.678231582002e+00  
  1.674680922689e-05  ,-5.969880402879e+01  ,-2.373927521276e+00  
  1.675482158126e-05  ,-5.931297991669e+01  ,-1.982541301122e+00  
  1.676330779256e-05  ,-5.483229142527e+01  ,-1.573254584501e+00  
  1.677375052632e-05  ,-4.405867712385e+01  ,-1.065314778097e+00  
  1.678371195258e-05  ,-2.937982693282e+01  ,-5.442577496263e-01  
  1.678889532150e-05  ,-2.050981422677e+01  ,-2.205670168898e-01  
  1.679005090655e-05  ,-1.844973584702e+01  ,-1.252277396774e-01  
  1.679119717838e-05  ,-1.638223273681e+01  ,-2.231847853666e-02  
  1.679348972203e-05  ,-1.218620807967e+01  ,2.039713430125e-01  
  1.679807480933e-05  ,-3.626686891623e+00  ,9.112122383502e-01  
  1.680196848275e-05  ,3.708137942921e+00  ,3.849244183394e+00  
  1.680441935123e-05  ,8.303544198570e+00  ,8.352112939447e+00  
  1.680741671981e-05  ,1.385403195997e+01  ,1.382402358567e+01  
  1.681045730175e-05  ,1.935888260796e+01  ,1.768315979314e+01  
  1.681250397624e-05  ,2.296793027417e+01  ,9.800216204865e+00  
  1.681455735625e-05  ,2.649339663101e+01  ,4.872456066054e+00  
  1.681811612608e-05  ,3.233421038895e+01  ,2.848649976814e+00  
  1.682187792422e-05  ,3.806785774016e+01  ,3.956108478147e+00  
  1.682587292553e-05  ,4.357380016706e+01  ,3.317146361335e+00  
  1.682866838337e-05  ,4.702361735478e+01  ,3.212100816579e+00  
  1.683145415546e-05  ,5.010094592258e+01  ,3.146547793104e+00  
  1.683236126365e-05  ,5.102128479858e+01  ,3.097025372423e+00  
  1.683415256949e-05  ,5.271634226094e+01  ,2.999568961963e+00  
  1.683752693744e-05  ,5.545218318622e+01  ,2.827010467997e+00  
  1.684427567334e-05  ,5.903239288100e+01  ,2.494772054962e+00  
  1.685075320812e-05  ,5.998320303887e+01  ,2.179961107263e+00  
  1.685826190324e-05  ,5.799025168062e+01  ,1.817328913959e+00  
  1.686967619272e-05  ,4.889726387705e+01  ,1.264176288391e+00  
  1.687952586026e-05  ,3.598622064571e+01  ,7.756011439290e-01  
  1.688481726260e-05  ,2.754588829556e+01  ,4.813159232531e-01  
  1.688628204675e-05  ,2.506471359780e+01  ,3.863188534593e-01  
  1.688869119199e-05  ,2.087098689716e+01  ,2.179531164598e-01  
  1.689097591253e-05  ,1.678306256548e+01  ,3.922472864272e-02  
  1.689554535361e-05  ,8.369428702497e+00  ,-4.336660589377e-01  
  1.689895958216e-05  ,1.960792236214e+00  ,-1.121913987946e+00  
  1.690218717368e-05  ,-4.119481884977e+00  ,-4.252059841414e+00  
  1.690404199572e-05  ,-7.598523310946e+00  ,-7.659657044462e+00  
  1.690635614605e-05  ,-1.190158997740e+01  ,-1.190190745756e+01  
  1.690949284048e-05  ,-1.762952028721e+01  ,-1.749948112798e+01  
  1.691216424616e-05  ,-2.237503358715e+01  ,-1.197270569473e+01  
  1.691459090026e-05  ,-2.655011304200e+01  ,-5.200545226147e+00  
  1.691702463241e-05  ,-3.058244090678e+01  ,-3.936459126681e+00  
  1.692062140019e-05  ,-3.620794608422e+01  ,-3.500865352920e+00  
  1.692425244065e-05  ,-4.141840308218e+01  ,-3.579777633202e+00  
  1.692741483958e-05  ,-4.551994303262e+01  ,-3.386173622556e+00  
  1.692976326258e-05  ,-4.827738658671e+01  ,-3.232216396032e+00  
  1.693171196194e-05  ,-5.036668416537e+01  ,-3.121005334556e+00  
  1.693381675096e-05  ,-5.241112486433e+01  ,-3.011821591811e+00  
  1.693620205434e-05  ,-5.445069207103e+01  ,-2.892883628682e+00  
  1.694097266109e-05  ,-5.760322274668e+01  ,-2.658711571356e+00  
  1.694761634381e-05  ,-5.983184674877e+01  ,-2.333425968560e+00  
  1.695545584472e-05  ,-5.912081248447e+01  ,-1.952565130567e+00  
  1.696526676925e-05  ,-5.323022836617e+01  ,-1.477952384082e+00  
  1.697472155602e-05  ,-4.279590711123e+01  ,-1.017176332718e+00  
  1.698422253640e-05  ,-2.853693160526e+01  ,-5.140628302274e-01  
  1.698893353851e-05  ,-2.044210150438e+01  ,-2.154635784364e-01  
  1.699004442008e-05  ,-1.846136979150e+01  ,-1.241355832295e-01  
  1.699107632549e-05  ,-1.660126076470e+01  ,-3.229668363850e-02  
  1.699314013632e-05  ,-1.283067934621e+01  ,1.674058475915e-01  
  1.699726775797e-05  ,-5.143833006214e+00  ,7.436947159882e-01  
  1.699770324440e-05  ,-4.325526692744e+00  ,8.450551504639e-01  
  1.699857421727e-05  ,-2.686638521823e+00  ,1.085416004270e+00  
  1.700031616302e-05  ,5.959434504087e-01  ,1.807809573875e+00  
  1.700202569874e-05  ,3.815775328112e+00  ,3.971031820056e+00  
  1.700403549285e-05  ,7.586364229837e+00  ,7.652559112441e+00  
  1.700617492707e-05  ,1.156659681472e+01  ,1.157389199438e+01  
  1.700945579024e-05  ,1.756275300263e+01  ,1.744099867325e+01  
  1.701257609339e-05  ,2.309345470880e+01  ,1.110476194797e+01  
  1.701478705318e-05  ,2.688117727749e+01  ,5.296125717463e+00  
  1.701757915826e-05  ,3.147703908760e+01  ,3.809830724788e+00  
  1.702128209682e-05  ,3.719313058605e+01  ,3.433787989979e+00  
  1.702493884178e-05  ,4.234481296134e+01  ,3.551761404261e+00  
  1.702773392709e-05  ,4.590949234706e+01  ,3.374677632949e+00  
  1.703007080169e-05  ,4.861934418797e+01  ,3.217888674866e+00  
  1.703113325448e-05  ,4.976558262079e+01  ,3.154505544901e+00  
  1.703270905228e-05  ,5.136319786454e+01  ,3.069115038835e+00  
  1.703528769822e-05  ,5.370440280919e+01  ,2.938129327037e+00  
  1.704022370787e-05  ,5.719228675568e+01  ,2.695666417184e+00  
  1.704572745176e-05  ,5.946031194122e+01  ,2.425676340742e+00  
  1.705333598466e-05  ,5.967079111978e+01  ,2.055281543797e+00  
  1.706087150188e-05  ,5.653443273811e+01  ,1.690605086966e+00  
  1.707054980607e-05  ,4.792465200275e+01  ,1.221632213497e+00  
  1.707929231735e-05  ,3.633749912755e+01  ,7.865821519229e-01  
  1.708397575231e-05  ,2.894526437178e+01  ,5.285099985707e-01  
  1.708535280587e-05  ,2.664522878408e+01  ,4.426513333500e-01  
  1.708736259998e-05  ,2.320006955376e+01  ,3.097233572693e-01  
  1.708957430483e-05  ,1.930248230249e+01  ,1.510386104741e-01  
  1.709399771453e-05  ,1.124711054086e+01  ,-2.427022563965e-01  
  1.709822666408e-05  ,3.340930615172e+00  ,-9.056419837528e-01  
  1.710178133608e-05  ,-3.355987069603e+00  ,-3.512315207796e+00  
  1.710415248336e-05  ,-7.805064572220e+00  ,-7.862008761267e+00  
  1.710713681342e-05  ,-1.334014926710e+01  ,-1.331896821758e+01  
  1.710995015265e-05  ,-1.845163565578e+01  ,-1.823225569003e+01  
  1.711200874807e-05  ,-2.210280408275e+01  ,-1.173604283913e+01  
  1.711415302517e-05  ,-2.580745469798e+01  ,-5.466834996694e+00  
  1.711696748199e-05  ,-3.048970982288e+01  ,-3.097565199340e+00  
  1.712087382139e-05  ,-3.658620347054e+01  ,-3.973323382699e+00  
  1.712466318668e-05  ,-4.197511351608e+01  ,-3.406709160233e+00  
  1.712748956443e-05  ,-4.561158046511e+01  ,-3.282638329247e+00  
  1.712981079282e-05  ,-4.833053143450e+01  ,-3.198787636978e+00  
  1.713093545796e-05  ,-4.955635005660e+01  ,-3.152026835236e+00  
  1.713254180314e-05  ,-5.119953708111e+01  ,-3.076715640981e+00  
  1.713495094837e-05  ,-5.341835196703e+01  ,-2.957153260349e+00  
  1.713949952783e-05  ,-5.676483322868e+01  ,-2.730190619507e+00  
  1.714487661184e-05  ,-5.922447157897e+01  ,-2.467651362817e+00  
  1.715240765871e-05  ,-5.982844484122e+01  ,-2.100006133178e+00  
  1.716001917185e-05  ,-5.705221334602e+01  ,-1.731997295413e+00  
  1.717003275217e-05  ,-4.850470623485e+01  ,-1.246818513154e+00  
  1.717905540527e-05  ,-3.669184654387e+01  ,-7.990229505796e-01  
  1.718391392888e-05  ,-2.904728680380e+01  ,-5.324560423882e-01  
  1.718648363413e-05  ,-2.471897407642e+01  ,-3.725325303004e-01  
  1.718821291389e-05  ,-2.171383164488e+01  ,-2.528134841960e-01  
  1.719053674997e-05  ,-1.757619801102e+01  ,-7.182609668108e-02  
  1.719518442215e-05  ,-9.042564596653e+00  ,3.860297958884e-01  
  1.719869513573e-05  ,-2.458922382102e+00  ,1.042238489626e+00  
  1.720194247128e-05  ,3.659199976215e+00  ,3.806809516705e+00  
  1.720388595523e-05  ,7.306671973741e+00  ,7.372475951425e+00  
  1.720640648665e-05  ,1.199457930725e+01  ,1.199371355449e+01  
  1.720918965103e-05  ,1.708245662082e+01  ,1.697782787865e+01  
  1.721203987063e-05  ,2.215733258720e+01  ,1.261071158518e+01  
  1.721409362318e-05  ,2.570632659437e+01  ,6.196569708281e+00  
  1.721645322205e-05  ,2.965089700857e+01  ,4.002259679918e+00  
  1.722007718445e-05  ,3.538471463100e+01  ,3.334854142234e+00  
  1.722383749248e-05  ,4.084899478477e+01  ,3.667515901373e+00  
  1.722781610252e-05  ,4.600906851883e+01  ,3.407774604434e+00  
  1.723010007800e-05  ,4.865166089744e+01  ,3.229111084680e+00  
  1.723130725832e-05  ,4.994805835216e+01  ,3.149449799344e+00  
  1.723299108954e-05  ,5.163596982596e+01  ,3.054607352575e+00  
  1.723552279682e-05  ,5.390054535246e+01  ,2.925578574729e+00  
  1.724045955153e-05  ,5.732511590795e+01  ,2.684430517900e+00  
  1.724624418230e-05  ,5.958281749532e+01  ,2.400187434878e+00  
  1.725391231985e-05  ,5.954737044315e+01  ,2.027478425053e+00  
  1.726137631150e-05  ,5.620862962359e+01  ,1.666091892483e+00  
  1.727089070292e-05  ,4.753529221537e+01  ,1.205002480519e+00  
  1.727949314328e-05  ,3.603554830520e+01  ,7.760759480633e-01  
  1.728407897563e-05  ,2.877467972716e+01  ,5.233764033594e-01  
  1.728534129025e-05  ,2.666467564287e+01  ,4.437356533894e-01  
  1.728768934073e-05  ,2.263087012799e+01  ,2.875422650753e-01  
  1.728983846070e-05  ,1.883037105318e+01  ,1.308419274045e-01  
  1.729413670065e-05  ,1.098966545598e+01  ,-2.704700401267e-01  
  1.729830157520e-05  ,3.199936435486e+00  ,-9.307359883671e-01  
  1.730179068209e-05  ,-3.373576156498e+00  ,-3.529772513164e+00  
  1.730408620597e-05  ,-7.681179354809e+00  ,-7.740210111194e+00  
  1.730699006976e-05  ,-1.307032658063e+01  ,-1.305334136028e+01  
  1.730979074301e-05  ,-1.816548685522e+01  ,-1.799237968504e+01  
  1.731195215644e-05  ,-2.200359822223e+01  ,-1.213453394007e+01  
  1.731431250037e-05  ,-2.607850556853e+01  ,-5.245698196780e+00  
  1.731676001610e-05  ,-3.015225620055e+01  ,-3.245535377481e+00  
  1.732042421164e-05  ,-3.591087040320e+01  ,-3.145467320487e+00  
  1.732413422824e-05  ,-4.125690009759e+01  ,-3.700646117981e+00  
  1.732754137875e-05  ,-4.567497444207e+01  ,-3.456699327699e+00  
  1.732995797457e-05  ,-4.849441533039e+01  ,-3.245950328723e+00  
  1.733115640046e-05  ,-4.978994139529e+01  ,-3.160662128090e+00  
  1.733280893923e-05  ,-5.146026567851e+01  ,-3.064063937712e+00  
  1.733526018025e-05  ,-5.368125286036e+01  ,-2.938104474258e+00  
  1.734003749253e-05  ,-5.708519016109e+01  ,-2.705429055991e+00  
  1.734566193582e-05  ,-5.944365953712e+01  ,-2.428445405016e+00  
  1.735327940942e-05  ,-5.968185280199e+01  ,-2.058271476465e+00  
  1.736079406501e-05  ,-5.658315448423e+01  ,-1.694177802127e+00  
  1.737048578025e-05  ,-4.799716813847e+01  ,-1.224702643166e+00  
  1.737924021246e-05  ,-3.641560533666e+01  ,-7.892768863707e-01  
  1.738393705846e-05  ,-2.900913064692e+01  ,-5.307561271087e-01  
  1.738534763964e-05  ,-2.665395362800e+01  ,-4.429534886967e-01  
  1.738732018085e-05  ,-2.327378789500e+01  ,-3.126049016948e-01  
  1.738952853294e-05  ,-1.938415367953e+01  ,-1.518207689254e-01  
  1.739394523711e-05  ,-1.134425938349e+01  ,2.383259579506e-01  
  1.739821292968e-05  ,-3.366778872748e+00  ,9.018495745019e-01  
  1.740178585561e-05  ,3.364492797871e+00  ,3.520270233685e+00  
  1.740417115898e-05  ,7.839966830969e+00  ,7.896305282313e+00  
  1.740717299791e-05  ,1.340663959943e+01  ,1.338437856594e+01  
  1.740999937566e-05  ,1.853990039823e+01  ,1.829405814706e+01  
  1.741203338416e-05  ,2.214596965883e+01  ,1.158746948560e+01  
  1.741413035007e-05  ,2.576886237606e+01  ,5.487427090800e+00  
  1.741710871966e-05  ,3.071869980691e+01  ,3.021714902134e+00  
  1.742096439512e-05  ,3.672137006422e+01  ,3.070309086791e+00  
  1.742478654297e-05  ,4.214094567113e+01  ,3.688121801840e+00  
  1.742766880007e-05  ,4.583035724069e+01  ,3.456275347534e+00  
  1.743001238020e-05  ,4.855473261949e+01  ,3.244334999249e+00  
  1.743110500784e-05  ,4.973582026517e+01  ,3.164650682469e+00  
  1.743268657984e-05  ,5.134128993957e+01  ,3.070597425049e+00  
  1.743522052230e-05  ,5.364781938877e+01  ,2.939738194516e+00  
  1.744006116451e-05  ,5.709891291599e+01  ,2.704425930922e+00  
  1.744556192817e-05  ,5.941775469375e+01  ,2.433277367735e+00  
  1.745315406980e-05  ,5.970568782440e+01  ,2.064381596844e+00  
  1.746070001782e-05  ,5.664187676571e+01  ,1.698702786077e+00  
  1.747043345632e-05  ,4.805628645064e+01  ,1.227243002256e+00  
  1.747922365130e-05  ,3.644041038659e+01  ,7.901621482178e-01  
  1.748394061388e-05  ,2.900326402665e+01  ,5.306005588932e-01  
  1.748536497863e-05  ,2.662466839463e+01  ,4.419230164295e-01  
  1.748732671650e-05  ,2.326243256913e+01  ,3.121914119066e-01  
  1.748953730376e-05  ,1.936850688694e+01  ,1.511505397696e-01  
  1.749395847829e-05  ,1.131974955713e+01  ,-2.397668939547e-01  
  1.749821499498e-05  ,3.362891998822e+00  ,-9.025656668400e-01  
  1.750178419562e-05  ,-3.361368710354e+00  ,-3.517320848976e+00  
  1.750416614623e-05  ,-7.830598931511e+00  ,-7.887096293485e+00  
  1.750716425987e-05  ,-1.339058471087e+01  ,-1.336858274569e+01  
  1.750998691232e-05  ,-1.851755583009e+01  ,-1.827939129250e+01  
  1.751202650876e-05  ,-2.213392442064e+01  ,-1.162589282783e+01  
  1.751413427801e-05  ,-2.577554855718e+01  ,-5.484543384759e+00  
  1.751706943424e-05  ,-3.065506650356e+01  ,-3.041654711050e+00  
  1.752093777569e-05  ,-3.668167567860e+01  ,-3.980869497919e+00  
  1.752476290376e-05  ,-4.210921561068e+01  ,-3.396213973193e+00  
  1.752756953748e-05  ,-4.570937543705e+01  ,-3.276192083687e+00  
  1.752989896150e-05  ,-4.842882979350e+01  ,-3.193765104437e+00  
  1.753100201996e-05  ,-4.962697450508e+01  ,-3.148360832723e+00  
  1.753259607168e-05  ,-5.125279641106e+01  ,-3.073944138582e+00  
  1.753506109627e-05  ,-5.351257619054e+01  ,-2.951723362391e+00  
  1.753973410042e-05  ,-5.690651975998e+01  ,-2.718585067935e+00  
  1.754515514286e-05  ,-5.930634365449e+01  ,-2.454104474866e+00  
  1.755271450193e-05  ,-5.978195903468e+01  ,-2.085077288432e+00  
  1.756030068310e-05  ,-5.688570479232e+01  ,-1.718409006640e+00  
  1.757019058378e-05  ,-4.832899373648e+01  ,-1.239155171402e+00  
  1.757911339910e-05  ,-3.660529278163e+01  ,-7.959561109948e-01  
  1.758391157301e-05  ,-2.905117235533e+01  ,-5.324503777399e-01  
  1.758638777347e-05  ,-2.488350775305e+01  ,-3.784452937276e-01  
  1.758815803142e-05  ,-2.181023821894e+01  ,-2.565079258506e-01  
  1.759048037739e-05  ,-1.767776878935e+01  ,-7.646405688610e-02  
  1.759512506934e-05  ,-9.153148381806e+00  ,3.782556905417e-01  
  1.759866633029e-05  ,-2.513172717316e+00  ,1.033499934984e+00  
  1.760192186148e-05  ,3.620422975007e+00  ,3.769366231065e+00  
  1.760388769718e-05  ,7.309931015367e+00  ,7.375653240209e+00  
  1.760643095286e-05  ,1.203976257425e+01  ,1.203824794161e+01  
  1.760919884355e-05  ,1.709906630309e+01  ,1.699376983607e+01  
  1.761205316098e-05  ,2.218061157766e+01  ,1.255708433334e+01  
  1.761410914870e-05  ,2.573276645902e+01  ,6.165929613329e+00  
  1.761647731574e-05  ,2.969037089727e+01  ,3.996167203977e+00  
  1.762009978802e-05  ,3.541911444632e+01  ,3.339622267512e+00  
  1.762385115536e-05  ,4.086785457572e+01  ,3.664448686269e+00  
  1.762779176743e-05  ,4.597961237921e+01  ,3.407668470978e+00  
  1.763007462533e-05  ,4.862356725325e+01  ,3.229997961128e+00  
  1.763128217818e-05  ,4.992184904106e+01  ,3.150578058637e+00  
  1.763296600939e-05  ,5.161187749870e+01  ,3.055869312671e+00  
  1.763548318805e-05  ,5.386770545413e+01  ,2.927590512426e+00  
  1.764038492502e-05  ,5.728342562664e+01  ,2.688076714822e+00  
  1.764614794911e-05  ,5.956119157929e+01  ,2.404888240537e+00  
  1.765381012620e-05  ,5.957068000012e+01  ,2.032429757047e+00  
  1.766128007831e-05  ,5.627183147975e+01  ,1.670746913860e+00  
  1.767081980170e-05  ,4.761672350273e+01  ,1.208457329803e+00  
  1.767944310369e-05  ,3.611091972489e+01  ,7.786839126277e-01  
  1.768404532732e-05  ,2.883031953385e+01  ,5.253549811302e-01  
  1.768533260138e-05  ,2.667934655163e+01  ,4.442587381963e-01  
  1.768744707616e-05  ,2.305313954816e+01  ,3.039525582727e-01  
  1.768966623159e-05  ,1.913833582568e+01  ,1.440230494865e-01  
  1.769410454245e-05  ,1.104925114965e+01  ,-2.656043538870e-01  
  1.769825600596e-05  ,3.285706877522e+00  ,-9.186305458143e-01  
  1.770177715035e-05  ,-3.348109465307e+00  ,-3.505168786828e+00  
  1.770410210402e-05  ,-7.710898931143e+00  ,-7.769410757440e+00  
  1.770703875037e-05  ,-1.315986838011e+01  ,-1.314149934412e+01  
  1.770983160050e-05  ,-1.823887194080e+01  ,-1.805674956315e+01  
  1.771196097644e-05  ,-2.201906437482e+01  ,-1.204927060469e+01  
  1.771425426514e-05  ,-2.597960200364e+01  ,-5.327081260579e+00  
  1.771677442403e-05  ,-3.017573297614e+01  ,-3.222752986561e+00  
  1.772081710906e-05  ,-3.650141864236e+01  ,-3.953601936809e+00  
  1.772451185198e-05  ,-4.177080817137e+01  ,-3.425479876829e+00  
  1.772744067521e-05  ,-4.555165447907e+01  ,-3.289512770583e+00  
  1.772977158935e-05  ,-4.828670475394e+01  ,-3.201791635435e+00  
  1.773165286095e-05  ,-5.030605611840e+01  ,-3.118728014769e+00  
  1.773372300477e-05  ,-5.232487820536e+01  ,-3.018143261720e+00  
  1.773612954231e-05  ,-5.439314070223e+01  ,-2.898052969243e+00  
  1.774094261737e-05  ,-5.758735082121e+01  ,-2.659411292861e+00  
  1.774746485563e-05  ,-5.980980599852e+01  ,-2.341275775213e+00  
  1.775529541583e-05  ,-5.917163967771e+01  ,-1.960024990155e+00  
  1.776480682702e-05  ,-5.362471413510e+01  ,-1.500424077959e+00  
  1.777417667718e-05  ,-4.350947128645e+01  ,-1.044105603619e+00  
  1.778389223428e-05  ,-2.908306177670e+01  ,-5.335749353173e-01  
  1.778878577562e-05  ,-2.070374296770e+01  ,-2.268117640836e-01  
  1.778995086016e-05  ,-1.862909049480e+01  ,-1.318789989322e-01  
  1.779103287072e-05  ,-1.667995778861e+01  ,-3.612110958708e-02  
  1.779319689186e-05  ,-1.272615206280e+01  ,1.729982935427e-01  
  1.779752493413e-05  ,-4.660689464885e+00  ,7.929521856714e-01  
  1.780114070089e-05  ,2.149710334618e+00  ,2.401048187928e+00  
  1.780467600138e-05  ,8.782388106747e+00  ,8.824780812969e+00  
  1.780755863102e-05  ,1.411416128479e+01  ,1.408007848346e+01  
  1.781045467170e-05  ,1.935419013903e+01  ,1.772422195377e+01  
  1.781253152104e-05  ,2.301588767512e+01  ,9.706162929913e+00  
  1.781454168768e-05  ,2.646689402841e+01  ,4.891680643334e+00  
  1.781815521927e-05  ,3.239625915536e+01  ,2.833824999552e+00  
  1.782185592265e-05  ,3.803579279830e+01  ,3.953405473753e+00  
  1.782587178560e-05  ,4.357232298798e+01  ,3.317916366373e+00  
  1.782866836102e-05  ,4.702359118630e+01  ,3.212926682088e+00  
  1.783145338805e-05  ,5.010014998769e+01  ,3.146403852432e+00  
  1.783236077563e-05  ,5.102080074113e+01  ,3.096916409827e+00  
  1.783415226774e-05  ,5.271607063763e+01  ,2.999544589345e+00  
  1.783752402799e-05  ,5.545008853550e+01  ,2.827173800791e+00  
  1.784426754849e-05  ,5.902965160643e+01  ,2.495182878235e+00  
  1.785074657337e-05  ,5.998349763895e+01  ,2.180285929802e+00  
  1.785825675862e-05  ,5.799273976662e+01  ,1.817577510027e+00  
  1.786967700855e-05  ,4.889637265604e+01  ,1.264136289688e+00  
  1.787952965634e-05  ,3.598049481783e+01  ,7.754086109851e-01  
  1.788482254879e-05  ,2.753703583987e+01  ,4.810106519147e-01  
  1.788628826426e-05  ,2.505406499314e+01  ,3.859295389600e-01  
  1.788869256662e-05  ,2.086855757199e+01  ,2.178538286884e-01  
  1.789098138498e-05  ,1.677315875385e+01  ,3.876478957716e-02  
  1.789555902170e-05  ,8.343916070354e+00  ,-4.354496911666e-01  
  1.789897623049e-05  ,1.929427382906e+00  ,-1.126808998147e+00  
  1.790220605718e-05  ,-4.154991716185e+00  ,-4.286493272095e+00  
  1.790406181054e-05  ,-7.635571165681e+00  ,-7.696104830245e+00  
  1.790636217730e-05  ,-1.191273248962e+01  ,-1.191287144011e+01  
  1.790953463452e-05  ,-1.770480754997e+01  ,-1.757031877192e+01  
  1.791216282682e-05  ,-2.237255117019e+01  ,-1.193052591800e+01  
  1.791459953921e-05  ,-2.656471505740e+01  ,-5.160099378003e+00  
  1.791704556482e-05  ,-3.061638074073e+01  ,-3.933347482410e+00  
  1.792064531283e-05  ,-3.624387757976e+01  ,-3.507616461855e+00  
  1.792427784340e-05  ,-4.145303409298e+01  ,-3.575996201964e+00  
  1.792740745978e-05  ,-4.551087933311e+01  ,-3.384813609906e+00  
  1.792974917726e-05  ,-4.826161672267e+01  ,-3.232403835218e+00  
  1.793169266121e-05  ,-5.034690382354e+01  ,-3.121903192369e+00  
  1.793379484253e-05  ,-5.239100974566e+01  ,-3.012952243101e+00  
  1.793617381291e-05  ,-5.442831098692e+01  ,-2.894314549890e+00  
  1.794093175368e-05  ,-5.758159896536e+01  ,-2.660706752811e+00  
  1.794755382971e-05  ,-5.982291546844e+01  ,-2.336479095433e+00  
  1.795539184050e-05  ,-5.914127047333e+01  ,-1.955661187343e+00  
  1.796507461505e-05  ,-5.339639266254e+01  ,-1.487254472160e+00  
  1.797448320822e-05  ,-4.310959872856e+01  ,-1.028943792464e+00  
  1.798406167464e-05  ,-2.880329213361e+01  ,-5.235517214974e-01  
  1.798885239796e-05  ,-2.058583070566e+01  ,-2.215851502174e-01  
  1.798998768018e-05  ,-1.856310400267e+01  ,-1.287360039387e-01  
  1.799104212360e-05  ,-1.666320333587e+01  ,-3.525382890761e-02  
  1.799315101044e-05  ,-1.281065550880e+01  ,1.683806857052e-01  
  1.799736878411e-05  ,-4.954078709630e+00  ,7.625578344390e-01  
  1.800090520219e-05  ,1.706035970718e+00  ,2.096413166182e+00  
  1.800501941280e-05  ,9.422207910187e+00  ,9.459163900922e+00  
  1.800806819038e-05  ,1.504585654534e+01  ,1.499841560936e+01  
  1.801117955284e-05  ,2.064239045372e+01  ,1.573233142743e+01  
  1.801327577369e-05  ,2.430504145627e+01  ,7.825866695896e+00  
  1.801541260020e-05  ,2.793008747194e+01  ,4.335393711236e+00  
  1.801899930970e-05  ,3.372392648419e+01  ,3.095930400656e+00  
  1.802280506627e-05  ,3.940234771967e+01  ,3.820302597121e+00  
  1.802693045275e-05  ,4.491986314808e+01  ,3.284240827504e+00  
  1.802921331064e-05  ,4.765467270787e+01  ,3.200590874908e+00  
  1.803164108233e-05  ,5.029395242526e+01  ,3.130372903336e+00  
  1.803367285566e-05  ,5.227855455155e+01  ,3.028604162184e+00  
  1.803592032330e-05  ,5.422550660222e+01  ,2.910988734749e+00  
  1.804041525857e-05  ,5.730040953162e+01  ,2.684279357614e+00  
  1.804665586488e-05  ,5.966918199388e+01  ,2.381306700601e+00  
  1.805462053554e-05  ,5.936898030805e+01  ,1.992342937641e+00  
  1.806279680268e-05  ,5.521626929325e+01  ,1.597919054128e+00  
  1.807286998765e-05  ,4.516835435672e+01  ,1.108478742228e+00  
  1.808363309638e-05  ,2.950933792573e+01  ,5.503981008462e-01  
  1.808909288184e-05  ,2.015946125806e+01  ,2.088252300181e-01  
  1.809031514959e-05  ,1.797515171620e+01  ,1.059272957126e-01  
  1.809152773158e-05  ,1.578195687738e+01  ,-6.086940153830e-03  
  1.809395289557e-05  ,1.133008358694e+01  ,-2.552799584711e-01  
  1.809880322354e-05  ,2.255339044917e+00  ,-1.097478935334e+00  
  1.810219510035e-05  ,-4.134387925113e+00  ,-4.264441532367e+00  
  1.810426859693e-05  ,-8.022021344922e+00  ,-8.075666579304e+00  
  1.810684128241e-05  ,-1.279646249741e+01  ,-1.278325047087e+01  
  1.810969038443e-05  ,-1.798510371150e+01  ,-1.783082789065e+01  
  1.811187340455e-05  ,-2.186542946946e+01  ,-1.256640284871e+01  
  1.811440622942e-05  ,-2.623750647761e+01  ,-4.492363283644e+00  
  1.811673155563e-05  ,-3.010586358901e+01  ,-3.990315179448e+00  
  1.811909301715e-05  ,-3.386987314470e+01  ,-3.773984749097e+00  
  1.812168619172e-05  ,-3.778781833154e+01  ,-3.632580793813e+00  
  1.812530121343e-05  ,-4.282597812683e+01  ,-3.446533899798e+00  
  1.812786942856e-05  ,-4.607352239076e+01  ,-3.314840204335e+00  
  1.813056318597e-05  ,-4.915737099592e+01  ,-3.176925829510e+00  
  1.813158186661e-05  ,-5.023299814065e+01  ,-3.125508346339e+00  
  1.813318169253e-05  ,-5.181801703884e+01  ,-3.044871377539e+00  
  1.813600993292e-05  ,-5.429759241863e+01  ,-2.903241373431e+00  
  1.814166641371e-05  ,-5.795542616721e+01  ,-2.624146981332e+00  
  1.814752480523e-05  ,-5.981869035478e+01  ,-2.338486928424e+00  
  1.815520039336e-05  ,-5.920103605684e+01  ,-1.964563280496e+00  
  1.816479674117e-05  ,-5.363323947172e+01  ,-1.500958435441e+00  
  1.817419490354e-05  ,-4.348580729828e+01  ,-1.043225510484e+00  
  1.818392685191e-05  ,-2.902596996684e+01  ,-5.316106609252e-01  
  1.818882709877e-05  ,-2.063061739450e+01  ,-2.239688669428e-01  
  1.818999367343e-05  ,-1.855236093588e+01  ,-1.286095095929e-01  
  1.819107698785e-05  ,-1.660006099039e+01  ,-3.238164262969e-02  
  1.819324361669e-05  ,-1.264006807668e+01  ,1.779367324204e-01  
  1.819757687436e-05  ,-4.563074092959e+00  ,8.038422495032e-01  
  1.820121014999e-05  ,2.280529528450e+00  ,2.512179722537e+00  
  1.820459271358e-05  ,8.627055315400e+00  ,8.671691945840e+00  
  1.820744889365e-05  ,1.391303231451e+01  ,1.388224939880e+01  
  1.821030879901e-05  ,1.909372228161e+01  ,1.805223690181e+01  
  1.821240054952e-05  ,2.278770393521e+01  ,1.014094144135e+01  
  1.821441369639e-05  ,2.625016359964e+01  ,4.929090677000e+00  
  1.821843999015e-05  ,3.284676748822e+01  ,3.651346820814e+00  
  1.822213547812e-05  ,3.844185854094e+01  ,3.696266692978e+00  
  1.822635474192e-05  ,4.419313004286e+01  ,3.440233595796e+00  
  1.822884919630e-05  ,4.723454543577e+01  ,3.277984844398e+00  
  1.823152581738e-05  ,5.017514316744e+01  ,3.126626774446e+00  
  1.823247036473e-05  ,5.112920031785e+01  ,3.079207651445e+00  
  1.823425626890e-05  ,5.280940806370e+01  ,2.990306167755e+00  
  1.823782807724e-05  ,5.566647909882e+01  ,2.813437279237e+00  
  1.824497169392e-05  ,5.925293033374e+01  ,2.462118359011e+00  
  1.825141570108e-05  ,5.994066751549e+01  ,2.148843411387e+00  
  1.825882828371e-05  ,5.770708547604e+01  ,1.789012455144e+00  
  1.826965397732e-05  ,4.892151959997e+01  ,1.265082706505e+00  
  1.827914750712e-05  ,3.655433100018e+01  ,7.947390570229e-01  
  1.828427499668e-05  ,2.844990810806e+01  ,5.123837731931e-01  
  1.828676237302e-05  ,2.423928289687e+01  ,3.551486935623e-01  
  1.828853710131e-05  ,2.114305658520e+01  ,2.300428970200e-01  
  1.829089781778e-05  ,1.692434095782e+01  ,4.166677208527e-02  
  1.829561925070e-05  ,8.231475340554e+00  ,-4.441153913443e-01  
  1.829907259481e-05  ,1.747870296763e+00  ,-1.154664803975e+00  
  1.830232104795e-05  ,-4.371196282571e+00  ,-4.496338202985e+00  
  1.830418704586e-05  ,-7.869655158842e+00  ,-7.926429005946e+00  
  1.830641141669e-05  ,-1.200368450327e+01  ,-1.200239013470e+01  
  1.830931043760e-05  ,-1.730058788328e+01  ,-1.718757254711e+01  
  1.831260694699e-05  ,-2.314712117045e+01  ,-9.464430895080e+00  
  1.831481082873e-05  ,-2.692123620978e+01  ,-4.369436700482e+00  
  1.831747143106e-05  ,-3.130398558312e+01  ,-3.065717188535e+00  
  1.832143588500e-05  ,-3.742016525899e+01  ,-3.214357553293e+00  
  1.832503898577e-05  ,-4.247833780575e+01  ,-3.607508364393e+00  
  1.832786759870e-05  ,-4.607131282234e+01  ,-3.410049005182e+00  
  1.833027413623e-05  ,-4.884294474647e+01  ,-3.220286319333e+00  
  1.833131684498e-05  ,-4.995806843741e+01  ,-3.150455622646e+00  
  1.833289338784e-05  ,-5.154193558915e+01  ,-3.060183521880e+00  
  1.833559385078e-05  ,-5.395924747242e+01  ,-2.921756847607e+00  
  1.834090536968e-05  ,-5.756760185442e+01  ,-2.662671196998e+00  
  1.834651938216e-05  ,-5.964165536132e+01  ,-2.386805733019e+00  
  1.835418304937e-05  ,-5.948265306878e+01  ,-2.014322673367e+00  
  1.836196294563e-05  ,-5.581226332134e+01  ,-1.637732433944e+00  
  1.837163528936e-05  ,-4.666595607887e+01  ,-1.168705444878e+00  
  1.838040462272e-05  ,-3.464724857042e+01  ,-7.288045944509e-01  
  1.838451734321e-05  ,-2.804689335090e+01  ,-4.963274461929e-01  
  1.838574762033e-05  ,-2.597639836206e+01  ,-4.178837098716e-01  
  1.838756574826e-05  ,-2.284645829655e+01  ,-2.957001792005e-01  
  1.839041671292e-05  ,-1.779241122602e+01  ,-8.260938575362e-02  
  1.839611864226e-05  ,-7.298070340707e+00  ,4.990144609626e-01  
  1.840041241185e-05  ,7.773562807623e-01  ,1.669016863778e+00  
  1.840623578565e-05  ,1.167913956088e+01  ,1.168419521718e+01  
  1.840826122598e-05  ,1.539781515365e+01  ,1.534329206021e+01  
  1.841074338691e-05  ,1.986851163901e+01  ,1.726886816930e+01  
  1.841235438870e-05  ,2.270718859574e+01  ,1.048480281401e+01  
  1.841409633444e-05  ,2.571094430507e+01  ,5.479806158437e+00  
  1.841758022593e-05  ,3.147875239403e+01  ,2.752422657234e+00  
  1.842103096233e-05  ,3.682052133351e+01  ,3.994061607638e+00  
  1.842501925813e-05  ,4.245206758535e+01  ,3.370232613498e+00  
  1.842774430798e-05  ,4.592208830533e+01  ,3.262670851609e+00  
  1.843010465191e-05  ,4.865670610137e+01  ,3.182897401369e+00  
  1.843116375194e-05  ,4.979767257773e+01  ,3.139948124530e+00  
  1.843274327503e-05  ,5.139651174490e+01  ,3.066626926600e+00  
  1.843534166501e-05  ,5.374968670170e+01  ,2.937927687285e+00  
  1.844033057378e-05  ,5.725286399591e+01  ,2.689167395252e+00  
  1.844585964964e-05  ,5.949314611322e+01  ,2.419885270004e+00  
  1.845348010348e-05  ,5.964176115882e+01  ,2.047856912772e+00  
  1.846100668000e-05  ,5.644857967656e+01  ,1.684342434548e+00  
  1.847064475106e-05  ,4.781675971190e+01  ,1.217080815606e+00  
  1.847935149954e-05  ,3.624866581169e+01  ,7.834977838297e-01  
  1.848400885747e-05  ,2.889058855945e+01  ,5.265496108432e-01  
  1.848534921692e-05  ,2.665128994492e+01  ,4.428619206579e-01  
  1.848740036176e-05  ,2.313441036074e+01  ,3.071392184823e-01  
  1.848961504684e-05  ,1.922975223682e+01  ,1.479494083253e-01  
  1.849404441701e-05  ,1.116062685090e+01  ,-2.478809459272e-01  
  1.849823909388e-05  ,3.317537083235e+00  ,-9.093658671115e-01  
  1.850177774714e-05  ,-3.349232637458e+00  ,-3.506012394865e+00  
  1.850413473831e-05  ,-7.771898949580e+00  ,-7.829409202800e+00  
  1.850710267709e-05  ,-1.327740670848e+01  ,-1.325722543178e+01  
  1.850990521298e-05  ,-1.837101309004e+01  ,-1.816871834462e+01  
  1.851198839532e-05  ,-2.206713347499e+01  ,-1.186404722088e+01  
  1.851418482648e-05  ,-2.586155749326e+01  ,-5.421840647201e+00  
  1.851686815308e-05  ,-3.032830713048e+01  ,-3.155329834157e+00  
  1.852082068609e-05  ,-3.650676971275e+01  ,-3.964907903424e+00  
  1.852457056330e-05  ,-4.185018215842e+01  ,-3.416896765175e+00  
  1.852745989846e-05  ,-4.557523020598e+01  ,-3.286309610270e+00  
  1.852978708731e-05  ,-4.830403911882e+01  ,-3.200485138668e+00  
  1.853165085004e-05  ,-5.030399019649e+01  ,-3.118745366102e+00  
  1.853371391581e-05  ,-5.231649219660e+01  ,-3.018648794689e+00  
  1.853613274680e-05  ,-5.439569001019e+01  ,-2.897931442393e+00  
  1.854097040878e-05  ,-5.760203464312e+01  ,-2.658020306477e+00  
  1.854747402059e-05  ,-5.981117795686e+01  ,-2.340849386585e+00  
  1.855530458079e-05  ,-5.916877649742e+01  ,-1.959566227338e+00  
  1.856483834372e-05  ,-5.359803910303e+01  ,-1.498908801208e+00  
  1.857421266423e-05  ,-4.346273418040e+01  ,-1.042333945195e+00  
  1.858391033994e-05  ,-2.905320600082e+01  ,-5.324954793658e-01  
  1.858879121529e-05  ,-2.069411890571e+01  ,-2.263600970130e-01  
  1.858995294707e-05  ,-1.862535113795e+01  ,-1.316781882206e-01  
  1.859103179114e-05  ,-1.668191254033e+01  ,-3.620099008857e-02  
  1.859318947928e-05  ,-1.273980619874e+01  ,1.722412559314e-01  
  1.859750485556e-05  ,-4.698421391430e+00  ,7.889630034376e-01  
  1.860111019151e-05  ,2.092237448241e+00  ,2.354352630903e+00  
  1.860510444777e-05  ,9.580472513747e+00  ,9.614778464024e+00  
  1.860831751065e-05  ,1.550033199658e+01  ,1.544372522079e+01  
  1.861155702309e-05  ,2.130900367685e+01  ,1.434138000620e+01  
  1.861373780803e-05  ,2.509871208591e+01  ,6.756158304978e+00  
  1.861597484486e-05  ,2.886366018149e+01  ,4.127077510911e+00  
  1.861966698007e-05  ,3.475735188105e+01  ,3.245540204509e+00  
  1.862358673052e-05  ,4.050151801497e+01  ,3.726032163853e+00  
  1.862804590301e-05  ,4.628589967596e+01  ,3.236429909222e+00  
  1.863007208841e-05  ,4.862076539525e+01  ,3.165224674240e+00  
  1.863123233007e-05  ,4.986966465502e+01  ,3.127136707726e+00  
  1.863288524137e-05  ,5.153407297645e+01  ,3.057432311230e+00  
  1.863565126942e-05  ,5.400648819847e+01  ,2.923358472808e+00  
  1.864041144536e-05  ,5.729827735719e+01  ,2.684839779822e+00  
  1.864619607614e-05  ,5.957207494296e+01  ,2.403606514445e+00  
  1.865381802009e-05  ,5.956890134656e+01  ,2.031693726302e+00  
  1.866138482974e-05  ,5.620301044199e+01  ,1.665945496644e+00  
  1.867096776651e-05  ,4.744651586418e+01  ,1.201321353843e+00  
  1.867962385105e-05  ,3.583825193725e+01  ,7.693660880149e-01  
  1.868422607468e-05  ,2.853106457971e+01  ,5.149592568221e-01  
  1.868550161408e-05  ,2.639361793822e+01  ,4.339783743286e-01  
  1.868770586835e-05  ,2.260201428132e+01  ,2.864014434677e-01  
  1.868998611854e-05  ,1.856590318200e+01  ,1.193934927669e-01  
  1.869454661892e-05  ,1.022916889561e+01  ,-3.174563254366e-01  
  1.869839931415e-05  ,3.015950253692e+00  ,-9.606126294721e-01  
  1.870177889751e-05  ,-3.351397650035e+00  ,-3.509810119047e+00  
  1.870395893739e-05  ,-7.443196916148e+00  ,-7.506396645205e+00  
  1.870673204349e-05  ,-1.259521453723e+01  ,-1.258553147432e+01  
  1.870945262299e-05  ,-1.755704429347e+01  ,-1.743060645533e+01  
  1.871187853204e-05  ,-2.187442963858e+01  ,-1.278014020226e+01  
  1.871401871131e-05  ,-2.557866632399e+01  ,-6.012133274162e+00  
  1.871623674916e-05  ,-2.929547939919e+01  ,-4.078755043082e+00  
  1.871988790618e-05  ,-3.509595809636e+01  ,-3.384681972966e+00  
  1.872368844734e-05  ,-4.064276958178e+01  ,-3.665510525567e+00  
  1.872824820267e-05  ,-4.652760556004e+01  ,-3.246600299957e+00  
  1.873024384068e-05  ,-4.880975582257e+01  ,-3.167541519523e+00  
  1.873137260364e-05  ,-5.001619998296e+01  ,-3.124716988318e+00  
  1.873300595717e-05  ,-5.165023674352e+01  ,-3.051987665563e+00  
  1.873593850569e-05  ,-5.424016807180e+01  ,-2.908454433290e+00  
  1.874089835720e-05  ,-5.756387497032e+01  ,-2.661117215186e+00  
  1.874680890279e-05  ,-5.969874288945e+01  ,-2.373631149440e+00  
  1.875444574790e-05  ,-5.941574213331e+01  ,-2.000969966302e+00  
  1.876278890805e-05  ,-5.522209026532e+01  ,-1.598180940194e+00  
  1.877300514416e-05  ,-4.500025116604e+01  ,-1.101842279569e+00  
  1.878366841511e-05  ,-2.945135387302e+01  ,-5.482042241409e-01  
  1.878911031918e-05  ,-2.012850043577e+01  ,-2.074032070537e-01  
  1.879032811658e-05  ,-1.795183067050e+01  ,-1.047843889060e-01  
  1.879153622822e-05  ,-1.576650448729e+01  ,6.880881946899e-03  
  1.879395245151e-05  ,-1.133090555005e+01  ,2.552791694264e-01  
  1.879878489809e-05  ,-2.289856913154e+00  ,1.092604867110e+00  
  1.880217528479e-05  ,4.097124447719e+00  ,4.228309565022e+00  
  1.880424729125e-05  ,7.982219856472e+00  ,8.036492860069e+00  
  1.880683823065e-05  ,1.279084236055e+01  ,1.277774088044e+01  
  1.880969776349e-05  ,1.799837283623e+01  ,1.784311258332e+01  
  1.881188264625e-05  ,2.188165081110e+01  ,1.253360397404e+01  
  1.881441323595e-05  ,2.624938314837e+01  ,4.490189067585e+00  
  1.881675085561e-05  ,3.013732657575e+01  ,2.913083498891e+00  
  1.881967148320e-05  ,3.476427045403e+01  ,3.151716547887e+00  
  1.882357707755e-05  ,4.048809166760e+01  ,3.429840812966e+00  
  1.882774418728e-05  ,4.592194187927e+01  ,3.369496805875e+00  
  1.883001139896e-05  ,4.855364601290e+01  ,3.230097394977e+00  
  1.883201858537e-05  ,5.067843829698e+01  ,3.110450997704e+00  
  1.883418223397e-05  ,5.274302204894e+01  ,2.994612553341e+00  
  1.883681303398e-05  ,5.492436455165e+01  ,2.862329342631e+00  
  1.884207463400e-05  ,5.814981602443e+01  ,2.604776382739e+00  
  1.884889489548e-05  ,5.996384369107e+01  ,2.271206824953e+00  
  1.885677760975e-05  ,5.864502058794e+01  ,1.888526140794e+00  
  1.886981463568e-05  ,4.874556967734e+01  ,1.257549781911e+00  
  1.888074612753e-05  ,3.411971560037e+01  ,7.134777358781e-01  
  1.888593396680e-05  ,2.565932594786e+01  ,4.151877038308e-01  
  1.888751665638e-05  ,2.293199617542e+01  ,3.065867009043e-01  
  1.888929082589e-05  ,1.980764900985e+01  ,1.742053566508e-01  
  1.889262868600e-05  ,1.377074277868e+01  ,-1.084969314225e-01  
  1.889930440621e-05  ,1.311059049614e+00  ,-1.197118327814e+00  
  1.890321372585e-05  ,-6.047444317618e+00  ,-6.130330859350e+00  
  1.890520638363e-05  ,-9.770102369370e+00  ,-9.796814324721e+00  
  1.890738865869e-05  ,-1.380256194959e+01  ,-1.377218012092e+01  
  1.891009135680e-05  ,-1.870471834376e+01  ,-1.830639912141e+01  
  1.891193928705e-05  ,-2.198102830079e+01  ,-1.166313199761e+01  
  1.891376393424e-05  ,-2.514343460927e+01  ,-5.715134725691e+00  
  1.891717108475e-05  ,-3.081962069218e+01  ,-3.675295512199e+00  
  1.892120110379e-05  ,-3.707321271330e+01  ,-3.778227259879e+00  
  1.892519983040e-05  ,-4.269191600009e+01  ,-3.429868645187e+00  
  1.892801726745e-05  ,-4.625153487994e+01  ,-3.289700327958e+00  
  1.893056611107e-05  ,-4.916053222234e+01  ,-3.171250519762e+00  
  1.893159745769e-05  ,-5.024906384529e+01  ,-3.122349798047e+00  
  1.893318797038e-05  ,-5.182398152788e+01  ,-3.044278512958e+00  
  1.893605905162e-05  ,-5.433692305419e+01  ,-2.901162058093e+00  
  1.894180121408e-05  ,-5.802067226492e+01  ,-2.617256643727e+00  
  1.894764693962e-05  ,-5.983613380860e+01  ,-2.332670979668e+00  
  1.895532103764e-05  ,-5.916362298384e+01  ,-1.958602963502e+00  
  1.896517815576e-05  ,-5.330709776996e+01  ,-1.482571721311e+00  
  1.897465231405e-05  ,-4.288728514049e+01  ,-1.020674686879e+00  
  1.898420544849e-05  ,-2.856526107535e+01  ,-5.151194811611e-01  
  1.898895668374e-05  ,-2.040107855952e+01  ,-2.140428656848e-01  
  1.899007874118e-05  ,-1.839980382287e+01  ,-1.215907939222e-01  
  1.899112089114e-05  ,-1.652051978814e+01  ,-2.852582580199e-02  
  1.899320519106e-05  ,-1.271086393660e+01  ,1.741884306572e-01  
  1.899737379090e-05  ,-4.944673296489e+00  ,7.643887854939e-01  
  1.900089493529e-05  ,1.686691056413e+00  ,2.087630742842e+00  
  1.900498902933e-05  ,9.365642720651e+00  ,9.403427530310e+00  
  1.900801694529e-05  ,1.495232873973e+01  ,1.490663932317e+01  
  1.901110521094e-05  ,2.051075740749e+01  ,1.599186819385e+01  
  1.901318913834e-05  ,2.415564631620e+01  ,8.041664043904e+00  
  1.901531031863e-05  ,2.775930983881e+01  ,4.382745251338e+00  
  1.901888398962e-05  ,3.354391772382e+01  ,3.065331335501e+00  
  1.902267484502e-05  ,3.921690466147e+01  ,3.837545351418e+00  
  1.902676372366e-05  ,4.471089824716e+01  ,3.290707497108e+00  
  1.902909426527e-05  ,4.751799759827e+01  ,3.204911424825e+00  
  1.903156077997e-05  ,5.021125042243e+01  ,3.135102671743e+00  
  1.903347371654e-05  ,5.209332651816e+01  ,3.038815060531e+00  
  1.903571224348e-05  ,5.405646172033e+01  ,2.921388974600e+00  
  1.904015129940e-05  ,5.715087540685e+01  ,2.697253512437e+00  
  1.904636210339e-05  ,5.960857466316e+01  ,2.395619217502e+00  
  1.905420458452e-05  ,5.947732031753e+01  ,2.012530510745e+00  
  1.906180268662e-05  ,5.592243193033e+01  ,1.645974036860e+00  
  1.907136029141e-05  ,4.699002709790e+01  ,1.182241898035e+00  
  1.908000743525e-05  ,3.525577571263e+01  ,7.494246055291e-01  
  1.908410078423e-05  ,2.873860053324e+01  ,5.215371381625e-01  
  1.908529753374e-05  ,2.673853707935e+01  ,4.459469743947e-01  
  1.908734607087e-05  ,2.322879967552e+01  ,3.104932342535e-01  
  1.908980140971e-05  ,1.889666919023e+01  ,1.339252140843e-01  
  1.909471208738e-05  ,9.921697584740e+00  ,-3.347881602694e-01  
  1.909843961285e-05  ,2.940082621048e+00  ,-9.707793587477e-01  
  1.910179833458e-05  ,-3.387977846227e+00  ,-3.545158786230e+00  
  1.910392696546e-05  ,-7.383393019244e+00  ,-7.447651979675e+00  
  1.910664903508e-05  ,-1.244219104055e+01  ,-1.243479082449e+01  
  1.910935061561e-05  ,-1.737309120144e+01  ,-1.725595155328e+01  
  1.911190392958e-05  ,-2.191900100451e+01  ,-1.281439553874e+01  
  1.911404969679e-05  ,-2.563148711850e+01  ,-6.043469068967e+00  
  1.911627295004e-05  ,-2.935501087182e+01  ,-4.073963832293e+00  
  1.911990510808e-05  ,-3.512225215293e+01  ,-3.377792733023e+00  
  1.912369521843e-05  ,-4.065215770257e+01  ,-3.666514195924e+00  
  1.912825869904e-05  ,-4.654009534181e+01  ,-3.245429791925e+00  
  1.913026067005e-05  ,-4.882819794182e+01  ,-3.166191837564e+00  
  1.913139055060e-05  ,-5.003487805978e+01  ,-3.123604953143e+00  
  1.913302129643e-05  ,-5.166494441718e+01  ,-3.051183438865e+00  
  1.913596949117e-05  ,-5.426511258817e+01  ,-2.906956091210e+00  
  1.914095243947e-05  ,-5.759254542557e+01  ,-2.658439160388e+00  
  1.914687863128e-05  ,-5.971175411944e+01  ,-2.370252192314e+00  
  1.915451547639e-05  ,-5.939730202775e+01  ,-1.997578276307e+00  
  1.916298082606e-05  ,-5.507962127556e+01  ,-1.588908309464e+00  
  1.917334011333e-05  ,-4.458013703698e+01  ,-1.085430025340e+00  
  1.918367555873e-05  ,-2.943962152574e+01  ,-5.471247015819e-01  
  1.918900644915e-05  ,-2.031283711455e+01  ,-2.138464032064e-01  
  1.919019798325e-05  ,-1.818573887742e+01  ,-1.144476024741e-01  
  1.919138001786e-05  ,-1.605041528106e+01  ,-6.677693140861e-03  
  1.919374408709e-05  ,-1.171635054175e+01  ,2.318126484018e-01  
  1.919847222553e-05  ,-2.878681479887e+00  ,1.008207792774e+00  
  1.920189204203e-05  ,3.564315458663e+00  ,3.713353648092e+00  
  1.920414845036e-05  ,7.797527080038e+00  ,7.854732578941e+00  
  1.920698600398e-05  ,1.306284670421e+01  ,1.304588355964e+01  
  1.920996772633e-05  ,1.848315316543e+01  ,1.825467937179e+01  
  1.921215223657e-05  ,2.235402741772e+01  ,1.128154559448e+01  
  1.921432445334e-05  ,2.609879505505e+01  ,4.905981217829e+00  
  1.921739334749e-05  ,3.117832750034e+01  ,3.835815994325e+00  
  1.921999769793e-05  ,3.526360448491e+01  ,3.630948456634e+00  
  1.922307888554e-05  ,3.979012827712e+01  ,3.527836553865e+00  
  1.922729293393e-05  ,4.536990808026e+01  ,3.341654076222e+00  
  1.922983916984e-05  ,4.836220919358e+01  ,3.214506627995e+00  
  1.923214847730e-05  ,5.080908737576e+01  ,3.097457540542e+00  
  1.923449950801e-05  ,5.302550384908e+01  ,2.978786711286e+00  
  1.923681738363e-05  ,5.492766435349e+01  ,2.863163463665e+00  
  1.924145313488e-05  ,5.785007219518e+01  ,2.634782734910e+00  
  1.924813034521e-05  ,5.989652891844e+01  ,2.308590990442e+00  
  1.925637068735e-05  ,5.880231279721e+01  ,1.908090491734e+00  
  1.926789375530e-05  ,5.076670131506e+01  ,1.350861449078e+00  
  1.927823367105e-05  ,3.790503198692e+01  ,8.419522372520e-01  
  1.928398402916e-05  ,2.893159742885e+01  ,5.304540259391e-01  
  1.928947808729e-05  ,1.947411805045e+01  ,1.615412206975e-01  
  1.929037215696e-05  ,1.787260211978e+01  ,9.022361388512e-02  
  1.929127805443e-05  ,1.623552473431e+01  ,1.098432380597e-02  
  1.929308984937e-05  ,1.292325927962e+01  ,-1.635892536264e-01  
  1.929671343924e-05  ,6.184019804136e+00  ,-6.461223439034e-01  
  1.929996263744e-05  ,7.042675151400e-02  ,-1.520809429819e+00  
  1.930448066951e-05  ,-8.417998759621e+00  ,-8.469027072604e+00  
  1.930700827898e-05  ,-1.310382372083e+01  ,-1.308764262566e+01  
  1.930955935778e-05  ,-1.774932937416e+01  ,-1.761380230719e+01  
  1.931212049486e-05  ,-2.229849217080e+01  ,-1.195454253106e+01  
  1.931452256204e-05  ,-2.643453527537e+01  ,-4.591241434251e+00  
  1.931688625874e-05  ,-3.035774964149e+01  ,-2.975203788654e+00  
  1.931977931918e-05  ,-3.492974061526e+01  ,-3.169088379898e+00  
  1.932361264290e-05  ,-4.053754118946e+01  ,-3.425880316740e+00  
  1.932782520117e-05  ,-4.602007497338e+01  ,-3.366672278784e+00  
  1.933005217971e-05  ,-4.859876687802e+01  ,-3.228594017439e+00  
  1.933126029135e-05  ,-4.989895149473e+01  ,-3.152923570161e+00  
  1.933294524015e-05  ,-5.159190203215e+01  ,-3.058401382249e+00  
  1.933557529511e-05  ,-5.394394339785e+01  ,-2.923511884388e+00  
  1.934039135040e-05  ,-5.728702757235e+01  ,-2.687574556023e+00  
  1.934618566693e-05  ,-5.956973256381e+01  ,-2.403177344271e+00  
  1.935383145274e-05  ,-5.956586627658e+01  ,-2.031334017647e+00  
  1.936134610833e-05  ,-5.622852111920e+01  ,-1.667602164623e+00  
  1.937089775266e-05  ,-4.752718256879e+01  ,-1.204674020247e+00  
  1.937952999534e-05  ,-3.597998345793e+01  ,-7.741991521918e-01  
  1.938412849368e-05  ,-2.869273975537e+01  ,-5.205673848040e-01  
  1.938539006324e-05  ,-2.658228696744e+01  ,-4.407977893822e-01  
  1.938770235093e-05  ,-2.260815591142e+01  ,-2.866465367048e-01  
  1.938988686116e-05  ,-1.874372603521e+01  ,-1.270950523533e-01  
  1.939425588162e-05  ,-1.076873852874e+01  ,2.839492031030e-01  
  1.939832091840e-05  ,-3.163526669469e+00  ,9.373721066534e-01  
  1.940177985044e-05  ,3.353191073595e+00  ,3.510622653983e+00  
  1.940404668958e-05  ,7.607299719191e+00  ,7.667611575528e+00  
  1.940691665323e-05  ,1.293522842798e+01  ,1.292035101326e+01  
  1.940968789668e-05  ,1.798062998724e+01  ,1.782571092864e+01  
  1.941191897304e-05  ,2.194539493185e+01  ,1.237293519057e+01  
  1.941444732757e-05  ,2.630715325135e+01  ,5.050088997547e+00  
  1.941674434157e-05  ,3.012670857000e+01  ,3.279664961298e+00  
  1.942034632476e-05  ,3.579314911785e+01  ,3.177385965953e+00  
  1.942401387306e-05  ,4.109188505204e+01  ,3.695829083480e+00  
  1.942757227035e-05  ,4.571271223378e+01  ,3.450191772410e+00  
  1.943001755090e-05  ,4.856045778729e+01  ,3.241393440609e+00  
  1.943123162301e-05  ,4.986892357651e+01  ,3.156204394539e+00  
  1.943289440633e-05  ,5.154291835811e+01  ,3.059714950973e+00  
  1.943537135185e-05  ,5.377453126239e+01  ,2.932669276409e+00  
  1.944023807110e-05  ,5.720046610574e+01  ,2.695527416315e+00  
  1.944593851031e-05  ,5.951224423075e+01  ,2.414978346797e+00  
  1.945357982577e-05  ,5.962095830562e+01  ,2.043681659416e+00  
  1.946106169881e-05  ,5.641334505632e+01  ,1.681251677757e+00  
  1.947066102685e-05  ,4.779822170558e+01  ,1.216175898844e+00  
  1.947933499278e-05  ,3.627345530832e+01  ,7.843155719011e-01  
  1.948397670449e-05  ,2.894369220086e+01  ,5.283580964958e-01  
  1.948532414199e-05  ,2.669362808347e+01  ,4.443486518138e-01  
  1.948736150326e-05  ,2.320197602387e+01  ,3.097474632086e-01  
  1.948957060041e-05  ,1.930909364827e+01  ,1.513279846509e-01  
  1.949398879470e-05  ,1.126362555262e+01  ,-2.417384827212e-01  
  1.949822593988e-05  ,3.342293574538e+00  ,-9.053202560649e-01  
  1.950178284706e-05  ,-3.358830733106e+00  ,-3.515010356841e+00  
  1.950415548445e-05  ,-7.810673398856e+00  ,-7.867521193433e+00  
  1.950714242221e-05  ,-1.335045676941e+01  ,-1.332910970736e+01  
  1.950995799662e-05  ,-1.846570411498e+01  ,-1.824278882783e+01  
  1.951201249422e-05  ,-2.210936867366e+01  ,-1.171307266329e+01  
  1.951414857568e-05  ,-2.579988283977e+01  ,-5.471518026467e+00  
  1.951698724689e-05  ,-3.052179107032e+01  ,-3.086372897182e+00  
  1.952088613571e-05  ,-3.660459801834e+01  ,-3.974918607224e+00  
  1.952468295158e-05  ,-4.200172663709e+01  ,-3.404598616765e+00  
  1.952750523151e-05  ,-4.563076163906e+01  ,-3.281353675215e+00  
  1.952982757749e-05  ,-4.834927308823e+01  ,-3.197819707941e+00  
  1.953094777228e-05  ,-4.956943229690e+01  ,-3.151341827304e+00  
  1.953255150975e-05  ,-5.120907412084e+01  ,-3.076218892041e+00  
  1.953497145833e-05  ,-5.343594537477e+01  ,-2.956143027237e+00  
  1.953954238953e-05  ,-5.679095295848e+01  ,-2.728069024678e+00  
  1.954492766918e-05  ,-5.923981912118e+01  ,-2.465167821166e+00  
  1.955246467651e-05  ,-5.982022725027e+01  ,-2.097231741418e+00  
  1.956007171930e-05  ,-5.702147087195e+01  ,-1.729460793488e+00  
  1.957006145777e-05  ,-4.847283715039e+01  ,-1.245425100598e+00  
  1.957906473936e-05  ,-3.667792396129e+01  ,-7.985268737242e-01  
  1.958391134204e-05  ,-2.905155328314e+01  ,-5.325765456486e-01  
  1.958646540107e-05  ,-2.475028631620e+01  ,-3.736590807993e-01  
  1.958820138635e-05  ,-2.173408629040e+01  ,-2.535946593336e-01  
  1.959052484991e-05  ,-1.759764387006e+01  ,-7.280674724434e-02  
  1.959517177702e-05  ,-9.066127135776e+00  ,3.843704647915e-01  
  1.959868845107e-05  ,-2.471512031012e+00  ,1.040233589362e+00  
  1.960193764926e-05  ,3.650127567684e+00  ,3.798049454477e+00  
  1.960388597609e-05  ,7.306711004337e+00  ,7.372508509104e+00  
  1.960641135038e-05  ,1.200356203846e+01  ,1.200256773609e+01  
  1.960919041695e-05  ,1.708384059110e+01  ,1.697915420934e+01  
  1.961204100908e-05  ,2.215932681286e+01  ,1.260535120894e+01  
  1.961409476162e-05  ,2.570826557341e+01  ,6.193824984944e+00  
  1.961645473303e-05  ,2.965337301823e+01  ,4.001938584581e+00  
  1.962007832290e-05  ,3.538644763478e+01  ,3.335361389624e+00  
  1.962383788587e-05  ,4.084953791380e+01  ,3.667280095124e+00  
  1.962781500579e-05  ,4.600774157802e+01  ,3.407707527182e+00  
  1.963009898128e-05  ,4.865045101690e+01  ,3.229128732257e+00  
  1.963130616160e-05  ,4.994691289779e+01  ,3.149492295592e+00  
  1.963299017908e-05  ,5.163509578548e+01  ,3.054652504167e+00  
  1.963552114131e-05  ,5.389917442164e+01  ,2.925664134993e+00  
  1.964045640589e-05  ,5.732336495036e+01  ,2.684583466323e+00  
  1.964624029161e-05  ,5.958195372529e+01  ,2.400377839112e+00  
  1.965390842916e-05  ,5.954826911970e+01  ,2.027666656330e+00  
  1.966137242080e-05  ,5.621119483445e+01  ,1.666280266481e+00  
  1.967088681222e-05  ,4.753976686414e+01  ,1.205192076457e+00  
  1.967948925258e-05  ,3.604141180176e+01  ,7.762772370057e-01  
  1.968407583000e-05  ,2.877988261536e+01  ,5.235585916193e-01  
  1.968533982100e-05  ,2.666715657750e+01  ,4.438234405654e-01  
  1.968769085170e-05  ,2.262823234053e+01  ,2.874427874773e-01  
  1.968983699144e-05  ,1.883300058749e+01  ,1.309556202281e-01  
  1.969412927093e-05  ,1.100343292822e+01  ,-2.696477874942e-01  
  1.969830085100e-05  ,3.201299569984e+00  ,-9.304441981153e-01  
  1.970179182054e-05  ,-3.375718684909e+00  ,-3.531801769755e+00  
  1.970408883454e-05  ,-7.686093287304e+00  ,-7.745039235465e+00  
  1.970699418844e-05  ,-1.307790355895e+01  ,-1.306079860284e+01  
  1.970979672433e-05  ,-1.817623192571e+01  ,-1.800188140771e+01  
  1.971195441248e-05  ,-2.200755441539e+01  ,-1.211949283976e+01  
  1.971430581571e-05  ,-2.606715713012e+01  ,-5.255371479780e+00  
  1.971676376225e-05  ,-3.015836090242e+01  ,-3.242143326992e+00  
  1.972043168308e-05  ,-3.592215174354e+01  ,-3.143593843021e+00  
  1.972414393486e-05  ,-4.127018284896e+01  ,-3.700728040809e+00  
  1.972753841938e-05  ,-4.567135695737e+01  ,-3.457084788178e+00  
  1.972995240749e-05  ,-4.848823535122e+01  ,-3.246313533914e+00  
  1.973114952953e-05  ,-4.978271319470e+01  ,-3.161048742593e+00  
  1.973280132325e-05  ,-5.145288247688e+01  ,-3.064451003798e+00  
  1.973524995656e-05  ,-5.367264179312e+01  ,-2.938609061900e+00  
  1.974001907320e-05  ,-5.707449055548e+01  ,-2.706336303933e+00  
  1.974563606592e-05  ,-5.943701474240e+01  ,-2.429706662730e+00  
  1.975325055929e-05  ,-5.968742104489e+01  ,-2.059671870917e+00  
  1.976076819511e-05  ,-5.659935670814e+01  ,-1.695427873087e+00  
  1.977046885104e-05  ,-4.801630984183e+01  ,-1.225526220610e+00  
  1.977923073383e-05  ,-3.642980349527e+01  ,-7.897720840063e-01  
  1.978393205018e-05  ,-2.901739395190e+01  ,-5.310537496276e-01  
  1.978534952314e-05  ,-2.665077280281e+01  ,-4.428406075884e-01  
  1.978731535883e-05  ,-2.328216524922e+01  ,-3.129367950909e-01  
  1.978952333839e-05  ,-1.939341984241e+01  ,-1.522185292444e-01  
  1.979393929751e-05  ,-1.135525313798e+01  ,2.376711589278e-01  
  1.979821146043e-05  ,-3.369543985056e+00  ,9.014016293234e-01  
  1.980178662153e-05  ,3.365934249947e+00  ,3.521629023509e+00  
  1.980417341502e-05  ,7.844182879300e+00  ,7.900449197660e+00  
  1.980717711659e-05  ,1.341420673080e+01  ,1.339182344461e+01  
  1.981000498445e-05  ,1.854995506108e+01  ,1.830036209433e+01  
  1.981203675778e-05  ,2.215187964500e+01  ,1.156940894176e+01  
  1.981412888081e-05  ,2.576636129856e+01  ,5.488423870229e+00  
  1.981712736697e-05  ,3.074888777437e+01  ,3.794475862753e+00  
  1.982109331103e-05  ,3.691324311784e+01  ,3.746924224630e+00  
  1.982492886992e-05  ,4.233149423334e+01  ,3.459071722343e+00  
  1.982772395523e-05  ,4.589738810751e+01  ,3.313142591882e+00  
  1.983008914204e-05  ,4.863959402968e+01  ,3.197706190015e+00  
  1.983115885915e-05  ,4.979252737066e+01  ,3.145521280528e+00  
  1.983273949982e-05  ,5.139283971063e+01  ,3.066953330434e+00  
  1.983532410623e-05  ,5.373496996019e+01  ,2.937626812243e+00  
  1.984029140832e-05  ,5.723073781964e+01  ,2.691578123326e+00  
  1.984582122923e-05  ,5.948370933662e+01  ,2.421428316921e+00  
  1.985343721272e-05  ,5.965052848980e+01  ,2.050109941260e+00  
  1.986096527936e-05  ,5.647498188653e+01  ,1.686211916592e+00  
  1.987061378123e-05  ,4.785199958339e+01  ,1.218553021033e+00  
  1.987933096053e-05  ,3.627950937813e+01  ,7.845648483161e-01  
  1.988399576904e-05  ,2.891220888900e+01  ,5.273179342611e-01  
  1.988534842195e-05  ,2.665263248960e+01  ,4.429097969911e-01  
  1.988738503815e-05  ,2.316105858269e+01  ,3.081837249301e-01  
  1.988959823312e-05  ,1.925977086296e+01  ,1.492252738033e-01  
  1.989402462305e-05  ,1.119728426588e+01  ,-2.456858397152e-01  
  1.989823420109e-05  ,3.326745638895e+00  ,-9.078708439768e-01  
  1.990177955987e-05  ,-3.352644212977e+00  ,-3.509209219983e+00  
  1.990414251150e-05  ,-7.786427397189e+00  ,-7.843690062473e+00  
  1.990711678328e-05  ,-1.330333572771e+01  ,-1.328274148822e+01  
  1.990992416205e-05  ,-1.840501251944e+01  ,-1.819607716249e+01  
  1.991199691357e-05  ,-2.208206381400e+01  ,-1.181035456485e+01  
  1.991416950287e-05  ,-2.583549103147e+01  ,-5.445750210015e+00  
  1.991690796377e-05  ,-3.039303233098e+01  ,-3.131842422402e+00  
  1.992084485056e-05  ,-3.654290661507e+01  ,-3.968550734336e+00  
  1.992461111905e-05  ,-4.190492783148e+01  ,-3.412472719596e+00  
  1.992746469142e-05  ,-4.558110578698e+01  ,-3.285164612663e+00  
  1.992978740992e-05  ,-4.830439983465e+01  ,-3.200264959770e+00  
  1.993104804815e-05  ,-4.967568502616e+01  ,-3.147035561104e+00  
  1.993257634850e-05  ,-5.123345724228e+01  ,-3.074912360259e+00  
  1.993507937105e-05  ,-5.352814711218e+01  ,-2.950651958626e+00  
  1.993949384005e-05  ,-5.676135938862e+01  ,-2.730553807340e+00  
  1.994510263713e-05  ,-5.929125713012e+01  ,-2.456539340061e+00  
  1.995255172761e-05  ,-5.980731095117e+01  ,-2.093072107093e+00  
  1.996018112214e-05  ,-5.695696714220e+01  ,-1.724127008453e+00  
  1.997011870654e-05  ,-4.840916162253e+01  ,-1.242631911704e+00  
  1.997908622535e-05  ,-3.664586381058e+01  ,-7.973903375763e-01  
  1.998391047628e-05  ,-2.905298113458e+01  ,-5.325746957517e-01  
  1.998642989011e-05  ,-2.481124714095e+01  ,-3.758503325495e-01  
  1.998818096282e-05  ,-2.176996478257e+01  ,-2.549699795684e-01  
  1.999050405385e-05  ,-1.763511585094e+01  ,-7.451867865495e-02  
  1.999515023591e-05  ,-9.106262899411e+00  ,3.815413606317e-01  
  2.000000000000e-05  ,2.357264068474e-13  ,1.541437214486e+00  
