  Time                 , V(D2:2)              , V(D1:2)              
  0.000000000000e+00  ,0.000000000000e+00  ,1.176793038016e-15  
  2.500000000000e-10  ,3.926950444356e-03  ,3.918879425719e-03  
  4.737968146801e-10  ,7.442108146759e-03  ,7.424864587561e-03  
  9.213904440403e-10  ,1.447114618074e-02  ,1.442931305842e-02  
  1.816577702761e-09  ,2.851924910335e-02  ,2.839357278656e-02  
  3.606952220201e-09  ,5.653669863130e-02  ,5.612667516614e-02  
  7.187701255083e-09  ,1.119471049843e-01  ,1.105861441814e-01  
  1.246792772412e-08  ,1.908761777435e-01  ,1.874469826978e-01  
  1.747248271108e-08  ,2.608806391193e-01  ,2.550413225930e-01  
  2.303955653310e-08  ,3.311217606633e-01  ,3.224228752819e-01  
  2.822739580274e-08  ,3.875236019881e-01  ,3.761174411720e-01  
  3.085409799218e-08  ,4.122477516261e-01  ,3.995276904394e-01  
  3.212591210008e-08  ,4.232204275323e-01  ,4.098820809077e-01  
  3.389691510797e-08  ,4.373709623086e-01  ,4.231957609767e-01  
  3.682313063741e-08  ,4.577668555658e-01  ,4.422884739392e-01  
  4.267556169629e-08  ,4.868213382521e-01  ,4.690830876619e-01  
  4.919034937024e-08  ,4.998382621541e-01  ,4.802363969960e-01  
  5.687189796567e-08  ,4.883933809065e-01  ,4.676253999191e-01  
  7.059735754132e-08  ,3.989222445794e-01  ,3.790873391560e-01  
  8.177769878507e-08  ,2.708551481279e-01  ,2.544825171492e-01  
  8.706835606694e-08  ,1.975880633153e-01  ,1.835794870052e-01  
  8.847726085782e-08  ,1.770715039112e-01  ,1.637696176013e-01  
  8.998972871900e-08  ,1.546619334596e-01  ,1.421467613175e-01  
  9.234150448442e-08  ,1.191420776969e-01  ,1.079014933856e-01  
  9.704505601525e-08  ,4.634951249105e-02  ,3.781909710720e-02  
  1.008001486361e-07  ,-1.256738175463e-02  ,-1.881427554937e-02  
  1.052541057169e-07  ,-8.215703984183e-02  ,-8.559305339734e-02  
  1.083166668713e-07  ,-1.291566291391e-01  ,-1.306191308987e-01  
  1.115703354180e-07  ,-1.777704926214e-01  ,-1.771266173965e-01  
  1.180776725113e-07  ,-2.689427438868e-01  ,-2.641311956745e-01  
  1.228967080414e-07  ,-3.294371339487e-01  ,-3.216588778069e-01  
  1.282045016587e-07  ,-3.872962564577e-01  ,-3.764447824142e-01  
  1.309463153183e-07  ,-4.130657072230e-01  ,-4.007294962357e-01  
  1.322192470133e-07  ,-4.239992807290e-01  ,-4.109972118855e-01  
  1.340234051049e-07  ,-4.383303366264e-01  ,-4.244228676983e-01  
  1.369529733956e-07  ,-4.585834421222e-01  ,-4.433013104243e-01  
  1.428121099770e-07  ,-4.873060626027e-01  ,-4.696700882331e-01  
  1.494624982178e-07  ,-4.999287164612e-01  ,-4.803474917426e-01  
  1.571544776261e-07  ,-4.874233059448e-01  ,-4.666755467225e-01  
  1.717948684990e-07  ,-3.873025136560e-01  ,-3.677377497009e-01  
  1.842388282120e-07  ,-2.375826191277e-01  ,-2.222445640335e-01  
  1.900480459034e-07  ,-1.537905559726e-01  ,-1.412815856918e-01  
  1.913517112434e-07  ,-1.341818425894e-01  ,-1.223742703407e-01  
  1.926440144479e-07  ,-1.145218251743e-01  ,-1.034285332816e-01  
  1.952286208570e-07  ,-7.466829078258e-02  ,-6.504962989850e-02  
  1.990954721868e-07  ,-1.420637753805e-02  ,-6.897739090669e-03  
  2.028714264333e-07  ,4.504311259066e-02  ,5.000814429680e-02  
  2.045759330094e-07  ,7.163126800529e-02  ,7.551401769362e-02  
  2.066579977572e-07  ,1.038226463049e-01  ,1.063667368045e-01  
  2.108221272528e-07  ,1.667374910907e-01  ,1.665870065481e-01  
  2.172586838305e-07  ,2.580098003462e-01  ,2.537208506535e-01  
  2.220486620963e-07  ,3.193005889882e-01  ,3.120385548948e-01  
  2.273229281008e-07  ,3.783907092680e-01  ,3.680349867599e-01  
  2.300323317349e-07  ,4.048068044394e-01  ,3.929600663640e-01  
  2.326523284018e-07  ,4.275654140938e-01  ,4.143487797544e-01  
  2.340919668376e-07  ,4.388474572857e-01  ,4.249127538554e-01  
  2.359497691095e-07  ,4.520770125647e-01  ,4.372568601291e-01  
  2.396653736532e-07  ,4.738777263562e-01  ,4.574408325495e-01  
  2.470965827405e-07  ,4.979214640809e-01  ,4.789418312602e-01  
  2.548034633100e-07  ,4.943176969387e-01  ,4.738001321393e-01  
  2.633001054227e-07  ,4.569847731728e-01  ,4.361940083614e-01  
  2.737175072134e-07  ,3.675075202094e-01  ,3.484238562960e-01  
  2.836714828908e-07  ,2.453859639966e-01  ,2.298589665691e-01  
  2.888518715799e-07  ,1.715563557091e-01  ,1.584877015209e-01  
  2.900070841014e-07  ,1.544026628313e-01  ,1.419330126138e-01  
  2.911529833972e-07  ,1.371863097959e-01  ,1.253270211211e-01  
  2.934447819889e-07  ,1.022428358278e-01  ,9.164447322490e-02  
  2.980283791721e-07  ,3.095034799623e-02  ,2.302587387077e-02  
  3.019026810825e-07  ,-2.986944993156e-02  ,-3.541773919865e-02  
  3.044183696210e-07  ,-6.918093083721e-02  ,-7.314222324271e-02  
  3.074764604270e-07  ,-1.163631077600e-01  ,-1.183621006648e-01  
  3.104846323431e-07  ,-1.617303103448e-01  ,-1.617864174378e-01  
  3.165009761751e-07  ,-2.477426534540e-01  ,-2.439234388117e-01  
  3.211464131773e-07  ,-3.082675187866e-01  ,-3.015471294657e-01  
  3.262455905378e-07  ,-3.671142349640e-01  ,-3.573626203143e-01  
  3.293204451501e-07  ,-3.981425270274e-01  ,-3.866684586643e-01  
  3.322012121379e-07  ,-4.238490687839e-01  ,-4.108433354235e-01  
  3.331502298415e-07  ,-4.315674542478e-01  ,-4.180805539445e-01  
  3.350482652485e-07  ,-4.458469421516e-01  ,-4.314336072186e-01  
  3.388443360627e-07  ,-4.696064928610e-01  ,-4.534964964197e-01  
  3.464364776909e-07  ,-4.968699946315e-01  ,-4.780708014163e-01  
  3.533953199685e-07  ,-4.971582272122e-01  ,-4.768284629814e-01  
  3.605843851864e-07  ,-4.726116588194e-01  ,-4.517398761571e-01  
  3.701777527630e-07  ,-4.028610235151e-01  ,-3.829536060344e-01  
  3.788487384617e-07  ,-3.083274763990e-01  ,-2.908562610653e-01  
  3.835455844700e-07  ,-2.471071062031e-01  ,-2.315145580801e-01  
  3.864472130835e-07  ,-2.065126087894e-01  ,-1.922523127308e-01  
  3.874925295413e-07  ,-1.914501241947e-01  ,-1.776998505852e-01  
  3.891873503625e-07  ,-1.665971313740e-01  ,-1.537040064612e-01  
  3.925769920051e-07  ,-1.155463695205e-01  ,-1.044675144359e-01  
  3.993562752903e-07  ,-1.011091487198e-02  ,-2.988542703573e-03  
  4.033088082969e-07  ,5.188108816377e-02  ,5.655117841703e-02  
  4.053741092384e-07  ,8.401584155935e-02  ,8.737135929350e-02  
  4.074561739862e-07  ,1.160531751183e-01  ,1.180681903282e-01  
  4.116203034818e-07  ,1.785038852005e-01  ,1.778263786597e-01  
  4.172790194452e-07  ,2.582833649265e-01  ,2.539839732664e-01  
  4.217419172227e-07  ,3.155779275315e-01  ,3.085045471385e-01  
  4.268783474863e-07  ,3.737890892131e-01  ,3.636827717513e-01  
  4.295292640626e-07  ,4.001181606889e-01  ,3.885355944278e-01  
  4.321820432842e-07  ,4.236892628038e-01  ,4.106972499540e-01  
  4.341177041233e-07  ,4.390410529627e-01  ,4.250792545305e-01  
  4.364918316305e-07  ,4.556488225449e-01  ,4.405676409612e-01  
  4.412400866449e-07  ,4.811853265579e-01  ,4.641228300689e-01  
  4.481966937482e-07  ,4.991978371008e-01  ,4.799220265770e-01  
  4.560943091810e-07  ,4.908638824380e-01  ,4.702045065984e-01  
  4.671479905546e-07  ,4.291830333591e-01  ,4.087666890198e-01  
  4.773806179464e-07  ,3.261476874632e-01  ,3.081501371779e-01  
  4.834319795072e-07  ,2.486568688707e-01  ,2.329942757396e-01  
  4.876102651060e-07  ,1.897403748259e-01  ,1.760278237719e-01  
  4.888677368462e-07  ,1.713222519334e-01  ,1.582454398172e-01  
  4.900793875158e-07  ,1.533220350149e-01  ,1.408767362868e-01  
  4.925026888549e-07  ,1.166816120731e-01  ,1.055488033113e-01  
  4.973492915332e-07  ,4.158912473867e-02  ,3.325192286896e-02  
  5.012742573917e-07  ,-2.001064259675e-02  ,-2.595538421147e-02  
  5.055099124610e-07  ,-8.611793199691e-02  ,-8.938490385164e-02  
  5.089826280773e-07  ,-1.392334896949e-01  ,-1.402621523273e-01  
  5.125007922351e-07  ,-1.913532132501e-01  ,-1.901030531243e-01  
  5.190774197280e-07  ,-2.820466745125e-01  ,-2.766149111283e-01  
  5.243941540420e-07  ,-3.467605024532e-01  ,-3.380996273347e-01  
  5.286387498081e-07  ,-3.915741941413e-01  ,-3.804869116481e-01  
  5.311972791851e-07  ,-4.152741480739e-01  ,-4.028074327518e-01  
  5.323405707777e-07  ,-4.250062427467e-01  ,-4.119460638572e-01  
  5.340033541024e-07  ,-4.381787193198e-01  ,-4.242846372762e-01  
  5.373285482228e-07  ,-4.609024432325e-01  ,-4.454560278848e-01  
  5.439789364636e-07  ,-4.910815198695e-01  ,-4.730484931211e-01  
  5.504370997250e-07  ,-4.999528595205e-01  ,-4.801586158622e-01  
  5.579279134572e-07  ,-4.845719381367e-01  ,-4.637749835987e-01  
  5.698756645024e-07  ,-4.056533866847e-01  ,-3.856885359299e-01  
  5.800039837658e-07  ,-2.938419981116e-01  ,-2.767759615737e-01  
  5.848699579537e-07  ,-2.288134056700e-01  ,-2.137883088437e-01  
  5.863036359251e-07  ,-2.085644512145e-01  ,-1.942139025473e-01  
  5.884657944143e-07  ,-1.772399339041e-01  ,-1.639592325097e-01  
  5.910917515457e-07  ,-1.381109714506e-01  ,-1.262067056865e-01  
  5.963436658084e-07  ,-5.730734569649e-02  ,-4.837262986168e-02  
  6.003558034599e-07  ,5.588831293673e-03  ,1.210448433970e-02  
  6.057828063667e-07  ,9.033726271717e-02  ,9.343676184598e-02  
  6.076774890125e-07  ,1.194318118171e-01  ,1.213103933294e-01  
  6.099733854234e-07  ,1.541108437857e-01  ,1.545060905343e-01  
  6.145651782453e-07  ,2.208885394728e-01  ,2.183191916279e-01  
  6.196941579282e-07  ,2.899924761476e-01  ,2.841681219274e-01  
  6.258721793592e-07  ,3.631069437393e-01  ,3.535604397235e-01  
  6.295568639934e-07  ,4.003779968045e-01  ,3.887677404880e-01  
  6.331078107059e-07  ,4.312305981573e-01  ,4.177581803626e-01  
  6.341253737509e-07  ,4.390986883406e-01  ,4.251233840127e-01  
  6.360848764479e-07  ,4.529795815477e-01  ,4.380759150937e-01  
  6.400038818419e-07  ,4.755470971792e-01  ,4.589585391310e-01  
  6.478418926299e-07  ,4.988512659787e-01  ,4.796651449297e-01  
  6.554832080901e-07  ,4.925999437106e-01  ,4.720011713846e-01  
  6.652136663496e-07  ,4.439695252346e-01  ,4.233257447124e-01  
  6.746013979018e-07  ,3.579529107170e-01  ,3.391143111003e-01  
  6.840919474661e-07  ,2.396101776213e-01  ,2.242412333167e-01  
  6.885563353598e-07  ,1.759093582284e-01  ,1.626694102989e-01  
  6.896133864820e-07  ,1.602726402218e-01  ,1.475782970763e-01  
  6.906467820108e-07  ,1.448148865528e-01  ,1.326673637572e-01  
  6.927135730684e-07  ,1.134579744836e-01  ,1.024372882971e-01  
  6.968471551836e-07  ,4.944383058192e-02  ,4.080509820415e-02  
  7.002692068517e-07  ,-4.228640927326e-03  ,-1.079591589306e-02  
  7.048155511320e-07  ,-7.535429008299e-02  ,-7.906543384489e-02  
  7.074992502630e-07  ,-1.167112304490e-01  ,-1.186981823872e-01  
  7.103468621671e-07  ,-1.596810509054e-01  ,-1.598289278725e-01  
  7.160420859754e-07  ,-2.414559395025e-01  ,-2.379320862679e-01  
  7.206465447843e-07  ,-3.020477348177e-01  ,-2.956364710271e-01  
  7.257442320287e-07  ,-3.617223447658e-01  ,-3.522636073423e-01  
  7.287829513252e-07  ,-3.929786969078e-01  ,-3.818015717614e-01  
  7.320958519876e-07  ,-4.229688094716e-01  ,-4.100203821950e-01  
  7.330929259360e-07  ,-4.311122146442e-01  ,-4.176571175742e-01  
  7.348983878791e-07  ,-4.447763703287e-01  ,-4.304371446590e-01  
  7.385093117654e-07  ,-4.677736977665e-01  ,-4.518050455609e-01  
  7.457311595380e-07  ,-4.955103902488e-01  ,-4.769253783943e-01  
  7.527965451181e-07  ,-4.980715692483e-01  ,-4.778550615370e-01  
  7.600526655614e-07  ,-4.752719672979e-01  ,-4.544129926549e-01  
  7.699842894971e-07  ,-4.046535015578e-01  ,-3.847114040248e-01  
  7.788907135427e-07  ,-3.078081515120e-01  ,-2.903524444392e-01  
  7.837157095373e-07  ,-2.447804343248e-01  ,-2.292621411086e-01  
  7.865659291446e-07  ,-2.048128779306e-01  ,-1.906091194182e-01  
  7.876201862991e-07  ,-1.895961808939e-01  ,-1.759085526046e-01  
  7.893289769590e-07  ,-1.644979452852e-01  ,-1.516774628969e-01  
  7.927465582788e-07  ,-1.129532989552e-01  ,-1.019680268861e-01  
  7.995817209184e-07  ,-6.570123361659e-03  ,4.149031639135e-04  
  8.035536254346e-07  ,5.570433667812e-02  ,6.022017700563e-02  
  8.060018862188e-07  ,9.371976097881e-02  ,9.667380728002e-02  
  8.082188064754e-07  ,1.276710038790e-01  ,1.291943673166e-01  
  8.126526469886e-07  ,1.935547611943e-01  ,1.922093098111e-01  
  8.179015810192e-07  ,2.666068202801e-01  ,2.619016355162e-01  
  8.235386902988e-07  ,3.369555157496e-01  ,3.287904044000e-01  
  8.288137013614e-07  ,3.932771556871e-01  ,3.820721899959e-01  
  8.312291795909e-07  ,4.155530200858e-01  ,4.030538151112e-01  
  8.324341247380e-07  ,4.257785057542e-01  ,4.126533672064e-01  
  8.341354648173e-07  ,4.391744814027e-01  ,4.252006777137e-01  
  8.375381449759e-07  ,4.621687307260e-01  ,4.466185760968e-01  
  8.443435052931e-07  ,4.921260735940e-01  ,4.739671253566e-01  
  8.508568028510e-07  ,4.998188762765e-01  ,4.799349159579e-01  
  8.583066383898e-07  ,4.830712721194e-01  ,4.622529795615e-01  
  8.697671214640e-07  ,4.066477987126e-01  ,3.866614675942e-01  
  8.796167890131e-07  ,2.987410597464e-01  ,2.815325087351e-01  
  8.849022308886e-07  ,2.283625434512e-01  ,2.133609039730e-01  
  8.863783771694e-07  ,2.074968607351e-01  ,1.931897054467e-01  
  8.886735285223e-07  ,1.741849939460e-01  ,1.610161172886e-01  
  8.910502637327e-07  ,1.387371883100e-01  ,1.268154275679e-01  
  8.958037341535e-07  ,6.572403300659e-02  ,5.647200882068e-02  
  8.993103499115e-07  ,1.083215074918e-02  ,3.675163180921e-03  
  9.027726347148e-07  ,-4.349739118076e-02  ,-4.850636733039e-02  
  9.047131384313e-07  ,-7.376358200626e-02  ,-7.754015075017e-02  
  9.066588575542e-07  ,-1.038358575599e-01  ,-1.063634765262e-01  
  9.105502958000e-07  ,-1.627059562169e-01  ,-1.627204412266e-01  
  9.171589607894e-07  ,-2.566667552095e-01  ,-2.524356978433e-01  
  9.220308954418e-07  ,-3.190857782059e-01  ,-3.118321199341e-01  
  9.273021812141e-07  ,-3.781776041645e-01  ,-3.678326340460e-01  
  9.300145650804e-07  ,-4.046429328999e-01  ,-3.928054848409e-01  
  9.326416397989e-07  ,-4.274783505516e-01  ,-4.142674758258e-01  
  9.340721512735e-07  ,-4.386982092669e-01  ,-4.247735350937e-01  
  9.359279046357e-07  ,-4.519301833703e-01  ,-4.371204701153e-01  
  9.396394113600e-07  ,-4.737474767361e-01  ,-4.573213799825e-01  
  9.470624248087e-07  ,-4.978723044681e-01  ,-4.789022132262e-01  
  9.547588745654e-07  ,-4.944225050182e-01  ,-4.739104364473e-01  
  9.631869713366e-07  ,-4.577030042944e-01  ,-4.369058853200e-01  
  9.735194365084e-07  ,-3.696100024811e-01  ,-3.504740670490e-01  
  9.836224237978e-07  ,-2.460571029359e-01  ,-2.305080089958e-01  
  9.888549665511e-07  ,-1.715106904573e-01  ,-1.584428885698e-01  
  9.900235901177e-07  ,-1.541560382268e-01  ,-1.416943748338e-01  
  9.911829004586e-07  ,-1.367343476944e-01  ,-1.248905467466e-01  
  9.935015211403e-07  ,-1.013702499965e-01  ,-9.080324431797e-02  
  9.981387625039e-07  ,-2.921959311786e-02  ,-2.136112568793e-02  
  1.002076394349e-06  ,3.259279990477e-02  ,3.803296625169e-02  
  1.004443816334e-06  ,6.957678014934e-02  ,7.352195129275e-02  
  1.007366679102e-06  ,1.146853272088e-01  ,1.167546395662e-01  
  1.010475061327e-06  ,1.615880439663e-01  ,1.616497906427e-01  
  1.016691825777e-06  ,2.503421737149e-01  ,2.464124430962e-01  
  1.021418474108e-06  ,3.116208802522e-01  ,3.047448364354e-01  
  1.026578746229e-06  ,3.706468930208e-01  ,3.607150938197e-01  
  1.029290385038e-06  ,3.978567157619e-01  ,3.864072998926e-01  
  1.032124213368e-06  ,4.232062183592e-01  ,4.102471750351e-01  
  1.033176049083e-06  ,4.317721131533e-01  ,4.182788620218e-01  
  1.035021744162e-06  ,4.456582215407e-01  ,4.312631186049e-01  
  1.038713134319e-06  ,4.688949222776e-01  ,4.528422829269e-01  
  1.046095914632e-06  ,4.962439283549e-01  ,4.775443242285e-01  
  1.053110636264e-06  ,4.976144277947e-01  ,4.773287286838e-01  
  1.060379422694e-06  ,4.736527913609e-01  ,4.527816290840e-01  
  1.070094979793e-06  ,4.036297579150e-01  ,3.837061881027e-01  
  1.078862823039e-06  ,3.081532786484e-01  ,2.906870225179e-01  
  1.083610332996e-06  ,2.462224179956e-01  ,2.306579554446e-01  
  1.086494080216e-06  ,2.058419250879e-01  ,1.916038421930e-01  
  1.087543494493e-06  ,1.907103341135e-01  ,1.769849713905e-01  
  1.089244275779e-06  ,1.657537782602e-01  ,1.528897595699e-01  
  1.092645838350e-06  ,1.144939368203e-01  ,1.034529959717e-01  
  1.099448963493e-06  ,8.655228891890e-03  ,1.589256580172e-03  
  1.103408202022e-06  ,-5.343367816236e-02  ,-5.804119271113e-02  
  1.105534597725e-06  ,-8.649986656119e-02  ,-8.975281582654e-02  
  1.107555567712e-06  ,-1.175712421439e-01  ,-1.195223472805e-01  
  1.111597507685e-06  ,-1.781693605930e-01  ,-1.775062951338e-01  
  1.117199599236e-06  ,-2.572143685838e-01  ,-2.529644208412e-01  
  1.121638655156e-06  ,-3.143181265681e-01  ,-3.073068395767e-01  
  1.126751988620e-06  ,-3.724678684659e-01  ,-3.624329669981e-01  
  1.129404022783e-06  ,-3.989353155375e-01  ,-3.874202648798e-01  
  1.132116034120e-06  ,-4.231377855645e-01  ,-4.101793319471e-01  
  1.133954837412e-06  ,-4.378111371496e-01  ,-4.239287482837e-01  
  1.136331200093e-06  ,-4.546041044077e-01  ,-4.395959254772e-01  
  1.141069024295e-06  ,-4.804482045513e-01  ,-4.634508074609e-01  
  1.148061394185e-06  ,-4.990729897584e-01  ,-4.798317773412e-01  
  1.155848741025e-06  ,-4.915832909185e-01  ,-4.709476482834e-01  
  1.166436016053e-06  ,-4.348128438897e-01  ,-4.143039219650e-01  
  1.176370620221e-06  ,-3.380066198962e-01  ,-3.196906042833e-01  
  1.184569239110e-06  ,-2.330031661159e-01  ,-2.178417790716e-01  
  1.189072370023e-06  ,-1.682989435377e-01  ,-1.553171627839e-01  
  1.189990467817e-06  ,-1.546508930783e-01  ,-1.421485157039e-01  
  1.190954200417e-06  ,-1.401862611125e-01  ,-1.281981720909e-01  
  1.192881665617e-06  ,-1.108848892166e-01  ,-9.995387723729e-02  
  1.196736596018e-06  ,-5.117167611796e-02  ,-4.246481799675e-02  
  1.200059927493e-06  ,9.413383079278e-04  ,7.638952333172e-03  
  1.204632348806e-06  ,7.250819113015e-02  ,7.633690748321e-02  
  1.207192368299e-06  ,1.120185524501e-01  ,1.142037423909e-01  
  1.209878302604e-06  ,1.526893154108e-01  ,1.531413605347e-01  
  1.215250171214e-06  ,2.304895738995e-01  ,2.274744063320e-01  
  1.220044619828e-06  ,2.944593664077e-01  ,2.884229164321e-01  
  1.225184030324e-06  ,3.555915333336e-01  ,3.464650296462e-01  
  1.228330783039e-06  ,3.885477689540e-01  ,3.776259497155e-01  
  1.231054715306e-06  ,4.140227675082e-01  ,4.016259421307e-01  
  1.232130206615e-06  ,4.232563439435e-01  ,4.102992575722e-01  
  1.233758531004e-06  ,4.363134654111e-01  ,4.225355023539e-01  
  1.236961535603e-06  ,4.586370221716e-01  ,4.433506838549e-01  
  1.243367544800e-06  ,4.891852480410e-01  ,4.713566550773e-01  
  1.249663285404e-06  ,4.999720256768e-01  ,4.803450231577e-01  
  1.257221154362e-06  ,4.871888054271e-01  ,4.664360354152e-01  
  1.270241789013e-06  ,4.022644327283e-01  ,3.823717424926e-01  
  1.280979565769e-06  ,2.813071074385e-01  ,2.646106995820e-01  
  1.286077998072e-06  ,2.117804219339e-01  ,1.972974965819e-01  
  1.287637404591e-06  ,1.893458877241e-01  ,1.756258509985e-01  
  1.289305030793e-06  ,1.648531046892e-01  ,1.519842165158e-01  
  1.292640283197e-06  ,1.145788766487e-01  ,1.035096672586e-01  
  1.299310788006e-06  ,1.082527079660e-02  ,3.653702352712e-03  
  1.303466721863e-06  ,-5.434755069520e-02  ,-5.893497578770e-02  
  1.305677681655e-06  ,-8.871265335855e-02  ,-9.188875917712e-02  
  1.307808920234e-06  ,-1.214355435249e-01  ,-1.232353576619e-01  
  1.312071397394e-06  ,-1.851045638825e-01  ,-1.841433676638e-01  
  1.317502125591e-06  ,-2.612777503272e-01  ,-2.568307693256e-01  
  1.323088570923e-06  ,-3.316982573886e-01  ,-3.238065964759e-01  
  1.328438832849e-06  ,-3.896137433331e-01  ,-3.786180569373e-01  
  1.331073730677e-06  ,-4.141901589608e-01  ,-4.017709750731e-01  
  1.332331016153e-06  ,-4.249271651345e-01  ,-4.118559625519e-01  
  1.334088608116e-06  ,-4.388221718387e-01  ,-4.248726316125e-01  
  1.337199970573e-06  ,-4.601157427760e-01  ,-4.447157696988e-01  
  1.343422695488e-06  ,-4.893637177835e-01  ,-4.715116117608e-01  
  1.350035085768e-06  ,-4.999996962602e-01  ,-4.802880809174e-01  
  1.357651069254e-06  ,-4.856255232119e-01  ,-4.648432673857e-01  
  1.369843199342e-06  ,-4.059513096970e-01  ,-3.859804506332e-01  
  1.380157783121e-06  ,-2.918839144072e-01  ,-2.748748011102e-01  
  1.385095282882e-06  ,-2.256606653926e-01  ,-2.107283802558e-01  
  1.386565282434e-06  ,-2.048221450200e-01  ,-1.905875492982e-01  
  1.388624995440e-06  ,-1.748993908958e-01  ,-1.616912192299e-01  
  1.391412630171e-06  ,-1.332597869181e-01  ,-1.215223074437e-01  
  1.396987899631e-06  ,-4.724338185557e-02  ,-3.868527814676e-02  
  1.401368841022e-06  ,2.149507795069e-02  ,2.738749628094e-02  
  1.406003847212e-06  ,9.375001805251e-02  ,9.670720296656e-02  
  1.409523128957e-06  ,1.473673717875e-01  ,1.480522765008e-01  
  1.413305788726e-06  ,2.029729820183e-01  ,2.012057560606e-01  
  1.419728934258e-06  ,2.904373055649e-01  ,2.845896283224e-01  
  1.425862997264e-06  ,3.630077736160e-01  ,3.534655196826e-01  
  1.429790943354e-06  ,4.025695858836e-01  ,3.908327624614e-01  
  1.433553486556e-06  ,4.347314108362e-01  ,4.210498576823e-01  
  1.434534169227e-06  ,4.421337118857e-01  ,4.279726643490e-01  
  1.436495534569e-06  ,4.556727690538e-01  ,4.405923108652e-01  
  1.440418265253e-06  ,4.775174179455e-01  ,4.607725814466e-01  
  1.448263726622e-06  ,4.992563505122e-01  ,4.799658123178e-01  
  1.456158361822e-06  ,4.906714302084e-01  ,4.700072630531e-01  
  1.467127106577e-06  ,4.293512403040e-01  ,4.089326976939e-01  
  1.477329931647e-06  ,3.267507490780e-01  ,3.087369289336e-01  
  1.483392469078e-06  ,2.491951162086e-01  ,2.335158378421e-01  
  1.487505934626e-06  ,1.912555879898e-01  ,1.774920267676e-01  
  1.488746270031e-06  ,1.731134961874e-01  ,1.599752029804e-01  
  1.489971518010e-06  ,1.549339323081e-01  ,1.424324938981e-01  
  1.492422013968e-06  ,1.179134852489e-01  ,1.067365779755e-01  
  1.497323005885e-06  ,4.200057370258e-02  ,3.364794613421e-02  
  1.501281499356e-06  ,-2.012430744910e-02  ,-2.606454614978e-02  
  1.505553662270e-06  ,-8.679480083693e-02  ,-9.003398345926e-02  
  1.509041279048e-06  ,-1.401180993509e-01  ,-1.411091418327e-01  
  1.512581794947e-06  ,-1.925281131596e-01  ,-1.912256992813e-01  
  1.519138305873e-06  ,-2.828358658697e-01  ,-2.773558435159e-01  
  1.525483220309e-06  ,-3.588796739456e-01  ,-3.495579937885e-01  
  1.529604136437e-06  ,-4.008223379295e-01  ,-3.891877562667e-01  
  1.533141672105e-06  ,-4.314995577968e-01  ,-4.180192000392e-01  
  1.534265592188e-06  ,-4.401478988933e-01  ,-4.261132499522e-01  
  1.536110914737e-06  ,-4.531525898855e-01  ,-4.382448981638e-01  
  1.539801559836e-06  ,-4.745557896751e-01  ,-4.580540874531e-01  
  1.547182850033e-06  ,-4.980430659556e-01  ,-4.790437657869e-01  
  1.555093876511e-06  ,-4.936113432975e-01  ,-4.730615509661e-01  
  1.563924304634e-06  ,-4.529185066436e-01  ,-4.321686605708e-01  
  1.573419324547e-06  ,-3.706672319155e-01  ,-3.515070910692e-01  
  1.583599797875e-06  ,-2.463664335826e-01  ,-2.307780481083e-01  
  1.588185630232e-06  ,-1.813480517798e-01  ,-1.679197726592e-01  
  1.589222005993e-06  ,-1.660837696114e-01  ,-1.531856672917e-01  
  1.590407765895e-06  ,-1.484043058856e-01  ,-1.361292708848e-01  
  1.592581845313e-06  ,-1.154721961564e-01  ,-1.043777683931e-01  
  1.596930004150e-06  ,-4.814865467149e-02  ,-3.955855081770e-02  
  1.600431404501e-06  ,6.776278606085e-03  ,1.324424294577e-02  
  1.604963592678e-06  ,7.765233746095e-02  ,8.126955954668e-02  
  1.607764265925e-06  ,1.207549977608e-01  ,1.225714579423e-01  
  1.610745243222e-06  ,1.655984438117e-01  ,1.654881979820e-01  
  1.616707197815e-06  ,2.505511624674e-01  ,2.466014036568e-01  
  1.621278874069e-06  ,3.099030299626e-01  ,3.031011402234e-01  
  1.626398913056e-06  ,3.687450280466e-01  ,3.589038133390e-01  
  1.629159725696e-06  ,3.966102883610e-01  ,3.852218822249e-01  
  1.632068059832e-06  ,4.227358397304e-01  ,4.098016137419e-01  
  1.633029184729e-06  ,4.306041937799e-01  ,4.171812661327e-01  
  1.634922004730e-06  ,4.449457202362e-01  ,4.305955742448e-01  
  1.638707644731e-06  ,4.688649758702e-01  ,4.528148124638e-01  
  1.646278924733e-06  ,4.965874264262e-01  ,4.778349759289e-01  
  1.653149850160e-06  ,4.975539511644e-01  ,4.772622714087e-01  
  1.660348601133e-06  ,4.738076557503e-01  ,4.529366422244e-01  
  1.670073098928e-06  ,4.038325153785e-01  ,3.839045521252e-01  
  1.678834981710e-06  ,3.084975613349e-01  ,2.910212467506e-01  
  1.683585471898e-06  ,2.465622270331e-01  ,2.309868984503e-01  
  1.686528451234e-06  ,2.053497810700e-01  ,1.911281556206e-01  
  1.687587178737e-06  ,1.900758391358e-01  ,1.763720269182e-01  
  1.689271009952e-06  ,1.653575269307e-01  ,1.525072312543e-01  
  1.692638672382e-06  ,1.146035058123e-01  ,1.035585753296e-01  
  1.699373997241e-06  ,9.832594486723e-03  ,2.721067562545e-03  
  1.703308648854e-06  ,-5.187859716638e-02  ,-5.654862093194e-02  
  1.705359793693e-06  ,-8.379416227153e-02  ,-8.715859760428e-02  
  1.707433290273e-06  ,-1.157035052399e-01  ,-1.177330821144e-01  
  1.711580283433e-06  ,-1.779165368748e-01  ,-1.772647372135e-01  
  1.717258370906e-06  ,-2.580055899122e-01  ,-2.537192310039e-01  
  1.721727974206e-06  ,-3.154080158754e-01  ,-3.083431756334e-01  
  1.726865149528e-06  ,-3.736513651882e-01  ,-3.635527494434e-01  
  1.729517556220e-06  ,-4.000078477834e-01  ,-3.884317990548e-01  
  1.732177413493e-06  ,-4.236506423467e-01  ,-4.106611686903e-01  
  1.734103388578e-06  ,-4.389334069494e-01  ,-4.249787423419e-01  
  1.736477888614e-06  ,-4.555585992237e-01  ,-4.404838778399e-01  
  1.741226888686e-06  ,-4.811289499132e-01  ,-4.640715534637e-01  
  1.748187966138e-06  ,-4.991900558254e-01  ,-4.799165215255e-01  
  1.756075150758e-06  ,-4.909210596062e-01  ,-4.702635144731e-01  
  1.767093069345e-06  ,-4.296249921123e-01  ,-4.092011466433e-01  
  1.777319736272e-06  ,-3.268719528056e-01  ,-3.088543043089e-01  
  1.783406860620e-06  ,-2.489991058284e-01  ,-2.333257084428e-01  
  1.787524051458e-06  ,-1.909926204492e-01  ,-1.772376959673e-01  
  1.788766249508e-06  ,-1.728190357855e-01  ,-1.596906473044e-01  
  1.789987958461e-06  ,-1.546883766145e-01  ,-1.421953024458e-01  
  1.792431376368e-06  ,-1.177705638595e-01  ,-1.065986063175e-01  
  1.797318212181e-06  ,-4.207560641182e-02  ,-3.371999618372e-02  
  1.801265529782e-06  ,1.987365870237e-02  ,2.582386223587e-02  
  1.805540672928e-06  ,8.659385516546e-02  ,8.984135896559e-02  
  1.809013016015e-06  ,1.396918782838e-01  ,1.407011704283e-01  
  1.812541610986e-06  ,1.919454222063e-01  ,1.906690470895e-01  
  1.819105572492e-06  ,2.824117122096e-01  ,2.769522386187e-01  
  1.825457192451e-06  ,3.585948790506e-01  ,3.492884124162e-01  
  1.829589284450e-06  ,4.006828306787e-01  ,3.890563964347e-01  
  1.833091057330e-06  ,4.310973463433e-01  ,4.176423664223e-01  
  1.834218330175e-06  ,4.397952053175e-01  ,4.257835506627e-01  
  1.836053408176e-06  ,4.527700898199e-01  ,4.378888888811e-01  
  1.839723564178e-06  ,4.741685157697e-01  ,4.576983130440e-01  
  1.847063876182e-06  ,4.978744049270e-01  ,4.789075730560e-01  
  1.854957021266e-06  ,4.939493303225e-01  ,4.734154176984e-01  
  1.863560951740e-06  ,4.553068078646e-01  ,4.345326357215e-01  
  1.874078191310e-06  ,3.636424361690e-01  ,3.446562153788e-01  
  1.883801198989e-06  ,2.436086159463e-01  ,2.281395234213e-01  
  1.888886965305e-06  ,1.710384647186e-01  ,1.579888004918e-01  
  1.890017218381e-06  ,1.542512464295e-01  ,1.417878975877e-01  
  1.891138158232e-06  ,1.374102311928e-01  ,1.255438535311e-01  
  1.893380037934e-06  ,1.032381312854e-01  ,9.260422995930e-02  
  1.897863797337e-06  ,3.353021051922e-02  ,2.550751350001e-02  
  1.901645712048e-06  ,-2.583926918642e-02  ,-3.154718546004e-02  
  1.904415092856e-06  ,-6.912995422535e-02  ,-7.309327058292e-02  
  1.907309643418e-06  ,-1.138131149693e-01  ,-1.159197421522e-01  
  1.910195625812e-06  ,-1.574280463363e-01  ,-1.576719054897e-01  
  1.915967590600e-06  ,-2.404305971074e-01  ,-2.369535959317e-01  
  1.920656240970e-06  ,-3.021690963320e-01  ,-2.957520582130e-01  
  1.925749457866e-06  ,-3.617790114853e-01  ,-3.523180609940e-01  
  1.928797862917e-06  ,-3.931234741180e-01  ,-3.819388913182e-01  
  1.932110391051e-06  ,-4.230905557601e-01  ,-4.101353326375e-01  
  1.933103925973e-06  ,-4.311997106818e-01  ,-4.177397255761e-01  
  1.934915534645e-06  ,-4.448993494061e-01  ,-4.305524832597e-01  
  1.938538751990e-06  ,-4.679368341274e-01  ,-4.519561100687e-01  
  1.945785186678e-06  ,-4.956231485320e-01  ,-4.770222498724e-01  
  1.952852807432e-06  ,-4.979932468776e-01  ,-4.777678234454e-01  
  1.960101477295e-06  ,-4.750332689093e-01  ,-4.541738949851e-01  
  1.970001808792e-06  ,-4.044917961189e-01  ,-3.845531445814e-01  
  1.978885881096e-06  ,-3.078679668796e-01  ,-2.904105837292e-01  
  1.983698956162e-06  ,-2.450098690325e-01  ,-2.294842983526e-01  
  1.986556998879e-06  ,-2.049408374264e-01  ,-1.907328640302e-01  
  1.987610883504e-06  ,-1.897313876081e-01  ,-1.760392287809e-01  
  1.989317252725e-06  ,-1.646718458028e-01  ,-1.518453711516e-01  
  1.992729991168e-06  ,-1.132067918576e-01  ,-1.022123830687e-01  
  1.999555468053e-06  ,-6.982464528378e-03  ,1.855453931723e-05  
  2.003522902220e-06  ,5.522471602165e-02  ,5.975990452590e-02  
  2.005720078439e-06  ,8.936797554270e-02  ,9.250223222643e-02  
  2.007850199431e-06  ,1.220644389587e-01  ,1.238254670643e-01  
  2.012110441417e-06  ,1.856741504918e-01  ,1.846811214819e-01  
  2.017392903060e-06  ,2.598134313039e-01  ,2.554312572889e-01  
  2.021729140967e-06  ,3.154222365168e-01  ,3.083450023060e-01  
  2.026797770947e-06  ,3.729472521385e-01  ,3.628800688954e-01  
  2.029425963253e-06  ,3.991429796958e-01  ,3.876154754847e-01  
  2.032103329390e-06  ,4.230314342976e-01  ,4.100881698692e-01  
  2.033251091331e-06  ,4.323653301386e-01  ,4.188397885661e-01  
  2.035060837358e-06  ,4.459362955259e-01  ,4.315275503561e-01  
  2.038680329412e-06  ,4.687157599816e-01  ,4.526824005270e-01  
  2.045919313520e-06  ,4.958969072611e-01  ,4.772520497412e-01  
  2.053048029035e-06  ,4.977094167594e-01  ,4.774350607613e-01  
  2.060323520988e-06  ,4.739333443106e-01  ,4.530632950582e-01  
  2.070097192615e-06  ,4.036092423339e-01  ,3.836864469899e-01  
  2.078900798649e-06  ,3.076832965899e-01  ,2.902307229772e-01  
  2.083663954824e-06  ,2.454889874660e-01  ,2.299479100047e-01  
  2.086470961064e-06  ,2.061728234269e-01  ,1.919235912455e-01  
  2.087511062115e-06  ,1.911811682721e-01  ,1.774397357515e-01  
  2.089234008878e-06  ,1.659059222013e-01  ,1.530365943195e-01  
  2.092679902405e-06  ,1.139730118237e-01  ,1.029508885438e-01  
  2.099571689457e-06  ,6.727683260523e-03  ,-2.636152524905e-04  
  2.103565200657e-06  ,-5.588502424523e-02  ,-6.039382713514e-02  
  2.106026127428e-06  ,-9.409376489641e-02  ,-9.703260292851e-02  
  2.108263909310e-06  ,-1.283558638163e-01  ,-1.298503581139e-01  
  2.112739473075e-06  ,-1.948115653976e-01  ,-1.934102307874e-01  
  2.117979466408e-06  ,-2.676410114749e-01  ,-2.628867718742e-01  
  2.123630731791e-06  ,-3.380222691764e-01  ,-3.298022776157e-01  
  2.128909468144e-06  ,-3.942043120575e-01  ,-3.829467862809e-01  
  2.131326063961e-06  ,-4.163974193542e-01  ,-4.038473507748e-01  
  2.132520578295e-06  ,-4.264888871330e-01  ,-4.133192584335e-01  
  2.134217075497e-06  ,-4.397858290486e-01  ,-4.257718285837e-01  
  2.137610069901e-06  ,-4.625986528283e-01  ,-4.470165770275e-01  
  2.144396058708e-06  ,-4.922713278724e-01  ,-4.740949901209e-01  
  2.150995037943e-06  ,-4.997557223848e-01  ,-4.798440107248e-01  
  2.158441148192e-06  ,-4.825218201275e-01  ,-4.616972603463e-01  
  2.169737718493e-06  ,-4.069163592250e-01  ,-3.869243741178e-01  
  2.179497979075e-06  ,-3.002354977436e-01  ,-2.829914756320e-01  
  2.184743187815e-06  ,-2.305821401550e-01  ,-2.155143645999e-01  
  2.186189531773e-06  ,-2.101920746104e-01  ,-1.958005145919e-01  
  2.188629969448e-06  ,-1.748261932024e-01  ,-1.616400063735e-01  
  2.190882279962e-06  ,-1.412703144247e-01  ,-1.292623274551e-01  
  2.195386900991e-06  ,-7.220899911770e-02  ,-6.271752592949e-02  
  2.198810070246e-06  ,-1.868701972645e-02  ,-1.122842589087e-02  
  2.202032818884e-06  ,3.190974354871e-02  ,3.738028646411e-02  
  2.203894905239e-06  ,6.102847080249e-02  ,6.532360750347e-02  
  2.206335342914e-06  ,9.885961364145e-02  ,1.015925595748e-01  
  2.209201953799e-06  ,1.425390481877e-01  ,1.434245155494e-01  
  2.214935175568e-06  ,2.260875036516e-01  ,2.232792672731e-01  
  2.220373354346e-06  ,2.986168917962e-01  ,2.923706667221e-01  
  2.226552120835e-06  ,3.703660550016e-01  ,3.604280590197e-01  
  2.230206258088e-06  ,4.064043538987e-01  ,3.944441181446e-01  
  2.233554176480e-06  ,4.347367643414e-01  ,4.210479149066e-01  
  2.235562853009e-06  ,4.494472610010e-01  ,4.347913918845e-01  
  2.238161242992e-06  ,4.658146598829e-01  ,4.499933491985e-01  
  2.243358022958e-06  ,4.891542863233e-01  ,4.713256117054e-01  
  2.251908309251e-06  ,4.991017294023e-01  ,4.790210178910e-01  
  2.259680754930e-06  ,4.770539404233e-01  ,4.561925355263e-01  
  2.270031101495e-06  ,4.042211468650e-01  ,3.842866730959e-01  
  2.279305584222e-06  ,3.026466355874e-01  ,2.853406683755e-01  
  2.284273631364e-06  ,2.371014495111e-01  ,2.218287473221e-01  
  2.285676203161e-06  ,2.174806731509e-01  ,2.028532351410e-01  
  2.287716172129e-06  ,1.882001804893e-01  ,1.745603241888e-01  
  2.289983383805e-06  ,1.547567081405e-01  ,1.422771707357e-01  
  2.294517807156e-06  ,8.568898768456e-02  ,7.570362305597e-02  
  2.298389128834e-06  ,2.529270581530e-02  ,1.758430321272e-02  
  2.301776162773e-06  ,-2.788542358614e-02  ,-3.351325471419e-02  
  2.303965143353e-06  ,-6.212336979633e-02  ,-6.637234902352e-02  
  2.306747935206e-06  ,-1.052041724934e-01  ,-1.076717552978e-01  
  2.309472612530e-06  ,-1.466089247808e-01  ,-1.473197775394e-01  
  2.314921967179e-06  ,-2.259024294849e-01  ,-2.230950367547e-01  
  2.320413790137e-06  ,-2.991260948678e-01  ,-2.928503003492e-01  
  2.326462171465e-06  ,-3.694153761798e-01  ,-3.595258864726e-01  
  2.330105877906e-06  ,-4.054838187430e-01  ,-3.935749580642e-01  
  2.333449698478e-06  ,-4.339237361172e-01  ,-4.202848149240e-01  
  2.334629684180e-06  ,-4.428323528908e-01  ,-4.286168636255e-01  
  2.336607813329e-06  ,-4.563959340579e-01  ,-4.412571664686e-01  
  2.340564071625e-06  ,-4.781914714646e-01  ,-4.613840877243e-01  
  2.348476588219e-06  ,-4.994274789289e-01  ,-4.800810987678e-01  
  2.356347381562e-06  ,-4.900919227187e-01  ,-4.694092807930e-01  
  2.367830216378e-06  ,-4.235869764770e-01  ,-4.032691313877e-01  
  2.378117978066e-06  ,-3.172818976310e-01  ,-2.995330951120e-01  
  2.383878021926e-06  ,-2.425540917053e-01  ,-2.270768255577e-01  
  2.389423489064e-06  ,-1.630952748258e-01  ,-1.503066423022e-01  
  2.390476069838e-06  ,-1.473793979989e-01  ,-1.351451616413e-01  
  2.391511514276e-06  ,-1.317620608778e-01  ,-1.200856492314e-01  
  2.393582403153e-06  ,-1.001258173309e-01  ,-8.959679155511e-02  
  2.397724180907e-06  ,-3.571803388925e-02  ,-2.760601099711e-02  
  2.401355966419e-06  ,2.129302936868e-02  ,2.718449971331e-02  
  2.404340669006e-06  ,6.797194678043e-02  ,7.198432924965e-02  
  2.407106697053e-06  ,1.107066349188e-01  ,1.129441310196e-01  
  2.409854098648e-06  ,1.523272379751e-01  ,1.527926215760e-01  
  2.415348901838e-06  ,2.318647104867e-01  ,2.287916851433e-01  
  2.420898839325e-06  ,3.051964027700e-01  ,2.986261993504e-01  
  2.426708057016e-06  ,3.720071391611e-01  ,3.619792037613e-01  
  2.429874181241e-06  ,4.033436670351e-01  ,3.915592077382e-01  
  2.433006032795e-06  ,4.304192440220e-01  ,4.170014302791e-01  
  2.434983044356e-06  ,4.453822836868e-01  ,4.309979109701e-01  
  2.437484204262e-06  ,4.618447584041e-01  ,4.463158382011e-01  
  2.442486524075e-06  ,4.861355010719e-01  ,4.686110581722e-01  
  2.450492917985e-06  ,4.999400512125e-01  ,4.801334305993e-01  
  2.458329438657e-06  ,4.829787434158e-01  ,4.621611942125e-01  
  2.469548522919e-06  ,4.086361167452e-01  ,3.886103385322e-01  
  2.479423522443e-06  ,3.011699117584e-01  ,2.838910446677e-01  
  2.484714924783e-06  ,2.309759767517e-01  ,2.158901996143e-01  
  2.486162945122e-06  ,2.105709291280e-01  ,1.961622117527e-01  
  2.488337397069e-06  ,1.791243800672e-01  ,1.657861414479e-01  
  2.490663840860e-06  ,1.445583910801e-01  ,1.324308195791e-01  
  2.495316728443e-06  ,7.329953525333e-02  ,6.376513624423e-02  
  2.498765602201e-06  ,1.938501567441e-02  ,1.189758681461e-02  
  2.501998036593e-06  ,-3.136447944096e-02  ,-3.685827089794e-02  
  2.503889739007e-06  ,-6.094792576524e-02  ,-6.524761068104e-02  
  2.506359606475e-06  ,-9.923319197966e-02  ,-1.019515514208e-01  
  2.509191199630e-06  ,-1.423771236864e-01  ,-1.432703699260e-01  
  2.514854385942e-06  ,-2.249548823566e-01  ,-2.221986305731e-01  
  2.520266487688e-06  ,-2.972688152240e-01  ,-2.910887944605e-01  
  2.526474311441e-06  ,-3.695438564860e-01  ,-3.596505386700e-01  
  2.530138134450e-06  ,-4.057800670994e-01  ,-3.938564534712e-01  
  2.533518462867e-06  ,-4.344593741170e-01  ,-4.207882837729e-01  
  2.534697517246e-06  ,-4.433260946179e-01  ,-4.290797824486e-01  
  2.536694272846e-06  ,-4.569489330122e-01  ,-4.417725655622e-01  
  2.540687784046e-06  ,-4.787555184546e-01  ,-4.619010021707e-01  
  2.548674806446e-06  ,-4.995667529097e-01  ,-4.801721747723e-01  
  2.556556030601e-06  ,-4.894321683767e-01  ,-4.687317272195e-01  
  2.568536564201e-06  ,-4.175880742631e-01  ,-3.973819926813e-01  
  2.578936084598e-06  ,-3.072462089445e-01  ,-2.897837166324e-01  
  2.584594055504e-06  ,-2.326581942804e-01  ,-2.174967539835e-01  
  2.587495311588e-06  ,-1.914097535870e-01  ,-1.776295923486e-01  
  2.589413836092e-06  ,-1.632386023888e-01  ,-1.504347534354e-01  
  2.591575249523e-06  ,-1.307960343537e-01  ,-1.191464503899e-01  
  2.595898076385e-06  ,-6.425468074442e-02  ,-5.505235759632e-02  
  2.599279894918e-06  ,-1.131041935705e-02  ,-4.132106431077e-03  
  2.602693750948e-06  ,4.226285328722e-02  ,4.732720266175e-02  
  2.604223727673e-06  ,6.615163489358e-02  ,7.024900263309e-02  
  2.606408237904e-06  ,9.998178083977e-02  ,1.026787440886e-01  
  2.610093295068e-06  ,1.559015815600e-01  ,1.562197646040e-01  
  2.615962117404e-06  ,2.403552129100e-01  ,2.368963248992e-01  
  2.621861487120e-06  ,3.170325344476e-01  ,3.098769068915e-01  
  2.627655058593e-06  ,3.817802966860e-01  ,3.712184402792e-01  
  2.630620017141e-06  ,4.101559625705e-01  ,3.979742877465e-01  
  2.632093741983e-06  ,4.229511335166e-01  ,4.099996406890e-01  
  2.634161650628e-06  ,4.393709546999e-01  ,4.253845619928e-01  
  2.636711984366e-06  ,4.570618007787e-01  ,4.418789733091e-01  
  2.641812651843e-06  ,4.835513374670e-01  ,4.662701294598e-01  
  2.648726045579e-06  ,4.995996041541e-01  ,4.801897025771e-01  
  2.656572997063e-06  ,4.893775950112e-01  ,4.686742082714e-01  
  2.669045268983e-06  ,4.131401808423e-01  ,3.930198483845e-01  
  2.679720460862e-06  ,2.974336335359e-01  ,2.802550348781e-01  
  2.685438781470e-06  ,2.208327374377e-01  ,2.060521727121e-01  
  2.687059655279e-06  ,1.977136032519e-01  ,1.837122980234e-01  
  2.689297809690e-06  ,1.649601867297e-01  ,1.520916535721e-01  
  2.691784440964e-06  ,1.276216835117e-01  ,1.160812790107e-01  
  2.696757703513e-06  ,5.084185009316e-02  ,4.213973028580e-02  
  2.700654357165e-06  ,-1.027789437148e-02  ,-1.661806388920e-02  
  2.705487548798e-06  ,-8.577187291223e-02  ,-8.906359347607e-02  
  2.708454369992e-06  ,-1.312450387983e-01  ,-1.326246207585e-01  
  2.711775466293e-06  ,-1.807784330838e-01  ,-1.800062510795e-01  
  2.718417658895e-06  ,-2.734294492625e-01  ,-2.684170336347e-01  
  2.723369314760e-06  ,-3.349851110255e-01  ,-3.269354555616e-01  
  2.728762044996e-06  ,-3.927755713584e-01  ,-3.816253730618e-01  
  2.731543346733e-06  ,-4.182771166160e-01  ,-4.056355623937e-01  
  2.732752017170e-06  ,-4.283751015762e-01  ,-4.151113955150e-01  
  2.734502717346e-06  ,-4.419027865365e-01  ,-4.277708902617e-01  
  2.737920298666e-06  ,-4.644259141994e-01  ,-4.487243036085e-01  
  2.744755461305e-06  ,-4.932287062591e-01  ,-4.749451725762e-01  
  2.751598074526e-06  ,-4.993699970429e-01  ,-4.793467708777e-01  
  2.759006931871e-06  ,-4.801164533456e-01  ,-4.592722675182e-01  
  2.769714906305e-06  ,-4.071244817401e-01  ,-3.871286035892e-01  
  2.779135420412e-06  ,-3.047699575298e-01  ,-2.874012160740e-01  
  2.784221931785e-06  ,-2.378161176331e-01  ,-2.225200183049e-01  
  2.786719366401e-06  ,-2.026118052098e-01  ,-1.884800536928e-01  
  2.788487947971e-06  ,-1.769145007782e-01  ,-1.636600653508e-01  
  2.790843076497e-06  ,-1.418609228843e-01  ,-1.298366106505e-01  
  2.795553333551e-06  ,-6.962111380597e-02  ,-6.022994391433e-02  
  2.799102417618e-06  ,-1.409732266773e-02  ,-6.818766747065e-03  
  2.802401534706e-06  ,3.768744134053e-02  ,4.292547157023e-02  
  2.804293237120e-06  ,6.723372998441e-02  ,7.127448226437e-02  
  2.806482590228e-06  ,1.011258424524e-01  ,1.037624767477e-01  
  2.810045830399e-06  ,1.551930044983e-01  ,1.555311347069e-01  
  2.815893791109e-06  ,2.394135342435e-01  ,2.359902725709e-01  
  2.821756652981e-06  ,3.157574338424e-01  ,3.086610886901e-01  
  2.827549479395e-06  ,3.807072876079e-01  ,3.702021227370e-01  
  2.830534181982e-06  ,4.093833599664e-01  ,3.972452642093e-01  
  2.832968286663e-06  ,4.301172199835e-01  ,4.167209294441e-01  
  2.835631124169e-06  ,4.499161154899e-01  ,4.352298358891e-01  
  2.838146440178e-06  ,4.657301086830e-01  ,4.499168618901e-01  
  2.843177072197e-06  ,4.885575808654e-01  ,4.707923270053e-01  
  2.851433805615e-06  ,4.994928378029e-01  ,4.794999638716e-01  
  2.859404436737e-06  ,4.783357382092e-01  ,4.574802828439e-01  
  2.869888893753e-06  ,4.055318647981e-01  ,3.855701511559e-01  
  2.879303447396e-06  ,3.026733528841e-01  ,2.853665944407e-01  
  2.884342275053e-06  ,2.361515885725e-01  ,2.209094547338e-01  
  2.885755836457e-06  ,2.163536427517e-01  ,2.017633279279e-01  
  2.887797295541e-06  ,1.870190015010e-01  ,1.734192091805e-01  
  2.890077173203e-06  ,1.533551413190e-01  ,1.409246234217e-01  
  2.894636928529e-06  ,8.384492087296e-02  ,7.392759671090e-02  
  2.898437469691e-06  ,2.453431268226e-02  ,1.685511318029e-02  
  2.901788368315e-06  ,-2.807684732276e-02  ,-3.369689377721e-02  
  2.903933762997e-06  ,-6.163423769227e-02  ,-6.590282621201e-02  
  2.906669243664e-06  ,-1.039954398691e-01  ,-1.065132453540e-01  
  2.909386097878e-06  ,-1.453091484870e-01  ,-1.460756410074e-01  
  2.914819806308e-06  ,-2.244696536667e-01  ,-2.217277463118e-01  
  2.920281826943e-06  ,-2.974625195944e-01  ,-2.912682981969e-01  
  2.926398753613e-06  ,-3.687433365973e-01  ,-3.588903706138e-01  
  2.930062576622e-06  ,-4.050854794127e-01  ,-3.932001180921e-01  
  2.933450728148e-06  ,-4.339317716413e-01  ,-4.202925371822e-01  
  2.934587686747e-06  ,-4.425256548350e-01  ,-4.283305308958e-01  
  2.936587422580e-06  ,-4.562650230558e-01  ,-4.411356237033e-01  
  2.940586894244e-06  ,-4.782960711522e-01  ,-4.614778946656e-01  
  2.948585837573e-06  ,-4.995066366230e-01  ,-4.801325355412e-01  
  2.956401496619e-06  ,-4.899228307014e-01  ,-4.692350294776e-01  
  2.968066125602e-06  ,-4.216064897119e-01  ,-4.013304426463e-01  
  2.978340476245e-06  ,-3.145729913684e-01  ,-2.969054661284e-01  
  2.984046130866e-06  ,-2.402415932639e-01  ,-2.248411585418e-01  
  2.989461212844e-06  ,-1.625350075193e-01  ,-1.497671074746e-01  
  2.990347459406e-06  ,-1.493086432832e-01  ,-1.370070772862e-01  
  2.991290889174e-06  ,-1.351019419482e-01  ,-1.233067797536e-01  
  2.993177748710e-06  ,-1.063451061793e-01  ,-9.558949311192e-02  
  2.996951467782e-06  ,-4.781306066416e-02  ,-3.924074538504e-02  
  3.000272936612e-06  ,4.287225746167e-03  ,1.084822152933e-02  
  3.004560745746e-06  ,7.139515970717e-02  ,7.526460421596e-02  
  3.007152802736e-06  ,1.114127696627e-01  ,1.136187360173e-01  
  3.009810797364e-06  ,1.516792557664e-01  ,1.521711282179e-01  
  3.015126786619e-06  ,2.287679370752e-01  ,2.258289415459e-01  
  3.019962958485e-06  ,2.934217033444e-01  ,2.874340974081e-01  
  3.025108329445e-06  ,3.547545784100e-01  ,3.456667138589e-01  
  3.028281159192e-06  ,3.880566997748e-01  ,3.771578481913e-01  
  3.030986837536e-06  ,4.134240379552e-01  ,4.010584516099e-01  
  3.032070897013e-06  ,4.227596373777e-01  ,4.098288538633e-01  
  3.033693074673e-06  ,4.358103903564e-01  ,4.220610444448e-01  
  3.036847277969e-06  ,4.579192961094e-01  ,4.426813606374e-01  
  3.043155684561e-06  ,4.884860090124e-01  ,4.707287425220e-01  
  3.049413427204e-06  ,4.999151071138e-01  ,4.803439950712e-01  
  3.056993647903e-06  ,4.879801372593e-01  ,4.672435149130e-01  
  3.071531220764e-06  ,3.899083878845e-01  ,3.702836013941e-01  
  3.083951338619e-06  ,2.415463788948e-01  ,2.260823012574e-01  
  3.089739694685e-06  ,1.583920304388e-01  ,1.457237977033e-01  
  3.091036281973e-06  ,1.389481758794e-01  ,1.269727530454e-01  
  3.092321693391e-06  ,1.194442828015e-01  ,1.081747346046e-01  
  3.094892516226e-06  ,7.988434820631e-02  ,7.007294785044e-02  
  3.099156483501e-06  ,1.324837545738e-02  ,5.977938927214e-03  
  3.102585613221e-06  ,-4.057006808468e-02  ,-4.571519566107e-02  
  3.104258827358e-06  ,-6.669809241745e-02  ,-7.078390425598e-02  
  3.106586761266e-06  ,-1.027277961178e-01  ,-1.053178329940e-01  
  3.110341108829e-06  ,-1.595954076668e-01  ,-1.597587168016e-01  
  3.116252399474e-06  ,-2.443435051752e-01  ,-2.407013444059e-01  
  3.121006614953e-06  ,-3.065356231955e-01  ,-2.999171414632e-01  
  3.126246608287e-06  ,-3.671250882330e-01  ,-3.573893386047e-01  
  3.129351637751e-06  ,-3.984387305848e-01  ,-3.869610272436e-01  
  3.132273382932e-06  ,-4.244493595161e-01  ,-4.114180327433e-01  
  3.133215881377e-06  ,-4.320872907328e-01  ,-4.185780759861e-01  
  3.135100878268e-06  ,-4.462204134105e-01  ,-4.317910524771e-01  
  3.138870872051e-06  ,-4.697494407546e-01  ,-4.536330374373e-01  
  3.146410859615e-06  ,-4.968248776633e-01  ,-4.780352483904e-01  
  3.153438247234e-06  ,-4.970859858231e-01  ,-4.767510547180e-01  
  3.160642958671e-06  ,-4.723105254990e-01  ,-4.514452213713e-01  
  3.170218444854e-06  ,-4.024821062119e-01  ,-3.825885747685e-01  
  3.178878999740e-06  ,-3.079531311261e-01  ,-2.904964891744e-01  
  3.183565414935e-06  ,-2.468362620929e-01  ,-2.312549429760e-01  
  3.186400360852e-06  ,-2.071826317683e-01  ,-1.929019880118e-01  
  3.187434315175e-06  ,-1.922945437564e-01  ,-1.785174860899e-01  
  3.189147948712e-06  ,-1.671805570836e-01  ,-1.542688337364e-01  
  3.192575215787e-06  ,-1.155735148884e-01  ,-1.044948858542e-01  
  3.199429749936e-06  ,-8.956987926453e-03  ,-1.879860297874e-03  
  3.203409105033e-06  ,5.344778136429e-02  ,5.805449621535e-02  
  3.205551519483e-06  ,8.676165282669e-02  ,9.000370664460e-02  
  3.207590743393e-06  ,1.181082158820e-01  ,1.200365652027e-01  
  3.211669191211e-06  ,1.792209957675e-01  ,1.785115822149e-01  
  3.217239245266e-06  ,2.577482048761e-01  ,2.534629828587e-01  
  3.222821220249e-06  ,3.285442171744e-01  ,3.208111159017e-01  
  3.228240772575e-06  ,3.876563444636e-01  ,3.767691752290e-01  
  3.231014996260e-06  ,4.136726459969e-01  ,4.012834491180e-01  
  3.232296496123e-06  ,4.246411455911e-01  ,4.115867988141e-01  
  3.234105310827e-06  ,4.389478665035e-01  ,4.249895525880e-01  
  3.237087405711e-06  ,4.594208525918e-01  ,4.440703835783e-01  
  3.243051595479e-06  ,4.881345362139e-01  ,4.704098123041e-01  
  3.249749667436e-06  ,4.999845377671e-01  ,4.803357140823e-01  
  3.257423765451e-06  ,4.864631139442e-01  ,4.656953916577e-01  
  3.269899017602e-06  ,4.054388213473e-01  ,3.854790644303e-01  
  3.280392415315e-06  ,2.888836021333e-01  ,2.719625026724e-01  
  3.285396970302e-06  ,2.214217860105e-01  ,2.066258019229e-01  
  3.286903850228e-06  ,1.999591377915e-01  ,1.858852917148e-01  
  3.288828707725e-06  ,1.718980790231e-01  ,1.587907397671e-01  
  3.291850290686e-06  ,1.266213075696e-01  ,1.151197012807e-01  
  3.297893456608e-06  ,3.306535803783e-02  ,2.503852376119e-02  
  3.301880262285e-06  ,-2.951791784559e-02  ,-3.509934780918e-02  
  3.304940588266e-06  ,-7.729534917114e-02  ,-8.094290596442e-02  
  3.308263547212e-06  ,-1.283503665929e-01  ,-1.298586649434e-01  
  3.311599917203e-06  ,-1.782047241965e-01  ,-1.775511006953e-01  
  3.318272657186e-06  ,-2.715196874179e-01  ,-2.666017966127e-01  
  3.323144591838e-06  ,-3.323562001287e-01  ,-3.244431586746e-01  
  3.328438974410e-06  ,-3.896151369732e-01  ,-3.786438071457e-01  
  3.331174082547e-06  ,-4.150711021099e-01  ,-4.026230783746e-01  
  3.332409388810e-06  ,-4.255746746629e-01  ,-4.124819662697e-01  
  3.334176852793e-06  ,-4.394848808028e-01  ,-4.255080718340e-01  
  3.337297155946e-06  ,-4.607110634710e-01  ,-4.452799214462e-01  
  3.343537762254e-06  ,-4.897313477007e-01  ,-4.718467620462e-01  
  3.350237324327e-06  ,-4.999861029616e-01  ,-4.802345783659e-01  
  3.357844367117e-06  ,-4.848937555782e-01  ,-4.641018434535e-01  
  3.369762315840e-06  ,-4.066917159956e-01  ,-3.867057092585e-01  
  3.379926397890e-06  ,-2.948271759404e-01  ,-2.777320534812e-01  
  3.385355635971e-06  ,-2.220037412331e-01  ,-2.072001369555e-01  
  3.386908523232e-06  ,-1.998918577123e-01  ,-1.858306797306e-01  
  3.388936571270e-06  ,-1.703060567720e-01  ,-1.572628284407e-01  
  3.391622133046e-06  ,-1.300850921594e-01  ,-1.184673827791e-01  
  3.396993256599e-06  ,-4.715961060294e-02  ,-3.860860206273e-02  
  3.401229656726e-06  ,1.931059885608e-02  ,2.528618223343e-02  
  3.405819214374e-06  ,9.089968742066e-02  ,9.397315554354e-02  
  3.409208483487e-06  ,1.426373571639e-01  ,1.435246969599e-01  
  3.412858522922e-06  ,1.965324491699e-01  ,1.950542595695e-01  
  3.419289119035e-06  ,2.847862070046e-01  ,2.792130379004e-01  
  3.425625837833e-06  ,3.604359197034e-01  ,3.510319127811e-01  
  3.429681188852e-06  ,4.015447030252e-01  ,3.898685293667e-01  
  3.433637447149e-06  ,4.353814074888e-01  ,4.216464723434e-01  
  3.434744789690e-06  ,4.436689898932e-01  ,4.293952634936e-01  
  3.436675980181e-06  ,4.568322133477e-01  ,4.416598995655e-01  
  3.440538361162e-06  ,4.780733418718e-01  ,4.612737191142e-01  
  3.448263123125e-06  ,4.992558335926e-01  ,4.799711406944e-01  
  3.456382765859e-06  ,4.899815185176e-01  ,4.692999131120e-01  
  3.467655494303e-06  ,4.250387984686e-01  ,4.046962857173e-01  
  3.477885141462e-06  ,3.201000721057e-01  ,3.022722298842e-01  
  3.483687653631e-06  ,2.451646169862e-01  ,2.296129121319e-01  
  3.489366486162e-06  ,1.639414376086e-01  ,1.511291201995e-01  
  3.490653387696e-06  ,1.447155689439e-01  ,1.325810429402e-01  
  3.491924084216e-06  ,1.254996071624e-01  ,1.140530144467e-01  
  3.494465477258e-06  ,8.649870649573e-02  ,7.647480541405e-02  
  3.499548263341e-06  ,7.095624655306e-03  ,9.010633551197e-05  
  3.503351039678e-06  ,-5.254083051445e-02  ,-5.718122546664e-02  
  3.505118689924e-06  ,-8.005810790259e-02  ,-8.357153795861e-02  
  3.506931043655e-06  ,-1.080142879408e-01  ,-1.103632729739e-01  
  3.510555751115e-06  ,-1.627869817091e-01  ,-1.627935626917e-01  
  3.516874588519e-06  ,-2.528231103642e-01  ,-2.487691058723e-01  
  3.521666801959e-06  ,-3.146618470904e-01  ,-3.076268333367e-01  
  3.526849425822e-06  ,-3.734872005081e-01  ,-3.633925913269e-01  
  3.529543183237e-06  ,-4.002492386395e-01  ,-3.886555181376e-01  
  3.532236568123e-06  ,-4.241434196052e-01  ,-4.111249857133e-01  
  3.533423073083e-06  ,-4.337157944683e-01  ,-4.200981458001e-01  
  3.535245485097e-06  ,-4.472406157284e-01  ,-4.327387446500e-01  
  3.538890309125e-06  ,-4.698539400594e-01  ,-4.537281774401e-01  
  3.546179957181e-06  ,-4.964037082932e-01  ,-4.776797847194e-01  
  3.553439802915e-06  ,-4.970833508240e-01  ,-4.767477801188e-01  
  3.560686982661e-06  ,-4.720831400730e-01  ,-4.512120574010e-01  
  3.570289290935e-06  ,-4.018208313613e-01  ,-3.819359402411e-01  
  3.578963256866e-06  ,-3.069093682692e-01  ,-2.894794715391e-01  
  3.583647436887e-06  ,-2.457149914306e-01  ,-2.301668511707e-01  
  3.586321077734e-06  ,-2.083154181968e-01  ,-1.939948315715e-01  
  3.587994850665e-06  ,-1.841374794251e-01  ,-1.706372001099e-01  
  3.590285904199e-06  ,-1.502311533386e-01  ,-1.379114220539e-01  
  3.594868011266e-06  ,-8.026430296468e-02  ,-7.047653554086e-02  
  3.598541892558e-06  ,-2.289588889291e-02  ,-1.527675335644e-02  
  3.601839147002e-06  ,2.887318245855e-02  ,3.446383689273e-02  
  3.603907055646e-06  ,6.121789746869e-02  ,6.550508106943e-02  
  3.606554246932e-06  ,1.022279044258e-01  ,1.048205821111e-01  
  3.609272963792e-06  ,1.436078297464e-01  ,1.444480435214e-01  
  3.614710397512e-06  ,2.229326641609e-01  ,2.202610889654e-01  
  3.620143360883e-06  ,2.957114707063e-01  ,2.896030543323e-01  
  3.626347459346e-06  ,3.681986999234e-01  ,3.583754500681e-01  
  3.630038104445e-06  ,4.048600221465e-01  ,3.929882069666e-01  
  3.633475057274e-06  ,4.341215034781e-01  ,4.204705127973e-01  
  3.634574390441e-06  ,4.424283942453e-01  ,4.282399497466e-01  
  3.636600575835e-06  ,4.563494899345e-01  ,4.412143682434e-01  
  3.640652946621e-06  ,4.785974139139e-01  ,4.617536884704e-01  
  3.648757688195e-06  ,4.996192447932e-01  ,4.802034634991e-01  
  3.656528643757e-06  ,4.895199659689e-01  ,4.688212880469e-01  
  3.668527058750e-06  ,4.176701742355e-01  ,3.974677763898e-01  
  3.678920618683e-06  ,3.074378320016e-01  ,2.899740319712e-01  
  3.684580079705e-06  ,2.328524887899e-01  ,2.176878662466e-01  
  3.687508157879e-06  ,1.912233205901e-01  ,1.774520090379e-01  
  3.689431897789e-06  ,1.629704096475e-01  ,1.501780439525e-01  
  3.691581017762e-06  ,1.307085799919e-01  ,1.190638553168e-01  
  3.695879257709e-06  ,6.454782152353e-02  ,5.533570676160e-02  
  3.699251763016e-06  ,1.175219669524e-02  ,4.557665501041e-03  
  3.702636189252e-06  ,-4.136184345494e-02  ,-4.646161876476e-02  
  3.704190194100e-06  ,-6.562948460416e-02  ,-6.974750253908e-02  
  3.706391095608e-06  ,-9.971793416783e-02  ,-1.024253959949e-01  
  3.710001274437e-06  ,-1.545275360786e-01  ,-1.549049714336e-01  
  3.715874567121e-06  ,-2.391483886084e-01  ,-2.357454534540e-01  
  3.721735193819e-06  ,-3.154960026967e-01  ,-3.084173551633e-01  
  3.727548881859e-06  ,-3.807012028697e-01  ,-3.701990619302e-01  
  3.730542152613e-06  ,-4.094552291162e-01  ,-3.973149532103e-01  
  3.732979610056e-06  ,-4.302078871429e-01  ,-4.168075618366e-01  
  3.735649153084e-06  ,-4.500395843104e-01  ,-4.353461984712e-01  
  3.738164841622e-06  ,-4.658351994379e-01  ,-4.500150898002e-01  
  3.743196218699e-06  ,-4.886214658489e-01  ,-4.708502270331e-01  
  3.751467853278e-06  ,-4.994684696271e-01  ,-4.794694532746e-01  
  3.759438484401e-06  ,-4.781797414828e-01  ,-4.573236105566e-01  
  3.769909530371e-06  ,-4.053421601101e-01  ,-3.853844464903e-01  
  3.779313653201e-06  ,-3.025457347526e-01  ,-2.852427302091e-01  
  3.784345775336e-06  ,-2.361031237458e-01  ,-2.208625579236e-01  
  3.785752444953e-06  ,-2.164016695328e-01  ,-2.018097556314e-01  
  3.787801354617e-06  ,-1.869598682692e-01  ,-1.733621013771e-01  
  3.790081232280e-06  ,-1.532944532878e-01  ,-1.408660731076e-01  
  3.794640987605e-06  ,-8.378206322149e-02  ,-7.386706999861e-02  
  3.798438548535e-06  ,-2.451738663867e-02  ,-1.683884980248e-02  
  3.801788702101e-06  ,2.808208214671e-02  ,3.370190608952e-02  
  3.803932979196e-06  ,6.162201965362e-02  ,6.589108701490e-02  
  3.806666969746e-06  ,1.039605021346e-01  ,1.064797480047e-01  
  3.809383823961e-06  ,1.452749711568e-01  ,1.460429162627e-01  
  3.814817532390e-06  ,2.244377362943e-01  ,2.216972784630e-01  
  3.820279553026e-06  ,2.974338088904e-01  ,2.912409898261e-01  
  3.826397969812e-06  ,3.687350214874e-01  ,3.588825063718e-01  
  3.830062165350e-06  ,4.050816924235e-01  ,3.931965559522e-01  
  3.833451061934e-06  ,4.339343764026e-01  ,4.202949794930e-01  
  3.834587461740e-06  ,4.425240095791e-01  ,4.283289967311e-01  
  3.836587570101e-06  ,4.562659708336e-01  ,4.411365070124e-01  
  3.840587786824e-06  ,4.783001569902e-01  ,4.614816342329e-01  
  3.848588220268e-06  ,4.995082974675e-01  ,4.801336143423e-01  
  3.856403879315e-06  ,4.899153530000e-01  ,4.692273447387e-01  
  3.868072978646e-06  ,4.215486109099e-01  ,4.012736285779e-01  
  3.878348819405e-06  ,3.144711139308e-01  ,2.968064804318e-01  
  3.884053728968e-06  ,2.401369153792e-01  ,2.247398100325e-01  
  3.889465085655e-06  ,1.624774762277e-01  ,1.497115451402e-01  
  3.890355895698e-06  ,1.491821674287e-01  ,1.368850364754e-01  
  3.891295786440e-06  ,1.350278756750e-01  ,1.232353222509e-01  
  3.893175567925e-06  ,1.063785778384e-01  ,9.562171119290e-02  
  3.896935130894e-06  ,4.806849759011e-02  ,3.948646460050e-02  
  3.900249894202e-06  ,-3.925288620659e-03  ,-1.050047826348e-02  
  3.904550369322e-06  ,-7.123383362607e-02  ,-7.510991605722e-02  
  3.907130877912e-06  ,-1.110770075836e-01  ,-1.132971358994e-01  
  3.909777324140e-06  ,-1.511781531858e-01  ,-1.516917726032e-01  
  3.915070216596e-06  ,-2.279774410844e-01  ,-2.250749283746e-01  
  3.919931720436e-06  ,-2.930242533324e-01  ,-2.870563213244e-01  
  3.925083051860e-06  ,-3.544746603431e-01  ,-3.454018644453e-01  
  3.928267057478e-06  ,-3.879169794642e-01  ,-3.770262182479e-01  
  3.930969755590e-06  ,-4.132730670130e-01  ,-4.009167235857e-01  
  3.932056981564e-06  ,-4.226428855093e-01  ,-4.097194732273e-01  
  3.933677669108e-06  ,-4.356917204404e-01  ,-4.219501663654e-01  
  3.936818833888e-06  ,-4.577397028508e-01  ,-4.425146854600e-01  
  3.943101163447e-06  ,-4.883025613060e-01  ,-4.705642682843e-01  
  3.949350710452e-06  ,-4.998959836716e-01  ,-4.803393702708e-01  
  3.956936891615e-06  ,-4.881736681189e-01  ,-4.674413846105e-01  
  3.971267338336e-06  ,-3.924897969999e-01  ,-3.728067185910e-01  
  3.983694906771e-06  ,-2.450653145839e-01  ,-2.294899876494e-01  
  3.989464636385e-06  ,-1.624841503351e-01  ,-1.496748479976e-01  
  3.990754331887e-06  ,-1.431970828537e-01  ,-1.310725999773e-01  
  3.992032851517e-06  ,-1.238450590674e-01  ,-1.124185088833e-01  
  3.994589890778e-06  ,-8.457323381260e-02  ,-7.458917693300e-02  
  3.999703969300e-06  ,-4.649972333829e-03  ,2.279729722067e-03  
  4.003527607262e-06  ,5.529816985993e-02  ,5.984059440219e-02  
  4.005468856037e-06  ,8.548258547787e-02  ,8.878265434444e-02  
  4.007335971534e-06  ,1.142157805159e-01  ,1.163128367915e-01  
  4.011070202529e-06  ,1.704060930518e-01  ,1.700867601930e-01  
  4.016737859190e-06  ,2.509678410522e-01  ,2.470027786568e-01  
  4.021246950567e-06  ,3.095093562510e-01  ,3.027297580171e-01  
  4.026285778224e-06  ,3.675425107833e-01  ,3.577670805716e-01  
  4.029346104205e-06  ,3.983862121840e-01  ,3.868972494672e-01  
  4.032168384135e-06  ,4.235752961060e-01  ,4.105851033506e-01  
  4.033142175019e-06  ,4.315035487434e-01  ,4.180194391051e-01  
  4.035039465368e-06  ,4.457843576462e-01  ,4.313741112703e-01  
  4.038834046066e-06  ,4.695509733977e-01  ,4.534427770294e-01  
  4.046423207462e-06  ,4.968466641020e-01  ,4.780499782851e-01  
  4.053367148578e-06  ,4.972051448601e-01  ,4.768789206761e-01  
  4.060571860015e-06  ,4.726758445714e-01  ,4.518094388098e-01  
  4.070172678173e-06  ,4.029082310135e-01  ,3.830052330820e-01  
  4.078852604568e-06  ,3.082796664897e-01  ,2.908133801836e-01  
  4.083553175867e-06  ,2.470034343803e-01  ,2.314166908880e-01  
  4.086447726429e-06  ,2.065052650800e-01  ,1.922471664570e-01  
  4.087492484093e-06  ,1.914507836916e-01  ,1.777022681537e-01  
  4.089189353824e-06  ,1.665674590196e-01  ,1.536769007283e-01  
  4.092583093286e-06  ,1.154531228970e-01  ,1.043787721119e-01  
  4.099370572209e-06  ,9.886384301122e-03  ,2.773319949966e-03  
  4.103325340390e-06  ,-5.213936492206e-02  ,-5.679863662378e-02  
  4.105401817203e-06  ,-8.444485700140e-02  ,-8.778234682103e-02  
  4.107461530209e-06  ,-1.161350111181e-01  ,-1.181463419405e-01  
  4.111580956221e-06  ,-1.779264132668e-01  ,-1.772741284317e-01  
  4.117245632648e-06  ,-2.578341740109e-01  ,-2.535557169236e-01  
  4.121708530426e-06  ,-3.151709700682e-01  ,-3.081177997522e-01  
  4.126839745283e-06  ,-3.733860846860e-01  ,-3.633017982705e-01  
  4.129491406918e-06  ,-3.997612700588e-01  ,-3.881992907925e-01  
  4.132162812591e-06  ,-4.235287868836e-01  ,-4.105467233867e-01  
  4.134069416165e-06  ,-4.386775954664e-01  ,-4.247394608984e-01  
  4.136443543673e-06  ,-4.553359850857e-01  ,-4.402768392743e-01  
  4.141191798687e-06  ,-4.809786565423e-01  ,-4.639345770203e-01  
  4.148156601429e-06  ,-4.991617822266e-01  ,-4.798962306942e-01  
  4.156022924423e-06  ,-4.910760227364e-01  ,-4.704234385045e-01  
  4.166936534882e-06  ,-4.308776250708e-01  ,-4.104327155588e-01  
  4.177145320415e-06  ,-3.289402233935e-01  ,-3.108653445437e-01  
  4.183347928762e-06  ,-2.498014248756e-01  ,-2.341027049190e-01  
  4.187345910311e-06  ,-1.935756560212e-01  ,-1.797334636905e-01  
  4.188557747245e-06  ,-1.758885980874e-01  ,-1.626546313548e-01  
  4.189794543624e-06  ,-1.575746031725e-01  ,-1.449807408446e-01  
  4.192268136382e-06  ,-1.202610275237e-01  ,-1.089995629036e-01  
  4.197215321898e-06  ,-4.368584792441e-02  ,-3.526918435424e-02  
  4.201184246182e-06  ,1.859780447692e-02  ,2.459851931323e-02  
  4.205581578851e-06  ,8.722662255796e-02  ,9.044848031773e-02  
  4.208997297525e-06  ,1.394547876931e-01  ,1.404749105675e-01  
  4.212515089154e-06  ,1.915606724923e-01  ,1.903021488844e-01  
  4.219071600080e-06  ,2.819711875704e-01  ,2.765333255357e-01  
  4.225437376142e-06  ,3.583778896935e-01  ,3.490832005720e-01  
  4.229579898953e-06  ,4.005946261287e-01  ,3.889735069589e-01  
  4.233055967331e-06  ,4.308178630203e-01  ,4.173806431621e-01  
  4.234185847878e-06  ,4.395522434135e-01  ,4.255565439400e-01  
  4.236014034092e-06  ,4.525073440292e-01  ,4.376444233486e-01  
  4.239670406520e-06  ,4.739029391532e-01  ,4.574543446306e-01  
  4.246983151376e-06  ,4.977560060931e-01  ,4.788024020875e-01  
  4.254862885416e-06  ,4.941765146795e-01  ,4.736493783697e-01  
  4.263310353696e-06  ,4.569194267769e-01  ,4.361282078919e-01  
  4.273691992700e-06  ,3.677791520218e-01  ,3.486884667463e-01  
  4.283657889307e-06  ,2.455719855996e-01  ,2.300387689645e-01  
  4.288838277996e-06  ,1.717569052312e-01  ,1.586811373881e-01  
  4.289993863046e-06  ,1.546001752555e-01  ,1.421234367340e-01  
  4.291140134871e-06  ,1.373803774778e-01  ,1.255140436306e-01  
  4.293432678521e-06  ,1.024289319282e-01  ,9.182365655749e-02  
  4.298017765820e-06  ,3.111674071148e-02  ,2.318581384150e-02  
  4.301888342440e-06  ,-2.964461829519e-02  ,-3.520190962463e-02  
  4.304419304669e-06  ,-6.919547723483e-02  ,-7.315624073728e-02  
  4.307491924107e-06  ,-1.165993273798e-01  ,-1.185884423509e-01  
  4.310494135559e-06  ,-1.618715544530e-01  ,-1.619215920423e-01  
  4.316498558462e-06  ,-2.477096649905e-01  ,-2.438920120436e-01  
  4.321137289941e-06  ,-3.081546762301e-01  ,-3.014398437458e-01  
  4.326232742012e-06  ,-3.669771861287e-01  ,-3.572328966598e-01  
  4.329304243863e-06  ,-3.979885294374e-01  ,-3.865232184254e-01  
  4.332193951547e-06  ,-4.237885571202e-01  ,-4.107865071994e-01  
  4.333133656025e-06  ,-4.314359305239e-01  ,-4.179572964256e-01  
  4.335013064981e-06  ,-4.455963944176e-01  ,-4.311997580966e-01  
  4.338771882892e-06  ,-4.692145298751e-01  ,-4.531348173525e-01  
  4.346289518714e-06  ,-4.966068081280e-01  ,-4.778498261809e-01  
  4.353252831340e-06  ,-4.973915358656e-01  ,-4.770832903856e-01  
  4.360461268067e-06  ,-4.732394004558e-01  ,-4.523676806083e-01  
  4.370133611798e-06  ,-4.032713116359e-01  ,-3.833551615725e-01  
  4.378859731793e-06  ,-3.081915162796e-01  ,-2.907241348590e-01  
  4.383586380124e-06  ,-2.465498157727e-01  ,-2.309749271299e-01  
  4.386469754815e-06  ,-2.061900851678e-01  ,-1.919404198679e-01  
  4.387516188860e-06  ,-1.911067544085e-01  ,-1.773679912062e-01  
  4.389216597617e-06  ,-1.661638981055e-01  ,-1.532856939199e-01  
  4.392617415130e-06  ,-1.149284989561e-01  ,-1.038718877920e-01  
  4.399419050157e-06  ,-9.125032179392e-03  ,-2.040834837285e-03  
  4.403378288686e-06  ,5.296646790705e-02  ,5.759284601527e-02  
  4.405487920582e-06  ,8.577762630659e-02  ,8.906044637348e-02  
  4.407480205834e-06  ,1.164203242564e-01  ,1.184200403983e-01  
  4.411464776337e-06  ,1.762197400845e-01  ,1.756426345849e-01  
  4.417147334158e-06  ,2.565100064025e-01  ,2.522935926028e-01  
  4.421616192400e-06  ,3.140436416287e-01  ,3.070466446622e-01  
  4.426730270922e-06  ,3.722401944081e-01  ,3.622185613765e-01  
  4.429386775434e-06  ,3.987719381917e-01  ,3.872670191955e-01  
  4.432112197816e-06  ,4.231056789760e-01  ,4.101498811879e-01  
  4.433935727417e-06  ,4.376660728058e-01  ,4.237936540645e-01  
  4.436315070331e-06  ,4.544985593301e-01  ,4.394982454666e-01  
  4.441012661397e-06  ,4.802022919333e-01  ,4.632267359244e-01  
  4.448046009481e-06  ,4.990582225770e-01  ,4.798211882696e-01  
  4.455809514463e-06  ,4.916954988167e-01  ,4.710638669438e-01  
  4.466331224382e-06  ,4.356231669353e-01  ,4.151015332171e-01  
  4.476210694253e-06  ,3.398534943204e-01  ,3.214875291959e-01  
  4.485571603715e-06  ,2.189589740337e-01  ,2.042902233078e-01  
  4.489071141422e-06  ,1.683171161124e-01  ,1.553646817814e-01  
  4.489915571600e-06  ,1.557692416520e-01  ,1.432554211197e-01  
  4.490930526942e-06  ,1.405431694659e-01  ,1.285680181542e-01  
  4.492960437626e-06  ,1.096780142283e-01  ,9.881229944390e-02  
  4.497020258993e-06  ,4.673733193892e-02  ,3.821339610948e-02  
  4.500435232610e-06  ,-6.836404819162e-03  ,-1.329241609716e-02  
  4.504786371678e-06  ,-7.490114385988e-02  ,-7.862489904074e-02  
  4.507489069790e-06  ,-1.165557275525e-01  ,-1.185449547210e-01  
  4.510310977191e-06  ,-1.591467880151e-01  ,-1.593145271950e-01  
  4.515954791993e-06  ,-2.402543064144e-01  ,-2.367846146130e-01  
  4.520551055163e-06  ,-3.008510514283e-01  ,-2.944977183514e-01  
  4.525639801711e-06  ,-3.605879054677e-01  ,-3.511897376000e-01  
  4.528679638594e-06  ,-3.919732627855e-01  ,-3.808530997139e-01  
  4.532091259450e-06  ,-4.229303344271e-01  ,-4.099845944123e-01  
  4.533126145095e-06  ,-4.313762880217e-01  ,-4.179048717712e-01  
  4.534891746432e-06  ,-4.447287022316e-01  ,-4.303929626952e-01  
  4.538422949106e-06  ,-4.672928304775e-01  ,-4.513610435448e-01  
  4.545485354453e-06  ,-4.949793618944e-01  ,-4.764680831080e-01  
  4.552665478975e-06  ,-4.982479903905e-01  ,-4.780527629503e-01  
  4.559940970927e-06  ,-4.758139690608e-01  ,-4.549562694984e-01  
  4.569960511714e-06  ,-4.048727775816e-01  ,-3.849260613142e-01  
  4.578925050288e-06  ,-3.073829317229e-01  ,-2.899394510480e-01  
  4.583778358489e-06  ,-2.439218669127e-01  ,-2.284308919943e-01  
  4.586566365749e-06  ,-2.048066215298e-01  ,-1.906028840265e-01  
  4.587615593761e-06  ,-1.896629308111e-01  ,-1.759728532115e-01  
  4.589342824608e-06  ,-1.642925203152e-01  ,-1.514790610015e-01  
  4.592797286302e-06  ,-1.121769209034e-01  ,-1.012196718513e-01  
  4.599706209689e-06  ,-4.614781886997e-03  ,2.294382974815e-03  
  4.603710896760e-06  ,5.815867986092e-02  ,6.257550890838e-02  
  4.606174431235e-06  ,9.638066429523e-02  ,9.922430034975e-02  
  4.608499384910e-06  ,1.319272055844e-01  ,1.332694753769e-01  
  4.613149292260e-06  ,2.007239589394e-01  ,1.990575013185e-01  
  4.618348307401e-06  ,2.725167528370e-01  ,2.675296625093e-01  
  4.624061412603e-06  ,3.429761274119e-01  ,3.344996672827e-01  
  4.629372931510e-06  ,3.986407154488e-01  ,3.871298872023e-01  
  4.631807781249e-06  ,4.205384185251e-01  ,4.077368906044e-01  
  4.632964111358e-06  ,4.300837742985e-01  ,4.166922640249e-01  
  4.634663775057e-06  ,4.430807442769e-01  ,4.288531899248e-01  
  4.638063102454e-06  ,4.652522183172e-01  ,4.494753046229e-01  
  4.644861757249e-06  ,4.934998146358e-01  ,4.751750880568e-01  
  4.651860087603e-06  ,4.991465404130e-01  ,4.790712554996e-01  
  4.659261494368e-06  ,4.789846855991e-01  ,4.581308789242e-01  
  4.669750421733e-06  ,4.068003731075e-01  ,3.868105721841e-01  
  4.679041295737e-06  ,3.059407177049e-01  ,2.885379372681e-01  
  4.684062987059e-06  ,2.400093495837e-01  ,2.246429044603e-01  
  4.686684101313e-06  ,2.031181049373e-01  ,1.889698005325e-01  
  4.688401460141e-06  ,1.781845095498e-01  ,1.648867146524e-01  
  4.690733119339e-06  ,1.435162995894e-01  ,1.314335898870e-01  
  4.695396437734e-06  ,7.206076348482e-02  ,6.257881744282e-02  
  4.699013694614e-06  ,1.549036974187e-02  ,8.158003346575e-03  
  4.702276676387e-06  ,-3.573146580868e-02  ,-4.104767130119e-02  
  4.704165398568e-06  ,-6.524334722152e-02  ,-6.936536440366e-02  
  4.706453471869e-06  ,-1.006778627050e-01  ,-1.033334690524e-01  
  4.709775313228e-06  ,-1.511480440026e-01  ,-1.516613894811e-01  
  4.715536102146e-06  ,-2.344659322358e-01  ,-2.312714232163e-01  
  4.721288695425e-06  ,-3.100240821046e-01  ,-3.032138217247e-01  
  4.727149322122e-06  ,-3.766025400050e-01  ,-3.663234419609e-01  
  4.730248391122e-06  ,-4.067895306391e-01  ,-3.948040799055e-01  
  4.733288973063e-06  ,-4.326638767654e-01  ,-4.191046499307e-01  
  4.735656395048e-06  ,-4.500891393762e-01  ,-4.353880639116e-01  
  4.738185494632e-06  ,-4.659529634749e-01  ,-4.501201317180e-01  
  4.743243693799e-06  ,-4.887791104673e-01  ,-4.709846805381e-01  
  4.751068293542e-06  ,-4.997184340106e-01  ,-4.797924586414e-01  
  4.759184956044e-06  ,-4.793281938560e-01  ,-4.584878404159e-01  
  4.769748389214e-06  ,-4.068189352407e-01  ,-3.868402828238e-01  
  4.779259800404e-06  ,-3.032187839010e-01  ,-2.859022359739e-01  
  4.784350782126e-06  ,-2.360337948932e-01  ,-2.207997087229e-01  
  4.785799920052e-06  ,-2.157291557538e-01  ,-2.011632937107e-01  
  4.787809714168e-06  ,-1.868380754945e-01  ,-1.732475247257e-01  
  4.790093317121e-06  ,-1.531137557383e-01  ,-1.406942205656e-01  
  4.794660523027e-06  ,-8.347952442839e-02  ,-7.357737163161e-02  
  4.798446908087e-06  ,-2.438623222624e-02  ,-1.671391665032e-02  
  4.801792963833e-06  ,2.814891935955e-02  ,3.376520385320e-02  
  4.803929417819e-06  ,6.156650376034e-02  ,6.583710237735e-02  
  4.806655212730e-06  ,1.037798523090e-01  ,1.063060952269e-01  
  4.809372439474e-06  ,1.451038493949e-01  ,1.458787310574e-01  
  4.814806892961e-06  ,2.242883829158e-01  ,2.215545802697e-01  
  4.820265933365e-06  ,2.972618139288e-01  ,2.910773159458e-01  
  4.826392545789e-06  ,3.686774735358e-01  ,3.588280292729e-01  
  4.830059349030e-06  ,4.050557579626e-01  ,3.931721232819e-01  
  4.833453088492e-06  ,4.339501900005e-01  ,4.203097807099e-01  
  4.834585763007e-06  ,4.425115877282e-01  ,4.283173856405e-01  
  4.836588479072e-06  ,4.562718104603e-01  ,4.411419291541e-01  
  4.840593911201e-06  ,4.783281815622e-01  ,4.615072678236e-01  
  4.848604775459e-06  ,4.995197598861e-01  ,4.801410283621e-01  
  4.856415964156e-06  ,4.898773844283e-01  ,4.691883236666e-01  
  4.868116355926e-06  ,4.211818059626e-01  ,4.009135786285e-01  
  4.878401137382e-06  ,3.138317724753e-01  ,2.961852910039e-01  
  4.884098596364e-06  ,2.395185053999e-01  ,2.241410646792e-01  
  4.889487601310e-06  ,1.621429546582e-01  ,1.493884604641e-01  
  4.890459157020e-06  ,1.476332400182e-01  ,1.353907251376e-01  
  4.891354437411e-06  ,1.341405903898e-01  ,1.223795272887e-01  
  4.893144998193e-06  ,1.068477230814e-01  ,9.607351757360e-02  
  4.896726119757e-06  ,5.133536998597e-02  ,4.262931343129e-02  
  4.899964142084e-06  ,5.632547063572e-04  ,-6.187630424310e-03  
  4.904444921255e-06  ,-6.959396730720e-02  ,-7.353755254401e-02  
  4.906934532762e-06  ,-1.080677999049e-01  ,-1.104149254349e-01  
  4.909462142229e-06  ,-1.464516787940e-01  ,-1.471648881824e-01  
  4.914517361164e-06  ,-2.202144519757e-01  ,-2.176649907772e-01  
  4.919724571943e-06  ,-2.903815255244e-01  ,-2.845317078177e-01  
  4.926031488419e-06  ,-3.648227252667e-01  ,-3.551809377228e-01  
  4.929744857788e-06  ,-4.021398230450e-01  ,-3.904258709048e-01  
  4.933292451739e-06  ,-4.326912615622e-01  ,-4.191246587938e-01  
  4.934228244662e-06  ,-4.398692727382e-01  ,-4.258420757936e-01  
  4.936099830508e-06  ,-4.530789790956e-01  ,-4.381667974227e-01  
  4.939843002200e-06  ,-4.747604055302e-01  ,-4.582332122790e-01  
  4.947329345584e-06  ,-4.982411841831e-01  ,-4.791966828858e-01  
  4.955179277301e-06  ,-4.933958078042e-01  ,-4.728510666392e-01  
  4.964187029243e-06  ,-4.511548488917e-01  ,-4.304304638636e-01  
  4.973573270679e-06  ,-3.690399760271e-01  ,-3.499223343173e-01  
  4.983625594020e-06  ,-2.460137512643e-01  ,-2.304662247845e-01  
  4.988688263535e-06  ,-1.739680173822e-01  ,-1.608158462561e-01  
  4.989821124315e-06  ,-1.571782961167e-01  ,-1.446112303285e-01  
  4.990944858134e-06  ,-1.403271174254e-01  ,-1.283561090005e-01  
  4.993192325771e-06  ,-1.061213581403e-01  ,-9.538151420108e-02  
  4.997687261045e-06  ,-3.629646393911e-02  ,-2.816750515509e-02  
  5.001433412969e-06  ,2.250838907840e-02  ,2.834880911899e-02  
  5.004529129207e-06  ,7.090358214161e-02  ,7.479530478840e-02  
  5.007420699537e-06  ,1.155110895691e-01  ,1.175471319240e-01  
  5.010308172047e-06  ,1.591050159294e-01  ,1.592771319348e-01  
  5.016083117068e-06  ,2.420201204266e-01  ,2.384702731698e-01  
  5.020728554070e-06  ,3.030733122739e-01  ,2.966120663301e-01  
  5.025800909340e-06  ,3.623364081683e-01  ,3.528451656222e-01  
  5.028837765992e-06  ,3.935104701607e-01  ,3.823034478239e-01  
  5.032092924654e-06  ,4.229442860812e-01  ,4.099974638500e-01  
  5.033063362777e-06  ,4.308768095086e-01  ,4.174366208135e-01  
  5.034896764398e-06  ,4.447647197963e-01  ,4.304263186012e-01  
  5.038556489587e-06  ,4.680349297933e-01  ,4.520463572453e-01  
  5.045875939965e-06  ,4.958093429837e-01  ,4.771815502846e-01  
  5.052883211017e-06  ,4.979502747074e-01  ,4.777199893561e-01  
  5.060121450067e-06  ,4.749352762886e-01  ,4.540757137664e-01  
  5.070002410054e-06  ,4.044862442165e-01  ,3.845476934735e-01  
  5.078871581197e-06  ,3.080449275211e-01  ,2.905824311614e-01  
  5.083678695798e-06  ,2.452872406890e-01  ,2.297528415191e-01  
  5.086565050721e-06  ,2.048254653506e-01  ,1.906214010474e-01  
  5.087622288108e-06  ,1.895656309862e-01  ,1.758791518808e-01  
  5.089320461690e-06  ,1.646242508229e-01  ,1.517994523820e-01  
  5.092716808856e-06  ,1.134084721436e-01  ,1.024067812804e-01  
  5.099509503186e-06  ,7.704401031213e-03  ,6.754095290053e-04  
  5.103464271367e-06  ,-5.430928629535e-02  ,-5.888134067667e-02  
  5.105619724333e-06  ,-8.781655935130e-02  ,-9.101490919697e-02  
  5.107689495623e-06  ,-1.196149433518e-01  ,-1.214795511126e-01  
  5.111829038203e-06  ,-1.815627544694e-01  ,-1.807496766706e-01  
  5.117315645754e-06  ,-2.587758138621e-01  ,-2.544418014626e-01  
  5.122888680041e-06  ,-3.293422616968e-01  ,-3.215679788702e-01  
  5.128265764058e-06  ,-3.879041603902e-01  ,-3.770027292147e-01  
  5.131006087601e-06  ,-4.135940281316e-01  ,-4.012091460808e-01  
  5.132284420967e-06  ,-4.245409776245e-01  ,-4.114924533579e-01  
  5.134078334510e-06  ,-4.387447987808e-01  ,-4.247993357972e-01  
  5.137077565730e-06  ,-4.593598348029e-01  ,-4.440135151501e-01  
  5.143076028168e-06  ,-4.882175059015e-01  ,-4.704841998080e-01  
  5.149730886757e-06  ,-4.999821307096e-01  ,-4.803374003125e-01  
  5.157402004540e-06  ,-4.865420001991e-01  ,-4.657756665636e-01  
  5.169913019478e-06  ,-4.053100692195e-01  ,-3.853530016887e-01  
  5.180424298584e-06  ,-2.884746861965e-01  ,-2.715656252841e-01  
  5.185435559094e-06  ,-2.208781488255e-01  ,-2.060997081653e-01  
  5.186946350574e-06  ,-1.993470760236e-01  ,-1.852935242114e-01  
  5.188854444265e-06  ,-1.715183967197e-01  ,-1.584238382755e-01  
  5.191906947136e-06  ,-1.257601601343e-01  ,-1.142892566144e-01  
  5.198011952877e-06  ,-3.120787269430e-02  ,-2.325180858309e-02  
  5.201985347509e-06  ,3.116554983186e-02  ,3.668165964324e-02  
  5.204869467258e-06  ,7.619142088260e-02  ,7.988424330274e-02  
  5.208495292306e-06  ,1.318651961729e-01  ,1.332238337263e-01  
  5.211843583226e-06  ,1.817756127084e-01  ,1.809637093837e-01  
  5.218540165067e-06  ,2.750385107075e-01  ,2.699412669366e-01  
  5.223498526454e-06  ,3.364891365921e-01  ,3.283542113574e-01  
  5.228844318032e-06  ,3.935739553912e-01  ,3.823721418957e-01  
  5.231622639537e-06  ,4.189582233969e-01  ,4.062698015930e-01  
  5.232820692897e-06  ,4.289304525896e-01  ,4.156269588977e-01  
  5.234563569963e-06  ,4.423491870101e-01  ,4.281835661474e-01  
  5.238049324095e-06  ,4.651729006357e-01  ,4.494123032377e-01  
  5.245020832360e-06  ,4.938952551969e-01  ,4.755263417023e-01  
  5.251879836857e-06  ,4.991283264924e-01  ,4.790524119101e-01  
  5.259252931416e-06  ,4.790232542254e-01  ,4.581711382467e-01  
  5.269746329129e-06  ,4.068377474404e-01  ,3.868475476721e-01  
  5.279031242669e-06  ,3.060656038340e-01  ,2.886592621515e-01  
  5.284052188933e-06  ,2.401581333106e-01  ,2.247869449033e-01  
  5.286687086761e-06  ,2.030752526129e-01  ,1.889284246296e-01  
  5.288406494498e-06  ,1.781106197633e-01  ,1.648153947142e-01  
  5.290731820703e-06  ,1.435358400293e-01  ,1.314524528202e-01  
  5.295382473111e-06  ,7.227782225627e-02  ,6.278782185235e-02  
  5.299005690455e-06  ,1.561603792991e-02  ,8.278843102848e-03  
  5.302266064525e-06  ,-3.556519927403e-02  ,-4.088802410687e-02  
  5.304154786706e-06  ,-6.507807805704e-02  ,-6.920681913793e-02  
  5.306451428175e-06  ,-1.006464177361e-01  ,-1.033033433610e-01  
  5.309753898025e-06  ,-1.508273588660e-01  ,-1.513545676035e-01  
  5.315506491303e-06  ,-2.340550155651e-01  ,-2.308794514921e-01  
  5.321251634002e-06  ,-3.095671308505e-01  ,-3.027795856337e-01  
  5.327118966222e-06  ,-3.762887172289e-01  ,-3.660268343928e-01  
  5.330227720976e-06  ,-4.066006548749e-01  ,-3.946262888128e-01  
  5.333279478788e-06  ,-4.325891097392e-01  ,-4.190346297060e-01  
  5.335622313857e-06  ,-4.498557266451e-01  ,-4.351705408638e-01  
  5.338148433208e-06  ,-4.657414984074e-01  ,-4.499245483765e-01  
  5.343200671911e-06  ,-4.886362992740e-01  ,-4.708567235312e-01  
  5.351038682699e-06  ,-4.997338251529e-01  ,-4.798137429175e-01  
  5.359141934156e-06  ,-4.795200619205e-01  ,-4.586810437095e-01  
  5.369723248720e-06  ,-4.070483956005e-01  ,-3.870650528999e-01  
  5.379246580839e-06  ,-3.033838686643e-01  ,-2.860625016919e-01  
  5.384346503258e-06  ,-2.360930446013e-01  ,-2.208570538086e-01  
  5.385810169816e-06  ,-2.155838985519e-01  ,-2.010228715773e-01  
  5.387800964952e-06  ,-1.869655451045e-01  ,-1.733706325239e-01  
  5.390081960201e-06  ,-1.532835697263e-01  ,-1.408580608746e-01  
  5.394643950701e-06  ,-8.373617673709e-02  ,-7.382452264416e-02  
  5.398439276457e-06  ,-2.450596621904e-02  ,-1.682902367482e-02  
  5.401789057493e-06  ,2.808765582865e-02  ,3.370641032001e-02  
  5.403931844473e-06  ,6.160433130523e-02  ,6.587344206264e-02  
  5.406663972378e-06  ,1.039144480783e-01  ,1.064351264451e-01  
  5.409383061767e-06  ,1.452635150902e-01  ,1.460315890486e-01  
  5.414821240544e-06  ,2.244897844478e-01  ,2.217468168483e-01  
  5.420284751296e-06  ,2.974994405324e-01  ,2.913033236853e-01  
  5.426401677966e-06  ,3.687743582041e-01  ,3.589196638068e-01  
  5.430065500975e-06  ,4.051124048773e-01  ,3.932254378818e-01  
  5.433452907443e-06  ,4.339487773131e-01  ,4.203084355559e-01  
  5.434591914952e-06  ,4.425565673696e-01  ,4.283593863449e-01  
  5.436590905726e-06  ,4.562873985262e-01  ,4.411564031279e-01  
  5.440588887274e-06  ,4.783051938539e-01  ,4.614862239927e-01  
  5.448584850371e-06  ,4.995059476795e-01  ,4.801320729880e-01  
  5.456404979765e-06  ,4.899118984882e-01  ,4.692237875482e-01  
  5.468074079096e-06  ,4.215393150044e-01  ,4.012645100907e-01  
  5.478349919856e-06  ,3.144576748312e-01  ,2.967934267941e-01  
  5.484054084361e-06  ,2.401320188536e-01  ,2.247350720915e-01  
  5.489464695990e-06  ,1.624832648832e-01  ,1.497171311251e-01  
  5.490355412900e-06  ,1.491894057538e-01  ,1.368920186898e-01  
  5.491295862436e-06  ,1.350267262873e-01  ,1.232342145018e-01  
  5.493176761508e-06  ,1.063602582563e-01  ,9.560406019615e-02  
  5.496938559651e-06  ,4.801488798722e-02  ,3.943488976589e-02  
  5.500254440546e-06  ,-3.996700188660e-03  ,-1.056909185498e-02  
  5.504551935434e-06  ,-7.125818303254e-02  ,-7.513326183077e-02  
  5.507134679198e-06  ,-1.111352251860e-01  ,-1.133528959815e-01  
  5.509782988071e-06  ,-1.512629554301e-01  ,-1.517728920610e-01  
  5.515079605818e-06  ,-2.281086937296e-01  ,-2.252001193802e-01  
  5.519937384367e-06  ,-2.930963379949e-01  ,-2.871248401472e-01  
  5.525087225676e-06  ,-3.545208956106e-01  ,-3.454456078304e-01  
  5.528269368649e-06  ,-3.879398838415e-01  ,-3.770477932279e-01  
  5.530972439289e-06  ,-4.132967935378e-01  ,-4.009389928470e-01  
  5.532059106469e-06  ,-4.226607188837e-01  ,-4.097361753987e-01  
  5.533679980278e-06  ,-4.357095300179e-01  ,-4.219668015182e-01  
  5.536823380232e-06  ,-4.577684325871e-01  ,-4.425413470725e-01  
  5.543110180140e-06  ,-4.883329987403e-01  ,-4.705915635780e-01  
  5.549361217260e-06  ,-4.998993227083e-01  ,-4.803402747946e-01  
  5.556945908308e-06  ,-4.881430261630e-01  ,-4.674100480999e-01  
  5.571310627699e-06  ,-3.920681670686e-01  ,-3.723945594949e-01  
  5.583735215902e-06  ,-2.445132124477e-01  ,-2.289553179587e-01  
  5.589507180691e-06  ,-1.618519922016e-01  ,-1.490644590909e-01  
  5.590797807515e-06  ,-1.425426418879e-01  ,-1.304410913753e-01  
  5.592077258468e-06  ,-1.231691319366e-01  ,-1.117666663885e-01  
  5.594636160374e-06  ,-8.385681613778e-02  ,-7.389910508173e-02  
  5.599753964186e-06  ,-3.864683050944e-03  ,3.034487254756e-03  
  5.603588032961e-06  ,5.624141157446e-02  ,6.074570382982e-02  
  5.605573240161e-06  ,8.709764431028e-02  ,9.033089236079e-02  
  5.607502195477e-06  ,1.167562152659e-01  ,1.187460377047e-01  
  5.611360106111e-06  ,1.746801319719e-01  ,1.741731888225e-01  
  5.616842243314e-06  ,2.523846408318e-01  ,2.483622855957e-01  
  5.621273103595e-06  ,3.098318927886e-01  ,3.030445707384e-01  
  5.626326832414e-06  ,3.679794158778e-01  ,3.581891835831e-01  
  5.629387158394e-06  ,3.987755670906e-01  ,3.872713810959e-01  
  5.632175538182e-06  ,4.236349964602e-01  ,4.106473398717e-01  
  5.633169818163e-06  ,4.317227491148e-01  ,4.182305217758e-01  
  5.635055932641e-06  ,4.459014446529e-01  ,4.314882515599e-01  
  5.638828161597e-06  ,4.695192018160e-01  ,4.534186228391e-01  
  5.646372619510e-06  ,4.967569328704e-01  ,4.779773215066e-01  
  5.653350088239e-06  ,4.972333684289e-01  ,4.769110750322e-01  
  5.660556289792e-06  ,4.727555327791e-01  ,4.518840913407e-01  
  5.670179459691e-06  ,4.028451421388e-01  ,3.829381950877e-01  
  5.678869816899e-06  ,3.080667563192e-01  ,2.906031133670e-01  
  5.683574858546e-06  ,2.467072477577e-01  ,2.311274236858e-01  
  5.686432156205e-06  ,2.067279826009e-01  ,1.924604374237e-01  
  5.687471884727e-06  ,1.917496577975e-01  ,1.779891698364e-01  
  5.689179371536e-06  ,1.667152956108e-01  ,1.538180533121e-01  
  5.692594345152e-06  ,1.152811481033e-01  ,1.042118629539e-01  
  5.699424292386e-06  ,9.042701037338e-03  ,1.961659219653e-03  
  5.703393961728e-06  ,-5.321126778250e-02  ,-5.782786826914e-02  
  5.705520729959e-06  ,-8.628530853967e-02  ,-8.954728030306e-02  
  5.707537602127e-06  ,-1.172969333911e-01  ,-1.192597465139e-01  
  5.711571346462e-06  ,-1.777853362883e-01  ,-1.771393495930e-01  
  5.717193554580e-06  ,-2.571329418316e-01  ,-2.528870323953e-01  
  5.721638570964e-06  ,-3.143170980767e-01  ,-3.073060753360e-01  
  5.726752649486e-06  ,-3.724747938379e-01  ,-3.624397519484e-01  
  5.729405056179e-06  ,-3.989451007679e-01  ,-3.874296866173e-01  
  5.732117440045e-06  ,-4.231495504137e-01  ,-4.101905471445e-01  
  5.733956988394e-06  ,-4.378274554218e-01  ,-4.239441613411e-01  
  5.736333723605e-06  ,-4.546206064438e-01  ,-4.396113967598e-01  
  5.741073782980e-06  ,-4.804688978578e-01  ,-4.634697653473e-01  
  5.748066897929e-06  ,-4.990782442755e-01  ,-4.798356654615e-01  
  5.755855734885e-06  ,-4.915632065020e-01  ,-4.709268917048e-01  
  5.766456420958e-06  ,-4.346545103604e-01  ,-4.141481047730e-01  
  5.776402946055e-06  ,-3.376322730718e-01  ,-3.193264112658e-01  
  5.784460003912e-06  ,-2.345199542980e-01  ,-2.193101273170e-01  
  5.788913215935e-06  ,-1.706509385642e-01  ,-1.575886473593e-01  
  5.789820044726e-06  ,-1.571943944789e-01  ,-1.446037713344e-01  
  5.790853440255e-06  ,-1.417048115795e-01  ,-1.296639289178e-01  
  5.792920231313e-06  ,-1.102941041583e-01  ,-9.938561800122e-02  
  5.797053813428e-06  ,-4.621254193978e-02  ,-3.769464208283e-02  
  5.800507530063e-06  ,7.971925802100e-03  ,1.439346274987e-02  
  5.804821416229e-06  ,7.544536525949e-02  ,7.915277831619e-02  
  5.807602345437e-06  ,1.182852950815e-01  ,1.202051919001e-01  
  5.810501738876e-06  ,1.619845504240e-01  ,1.620310963985e-01  
  5.816300525755e-06  ,2.450027749803e-01  ,2.413115650653e-01  
  5.820878907532e-06  ,3.049483464000e-01  ,2.983918227999e-01  
  5.825974359602e-06  ,3.642084883709e-01  ,3.546133976173e-01  
  5.829011588782e-06  ,3.951890512503e-01  ,3.838837580355e-01  
  5.832115873188e-06  ,4.231364388200e-01  ,4.101750703533e-01  
  5.832993924111e-06  ,4.303224228311e-01  ,4.169145250292e-01  
  5.834750025958e-06  ,4.437069114893e-01  ,4.294363953791e-01  
  5.838262229651e-06  ,4.663887899626e-01  ,4.505236746294e-01  
  5.845286637038e-06  ,4.945284818234e-01  ,4.760770952572e-01  
  5.852281987160e-06  ,4.987156596345e-01  ,4.785840947622e-01  
  5.859620063990e-06  ,4.773385605953e-01  ,4.564855107012e-01  
  5.869834809989e-06  ,4.060282276254e-01  ,3.860570895630e-01  
  5.878940909594e-06  ,3.071864122831e-01  ,2.897483063363e-01  
  5.883870958775e-06  ,2.426511044154e-01  ,2.272005165672e-01  
  5.886644064873e-06  ,2.036926045859e-01  ,1.895257900512e-01  
  5.888371109456e-06  ,1.786298752157e-01  ,1.653174327096e-01  
  5.890638321131e-06  ,1.449420882211e-01  ,1.328093857204e-01  
  5.895172744483e-06  ,7.553603712350e-02  ,6.592524813417e-02  
  5.898895427078e-06  ,1.734710891235e-02  ,9.943329963312e-03  
  5.902136429638e-06  ,-3.353376779951e-02  ,-3.893752187501e-02  
  5.904032974929e-06  ,-6.318046769186e-02  ,-6.738648059138e-02  
  5.906451060861e-06  ,-1.006407660809e-01  ,-1.032981484172e-01  
  5.909528523177e-06  ,-1.474483380057e-01  ,-1.481215925707e-01  
  5.915683447808e-06  ,-2.365076590219e-01  ,-2.332114111137e-01  
  5.921345144004e-06  ,-3.107192608017e-01  ,-3.038697090997e-01  
  5.926450281829e-06  ,-3.692894931936e-01  ,-3.594159269543e-01  
  5.929247974843e-06  ,-3.974528766594e-01  ,-3.860140173293e-01  
  5.932202130049e-06  ,-4.238567173287e-01  ,-4.108476172206e-01  
  5.933230868965e-06  ,-4.322057065714e-01  ,-4.186758637083e-01  
  5.935096866876e-06  ,-4.461919816302e-01  ,-4.317533957070e-01  
  5.938828862697e-06  ,-4.695229880541e-01  ,-4.534161515699e-01  
  5.946292854339e-06  ,-4.966128992718e-01  ,-4.778531266242e-01  
  5.953343338758e-06  ,-4.972444949198e-01  ,-4.769216311257e-01  
  5.960574872285e-06  ,-4.726604147554e-01  ,-4.517941344181e-01  
  5.970192081720e-06  ,-4.027276699615e-01  ,-3.828287273030e-01  
  5.978885419160e-06  ,-3.078736842891e-01  ,-2.904192991298e-01  
  5.983588970691e-06  ,-2.465144135607e-01  ,-2.309433205292e-01  
  5.986414603382e-06  ,-2.069790000431e-01  ,-1.927050965105e-01  
  5.987449302763e-06  ,-1.920772049640e-01  ,-1.783074575401e-01  
  5.989165916532e-06  ,-1.669145367938e-01  ,-1.540119933359e-01  
  5.992599144071e-06  ,-1.152077965049e-01  ,-1.041423469881e-01  
  5.999465599149e-06  ,-8.393954597033e-03  ,-1.338649477015e-03  
  6.003449424595e-06  ,5.407744764968e-02  ,5.865877668503e-02  
  6.005617171019e-06  ,8.777707514800e-02  ,9.097716061336e-02  
  6.007696255535e-06  ,1.197180418171e-01  ,1.215783597713e-01  
  6.011854424566e-06  ,1.819342449346e-01  ,1.811049404935e-01  
  6.017341032118e-06  ,2.591169382090e-01  ,2.547669475974e-01  
  6.022920026869e-06  ,3.297125892679e-01  ,3.219195138612e-01  
  6.028297855943e-06  ,3.882220333344e-01  ,3.773028265186e-01  
  6.031029611319e-06  ,4.138015519792e-01  ,4.014043351391e-01  
  6.032304591924e-06  ,4.247082690895e-01  ,4.116494788779e-01  
  6.034091241151e-06  ,4.388419945173e-01  ,4.248902666179e-01  
  6.037117666990e-06  ,4.596082278202e-01  ,4.442440946243e-01  
  6.043170518667e-06  ,4.885356734855e-01  ,4.707696629452e-01  
  6.049826122314e-06  ,4.999925402138e-01  ,4.803266146187e-01  
  6.057483829051e-06  ,4.862441955365e-01  ,4.654724608096e-01  
  6.069881595165e-06  ,4.055989171880e-01  ,3.856356834091e-01  
  6.080325819045e-06  ,2.897367910248e-01  ,2.727906130226e-01  
  6.085311747581e-06  ,2.226212458325e-01  ,2.077866248387e-01  
  6.086808755487e-06  ,2.013273363215e-01  ,1.872081869012e-01  
  6.088769003242e-06  ,1.727784455079e-01  ,1.596414662834e-01  
  6.091725766152e-06  ,1.285125996334e-01  ,1.169436619851e-01  
  6.097639291972e-06  ,3.704793089202e-02  ,2.886964181511e-02  
  6.101815342396e-06  ,-2.849987652682e-02  ,-3.412155043429e-02  
  6.105203493923e-06  ,-8.137273381328e-02  ,-8.485331345415e-02  
  6.108586057514e-06  ,-1.332399186132e-01  ,-1.345409547152e-01  
  6.112003638834e-06  ,-1.841154199241e-01  ,-1.832012569844e-01  
  6.118688299745e-06  ,-2.769787470022e-01  ,-2.717890788456e-01  
  6.123706265777e-06  ,-3.388955909558e-01  ,-3.306372382886e-01  
  6.129090800375e-06  ,-3.959500801496e-01  ,-3.846138187666e-01  
  6.131920530885e-06  ,-4.214937762943e-01  ,-4.086514938129e-01  
  6.133107967168e-06  ,-4.312318420523e-01  ,-4.177842409119e-01  
  6.134848795325e-06  ,-4.444199590527e-01  ,-4.301178075414e-01  
  6.138330451638e-06  ,-4.667739896054e-01  ,-4.508929981796e-01  
  6.145293764263e-06  ,-4.945449864926e-01  ,-4.760911543121e-01  
  6.152412048966e-06  ,-4.985651577052e-01  ,-4.783959192629e-01  
  6.159759066492e-06  ,-4.766841229530e-01  ,-4.558277152696e-01  
  6.169885895640e-06  ,-4.055594111532e-01  ,-3.856024656004e-01  
  6.178939841181e-06  ,-3.071996538447e-01  ,-2.897649688058e-01  
  6.183838597924e-06  ,-2.430954294279e-01  ,-2.276334120806e-01  
  6.186609841377e-06  ,-2.041834364548e-01  ,-1.900024793117e-01  
  6.188329807907e-06  ,-1.792356728014e-01  ,-1.659044290270e-01  
  6.190598137170e-06  ,-1.455460777689e-01  ,-1.333936730224e-01  
  6.195134795696e-06  ,-7.612523989144e-02  ,-6.649362316837e-02  
  6.198876477271e-06  ,-1.764458948756e-02  ,-1.023003682142e-02  
  6.202119342476e-06  ,3.326596280425e-02  ,3.867989965043e-02  
  6.204019240528e-06  ,6.296645165814e-02  ,6.718079257388e-02  
  6.206457443029e-06  ,1.007389631166e-01  ,1.033919952727e-01  
  6.209506220609e-06  ,1.471135533036e-01  ,1.478010706143e-01  
  6.215603775769e-06  ,2.354042928090e-01  ,2.321589389446e-01  
  6.221254296094e-06  ,3.095999672912e-01  ,3.028060594401e-01  
  6.226365394384e-06  ,3.683892408882e-01  ,3.585643481631e-01  
  6.229209280998e-06  ,3.970838099114e-01  ,3.856661489407e-01  
  6.232207767159e-06  ,4.239036811009e-01  ,4.108917894370e-01  
  6.233197017998e-06  ,4.319381163930e-01  ,4.184252819800e-01  
  6.235088347882e-06  ,4.461315775592e-01  ,4.316971160832e-01  
  6.238871007651e-06  ,4.697501703890e-01  ,4.536258011184e-01  
  6.246436327189e-06  ,4.968697305169e-01  ,4.780688663468e-01  
  6.253440618008e-06  ,4.970819697517e-01  ,4.767445872038e-01  
  6.260641604155e-06  ,4.723175072944e-01  ,4.514511362812e-01  
  6.270214110106e-06  ,4.025225019028e-01  ,3.826277402876e-01  
  6.278871684760e-06  ,3.080436461560e-01  ,2.905842744315e-01  
  6.283558099955e-06  ,2.469361811053e-01  ,2.313516295526e-01  
  6.286407574505e-06  ,2.070795001866e-01  ,1.928022728497e-01  
  6.287443577737e-06  ,1.921602300408e-01  ,1.783877020640e-01  
  6.289152927190e-06  ,1.671068541891e-01  ,1.541976574581e-01  
  6.292571626097e-06  ,1.156283738496e-01  ,1.045477428282e-01  
  6.299409023911e-06  ,9.282497403152e-03  ,2.192765864992e-03  
  6.303382418543e-06  ,-5.303097408564e-02  ,-5.765445696418e-02  
  6.305505461484e-06  ,-8.604906021415e-02  ,-8.932050635272e-02  
  6.307514138013e-06  ,-1.169386137271e-01  ,-1.189163118818e-01  
  6.311531491071e-06  ,-1.772000626155e-01  ,-1.765797437906e-01  
  6.317178286105e-06  ,-2.569272209656e-01  ,-2.526910406342e-01  
  6.321632988244e-06  ,-3.142488941721e-01  ,-3.072414136010e-01  
  6.326747066766e-06  ,-3.724162861808e-01  ,-3.623846821618e-01  
  6.329400963575e-06  ,-3.989063454046e-01  ,-3.873933756709e-01  
  6.332116700202e-06  ,-4.231433594751e-01  ,-4.101849401889e-01  
  6.333952523261e-06  ,-4.377935787851e-01  ,-4.239126521962e-01  
  6.336329631001e-06  ,-4.545938421794e-01  ,-4.395866492085e-01  
  6.341060749680e-06  ,-4.804121965396e-01  ,-4.634181307070e-01  
  6.348063550383e-06  ,-4.990750500947e-01  ,-4.798333947005e-01  
  6.355846426874e-06  ,-4.915899312879e-01  ,-4.709545686604e-01  
  6.366432211787e-06  ,-4.348423436466e-01  ,-4.143329729200e-01  
  6.376365325838e-06  ,-3.380678978724e-01  ,-3.197502267710e-01  
  6.384587786585e-06  ,-2.327453516583e-01  ,-2.175990415441e-01  
  6.389099113137e-06  ,-1.679033166308e-01  ,-1.549398569802e-01  
  6.390019073576e-06  ,-1.542235262504e-01  ,-1.417403837406e-01  
  6.390970326453e-06  ,-1.399430957715e-01  ,-1.279674706954e-01  
  6.392872832209e-06  ,-1.110201846720e-01  ,-1.000874028291e-01  
  6.396677843720e-06  ,-5.208962146047e-02  ,-4.335015785756e-02  
  6.399981058627e-06  ,-2.975303679685e-04  ,6.446955145225e-03  
  6.404610104352e-06  ,7.216245197354e-02  ,7.600456661114e-02  
  6.407180554658e-06  ,1.118376935372e-01  ,1.140302168934e-01  
  6.409838549286e-06  ,1.520945818771e-01  ,1.525723920981e-01  
  6.415154538542e-06  ,2.291554717875e-01  ,2.262022901607e-01  
  6.419974319130e-06  ,2.935661778025e-01  ,2.875740232662e-01  
  6.425114474684e-06  ,3.548225955509e-01  ,3.457327056064e-01  
  6.428281716496e-06  ,3.880622199938e-01  ,3.771642136354e-01  
  6.430986277252e-06  ,4.134190880334e-01  ,4.010546534196e-01  
  6.432069405407e-06  ,4.227471265333e-01  ,4.098178831913e-01  
  6.433691583067e-06  ,4.357989048948e-01  ,4.220509601780e-01  
  6.436845786363e-06  ,4.579098873312e-01  ,4.426731186951e-01  
  6.443154192954e-06  ,4.884810092559e-01  ,4.707245377061e-01  
  6.449410445482e-06  ,4.999142418738e-01  ,4.803439704604e-01  
  6.456990666181e-06  ,4.879903431248e-01  ,4.672540216715e-01  
  6.471517808229e-06  ,3.900402428548e-01  ,3.704124764769e-01  
  6.483937926084e-06  ,2.417308255216e-01  ,2.262609068131e-01  
  6.489724792033e-06  ,1.586140471786e-01  ,1.459381486276e-01  
  6.491020820528e-06  ,1.391814609821e-01  ,1.271978394394e-01  
  6.492305673152e-06  ,1.196886270900e-01  ,1.084103448363e-01  
  6.494875378400e-06  ,8.015007892971e-02  ,7.032887441443e-02  
  6.499162442476e-06  ,1.315480473957e-02  ,5.888043258650e-03  
  6.502594179899e-06  ,-4.070418796944e-02  ,-4.584397354691e-02  
  6.504265717655e-06  ,-6.680535608851e-02  ,-7.088687464570e-02  
  6.506593651563e-06  ,-1.028337172561e-01  ,-1.054194390075e-01  
  6.510362900287e-06  ,-1.599197641434e-01  ,-1.600690459855e-01  
  6.516283131629e-06  ,-2.447645617835e-01  ,-2.411028849914e-01  
  6.521031386644e-06  ,-3.068429402029e-01  ,-3.002092716784e-01  
  6.526269889861e-06  ,-3.673732602070e-01  ,-3.576239883840e-01  
  6.529376781970e-06  ,-3.986772204705e-01  ,-3.871857193825e-01  
  6.532278410584e-06  ,-4.244910964567e-01  ,-4.114570603153e-01  
  6.533236927778e-06  ,-4.322535496082e-01  ,-4.187336718348e-01  
  6.535153962165e-06  ,-4.465959916601e-01  ,-4.321413278657e-01  
  6.538988030940e-06  ,-4.703766652567e-01  ,-4.542112728428e-01  
  6.546656168491e-06  ,-4.972436833774e-01  ,-4.783842341251e-01  
  6.553667164832e-06  ,-4.966854833368e-01  ,-4.763169779897e-01  
  6.560844309121e-06  ,-4.712631667968e-01  ,-4.503984054417e-01  
  6.570316977292e-06  ,-4.015618667461e-01  ,-3.816877908056e-01  
  6.578898556024e-06  ,-3.077110632468e-01  ,-2.902614672940e-01  
  6.583539522678e-06  ,-2.471898789112e-01  ,-2.315973310215e-01  
  6.586323432118e-06  ,-2.082817976698e-01  ,-1.939645719901e-01  
  6.587343602866e-06  ,-1.936090742277e-01  ,-1.797875784184e-01  
  6.589070647448e-06  ,-1.683244225408e-01  ,-1.553731727502e-01  
  6.592524736613e-06  ,-1.163448209051e-01  ,-1.052384211437e-01  
  6.599432914943e-06  ,-8.907280052084e-03  ,-1.831969734637e-03  
  6.603433131665e-06  ,5.382301310021e-02  ,5.841480788445e-02  
  6.605604975909e-06  ,8.758848334064e-02  ,9.079662914013e-02  
  6.607683687896e-06  ,1.195263627689e-01  ,1.213949941199e-01  
  6.611841111869e-06  ,1.817394484552e-01  ,1.809189921942e-01  
  6.617339640349e-06  ,2.590982408577e-01  ,2.547493016767e-01  
  6.622921615332e-06  ,3.297313466746e-01  ,3.219374651045e-01  
  6.628305404872e-06  ,3.882967488135e-01  ,3.773734481653e-01  
  6.631038650364e-06  ,4.138812334108e-01  ,4.014793503608e-01  
  6.632313072175e-06  ,4.247785506589e-01  ,4.117155103796e-01  
  6.634099162608e-06  ,4.389016127207e-01  ,4.249460913536e-01  
  6.637132293969e-06  ,4.596986479129e-01  ,4.443280668870e-01  
  6.643198556691e-06  ,4.886292547757e-01  ,4.708535911990e-01  
  6.649857885629e-06  ,4.999950167230e-01  ,4.803220769950e-01  
  6.657512612134e-06  ,4.861386739558e-01  ,4.653650823586e-01  
  6.669868654996e-06  ,4.057177465454e-01  ,3.857519948639e-01  
  6.680289037019e-06  ,2.902074754292e-01  ,2.732474679554e-01  
  6.685266024858e-06  ,2.232641091460e-01  ,2.084087868648e-01  
  6.686758003622e-06  ,2.020568064092e-01  ,1.879135182258e-01  
  6.688739113003e-06  ,1.732189609048e-01  ,1.600671811205e-01  
  6.691659368068e-06  ,1.295202587967e-01  ,1.179154806028e-01  
  6.697499878198e-06  ,3.923145522842e-02  ,3.097028099133e-02  
  6.702185548335e-06  ,-3.430354506408e-02  ,-3.969493139858e-02  
  6.705395630986e-06  ,-8.434907842943e-02  ,-8.770823740944e-02  
  6.709286324173e-06  ,-1.438088390291e-01  ,-1.446587219316e-01  
  6.712835035712e-06  ,-1.961931548705e-01  ,-1.947408004829e-01  
  6.719361744314e-06  ,-2.857231314861e-01  ,-2.801108360744e-01  
  6.725541255862e-06  ,-3.595138303650e-01  ,-3.501620305977e-01  
  6.729579470545e-06  ,-4.005905991313e-01  ,-3.889712528449e-01  
  6.733528278261e-06  ,-4.345356655162e-01  ,-4.208561995277e-01  
  6.734649404377e-06  ,-4.429760992343e-01  ,-4.287494745986e-01  
  6.736541106790e-06  ,-4.559669746970e-01  ,-4.408568328353e-01  
  6.740324511617e-06  ,-4.770787074971e-01  ,-4.603638119909e-01  
  6.747891321272e-06  ,-4.989032648680e-01  ,-4.797133690257e-01  
  6.756034805864e-06  ,-4.910408849238e-01  ,-4.703911389970e-01  
  6.766490950674e-06  ,-4.343861673742e-01  ,-4.138857623835e-01  
  6.776377871126e-06  ,-3.379226816635e-01  ,-3.196097320722e-01  
  6.784475162119e-06  ,-2.343096392618e-01  ,-2.191135613607e-01  
  6.788929119200e-06  ,-1.704161094144e-01  ,-1.573667241122e-01  
  6.789837717503e-06  ,-1.569308429981e-01  ,-1.443538564430e-01  
  6.790862917393e-06  ,-1.415620424418e-01  ,-1.295301974649e-01  
  6.792913317174e-06  ,-1.104000332798e-01  ,-9.949092767178e-02  
  6.797014116734e-06  ,-4.683339100854e-02  ,-3.829407147871e-02  
  6.800450697035e-06  ,7.079295917094e-03  ,1.353433076770e-02  
  6.804793640465e-06  ,7.501403135054e-02  ,7.873831644786e-02  
  6.807542159647e-06  ,1.173665237371e-01  ,1.193248203648e-01  
  6.810409143060e-06  ,1.606078194585e-01  ,1.607142433884e-01  
  6.816143109888e-06  ,2.428443025752e-01  ,2.392543028080e-01  
  6.820733412594e-06  ,3.031340080981e-01  ,2.966678325638e-01  
  6.825828119606e-06  ,3.626308064384e-01  ,3.531217978995e-01  
  6.828862741083e-06  ,3.937523740118e-01  ,3.825300055120e-01  
  6.832095548004e-06  ,4.229662630503e-01  ,4.100166926408e-01  
  6.833056672901e-06  ,4.308234878728e-01  ,4.173853598194e-01  
  6.834901250392e-06  ,4.447969096604e-01  ,4.304552550895e-01  
  6.838566936046e-06  ,4.680926346893e-01  ,4.520988404424e-01  
  6.845898307353e-06  ,4.958546141365e-01  ,4.772198232909e-01  
  6.852895892650e-06  ,4.979322163276e-01  ,4.776997115125e-01  
  6.860134876758e-06  ,4.748692956657e-01  ,4.540095101466e-01  
  6.870005405933e-06  ,4.044585788689e-01  ,3.845205804720e-01  
  6.878868616611e-06  ,3.080816063668e-01  ,2.906180511807e-01  
  6.883672750980e-06  ,2.453686085340e-01  ,2.298316206294e-01  
  6.886565066367e-06  ,2.048252411485e-01  ,1.906212003764e-01  
  6.887622862548e-06  ,1.895572813284e-01  ,1.758711016888e-01  
  6.889319359750e-06  ,1.646405948646e-01  ,1.518152385404e-01  
  6.892712354153e-06  ,1.134766216188e-01  ,1.024724723737e-01  
  6.899498342961e-06  ,7.879684140717e-03  ,8.439013439853e-04  
  6.903450130910e-06  ,-5.408847732576e-02  ,-5.866942430851e-02  
  6.905595525593e-06  ,-8.744232967335e-02  ,-9.065613454965e-02  
  6.907650395721e-06  ,-1.190185074040e-01  ,-1.209083144108e-01  
  6.911760135978e-06  ,-1.805538947555e-01  ,-1.797853982578e-01  
  6.917278035969e-06  ,-2.582701371454e-01  ,-2.539600482513e-01  
  6.922852560371e-06  ,-3.289151523312e-01  ,-3.211627945596e-01  
  6.928246035665e-06  ,-3.877085532150e-01  ,-3.768182056859e-01  
  6.931002377957e-06  ,-4.135612814066e-01  ,-4.011784770249e-01  
  6.932282946497e-06  ,-4.245287421555e-01  ,-4.114810882936e-01  
  6.934085055679e-06  ,-4.387954227307e-01  ,-4.248467852199e-01  
  6.937068268150e-06  ,-4.593021401190e-01  ,-4.439600374005e-01  
  6.943034693092e-06  ,-4.880769699836e-01  ,-4.703580562894e-01  
  6.949702217668e-06  ,-4.999781206488e-01  ,-4.803398395046e-01  
  6.957380786031e-06  ,-4.866187012121e-01  ,-4.658538130948e-01  
  6.969915642828e-06  ,-4.052859378837e-01  ,-3.853294266264e-01  
  6.980443313211e-06  ,-2.882306780530e-01  ,-2.713287890813e-01  
  6.985460534185e-06  ,-2.205261277647e-01  ,-2.057590265995e-01  
  6.986974305898e-06  ,-1.989442881966e-01  ,-1.849040798133e-01  
  6.988873458892e-06  ,-1.712378084545e-01  ,-1.581527163531e-01  
  6.991943470627e-06  ,-1.252048114205e-01  ,-1.137537008212e-01  
  6.998083494097e-06  ,-3.008621904108e-02  ,-2.217292150503e-02  
  7.002058378845e-06  ,3.231040969514e-02  ,3.778108757807e-02  
  7.004840425640e-06  ,7.574053209688e-02  ,7.945186952672e-02  
  7.008365667850e-06  ,1.299000585025e-01  ,1.313421122938e-01  
  7.011742643505e-06  ,1.802976368135e-01  ,1.795508339107e-01  
  7.018496594816e-06  ,2.744667013479e-01  ,2.693969423239e-01  
  7.023441545159e-06  ,3.358265556380e-01  ,3.277258663968e-01  
  7.028773180634e-06  ,3.928837861258e-01  ,3.817211520456e-01  
  7.031540326267e-06  ,4.182511201739e-01  ,4.056056394572e-01  
  7.032745085150e-06  ,4.283189344775e-01  ,4.150537525094e-01  
  7.034488148481e-06  ,4.417956730920e-01  ,4.276665233572e-01  
  7.037917278200e-06  ,4.644083359062e-01  ,4.487048569068e-01  
  7.044775537640e-06  ,4.932803324673e-01  ,4.749887444072e-01  
  7.051600269467e-06  ,4.993682656124e-01  ,4.793437124352e-01  
  7.059000186116e-06  ,4.801460272010e-01  ,4.593015913149e-01  
  7.069720081478e-06  ,4.070772853967e-01  ,3.870822260518e-01  
  7.079143575817e-06  ,3.046683917502e-01  ,2.873025630070e-01  
  7.084231577307e-06  ,2.376828304997e-01  ,2.223909928382e-01  
  7.086718208581e-06  ,2.026284319490e-01  ,1.884960836067e-01  
  7.088492378086e-06  ,1.768494126221e-01  ,1.635971938128e-01  
  7.090848624200e-06  ,1.417773586303e-01  ,1.297559908597e-01  
  7.095561116427e-06  ,6.950004953512e-02  ,6.011338513924e-02  
  7.099106847733e-06  ,1.402776210878e-02  ,6.751892517906e-03  
  7.102408199996e-06  ,-3.779184079652e-02  ,-4.302569724122e-02  
  7.104300274938e-06  ,-6.734327412149e-02  ,-7.137955202802e-02  
  7.106484412640e-06  ,-1.011538770628e-01  ,-1.037893269853e-01  
  7.110061063856e-06  ,-1.554204550827e-01  ,-1.557487213063e-01  
  7.115912749857e-06  ,-2.396749360387e-01  ,-2.362395554517e-01  
  7.121782317251e-06  ,-3.160699062160e-01  ,-3.089579111702e-01  
  7.127572163433e-06  ,-3.809381808128e-01  ,-3.704202488285e-01  
  7.130550905555e-06  ,-4.095341225870e-01  ,-3.973871278906e-01  
  7.132968618959e-06  ,-4.301198814742e-01  ,-4.167233897406e-01  
  7.135617672890e-06  ,-4.498239020367e-01  ,-4.351438404495e-01  
  7.138148262590e-06  ,-4.657405234333e-01  ,-4.499264499099e-01  
  7.143209441990e-06  ,-4.886654839995e-01  ,-4.708890846473e-01  
  7.151440843433e-06  ,-4.994878476363e-01  ,-4.794935965189e-01  
  7.159404023975e-06  ,-4.783376260110e-01  ,-4.574821518325e-01  
  7.169882520527e-06  ,-4.055904170342e-01  ,-3.856274551117e-01  
  7.179292603821e-06  ,-3.028089118917e-01  ,-2.854981835319e-01  
  7.184329941362e-06  ,-2.363223377859e-01  ,-2.210747057423e-01  
  7.185750022024e-06  ,-2.164359789009e-01  ,-2.018429757500e-01  
  7.187783285469e-06  ,-1.872230789562e-01  ,-1.736163479195e-01  
  7.190061300486e-06  ,-1.535924334130e-01  ,-1.411536016988e-01  
  7.194617330521e-06  ,-8.414839059656e-02  ,-7.421985508104e-02  
  7.198429047555e-06  ,-2.466644706879e-02  ,-1.698215273174e-02  
  7.201785161585e-06  ,2.802655546399e-02  ,3.364863386383e-02  
  7.203938379377e-06  ,6.170619792956e-02  ,6.597191119826e-02  
  7.206682055682e-06  ,1.041922809551e-01  ,1.067019176836e-01  
  7.209399654955e-06  ,1.455128980652e-01  ,1.462706827058e-01  
  7.214834853500e-06  ,2.246808316208e-01  ,2.219292904802e-01  
  7.220301344484e-06  ,2.977088875533e-01  ,2.915026031643e-01  
  7.226407095283e-06  ,3.688318170127e-01  ,3.589740433756e-01  
  7.230067565531e-06  ,4.051314118532e-01  ,3.932433308158e-01  
  7.233449011534e-06  ,4.339183749723e-01  ,4.202799604429e-01  
  7.234591744334e-06  ,4.425553201251e-01  ,4.283582158996e-01  
  7.236588127404e-06  ,4.562695512390e-01  ,4.411398097091e-01  
  7.240580893546e-06  ,4.782685928248e-01  ,4.614527377404e-01  
  7.248566425830e-06  ,4.994930014942e-01  ,4.801236404193e-01  
  7.256389535457e-06  ,4.899603273754e-01  ,4.692735652488e-01  
  7.268019891769e-06  ,4.219964563328e-01  ,4.017132594576e-01  
  7.278285301715e-06  ,3.152461772948e-01  ,2.975595687201e-01  
  7.283999897033e-06  ,2.408782543899e-01  ,2.254575946234e-01  
  7.289441056043e-06  ,1.628344014253e-01  ,1.500563024600e-01  
  7.290291260421e-06  ,1.501509034513e-01  ,1.378197932578e-01  
  7.291257600725e-06  ,1.356053117008e-01  ,1.237923993578e-01  
  7.293190281332e-06  ,1.061527402456e-01  ,9.540435005621e-02  
  7.297055642545e-06  ,4.618393313442e-02  ,3.767089969446e-02  
  7.300413246691e-06  ,-6.491081501906e-03  ,-1.296846714239e-02  
  7.304640706122e-06  ,-7.263807735673e-02  ,-7.645964939684e-02  
  7.307303916156e-06  ,-1.137255111898e-01  ,-1.158375618189e-01  
  7.310039769351e-06  ,-1.551024971785e-01  ,-1.554483747168e-01  
  7.315511475742e-06  ,-2.341241999844e-01  ,-2.309394208322e-01  
  7.320198635995e-06  ,-2.964111554956e-01  ,-2.902770304173e-01  
  7.325313459575e-06  ,-3.570178519153e-01  ,-3.478126960874e-01  
  7.328411783516e-06  ,-3.893473066701e-01  ,-3.783779306578e-01  
  7.331178556621e-06  ,-4.151102819553e-01  ,-4.026459103252e-01  
  7.332238960505e-06  ,-4.241633181111e-01  ,-4.111482294765e-01  
  7.333881999791e-06  ,-4.372573802845e-01  ,-4.234167405022e-01  
  7.337168078363e-06  ,-4.599194482344e-01  ,-4.445395602841e-01  
  7.343740235507e-06  ,-4.903626941185e-01  ,-4.724068788392e-01  
  7.350107501686e-06  ,-4.999971485229e-01  ,-4.802716889915e-01  
  7.357622157276e-06  ,-4.857334363121e-01  ,-4.649537922826e-01  
  7.370016943157e-06  ,-4.043520052639e-01  ,-3.844145565346e-01  
  7.380395601928e-06  ,-2.888427455471e-01  ,-2.719233002644e-01  
  7.385349492967e-06  ,-2.220901980177e-01  ,-2.072731784644e-01  
  7.386839981616e-06  ,-2.008782604097e-01  ,-1.867743048892e-01  
  7.388754780829e-06  ,-1.729880711519e-01  ,-1.598437725454e-01  
  7.391777108848e-06  ,-1.277330378585e-01  ,-1.161921449746e-01  
  7.397821764886e-06  ,-3.418893901712e-02  ,-2.611947013248e-02  
  7.401865940034e-06  ,2.929333385555e-02  ,3.488361384946e-02  
  7.405020515859e-06  ,7.853551102914e-02  ,8.213235932671e-02  
  7.408363591373e-06  ,1.298685610013e-01  ,1.313126573231e-01  
  7.411725665867e-06  ,1.800488689365e-01  ,1.793141303047e-01  
  7.418449814856e-06  ,2.738521958044e-01  ,2.688232997745e-01  
  7.423382844269e-06  ,3.351428538219e-01  ,3.270876786811e-01  
  7.428714479744e-06  ,3.923127970284e-01  ,3.811901235727e-01  
  7.431476037443e-06  ,4.176969084678e-01  ,4.050913489109e-01  
  7.432685639203e-06  ,4.278364364575e-01  ,4.146071388413e-01  
  7.434431869030e-06  ,4.413810253143e-01  ,4.272840494443e-01  
  7.437805119395e-06  ,4.637526427013e-01  ,4.481015220997e-01  
  7.444551620126e-06  ,4.926934235357e-01  ,4.744753294307e-01  
  7.451359215617e-06  ,4.995442250264e-01  ,4.795662859962e-01  
  7.458800855517e-06  ,4.810101675723e-01  ,4.601732922856e-01  
  7.469696584582e-06  ,4.072914849722e-01  ,3.872922909031e-01  
  7.479234817863e-06  ,3.035307196834e-01  ,2.861913135657e-01  
  7.484377953649e-06  ,2.356574499528e-01  ,2.204263441095e-01  
  7.485839198768e-06  ,2.151723859264e-01  ,2.006168504601e-01  
  7.487828131258e-06  ,1.865697060092e-01  ,1.729814694380e-01  
  7.490110989153e-06  ,1.528494764817e-01  ,1.404336793543e-01  
  7.494676704943e-06  ,8.322889649255e-02  ,7.333239359214e-02  
  7.498453404248e-06  ,2.428431169513e-02  ,1.661341260861e-02  
  7.501795734704e-06  ,-2.819237496224e-02  ,-3.380873079395e-02  
  7.503925483167e-06  ,-6.150516825515e-02  ,-6.577964987995e-02  
  7.506643454969e-06  ,-1.035991768759e-01  ,-1.061339342274e-01  
  7.509363661945e-06  ,-1.449719004993e-01  ,-1.457531284227e-01  
  7.514804075897e-06  ,-2.242488335427e-01  ,-2.215170254549e-01  
  7.520263116300e-06  ,-2.972262320288e-01  ,-2.910435960784e-01  
  7.526394199073e-06  ,-3.686950157285e-01  ,-3.588447052139e-01  
  7.530062492430e-06  ,-4.050847041832e-01  ,-3.931994537467e-01  
  7.533457349479e-06  ,-4.339834335156e-01  ,-4.203409658960e-01  
  7.534591141582e-06  ,-4.425509138190e-01  ,-4.283541755230e-01  
  7.536593857646e-06  ,-4.563063571610e-01  ,-4.411740845402e-01  
  7.540599289775e-06  ,-4.783527788056e-01  ,-4.615297962102e-01  
  7.548610154033e-06  ,-4.995234548021e-01  ,-4.801434128587e-01  
  7.556424322963e-06  ,-4.898510811320e-01  ,-4.691612976806e-01  
  7.568142596126e-06  ,-4.209595350710e-01  ,-4.006954231932e-01  
  7.578433338046e-06  ,-3.134378490504e-01  ,-2.958025675282e-01  
  7.584126326680e-06  ,-2.391360587856e-01  ,-2.237707893249e-01  
  7.589501920581e-06  ,-1.619301669097e-01  ,-1.491829549586e-01  
  7.590480926871e-06  ,-1.473064917978e-01  ,-1.350754005608e-01  
  7.591368291020e-06  ,-1.339309432159e-01  ,-1.221772352288e-01  
  7.593143019319e-06  ,-1.068780889261e-01  ,-9.610265650414e-02  
  7.596692475915e-06  ,-5.186102465610e-02  ,-4.313497288850e-02  
  7.599918204784e-06  ,-1.284834828124e-03  ,5.494296266667e-03  
  7.604429531336e-06  ,6.935456803846e-02  ,7.330803944473e-02  
  7.606914672494e-06  ,1.077631883260e-01  ,1.101232267760e-01  
  7.609425890684e-06  ,1.459071203781e-01  ,1.466438911506e-01  
  7.614448327065e-06  ,2.192403874633e-01  ,2.167353047046e-01  
  7.619634676218e-06  ,2.892308343420e-01  ,2.834369560927e-01  
  7.626001942396e-06  ,3.645051993089e-01  ,3.548806580909e-01  
  7.629737663507e-06  ,4.020726579571e-01  ,3.903629001943e-01  
  7.633318785071e-06  ,4.328983948875e-01  ,4.193189951275e-01  
  7.634282703936e-06  ,4.402753563873e-01  ,4.262220255933e-01  
  7.636210541666e-06  ,4.538117485823e-01  ,4.388490539052e-01  
  7.640066217124e-06  ,4.758486487336e-01  ,4.592323270605e-01  
  7.647777568042e-06  ,4.987817953052e-01  ,4.796192822990e-01  
  7.655576835811e-06  ,4.923457211870e-01  ,4.717582107727e-01  
  7.665371369064e-06  ,4.428246707030e-01  ,4.222046663961e-01  
  7.674797843635e-06  ,3.557916380189e-01  ,3.370114092859e-01  
  7.684231768787e-06  ,2.376801843037e-01  ,2.224027776483e-01  
  7.688894342124e-06  ,1.709295758128e-01  ,1.578853258140e-01  
  7.689991812646e-06  ,1.546308042673e-01  ,1.421557211074e-01  
  7.691011424601e-06  ,1.393232124088e-01  ,1.273902026220e-01  
  7.693050648510e-06  ,1.082950582706e-01  ,9.747829177333e-02  
  7.697129096329e-06  ,4.503493443809e-02  ,3.657476715243e-02  
  7.700569774449e-06  ,-8.949518177372e-03  ,-1.532313424774e-02  
  7.704807664692e-06  ,-7.523182279592e-02  ,-7.894179570486e-02  
  7.707581888378e-06  ,-1.179730533650e-01  ,-1.199018018581e-01  
  7.710455949843e-06  ,-1.613039215767e-01  ,-1.613769965777e-01  
  7.716204072773e-06  ,-2.436809278129e-01  ,-2.400504369050e-01  
  7.720775749028e-06  ,-3.036626032122e-01  ,-2.971692561513e-01  
  7.725863750517e-06  ,-3.630159101799e-01  ,-3.534854603311e-01  
  7.728895019233e-06  ,-3.940646547555e-01  ,-3.828239061614e-01  
  7.732092435896e-06  ,-4.229401912191e-01  ,-4.099916605207e-01  
  7.733035865664e-06  ,-4.306575222394e-01  ,-4.172293153667e-01  
  7.734899628401e-06  ,-4.447852718603e-01  ,-4.304439361215e-01  
  7.738566804171e-06  ,-4.680919065414e-01  ,-4.520978386856e-01  
  7.745901155710e-06  ,-4.958603615806e-01  ,-4.772245743127e-01  
  7.752879369497e-06  ,-4.979557293532e-01  ,-4.777257392770e-01  
  7.760125804186e-06  ,-4.749138888004e-01  ,-4.540541030089e-01  
  7.769997823477e-06  ,-4.045285918828e-01  ,-3.845890929954e-01  
  7.778864014387e-06  ,-3.081385413160e-01  ,-2.906733253116e-01  
  7.783669638872e-06  ,-2.454112011217e-01  ,-2.298728507047e-01  
  7.786573130131e-06  ,-2.047096851010e-01  ,-1.905095109763e-01  
  7.787632788956e-06  ,-1.894129881941e-01  ,-1.757317121874e-01  
  7.789326119661e-06  ,-1.645403284105e-01  ,-1.517184483918e-01  
  7.792712781072e-06  ,-1.134700905811e-01  ,-1.024661711153e-01  
  7.799486103892e-06  ,-8.071910520748e-03  ,-1.028687336622e-03  
  7.803433421493e-06  ,5.382753924531e-02  ,5.841897869161e-02  
  7.805565777659e-06  ,8.698221339054e-02  ,9.021499675619e-02  
  7.807601648808e-06  ,1.182746630401e-01  ,1.201958690618e-01  
  7.811673391104e-06  ,1.792825822700e-01  ,1.785701994187e-01  
  7.817228543997e-06  ,2.576041509771e-01  ,2.533255335790e-01  
  7.822803813457e-06  ,3.283380564228e-01  ,3.206152687425e-01  
  7.828216660261e-06  ,3.874170198826e-01  ,3.765431421472e-01  
  7.830993119121e-06  ,4.134795249181e-01  ,4.011017380559e-01  
  7.832277412951e-06  ,4.244828154727e-01  ,4.114381236462e-01  
  7.834090698004e-06  ,4.388379057047e-01  ,4.248866363688e-01  
  7.837052303791e-06  ,4.592029843659e-01  ,4.438680829119e-01  
  7.842975515366e-06  ,4.878743379140e-01  ,4.701760756713e-01  
  7.849669116974e-06  ,4.999729862534e-01  ,4.803421868413e-01  
  7.857352155685e-06  ,4.867218519304e-01  ,4.659589308232e-01  
  7.869948107243e-06  ,4.049870805500e-01  ,3.850368811994e-01  
  7.880510050297e-06  ,2.873734506484e-01  ,2.704968879364e-01  
  7.885539192200e-06  ,2.194165659434e-01  ,2.046853603658e-01  
  7.887060228229e-06  ,1.977053368615e-01  ,1.837062932610e-01  
  7.888926598668e-06  ,1.704533306650e-01  ,1.573947071894e-01  
  7.892059567809e-06  ,1.234384338117e-01  ,1.120504189729e-01  
  7.898325506091e-06  ,2.629075886342e-02  ,1.853072962665e-02  
  7.902190867305e-06  ,-3.438689789775e-02  ,-3.976740318634e-02  
  7.904683086514e-06  ,-7.329666001293e-02  ,-7.710044973054e-02  
  7.907890188932e-06  ,-1.226734899156e-01  ,-1.244144959109e-01  
  7.911354708910e-06  ,-1.746006924885e-01  ,-1.740992635501e-01  
  7.917431402445e-06  ,-2.603299328680e-01  ,-2.559367596779e-01  
  7.922018724918e-06  ,-3.189385710304e-01  ,-3.116992999077e-01  
  7.927180487156e-06  ,-3.769243713661e-01  ,-3.666475397522e-01  
  7.929843697190e-06  ,-4.030604965991e-01  ,-3.913088032135e-01  
  7.932425323367e-06  ,-4.257060094118e-01  ,-4.125898881125e-01  
  7.934614303947e-06  ,-4.427201238458e-01  ,-4.285178448863e-01  
  7.937017861247e-06  ,-4.589886659206e-01  ,-4.436705863391e-01  
  7.941824975848e-06  ,-4.836005466114e-01  ,-4.663155962751e-01  
  7.948853108525e-06  ,-4.996754830252e-01  ,-4.802353755077e-01  
  7.956966790795e-06  ,-4.880719095811e-01  ,-4.673375041046e-01  
  7.970190081239e-06  ,-4.027462924951e-01  ,-3.828398969238e-01  
  7.981239292264e-06  ,-2.779249512549e-01  ,-2.613394817021e-01  
  7.986456933856e-06  ,-2.063735381660e-01  ,-1.920744978271e-01  
  7.988063092768e-06  ,-1.831404521270e-01  ,-1.696352627489e-01  
  7.989650997758e-06  ,-1.597129063748e-01  ,-1.470255103883e-01  
  7.992826807737e-06  ,-1.117249724070e-01  ,-1.007585046493e-01  
  7.999178427696e-06  ,-1.290379475073e-02  ,-5.651220226523e-03  
  8.003190565348e-06  ,5.003340430647e-02  ,5.479462187174e-02  
  8.005235749722e-06  ,8.187260992814e-02  ,8.533079663645e-02  
  8.007455277681e-06  ,1.160394804438e-01  ,1.180652547822e-01  
  8.011894333601e-06  ,1.825180183627e-01  ,1.816700162269e-01  
  8.017547089100e-06  ,2.618796718941e-01  ,2.574039322410e-01  
  8.022017437458e-06  ,3.189229959736e-01  ,3.116740286376e-01  
  8.027179199696e-06  ,3.769110833267e-01  ,3.666307529706e-01  
  8.029837566853e-06  ,4.030035064156e-01  ,3.912557472905e-01  
  8.032410624862e-06  ,4.255848661793e-01  ,4.124855886555e-01  
  8.033755454659e-06  ,4.362898629761e-01  ,4.225152389730e-01  
  8.035582337022e-06  ,4.495812790423e-01  ,4.349277088920e-01  
  8.039236101747e-06  ,4.716837015952e-01  ,4.554192868488e-01  
  8.046543631196e-06  ,4.970552180291e-01  ,4.782288117986e-01  
  8.054046365857e-06  ,4.959655425862e-01  ,4.755447188452e-01  
  8.061484280467e-06  ,4.678092390381e-01  ,4.469478774186e-01  
  8.070945027709e-06  ,3.956061636687e-01  ,3.758574357400e-01  
  8.079504254699e-06  ,3.001566649349e-01  ,2.829249150050e-01  
  8.084066245198e-06  ,2.399644513664e-01  ,2.246006098237e-01  
  8.085320922971e-06  ,2.224921841022e-01  ,2.077005568087e-01  
  8.087651837111e-06  ,1.891360471588e-01  ,1.754659296146e-01  
  8.089806172490e-06  ,1.574012351167e-01  ,1.448302635038e-01  
  8.094114843249e-06  ,9.191805078733e-02  ,8.170401532913e-02  
  8.098292383790e-06  ,2.681030868274e-02  ,1.904385229361e-02  
  8.101790431380e-06  ,-2.810920269198e-02  ,-3.372844137072e-02  
  8.104094150901e-06  ,-6.413359768884e-02  ,-6.830144281343e-02  
  8.107007700443e-06  ,-1.091896627185e-01  ,-1.114910758686e-01  
  8.109809863806e-06  ,-1.516652824431e-01  ,-1.521586415425e-01  
  8.115414190531e-06  ,-2.327728378184e-01  ,-2.296497291145e-01  
  8.120255577803e-06  ,-2.971310030006e-01  ,-2.909622827139e-01  
  8.125430751085e-06  ,-3.583053140851e-01  ,-3.490335438648e-01  
  8.128549191594e-06  ,-3.906978623559e-01  ,-3.796540365890e-01  
  8.131477269769e-06  ,-4.177075479484e-01  ,-4.050886719687e-01  
  8.132532644510e-06  ,-4.265877841056e-01  ,-4.134245103816e-01  
  8.134208280087e-06  ,-4.397200813296e-01  ,-4.257214306797e-01  
  8.137559551239e-06  ,-4.622969306838e-01  ,-4.467453532427e-01  
  8.144262093544e-06  ,-4.918984082187e-01  ,-4.737701375631e-01  
  8.150901305914e-06  ,-4.997995734834e-01  ,-4.799090914023e-01  
  8.158357846975e-06  ,-4.828631092327e-01  ,-4.620436524152e-01  
  8.169757235289e-06  ,-4.067381356753e-01  ,-3.867502717303e-01  
  8.179577100515e-06  ,-2.992407412045e-01  ,-2.820178080369e-01  
  8.184848386288e-06  ,-2.291146369481e-01  ,-2.140887612559e-01  
  8.186314846814e-06  ,-2.084043900603e-01  ,-1.940672118975e-01  
  8.188655819237e-06  ,-1.744457179748e-01  ,-1.612681997782e-01  
  8.190990831196e-06  ,-1.396338518305e-01  ,-1.276804579423e-01  
  8.195660855114e-06  ,-6.794822812630e-02  ,-5.861328084613e-02  
  8.199106003582e-06  ,-1.404101677381e-02  ,-6.760031653917e-03  
  8.202370102942e-06  ,3.719509857354e-02  ,4.245613958896e-02  
  8.204239826143e-06  ,6.640227764531e-02  ,7.047958258322e-02  
  8.206430296838e-06  ,1.003212595657e-01  ,1.029934653722e-01  
  8.209923501551e-06  ,1.533652294600e-01  ,1.537838701733e-01  
  8.215746130288e-06  ,2.373746982698e-01  ,2.340463840789e-01  
  8.221568759024e-06  ,3.134635131064e-01  ,3.064822179033e-01  
  8.227391387761e-06  ,3.790927632184e-01  ,3.686769454266e-01  
  8.230422283947e-06  ,4.083716962289e-01  ,3.962934277748e-01  
  8.232989008963e-06  ,4.302831034743e-01  ,4.168768519685e-01  
  8.234472605824e-06  ,4.416812980922e-01  ,4.275442773584e-01  
  8.236397835851e-06  ,4.550388978509e-01  ,4.399981335793e-01  
  8.240248295903e-06  ,4.767190139415e-01  ,4.600356937736e-01  
  8.247949216008e-06  ,4.989626403265e-01  ,4.797494532571e-01  
  8.255806598306e-06  ,4.917038106908e-01  ,4.710721827401e-01  
  8.266121182084e-06  ,4.372331374805e-01  ,4.166867602704e-01  
  8.275859090924e-06  ,3.438836892377e-01  ,3.254096616760e-01  
  8.285187217832e-06  ,2.243710570825e-01  ,2.095244620495e-01  
  8.289244058967e-06  ,1.657569913474e-01  ,1.528920497848e-01  
  8.290094635874e-06  ,1.530940358656e-01  ,1.406727460180e-01  
  8.290996062994e-06  ,1.395549387664e-01  ,1.276134564982e-01  
  8.292798917234e-06  ,1.121519552110e-01  ,1.011953735570e-01  
  8.296404625714e-06  ,5.635599550389e-02  ,4.746759821617e-02  
  8.299628119409e-06  ,5.841353777118e-03  ,-1.110287421302e-03  
  8.304643105209e-06  ,-7.267536212783e-02  ,-7.649210078989e-02  
  8.306201952934e-06  ,-9.680483038404e-02  ,-9.962308025812e-02  
  8.307865667582e-06  ,-1.223000459874e-01  ,-1.240465572249e-01  
  8.311193096876e-06  ,-1.722196668537e-01  ,-1.718106841103e-01  
  8.316363054752e-06  ,-2.458585072077e-01  ,-2.421246813212e-01  
  8.320676940918e-06  ,-3.024280917032e-01  ,-2.959925271772e-01  
  8.325620401144e-06  ,-3.603767268872e-01  ,-3.509825468837e-01  
  8.328586849809e-06  ,-3.910667271697e-01  ,-3.799914300742e-01  
  8.331954884768e-06  ,-4.217838153223e-01  ,-4.089026524572e-01  
  8.332987907767e-06  ,-4.302742929104e-01  ,-4.168670481117e-01  
  8.334732647479e-06  ,-4.435810085430e-01  ,-4.293168805254e-01  
  8.338222126901e-06  ,-4.661613591453e-01  ,-4.503119686819e-01  
  8.345201085746e-06  ,-4.943284341582e-01  ,-4.759025563021e-01  
  8.352247099817e-06  ,-4.987546136189e-01  ,-4.786287547271e-01  
  8.359572510660e-06  ,-4.775603573351e-01  ,-4.567081331097e-01  
  8.369834940374e-06  ,-4.060270324026e-01  ,-3.860558563317e-01  
  8.378966371953e-06  ,-3.068707378286e-01  ,-2.894417221707e-01  
  8.383908342063e-06  ,-2.421375075454e-01  ,-2.267032945902e-01  
  8.386636744678e-06  ,-2.037976103179e-01  ,-1.896271634067e-01  
  8.388356524944e-06  ,-1.788438304545e-01  ,-1.655239462795e-01  
  8.390641990542e-06  ,-1.448869232033e-01  ,-1.327561259402e-01  
  8.395212921739e-06  ,-7.491211758402e-02  ,-6.532443340596e-02  
  8.398916605353e-06  ,-1.701463780046e-02  ,-9.623616626898e-03  
  8.402158725500e-06  ,3.388319358511e-02  ,3.927306085351e-02  
  8.404053035617e-06  ,6.349304184061e-02  ,6.768635483940e-02  
  8.406448397279e-06  ,1.005997825817e-01  ,1.032588529586e-01  
  8.409563112497e-06  ,1.479674163735e-01  ,1.486182587512e-01  
  8.415792542934e-06  ,2.380160963101e-01  ,2.346500873317e-01  
  8.420888740063e-06  ,3.050707297674e-01  ,2.985130727450e-01  
  8.426244962454e-06  ,3.671075368955e-01  ,3.573663441334e-01  
  8.429414439440e-06  ,3.990339316978e-01  ,3.875175942969e-01  
  8.432390201330e-06  ,4.254163873583e-01  ,4.123221453457e-01  
  8.433350022376e-06  ,4.331437178017e-01  ,4.195646328863e-01  
  8.435269664466e-06  ,4.474103012118e-01  ,4.328985961266e-01  
  8.439108948648e-06  ,4.710173307242e-01  ,4.548000399105e-01  
  8.446787517011e-06  ,4.974557910781e-01  ,4.785584654321e-01  
  8.453880469739e-06  ,4.962891754006e-01  ,4.758899153729e-01  
  8.461310188711e-06  ,4.687675959218e-01  ,4.479079286380e-01  
  8.470747094095e-06  ,3.974998675707e-01  ,3.777142401538e-01  
  8.479303340852e-06  ,3.026746849869e-01  ,2.853723087238e-01  
  8.483883957803e-06  ,2.424725529057e-01  ,2.270307300731e-01  
  8.485242757440e-06  ,2.235910732009e-01  ,2.087659541752e-01  
  8.487251061440e-06  ,1.949484904802e-01  ,1.810828577350e-01  
  8.489443394780e-06  ,1.627996669334e-01  ,1.500417967821e-01  
  8.493828061461e-06  ,9.634224315072e-02  ,8.596677998651e-02  
  8.498195591807e-06  ,2.832840001501e-02  ,2.050371697127e-02  
  8.502205494285e-06  ,-3.461611031338e-02  ,-3.997747908899e-02  
  8.504459667444e-06  ,-6.982333771274e-02  ,-7.376074071442e-02  
  8.507297221065e-06  ,-1.136230988780e-01  ,-1.157393761570e-01  
  8.510436523199e-06  ,-1.610150542489e-01  ,-1.611032036174e-01  
  8.516715127468e-06  ,-2.506589462985e-01  ,-2.467038238137e-01  
  8.521450716496e-06  ,-3.120167885927e-01  ,-3.051109013505e-01  
  8.526599067688e-06  ,-3.708610642060e-01  ,-3.609068718247e-01  
  8.529305863619e-06  ,-3.980039302948e-01  ,-3.865371736081e-01  
  8.532127025962e-06  ,-4.232297438578e-01  ,-4.102661910499e-01  
  8.533192086458e-06  ,-4.318990920516e-01  ,-4.183954402105e-01  
  8.535036850214e-06  ,-4.457657521785e-01  ,-4.313617308776e-01  
  8.538726377726e-06  ,-4.689671093591e-01  ,-4.529094662264e-01  
  8.546105432749e-06  ,-4.962621977264e-01  ,-4.775600899648e-01  
  8.553155172110e-06  ,-4.975456853256e-01  ,-4.772532262597e-01  
  8.560394901276e-06  ,-4.735748509803e-01  ,-4.527037348830e-01  
  8.570116418839e-06  ,-4.034309095498e-01  ,-3.835115660276e-01  
  8.578879791737e-06  ,-3.079433300405e-01  ,-2.904831550259e-01  
  8.583624321461e-06  ,-2.460311533564e-01  ,-2.304727752475e-01  
  8.586469325662e-06  ,-2.061962263951e-01  ,-1.919462745934e-01  
  8.587512406945e-06  ,-1.911616487657e-01  ,-1.774209422665e-01  
  8.589223991573e-06  ,-1.660543507971e-01  ,-1.531799025810e-01  
  8.592647160828e-06  ,-1.144737152498e-01  ,-1.034335100360e-01  
  8.599493499339e-06  ,-7.955758043995e-03  ,-9.168492508330e-04  
  8.603469129145e-06  ,5.438514000652e-02  ,5.895439657337e-02  
  8.605641718447e-06  ,8.815665080438e-02  ,9.134125524777e-02  
  8.607731233776e-06  ,1.202514243988e-01  ,1.220893708913e-01  
  8.611910264432e-06  ,1.827509681320e-01  ,1.818855880273e-01  
  8.617369304836e-06  ,2.594966533937e-01  ,2.551287114365e-01  
  8.622933398426e-06  ,3.298704619289e-01  ,3.220691387466e-01  
  8.628295581281e-06  ,3.881995155952e-01  ,3.772814351362e-01  
  8.631015415728e-06  ,4.136763469510e-01  ,4.012864559712e-01  
  8.632290955126e-06  ,4.245951885221e-01  ,4.115432308932e-01  
  8.634074251592e-06  ,4.387140366254e-01  ,4.247704795469e-01  
  8.637097697198e-06  ,4.594846231957e-01  ,4.441292825842e-01  
  8.643144588411e-06  ,4.884487898291e-01  ,4.706917087067e-01  
  8.649786035955e-06  ,4.999887041292e-01  ,4.803316474316e-01  
  8.657445232809e-06  ,4.863850690833e-01  ,4.656158432543e-01  
  8.669902603567e-06  ,4.054058546273e-01  ,3.854466959923e-01  
  8.680379610002e-06  ,2.890477539378e-01  ,2.721218444637e-01  
  8.685377459466e-06  ,2.216965299788e-01  ,2.068917158956e-01  
  8.686881545424e-06  ,2.002802141880e-01  ,1.861957475933e-01  
  8.688812735915e-06  ,1.721336491266e-01  ,1.590183590784e-01  
  8.691821652889e-06  ,1.270564341511e-01  ,1.155393442495e-01  
  8.697839486837e-06  ,3.391120951727e-02  ,2.585218434001e-02  
  8.701864290476e-06  ,-2.926746711826e-02  ,-3.485879894919e-02  
  8.704989809036e-06  ,-7.805912007173e-02  ,-8.167541918739e-02  
  8.708320591092e-06  ,-1.292161776352e-01  ,-1.306878380604e-01  
  8.711668509483e-06  ,-1.792109987286e-01  ,-1.785131331796e-01  
  8.718364346266e-06  ,-2.727279465624e-01  ,-2.677525732389e-01  
  8.723266083241e-06  ,-3.337795271355e-01  ,-3.257939323622e-01  
  8.728579092264e-06  ,-3.909907862318e-01  ,-3.799423638612e-01  
  8.731324631214e-06  ,-4.163849602807e-01  ,-4.038582346570e-01  
  8.732546526432e-06  ,-4.267014871208e-01  ,-4.135425320524e-01  
  8.734300393105e-06  ,-4.404069810656e-01  ,-4.263734867699e-01  
  8.737546983600e-06  ,-4.622216896928e-01  ,-4.466831885932e-01  
  8.744040164590e-06  ,-4.912614539463e-01  ,-4.732100585315e-01  
  8.750795606017e-06  ,-4.998438243716e-01  ,-4.799769125817e-01  
  8.758323672652e-06  ,-4.830021665933e-01  ,-4.621855102028e-01  
  8.769691768527e-06  ,-4.073353611133e-01  ,-3.873356439582e-01  
  8.779525044799e-06  ,-2.998954216027e-01  ,-2.826534010212e-01  
  8.784804526210e-06  ,-2.297267836730e-01  ,-2.146811391899e-01  
  8.786265771329e-06  ,-2.091048638139e-01  ,-1.947444948639e-01  
  8.788676406682e-06  ,-1.741426152999e-01  ,-1.609758458572e-01  
  8.790958892047e-06  ,-1.401155194802e-01  ,-1.281451629802e-01  
  8.795523862779e-06  ,-7.007950003718e-02  ,-6.066519325441e-02  
  8.798935856164e-06  ,-1.671241882241e-02  ,-9.328425530220e-03  
  8.802161212504e-06  ,3.392216944229e-02  ,3.931365657981e-02  
  8.804015289485e-06  ,6.290488243381e-02  ,6.712452155026e-02  
  8.806349183857e-06  ,9.907272530500e-02  ,1.017971147935e-01  
  8.809432979167e-06  ,1.460136160634e-01  ,1.467497540594e-01  
  8.815600569785e-06  ,2.353598626894e-01  ,2.321272655995e-01  
  8.821254070342e-06  ,3.095971827569e-01  ,3.028098129853e-01  
  8.827256258070e-06  ,3.777053256906e-01  ,3.673669825913e-01  
  8.830370973289e-06  ,4.079061111170e-01  ,3.958563980152e-01  
  8.833086337388e-06  ,4.310597836327e-01  ,4.176060421847e-01  
  8.834525603294e-06  ,4.420708620366e-01  ,4.279094858440e-01  
  8.836457538843e-06  ,4.554267618083e-01  ,4.403598510470e-01  
  8.840321409941e-06  ,4.770641227745e-01  ,4.603547571782e-01  
  8.848049152136e-06  ,4.990612485647e-01  ,4.798237758977e-01  
  8.855936336756e-06  ,4.913300279572e-01  ,4.706862647315e-01  
  8.866478908300e-06  ,4.344798111053e-01  ,4.139766142546e-01  
  8.876395631075e-06  ,3.377170141296e-01  ,3.194091636711e-01  
  8.884454179049e-06  ,2.346007581920e-01  ,2.193953181527e-01  
  8.888901430607e-06  ,1.708249343944e-01  ,1.577615569043e-01  
  8.889807607472e-06  ,1.573798403441e-01  ,1.447872793816e-01  
  8.890845287085e-06  ,1.418276256377e-01  ,1.297865384612e-01  
  8.892920646310e-06  ,1.102877459624e-01  ,9.938288192877e-02  
  8.897071364760e-06  ,4.593801931551e-02  ,3.743282507654e-02  
  8.900533649564e-06  ,-8.382155073337e-03  ,-1.478596941959e-02  
  8.904836359859e-06  ,-7.567740332124e-02  ,-7.937433702303e-02  
  8.907632562757e-06  ,-1.187464209195e-01  ,-1.206462649342e-01  
  8.910547974944e-06  ,-1.626714840757e-01  ,-1.626876849502e-01  
  8.916378799319e-06  ,-2.460738279800e-01  ,-2.423325736830e-01  
  8.920955690980e-06  ,-3.059032786863e-01  ,-2.992994474606e-01  
  8.926055613399e-06  ,-3.650817591295e-01  ,-3.554394168596e-01  
  8.929099175572e-06  ,-3.960304019834e-01  ,-3.846768855953e-01  
  8.932137522340e-06  ,-4.233175099710e-01  ,-4.103446273270e-01  
  8.933031778276e-06  ,-4.306248982037e-01  ,-4.171975970021e-01  
  8.934820290148e-06  ,-4.442146100497e-01  ,-4.299101195689e-01  
  8.938397313893e-06  ,-4.671494313815e-01  ,-4.512264587928e-01  
  8.945551361382e-06  ,-4.951248610810e-01  ,-4.765929042172e-01  
  8.952536280692e-06  ,-4.984136295894e-01  ,-4.782391215899e-01  
  8.959844555199e-06  ,-4.762771183116e-01  ,-4.554203042029e-01  
  8.969898368657e-06  ,-4.054447867258e-01  ,-3.854858962226e-01  
  8.978897179902e-06  ,-3.077281007017e-01  ,-2.902744913994e-01  
  8.983772094786e-06  ,-2.440077498843e-01  ,-2.285139668636e-01  
  8.986620079219e-06  ,-2.040366304862e-01  ,-1.898586151931e-01  
  8.987680855632e-06  ,-1.887140168481e-01  ,-1.750561477460e-01  
  8.989390391350e-06  ,-1.635866479452e-01  ,-1.507976439010e-01  
  8.992809462786e-06  ,-1.119905207845e-01  ,-1.010399563452e-01  
  8.999647605658e-06  ,-5.535284315169e-03  ,1.409558868515e-03  
  9.003623235464e-06  ,5.679082743191e-02  ,6.126274802076e-02  
  9.006071496248e-06  ,9.479358798126e-02  ,9.770296036705e-02  
  9.008328649640e-06  ,1.293384567498e-01  ,1.307908268653e-01  
  9.012842956424e-06  ,1.963075887718e-01  ,1.948389673708e-01  
  9.018059852958e-06  ,2.687067335450e-01  ,2.639014586528e-01  
  9.023723784328e-06  ,3.390978674871e-01  ,3.308221617667e-01  
  9.029000285506e-06  ,3.950802548896e-01  ,3.837727919904e-01  
  9.031743216753e-06  ,4.199889697270e-01  ,4.072222175405e-01  
  9.032964553177e-06  ,4.300873137798e-01  ,4.166969209997e-01  
  9.034650619566e-06  ,4.429849515505e-01  ,4.287649500107e-01  
  9.038022752345e-06  ,4.650196893087e-01  ,4.492611117347e-01  
  9.044767017901e-06  ,4.932584479613e-01  ,4.749641899688e-01  
  9.051807071507e-06  ,4.991944847150e-01  ,4.791291506545e-01  
  9.059212948620e-06  ,4.792028829493e-01  ,4.583506123718e-01  
  9.069749559700e-06  ,4.068082458862e-01  ,3.868183692073e-01  
  9.079070236027e-06  ,3.055810311884e-01  ,2.881886976733e-01  
  9.084105338395e-06  ,2.394255384389e-01  ,2.240778021276e-01  
  9.086685474455e-06  ,2.030983954426e-01  ,1.889506427234e-01  
  9.088411960244e-06  ,1.780303933969e-01  ,1.647378186399e-01  
  9.090754050255e-06  ,1.432013214050e-01  ,1.311297132368e-01  
  9.095438230276e-06  ,7.141107945920e-02  ,6.195328219236e-02  
  9.099037233233e-06  ,1.512079925676e-02  ,7.802684046305e-03  
  9.102308410645e-06  ,-3.622865404010e-02  ,-4.152501523915e-02  
  9.104197132826e-06  ,-6.573753329553e-02  ,-6.983939832400e-02  
  9.106459129095e-06  ,-1.007649045246e-01  ,-1.034168215050e-01  
  9.109839830041e-06  ,-1.521137464423e-01  ,-1.525853034807e-01  
  9.115623715758e-06  ,-2.356805773814e-01  ,-2.324300103445e-01  
  9.121400895953e-06  ,-3.114049011758e-01  ,-3.045259195705e-01  
  9.127241406083e-06  ,-3.775524179902e-01  ,-3.672211498056e-01  
  9.130311417818e-06  ,-4.073643848339e-01  ,-3.953451659786e-01  
  9.133002195001e-06  ,-4.303885637124e-01  ,-4.169758394517e-01  
  9.134431961417e-06  ,-4.413817071226e-01  ,-4.272644523107e-01  
  9.136346388102e-06  ,-4.547033804162e-01  ,-4.396861816071e-01  
  9.140175241470e-06  ,-4.763716743772e-01  ,-4.597194866133e-01  
  9.147832948208e-06  ,-4.988417279203e-01  ,-4.796597410006e-01  
  9.155687350273e-06  ,-4.920401657392e-01  ,-4.714211228468e-01  
  9.165726262569e-06  ,-4.402085849034e-01  ,-4.196180903759e-01  
  9.175285357475e-06  ,-3.503697014680e-01  ,-3.317237705043e-01  
  9.184637326241e-06  ,-2.320563511247e-01  ,-2.169588253975e-01  
  9.189100969076e-06  ,-1.678758562028e-01  ,-1.549363503231e-01  
  9.190069544554e-06  ,-1.534691919772e-01  ,-1.410338707119e-01  
  9.191028806806e-06  ,-1.390609666683e-01  ,-1.271362989818e-01  
  9.192947331309e-06  ,-1.098788643862e-01  ,-9.900398808422e-02  
  9.196784380317e-06  ,-5.042496599990e-02  ,-4.176007792752e-02  
  9.200100633740e-06  ,1.580748464927e-03  ,8.243281470010e-03  
  9.204641762614e-06  ,7.265449660183e-02  ,7.647102598270e-02  
  9.207173469901e-06  ,1.117292232677e-01  ,1.139223203917e-01  
  9.209839660168e-06  ,1.521112045595e-01  ,1.525851251012e-01  
  9.215172040701e-06  ,2.293997867151e-01  ,2.264338484114e-01  
  9.219990331173e-06  ,2.937697410464e-01  ,2.877667897461e-01  
  9.225127506495e-06  ,3.549667913392e-01  ,3.458687903995e-01  
  9.228289905429e-06  ,3.881433195489e-01  ,3.772403982308e-01  
  9.230997446418e-06  ,4.135177397569e-01  ,4.011471273117e-01  
  9.232079084456e-06  ,4.228282930067e-01  ,4.098938100641e-01  
  9.233702193439e-06  ,4.358805846147e-01  ,4.221271754611e-01  
  9.236864592373e-06  ,4.580284386053e-01  ,4.427830551645e-01  
  9.243189390242e-06  ,4.885987020267e-01  ,4.708299595379e-01  
  9.249451603234e-06  ,4.999257974582e-01  ,4.803460232544e-01  
  9.257028843701e-06  ,4.878593452267e-01  ,4.671201281774e-01  
  9.271696056664e-06  ,3.882822849760e-01  ,3.686945963052e-01  
  9.284122134984e-06  ,2.391938808196e-01  ,2.238043706940e-01  
  9.289926137269e-06  ,1.556115274411e-01  ,1.430393648768e-01  
  9.291227567434e-06  ,1.360593314737e-01  ,1.241854899191e-01  
  9.292517821729e-06  ,1.164504554293e-01  ,1.052879678437e-01  
  9.295098330319e-06  ,7.669130891208e-02  ,6.699777398005e-02  
  9.299106742680e-06  ,1.402941163073e-02  ,6.728039345087e-03  
  9.302514638245e-06  ,-3.945877190504e-02  ,-4.464812917365e-02  
  9.304190273821e-06  ,-6.563072602748e-02  ,-6.975920785795e-02  
  9.306509639561e-06  ,-1.015419148617e-01  ,-1.041802708174e-01  
  9.310134347022e-06  ,-1.565141468030e-01  ,-1.568103850394e-01  
  9.315992738545e-06  ,-2.407768769049e-01  ,-2.372996367383e-01  
  9.320818479598e-06  ,-3.041955746336e-01  ,-2.976926106962e-01  
  9.326085295022e-06  ,-3.654001678341e-01  ,-3.557586582991e-01  
  9.329190324485e-06  ,-3.969027861400e-01  ,-3.855142171686e-01  
  9.332264434040e-06  ,-4.243750442862e-01  ,-4.113496103940e-01  
  9.333144720137e-06  ,-4.315237442375e-01  ,-4.180514484409e-01  
  9.334905292332e-06  ,-4.448259055843e-01  ,-4.304908132450e-01  
  9.338426436722e-06  ,-4.673123162033e-01  ,-4.513842475557e-01  
  9.345468725502e-06  ,-4.949423709919e-01  ,-4.764387387905e-01  
  9.352579559624e-06  ,-4.983590581107e-01  ,-4.781790041803e-01  
  9.359908695757e-06  ,-4.759694945881e-01  ,-4.551126400468e-01  
  9.369931216776e-06  ,-4.051426215344e-01  ,-3.851904212336e-01  
  9.378912146628e-06  ,-3.075427702015e-01  ,-2.900947012985e-01  
  9.383774395525e-06  ,-2.439762050540e-01  ,-2.284835205340e-01  
  9.386591087520e-06  ,-2.044523033561e-01  ,-1.902604436590e-01  
  9.387645717204e-06  ,-1.892250318487e-01  ,-1.755498539499e-01  
  9.389364752412e-06  ,-1.639671655262e-01  ,-1.511650100755e-01  
  9.392802822828e-06  ,-1.120921686515e-01  ,-1.011379826914e-01  
  9.399678963661e-06  ,-5.042741524899e-03  ,1.893377356887e-03  
  9.403970498085e-06  ,6.220682910119e-02  ,6.646978895003e-02  
  9.406411308289e-06  ,1.000290357832e-01  ,1.027307971925e-01  
  9.408928859472e-06  ,1.384221034541e-01  ,1.394947861165e-01  
  9.413963961840e-06  ,2.123772994336e-01  ,2.101909666280e-01  
  9.419218111277e-06  ,2.838687164717e-01  ,2.783394003332e-01  
  9.425115990877e-06  ,3.548393751468e-01  ,3.457443527025e-01  
  9.428609195590e-06  ,3.912853469154e-01  ,3.802040274466e-01  
  9.431515294552e-06  ,4.180355331157e-01  ,4.053934984155e-01  
  9.432631018996e-06  ,4.273917915303e-01  ,4.141755353433e-01  
  9.434290635824e-06  ,4.403343941940e-01  ,4.262931373119e-01  
  9.437609869480e-06  ,4.625974581202e-01  ,4.470218835662e-01  
  9.444248336792e-06  ,4.918596200566e-01  ,4.737346221618e-01  
  9.451003033161e-06  ,4.997517813551e-01  ,4.798404359794e-01  
  9.458461064339e-06  ,4.824397331326e-01  ,4.616153062699e-01  
  9.469739753246e-06  ,4.068977853965e-01  ,3.869065079095e-01  
  9.479495543480e-06  ,3.002660899285e-01  ,2.830212681697e-01  
  9.484737026930e-06  ,2.306680056841e-01  ,2.155974884626e-01  
  9.486182067037e-06  ,2.102984604456e-01  ,1.959034043946e-01  
  9.488626230001e-06  ,1.748812234423e-01  ,1.616931867762e-01  
  9.490875560284e-06  ,1.413715630411e-01  ,1.293600203119e-01  
  9.495374220848e-06  ,7.240608456401e-02  ,6.290729691557e-02  
  9.498803350568e-06  ,1.879249802975e-02  ,1.132985261489e-02  
  9.502026844263e-06  ,-3.181608518202e-02  ,-3.729035354157e-02  
  9.503893959761e-06  ,-6.101373027495e-02  ,-6.530946866060e-02  
  9.506338867784e-06  ,-9.891388851189e-02  ,-1.016445866677e-01  
  9.509200635791e-06  ,-1.425192039437e-01  ,-1.434055472807e-01  
  9.514924171805e-06  ,-2.259333231232e-01  ,-2.231321269088e-01  
  9.520358625293e-06  ,-2.984312908210e-01  ,-2.921941619056e-01  
  9.526541117072e-06  ,-3.702499143727e-01  ,-3.603182178354e-01  
  9.530196744442e-06  ,-4.063172823575e-01  ,-3.943621468555e-01  
  9.533548760653e-06  ,-4.346947344135e-01  ,-4.210085676877e-01  
  9.535545888782e-06  ,-4.493304378153e-01  ,-4.346824974554e-01  
  9.538146141410e-06  ,-4.657284011315e-01  ,-4.499135650960e-01  
  9.543346646667e-06  ,-4.891172371928e-01  ,-4.712924752081e-01  
  9.551914814353e-06  ,-4.990955967107e-01  ,-4.790137610436e-01  
  9.559673848987e-06  ,-4.770864144446e-01  ,-4.562251656386e-01  
  9.570027175784e-06  ,-4.042574382503e-01  ,-3.843221968754e-01  
  9.579301658511e-06  ,-3.026957187212e-01  ,-2.853883036440e-01  
  9.584270450711e-06  ,-2.371454352795e-01  ,-2.218713106919e-01  
  9.585675257683e-06  ,-2.174940461149e-01  ,-2.028661693458e-01  
  9.587712246418e-06  ,-1.882573089637e-01  ,-1.746155046212e-01  
  9.589979085565e-06  ,-1.548209079272e-01  ,-1.423403188269e-01  
  9.594512763858e-06  ,-8.576703451738e-02  ,-7.577958419045e-02  
  9.598386320710e-06  ,-2.533675915037e-02  ,-1.762721359163e-02  
  9.601774844766e-06  ,2.786475256833e-02  ,3.349300999186e-02  
  9.603966060519e-06  ,6.213766495462e-02  ,6.638575096348e-02  
  9.606751087546e-06  ,1.052525803242e-01  ,1.077179113459e-01  
  9.609476137400e-06  ,1.466618587181e-01  ,1.473702694788e-01  
  9.614926237106e-06  ,2.259622633922e-01  ,2.231520651699e-01  
  9.620418805122e-06  ,2.991892143539e-01  ,2.929102777946e-01  
  9.626464206219e-06  ,3.694369142185e-01  ,3.595462252313e-01  
  9.630106795073e-06  ,4.054922478741e-01  ,3.935828637005e-01  
  9.633448752999e-06  ,4.339163572224e-01  ,4.202778810163e-01  
  9.634629856288e-06  ,4.428336081753e-01  ,4.286180143596e-01  
  9.636607240379e-06  ,4.563922582111e-01  ,4.412537314797e-01  
  9.640562008560e-06  ,4.781820039903e-01  ,4.613754107781e-01  
  9.648471544921e-06  ,4.994236826893e-01  ,4.800785409749e-01  
  9.656342338264e-06  ,4.901076092412e-01  ,4.694254095739e-01  
  9.667814742267e-06  ,4.237160715895e-01  ,4.033958898095e-01  
  9.678098033607e-06  ,3.175239654802e-01  ,2.997683224051e-01  
  9.683862547815e-06  ,2.427666137755e-01  ,2.272826097424e-01  
  9.689419190824e-06  ,1.631590970486e-01  ,1.503683198382e-01  
  9.690494682133e-06  ,1.471000006845e-01  ,1.348757518221e-01  
  9.691553037107e-06  ,1.311327646705e-01  ,1.194790152550e-01  
  9.693669747055e-06  ,9.878123771769e-02  ,8.830156158837e-02  
  9.697903166950e-06  ,3.291316070316e-02  ,2.490854991812e-02  
  9.701635907829e-06  ,-2.568546943631e-02  ,-3.140279557173e-02  
  9.704300980508e-06  ,-6.735425618638e-02  ,-7.139143454073e-02  
  9.707137416542e-06  ,-1.111771472683e-01  ,-1.133942712339e-01  
  9.709960441530e-06  ,-1.539174076741e-01  ,-1.543129497561e-01  
  9.715606491506e-06  ,-2.354419269593e-01  ,-2.321947186408e-01  
  9.720384548843e-06  ,-2.987579110328e-01  ,-2.925082313124e-01  
  9.725515763700e-06  ,-3.592354237229e-01  ,-3.499117689106e-01  
  9.728602166712e-06  ,-3.912166007381e-01  ,-3.801414093919e-01  
  9.731703843415e-06  ,-4.196530512939e-01  ,-4.069146598088e-01  
  9.732754002750e-06  ,-4.283911861092e-01  ,-4.151141486520e-01  
  9.734456646681e-06  ,-4.415637486747e-01  ,-4.274433410795e-01  
  9.737861934543e-06  ,-4.640855106591e-01  ,-4.484010648916e-01  
  9.744672510266e-06  ,-4.930133181057e-01  ,-4.747518450717e-01  
  9.751501712441e-06  ,-4.994436696433e-01  ,-4.794361684475e-01  
  9.758906844497e-06  ,-4.805530290834e-01  ,-4.597110487915e-01  
  9.769722107291e-06  ,-4.070588075370e-01  ,-3.870639565820e-01  
  9.779202226043e-06  ,-3.039373849610e-01  ,-2.865862199172e-01  
  9.784316304564e-06  ,-2.365110860718e-01  ,-2.212525750985e-01  
  9.786734763026e-06  ,-2.023906783392e-01  ,-1.882625592236e-01  
  9.788547116756e-06  ,-1.760448986506e-01  ,-1.628172485011e-01  
  9.790914166212e-06  ,-1.407897832857e-01  ,-1.288009465580e-01  
  9.795648265123e-06  ,-6.814415128432e-02  ,-5.880653814254e-02  
  9.799106824636e-06  ,-1.402812476952e-02  ,-6.751231163267e-03  
  9.802379119635e-06  ,3.733633851863e-02  ,4.258901484223e-02  
  9.804252940655e-06  ,6.660644955847e-02  ,7.067319727777e-02  
  9.806440431118e-06  ,1.004772061905e-01  ,1.031411675857e-01  
  9.809953379869e-06  ,1.538118660912e-01  ,1.542099327638e-01  
  9.815782714129e-06  ,2.378803096396e-01  ,2.345280026129e-01  
  9.821615028620e-06  ,3.140294164811e-01  ,3.070194889199e-01  
  9.827429461718e-06  ,3.794824531277e-01  ,3.690449229577e-01  
  9.830448436975e-06  ,4.086085966359e-01  ,3.965161952646e-01  
  9.832980144262e-06  ,4.302121632265e-01  ,4.168101393452e-01  
  9.834474171937e-06  ,4.416928275388e-01  ,4.275548476118e-01  
  9.836403499782e-06  ,4.550757626610e-01  ,4.400322464596e-01  
  9.840262155473e-06  ,4.767846263706e-01  ,4.600957008688e-01  
  9.847979466856e-06  ,4.989930083229e-01  ,4.797719849709e-01  
  9.855829398572e-06  ,4.916387134714e-01  ,4.710047807843e-01  
  9.866200606763e-06  ,4.366265833365e-01  ,4.160894911814e-01  
  9.875978748739e-06  ,3.425168166217e-01  ,3.240793814924e-01  
  9.885309855878e-06  ,2.226478523620e-01  ,2.078577866604e-01  
  9.889202784240e-06  ,1.663685301755e-01  ,1.534827839215e-01  
  9.890008657664e-06  ,1.543791532380e-01  ,1.419131376413e-01  
  9.890963263303e-06  ,1.400496058061e-01  ,1.280910157356e-01  
  9.892872474581e-06  ,1.110256620406e-01  ,1.001103416960e-01  
  9.896690897137e-06  ,5.188569021958e-02  ,4.316635342267e-02  
  9.899992249399e-06  ,1.217461477395e-04  ,-6.606777469039e-03  
  9.904656312853e-06  ,-7.288061781607e-02  ,-7.668803218068e-02  
  9.907222292811e-06  ,-1.124766075543e-01  ,-1.146388763736e-01  
  9.909877307206e-06  ,-1.526744265680e-01  ,-1.531246839268e-01  
  9.915187335998e-06  ,-2.296132389814e-01  ,-2.266383872217e-01  
  9.919974334031e-06  ,-2.935663672777e-01  ,-2.875738348380e-01  
  9.925097353250e-06  ,-3.546330580583e-01  ,-3.455528562081e-01  
  9.928258634597e-06  ,-3.878334889195e-01  ,-3.769480184194e-01  
  9.930951646954e-06  ,-4.131128921807e-01  ,-4.007664404885e-01  
  9.932035892695e-06  ,-4.224657940557e-01  ,-4.095535262707e-01  
  9.933655648917e-06  ,-4.355219205181e-01  ,-4.217914837692e-01  
  9.936786010355e-06  ,-4.575320038975e-01  ,-4.423219194962e-01  
  9.943046733230e-06  ,-4.881179904448e-01  ,-4.703987131624e-01  
  9.949279143900e-06  ,-4.998717910483e-01  ,-4.803318121098e-01  
  9.956871285528e-06  ,-4.883954415864e-01  ,-4.676682519349e-01  
  9.970973744482e-06  ,-3.953301473265e-01  ,-3.755837720469e-01  
  9.983428135008e-06  ,-2.487092590123e-01  ,-2.330191110133e-01  
  9.989185198635e-06  ,-1.666289989020e-01  ,-1.536772038535e-01  
  9.990468002349e-06  ,-1.475004869545e-01  ,-1.352254569633e-01  
  9.991739816457e-06  ,-1.282992999861e-01  ,-1.167142955838e-01  
  9.994283444673e-06  ,-8.931352524195e-02  ,-7.915543661563e-02  
  9.999370701104e-06  ,-9.884360018093e-03  ,-2.751507202366e-03  
  1.000317645767e-05  ,4.981290885567e-02  ,5.457664531842e-02  
  1.000495099971e-05  ,7.745692156148e-02  ,8.108803709895e-02  
  1.000691199252e-05  ,1.077220803748e-01  ,1.100920789122e-01  
  1.001083397815e-05  ,1.669129773144e-01  ,1.667454311229e-01  
  1.001702317545e-05  ,2.548339841303e-01  ,2.506884854049e-01  
  1.002173641273e-05  ,3.155108562492e-01  ,3.084343879350e-01  
  1.002692872235e-05  ,3.743141727142e-01  ,3.641734946267e-01  
  1.002961316654e-05  ,4.009071165792e-01  ,3.892745618406e-01  
  1.003226445565e-05  ,4.243752237573e-01  ,4.113370371749e-01  
  1.003425078043e-05  ,4.400374702871e-01  ,4.260074987686e-01  
  1.003663459370e-05  ,4.565675826344e-01  ,4.414189304710e-01  
  1.004140222022e-05  ,4.818711462130e-01  ,4.647455290522e-01  
  1.004840874621e-05  ,4.993753622772e-01  ,4.800452408831e-01  
  1.005635255525e-05  ,4.900758178659e-01  ,4.693923585551e-01  
  1.006797993132e-05  ,4.223327918094e-01  ,4.020374571180e-01  
  1.007829153487e-05  ,3.151701738131e-01  ,2.974808382946e-01  
  1.008402326652e-05  ,2.405565091880e-01  ,2.251424520560e-01  
  1.008948007175e-05  ,1.622548324899e-01  ,1.494946396167e-01  
  1.009036445567e-05  ,1.490538266738e-01  ,1.367593286340e-01  
  1.009128488177e-05  ,1.351927935610e-01  ,1.233925645376e-01  
  1.009312573397e-05  ,1.071433151758e-01  ,9.635705595962e-02  
  1.009680743837e-05  ,5.006460428940e-02  ,4.140577665648e-02  
  1.010008308613e-05  ,-1.305112443416e-03  ,-7.983694535066e-03  
  1.010450351560e-05  ,-7.050528755009e-02  ,-7.441200942744e-02  
  1.010700691068e-05  ,-1.091775565604e-01  ,-1.114783081842e-01  
  1.010959300721e-05  ,-1.484159024616e-01  ,-1.490497649946e-01  
  1.011476520026e-05  ,-2.237028708713e-01  ,-2.209976648343e-01  
  1.012012738311e-05  ,-2.955090542771e-01  ,-2.894112702458e-01  
  1.012515503490e-05  ,-3.552711950021e-01  ,-3.461472196841e-01  
  1.012834127569e-05  ,-3.886514815601e-01  ,-3.777118282872e-01  
  1.013109799051e-05  ,-4.144035025969e-01  ,-4.019730701258e-01  
  1.013217534447e-05  ,-4.236333801943e-01  ,-4.106431874901e-01  
  1.013380795294e-05  ,-4.366920832529e-01  ,-4.228811170926e-01  
  1.013703368181e-05  ,-4.590871759870e-01  ,-4.437620242617e-01  
  1.014348513955e-05  ,-4.895640158408e-01  ,-4.716915429479e-01  
  1.014981813306e-05  ,-4.999918389487e-01  ,-4.803281191633e-01  
  1.015736259097e-05  ,-4.866843008157e-01  ,-4.659206794104e-01  
  1.017015374774e-05  ,-4.030842452059e-01  ,-3.831737272190e-01  
  1.018076039428e-05  ,-2.841465953155e-01  ,-2.673658636995e-01  
  1.018580369228e-05  ,-2.156756992269e-01  ,-2.010661555801e-01  
  1.018733888441e-05  ,-1.936774073538e-01  ,-1.798127245423e-01  
  1.018908939832e-05  ,-1.680470473867e-01  ,-1.550697176139e-01  
  1.019244886512e-05  ,-1.175035626976e-01  ,-1.063305499990e-01  
  1.019916779870e-05  ,-1.307069833313e-02  ,-5.820989000317e-03  
  1.020311511630e-05  ,4.885406256480e-02  ,5.365482472251e-02  
  1.020522474819e-05  ,8.170212595101e-02  ,8.515993085953e-02  
  1.020748860711e-05  ,1.165486599904e-01  ,1.185481572868e-01  
  1.021201632494e-05  ,1.843006761192e-01  ,1.833711929637e-01  
  1.021762810224e-05  ,2.629628662398e-01  ,2.584456389121e-01  
  1.022212303752e-05  ,3.201987571610e-01  ,3.128956246068e-01  
  1.022732428783e-05  ,3.784046703593e-01  ,3.680503181285e-01  
  1.022999159569e-05  ,4.044308868166e-01  ,3.926069171399e-01  
  1.023256502622e-05  ,4.268528876959e-01  ,4.136804598132e-01  
  1.023399181241e-05  ,4.380913669978e-01  ,4.242054672629e-01  
  1.023583955640e-05  ,4.513347167159e-01  ,4.365654396937e-01  
  1.023953504437e-05  ,4.732207013623e-01  ,4.568366513217e-01  
  1.024692602032e-05  ,4.976702775366e-01  ,4.787376938807e-01  
  1.025457776660e-05  ,4.948382331369e-01  ,4.743484625032e-01  
  1.026274360293e-05  ,4.604619126236e-01  ,4.396422507957e-01  
  1.027276761407e-05  ,3.774595114855e-01  ,3.581317175383e-01  
  1.028361714953e-05  ,2.461292212605e-01  ,2.305744575444e-01  
  1.028970501894e-05  ,1.589085691579e-01  ,1.462570045326e-01  
  1.029105599546e-05  ,1.386506875858e-01  ,1.267168512371e-01  
  1.029239654118e-05  ,1.183022875813e-01  ,1.071016744678e-01  
  1.029507763261e-05  ,7.701256441759e-02  ,6.732940164736e-02  
  1.029910467142e-05  ,1.406193408900e-02  ,6.774233785594e-03  
  1.030245743269e-05  ,-3.856292841194e-02  ,-4.377368466462e-02  
  1.030441283756e-05  ,-6.909486826008e-02  ,-7.306615655436e-02  
  1.030661858195e-05  ,-1.032169195244e-01  ,-1.057714633453e-01  
  1.031037292951e-05  ,-1.600690196885e-01  ,-1.601992839262e-01  
  1.031629390591e-05  ,-2.449121246325e-01  ,-2.412398323699e-01  
  1.032102949494e-05  ,-3.068194783389e-01  ,-3.001850033776e-01  
  1.032626129264e-05  ,-3.672816402169e-01  ,-3.575368030805e-01  
  1.032936483198e-05  ,-3.985639073048e-01  ,-3.870786125220e-01  
  1.033227093095e-05  ,-4.244290005663e-01  ,-4.113987549467e-01  
  1.033322367394e-05  ,-4.321488711554e-01  ,-4.186355991887e-01  
  1.033512915993e-05  ,-4.464206658309e-01  ,-4.319777569115e-01  
  1.033894013190e-05  ,-4.701210014551e-01  ,-4.539755806593e-01  
  1.034656207585e-05  ,-4.970865329161e-01  ,-4.782537297711e-01  
  1.035357456231e-05  ,-4.968505911245e-01  ,-4.764955358450e-01  
  1.036076139235e-05  ,-4.716967586560e-01  ,-4.508316575168e-01  
  1.037027578378e-05  ,-4.019470603732e-01  ,-3.820648109228e-01  
  1.037888865495e-05  ,-3.078336333939e-01  ,-2.903804648522e-01  
  1.038354824805e-05  ,-2.470707326176e-01  ,-2.314819618465e-01  
  1.038635637188e-05  ,-2.078112994240e-01  ,-1.935097296359e-01  
  1.038738250309e-05  ,-1.930455550987e-01  ,-1.792431044213e-01  
  1.038910321468e-05  ,-1.678426295347e-01  ,-1.549080231308e-01  
  1.039254463786e-05  ,-1.160407709117e-01  ,-1.049453143118e-01  
  1.039942748421e-05  ,-8.992572063644e-03  ,-1.914005017426e-03  
  1.040341801518e-05  ,5.358693763015e-02  ,5.818815742943e-02  
  1.040557384068e-05  ,8.710693297226e-02  ,9.033486471958e-02  
  1.040763057345e-05  ,1.187160667829e-01  ,1.206188525308e-01  
  1.041174403900e-05  ,1.803180822549e-01  ,1.795603499384e-01  
  1.041728503579e-05  ,2.583642795079e-01  ,2.540500132256e-01  
  1.042286775583e-05  ,3.290948878652e-01  ,3.213336342663e-01  
  1.042827240700e-05  ,3.879699916424e-01  ,3.770651583286e-01  
  1.043102874929e-05  ,4.137939512075e-01  ,4.013974259705e-01  
  1.043230652386e-05  ,4.247242829966e-01  ,4.116647272772e-01  
  1.043410472149e-05  ,4.389434335313e-01  ,4.249853278115e-01  
  1.043711103076e-05  ,4.595671723956e-01  ,4.442061353471e-01  
  1.044312364930e-05  ,4.883783932750e-01  ,4.706286517599e-01  
  1.044979936951e-05  ,4.999900681039e-01  ,4.803301359276e-01  
  1.045746750706e-05  ,4.863038568794e-01  ,4.655332257424e-01  
  1.046987570399e-05  ,4.056530240574e-01  ,3.856887174645e-01  
  1.048033035868e-05  ,2.896786723082e-01  ,2.727341747291e-01  
  1.048532075757e-05  ,2.224945108354e-01  ,2.076639386427e-01  
  1.048681962812e-05  ,2.011709944483e-01  ,1.870569995195e-01  
  1.048877801323e-05  ,1.726456285109e-01  ,1.595131386222e-01  
  1.049173924649e-05  ,1.283079532585e-01  ,1.167462776720e-01  
  1.049766171300e-05  ,3.669670110370e-02  ,2.853174578595e-02  
  1.050181913698e-05  ,-2.855938455199e-02  ,-3.417870885827e-02  
  1.050517562354e-05  ,-8.094075220304e-02  ,-8.443903001750e-02  
  1.050854961896e-05  ,-1.326881527702e-01  ,-1.340126107629e-01  
  1.051195639694e-05  ,-1.834252857045e-01  ,-1.825416185601e-01  
  1.051866638982e-05  ,-2.766921525276e-01  ,-2.715162956966e-01  
  1.052367765033e-05  ,-3.385649642706e-01  ,-3.303237520565e-01  
  1.052905473435e-05  ,-3.956038779722e-01  ,-3.842873704720e-01  
  1.053187552416e-05  ,-4.211130558164e-01  ,-4.082940608792e-01  
  1.053306445056e-05  ,-4.308854778945e-01  ,-4.174597389348e-01  
  1.053480509245e-05  ,-4.441049814725e-01  ,-4.298237645518e-01  
  1.053828637624e-05  ,-4.665253731081e-01  ,-4.506632407089e-01  
  1.054524894381e-05  ,-4.944407825261e-01  ,-4.760008320682e-01  
  1.055232774043e-05  ,-4.986636651179e-01  ,-4.785088442700e-01  
  1.055967848325e-05  ,-4.770646250995e-01  ,-4.562096692312e-01  
  1.056985746646e-05  ,-4.058204366492e-01  ,-3.858580618234e-01  
  1.057894568467e-05  ,-3.071272273225e-01  ,-2.896945928252e-01  
  1.058386381292e-05  ,-2.427492408755e-01  ,-2.272982501943e-01  
  1.058662723327e-05  ,-2.039340321990e-01  ,-1.897613415533e-01  
  1.058834962124e-05  ,-1.789450949761e-01  ,-1.656237426831e-01  
  1.059062093073e-05  ,-1.452035049939e-01  ,-1.330631369358e-01  
  1.059516354972e-05  ,-7.567880727591e-02  ,-6.606373185731e-02  
  1.059889107519e-05  ,-1.741542683203e-02  ,-1.000970937572e-02  
  1.060213245028e-05  ,3.347140071355e-02  ,3.887713484040e-02  
  1.060402974063e-05  ,6.313007037653e-02  ,6.733772507916e-02  
  1.060645266944e-05  ,1.006655163340e-01  ,1.033215614150e-01  
  1.060952305371e-05  ,1.473662422565e-01  ,1.480428178491e-01  
  1.061566382223e-05  ,2.362360046336e-01  ,2.329522229209e-01  
  1.062132253820e-05  ,3.104409816918e-01  ,3.036052278965e-01  
  1.062642916614e-05  ,3.690658012333e-01  ,3.592043083763e-01  
  1.062923095697e-05  ,3.972906303885e-01  ,3.858610368593e-01  
  1.063219926828e-05  ,4.238328703369e-01  ,4.108252424877e-01  
  1.063321664506e-05  ,4.320933268649e-01  ,4.185705968333e-01  
  1.063508860344e-05  ,4.461333900406e-01  ,4.316987316203e-01  
  1.063883252019e-05  ,4.695427363721e-01  ,4.534343851804e-01  
  1.064632035369e-05  ,4.966629076835e-01  ,4.778952418228e-01  
  1.065335519189e-05  ,4.972249402433e-01  ,4.769003022088e-01  
  1.066057927483e-05  ,4.726378558718e-01  ,4.517715389231e-01  
  1.067019052380e-05  ,4.027421727868e-01  ,3.828428756442e-01  
  1.067887939090e-05  ,3.079482905386e-01  ,2.904917186041e-01  
  1.068358145231e-05  ,2.466171538678e-01  ,2.310427754881e-01  
  1.068641900593e-05  ,2.069160464872e-01  ,1.926442455475e-01  
  1.068745538169e-05  ,1.919890407445e-01  ,1.782222840129e-01  
  1.068916845644e-05  ,1.668769282898e-01  ,1.539756828885e-01  
  1.069259460592e-05  ,1.152771622897e-01  ,1.042092023092e-01  
  1.069944690490e-05  ,8.687560369771e-03  ,1.620886268943e-03  
  1.070342551494e-05  ,-5.370406348144e-02  ,-5.830041967086e-02  
  1.070557612503e-05  ,-8.714226648224e-02  ,-9.036855569649e-02  
  1.070762913251e-05  ,-1.186940796394e-01  ,-1.205976497556e-01  
  1.071173514748e-05  ,-1.801878062255e-01  ,-1.794356671929e-01  
  1.071727539921e-05  ,-2.582346714457e-01  ,-2.539264187855e-01  
  1.072285588408e-05  ,-3.289544723051e-01  ,-3.212003056666e-01  
  1.072826053524e-05  ,-3.878523311312e-01  ,-3.769540544926e-01  
  1.073101985776e-05  ,-4.137155345285e-01  ,-4.013236549053e-01  
  1.073229893619e-05  ,-4.246613794290e-01  ,-4.116056702423e-01  
  1.073409992778e-05  ,-4.389073701125e-01  ,-4.249515776971e-01  
  1.073709580624e-05  ,-4.594729095894e-01  ,-4.441186249047e-01  
  1.074308756316e-05  ,-4.882565770117e-01  ,-4.705193314575e-01  
  1.074976328337e-05  ,-4.999861740404e-01  ,-4.803342686849e-01  
  1.075743589127e-05  ,-4.864190575572e-01  ,-4.656505057859e-01  
  1.076988879168e-05  ,-4.055328026929e-01  ,-3.855710543733e-01  
  1.078036877835e-05  ,-2.891865688149e-01  ,-2.722565374057e-01  
  1.078536811793e-05  ,-2.218280443895e-01  ,-2.070189411380e-01  
  1.078687220389e-05  ,-2.004146558969e-01  ,-1.863257017288e-01  
  1.078880972737e-05  ,-1.721780176547e-01  ,-1.590612501604e-01  
  1.079180858606e-05  ,-1.272549391720e-01  ,-1.157307497982e-01  
  1.079780630344e-05  ,-3.443123434865e-02  ,-2.635240800202e-02  
  1.080185420388e-05  ,2.910929743898e-02  ,3.470688781473e-02  
  1.080502032810e-05  ,7.853259839294e-02  ,8.212951209660e-02  
  1.080835632557e-05  ,1.297583436515e-01  ,1.312070415524e-01  
  1.081171169454e-05  ,1.798441131217e-01  ,1.791183865577e-01  
  1.081842243248e-05  ,2.734922240893e-01  ,2.684804525131e-01  
  1.082334503108e-05  ,3.347018318232e-01  ,3.266691541806e-01  
  1.082867070609e-05  ,3.918861380582e-01  ,3.807874295197e-01  
  1.083142630333e-05  ,4.172669988542e-01  ,4.046872848225e-01  
  1.083263944411e-05  ,4.274604597195e-01  ,4.142544768353e-01  
  1.083438772285e-05  ,4.410548056130e-01  ,4.269791056306e-01  
  1.083771850491e-05  ,4.632423439887e-01  ,4.476288873999e-01  
  1.084438006902e-05  ,4.922272753960e-01  ,4.740645615479e-01  
  1.085117052817e-05  ,4.996619705369e-01  ,4.797204875347e-01  
  1.085864197040e-05  ,4.816854600020e-01  ,4.608547772677e-01  
  1.086968671107e-05  ,4.073814264542e-01  ,3.873804898129e-01  
  1.087932031178e-05  ,3.024624559597e-01  ,2.851539133328e-01  
  1.088450889611e-05  ,2.338414007555e-01  ,2.186686437455e-01  
  1.088591929102e-05  ,2.140360761619e-01  ,1.995176282849e-01  
  1.088797453368e-05  ,1.844341503647e-01  ,1.709184317196e-01  
  1.089027415538e-05  ,1.504071657662e-01  ,1.380769043644e-01  
  1.089487339878e-05  ,8.018077244046e-02  ,7.039695255016e-02  
  1.089854169214e-05  ,2.289903378966e-02  ,1.528147441430e-02  
  1.090184490705e-05  ,-2.896350955994e-02  ,-3.454897480742e-02  
  1.090389716947e-05  ,-6.106377118557e-02  ,-6.535580339480e-02  
  1.090653318489e-05  ,-1.019040289921e-01  ,-1.045090834738e-01  
  1.090926978314e-05  ,-1.435599725353e-01  ,-1.444013614337e-01  
  1.091474297965e-05  ,-2.233906585730e-01  ,-2.206977886186e-01  
  1.092019084418e-05  ,-2.963125789931e-01  ,-2.901745392852e-01  
  1.092638078654e-05  ,-3.685526731330e-01  ,-3.587101424084e-01  
  1.093006658876e-05  ,-4.051224195917e-01  ,-3.932351779183e-01  
  1.093348864043e-05  ,-4.342273220272e-01  ,-4.205695074685e-01  
  1.093461256051e-05  ,-4.427073955304e-01  ,-4.285005147368e-01  
  1.093662719750e-05  ,-4.565202090939e-01  ,-4.413729861492e-01  
  1.094065647149e-05  ,-4.786134370885e-01  ,-4.617682772467e-01  
  1.094871501946e-05  ,-4.995926442295e-01  ,-4.801870874466e-01  
  1.095652471805e-05  ,-4.895325214414e-01  ,-4.688341373242e-01  
  1.096848737025e-05  ,-4.180125671095e-01  ,-3.978037148054e-01  
  1.097886900926e-05  ,-3.080767485782e-01  ,-2.905946335244e-01  
  1.098452921534e-05  ,-2.335592367306e-01  ,-2.183720045685e-01  
  1.098756756210e-05  ,-1.903608067124e-01  ,-1.766191459171e-01  
  1.098951626146e-05  ,-1.617170252373e-01  ,-1.489686421243e-01  
  1.099161769772e-05  ,-1.301523616652e-01  ,-1.185276126406e-01  
  1.099582057023e-05  ,-6.546185805481e-02  ,-5.621560593983e-02  
  1.099916774356e-05  ,-1.307156408473e-02  ,-5.826091788856e-03  
  1.100247319365e-05  ,3.880975879865e-02  ,4.401149474918e-02  
  1.100409332240e-05  ,6.412069104911e-02  ,6.829985087612e-02  
  1.100634004498e-05  ,9.893201428155e-02  ,1.016719976927e-01  
  1.100974272513e-05  ,1.506600216528e-01  ,1.511995777612e-01  
  1.101554225707e-05  ,2.345513201232e-01  ,2.313532425105e-01  
  1.102130528116e-05  ,3.102284409553e-01  ,3.034082751554e-01  
  1.102718602443e-05  ,3.769815152096e-01  ,3.666818420702e-01  
  1.103028546596e-05  ,4.071278762549e-01  ,3.951228126513e-01  
  1.103332455778e-05  ,4.329437624122e-01  ,4.193669922667e-01  
  1.103572550738e-05  ,4.505608864213e-01  ,4.358278093084e-01  
  1.103826280260e-05  ,4.663920339132e-01  ,4.505262762076e-01  
  1.104333739305e-05  ,4.890870548778e-01  ,4.712604795748e-01  
  1.105116646314e-05  ,4.996643140306e-01  ,4.797190951713e-01  
  1.105929504657e-05  ,4.788332282470e-01  ,4.579897106681e-01  
  1.106981526637e-05  ,4.062073042177e-01  ,3.862412202372e-01  
  1.107929240489e-05  ,3.028113984576e-01  ,2.855067573456e-01  
  1.108436177993e-05  ,2.358814882042e-01  ,2.206523022963e-01  
  1.108578744853e-05  ,2.159058690834e-01  ,2.013341073221e-01  
  1.108782108450e-05  ,1.866723970996e-01  ,1.730875067402e-01  
  1.109010505998e-05  ,1.529381504978e-01  ,1.405247897811e-01  
  1.109467301095e-05  ,8.328611158111e-02  ,7.339112401052e-02  
  1.109845194542e-05  ,2.430719977514e-02  ,1.663795053428e-02  
  1.110179539347e-05  ,-2.818702335602e-02  ,-3.380175676618e-02  
  1.110392737710e-05  ,-6.153469210927e-02  ,-6.580653440706e-02  
  1.110664795661e-05  ,-1.036683529319e-01  ,-1.061991959641e-01  
  1.110936555588e-05  ,-1.450003721982e-01  ,-1.457796482509e-01  
  1.111480075443e-05  ,-2.242022004730e-01  ,-2.214723008161e-01  
  1.112025830472e-05  ,-2.971654522703e-01  ,-2.909856539007e-01  
  1.112639013255e-05  ,-3.686518659992e-01  ,-3.588038079833e-01  
  1.113005842590e-05  ,-4.050472565326e-01  ,-3.931641308037e-01  
  1.113345477307e-05  ,-4.339633337149e-01  ,-4.203220993443e-01  
  1.113458558494e-05  ,-4.425102855401e-01  ,-4.283161788124e-01  
  1.113658941859e-05  ,-4.562778459456e-01  ,-4.411475471640e-01  
  1.114059708589e-05  ,-4.783427016865e-01  ,-4.615205561402e-01  
  1.114861242050e-05  ,-4.995250075241e-01  ,-4.801444107487e-01  
  1.115642211908e-05  ,-4.898580195346e-01  ,-4.691684253833e-01  
  1.116813741201e-05  ,-4.210034704369e-01  ,-4.007385369240e-01  
  1.117842666382e-05  ,-3.135195239046e-01  ,-2.958819163782e-01  
  1.118412039751e-05  ,-2.392178470731e-01  ,-2.238499719904e-01  
  1.118949822658e-05  ,-1.619850637290e-01  ,-1.492359647205e-01  
  1.119047518396e-05  ,-1.473926949863e-01  ,-1.351585812839e-01  
  1.119136506268e-05  ,-1.339798000184e-01  ,-1.222243751811e-01  
  1.119314482012e-05  ,-1.068504555670e-01  ,-9.607605657338e-02  
  1.119670433500e-05  ,-5.167574367043e-02  ,-4.295672704861e-02  
  1.119993416169e-05  ,-1.034184972759e-03  ,5.735143300850e-03  
  1.120443431237e-05  ,6.942894163543e-02  ,7.337934069453e-02  
  1.120692131618e-05  ,1.078650920653e-01  ,1.102208101278e-01  
  1.120943774977e-05  ,1.460852844565e-01  ,1.468143461823e-01  
  1.121447061697e-05  ,2.195550087860e-01  ,2.170355927243e-01  
  1.121966367164e-05  ,2.896022366080e-01  ,2.837903086754e-01  
  1.122601082125e-05  ,3.646006518577e-01  ,3.549709191466e-01  
  1.122973909178e-05  ,4.020859938366e-01  ,3.903753602664e-01  
  1.123330941001e-05  ,4.328246862386e-01  ,4.192498500742e-01  
  1.123426513323e-05  ,4.401444785926e-01  ,4.260995737530e-01  
  1.123617657968e-05  ,4.535875460331e-01  ,4.386403231896e-01  
  1.123999947259e-05  ,4.755256980114e-01  ,4.589359381588e-01  
  1.124764525840e-05  ,4.986324972693e-01  ,4.795044217697e-01  
  1.125545793721e-05  ,4.926678301167e-01  ,4.720927662765e-01  
  1.126501107165e-05  ,4.454242802488e-01  ,4.247694479844e-01  
  1.127435707995e-05  ,3.606218366120e-01  ,3.417171202899e-01  
  1.128394001672e-05  ,2.417020783590e-01  ,2.262945163266e-01  
  1.128875085661e-05  ,1.730459045774e-01  ,1.599277210086e-01  
  1.128989340314e-05  ,1.561000954214e-01  ,1.435727966036e-01  
  1.129095455208e-05  ,1.401809586849e-01  ,1.282168940346e-01  
  1.129307684997e-05  ,1.078932197326e-01  ,9.709042939712e-02  
  1.129732144573e-05  ,4.202499384028e-02  ,3.367877803908e-02  
  1.130085525611e-05  ,-1.343271519563e-02  ,-1.963048669272e-02  
  1.130501491526e-05  ,-7.844862776684e-02  ,-8.202650400810e-02  
  1.130803500810e-05  ,-1.248774979548e-01  ,-1.265138581875e-01  
  1.131112699905e-05  ,-1.712445667755e-01  ,-1.708822852538e-01  
  1.131731098095e-05  ,-2.587131134921e-01  ,-2.543821610114e-01  
  1.132192065516e-05  ,-3.177506797541e-01  ,-3.105594106181e-01  
  1.132709135810e-05  ,-3.760030040915e-01  ,-3.657727465919e-01  
  1.132975643077e-05  ,-4.022478241955e-01  ,-3.905450605022e-01  
  1.133235221305e-05  ,-4.251025467874e-01  ,-4.120350994337e-01  
  1.133365196684e-05  ,-4.354935073081e-01  ,-4.217718284997e-01  
  1.133547400633e-05  ,-4.488340076384e-01  ,-4.342328188927e-01  
  1.133911808529e-05  ,-4.710654638820e-01  ,-4.548510704381e-01  
  1.134640624323e-05  ,-4.968167133608e-01  ,-4.780303447691e-01  
  1.135383968750e-05  ,-4.963666701015e-01  ,-4.759748645030e-01  
  1.136108165184e-05  ,-4.700043773312e-01  ,-4.491370149991e-01  
  1.137053345838e-05  ,-3.995265497404e-01  ,-3.796916325742e-01  
  1.137908970514e-05  ,-3.053389157585e-01  ,-2.879552019390e-01  
  1.138369565406e-05  ,-2.450550827042e-01  ,-2.295282858451e-01  
  1.138615881601e-05  ,-2.106297549796e-01  ,-1.962322224959e-01  
  1.138791696677e-05  ,-1.852743403838e-01  ,-1.717356206336e-01  
  1.139020839283e-05  ,-1.513919942390e-01  ,-1.390330261512e-01  
  1.139479124495e-05  ,-8.145427246131e-02  ,-7.162446191726e-02  
  1.139850461432e-05  ,-2.348082394911e-02  ,-1.584084577177e-02  
  1.140181900510e-05  ,2.855731644167e-02  ,3.415928239219e-02  
  1.140391671607e-05  ,6.136849854617e-02  ,6.564857682048e-02  
  1.140659594485e-05  ,1.028689697845e-01  ,1.054341638520e-01  
  1.140930832872e-05  ,1.441398460305e-01  ,1.449567155455e-01  
  1.141473309645e-05  ,2.232517590431e-01  ,2.205653700025e-01  
  1.142016978511e-05  ,2.960460659142e-01  ,2.899211199447e-01  
  1.142635153183e-05  ,3.682419760904e-01  ,3.584162299658e-01  
  1.143003547141e-05  ,4.048357502595e-01  ,3.929651790423e-01  
  1.143346236596e-05  ,4.340225612624e-01  ,4.203777319474e-01  
  1.143456486562e-05  ,4.423586740657e-01  ,4.281746918089e-01  
  1.143658658066e-05  ,4.562596138335e-01  ,4.411307241922e-01  
  1.144063001075e-05  ,4.784930098782e-01  ,4.616581403072e-01  
  1.144871687093e-05  ,4.995938171053e-01  ,4.801878928232e-01  
  1.145648931661e-05  ,4.896454083334e-01  ,4.689500628874e-01  
  1.146839087406e-05  ,4.188423284181e-01  ,3.986177113382e-01  
  1.147874420086e-05  ,3.096185061953e-01  ,2.920921598913e-01  
  1.148441036740e-05  ,2.352082718318e-01  ,2.199682525339e-01  
  1.148777542213e-05  ,1.873376043070e-01  ,1.736994800333e-01  
  1.148901985535e-05  ,1.690754786051e-01  ,1.560699205872e-01  
  1.149051947096e-05  ,1.467278066735e-01  ,1.345098758387e-01  
  1.149351870218e-05  ,1.011059608301e-01  ,9.053635786199e-02  
  1.149951716462e-05  ,7.584069604030e-03  ,5.530190768701e-04  
  1.150318136016e-05  ,-4.988953315520e-02  ,-5.464267012230e-02  
  1.150507380763e-05  ,-7.936211498092e-02  ,-8.291003662525e-02  
  1.150712942281e-05  ,-1.110547219865e-01  ,-1.132806723754e-01  
  1.151124065319e-05  ,-1.729207763958e-01  ,-1.724902499910e-01  
  1.151704018512e-05  ,-2.550638280362e-01  ,-2.509065075354e-01  
  1.152155151168e-05  ,-3.132523987295e-01  ,-3.062863805168e-01  
  1.152664100328e-05  ,-3.713025523932e-01  ,-3.613276421091e-01  
  1.152930458584e-05  ,-3.979917811301e-01  ,-3.865282415472e-01  
  1.153207880953e-05  ,-4.228259880709e-01  ,-4.098851734702e-01  
  1.153383677402e-05  ,-4.369123935454e-01  ,-4.230867887835e-01  
  1.153622431257e-05  ,-4.539025110656e-01  ,-4.389415171669e-01  
  1.154074830511e-05  ,-4.790288208412e-01  ,-4.621503953906e-01  
  1.154785019854e-05  ,-4.988600878728e-01  ,-4.796713861192e-01  
  1.155572695234e-05  ,-4.919292284266e-01  ,-4.713050373332e-01  
  1.156669718722e-05  ,-4.327727950554e-01  ,-4.122963904516e-01  
  1.157696259716e-05  ,-3.310964113526e-01  ,-3.129614555034e-01  
  1.158337382177e-05  ,-2.494490137168e-01  ,-2.337608107678e-01  
  1.158735094169e-05  ,-1.935027841867e-01  ,-1.796624200651e-01  
  1.158818941140e-05  ,-1.812927003464e-01  ,-1.678715150444e-01  
  1.158964283341e-05  ,-1.598344277668e-01  ,-1.471609865696e-01  
  1.159237607890e-05  ,-1.186145573641e-01  ,-1.074124404532e-01  
  1.159784256989e-05  ,-3.386289242924e-02  ,-2.582045082775e-02  
  1.160173102790e-05  ,2.717752233078e-02  ,3.283871397944e-02  
  1.160471722060e-05  ,7.382700239525e-02  ,7.760462982023e-02  
  1.160786360079e-05  ,1.222685668091e-01  ,1.240241972272e-01  
  1.161101519638e-05  ,1.695935330286e-01  ,1.693109869571e-01  
  1.161731838757e-05  ,2.588126643854e-01  ,2.544757002687e-01  
  1.162197574550e-05  ,3.184183454566e-01  ,3.111919657821e-01  
  1.162711590105e-05  ,3.762570101350e-01  ,3.660114850541e-01  
  1.162977687591e-05  ,4.024384918736e-01  ,3.907239067244e-01  
  1.163236446255e-05  ,4.252038123304e-01  ,4.121298098685e-01  
  1.163367874497e-05  ,4.357000111936e-01  ,4.219648682688e-01  
  1.163549985313e-05  ,4.490127729520e-01  ,4.343992921671e-01  
  1.163914206946e-05  ,4.711916312027e-01  ,4.549672104203e-01  
  1.164642650211e-05  ,4.968524645135e-01  ,4.780602264854e-01  
  1.165388155305e-05  ,4.962871057709e-01  ,4.758894219445e-01  
  1.166112426245e-05  ,4.697756155045e-01  ,4.489087615472e-01  
  1.167056414807e-05  ,3.992365129746e-01  ,3.794079244728e-01  
  1.167910996401e-05  ,3.050868576817e-01  ,2.877105351208e-01  
  1.168370846236e-05  ,2.448796915787e-01  ,2.293585176542e-01  
  1.168614331210e-05  ,2.108506015623e-01  ,1.964457164494e-01  
  1.168791468763e-05  ,1.853075919093e-01  ,1.717677667779e-01  
  1.169020685875e-05  ,1.514149601088e-01  ,1.390552105069e-01  
  1.169479120100e-05  ,8.145495373440e-02  ,7.162513211701e-02  
  1.169850419784e-05  ,2.348735889877e-02  ,1.584713777296e-02  
  1.170181858861e-05  ,-2.855078494877e-02  ,-3.415300468926e-02  
  1.170391667211e-05  ,-6.136781326943e-02  ,-6.564791483864e-02  
  1.170659590089e-05  ,-1.028682940587e-01  ,-1.054335132776e-01  
  1.170930791223e-05  ,-1.441335815881e-01  ,-1.449507187716e-01  
  1.171473193491e-05  ,-2.232354331389e-01  ,-2.205497899406e-01  
  1.172016862357e-05  ,-2.960313621993e-01  ,-2.899071363311e-01  
  1.172635037029e-05  ,-3.682296335756e-01  ,-3.584045544532e-01  
  1.173003430986e-05  ,-4.048250420015e-01  ,-3.929550943469e-01  
  1.173346157694e-05  ,-4.340164077686e-01  ,-4.203719692028e-01  
  1.173456314528e-05  ,-4.423460772349e-01  ,-4.281629223664e-01  
  1.173658523285e-05  ,-4.562509536263e-01  ,-4.411226733659e-01  
  1.174062940800e-05  ,-4.784902628017e-01  ,-4.616556282872e-01  
  1.174871775830e-05  ,-4.995943786370e-01  ,-4.801882426160e-01  
  1.175648871386e-05  ,-4.896473251251e-01  ,-4.689520323756e-01  
  1.176839027131e-05  ,-4.188474993341e-01  ,-3.986227826502e-01  
  1.177874359810e-05  ,-3.096259404570e-01  ,-2.920993796459e-01  
  1.178440976465e-05  ,-2.352166267792e-01  ,-2.199763383826e-01  
  1.178777705455e-05  ,-1.873138298971e-01  ,-1.736765171672e-01  
  1.178902186030e-05  ,-1.690458398040e-01  ,-1.560413104651e-01  
  1.179052073085e-05  ,-1.467088875187e-01  ,-1.344916232649e-01  
  1.179351847196e-05  ,-1.011095024540e-01  ,-9.053976680362e-02  
  1.179951395416e-05  ,-7.634493475828e-03  ,-6.014833991026e-04  
  1.180317665958e-05  ,4.981606468209e-02  ,5.457215685144e-02  
  1.180507283235e-05  ,7.934698947381e-02  ,8.289552963790e-02  
  1.180713031018e-05  ,1.110683124628e-01  ,1.132936858483e-01  
  1.181124526584e-05  ,1.729887589757e-01  ,1.725552608678e-01  
  1.181704330766e-05  ,2.551060135470e-01  ,2.509467143943e-01  
  1.182155314410e-05  ,3.132723841646e-01  ,3.063053591408e-01  
  1.182664263570e-05  ,3.713197251286e-01  ,3.613438704437e-01  
  1.182930584574e-05  ,3.980037602817e-01  ,3.865395236467e-01  
  1.183207895184e-05  ,4.228271811445e-01  ,4.098862841928e-01  
  1.183383803391e-05  ,4.369220160842e-01  ,4.230957836318e-01  
  1.183622519994e-05  ,4.539083566680e-01  ,4.389469491655e-01  
  1.184075217271e-05  ,4.790462273617e-01  ,4.621663001800e-01  
  1.184785034084e-05  ,4.988602387234e-01  ,4.796714895063e-01  
  1.185572858477e-05  ,4.919246391793e-01  ,4.713002780975e-01  
  1.186670179987e-05  ,4.327365026600e-01  ,4.122606875208e-01  
  1.187697019005e-05  ,3.310070298397e-01  ,3.128745269796e-01  
  1.188337545419e-05  ,2.494267904508e-01  ,2.337392861435e-01  
  1.188735480928e-05  ,1.934467646564e-01  ,1.796082896218e-01  
  1.188819318587e-05  ,1.812374445216e-01  ,1.678181439997e-01  
  1.188964698040e-05  ,1.597727035768e-01  ,1.471014110327e-01  
  1.189238022590e-05  ,1.185512750688e-01  ,1.073514356053e-01  
  1.189784671688e-05  ,3.379790089081e-02  ,2.575794203686e-02  
  1.190173293972e-05  ,-2.720750866880e-02  ,-3.286750423206e-02  
  1.190471354449e-05  ,-7.376989053158e-02  ,-7.754983722242e-02  
  1.190785955215e-05  ,-1.222069006240e-01  ,-1.239651157589e-01  
  1.191101003015e-05  ,-1.695171905200e-01  ,-1.692379651464e-01  
  1.191731098616e-05  ,-2.587131835962e-01  ,-2.543809054444e-01  
  1.192196834409e-05  ,-3.183286997475e-01  ,-3.111068223705e-01  
  1.192710775459e-05  ,-3.761727235213e-01  ,-3.659318118652e-01  
  1.192976872945e-05  ,-4.023625393024e-01  ,-3.906523654297e-01  
  1.193235706115e-05  ,-4.251426330755e-01  ,-4.120724453218e-01  
  1.193366687322e-05  ,-4.356084982780e-01  ,-4.218792514983e-01  
  1.193548742259e-05  ,-4.489268359999e-01  ,-4.343192123969e-01  
  1.193912852132e-05  ,-4.711203948824e-01  ,-4.549016063893e-01  
  1.194641071880e-05  ,-4.968246287776e-01  ,-4.780369441102e-01  
  1.195385682905e-05  ,-4.963341968624e-01  ,-4.759399870235e-01  
  1.196109953845e-05  ,-4.699084527894e-01  ,-4.490413084168e-01  
  1.197054687464e-05  ,-3.993998033477e-01  ,-3.795676570151e-01  
  1.197909865105e-05  ,-3.052276272127e-01  ,-2.878471805348e-01  
  1.198370161974e-05  ,-2.449733962456e-01  ,-2.294492205350e-01  
  1.198615211570e-05  ,-2.107252041105e-01  ,-1.963244955685e-01  
  1.198791604066e-05  ,-1.852878519877e-01  ,-1.717486855785e-01  
  1.199020783925e-05  ,-1.514002816235e-01  ,-1.390410347968e-01  
  1.199479143643e-05  ,-8.145130488034e-02  ,-7.162161099680e-02  
  1.199850443327e-05  ,-2.348366472368e-02  ,-1.584358157753e-02  
  1.200181882405e-05  ,2.855447717084e-02  ,3.415655279581e-02  
  1.200391690755e-05  ,6.137148356374e-02  ,6.565143801792e-02  
  1.200659613633e-05  ,1.028719131976e-01  ,1.054369825281e-01  
  1.200930852020e-05  ,1.441427260969e-01  ,1.449594708160e-01  
  1.201473328793e-05  ,2.232544503279e-01  ,2.205679379046e-01  
  1.202016997659e-05  ,2.960484897729e-01  ,2.899234247865e-01  
  1.202635097826e-05  ,3.682360938627e-01  ,3.584106631212e-01  
  1.203003491783e-05  ,4.048306469043e-01  ,3.929603700446e-01  
  1.203346181238e-05  ,4.340182439666e-01  ,4.203736867778e-01  
  1.203456393951e-05  ,4.423518929960e-01  ,4.281683542055e-01  
  1.203658602709e-05  ,4.562560569762e-01  ,4.411274159787e-01  
  1.204063020223e-05  ,4.784938825230e-01  ,4.616589376094e-01  
  1.204871855253e-05  ,4.995948809044e-01  ,4.801885504958e-01  
  1.205648950809e-05  ,4.896447993776e-01  ,4.689494378089e-01  
  1.206839255565e-05  ,4.188279014712e-01  ,3.986035539156e-01  
  1.207874588245e-05  ,3.095977650289e-01  ,2.920720113419e-01  
  1.208441204900e-05  ,2.351849622187e-01  ,2.199456881731e-01  
  1.208777188832e-05  ,1.873890686282e-01  ,1.737491823482e-01  
  1.208901539022e-05  ,1.691414833797e-01  ,1.561336296219e-01  
  1.209051668221e-05  ,1.467696830860e-01  ,1.345502725991e-01  
  1.209351926619e-05  ,1.010972844023e-01  ,9.052800257145e-02  
  1.209952443415e-05  ,7.469893010272e-03  ,4.432778926058e-04  
  1.210319160992e-05  ,-5.004973001196e-02  ,-5.479642390246e-02  
  1.210507586175e-05  ,-7.939397189783e-02  ,-8.294059196361e-02  
  1.210712737912e-05  ,-1.110234213423e-01  ,-1.132507006807e-01  
  1.211123041385e-05  ,-1.727698532942e-01  ,-1.723459244742e-01  
  1.211703292602e-05  ,-2.549657480595e-01  ,-2.508130275529e-01  
  1.212154574269e-05  ,-3.131817635470e-01  ,-3.062192831117e-01  
  1.212663448924e-05  ,-3.712340163235e-01  ,-3.612628397614e-01  
  1.212929881686e-05  ,-3.979369212622e-01  ,-3.864765350518e-01  
  1.213207676584e-05  ,-4.228088531015e-01  ,-4.098690996763e-01  
  1.213315020823e-05  ,-4.315672828613e-01  ,-4.180822957562e-01  
  1.213529709303e-05  ,-4.476024763140e-01  ,-4.330726583497e-01  
  1.213954913938e-05  ,-4.732921408805e-01  ,-4.568925995017e-01  
  1.214678961360e-05  ,-4.974591080824e-01  ,-4.785592384472e-01  
  1.215398612940e-05  ,-4.960846110173e-01  ,-4.756696725467e-01  
  1.216148588383e-05  ,-4.678003476053e-01  ,-4.469376325493e-01  
  1.217094961131e-05  ,-3.955621292027e-01  ,-3.758137980828e-01  
  1.217951777899e-05  ,-2.999867365012e-01  ,-2.827597856057e-01  
  1.218408274972e-05  ,-2.397369749952e-01  ,-2.243803158745e-01  
  1.218533258462e-05  ,-2.223281237900e-01  ,-2.075417490584e-01  
  1.218765455806e-05  ,-1.890964817179e-01  ,-1.754275846332e-01  
  1.218981932425e-05  ,-1.572051377298e-01  ,-1.446409404293e-01  
  1.219414885664e-05  ,-9.139282312133e-02  ,-8.119804870051e-02  
  1.219829659486e-05  ,-2.674425630525e-02  ,-1.898034260142e-02  
  1.220178644681e-05  ,2.804671197042e-02  ,3.366838206380e-02  
  1.220408308828e-05  ,6.396125797003e-02  ,6.813603012619e-02  
  1.220698732460e-05  ,1.088773023547e-01  ,1.111917088570e-01  
  1.220978054726e-05  ,1.512264114037e-01  ,1.517386521233e-01  
  1.221536699259e-05  ,2.321164401102e-01  ,2.290235459165e-01  
  1.222022402608e-05  ,2.967322494862e-01  ,2.905831384198e-01  
  1.222540664995e-05  ,3.580411620517e-01  ,3.487837831011e-01  
  1.222853328609e-05  ,3.905419026010e-01  ,3.795071931589e-01  
  1.223141852343e-05  ,4.171996560292e-01  ,4.046116879343e-01  
  1.223247501576e-05  ,4.261148955136e-01  ,4.129811729502e-01  
  1.223414431834e-05  ,4.392409430559e-01  ,4.252736425417e-01  
  1.223748292351e-05  ,4.618370499636e-01  ,4.463192653832e-01  
  1.224416013384e-05  ,4.916087428882e-01  ,4.735139884220e-01  
  1.225074719214e-05  ,4.998622522840e-01  ,4.800029422933e-01  
  1.225821565413e-05  ,4.834380386758e-01  ,4.626254418019e-01  
  1.226978789592e-05  ,4.064578400541e-01  ,3.864758977169e-01  
  1.227970610881e-05  ,2.976148185943e-01  ,2.804389762465e-01  
  1.228502135301e-05  ,2.266963443237e-01  ,2.117485414650e-01  
  1.228651761585e-05  ,2.055049541356e-01  ,1.912638396213e-01  
  1.228872187012e-05  ,1.734730129963e-01  ,1.603279773798e-01  
  1.229118950242e-05  ,1.366345944946e-01  ,1.247871622518e-01  
  1.229612476701e-05  ,6.072175871214e-02  ,5.165668673167e-02  
  1.229985005730e-05  ,2.355285651883e-03  ,-4.472923763164e-03  
  1.230410582894e-05  ,-6.431551632796e-02  ,-6.848514179350e-02  
  1.230624042028e-05  ,-9.739757012256e-02  ,-1.001989605506e-01  
  1.230843834156e-05  ,-1.310020766511e-01  ,-1.323840085194e-01  
  1.231283418411e-05  ,-1.961808506999e-01  ,-1.947156520925e-01  
  1.231790877455e-05  ,-2.667024057222e-01  ,-2.619908068100e-01  
  1.232351012105e-05  ,-3.366238270651e-01  ,-3.284740255862e-01  
  1.232869125479e-05  ,-3.920865172741e-01  ,-3.809477977908e-01  
  1.233110002750e-05  ,-4.144214051452e-01  ,-4.019887724938e-01  
  1.233230869794e-05  ,-4.247423021749e-01  ,-4.116801795113e-01  
  1.233400892043e-05  ,-4.382208270098e-01  ,-4.243079671824e-01  
  1.233730468476e-05  ,-4.607570029457e-01  ,-4.453089595648e-01  
  1.234387162650e-05  ,-4.907617803510e-01  ,-4.727576542968e-01  
  1.235032978976e-05  ,-4.999731644688e-01  ,-4.801977597162e-01  
  1.235785487616e-05  ,-4.848534587445e-01  ,-4.640587546639e-01  
  1.236985925162e-05  ,-4.058040555470e-01  ,-3.858357494822e-01  
  1.238003227437e-05  ,-2.934823322141e-01  ,-2.764266578023e-01  
  1.238491612995e-05  ,-2.281682972492e-01  ,-2.131638782219e-01  
  1.238635818982e-05  ,-2.077853261954e-01  ,-1.934604507132e-01  
  1.238850097680e-05  ,-1.767230687712e-01  ,-1.634597918493e-01  
  1.239115748131e-05  ,-1.371183667565e-01  ,-1.252491661778e-01  
  1.239647049034e-05  ,-5.532786929389e-02  ,-4.646759070719e-02  
  1.240055489862e-05  ,8.715885663569e-03  ,1.510912038750e-02  
  1.240577850068e-05  ,9.027074131311e-02  ,9.337257322932e-02  
  1.240764151835e-05  ,1.188830656314e-01  ,1.207841125422e-01  
  1.240997168744e-05  ,1.540854701785e-01  ,1.544809480034e-01  
  1.241463202560e-05  ,2.218300648928e-01  ,2.192169298713e-01  
  1.241976547563e-05  ,2.909043383931e-01  ,2.850350834742e-01  
  1.242590400898e-05  ,3.634504818369e-01  ,3.538851700539e-01  
  1.242956894958e-05  ,4.004916803066e-01  ,3.888744715435e-01  
  1.243309009397e-05  ,4.310896804069e-01  ,4.176257339534e-01  
  1.243408940309e-05  ,4.388281571009e-01  ,4.248700119523e-01  
  1.243606641465e-05  ,4.528567306858e-01  ,4.379612366365e-01  
  1.244002043778e-05  ,4.756273656549e-01  ,4.590320333576e-01  
  1.244792848402e-05  ,4.989415677956e-01  ,4.797330667244e-01  
  1.245551466519e-05  ,4.925150051796e-01  ,4.719128666951e-01  
  1.246535092169e-05  ,4.429737238161e-01  ,4.223435022118e-01  
  1.247477590615e-05  ,3.560336653496e-01  ,3.372447195328e-01  
  1.248421579176e-05  ,2.379009524868e-01  ,2.226153626106e-01  
  1.248888805085e-05  ,1.710224415460e-01  ,1.579742542941e-01  
  1.248998831534e-05  ,1.546830457305e-01  ,1.422054747053e-01  
  1.249101053500e-05  ,1.393366326983e-01  ,1.274025503286e-01  
  1.249305497432e-05  ,1.082287205970e-01  ,9.741386192053e-02  
  1.249714385295e-05  ,4.480407531144e-02  ,3.635232309028e-02  
  1.250059049153e-05  ,-9.274887326932e-03  ,-1.563598864400e-02  
  1.250481720591e-05  ,-7.537998622238e-02  ,-7.908403042665e-02  
  1.250760744834e-05  ,-1.183631744790e-01  ,-1.202755463694e-01  
  1.251049305820e-05  ,-1.618555427139e-01  ,-1.619046167207e-01  
  1.251626427794e-05  ,-2.445062771947e-01  ,-2.408371874280e-01  
  1.252082999372e-05  ,-3.043390947446e-01  ,-2.978121392014e-01  
  1.252591799521e-05  ,-3.636013207248e-01  ,-3.540390022659e-01  
  1.252895000899e-05  ,-3.945957296154e-01  ,-3.833243870942e-01  
  1.253209936941e-05  ,-4.229982715068e-01  ,-4.100457125517e-01  
  1.253301336938e-05  ,-4.304778771637e-01  ,-4.170605265969e-01  
  1.253484136933e-05  ,-4.443664971133e-01  ,-4.300525767161e-01  
  1.253849736923e-05  ,-4.677074068084e-01  ,-4.517424531117e-01  
  1.254580936903e-05  ,-4.956731561728e-01  ,-4.770645114544e-01  
  1.255275927061e-05  ,-4.981226018942e-01  ,-4.779118707391e-01  
  1.256001241082e-05  ,-4.754679795436e-01  ,-4.546092730846e-01  
  1.256995595568e-05  ,-4.049147669870e-01  ,-3.849670803137e-01  
  1.257887132043e-05  ,-3.080481539654e-01  ,-2.905854300243e-01  
  1.258370376700e-05  ,-2.449439923192e-01  ,-2.294204504816e-01  
  1.258659645492e-05  ,-2.043753602551e-01  ,-1.901862342164e-01  
  1.258765816265e-05  ,-1.890440651315e-01  ,-1.753751946623e-01  
  1.258935465986e-05  ,-1.641169239678e-01  ,-1.513096475920e-01  
  1.259274765426e-05  ,-1.129365283096e-01  ,-1.019518336905e-01  
  1.259953364307e-05  ,-7.325255503875e-03  ,-3.109798633307e-04  
  1.260348617607e-05  ,5.465131600220e-02  ,5.920953274140e-02  
  1.260565168732e-05  ,8.831078409473e-02  ,9.148863749727e-02  
  1.260773859495e-05  ,1.203636563337e-01  ,1.221965548161e-01  
  1.261191241020e-05  ,1.827823412762e-01  ,1.819152501768e-01  
  1.261736176485e-05  ,2.593954080120e-01  ,2.550320273728e-01  
  1.262292138809e-05  ,3.297286633250e-01  ,3.219343953416e-01  
  1.262827835554e-05  ,3.880289271360e-01  ,3.771203015321e-01  
  1.263100117022e-05  ,4.135506189291e-01  ,4.011681285770e-01  
  1.263227819973e-05  ,4.244893462911e-01  ,4.114438188964e-01  
  1.263406447643e-05  ,4.386403577586e-01  ,4.247014965427e-01  
  1.263707339340e-05  ,4.593339489354e-01  ,4.439893663158e-01  
  1.264309122735e-05  ,4.882689748914e-01  ,4.705303453444e-01  
  1.264972969466e-05  ,4.999819720485e-01  ,4.803374622493e-01  
  1.265739634210e-05  ,4.865624900353e-01  ,4.657965059724e-01  
  1.266992374831e-05  ,4.052113607639e-01  ,3.852563447028e-01  
  1.268044098789e-05  ,2.882605236833e-01  ,2.713577851826e-01  
  1.268545373851e-05  ,2.206219254756e-01  ,2.058517697370e-01  
  1.268696602011e-05  ,1.990636881138e-01  ,1.850195445236e-01  
  1.268886554563e-05  ,1.713545874819e-01  ,1.582655373462e-01  
  1.269193332219e-05  ,1.253591374658e-01  ,1.139025452694e-01  
  1.269806887531e-05  ,3.031543109242e-02  ,2.239339971430e-02  
  1.270204450512e-05  ,-3.209293414605e-02  ,-3.757224354240e-02  
  1.270484704101e-05  ,-7.584324530664e-02  ,-7.955037145030e-02  
  1.270839277232e-05  ,-1.303111479018e-01  ,-1.317357652613e-01  
  1.271176416004e-05  ,-1.806128379402e-01  ,-1.798521585075e-01  
  1.271850693548e-05  ,-2.746024571936e-01  ,-2.695261803090e-01  
  1.272345635617e-05  ,-3.359988822843e-01  ,-3.278893122907e-01  
  1.272879246199e-05  ,-3.930710462881e-01  ,-3.818978119951e-01  
  1.273156296039e-05  ,-4.184458351201e-01  ,-4.057885651887e-01  
  1.273276641542e-05  ,-4.284916992880e-01  ,-4.152157266284e-01  
  1.273450891995e-05  ,-4.419483613586e-01  ,-4.278091813263e-01  
  1.273795704865e-05  ,-4.646394541995e-01  ,-4.489187625613e-01  
  1.274485330606e-05  ,-4.934784611596e-01  ,-4.751622540843e-01  
  1.275168548846e-05  ,-4.992992068537e-01  ,-4.792588355878e-01  
  1.275908764029e-05  ,-4.797609501950e-01  ,-4.589137085726e-01  
  1.276971663857e-05  ,-4.071086851411e-01  ,-3.871129568994e-01  
  1.277908946896e-05  ,-3.053418535901e-01  ,-2.879564801928e-01  
  1.278415362859e-05  ,-2.387593433188e-01  ,-2.234329713926e-01  
  1.278670955026e-05  ,-2.027527602167e-01  ,-1.886164641619e-01  
  1.278844795698e-05  ,-1.775019013331e-01  ,-1.642273787117e-01  
  1.279079526240e-05  ,-1.425809610306e-01  ,-1.305312273518e-01  
  1.279548987323e-05  ,-7.060809637869e-02  ,-6.118017374298e-02  
  1.279906615192e-05  ,-1.466674722759e-02  ,-7.366177889497e-03  
  1.280234850520e-05  ,3.685677349186e-02  ,4.212802370898e-02  
  1.280423797244e-05  ,6.637341753080e-02  ,7.044931353291e-02  
  1.280646793121e-05  ,1.009003271500e-01  ,1.035464949561e-01  
  1.280992574567e-05  ,1.533987803539e-01  ,1.538146802229e-01  
  1.281573868865e-05  ,2.372718117920e-01  ,2.339477065269e-01  
  1.282155014151e-05  ,3.132356234633e-01  ,3.062653539302e-01  
  1.282736829990e-05  ,3.788561929822e-01  ,3.684531789834e-01  
  1.283040143126e-05  ,4.081826100619e-01  ,3.961152722144e-01  
  1.283298454756e-05  ,4.302474049890e-01  ,4.168432689687e-01  
  1.283445920372e-05  ,4.415825903913e-01  ,4.274519279878e-01  
  1.283638145351e-05  ,4.549321890971e-01  ,4.398987927274e-01  
  1.284022595310e-05  ,4.766130508663e-01  ,4.599385105287e-01  
  1.284791495228e-05  ,4.989276996187e-01  ,4.797233263212e-01  
  1.285576935434e-05  ,4.918096035770e-01  ,4.711816982554e-01  
  1.286600794220e-05  ,4.380932248277e-01  ,4.175338024558e-01  
  1.287569220686e-05  ,3.457819166136e-01  ,3.272572607748e-01  
  1.288502033377e-05  ,2.267106142510e-01  ,2.117874246774e-01  
  1.288922916675e-05  ,1.659776711815e-01  ,1.531046827611e-01  
  1.289012323642e-05  ,1.526662951458e-01  ,1.402597041577e-01  
  1.289100780660e-05  ,1.393777920704e-01  ,1.274422601592e-01  
  1.289277694696e-05  ,1.124882430775e-01  ,1.015191366764e-01  
  1.289631522769e-05  ,5.775108395213e-02  ,4.880987498240e-02  
  1.289951897734e-05  ,7.555598629914e-03  ,5.371242440794e-04  
  1.290342829698e-05  ,-5.374751075966e-02  ,-5.833745903741e-02  
  1.290499962443e-05  ,-7.821140572452e-02  ,-8.180281996138e-02  
  1.290664210492e-05  ,-1.035784305247e-01  ,-1.061131447968e-01  
  1.290992706591e-05  ,-1.534185184385e-01  ,-1.538342472084e-01  
  1.291550978595e-05  ,-2.341007461787e-01  ,-2.309209889779e-01  
  1.292104780251e-05  ,-3.070464926595e-01  ,-3.003824330119e-01  
  1.292687639171e-05  ,-3.737686842379e-01  ,-3.636435883861e-01  
  1.292999930257e-05  ,-4.045020577462e-01  ,-3.926493379721e-01  
  1.293307974511e-05  ,-4.310073044920e-01  ,-4.175518892190e-01  
  1.293519682759e-05  ,-4.468983659822e-01  ,-4.324122084575e-01  
  1.293769575232e-05  ,-4.631077256630e-01  ,-4.474859156457e-01  
  1.294269360179e-05  ,-4.868858914575e-01  ,-4.692874289664e-01  
  1.295056886548e-05  ,-4.999201550684e-01  ,-4.800972772629e-01  
  1.295853800648e-05  ,-4.821208320959e-01  ,-4.612937084361e-01  
  1.296948290938e-05  ,-4.092291649662e-01  ,-3.891912791759e-01  
  1.297923571938e-05  ,-3.035194664162e-01  ,-2.861804447976e-01  
  1.298446900719e-05  ,-2.343950431903e-01  ,-2.192046905726e-01  
  1.298688895577e-05  ,-2.001735535506e-01  ,-1.861194858282e-01  
  1.298871099526e-05  ,-1.736332142944e-01  ,-1.604882141653e-01  
  1.299109518105e-05  ,-1.380591960458e-01  ,-1.261669270734e-01  
  1.299586355263e-05  ,-6.479244415262e-02  ,-5.557993009571e-02  
  1.299939736301e-05  ,-9.465634254771e-03  ,-2.365288723435e-03  
  1.300294793719e-05  ,4.623992281273e-02  ,5.113607989911e-02  
  1.300492196852e-05  ,7.700637367595e-02  ,8.064771791474e-02  
  1.300675760531e-05  ,1.053526649019e-01  ,1.078151821600e-01  
  1.301042887890e-05  ,1.609013698250e-01  ,1.609927925243e-01  
  1.301625821316e-05  ,2.444231751164e-01  ,2.407712260080e-01  
  1.302098188126e-05  ,3.062285923682e-01  ,2.996214299232e-01  
  1.302615630949e-05  ,3.661606833772e-01  ,3.564746782617e-01  
  1.302923749709e-05  ,3.973529965148e-01  ,3.859357463196e-01  
  1.303222033703e-05  ,4.240083551117e-01  ,4.110030552040e-01  
  1.303311161274e-05  ,4.312608218553e-01  ,4.178028085270e-01  
  1.303489416415e-05  ,4.447460572859e-01  ,4.304142758482e-01  
  1.303845926696e-05  ,4.674954676185e-01  ,4.515519855606e-01  
  1.304558947259e-05  ,4.952079001914e-01  ,4.766671962095e-01  
  1.305263697678e-05  ,4.982852375241e-01  ,4.780954154353e-01  
  1.305995419198e-05  ,4.757501190383e-01  ,4.548925267226e-01  
  1.306993946010e-05  ,4.050667246470e-01  ,3.851160578323e-01  
  1.307889505798e-05  ,3.077543706473e-01  ,2.903001891468e-01  
  1.308374538594e-05  ,2.443738544313e-01  ,2.288685007633e-01  
  1.308659374291e-05  ,2.044142383952e-01  ,1.902237285160e-01  
  1.308765135282e-05  ,1.891430890556e-01  ,1.754707701387e-01  
  1.308936088854e-05  ,1.640245015418e-01  ,1.512203952951e-01  
  1.309277995998e-05  ,1.124421275477e-01  ,1.014752996949e-01  
  1.309961810285e-05  ,5.998682512771e-03  ,-9.641499001150e-04  
  1.310359224254e-05  ,-5.630711533564e-02  ,-6.079859049926e-02  
  1.310604050332e-05  ,-9.431553669821e-02  ,-9.724480200670e-02  
  1.310827977532e-05  ,-1.285967186382e-01  ,-1.300806794916e-01  
  1.311275831932e-05  ,-1.950841729035e-01  ,-1.936703269329e-01  
  1.311798341149e-05  ,-2.676933531627e-01  ,-2.629363858882e-01  
  1.312363318676e-05  ,-3.380506833794e-01  ,-3.298290368879e-01  
  1.312890521759e-05  ,-3.941632363397e-01  ,-3.829079210627e-01  
  1.313132181340e-05  ,-4.163604543273e-01  ,-4.038124848592e-01  
  1.313251614147e-05  ,-4.264525067037e-01  ,-4.132850148295e-01  
  1.313421207988e-05  ,-4.397484898003e-01  ,-4.257368152640e-01  
  1.313760395670e-05  ,-4.625622037558e-01  ,-4.469827253382e-01  
  1.314438771033e-05  ,-4.922483431357e-01  ,-4.740746719327e-01  
  1.315098296428e-05  ,-4.997616140193e-01  ,-4.798522765581e-01  
  1.315842981958e-05  ,-4.825684281796e-01  ,-4.617443650914e-01  
  1.316973980093e-05  ,-4.068973501056e-01  ,-3.869057629649e-01  
  1.317950751209e-05  ,-3.001157417741e-01  ,-2.828752035683e-01  
  1.318475644612e-05  ,-2.303973270805e-01  ,-2.153355190398e-01  
  1.318620558405e-05  ,-2.099632618489e-01  ,-1.955792767521e-01  
  1.318863298321e-05  ,-1.747818405157e-01  ,-1.615971146416e-01  
  1.319089572453e-05  ,-1.410677197135e-01  ,-1.290668760502e-01  
  1.319542120719e-05  ,-7.167572598647e-02  ,-6.220407174923e-02  
  1.319882873023e-05  ,-1.839411104826e-02  ,-1.094677915582e-02  
  1.320205073380e-05  ,3.219057174231e-02  ,3.764993918020e-02  
  1.320390518332e-05  ,6.118870812972e-02  ,6.547732565075e-02  
  1.320632960224e-05  ,9.877121792183e-02  ,1.015078103643e-01  
  1.320921856487e-05  ,1.427891275245e-01  ,1.436637935056e-01  
  1.321499649012e-05  ,2.269461245809e-01  ,2.240987020640e-01  
  1.322045255029e-05  ,2.996137437530e-01  ,2.933186507731e-01  
  1.322660896504e-05  ,3.709653192833e-01  ,3.609948030952e-01  
  1.323025676930e-05  ,4.068660383242e-01  ,3.948787454076e-01  
  1.323358047330e-05  ,4.349406638675e-01  ,4.212387951155e-01  
  1.323564763689e-05  ,4.500292064066e-01  ,4.353337732225e-01  
  1.323823820376e-05  ,4.662526231665e-01  ,4.503983716988e-01  
  1.324341933751e-05  ,4.893528932365e-01  ,4.715031830267e-01  
  1.325187723660e-05  ,4.991307355814e-01  ,4.790553936096e-01  
  1.325971077704e-05  ,4.769125055671e-01  ,4.560504150918e-01  
  1.327004920268e-05  ,4.040537302350e-01  ,3.841227924291e-01  
  1.327932517552e-05  ,3.024016168954e-01  ,2.851028682996e-01  
  1.328429098749e-05  ,2.368613870912e-01  ,2.215964382766e-01  
  1.328568201089e-05  ,2.173985237444e-01  ,2.027737743187e-01  
  1.328773613596e-05  ,1.879096147724e-01  ,1.742796576449e-01  
  1.329000558281e-05  ,1.544250923231e-01  ,1.419571858855e-01  
  1.329454447651e-05  ,8.527623422670e-02  ,7.530611902807e-02  
  1.329840015197e-05  ,2.511977499667e-02  ,1.741805316991e-02  
  1.330177861774e-05  ,-2.792392600498e-02  ,-3.355016763637e-02  
  1.330395791256e-05  ,-6.201066733366e-02  ,-6.626414612800e-02  
  1.330672990108e-05  ,-1.049272177773e-01  ,-1.074062908707e-01  
  1.330945271575e-05  ,-1.463100957358e-01  ,-1.470337287050e-01  
  1.331489834511e-05  ,-2.255713433232e-01  ,-2.227790766042e-01  
  1.332038271749e-05  ,-2.987348436580e-01  ,-2.924782381412e-01  
  1.332644674504e-05  ,-3.692520370453e-01  ,-3.593714193047e-01  
  1.333009492183e-05  ,-4.053831019189e-01  ,-3.934801726527e-01  
  1.333344880068e-05  ,-4.339167293743e-01  ,-4.202782938330e-01  
  1.333461854184e-05  ,-4.427510579054e-01  ,-4.285409581556e-01  
  1.333660151386e-05  ,-4.563555107374e-01  ,-4.412196213142e-01  
  1.334056745791e-05  ,-4.782070068974e-01  ,-4.613983377961e-01  
  1.334849934602e-05  ,-4.994444534638e-01  ,-4.800924930011e-01  
  1.335635672832e-05  ,-4.900628183291e-01  ,-4.693793637094e-01  
  1.336787085557e-05  ,-4.232474612683e-01  ,-4.029357673032e-01  
  1.337816159749e-05  ,-3.167520504355e-01  ,-2.990182353340e-01  
  1.338391195560e-05  ,-2.420878446941e-01  ,-2.266253845811e-01  
  1.338943209076e-05  ,-1.629675440096e-01  ,-1.501831975206e-01  
  1.339041798884e-05  ,-1.482509529332e-01  ,-1.359856552955e-01  
  1.339139923030e-05  ,-1.334626464235e-01  ,-1.217250896881e-01  
  1.339336171323e-05  ,-1.035197553539e-01  ,-9.286637474353e-02  
  1.339728667909e-05  ,-4.256914943570e-02  ,-3.419554317362e-02  
  1.340071506375e-05  ,1.123125043590e-02  ,1.751997843230e-02  
  1.340474582785e-05  ,7.427140872266e-02  ,7.802259796563e-02  
  1.340759120458e-05  ,1.181152552277e-01  ,1.200379530099e-01  
  1.341048501009e-05  ,1.617359249488e-01  ,1.617897328462e-01  
  1.341627262110e-05  ,2.446205841976e-01  ,2.409443425991e-01  
  1.342084876770e-05  ,3.045730212269e-01  ,2.980330447049e-01  
  1.342594123954e-05  ,3.638518511141e-01  ,3.542746711447e-01  
  1.342897623354e-05  ,3.948485840001e-01  ,3.835617377523e-01  
  1.343210771257e-05  ,4.230681334742e-01  ,4.101103312642e-01  
  1.343300774270e-05  ,4.304329114522e-01  ,4.170174988133e-01  
  1.343480780298e-05  ,4.441245412375e-01  ,4.298258985123e-01  
  1.343840792352e-05  ,4.672088166161e-01  ,4.512812645070e-01  
  1.344560816461e-05  ,4.952483680751e-01  ,4.766994061445e-01  
  1.345257669264e-05  ,4.983627016559e-01  ,4.781815836949e-01  
  1.345986336046e-05  ,4.761871269350e-01  ,4.553301181135e-01  
  1.346990674311e-05  ,4.053677923191e-01  ,3.854105185973e-01  
  1.347889363343e-05  ,3.077720061638e-01  ,2.903171344676e-01  
  1.348376333290e-05  ,2.441278700778e-01  ,2.286302607544e-01  
  1.348661653274e-05  ,2.040874877202e-01  ,1.899077941073e-01  
  1.348767730916e-05  ,1.887656033790e-01  ,1.751060039388e-01  
  1.348938516849e-05  ,1.636641710399e-01  ,1.508724885706e-01  
  1.349280088717e-05  ,1.121217998203e-01  ,1.011664938713e-01  
  1.349963232452e-05  ,5.775304556933e-03  ,-1.178855812847e-03  
  1.350360497409e-05  ,-5.650582542077e-02  ,-6.098925028026e-02  
  1.350605174476e-05  ,-9.448894091548e-02  ,-9.741096113390e-02  
  1.350829660469e-05  ,-1.288521628786e-01  ,-1.303252221493e-01  
  1.351278632456e-05  ,-1.954891373260e-01  ,-1.940571339662e-01  
  1.351800620133e-05  ,-2.679956385690e-01  ,-2.632242387993e-01  
  1.352365970188e-05  ,-3.383574458397e-01  ,-3.301199445449e-01  
  1.352893173271e-05  ,-3.944193533215e-01  ,-3.831494662115e-01  
  1.353136360222e-05  ,-4.167235489929e-01  ,-4.041536916055e-01  
  1.353255662644e-05  ,-4.267841625073e-01  ,-4.135959129796e-01  
  1.353425126100e-05  ,-4.400410546022e-01  ,-4.260101642357e-01  
  1.353764053011e-05  ,-4.627800130428e-01  ,-4.471843905026e-01  
  1.354441906834e-05  ,-4.923345026656e-01  ,-4.741505457343e-01  
  1.355105455542e-05  ,-4.997256285971e-01  ,-4.798020748664e-01  
  1.355849843049e-05  ,-4.822852141154e-01  ,-4.614580957372e-01  
  1.356972794557e-05  ,-4.070055461967e-01  ,-3.870116762741e-01  
  1.357945095325e-05  ,-3.008258527890e-01  ,-2.835646671326e-01  
  1.358468051577e-05  ,-2.314552098986e-01  ,-2.163592615394e-01  
  1.358611400747e-05  ,-2.112678966653e-01  ,-1.968407479473e-01  
  1.358831677163e-05  ,-1.794268220933e-01  ,-1.660822160977e-01  
  1.359063539231e-05  ,-1.449861180438e-01  ,-1.328466651015e-01  
  1.359527263367e-05  ,-7.398462047163e-02  ,-6.442683793156e-02  
  1.359874236906e-05  ,-1.974968149331e-02  ,-1.224970306814e-02  
  1.360197852874e-05  ,3.105864837835e-02  ,3.656353227355e-02  
  1.360388736749e-05  ,6.091095164048e-02  ,6.521133910844e-02  
  1.360637362623e-05  ,9.944902346384e-02  ,1.021579150543e-01  
  1.360918808305e-05  ,1.423301946273e-01  ,1.432251416239e-01  
  1.361481699669e-05  ,2.244302169303e-01  ,2.216977193201e-01  
  1.362021717751e-05  ,2.966456580609e-01  ,2.904960158607e-01  
  1.362643841231e-05  ,3.691637718016e-01  ,3.592909756898e-01  
  1.363010745072e-05  ,4.054982733665e-01  ,3.935910972168e-01  
  1.363350305283e-05  ,4.343395143240e-01  ,4.206760381099e-01  
  1.363465789282e-05  ,4.430379216900e-01  ,4.288106029506e-01  
  1.363666358912e-05  ,4.567530642272e-01  ,4.415905247473e-01  
  1.364067498171e-05  ,4.786974835844e-01  ,4.618458930114e-01  
  1.364869776690e-05  ,4.995816337523e-01  ,4.801805462760e-01  
  1.365654471838e-05  ,4.894684773529e-01  ,4.687685532846e-01  
  1.366853717291e-05  ,4.175828154557e-01  ,3.973822444274e-01  
  1.367893371308e-05  ,3.072755968405e-01  ,2.898165261663e-01  
  1.368459242904e-05  ,2.326808080016e-01  ,2.175217416184e-01  
  1.368749554777e-05  ,1.914063262343e-01  ,1.776287618169e-01  
  1.368941407228e-05  ,1.632350957109e-01  ,1.504334776074e-01  
  1.369157399559e-05  ,1.308150451119e-01  ,1.191665231124e-01  
  1.369589384222e-05  ,6.432063880098e-02  ,5.511703150542e-02  
  1.369927454317e-05  ,1.139446281022e-02  ,4.213770957203e-03  
  1.370268281126e-05  ,-4.209162555029e-02  ,-4.716219580723e-02  
  1.370421763086e-05  ,-6.605670708518e-02  ,-7.015738323734e-02  
  1.370640512133e-05  ,-9.993381399977e-02  ,-1.026323245163e-01  
  1.371007527733e-05  ,-1.556326441899e-01  ,-1.559621806475e-01  
  1.371594037437e-05  ,-2.400556686024e-01  ,-2.366105249738e-01  
  1.372183154845e-05  ,-3.166687397784e-01  ,-3.095312636379e-01  
  1.372762810016e-05  ,-3.815067149840e-01  ,-3.709599526927e-01  
  1.373059939170e-05  ,-4.099705849004e-01  ,-3.977998205057e-01  
  1.373208149844e-05  ,-4.228485301129e-01  ,-4.099032922643e-01  
  1.373416132802e-05  ,-4.393685359507e-01  ,-4.253822837216e-01  
  1.373669266278e-05  ,-4.569386657224e-01  ,-4.417645349077e-01  
  1.374175533229e-05  ,-4.833215108797e-01  ,-4.660614765417e-01  
  1.374867617661e-05  ,-4.995676482147e-01  ,-4.801699176543e-01  
  1.375652908856e-05  ,-4.895185429111e-01  ,-4.688188915510e-01  
  1.376886725003e-05  ,-4.147087615328e-01  ,-3.945575621173e-01  
  1.377946942621e-05  ,-3.005940241955e-01  ,-2.833232763516e-01  
  1.378517433578e-05  ,-2.245518718075e-01  ,-2.096508338357e-01  
  1.378675385886e-05  ,-2.021163574583e-01  ,-1.879683717143e-01  
  1.378900058144e-05  ,-1.693603667571e-01  ,-1.563405429339e-01  
  1.379136278802e-05  ,-1.340142233352e-01  ,-1.222461506632e-01  
  1.379608720118e-05  ,-6.130743133745e-02  ,-5.221177176086e-02  
  1.379964336330e-05  ,-5.601919026403e-03  ,1.358378047436e-03  
  1.380354076201e-05  ,5.550353176812e-02  ,6.003848786525e-02  
  1.380525551313e-05  ,8.217884689460e-02  ,8.562288453637e-02  
  1.380688011223e-05  ,1.072330121205e-01  ,1.096299416077e-01  
  1.381012931043e-05  ,1.564390062340e-01  ,1.567350704682e-01  
  1.381568818861e-05  ,2.365732670795e-01  ,2.332858233158e-01  
  1.382123440081e-05  ,3.093545100891e-01  ,3.025955018295e-01  
  1.382696091706e-05  ,3.746492639562e-01  ,3.644896369477e-01  
  1.383011921817e-05  ,4.056063880063e-01  ,3.936997595934e-01  
  1.383322462016e-05  ,4.321563468887e-01  ,4.186365324829e-01  
  1.383544675583e-05  ,4.486452134534e-01  ,4.340480875375e-01  
  1.383794605309e-05  ,4.645756281233e-01  ,4.488505445334e-01  
  1.384294464761e-05  ,4.877679735626e-01  ,4.700844192507e-01  
  1.385085865432e-05  ,4.998180926960e-01  ,4.799376042720e-01  
  1.385890081102e-05  ,4.805791950044e-01  ,4.597386999017e-01  
  1.386960729533e-05  ,4.081034277851e-01  ,3.880886841257e-01  
  1.387921258384e-05  ,3.038081797991e-01  ,2.864613560923e-01  
  1.388436317021e-05  ,2.358622324706e-01  ,2.206249229041e-01  
  1.388679913753e-05  ,2.014656171081e-01  ,1.873686795519e-01  
  1.388861111873e-05  ,1.751035784741e-01  ,1.619083994155e-01  
  1.389098524624e-05  ,1.397180875321e-01  ,1.277673123930e-01  
  1.389573350126e-05  ,6.681751537851e-02  ,5.752949836563e-02  
  1.389921776527e-05  ,1.228607767320e-02  ,5.076613925001e-03  
  1.390259548599e-05  ,-4.072463580254e-02  ,-4.584180244476e-02  
  1.390450544232e-05  ,-7.053524986658e-02  ,-7.444158342939e-02  
  1.390655882233e-05  ,-1.022982554075e-01  ,-1.048879386725e-01  
  1.391054711813e-05  ,-1.626587573845e-01  ,-1.626743460818e-01  
  1.391656271690e-05  ,-2.485845892956e-01  ,-2.447413138428e-01  
  1.392128787512e-05  ,-3.100139725980e-01  ,-3.032214120524e-01  
  1.392652637833e-05  ,-3.700942831375e-01  ,-3.601969968775e-01  
  1.392926856452e-05  ,-3.976490242305e-01  ,-3.862153249189e-01  
  1.393214299852e-05  ,-4.233632810900e-01  ,-4.103979909633e-01  
  1.393316633576e-05  ,-4.316951528235e-01  ,-4.182099165050e-01  
  1.393503605896e-05  ,-4.457601222390e-01  ,-4.313608973682e-01  
  1.393877550536e-05  ,-4.692341847673e-01  ,-4.531572803334e-01  
  1.394625439817e-05  ,-4.965423439554e-01  ,-4.777976316605e-01  
  1.395324378783e-05  ,-4.974060072595e-01  ,-4.771003015247e-01  
  1.396048277193e-05  ,-4.731302679566e-01  ,-4.522650203982e-01  
  1.397014021450e-05  ,-4.032099891236e-01  ,-3.833010843455e-01  
  1.397886484438e-05  ,-3.081282737762e-01  ,-2.906665070616e-01  
  1.398358851248e-05  ,-2.465206755029e-01  ,-2.309493645195e-01  
  1.398646182889e-05  ,-2.063034999142e-01  ,-1.920521221391e-01  
  1.398750640029e-05  ,-1.912488296469e-01  ,-1.775071407089e-01  
  1.398920978928e-05  ,-1.662647611262e-01  ,-1.533846942917e-01  
  1.399261656725e-05  ,-1.149414607132e-01  ,-1.038855887294e-01  
  1.399943012321e-05  ,-8.951125490832e-03  ,-1.874300751643e-03  
  1.400339383209e-05  ,5.320924296488e-02  ,5.782541927602e-02  
  1.400551538491e-05  ,8.620260716569e-02  ,8.946755769855e-02  
  1.400752629662e-05  ,1.171242952691e-01  ,1.190940330629e-01  
  1.401154812002e-05  ,1.774442914417e-01  ,1.768130726667e-01  
  1.401718150401e-05  ,2.569705825628e-01  ,2.527321948448e-01  
  1.402163173580e-05  ,3.142335917952e-01  ,3.072267108558e-01  
  1.402674506927e-05  ,3.723953493225e-01  ,3.623647142584e-01  
  1.402939859354e-05  ,3.988838991326e-01  ,3.873720754493e-01  
  1.403211507523e-05  ,4.231297610525e-01  ,4.101720545303e-01  
  1.403394903564e-05  ,4.377671125000e-01  ,4.238877908276e-01  
  1.403632651591e-05  ,4.545734655078e-01  ,4.395676104833e-01  
  1.404105167413e-05  ,4.803726658194e-01  ,4.633820066502e-01  
  1.404805745506e-05  ,4.990692198515e-01  ,4.798291007901e-01  
  1.405583735132e-05  ,4.916159481755e-01  ,4.709814741034e-01  
  1.406640525484e-05  ,4.350512002884e-01  ,4.145385260882e-01  
  1.407632346773e-05  ,3.385520404539e-01  ,3.202212532293e-01  
  1.408473815346e-05  ,2.306523056789e-01  ,2.155729217331e-01  
  1.408931728029e-05  ,1.646714369370e-01  ,1.518188199468e-01  
  1.409025251442e-05  ,1.507313214490e-01  ,1.383695934236e-01  
  1.409117713147e-05  ,1.368215101312e-01  ,1.249555257486e-01  
  1.409302636558e-05  ,1.086674078566e-01  ,9.781892044049e-02  
  1.409672483379e-05  ,5.135546316779e-02  ,4.264280912563e-02  
  1.410000085407e-05  ,-1.341577828959e-05  ,-6.746327425622e-03  
  1.410451665097e-05  ,-7.070954987669e-02  ,-7.461116927339e-02  
  1.410704128021e-05  ,-1.097043405771e-01  ,-1.119862985312e-01  
  1.410964078778e-05  ,-1.491324436758e-01  ,-1.497380662816e-01  
  1.411483980292e-05  ,-2.247502826792e-01  ,-2.219991686820e-01  
  1.412023402327e-05  ,-2.968586264506e-01  ,-2.906960319575e-01  
  1.412521697158e-05  ,-3.559551067069e-01  ,-3.467955896214e-01  
  1.412837937051e-05  ,-3.890276673871e-01  ,-3.780672698244e-01  
  1.413116029972e-05  ,-4.149503531595e-01  ,-4.024874206941e-01  
  1.413222945803e-05  ,-4.240842676749e-01  ,-4.110665589082e-01  
  1.413386933082e-05  ,-4.371608290920e-01  ,-4.233198831279e-01  
  1.413713678294e-05  ,-4.597263780939e-01  ,-4.443554606497e-01  
  1.414367168719e-05  ,-4.901511688931e-01  ,-4.722156286867e-01  
  1.415004044348e-05  ,-4.999995964134e-01  ,-4.802871038601e-01  
  1.415756254965e-05  ,-4.859546551426e-01  ,-4.651779584051e-01  
  1.417004674250e-05  ,-4.040764919615e-01  ,-3.841447424277e-01  
  1.418047606522e-05  ,-2.878101417393e-01  ,-2.709211105819e-01  
  1.418544932777e-05  ,-2.206840977558e-01  ,-2.059124514938e-01  
  1.418695006096e-05  ,-1.992936245805e-01  ,-1.852421978151e-01  
  1.418882462704e-05  ,-1.719582696161e-01  ,-1.588486728290e-01  
  1.419192444110e-05  ,-1.254941807124e-01  ,-1.140330905547e-01  
  1.419812406921e-05  ,-2.944999720903e-02  ,-2.156110905389e-02  
  1.420211758041e-05  ,3.323834567064e-02  ,3.867214686228e-02  
  1.420484523797e-05  ,7.581525081572e-02  ,7.952364101736e-02  
  1.420832018876e-05  ,1.292100725068e-01  ,1.306814813513e-01  
  1.421173218215e-05  ,1.801443559230e-01  ,1.794042558476e-01  
  1.421855616891e-05  ,2.752484134247e-01  ,2.701414263011e-01  
  1.422353092158e-05  ,3.368653478526e-01  ,3.287116730608e-01  
  1.422887596810e-05  ,3.938803901256e-01  ,3.826617484349e-01  
  1.423166099513e-05  ,4.192867563205e-01  ,4.065789077216e-01  
  1.423285886222e-05  ,4.292382484089e-01  ,4.159159493682e-01  
  1.423459931785e-05  ,4.426106713742e-01  ,4.284282305177e-01  
  1.423808022910e-05  ,4.653506895326e-01  ,4.495770580772e-01  
  1.424504205161e-05  ,4.939470713541e-01  ,4.755716287727e-01  
  1.425193756396e-05  ,4.990739855840e-01  ,4.789877461838e-01  
  1.425930916840e-05  ,4.787693220642e-01  ,4.579157326364e-01  
  1.426975786263e-05  ,4.067324044027e-01  ,3.867443987026e-01  
  1.427901595408e-05  ,3.062554707080e-01  ,2.888436528716e-01  
  1.428402348930e-05  ,2.405534414905e-01  ,2.251696099138e-01  
  1.428668036634e-05  ,2.031717132774e-01  ,1.890217378228e-01  
  1.428840070540e-05  ,1.781955866189e-01  ,1.648975185766e-01  
  1.429071634585e-05  ,1.437686701350e-01  ,1.316770917740e-01  
  1.429534762675e-05  ,7.281939510804e-02  ,6.330928452303e-02  
  1.429898649031e-05  ,1.591748313144e-02  ,8.568676802288e-03  
  1.430224127644e-05  ,-3.517680451867e-02  ,-4.051511855219e-02  
  1.430413037115e-05  ,-6.469780274493e-02  ,-6.884204054230e-02  
  1.430644824678e-05  ,-1.005974668498e-01  ,-1.032564779664e-01  
  1.430970601314e-05  ,-1.501100528511e-01  ,-1.506682818371e-01  
  1.431543997997e-05  ,-2.331312841648e-01  ,-2.299982948251e-01  
  1.432117096657e-05  ,-3.085710864359e-01  ,-3.018330239025e-01  
  1.432705319995e-05  ,-3.756076444641e-01  ,-3.653830961740e-01  
  1.433018281633e-05  ,-4.061897429022e-01  ,-3.942394802278e-01  
  1.433326027864e-05  ,-4.324377917693e-01  ,-4.188929221422e-01  
  1.433555058712e-05  ,-4.493628054202e-01  ,-4.347111207394e-01  
  1.433807186359e-05  ,-4.653026080971e-01  ,-4.495185423555e-01  
  1.434311441654e-05  ,-4.883472859253e-01  ,-4.705975952873e-01  
  1.435098670000e-05  ,-4.997597987665e-01  ,-4.798501347283e-01  
  1.435905865902e-05  ,-4.798889614684e-01  ,-4.590526491072e-01  
  1.436967871660e-05  ,-4.074542223755e-01  ,-3.874626133039e-01  
  1.437922738069e-05  ,-3.036235451969e-01  ,-2.862886315667e-01  
  1.438434369439e-05  ,-2.361319368315e-01  ,-2.208903903190e-01  
  1.438675768250e-05  ,-2.020614203193e-01  ,-1.879481583909e-01  
  1.438858102584e-05  ,-1.755462633508e-01  ,-1.623390249891e-01  
  1.439095403576e-05  ,-1.401887438107e-01  ,-1.282238529783e-01  
  1.439570005560e-05  ,-6.733812935451e-02  ,-5.803232336581e-02  
  1.439917351627e-05  ,-1.298091734848e-02  ,-5.745764057505e-03  
  1.440250541592e-05  ,3.931435806080e-02  ,4.448706623710e-02  
  1.440439935350e-05  ,6.888508706133e-02  ,7.285810842373e-02  
  1.440650786781e-05  ,1.015146641022e-01  ,1.041346132571e-01  
  1.441028456712e-05  ,1.587534601834e-01  ,1.589368391742e-01  
  1.441620032811e-05  ,2.436295636148e-01  ,2.400104064674e-01  
  1.442097018981e-05  ,3.060833965817e-01  ,2.994808109522e-01  
  1.442622284913e-05  ,3.668716229477e-01  ,3.571458212242e-01  
  1.442932899618e-05  ,3.982237652946e-01  ,3.867556718469e-01  
  1.443227495575e-05  ,4.244624173649e-01  ,4.114283443799e-01  
  1.443320404315e-05  ,4.319936900456e-01  ,4.184886352858e-01  
  1.443506221795e-05  ,4.459461035311e-01  ,4.315336314167e-01  
  1.443877856755e-05  ,4.692507949198e-01  ,4.531720264549e-01  
  1.444621126676e-05  ,4.964623487385e-01  ,4.777298022355e-01  
  1.445325802588e-05  ,4.973832054232e-01  ,4.770751851436e-01  
  1.446048806930e-05  ,4.731033505961e-01  ,4.522381058580e-01  
  1.447014849210e-05  ,4.031330865844e-01  ,3.832258680929e-01  
  1.447887312198e-05  ,3.080258634214e-01  ,2.905671048470e-01  
  1.448359529996e-05  ,2.464279120738e-01  ,2.308595835586e-01  
  1.448645110750e-05  ,2.064568954460e-01  ,1.922004081338e-01  
  1.448749288493e-05  ,1.914449671307e-01  ,1.776966377478e-01  
  1.448920130306e-05  ,1.663904705253e-01  ,1.535060649292e-01  
  1.449261813933e-05  ,1.149174278648e-01  ,1.038624410549e-01  
  1.449945181185e-05  ,8.610493674433e-03  ,1.546853293777e-03  
  1.450342297131e-05  ,-5.366433923206e-02  ,-5.826221453049e-02  
  1.450556650335e-05  ,-8.699343861221e-02  ,-9.022577573228e-02  
  1.450761094266e-05  ,-1.184165023162e-01  ,-1.203317185258e-01  
  1.451169982129e-05  ,-1.796700783854e-01  ,-1.789407157227e-01  
  1.451724975878e-05  ,-2.578897029686e-01  ,-2.535976852642e-01  
  1.452282875353e-05  ,-3.286334086218e-01  ,-3.208956106236e-01  
  1.452823862010e-05  ,-3.876349893316e-01  ,-3.767489105617e-01  
  1.453100725585e-05  ,-4.136043396549e-01  ,-4.012191137177e-01  
  1.453228894198e-05  ,-4.245784882803e-01  ,-4.115279061178e-01  
  1.453409608030e-05  ,-4.388784180103e-01  ,-4.249245223026e-01  
  1.453707594001e-05  ,-4.593497494980e-01  ,-4.440043211517e-01  
  1.454303565943e-05  ,-4.880802648593e-01  ,-4.703610538614e-01  
  1.454972628081e-05  ,-4.999815138031e-01  ,-4.803378923236e-01  
  1.455740037882e-05  ,-4.865478845145e-01  ,-4.657817064915e-01  
  1.456991437399e-05  ,-4.052976098163e-01  ,-3.853408290281e-01  
  1.458042863333e-05  ,-2.884190689292e-01  ,-2.715116544771e-01  
  1.458544063890e-05  ,-2.208065605503e-01  ,-2.060304337798e-01  
  1.458695198917e-05  ,-1.992658459340e-01  ,-1.852149912220e-01  
  1.458885822022e-05  ,-1.714626819311e-01  ,-1.583700075487e-01  
  1.459191482091e-05  ,-1.256404514345e-01  ,-1.141738207903e-01  
  1.459802802229e-05  ,-3.095594314571e-02  ,-2.300948533135e-02  
  1.460200216198e-05  ,3.142915297695e-02  ,3.693480320186e-02  
  1.460486243987e-05  ,7.608232221807e-02  ,7.977962400986e-02  
  1.460846479559e-05  ,1.314030541907e-01  ,1.327813188570e-01  
  1.461181904697e-05  ,1.814165164904e-01  ,1.806204410432e-01  
  1.461852754974e-05  ,2.748730020747e-01  ,2.697837053301e-01  
  1.462348218584e-05  ,3.362992374171e-01  ,3.281741102666e-01  
  1.462882425213e-05  ,3.933794765107e-01  ,3.821886956788e-01  
  1.463159959340e-05  ,4.187605302522e-01  ,4.060841119152e-01  
  1.463280081326e-05  ,4.287698997276e-01  ,4.154764639025e-01  
  1.463454275900e-05  ,4.421967045147e-01  ,4.280411322019e-01  
  1.463802180761e-05  ,4.650142360579e-01  ,4.492655214561e-01  
  1.464497990483e-05  ,4.937946926965e-01  ,4.754386196651e-01  
  1.465182475322e-05  ,4.991786484234e-01  ,4.791127303527e-01  
  1.465920380825e-05  ,4.792438412776e-01  ,4.583931111092e-01  
  1.466973892921e-05  ,4.069053076232e-01  ,3.869137242964e-01  
  1.467905066484e-05  ,3.058243007650e-01  ,2.884249432479e-01  
  1.468408427709e-05  ,2.397159205187e-01  ,2.243588894901e-01  
  1.468669160777e-05  ,2.030103557993e-01  ,1.888656130593e-01  
  1.468840896660e-05  ,1.780743348240e-01  ,1.647802778450e-01  
  1.469074621373e-05  ,1.433192562805e-01  ,1.312434891378e-01  
  1.469542070800e-05  ,7.168348623291e-02  ,6.221556204577e-02  
  1.469902716154e-05  ,1.527893194934e-02  ,7.954719857489e-03  
  1.470229461366e-05  ,-3.601249775988e-02  ,-4.131748521067e-02  
  1.470418333584e-05  ,-6.552268585608e-02  ,-6.963331026997e-02  
  1.470645650798e-05  ,-1.007245765757e-01  ,-1.033781982471e-01  
  1.470981150442e-05  ,-1.516898388273e-01  ,-1.521797397907e-01  
  1.471558495933e-05  ,-2.351434911735e-01  ,-2.319177150873e-01  
  1.472135096365e-05  ,-3.107908757350e-01  ,-3.039424642590e-01  
  1.472720041448e-05  ,-3.771299651149e-01  ,-3.668219088847e-01  
  1.473028309220e-05  ,-4.071062298680e-01  ,-3.951021789434e-01  
  1.473330430263e-05  ,-4.327845152470e-01  ,-4.192176239178e-01  
  1.473571233028e-05  ,-4.504711059880e-01  ,-4.357439860363e-01  
  1.473824664527e-05  ,-4.663004957134e-01  ,-4.504415045917e-01  
  1.474331527525e-05  ,-4.890147463357e-01  ,-4.711956733545e-01  
  1.475111901337e-05  ,-4.996910660932e-01  ,-4.797550430538e-01  
  1.475925504738e-05  ,-4.790137268749e-01  ,-4.581712756275e-01  
  1.476979016834e-05  ,-4.064370507970e-01  ,-3.864662162959e-01  
  1.477928071791e-05  ,-3.029574611077e-01  ,-2.856485446720e-01  
  1.478435828859e-05  ,-2.359298422577e-01  ,-2.206990968712e-01  
  1.478579252535e-05  ,-2.158339378029e-01  ,-2.012645708034e-01  
  1.478781759316e-05  ,-1.867232723791e-01  ,-1.731366391145e-01  
  1.479010156864e-05  ,-1.529903629487e-01  ,-1.405751623883e-01  
  1.479466951960e-05  ,-8.334018677092e-02  ,-7.344319256941e-02  
  1.479845068926e-05  ,-2.432690826446e-02  ,-1.665689041112e-02  
  1.480179488236e-05  ,2.817900762581e-02  ,3.379407258477e-02  
  1.480392798358e-05  ,6.154414620096e-02  ,6.581562076389e-02  
  1.480665005320e-05  ,1.037005702686e-01  ,1.062300863268e-01  
  1.480936765248e-05  ,1.450318898377e-01  ,1.458098280595e-01  
  1.481480285102e-05  ,2.242316367058e-01  ,2.215004030373e-01  
  1.482026114637e-05  ,2.972013487246e-01  ,2.910197989796e-01  
  1.482639073902e-05  ,3.686583016834e-01  ,3.588098938216e-01  
  1.483005865985e-05  ,4.050494110840e-01  ,3.931661540739e-01  
  1.483345388943e-05  ,4.339564393751e-01  ,4.203156387641e-01  
  1.483458526009e-05  ,4.425079099649e-01  ,4.283139552509e-01  
  1.483658872122e-05  ,4.562733660358e-01  ,4.411433794463e-01  
  1.484059564346e-05  ,4.783361050080e-01  ,4.615145194070e-01  
  1.484860948795e-05  ,4.995229979979e-01  ,4.801431172101e-01  
  1.485641918653e-05  ,4.898672483317e-01  ,4.691779084266e-01  
  1.486812851900e-05  ,4.210788127124e-01  ,4.008124862399e-01  
  1.487841628069e-05  ,3.136465584314e-01  ,2.960053389028e-01  
  1.488411150450e-05  ,2.393405036650e-01  ,2.239687237626e-01  
  1.488949380392e-05  ,1.620507864580e-01  ,1.492994394138e-01  
  1.489046852612e-05  ,1.474926256298e-01  ,1.352550196987e-01  
  1.489136064002e-05  ,1.340467292325e-01  ,1.222889555353e-01  
  1.489314486781e-05  ,1.068497238555e-01  ,9.607538906889e-02  
  1.489671332338e-05  ,5.153530854473e-02  ,4.282163799295e-02  
  1.489994650283e-05  ,8.403311138404e-04  ,-5.921406393657e-03  
  1.490443845788e-05  ,-6.949342761945e-02  ,-7.344116288435e-02  
  1.490692695180e-05  ,-1.079515299975e-01  ,-1.103035863509e-01  
  1.490944785574e-05  ,-1.462370946511e-01  ,-1.469595895651e-01  
  1.491448966363e-05  ,-2.198237666045e-01  ,-2.172921070723e-01  
  1.491968867877e-05  ,-2.899223598255e-01  ,-2.840948710459e-01  
  1.492601943710e-05  ,-3.646932498342e-01  ,-3.550584921141e-01  
  1.492974174717e-05  ,-4.021107851513e-01  ,-3.903986342118e-01  
  1.493330275217e-05  ,-4.327723181723e-01  ,-4.192007098599e-01  
  1.493425046602e-05  ,-4.400351251461e-01  ,-4.259972559898e-01  
  1.493614589372e-05  ,-4.533845263255e-01  ,-4.384513012504e-01  
  1.493993674913e-05  ,-4.752202980709e-01  ,-4.586555697333e-01  
  1.494751845995e-05  ,-4.984813336820e-01  ,-4.793865713911e-01  
  1.495534603992e-05  ,-4.929646931125e-01  ,-4.724016096494e-01  
  1.496467714706e-05  ,-4.477826574932e-01  ,-4.270979429046e-01  
  1.497399335304e-05  ,-3.645557794763e-01  ,-3.455509435713e-01  
  1.498375957409e-05  ,-2.441793955630e-01  ,-2.286916354054e-01  
  1.498868440786e-05  ,-1.740247967203e-01  ,-1.608719619542e-01  
  1.498978318223e-05  ,-1.577439632742e-01  ,-1.451582982632e-01  
  1.499087301591e-05  ,-1.414098986876e-01  ,-1.294015454340e-01  
  1.499305268326e-05  ,-1.082638549049e-01  ,-9.744701661959e-02  
  1.499741201797e-05  ,-4.060715442823e-02  ,-3.231448658282e-02  
  1.500100580552e-05  ,1.579652720889e-02  ,2.190158036054e-02  
  1.500511554578e-05  ,8.000935659501e-02  ,8.352325714255e-02  
  1.500826937655e-05  ,1.284388630855e-01  ,1.299241304821e-01  
  1.501147610644e-05  ,1.763862819877e-01  ,1.757976562973e-01  
  1.501788956621e-05  ,2.664471409464e-01  ,2.617508031930e-01  
  1.502263335088e-05  ,3.263139700652e-01  ,3.186918208811e-01  
  1.502789569595e-05  ,3.842101968303e-01  ,3.735287857828e-01  
  1.503061217764e-05  ,4.100855228665e-01  ,3.979247538784e-01  
  1.503195384094e-05  ,4.217750098601e-01  ,4.089091027217e-01  
  1.503382095644e-05  ,4.367915272093e-01  ,4.229832354262e-01  
  1.503650577316e-05  ,4.557389488113e-01  ,4.406584666827e-01  
  1.504187540659e-05  ,4.838011587411e-01  ,4.665028102781e-01  
  1.504842372188e-05  ,4.993870617884e-01  ,4.800543778953e-01  
  1.505619020709e-05  ,4.905750085642e-01  ,4.699066562379e-01  
  1.506783546457e-05  ,4.235431699310e-01  ,4.032256683833e-01  
  1.507816196927e-05  ,3.167475318001e-01  ,2.990131795638e-01  
  1.508394361982e-05  ,2.416525316219e-01  ,2.262032707903e-01  
  1.508949281225e-05  ,1.620655227121e-01  ,1.493121697979e-01  
  1.509047945538e-05  ,1.473285798646e-01  ,1.350954146914e-01  
  1.509146125564e-05  ,1.325234519117e-01  ,1.208190470211e-01  
  1.509342485616e-05  ,1.025491963169e-01  ,9.193094899931e-02  
  1.509735205719e-05  ,4.154583230923e-02  ,3.321097105984e-02  
  1.510079683313e-05  ,-1.251531825669e-02  ,-1.875361872855e-02  
  1.510480152020e-05  ,-7.513640271093e-02  ,-7.885203183266e-02  
  1.510771171698e-05  ,-1.199538309853e-01  ,-1.218024216520e-01  
  1.511066997001e-05  ,-1.644823249735e-01  ,-1.644176711369e-01  
  1.511658647606e-05  ,-2.489083352534e-01  ,-2.450322633714e-01  
  1.512115368196e-05  ,-3.083574060909e-01  ,-3.016299526856e-01  
  1.512626105496e-05  ,-3.672791069672e-01  ,-3.575160327924e-01  
  1.512933106670e-05  ,-3.982434317183e-01  ,-3.867614909607e-01  
  1.513219656000e-05  ,-4.238102991488e-01  ,-4.108051570102e-01  
  1.513315116563e-05  ,-4.315748768678e-01  ,-4.180858466758e-01  
  1.513506037691e-05  ,-4.459330242401e-01  ,-4.315125273216e-01  
  1.513887879947e-05  ,-4.697920819861e-01  ,-4.536649799553e-01  
  1.514651564458e-05  ,-4.970073843032e-01  ,-4.781842509456e-01  
  1.515346107581e-05  ,-4.970471998547e-01  ,-4.767069379886e-01  
  1.516064865091e-05  ,-4.722811757115e-01  ,-4.514147688284e-01  
  1.517020774582e-05  ,-4.025817974164e-01  ,-3.826856631965e-01  
  1.517885637978e-05  ,-3.082329762636e-01  ,-2.907680508715e-01  
  1.518353906968e-05  ,-2.471960641221e-01  ,-2.316032016825e-01  
  1.518642132679e-05  ,-2.068828581739e-01  ,-1.926121921131e-01  
  1.518746180037e-05  ,-1.918959414968e-01  ,-1.781323718811e-01  
  1.518916183659e-05  ,-1.669749464691e-01  ,-1.540703018561e-01  
  1.519256190905e-05  ,-1.157768659655e-01  ,-1.046908560212e-01  
  1.519936205396e-05  ,-1.002016212568e-02  ,-2.901887533446e-03  
  1.520332278261e-05  ,5.209940621559e-02  ,5.676034698311e-02  
  1.520540261218e-05  ,8.445716506100e-02  ,8.779422477555e-02  
  1.520746865818e-05  ,1.162439119869e-01  ,1.182507066018e-01  
  1.521160075018e-05  ,1.782169492248e-01  ,1.775519302058e-01  
  1.521725797603e-05  ,2.580002767101e-01  ,2.537140337981e-01  
  1.522171863863e-05  ,3.152942173241e-01  ,3.082348824741e-01  
  1.522685059854e-05  ,3.734994475511e-01  ,3.634089038855e-01  
  1.522950188765e-05  ,3.998601316763e-01  ,3.882923977766e-01  
  1.523216770539e-05  ,4.235696308600e-01  ,4.105849860346e-01  
  1.523408250460e-05  ,4.387762102682e-01  ,4.248316167085e-01  
  1.523645625958e-05  ,4.554184677834e-01  ,4.403534807413e-01  
  1.524120376953e-05  ,4.810299943723e-01  ,4.639813191388e-01  
  1.524816559204e-05  ,4.991699363346e-01  ,4.799020640117e-01  
  1.525604085574e-05  ,4.910229669300e-01  ,4.703686602085e-01  
  1.526698873886e-05  ,4.304610306491e-01  ,4.100230870559e-01  
  1.527720348486e-05  ,3.282515881124e-01  ,3.101957355523e-01  
  1.528336436996e-05  ,2.495776746434e-01  ,2.338860162269e-01  
  1.528739289889e-05  ,1.928949099629e-01  ,1.790757023070e-01  
  1.528861255893e-05  ,1.750823883652e-01  ,1.618761296569e-01  
  1.528984637508e-05  ,1.568017162244e-01  ,1.442348299994e-01  
  1.529231400737e-05  ,1.195615154749e-01  ,1.083251908175e-01  
  1.529724927196e-05  ,4.315457627550e-02  ,3.475806747830e-02  
  1.530121670613e-05  ,-1.910732149980e-02  ,-2.508788270154e-02  
  1.530557753095e-05  ,-8.716401261733e-02  ,-9.038830785319e-02  
  1.530901895413e-05  ,-1.397814372284e-01  ,-1.407873665170e-01  
  1.531254605898e-05  ,-1.920099358333e-01  ,-1.907311393209e-01  
  1.531910033473e-05  ,-2.823438144887e-01  ,-2.768878214022e-01  
  1.532545866022e-05  ,-3.586109456007e-01  ,-3.493037558752e-01  
  1.532959149727e-05  ,-4.007036216284e-01  ,-3.890760914759e-01  
  1.533309476027e-05  ,-4.311268087962e-01  ,-4.176700697642e-01  
  1.533422203311e-05  ,-4.398228735759e-01  ,-4.258095063876e-01  
  1.533605785617e-05  ,-4.527997280433e-01  ,-4.379165533467e-01  
  1.533972950229e-05  ,-4.741981005898e-01  ,-4.577255516279e-01  
  1.534707279453e-05  ,-4.978872890286e-01  ,-4.789180410841e-01  
  1.535496742973e-05  ,-4.939239456094e-01  ,-4.733888246622e-01  
  1.536358924159e-05  ,-4.551229857753e-01  ,-4.343506143205e-01  
  1.537411840209e-05  ,-3.632086362379e-01  ,-3.442334005215e-01  
  1.538382054815e-05  ,-2.433431496013e-01  ,-2.278826560475e-01  
  1.538889811882e-05  ,-1.708738245707e-01  ,-1.578299399807e-01  
  1.539002595046e-05  ,-1.541207677638e-01  ,-1.416620735690e-01  
  1.539114446887e-05  ,-1.373149180058e-01  ,-1.254519972200e-01  
  1.539338150570e-05  ,-1.032155723972e-01  ,-9.258255823404e-02  
  1.539785557935e-05  ,-3.365900670369e-02  ,-2.563142871734e-02  
  1.540163302371e-05  ,2.564022550099e-02  ,3.135599630385e-02  
  1.540441320786e-05  ,6.910062901237e-02  ,7.306512168797e-02  
  1.540730403313e-05  ,1.137273004545e-01  ,1.158375374527e-01  
  1.541018554518e-05  ,1.572777457737e-01  ,1.575281528260e-01  
  1.541594856927e-05  ,2.401685792658e-01  ,2.367038097771e-01  
  1.542064019987e-05  ,3.019683040436e-01  ,2.955612385086e-01  
  1.542573416182e-05  ,3.616131203257e-01  ,3.521612035105e-01  
  1.542878368446e-05  ,3.929858169801e-01  ,3.818091773333e-01  
  1.543211111376e-05  ,4.230966052102e-01  ,4.101411619255e-01  
  1.543311079541e-05  ,4.312543251382e-01  ,4.177910395853e-01  
  1.543491607109e-05  ,4.449031947617e-01  ,4.305561998732e-01  
  1.543852662244e-05  ,4.678696694669e-01  ,4.518941693019e-01  
  1.544574772516e-05  ,4.955451155768e-01  ,4.769553649138e-01  
  1.545283024707e-05  ,4.980248398571e-01  ,4.778030273615e-01  
  1.546008338729e-05  ,4.751218627061e-01  ,4.542626546555e-01  
  1.546999712983e-05  ,4.045349955826e-01  ,3.845954315787e-01  
  1.547889014283e-05  ,3.078152161075e-01  ,2.903593461092e-01  
  1.548370768824e-05  ,2.448902930989e-01  ,2.293685237091e-01  
  1.548655790785e-05  ,2.049278137528e-01  ,1.907202491820e-01  
  1.548761123368e-05  ,1.897262984286e-01  ,1.760342865516e-01  
  1.548931983808e-05  ,1.646335003148e-01  ,1.518083403433e-01  
  1.549273704687e-05  ,1.130988365368e-01  ,1.021083215056e-01  
  1.549957146445e-05  ,6.731217350226e-03  ,-2.600611787288e-04  
  1.550354262391e-05  ,-5.553259757585e-02  ,-6.005537593420e-02  
  1.550599088469e-05  ,-9.355000668533e-02  ,-9.651111091576e-02  
  1.550820147195e-05  ,-1.274077211421e-01  ,-1.289422857054e-01  
  1.551262264648e-05  ,-1.931201697733e-01  ,-1.917966435712e-01  
  1.551778962412e-05  ,-2.651174202356e-01  ,-2.604843679683e-01  
  1.552220036784e-05  ,-3.211307553545e-01  ,-3.137666766407e-01  
  1.552732338706e-05  ,-3.783954216918e-01  ,-3.680302679171e-01  
  1.552996052006e-05  ,-4.041436714352e-01  ,-3.923262954713e-01  
  1.553250377575e-05  ,-4.263510681882e-01  ,-4.132007310755e-01  
  1.553392329761e-05  ,-4.375716332463e-01  ,-4.237112324440e-01  
  1.553576154211e-05  ,-4.508060100490e-01  ,-4.360660672160e-01  
  1.553943803111e-05  ,-4.727264803166e-01  ,-4.563770476819e-01  
  1.554679100910e-05  ,-4.974613146861e-01  ,-4.785638456257e-01  
  1.555440252224e-05  ,-4.952252521536e-01  ,-4.747565370591e-01  
  1.556231205860e-05  ,-4.630614568746e-01  ,-4.422232564557e-01  
  1.557208125988e-05  ,-3.844417416111e-01  ,-3.649478601029e-01  
  1.558184152046e-05  ,-2.700119304427e-01  ,-2.536845468818e-01  
  1.558625747958e-05  ,-2.092231662111e-01  ,-1.948595715463e-01  
  1.558763267049e-05  ,-1.894147103328e-01  ,-1.757221754017e-01  
  1.558905852535e-05  ,-1.685037093667e-01  ,-1.555335077253e-01  
  1.559191023508e-05  ,-1.257101729457e-01  ,-1.142564399937e-01  
  1.559761365452e-05  ,-3.744952391470e-02  ,-2.927188896753e-02  
  1.560170774856e-05  ,2.681238467417e-02  ,3.248784144344e-02  
  1.560505827466e-05  ,7.912120730161e-02  ,8.268329289469e-02  
  1.560835329393e-05  ,1.297123537119e-01  ,1.311547981176e-01  
  1.561167737046e-05  ,1.793409319735e-01  ,1.786318891811e-01  
  1.561832552353e-05  ,2.722166244150e-01  ,2.672626346561e-01  
  1.562321980992e-05  ,3.332379863223e-01  ,3.252781257099e-01  
  1.562853356400e-05  ,3.905446284236e-01  ,3.795201092786e-01  
  1.563127686778e-05  ,4.159691298066e-01  ,4.034665504467e-01  
  1.563250174323e-05  ,4.263343888807e-01  ,4.131937842812e-01  
  1.563426157036e-05  ,4.401179237298e-01  ,4.260991587334e-01  
  1.563746420243e-05  ,4.617242886635e-01  ,4.462188480132e-01  
  1.564386946657e-05  ,4.907552873937e-01  ,4.727587016043e-01  
  1.565060702661e-05  ,4.999090836385e-01  ,4.800796910811e-01  
  1.565816340545e-05  ,4.836468731331e-01  ,4.628375597761e-01  
  1.566970435479e-05  ,4.072206756695e-01  ,3.872233375608e-01  
  1.567964342931e-05  ,2.984053956773e-01  ,2.812063810499e-01  
  1.568496984938e-05  ,2.274171330001e-01  ,2.124459701440e-01  
  1.568646220067e-05  ,2.062981802190e-01  ,1.920307217177e-01  
  1.568873649040e-05  ,1.732576049550e-01  ,1.601203267728e-01  
  1.569114153782e-05  ,1.373591881078e-01  ,1.254861134103e-01  
  1.569595163265e-05  ,6.342030584797e-02  ,5.425428998592e-02  
  1.569953983226e-05  ,7.228046116129e-03  ,2.106597040183e-04  
  1.570324947634e-05  ,-5.095404514983e-02  ,-5.566352866764e-02  
  1.570488674143e-05  ,-7.645958283887e-02  ,-8.012595482684e-02  
  1.570669313470e-05  ,-1.043624829173e-01  ,-1.068686554447e-01  
  1.571030592123e-05  ,-1.590714975141e-01  ,-1.592431679874e-01  
  1.571608980694e-05  ,-2.421120686776e-01  ,-2.385671586833e-01  
  1.572084774771e-05  ,-3.045603147904e-01  ,-2.980353981619e-01  
  1.572603186169e-05  ,-3.648267347686e-01  ,-3.552129567802e-01  
  1.572910969654e-05  ,-3.961312638159e-01  ,-3.847842506212e-01  
  1.573220578530e-05  ,-4.238871714303e-01  ,-4.108898679759e-01  
  1.573307321915e-05  ,-4.309553350186e-01  ,-4.175171208759e-01  
  1.573480808684e-05  ,-4.441265895039e-01  ,-4.298364565649e-01  
  1.573827782223e-05  ,-4.664770187606e-01  ,-4.506112422033e-01  
  1.574521729299e-05  ,-4.943666063536e-01  ,-4.759393597507e-01  
  1.575229832479e-05  ,-4.986972116383e-01  ,-4.785642344410e-01  
  1.575965875337e-05  ,-4.771573208367e-01  ,-4.563042471703e-01  
  1.576984667727e-05  ,-4.059194139601e-01  ,-3.859508382761e-01  
  1.577894085595e-05  ,-3.071870771393e-01  ,-2.897490783139e-01  
  1.578386270949e-05  ,-2.427643935851e-01  ,-2.273102545196e-01  
  1.578663581559e-05  ,-2.038109369920e-01  ,-1.896402305269e-01  
  1.578836118379e-05  ,-1.787754890870e-01  ,-1.654581115174e-01  
  1.579062876800e-05  ,-1.450856986476e-01  ,-1.329479756890e-01  
  1.579516393641e-05  ,-7.567280321260e-02  ,-6.605696232299e-02  
  1.579889071682e-05  ,-1.742105272355e-02  ,-1.001443034175e-02  
  1.580213171938e-05  ,3.345994547802e-02  ,3.886664198845e-02  
  1.580402900973e-05  ,6.311868125954e-02  ,6.732721455748e-02  
  1.580645193854e-05  ,1.006542704198e-01  ,1.033111054145e-01  
  1.580952157775e-05  ,1.473440876250e-01  ,1.480218523569e-01  
  1.581566085616e-05  ,2.361949408188e-01  ,2.329131512536e-01  
  1.582131957212e-05  ,3.104044574583e-01  ,3.035705815032e-01  
  1.582642694512e-05  ,3.690422631327e-01  ,3.591820862297e-01  
  1.582922948101e-05  ,3.972765534169e-01  ,3.858478006929e-01  
  1.583219965497e-05  ,4.238360927682e-01  ,4.108282938698e-01  
  1.583321591416e-05  ,4.320875498502e-01  ,4.185652101073e-01  
  1.583508861759e-05  ,4.461334904398e-01  ,4.316988468814e-01  
  1.583883402446e-05  ,4.695508567678e-01  ,4.534418926369e-01  
  1.584632483819e-05  ,4.966710277399e-01  ,4.779020804466e-01  
  1.585335818627e-05  ,4.972199893477e-01  ,4.768949056891e-01  
  1.586058152416e-05  ,4.726263266974e-01  ,4.517600076155e-01  
  1.587019128302e-05  ,4.027351052939e-01  ,3.828359534897e-01  
  1.587887865999e-05  ,3.079573354841e-01  ,2.905005008221e-01  
  1.588357997635e-05  ,2.466373215660e-01  ,2.310623012583e-01  
  1.588641864756e-05  ,2.069211711331e-01  ,1.926492017954e-01  
  1.588745502332e-05  ,1.919942385104e-01  ,1.782273081439e-01  
  1.588916772553e-05  ,1.668877509101e-01  ,1.539861316914e-01  
  1.589259312996e-05  ,1.152997218927e-01  ,1.042309479513e-01  
  1.589944393882e-05  ,8.734144313240e-03  ,1.665665254493e-03  
  1.590342180380e-05  ,-5.364610598938e-02  ,-5.824479677174e-02  
  1.590557017872e-05  ,-8.705029009209e-02  ,-9.028037786219e-02  
  1.590761946091e-05  ,-1.185464957303e-01  ,-1.204562996136e-01  
  1.591171802530e-05  ,-1.799368973958e-01  ,-1.791958390012e-01  
  1.591726647267e-05  ,-2.581145920186e-01  ,-2.538120215377e-01  
  1.592284770259e-05  ,-3.288576775485e-01  ,-3.211084865724e-01  
  1.592825607905e-05  ,-3.878081520533e-01  ,-3.769123839665e-01  
  1.593101912686e-05  ,-4.137090870762e-01  ,-4.013176245394e-01  
  1.593229876408e-05  ,-4.246599523304e-01  ,-4.116043613174e-01  
  1.593410161832e-05  ,-4.389200892933e-01  ,-4.249634994654e-01  
  1.593709414402e-05  ,-4.594626115382e-01  ,-4.441090865186e-01  
  1.594307919541e-05  ,-4.882282403124e-01  ,-4.704939064449e-01  
  1.594975789586e-05  ,-4.999855375423e-01  ,-4.803348416232e-01  
  1.595743199387e-05  ,-4.864332255601e-01  ,-4.656649371245e-01  
  1.596988936463e-05  ,-4.055275381051e-01  ,-3.855659097478e-01  
  1.598037382165e-05  ,-2.891219397493e-01  ,-2.721938101768e-01  
  1.598537465134e-05  ,-2.217360660279e-01  ,-2.069299267933e-01  
  1.598687948236e-05  ,-2.003099069382e-01  ,-1.862244224526e-01  
  1.598881439814e-05  ,-1.721091348002e-01  ,-1.589946887114e-01  
  1.599181809971e-05  ,-1.271104145158e-01  ,-1.155913719485e-01  
  1.599782550284e-05  ,-3.413036052553e-02  ,-2.606298187145e-02  
  1.600185924718e-05  ,2.918838264534e-02  ,3.478284664868e-02  
  1.600500152954e-05  ,7.824096266024e-02  ,8.184981466492e-02  
  1.600833342919e-05  ,1.294109769208e-01  ,1.308743868770e-01  
  1.601168358275e-05  ,1.794320178933e-01  ,1.787244316620e-01  
  1.601838388988e-05  ,2.729851959578e-01  ,2.679975743666e-01  
  1.602329307744e-05  ,3.340951169590e-01  ,3.260934176867e-01  
  1.602861055681e-05  ,3.912986581793e-01  ,3.802329554735e-01  
  1.603135944852e-05  ,4.166874904734e-01  ,4.041426061643e-01  
  1.603257817724e-05  ,4.269604267446e-01  ,4.137854414846e-01  
  1.603432999501e-05  ,4.406269438421e-01  ,4.265791330279e-01  
  1.603760527024e-05  ,4.625700369702e-01  ,4.470060148825e-01  
  1.604415582070e-05  ,4.915963781260e-01  ,4.735068719348e-01  
  1.605092318305e-05  ,4.997897262988e-01  ,4.798971233147e-01  
  1.605843187818e-05  ,4.825599632698e-01  ,4.617382967257e-01  
  1.606968672523e-05  ,4.073812975288e-01  ,3.873805350114e-01  
  1.607944996604e-05  ,3.008382389384e-01  ,2.835767713211e-01  
  1.608469815502e-05  ,2.312095721957e-01  ,2.161215924454e-01  
  1.608613723466e-05  ,2.109371584195e-01  ,1.965209896158e-01  
  1.608833999881e-05  ,1.790862239599e-01  ,1.657532689058e-01  
  1.609066122720e-05  ,1.445976926095e-01  ,1.324719308878e-01  
  1.609530368397e-05  ,7.350221748579e-02  ,6.396235448680e-02  
  1.609896527180e-05  ,1.625061018541e-02  ,8.885440429058e-03  
  1.610221484253e-05  ,-3.476259834728e-02  ,-4.012018657533e-02  
  1.610410542735e-05  ,-6.430926062475e-02  ,-6.847171948413e-02  
  1.610644900748e-05  ,-1.006091715913e-01  ,-1.032697361752e-01  
  1.610966058025e-05  ,-1.494291630139e-01  ,-1.500182890351e-01  
  1.611537592062e-05  ,-2.322406444386e-01  ,-2.291494462842e-01  
  1.612107934007e-05  ,-3.074373210544e-01  ,-3.007559562741e-01  
  1.612698169002e-05  ,-3.748652712151e-01  ,-3.646816409354e-01  
  1.613013440320e-05  ,-4.057458201072e-01  ,-3.938217857385e-01  
  1.613323943266e-05  ,-4.322733247045e-01  ,-4.187390602620e-01  
  1.613547125408e-05  ,-4.488149547448e-01  ,-4.342005452269e-01  
  1.613798955032e-05  ,-4.648277927695e-01  ,-4.490792890277e-01  
  1.614302614281e-05  ,-4.880477969601e-01  ,-4.703329142025e-01  
  1.615094163963e-05  ,-4.997812351516e-01  ,-4.798826836614e-01  
  1.615897783586e-05  ,-4.802438581449e-01  ,-4.594000250330e-01  
  1.616964110681e-05  ,-4.077963439088e-01  ,-3.877876539293e-01  
  1.617921361277e-05  ,-3.037953430308e-01  ,-2.864489543418e-01  
  1.618434631774e-05  ,-2.360956134018e-01  ,-2.208508275624e-01  
  1.618677781472e-05  ,-2.017721172925e-01  ,-1.876649654942e-01  
  1.618859165856e-05  ,-1.753898673933e-01  ,-1.621849123461e-01  
  1.619096429595e-05  ,-1.400340341994e-01  ,-1.280721172198e-01  
  1.619570957074e-05  ,-6.719002459723e-02  ,-5.788812614520e-02  
  1.619918489406e-05  ,-1.280225498791e-02  ,-5.572838786886e-03  
  1.620252834210e-05  ,3.967335649671e-02  ,4.483257009062e-02  
  1.620442637751e-05  ,6.930550633813e-02  ,7.326207298987e-02  
  1.620652073571e-05  ,1.017125744682e-01  ,1.043248128530e-01  
  1.621034809896e-05  ,1.596994609701e-01  ,1.598421394149e-01  
  1.621628993699e-05  ,2.448577701550e-01  ,2.411862240274e-01  
  1.622104415247e-05  ,3.070012401763e-01  ,3.003568403093e-01  
  1.622629308650e-05  ,3.676203313349e-01  ,3.578570758054e-01  
  1.622940556654e-05  ,3.989499332610e-01  ,3.874424580872e-01  
  1.623229154894e-05  ,4.246001142129e-01  ,4.115594075956e-01  
  1.623326962391e-05  ,4.325114622332e-01  ,4.189753027588e-01  
  1.623519299129e-05  ,4.468713375622e-01  ,4.323982516699e-01  
  1.623903972605e-05  ,4.706513956977e-01  ,4.544645395127e-01  
  1.624673319557e-05  ,4.973690972506e-01  ,4.784879547095e-01  
  1.625375909308e-05  ,4.965174199158e-01  ,4.761357483680e-01  
  1.626106215218e-05  ,4.701087834544e-01  ,4.492459150549e-01  
  1.627049458721e-05  ,3.998933735087e-01  ,3.800554154408e-01  
  1.627905232409e-05  ,3.058036808638e-01  ,2.884097450617e-01  
  1.628366125324e-05  ,2.455259559212e-01  ,2.299865232741e-01  
  1.628617917696e-05  ,2.103396461468e-01  ,1.959537709133e-01  
  1.628791274080e-05  ,1.853359946336e-01  ,1.717968368376e-01  
  1.629020081410e-05  ,1.515054482349e-01  ,1.391438489645e-01  
  1.629477696070e-05  ,8.167564336821e-02  ,7.183854814313e-02  
  1.629849852571e-05  ,2.357635773092e-02  ,1.593334671907e-02  
  1.630181552419e-05  ,-2.850272750025e-02  ,-3.410640009665e-02  
  1.630391882309e-05  ,-6.140134523157e-02  ,-6.567971998158e-02  
  1.630660401234e-05  ,-1.029929793083e-01  ,-1.055527199790e-01  
  1.630931527862e-05  ,-1.442443767682e-01  ,-1.450565562771e-01  
  1.631473781118e-05  ,-2.233180230350e-01  ,-2.206285077693e-01  
  1.632017598996e-05  ,-2.961246048022e-01  ,-2.899957517337e-01  
  1.632635252127e-05  ,-3.682524894049e-01  ,-3.584261222389e-01  
  1.633003497073e-05  ,-4.048311345790e-01  ,-3.929607810211e-01  
  1.633345963010e-05  ,-4.340012233614e-01  ,-4.203577114761e-01  
  1.633456287482e-05  ,-4.423440967583e-01  ,-4.281610364306e-01  
  1.633658384481e-05  ,-4.562420340506e-01  ,-4.411143524762e-01  
  1.634062578478e-05  ,-4.784737461666e-01  ,-4.616405010550e-01  
  1.634870966473e-05  ,-4.995892425801e-01  ,-4.801850581618e-01  
  1.635648211041e-05  ,-4.896683130391e-01  ,-4.689735798519e-01  
  1.636836578646e-05  ,-4.190574240368e-01  ,-3.988287527537e-01  
  1.637871166268e-05  ,-3.100196688386e-01  ,-2.924818422855e-01  
  1.638437931934e-05  ,-2.356385296190e-01  ,-2.203847609916e-01  
  1.638784979978e-05  ,-1.862538774415e-01  ,-1.726528476143e-01  
  1.638911192814e-05  ,-1.677136946579e-01  ,-1.547555023763e-01  
  1.639057857493e-05  ,-1.458400263953e-01  ,-1.336534569791e-01  
  1.639351186851e-05  ,-1.012110840599e-01  ,-9.063754424724e-02  
  1.639937845567e-05  ,-9.762575118594e-03  ,-2.646941846788e-03  
  1.640298267403e-05  ,4.678320187721e-02  ,5.166115822434e-02  
  1.640521747568e-05  ,8.158942290108e-02  ,8.504551902005e-02  
  1.640726415017e-05  ,1.131171521704e-01  ,1.152563092581e-01  
  1.641135749915e-05  ,1.746417617057e-01  ,1.741344058540e-01  
  1.641721663573e-05  ,2.574438150411e-01  ,2.531739667098e-01  
  1.642175701955e-05  ,3.157618984017e-01  ,3.086701685505e-01  
  1.642689717510e-05  ,3.739854489192e-01  ,3.638646923703e-01  
  1.642955479720e-05  ,4.003585496814e-01  ,3.887643402743e-01  
  1.643220459619e-05  ,4.238772648391e-01  ,4.108852464885e-01  
  1.643340525725e-05  ,4.335764851767e-01  ,4.199770554767e-01  
  1.643521910110e-05  ,4.470551642299e-01  ,4.325739719433e-01  
  1.643884678879e-05  ,4.696197192780e-01  ,4.535183108832e-01  
  1.644610216418e-05  ,4.962559289337e-01  ,4.775580142348e-01  
  1.645335530439e-05  ,4.972247543101e-01  ,4.769036034328e-01  
  1.646061366001e-05  ,4.724613534220e-01  ,4.515910599181e-01  
  1.647025173107e-05  ,4.021716619669e-01  ,3.822796106848e-01  
  1.647895251909e-05  ,3.070425057255e-01  ,2.896088100035e-01  
  1.648365234533e-05  ,2.456478393783e-01  ,2.301018764652e-01  
  1.648634833792e-05  ,2.079260738154e-01  ,1.936184865962e-01  
  1.648775221357e-05  ,1.876755577644e-01  ,1.740541869600e-01  
  1.648926673034e-05  ,1.654209667963e-01  ,1.525687467311e-01  
  1.649229576388e-05  ,1.198397503715e-01  ,1.086059318129e-01  
  1.649835383096e-05  ,2.584643795497e-02  ,1.811790228655e-02  
  1.650211413899e-05  ,-3.318440730459e-02  ,-3.860222810051e-02  
  1.650459853509e-05  ,-7.198262031975e-02  ,-7.583185899024e-02  
  1.650778403082e-05  ,-1.210562504680e-01  ,-1.228599910931e-01  
  1.651114014485e-05  ,-1.714385576031e-01  ,-1.710721486118e-01  
  1.651785237291e-05  ,-2.659525935437e-01  ,-2.612834906752e-01  
  1.652266842821e-05  ,-3.267312477720e-01  ,-3.190914093891e-01  
  1.652790469626e-05  ,-3.843006546476e-01  ,-3.736167266411e-01  
  1.653061931530e-05  ,-4.101496573499e-01  ,-3.979873261709e-01  
  1.653195501813e-05  ,-4.217849403274e-01  ,-4.089206232509e-01  
  1.653381598690e-05  ,-4.367535313915e-01  ,-4.229495710991e-01  
  1.653650788167e-05  ,-4.557525718834e-01  ,-4.406726271880e-01  
  1.654189167121e-05  ,-4.838655999847e-01  ,-4.665621918700e-01  
  1.654843328097e-05  ,-4.993944718885e-01  ,-4.800599113030e-01  
  1.655619678596e-05  ,-4.905550277740e-01  ,-4.698863120231e-01  
  1.656786439517e-05  ,-4.233014800182e-01  ,-4.029884302362e-01  
  1.657819686034e-05  ,-3.163232760602e-01  ,-2.986009399494e-01  
  1.658397180536e-05  ,-2.412648414799e-01  ,-2.258278923034e-01  
  1.658950237134e-05  ,-1.619234679753e-01  ,-1.491749271185e-01  
  1.659044356593e-05  ,-1.478672074206e-01  ,-1.356147896360e-01  
  1.659137954512e-05  ,-1.337606158065e-01  ,-1.220117041015e-01  
  1.659325150350e-05  ,-1.052127919313e-01  ,-9.449704459174e-02  
  1.659699542025e-05  ,-4.712577549257e-02  ,-3.857851264645e-02  
  1.660031353632e-05  ,4.924937297925e-03  ,1.146163714307e-02  
  1.660453950563e-05  ,7.106492369959e-02  ,7.494817185388e-02  
  1.660713975826e-05  ,1.112130097363e-01  ,1.134274705888e-01  
  1.660979179242e-05  ,1.513947675625e-01  ,1.518989347607e-01  
  1.661509586075e-05  ,2.283358757291e-01  ,2.254165203097e-01  
  1.661994544366e-05  ,2.931988923469e-01  ,2.872220542976e-01  
  1.662509453991e-05  ,3.546019040484e-01  ,3.455220792678e-01  
  1.662827370265e-05  ,3.879828295733e-01  ,3.770881243729e-01  
  1.663097789088e-05  ,4.133449818777e-01  ,4.009841350933e-01  
  1.663206381300e-05  ,4.227002119763e-01  ,4.097730929659e-01  
  1.663368505934e-05  ,4.357486605321e-01  ,4.220032914002e-01  
  1.663683255711e-05  ,4.578263956422e-01  ,4.425950881404e-01  
  1.664312755266e-05  ,4.883915322577e-01  ,4.706440191507e-01  
  1.664938157001e-05  ,4.999056358190e-01  ,4.803418632412e-01  
  1.665696477094e-05  ,4.880787974884e-01  ,4.673443669172e-01  
  1.667139654556e-05  ,3.912291968379e-01  ,3.715744932227e-01  
  1.668381815353e-05  ,2.433760081110e-01  ,2.278540434690e-01  
  1.668959607878e-05  ,1.605301395694e-01  ,1.477881509783e-01  
  1.669088894078e-05  ,1.411699464601e-01  ,1.291165269695e-01  
  1.669217062691e-05  ,1.217471717978e-01  ,1.103954086529e-01  
  1.669473399916e-05  ,8.234134258468e-02  ,7.243940412708e-02  
  1.669921701351e-05  ,1.229788277883e-02  ,5.064736515464e-03  
  1.670267296532e-05  ,-4.193751283708e-02  ,-4.702816059248e-02  
  1.670434524813e-05  ,-6.804320708543e-02  ,-7.207491558834e-02  
  1.670665753582e-05  ,-1.038155483728e-01  ,-1.063611922132e-01  
  1.671058473685e-05  ,-1.632174143965e-01  ,-1.632237807524e-01  
  1.671660257080e-05  ,-2.491275659613e-01  ,-2.452678387691e-01  
  1.672131431797e-05  ,-3.103397512955e-01  ,-3.035366172022e-01  
  1.672654835084e-05  ,-3.703262691004e-01  ,-3.604194882834e-01  
  1.672928606668e-05  ,-3.978156277157e-01  ,-3.863747152831e-01  
  1.673215006986e-05  ,-4.234223664561e-01  ,-4.104551070840e-01  
  1.673318402418e-05  ,-4.318352712051e-01  ,-4.183426749020e-01  
  1.673504536548e-05  ,-4.458263228614e-01  ,-4.314239274537e-01  
  1.673876804808e-05  ,-4.691937162339e-01  ,-4.531208210838e-01  
  1.674621341327e-05  ,-4.964663513989e-01  ,-4.777339233703e-01  
  1.675322291949e-05  ,-4.974392474539e-01  ,-4.771369505439e-01  
  1.676047084430e-05  ,-4.731908275844e-01  ,-4.523197977215e-01  
  1.677013573745e-05  ,-4.032515715832e-01  ,-3.833361434361e-01  
  1.677886483768e-05  ,-3.081283567284e-01  ,-2.906629259289e-01  
  1.678359074095e-05  ,-2.464902206006e-01  ,-2.309172952858e-01  
  1.678646480241e-05  ,-2.062609522257e-01  ,-1.920089601780e-01  
  1.678750993261e-05  ,-1.911975622306e-01  ,-1.774557544650e-01  
  1.678921313533e-05  ,-1.662151915108e-01  ,-1.533352448627e-01  
  1.679261954078e-05  ,-1.148960030844e-01  ,-1.038405936184e-01  
  1.679943235168e-05  ,-8.916126374762e-03  ,-1.840026302625e-03  
  1.680339531550e-05  ,5.323241194799e-02  ,5.784808677325e-02  
  1.680551761338e-05  ,8.623708750183e-02  ,8.950095721144e-02  
  1.680752964267e-05  ,1.171753919596e-01  ,1.191432615934e-01  
  1.681155370125e-05  ,1.775262519215e-01  ,1.768916043690e-01  
  1.681718335995e-05  ,2.569955903380e-01  ,2.527561116908e-01  
  1.682163210163e-05  ,3.142380614870e-01  ,3.072309972080e-01  
  1.682674543509e-05  ,3.723991838215e-01  ,3.623683294061e-01  
  1.682939858684e-05  ,3.988838356223e-01  ,3.873720031559e-01  
  1.683211506853e-05  ,4.231297049357e-01  ,4.101719842510e-01  
  1.683394921520e-05  ,4.377684752378e-01  ,4.238890496509e-01  
  1.683632632294e-05  ,4.545722030930e-01  ,4.395664227827e-01  
  1.684105222622e-05  ,4.803750716853e-01  ,4.633841931788e-01  
  1.684805726209e-05  ,4.990690349746e-01  ,4.798289596187e-01  
  1.685583715835e-05  ,4.916165009289e-01  ,4.709820432035e-01  
  1.686640506187e-05  ,4.350526942542e-01  ,4.145399952716e-01  
  1.687632327476e-05  ,3.385542710442e-01  ,3.202234227953e-01  
  1.688473796049e-05  ,2.306549950520e-01  ,2.155755239809e-01  
  1.688931708732e-05  ,1.646742989926e-01  ,1.518215830974e-01  
  1.689025232145e-05  ,1.507342115964e-01  ,1.383723824789e-01  
  1.689117693850e-05  ,1.368244255992e-01  ,1.249583380425e-01  
  1.689302617261e-05  ,1.086703665672e-01  ,9.782177205306e-02  
  1.689672464082e-05  ,5.135847830192e-02  ,4.264571054267e-02  
  1.690000066110e-05  ,-1.038461215109e-05  ,-6.743414547261e-03  
  1.690451645800e-05  ,-7.070654917300e-02  ,-7.460829163753e-02  
  1.690704145977e-05  ,-1.097070923544e-01  ,-1.119889360882e-01  
  1.690964059481e-05  ,-1.491295504761e-01  ,-1.497352994383e-01  
  1.691483886489e-05  ,-2.247371205372e-01  ,-2.219866097038e-01  
  1.692023234019e-05  ,-2.968373521877e-01  ,-2.906757997048e-01  
  1.692521603355e-05  ,-3.559447589402e-01  ,-3.467857914372e-01  
  1.692837880501e-05  ,-3.890220871644e-01  ,-3.780620059097e-01  
  1.693115936169e-05  ,-4.149421324319e-01  ,-4.024796952708e-01  
  1.693222852001e-05  ,-4.240764622304e-01  ,-4.110592363696e-01  
  1.693386839280e-05  ,-4.371536775527e-01  ,-4.233131943661e-01  
  1.693713509986e-05  ,-4.597159820734e-01  ,-4.443458143165e-01  
  1.694366851398e-05  ,-4.901413220242e-01  ,-4.722068514777e-01  
  1.695003652522e-05  ,-4.999996708261e-01  ,-4.802880305242e-01  
  1.695755863139e-05  ,-4.859691371057e-01  ,-4.651926887298e-01  
  1.697004878470e-05  ,-4.040575975549e-01  ,-3.841262502322e-01  
  1.698048257777e-05  ,-2.877264841249e-01  ,-2.708399217032e-01  
  1.698545733044e-05  ,-2.205712918454e-01  ,-2.058032886589e-01  
  1.698695899495e-05  ,-1.991649114134e-01  ,-1.851177560408e-01  
  1.698883058080e-05  ,-1.718704499679e-01  ,-1.587638192069e-01  
  1.699193672785e-05  ,-1.253073494166e-01  ,-1.138529273446e-01  
  1.699814902195e-05  ,-2.905871196564e-02  ,-2.118475855094e-02  
  1.700214327821e-05  ,3.364110195019e-02  ,3.905890271128e-02  
  1.700483852574e-05  ,7.571103282310e-02  ,7.942371133727e-02  
  1.700828106651e-05  ,1.286163181447e-01  ,1.301129030244e-01  
  1.701170647094e-05  ,1.797675500928e-01  ,1.790440178713e-01  
  1.701784947464e-05  ,2.659140408374e-01  ,2.612596351561e-01  
  1.702248969623e-05  ,3.246009345591e-01  ,3.170781173364e-01  
  1.702769616196e-05  ,3.821968979126e-01  ,3.716353077979e-01  
  1.703037911603e-05  ,4.079800678844e-01  ,3.959497728463e-01  
  1.703267203221e-05  ,4.277257842087e-01  ,4.144988515817e-01  
  1.703509943137e-05  ,4.462101589311e-01  ,4.317897447385e-01  
  1.703768552789e-05  ,4.630471545543e-01  ,4.474459638115e-01  
  1.704285772094e-05  ,4.874659766175e-01  ,4.698160316772e-01  
  1.705061526546e-05  ,4.999065990484e-01  ,4.800769939445e-01  
  1.705853821287e-05  ,4.821199729220e-01  ,4.612942261653e-01  
  1.706949801692e-05  ,4.090927693838e-01  ,3.890579555333e-01  
  1.707924337634e-05  ,3.034238782327e-01  ,2.860876612984e-01  
  1.708447442898e-05  ,2.343198125169e-01  ,2.191318750633e-01  
  1.708594945768e-05  ,2.136077346718e-01  ,1.991039008191e-01  
  1.708794397810e-05  ,1.848801847965e-01  ,1.713493868943e-01  
  1.709024434486e-05  ,1.508536736187e-01  ,1.385078296371e-01  
  1.709484507838e-05  ,8.061983930894e-02  ,7.081980669794e-02  
  1.709852752784e-05  ,2.312129034249e-02  ,1.549517782231e-02  
  1.710183633068e-05  ,-2.882901752497e-02  ,-3.441986796298e-02  
  1.710390014151e-05  ,-6.111010609964e-02  ,-6.540033568004e-02  
  1.710654807785e-05  ,-1.021330458269e-01  ,-1.047286630265e-01  
  1.710928095081e-05  ,-1.437279989466e-01  ,-1.445622965885e-01  
  1.711474669674e-05  ,-2.234428934650e-01  ,-2.207477512828e-01  
  1.712019456127e-05  ,-2.963596072336e-01  ,-2.902193332935e-01  
  1.712637854317e-05  ,-3.685288586371e-01  ,-3.586876371772e-01  
  1.713006285527e-05  ,-4.050880451970e-01  ,-3.932028083165e-01  
  1.713348341683e-05  ,-4.341866372993e-01  ,-4.205314102689e-01  
  1.713460584679e-05  ,-4.426583682332e-01  ,-4.284547126816e-01  
  1.713662011126e-05  ,-4.564747976650e-01  ,-4.413307764841e-01  
  1.714064864019e-05  ,-4.785778299714e-01  ,-4.617357174877e-01  
  1.714870569804e-05  ,-4.995867135838e-01  ,-4.801834290785e-01  
  1.715651092628e-05  ,-4.895765721747e-01  ,-4.688793619602e-01  
  1.716844526628e-05  ,-4.183750879268e-01  ,-3.981593539973e-01  
  1.717881498435e-05  ,-3.087447007504e-01  ,-2.912434175729e-01  
  1.718447742561e-05  ,-2.342782295849e-01  ,-2.190679768626e-01  
  1.718764503995e-05  ,-1.892348788843e-01  ,-1.755318100866e-01  
  1.718962503174e-05  ,-1.600993585000e-01  ,-1.474076845854e-01  
  1.719167207876e-05  ,-1.293274044870e-01  ,-1.177322028404e-01  
  1.719576617280e-05  ,-6.630888002446e-02  ,-5.703097484019e-02  
  1.719908652404e-05  ,-1.434687739720e-02  ,-7.052194030919e-03  
  1.720235174099e-05  ,3.690746264859e-02  ,4.218502064376e-02  
  1.720402365127e-05  ,6.303518326926e-02  ,6.725819000944e-02  
  1.720630539158e-05  ,9.839838327146e-02  ,1.011602960820e-01  
  1.720955011943e-05  ,1.477724512049e-01  ,1.484364395450e-01  
  1.721528408626e-05  ,2.309621989700e-01  ,2.279291029981e-01  
  1.722097931007e-05  ,3.061966643119e-01  ,2.995763867887e-01  
  1.722693157890e-05  ,3.743439199769e-01  ,3.641886793177e-01  
  1.723011707464e-05  ,4.055866982122e-01  ,3.936720153260e-01  
  1.723325861195e-05  ,4.324246489841e-01  ,4.188808726148e-01  
  1.723545429805e-05  ,4.486974996439e-01  ,4.340910743738e-01  
  1.723797780970e-05  ,4.647598148542e-01  ,4.490164016814e-01  
  1.724302483299e-05  ,4.880433248555e-01  ,4.703289418755e-01  
  1.725100887516e-05  ,4.997488817609e-01  ,4.798371012728e-01  
  1.725900930861e-05  ,4.801060284383e-01  ,4.592612191586e-01  
  1.726966214874e-05  ,4.076050038172e-01  ,3.876002186351e-01  
  1.727921677330e-05  ,3.037559105096e-01  ,2.864106999327e-01  
  1.728434053758e-05  ,2.361756445521e-01  ,2.209282940724e-01  
  1.728676607409e-05  ,2.019408417056e-01  ,1.878280493889e-01  
  1.728858271191e-05  ,1.755214644290e-01  ,1.623120112260e-01  
  1.729095460424e-05  ,1.401801723061e-01  ,1.282130978873e-01  
  1.729569838890e-05  ,6.736407113158e-02  ,5.805568461814e-02  
  1.729916961440e-05  ,1.304218700755e-02  ,5.803496073540e-03  
  1.730249778876e-05  ,-3.919492072102e-02  ,-4.437326295249e-02  
  1.730439060876e-05  ,-6.874903216255e-02  ,-7.272831886194e-02  
  1.730650359342e-05  ,-1.014489194905e-01  ,-1.040721914519e-01  
  1.731026464650e-05  ,-1.584567081387e-01  ,-1.586533678512e-01  
  1.731617221186e-05  ,-2.432437952499e-01  ,-2.396427378410e-01  
  1.732094728896e-05  ,-3.057988719657e-01  ,-2.992104823410e-01  
  1.732620218346e-05  ,-3.666509930416e-01  ,-3.569372713067e-01  
  1.732930758545e-05  ,-3.980203005455e-01  ,-3.865640217920e-01  
  1.733227217147e-05  ,-4.244393009881e-01  ,-4.114068073067e-01  
  1.733318579891e-05  ,-4.318493223086e-01  ,-4.183535501724e-01  
  1.733501305380e-05  ,-4.455963147839e-01  ,-4.312073556021e-01  
  1.733866756359e-05  ,-4.686459055214e-01  ,-4.526139214939e-01  
  1.734597658315e-05  ,-4.960111149836e-01  ,-4.773550695293e-01  
  1.735303973356e-05  ,-4.977218583726e-01  ,-4.774675095275e-01  
  1.736030553976e-05  ,-4.740232757470e-01  ,-4.531627680363e-01  
  1.737007921138e-05  ,-4.037758939446e-01  ,-3.838525759515e-01  
  1.737888281742e-05  ,-3.079058850035e-01  ,-2.904476689605e-01  
  1.738364895383e-05  ,-2.456942389304e-01  ,-2.301470299743e-01  
  1.738649246791e-05  ,-2.058650051186e-01  ,-1.916263756474e-01  
  1.738753815690e-05  ,-1.907878358117e-01  ,-1.770600385514e-01  
  1.738925048658e-05  ,-1.656617327401e-01  ,-1.528011021580e-01  
  1.739267514595e-05  ,-1.140457577607e-01  ,-1.030211657577e-01  
  1.739952446470e-05  ,-7.469413226355e-03  ,-4.494798656802e-04  
  1.740350083956e-05  ,5.488026368208e-02  ,5.942944968748e-02  
  1.740569131026e-05  ,8.892332630418e-02  ,9.207612187261e-02  
  1.740780839273e-05  ,1.214275056344e-01  ,1.232156101386e-01  
  1.741204255769e-05  ,1.846836621872e-01  ,1.837345853635e-01  
  1.741735109636e-05  ,2.592521289359e-01  ,2.548965300336e-01  
  1.742168584415e-05  ,3.148942452726e-01  ,3.078435572586e-01  
  1.742674851367e-05  ,3.724314510164e-01  ,3.623924228332e-01  
  1.742937856862e-05  ,3.986941571585e-01  ,3.871926039724e-01  
  1.743207977661e-05  ,4.228340958085e-01  ,4.099032659198e-01  
  1.743320462802e-05  ,4.319983158141e-01  ,4.184963004520e-01  
  1.743501754054e-05  ,4.456282807362e-01  ,4.312403776002e-01  
  1.743864336559e-05  ,4.685132874928e-01  ,4.524957205576e-01  
  1.744589501569e-05  ,4.958479672325e-01  ,4.772104856772e-01  
  1.745298200795e-05  ,4.978074995272e-01  ,4.775436197447e-01  
  1.746025749990e-05  ,4.742628005632e-01  ,4.533931450302e-01  
  1.747006246397e-05  ,4.039309945517e-01  ,3.840013839000e-01  
  1.747888842174e-05  ,3.078365199680e-01  ,2.903794501132e-01  
  1.748366573402e-05  ,2.454646399273e-01  ,2.299243054119e-01  
  1.748650067994e-05  ,2.057474450378e-01  ,1.915123942165e-01  
  1.748754674146e-05  ,1.906631857047e-01  ,1.769392988681e-01  
  1.748926167884e-05  ,1.654958449626e-01  ,1.526407031144e-01  
  1.749269155362e-05  ,1.137948054338e-01  ,1.027790894631e-01  
  1.749955130318e-05  ,7.047879784898e-03  ,4.419837498197e-05  
  1.750353214839e-05  ,-5.536906359090e-02  ,-5.989860114212e-02  
  1.750598636964e-05  ,-9.348033590178e-02  ,-9.644452492696e-02  
  1.750819695690e-05  ,-1.273391387574e-01  ,-1.288767734312e-01  
  1.751261813143e-05  ,-1.930547492598e-01  ,-1.917342789922e-01  
  1.751778883436e-05  ,-2.651069021025e-01  ,-2.604744418486e-01  
  1.752219883302e-05  ,-3.211122758648e-01  ,-3.137491945200e-01  
  1.752732408741e-05  ,-3.784026125763e-01  ,-3.680371147447e-01  
  1.752996196547e-05  ,-4.041570391542e-01  ,-3.923389340454e-01  
  1.753250559369e-05  ,-4.263659851578e-01  ,-4.132147666479e-01  
  1.753392548808e-05  ,-4.375882809183e-01  ,-4.237268448205e-01  
  1.753576410511e-05  ,-4.508234226629e-01  ,-4.360823213192e-01  
  1.753944133917e-05  ,-4.727434051118e-01  ,-4.563926434143e-01  
  1.754679580727e-05  ,-4.974688944315e-01  ,-4.785700933467e-01  
  1.755440881053e-05  ,-4.952116243326e-01  ,-4.747421033813e-01  
  1.756232728758e-05  ,-4.629711662338e-01  ,-4.421335352278e-01  
  1.757210393944e-05  ,-3.842138618670e-01  ,-3.647253214123e-01  
  1.758186718026e-05  ,-2.696726047319e-01  ,-2.533556640728e-01  
  1.758628462949e-05  ,-2.088357524997e-01  ,-1.944849889870e-01  
  1.758766037920e-05  ,-1.890118317357e-01  ,-1.753329135297e-01  
  1.758908008733e-05  ,-1.681847889087e-01  ,-1.552255471394e-01  
  1.759191950360e-05  ,-1.255692546414e-01  ,-1.141204913293e-01  
  1.759759833613e-05  ,-3.768946445993e-02  ,-2.950265395900e-02  
  1.760170211592e-05  ,2.672403427447e-02  ,3.240300640175e-02  
  1.760507015088e-05  ,7.930540261195e-02  ,8.285995524455e-02  
  1.760836666027e-05  ,1.299151120111e-01  ,1.313489595091e-01  
  1.761169334450e-05  ,1.795751328586e-01  ,1.788557845141e-01  
  1.761834671298e-05  ,2.724957542782e-01  ,2.675284826876e-01  
  1.762324844995e-05  ,3.335732462974e-01  ,3.255962917253e-01  
  1.762856667438e-05  ,3.908691755033e-01  ,3.798264574456e-01  
  1.763131295839e-05  ,4.162834227107e-01  ,4.037620002225e-01  
  1.763253634372e-05  ,4.266180912779e-01  ,4.134635926669e-01  
  1.763429207304e-05  ,4.403450886128e-01  ,4.263150174083e-01  
  1.763752711514e-05  ,4.621025925266e-01  ,4.465723553957e-01  
  1.764399719933e-05  ,4.911353800211e-01  ,4.730979514225e-01  
  1.765075040558e-05  ,4.998610649731e-01  ,4.800031985803e-01  
  1.765828443268e-05  ,4.831611497368e-01  ,4.623463037350e-01  
  1.766969574192e-05  ,4.072991626121e-01  ,3.873002108402e-01  
  1.767955435017e-05  ,2.995269602435e-01  ,2.822955712294e-01  
  1.768484500745e-05  ,2.291618102280e-01  ,2.141343704873e-01  
  1.768631407568e-05  ,2.084154006107e-01  ,1.940778348093e-01  
  1.768868857571e-05  ,1.739634200639e-01  ,1.608025753876e-01  
  1.769100123593e-05  ,1.394769097954e-01  ,1.275290650720e-01  
  1.769562655637e-05  ,6.848195396279e-02  ,5.912711320908e-02  
  1.769905903885e-05  ,1.477843061113e-02  ,7.469006303511e-03  
  1.770230264911e-05  ,-3.613838936636e-02  ,-4.144156500132e-02  
  1.770416454920e-05  ,-6.523011945748e-02  ,-6.935515138462e-02  
  1.770639786074e-05  ,-9.982206348677e-02  ,-1.025151171444e-01  
  1.770975583741e-05  ,-1.508564033041e-01  ,-1.513835437238e-01  
  1.771552705714e-05  ,-2.343404340693e-01  ,-2.311522372458e-01  
  1.772128859112e-05  ,-3.100227966205e-01  ,-3.032129466621e-01  
  1.772715964863e-05  ,-3.767092185327e-01  ,-3.664245069481e-01  
  1.773026169786e-05  ,-4.069110316786e-01  ,-3.949186702802e-01  
  1.773330488750e-05  ,-4.327891159911e-01  ,-4.192221260484e-01  
  1.773568311283e-05  ,-4.502717613544e-01  ,-4.355583830969e-01  
  1.773821519265e-05  ,-4.661219585369e-01  ,-4.502765276250e-01  
  1.774327935228e-05  ,-4.888968021062e-01  ,-4.710901584991e-01  
  1.775110991248e-05  ,-4.996960702422e-01  ,-4.797619383968e-01  
  1.775922955522e-05  ,-4.791283670888e-01  ,-4.582867149144e-01  
  1.776977510700e-05  ,-4.065748006279e-01  ,-3.866011621161e-01  
  1.777927161703e-05  ,-3.030711747137e-01  ,-2.857589429545e-01  
  1.778435365805e-05  ,-2.359939694291e-01  ,-2.207611658725e-01  
  1.778579404154e-05  ,-2.158124544728e-01  ,-2.012438208169e-01  
  1.778781240383e-05  ,-1.867988863083e-01  ,-1.732096801234e-01  
  1.779009600678e-05  ,-1.530735358322e-01  ,-1.406554196536e-01  
  1.779466321269e-05  ,-8.343786807108e-02  ,-7.353726260476e-02  
  1.779844810763e-05  ,-2.436741224779e-02  ,-1.669582970424e-02  
  1.780179341832e-05  ,2.815604707482e-02  ,3.377203731721e-02  
  1.780392912725e-05  ,6.156197418725e-02  ,6.583274283939e-02  
  1.780665380457e-05  ,1.037582145931e-01  ,1.062853449535e-01  
  1.780937140384e-05  ,1.450882817691e-01  ,1.458638175679e-01  
  1.781480660239e-05  ,2.242843035857e-01  ,2.215506763275e-01  
  1.782026564279e-05  ,2.972581438592e-01  ,2.910738190200e-01  
  1.782639300027e-05  ,3.686822959594e-01  ,3.588325891448e-01  
  1.783006017604e-05  ,4.050633739667e-01  ,3.931792966184e-01  
  1.783345391551e-05  ,4.339566428385e-01  ,4.203158245568e-01  
  1.783458696255e-05  ,4.425203594293e-01  ,4.283255815899e-01  
  1.783658930609e-05  ,4.562771232401e-01  ,4.411468686440e-01  
  1.784059399316e-05  ,4.783285564670e-01  ,4.615076108230e-01  
  1.784860336730e-05  ,4.995187901676e-01  ,4.801404008254e-01  
  1.785641604611e-05  ,4.898771266938e-01  ,4.691880582692e-01  
  1.786811494777e-05  ,4.211937258646e-01  ,4.009252805446e-01  
  1.787839823911e-05  ,3.138672124782e-01  ,2.962197263623e-01  
  1.788409569809e-05  ,2.395584668977e-01  ,2.241797587659e-01  
  1.788948544809e-05  ,1.621749491461e-01  ,1.494193552555e-01  
  1.789045569995e-05  ,1.476851215404e-01  ,1.354407873614e-01  
  1.789135256359e-05  ,1.341689450407e-01  ,1.224068858331e-01  
  1.789314629087e-05  ,1.068278867359e-01  ,9.605441964154e-02  
  1.789673374543e-05  ,5.121621779094e-02  ,4.251468555963e-02  
  1.789997400293e-05  ,4.083610135305e-04  ,-6.336464180093e-03  
  1.790444807658e-05  ,-6.964304817654e-02  ,-7.358460702107e-02  
  1.790693768808e-05  ,-1.081161915200e-01  ,-1.104612563511e-01  
  1.790946902284e-05  ,-1.465550155756e-01  ,-1.472637488765e-01  
  1.791453169236e-05  ,-2.204165340344e-01  ,-2.178578628367e-01  
  1.791974337348e-05  ,-2.906218981073e-01  ,-2.847603874625e-01  
  1.792603836903e-05  ,-3.648966248843e-01  ,-3.552508303671e-01  
  1.792974726805e-05  ,-4.021623204254e-01  ,-3.904470067170e-01  
  1.793328778395e-05  ,-4.326545146605e-01  ,-4.190901728274e-01  
  1.793421677822e-05  ,-4.397836073742e-01  ,-4.257619198016e-01  
  1.793607476676e-05  ,-4.529123271908e-01  ,-4.380116107405e-01  
  1.793979074383e-05  ,-4.745022547742e-01  ,-4.579960490166e-01  
  1.794722269797e-05  ,-4.980980003121e-01  ,-4.790821421278e-01  
  1.795508455062e-05  ,-4.936346649300e-01  ,-4.731005961228e-01  
  1.796391646886e-05  ,-4.529706345805e-01  ,-4.322264850328e-01  
  1.797340999866e-05  ,-3.707655311964e-01  ,-3.516047622902e-01  
  1.798359643245e-05  ,-2.464124334404e-01  ,-2.308517074130e-01  
  1.798873286271e-05  ,-1.733110569598e-01  ,-1.601809114475e-01  
  1.798988304609e-05  ,-1.562546435971e-01  ,-1.437193156728e-01  
  1.799102391624e-05  ,-1.391347548775e-01  ,-1.272055388190e-01  
  1.799330565655e-05  ,-1.043810516783e-01  ,-9.370414126977e-02  
  1.799786913717e-05  ,-3.344652099247e-02  ,-2.542616110959e-02  
  1.800167936409e-05  ,2.636715327842e-02  ,3.205483444579e-02  
  1.800443905914e-05  ,6.950278053915e-02  ,7.345139306569e-02  
  1.800736788237e-05  ,1.147037241147e-01  ,1.167731504951e-01  
  1.801028962755e-05  ,1.588288342053e-01  ,1.590119824501e-01  
  1.801613311791e-05  ,2.427070925039e-01  ,2.391240249848e-01  
  1.802080090666e-05  ,3.039764565396e-01  ,2.974698224584e-01  
  1.802589039826e-05  ,3.633036253778e-01  ,3.537598210680e-01  
  1.802893470550e-05  ,3.944480511879e-01  ,3.831872180317e-01  
  1.803211535835e-05  ,4.231321304123e-01  ,4.101731721080e-01  
  1.803304248998e-05  ,4.307103799813e-01  ,4.172800934300e-01  
  1.803489675322e-05  ,4.447646395915e-01  ,4.304257256701e-01  
  1.803860080937e-05  ,4.682793997352e-01  ,4.522717401472e-01  
  1.804600892165e-05  ,4.960748954969e-01  ,4.774079541361e-01  
  1.805296478370e-05  ,4.978327361403e-01  ,4.775895301189e-01  
  1.806018812159e-05  ,4.746068114238e-01  ,4.537467242374e-01  
  1.807001990774e-05  ,4.043246117072e-01  ,3.843894818006e-01  
  1.807885629633e-05  ,3.082340083422e-01  ,2.907660963486e-01  
  1.808364627460e-05  ,2.457308917893e-01  ,2.301824011951e-01  
  1.808656354943e-05  ,2.048469778400e-01  ,1.906422945541e-01  
  1.808762339452e-05  ,1.895495489051e-01  ,1.758637137654e-01  
  1.808931281367e-05  ,1.647376825815e-01  ,1.519090083726e-01  
  1.809269165197e-05  ,1.137933011329e-01  ,1.027777359857e-01  
  1.809944932857e-05  ,8.649495111323e-03  ,1.583895483725e-03  
  1.810339068571e-05  ,-5.316010013399e-02  ,-5.777842618602e-02  
  1.810549510220e-05  ,-8.588876021876e-02  ,-8.916669191160e-02  
  1.810748589733e-05  ,-1.165072670262e-01  ,-1.185030724572e-01  
  1.811146748760e-05  ,-1.762595952107e-01  ,-1.756804840003e-01  
  1.811714035967e-05  ,-2.564159607848e-01  ,-2.522037344194e-01  
  1.812160698274e-05  ,-3.139310584106e-01  ,-3.069394916588e-01  
  1.812671957114e-05  ,-3.721279612413e-01  ,-3.621123045237e-01  
  1.812937644818e-05  ,-3.986740561796e-01  ,-3.871746501551e-01  
  1.813210745850e-05  ,-4.230660064761e-01  ,-4.101125657862e-01  
  1.813392279246e-05  ,-4.375677937953e-01  ,-4.237016562889e-01  
  1.813630288044e-05  ,-4.544187173396e-01  ,-4.394239256676e-01  
  1.814097737470e-05  ,-4.800475688581e-01  ,-4.630854797884e-01  
  1.814803009430e-05  ,-4.990428235266e-01  ,-4.798098868091e-01  
  1.815578018823e-05  ,-4.917788989394e-01  ,-4.711502105960e-01  
  1.816625123420e-05  ,-4.362385303941e-01  ,-4.157073167926e-01  
  1.817608898082e-05  ,-3.412533320442e-01  ,-3.228496442567e-01  
  1.818544243971e-05  ,-2.207811809571e-01  ,-2.060524398053e-01  
  1.818917220035e-05  ,-1.668214899390e-01  ,-1.539203930177e-01  
  1.818995581517e-05  ,-1.551684324560e-01  ,-1.426750788596e-01  
  1.819094785997e-05  ,-1.402818591456e-01  ,-1.283154090416e-01  
  1.819293194959e-05  ,-1.101145606797e-01  ,-9.923263050506e-02  
  1.819690012881e-05  ,-4.861573318055e-02  ,-4.002035903261e-02  
  1.820026928136e-05  ,4.229811220276e-03  ,1.078808368283e-02  
  1.820472249338e-05  ,7.390891811850e-02  ,7.767367265003e-02  
  1.820733913729e-05  ,1.142641926658e-01  ,1.163504097015e-01  
  1.821008504876e-05  ,1.557785013377e-01  ,1.560931330742e-01  
  1.821557687172e-05  ,2.350313692354e-01  ,2.318048734543e-01  
  1.822024242529e-05  ,2.969648158352e-01  ,2.908038830665e-01  
  1.822535054335e-05  ,3.574254305992e-01  ,3.481988865495e-01  
  1.822843769142e-05  ,3.896025059116e-01  ,3.786189387025e-01  
  1.823122309098e-05  ,4.154998258928e-01  ,4.030122043410e-01  
  1.823227939704e-05  ,4.244992842642e-01  ,4.114636068872e-01  
  1.823392839679e-05  ,4.376103840117e-01  ,4.237470703510e-01  
  1.823722639629e-05  ,4.602780415017e-01  ,4.448723327256e-01  
  1.824382239529e-05  ,4.906132250009e-01  ,4.726298827748e-01  
  1.825022691438e-05  ,4.999872953725e-01  ,4.802361782952e-01  
  1.825773262927e-05  ,4.853189439264e-01  ,4.645325719678e-01  
  1.826996350238e-05  ,4.048452104434e-01  ,3.848972877571e-01  
  1.828024977395e-05  ,2.907094811090e-01  ,2.737351642904e-01  
  1.828516939232e-05  ,2.246212493030e-01  ,2.097227436005e-01  
  1.828663995066e-05  ,2.037516228739e-01  ,1.895526273473e-01  
  1.828863521615e-05  ,1.747489779472e-01  ,1.615455170996e-01  
  1.829151263037e-05  ,1.317451488795e-01  ,1.200616081380e-01  
  1.829726745883e-05  ,4.286995664226e-02  ,3.447105033011e-02  
  1.830184137025e-05  ,-2.890804689261e-02  ,-3.451350674108e-02  
  1.830636312762e-05  ,-9.928740113588e-02  ,-1.020197120801e-01  
  1.831045200625e-05  ,-1.612452866098e-01  ,-1.613342902526e-01  
  1.831456919709e-05  ,-2.209451712678e-01  ,-2.183633771667e-01  
  1.832012509504e-05  ,-2.954800614313e-01  ,-2.893903525640e-01  
  1.832602297464e-05  ,-3.647312613978e-01  ,-3.550997366083e-01  
  1.832969722846e-05  ,-4.016947783641e-01  ,-3.900098971828e-01  
  1.833317329684e-05  ,-4.317503107263e-01  ,-4.182455316339e-01  
  1.833414448002e-05  ,-4.392421564217e-01  ,-4.252578777865e-01  
  1.833608684638e-05  ,-4.529926811384e-01  ,-4.380883526284e-01  
  1.833997157910e-05  ,-4.753901128067e-01  ,-4.588127987854e-01  
  1.834774104455e-05  ,-4.987414432395e-01  ,-4.795895042799e-01  
  1.835540918210e-05  ,-4.927979258661e-01  ,-4.722285648176e-01  
  1.836498615840e-05  ,-4.456019280977e-01  ,-4.249448666161e-01  
  1.837433067659e-05  ,-3.609089973790e-01  ,-3.419969115500e-01  
  1.838392702439e-05  ,-2.418807118592e-01  ,-2.264673941358e-01  
  1.838874755004e-05  ,-1.730946332631e-01  ,-1.599747262082e-01  
  1.838989289054e-05  ,-1.561077448385e-01  ,-1.435801399851e-01  
  1.839095664719e-05  ,-1.401493684446e-01  ,-1.281863924877e-01  
  1.839308416048e-05  ,-1.077810890740e-01  ,-9.698234248153e-02  
  1.839733918706e-05  ,-4.174729338284e-02  ,-3.341161907859e-02  
  1.840088082054e-05  ,1.383413104036e-02  ,2.001611753521e-02  
  1.840503749946e-05  ,7.879896614940e-02  ,8.236242696974e-02  
  1.840808366933e-05  ,1.256174970250e-01  ,1.272224356332e-01  
  1.841119875708e-05  ,1.723031338915e-01  ,1.718942998391e-01  
  1.841742893258e-05  ,2.602968089471e-01  ,2.558912347151e-01  
  1.842205946842e-05  ,3.194311960306e-01  ,3.121556925844e-01  
  1.842724656263e-05  ,3.776055162099e-01  ,3.672876693382e-01  
  1.842992206612e-05  ,4.037877290831e-01  ,3.919956430889e-01  
  1.843250928023e-05  ,4.263962305459e-01  ,4.132482690957e-01  
  1.843389788219e-05  ,4.373783234710e-01  ,4.235351004820e-01  
  1.843573631296e-05  ,4.506344511948e-01  ,4.359103107440e-01  
  1.843941317448e-05  ,4.725991447133e-01  ,4.562628808230e-01  
  1.844676689753e-05  ,4.974230541729e-01  ,4.785339250607e-01  
  1.845436052927e-05  ,4.953157627176e-01  ,4.748532825785e-01  
  1.846221493134e-05  ,4.636348169142e-01  ,4.427935078167e-01  
  1.847193346867e-05  ,3.859219331361e-01  ,3.663936342350e-01  
  1.848167584786e-05  ,2.721985549408e-01  ,2.558040270248e-01  
  1.848608212122e-05  ,2.117217504524e-01  ,1.972755387377e-01  
  1.848745246926e-05  ,1.920312813454e-01  ,1.782504417244e-01  
  1.848892004737e-05  ,1.705500701101e-01  ,1.575096314497e-01  
  1.849185520360e-05  ,1.265466497934e-01  ,1.150634776266e-01  
  1.849772551605e-05  ,3.569711504474e-02  ,2.758648733360e-02  
  1.850175255486e-05  ,-2.751516093785e-02  ,-3.316267134423e-02  
  1.850497604856e-05  ,-7.784561405163e-02  ,-8.145983880341e-02  
  1.850826324472e-05  ,-1.283457742496e-01  ,-1.298460970718e-01  
  1.851157167503e-05  ,-1.777901601681e-01  ,-1.771492647871e-01  
  1.851818853566e-05  ,-2.704091700212e-01  ,-2.655410819376e-01  
  1.852303737351e-05  ,-3.310960661770e-01  ,-3.232452423374e-01  
  1.852832281539e-05  ,-3.884689860394e-01  ,-3.775605832032e-01  
  1.853105494329e-05  ,-4.140247753496e-01  ,-4.016384150346e-01  
  1.853230608204e-05  ,-4.247206208721e-01  ,-4.116802799813e-01  
  1.853408770213e-05  ,-4.388153504379e-01  ,-4.248817237322e-01  
  1.853711040267e-05  ,-4.595632856841e-01  ,-4.442148779337e-01  
  1.854315580377e-05  ,-4.884864085472e-01  ,-4.707327323611e-01  
  1.854981662282e-05  ,-4.999917028467e-01  ,-4.803318395613e-01  
  1.855747581968e-05  ,-4.862734879744e-01  ,-4.655042352748e-01  
  1.856988401660e-05  ,-4.055766737095e-01  ,-3.856143404196e-01  
  1.858033420095e-05  ,-2.896294771214e-01  ,-2.726864402297e-01  
  1.858532236466e-05  ,-2.224719035379e-01  ,-2.076420366002e-01  
  1.858682067642e-05  ,-2.011559193351e-01  ,-1.870423930758e-01  
  1.858877645382e-05  ,-1.726686168469e-01  ,-1.595352905197e-01  
  1.859174103984e-05  ,-1.282807264182e-01  ,-1.167200021385e-01  
  1.859767021188e-05  ,-3.656355978544e-02  ,-2.840364977001e-02  
  1.860182167539e-05  ,2.859919265897e-02  ,3.421695632241e-02  
  1.860516661355e-05  ,8.080108714858e-02  ,8.430510283211e-02  
  1.860853837380e-05  ,1.325178393047e-01  ,1.338495400830e-01  
  1.861194217154e-05  ,1.832173945324e-01  ,1.823429174145e-01  
  1.861865961501e-05  ,2.766035075096e-01  ,2.714319245706e-01  
  1.862366864035e-05  ,3.384608050203e-01  ,3.302249904244e-01  
  1.862904348919e-05  ,3.954958304140e-01  ,3.841854841182e-01  
  1.863186167130e-05  ,4.209957023052e-01  ,4.081838795630e-01  
  1.863305097023e-05  ,4.307780197016e-01  ,4.173590574412e-01  
  1.863479142585e-05  ,4.440063109922e-01  ,4.297316454948e-01  
  1.863827233711e-05  ,4.664459946138e-01  ,4.505898747281e-01  
  1.864523415962e-05  ,4.944061954563e-01  ,4.759708301920e-01  
  1.865230103531e-05  ,4.986941382877e-01  ,4.785439144636e-01  
  1.865965326825e-05  ,4.771830586734e-01  ,4.563285868647e-01  
  1.866985013285e-05  ,4.058877184097e-01  ,3.859239487441e-01  
  1.867895027199e-05  ,3.070703629876e-01  ,2.896393618214e-01  
  1.868387436071e-05  ,2.426043801643e-01  ,2.271580080439e-01  
  1.868663070300e-05  ,2.038842679989e-01  ,1.897132125489e-01  
  1.868835290471e-05  ,1.788969336309e-01  ,1.655772059380e-01  
  1.869062719443e-05  ,1.451093524578e-01  ,1.329722919369e-01  
  1.869517577389e-05  ,7.548899713613e-02  ,6.588095484571e-02  
  1.869889733890e-05  ,1.731709617791e-02  ,9.915163789396e-03  
  1.870213834146e-05  ,-3.356373090533e-02  ,-3.896578513621e-02  
  1.870403488675e-05  ,-6.321025764359e-02  ,-6.741464350305e-02  
  1.870645111004e-05  ,-1.006415226928e-01  ,-1.032985521369e-01  
  1.870953155258e-05  ,-1.474938069562e-01  ,-1.481648665766e-01  
  1.871569243768e-05  ,-2.366320655043e-01  ,-2.333299779913e-01  
  1.872135562399e-05  ,-3.108482170355e-01  ,-3.039921889730e-01  
  1.872646001676e-05  ,-3.693925667689e-01  ,-3.595133842566e-01  
  1.872925584713e-05  ,-3.975278916044e-01  ,-3.860847066314e-01  
  1.873220329681e-05  ,-4.238664389151e-01  ,-4.108567103608e-01  
  1.873323725113e-05  ,-4.322561025226e-01  ,-4.187230434233e-01  
  1.873510026881e-05  ,-4.462160941798e-01  ,-4.317758693844e-01  
  1.873882630417e-05  ,-4.695091697992e-01  ,-4.534033807535e-01  
  1.874627837488e-05  ,-4.965864189681e-01  ,-4.778308022647e-01  
  1.875333556482e-05  ,-4.972572825157e-01  ,-4.769355812926e-01  
  1.876057082364e-05  ,-4.726811522431e-01  ,-4.518148872807e-01  
  1.877019101331e-05  ,-4.027376160488e-01  ,-3.828384835518e-01  
  1.877888584086e-05  ,-3.078684648499e-01  ,-2.904142441594e-01  
  1.878359013745e-05  ,-2.464984682863e-01  ,-2.309278918860e-01  
  1.878641502509e-05  ,-2.069729701393e-01  ,-1.926992725918e-01  
  1.878744972447e-05  ,-1.920710891280e-01  ,-1.783015530737e-01  
  1.878916671076e-05  ,-1.669027766656e-01  ,-1.540006451212e-01  
  1.879260068336e-05  ,-1.151842678637e-01  ,-1.041196713535e-01  
  1.879946862856e-05  ,-8.346375465596e-03  ,-1.292916341262e-03  
  1.880345245400e-05  ,5.412475406861e-02  ,5.870417465530e-02  
  1.880562206307e-05  ,8.785272486530e-02  ,9.104968216599e-02  
  1.880770375529e-05  ,1.198324176386e-01  ,1.216878993751e-01  
  1.881186713973e-05  ,1.821202683185e-01  ,1.812827340079e-01  
  1.881734778681e-05  ,2.592076753836e-01  ,2.548533866327e-01  
  1.882292603651e-05  ,3.297835498802e-01  ,3.219868212652e-01  
  1.882830088535e-05  ,3.882520194890e-01  ,3.773311056702e-01  
  1.883102966049e-05  ,4.138019855492e-01  ,4.014047173391e-01  
  1.883230445483e-05  ,4.247071326789e-01  ,4.116483887193e-01  
  1.883408961394e-05  ,4.388297445238e-01  ,4.248787892027e-01  
  1.883711864749e-05  ,4.596142920229e-01  ,4.442497074133e-01  
  1.884317671457e-05  ,4.885563859082e-01  ,4.707882296236e-01  
  1.884982933798e-05  ,4.999928135823e-01  ,4.803261686642e-01  
  1.885748555461e-05  ,4.862378806883e-01  ,4.654660288190e-01  
  1.886988183060e-05  ,4.055967545403e-01  ,3.856335588752e-01  
  1.888032456437e-05  ,2.897528529949e-01  ,2.728062040861e-01  
  1.888530974784e-05  ,2.226493718131e-01  ,2.078138457386e-01  
  1.888680656949e-05  ,2.013587668481e-01  ,1.872385782036e-01  
  1.888876756230e-05  ,1.727996852785e-01  ,1.596619907500e-01  
  1.889172283509e-05  ,1.285570932862e-01  ,1.169865730034e-01  
  1.889763338068e-05  ,3.714052934359e-02  ,2.895872330645e-02  
  1.890181464651e-05  ,-2.848896336800e-02  ,-3.411106772250e-02  
  1.890521062115e-05  ,-8.148319340398e-02  ,-8.495924678803e-02  
  1.890859541991e-05  ,-1.333816593067e-01  ,-1.346766759108e-01  
  1.891201598147e-05  ,-1.842956607588e-01  ,-1.833735288529e-01  
  1.891869468191e-05  ,-2.770622047736e-01  ,-2.718685170637e-01  
  1.892371488312e-05  ,-3.389951032290e-01  ,-3.307315980425e-01  
  1.892910165289e-05  ,-3.960541553006e-01  ,-3.847119599831e-01  
  1.893193399110e-05  ,-4.216074752066e-01  ,-4.087582396086e-01  
  1.893312105486e-05  ,-4.313358540146e-01  ,-4.178816886938e-01  
  1.893486206928e-05  ,-4.445154619402e-01  ,-4.302069624787e-01  
  1.893834409812e-05  ,-4.668507840258e-01  ,-4.509639640174e-01  
  1.894530815580e-05  ,-4.945782377151e-01  ,-4.761199597266e-01  
  1.895243761638e-05  ,-4.985345931442e-01  ,-4.783610116492e-01  
  1.895978314379e-05  ,-4.765698406383e-01  ,-4.557130240924e-01  
  1.896989358166e-05  ,-4.054887856027e-01  ,-3.855333085594e-01  
  1.897893709639e-05  ,-3.072336703281e-01  ,-2.897980124665e-01  
  1.898383063772e-05  ,-2.432046870790e-01  ,-2.277391886556e-01  
  1.898660560647e-05  ,-2.042441569462e-01  ,-1.900611915943e-01  
  1.898832520047e-05  ,-1.793032345176e-01  ,-1.659696956446e-01  
  1.899059166709e-05  ,-1.456433054408e-01  ,-1.334874834225e-01  
  1.899512460032e-05  ,-7.628351753005e-02  ,-6.664603654649e-02  
  1.899887149730e-05  ,-1.772276570350e-02  ,-1.030520096186e-02  
  1.900211473504e-05  ,3.319374933126e-02  ,3.861056746709e-02  
  1.900401575068e-05  ,6.291206923671e-02  ,6.712863114201e-02  
  1.900645916858e-05  ,1.007655120754e-01  ,1.034174531525e-01  
  1.900950049558e-05  ,1.470276030617e-01  ,1.477188415065e-01  
  1.901558314958e-05  ,2.351184032067e-01  ,2.318862522438e-01  
  1.902123143473e-05  ,3.093179059022e-01  ,3.025380248015e-01  
  1.902634327808e-05  ,3.681542615547e-01  ,3.583420687692e-01  
  1.902920467356e-05  ,3.970398244754e-01  ,3.856247197815e-01  
  1.903221247295e-05  ,4.239428756758e-01  ,4.109286049025e-01  
  1.903319241056e-05  ,4.319016570457e-01  ,4.183911560451e-01  
  1.903509081849e-05  ,4.461490987696e-01  ,4.317134912073e-01  
  1.903888763437e-05  ,4.698395701834e-01  ,4.537082808314e-01  
  1.904648126611e-05  ,4.969481000053e-01  ,4.781344324238e-01  
  1.905347661623e-05  ,4.970206502784e-01  ,4.766779396496e-01  
  1.906066940674e-05  ,4.721740286197e-01  ,4.513076708445e-01  
  1.907022552142e-05  ,4.024161434094e-01  ,3.825235990945e-01  
  1.907887117514e-05  ,3.080499515468e-01  ,2.905903860683e-01  
  1.908355088481e-05  ,2.470347236076e-01  ,2.314470304056e-01  
  1.908639998683e-05  ,2.071879787259e-01  ,1.929071410215e-01  
  1.908743505874e-05  ,1.922837620946e-01  ,1.785070583455e-01  
  1.908914440820e-05  ,1.672329694641e-01  ,1.543194110215e-01  
  1.909256310710e-05  ,1.157585583653e-01  ,1.046732334030e-01  
  1.909940050492e-05  ,9.416290048990e-03  ,2.321367195006e-03  
  1.910337389955e-05  ,-5.289791093186e-02  ,-5.752676805319e-02  
  1.910549247214e-05  ,-8.584806120206e-02  ,-8.912782263496e-02  
  1.910749332556e-05  ,-1.166207343131e-01  ,-1.186118592979e-01  
  1.911149503240e-05  ,-1.766644262170e-01  ,-1.760677220960e-01  
  1.911716492423e-05  ,-2.567471403516e-01  ,-2.525195488036e-01  
  1.912162782201e-05  ,-3.141857698695e-01  ,-3.071816091182e-01  
  1.912674264559e-05  ,-3.723699435486e-01  ,-3.623411086647e-01  
  1.912939765999e-05  ,-3.988750569099e-01  ,-3.873640951195e-01  
  1.913211637685e-05  ,-4.231406535954e-01  ,-4.101825918534e-01  
  1.913394903341e-05  ,-4.377670955364e-01  ,-4.238880471869e-01  
  1.913632688621e-05  ,-4.545758879328e-01  ,-4.395700867334e-01  
  1.914104980925e-05  ,-4.803645380542e-01  ,-4.633747359755e-01  
  1.914806155065e-05  ,-4.990731393416e-01  ,-4.798320575349e-01  
  1.915583995679e-05  ,-4.916084831693e-01  ,-4.709737909780e-01  
  1.916641531089e-05  ,-4.349733246570e-01  ,-4.144618940879e-01  
  1.917633948424e-05  ,-3.383668580826e-01  ,-3.200410889178e-01  
  1.918467966416e-05  ,-2.314670671881e-01  ,-2.163616165517e-01  
  1.918923271397e-05  ,-1.659251101027e-01  ,-1.530294647414e-01  
  1.919016198763e-05  ,-1.520865476255e-01  ,-1.396776648552e-01  
  1.919108073735e-05  ,-1.382772425530e-01  ,-1.263599423614e-01  
  1.919291823679e-05  ,-1.103246620479e-01  ,-9.941633057458e-02  
  1.919659323567e-05  ,-5.341122419344e-02  ,-4.461858237562e-02  
  1.919984615916e-05  ,-2.416516853740e-03  ,4.413825122036e-03  
  1.920455194587e-05  ,7.125834520709e-02  ,7.514080277310e-02  
  1.920611023480e-05  ,9.539098544637e-02  ,9.827477107101e-02  
  1.920775215650e-05  ,1.205704052324e-01  ,1.223958562512e-01  
  1.921103599989e-05  ,1.699009056657e-01  ,1.695976933029e-01  
  1.921631473625e-05  ,2.451973339067e-01  ,2.414971071420e-01  
  1.922069791281e-05  ,3.026903592051e-01  ,2.962442410255e-01  
  1.922564956868e-05  ,3.606941699239e-01  ,3.512850519657e-01  
  1.922862607563e-05  ,3.914503647397e-01  ,3.803550327129e-01  
  1.923197250390e-05  ,4.219323775458e-01  ,4.090433629283e-01  
  1.923299546862e-05  ,4.303347761813e-01  ,4.169248503550e-01  
  1.923475268805e-05  ,4.437261860351e-01  ,4.294534094452e-01  
  1.923826712692e-05  ,4.664165126402e-01  ,4.505485786701e-01  
  1.924529600465e-05  ,4.945501694891e-01  ,4.760955377532e-01  
  1.925233531320e-05  ,4.986549599625e-01  ,4.785142078298e-01  
  1.925964731300e-05  ,4.772109864672e-01  ,4.563574279163e-01  
  1.926985609853e-05  ,4.058329882491e-01  ,3.858659077148e-01  
  1.927895027721e-05  ,3.070702983339e-01  ,2.896355651107e-01  
  1.928387362087e-05  ,2.426145418501e-01  ,2.271651233960e-01  
  1.928662698293e-05  ,2.039376225648e-01  ,1.897626002571e-01  
  1.928834806705e-05  ,1.789678909004e-01  ,1.656438507061e-01  
  1.929062310183e-05  ,1.451708708627e-01  ,1.330301070414e-01  
  1.929517317140e-05  ,7.552940806652e-02  ,6.591885025781e-02  
  1.929889585400e-05  ,1.734040693116e-02  ,9.936851454488e-03  
  1.930213685656e-05  ,-3.354045871433e-02  ,-3.894397981460e-02  
  1.930403340185e-05  ,-6.318711994984e-02  ,-6.739289342903e-02  
  1.930645148778e-05  ,-1.006473348395e-01  ,-1.033044698479e-01  
  1.930952932262e-05  ,-1.474603371971e-01  ,-1.481330939733e-01  
  1.931568499231e-05  ,-2.365290340292e-01  ,-2.332318066400e-01  
  1.932134668851e-05  ,-3.107382680566e-01  ,-3.038877743373e-01  
  1.932645182633e-05  ,-3.693058487461e-01  ,-3.594313996370e-01  
  1.932924914682e-05  ,-3.974640459557e-01  ,-3.860245485459e-01  
  1.933220218444e-05  ,-4.238571705190e-01  ,-4.108480422213e-01  
  1.933323166841e-05  ,-4.322120202548e-01  ,-4.186817776269e-01  
  1.933509729379e-05  ,-4.461950078607e-01  ,-4.317562189180e-01  
  1.933882854456e-05  ,-4.695212699914e-01  ,-4.534145656408e-01  
  1.934629104608e-05  ,-4.966095979147e-01  ,-4.778503450334e-01  
  1.935334227556e-05  ,-4.972462455587e-01  ,-4.769235412525e-01  
  1.936057455415e-05  ,-4.726620445697e-01  ,-4.517957666607e-01  
  1.937019176358e-05  ,-4.027306316401e-01  ,-3.828316292078e-01  
  1.937888510102e-05  ,-3.078776218864e-01  ,-2.904231249208e-01  
  1.938358865255e-05  ,-2.465187612885e-01  ,-2.309475315651e-01  
  1.938641503030e-05  ,-2.069728955643e-01  ,-1.926991976283e-01  
  1.938744991595e-05  ,-1.920683121385e-01  ,-1.782988679688e-01  
  1.938916634345e-05  ,-1.669082154619e-01  ,-1.540058922830e-01  
  1.939259919846e-05  ,-1.152069651486e-01  ,-1.041415464387e-01  
  1.939946490848e-05  ,-8.404802066272e-03  ,-1.349078013274e-03  
  1.940344798887e-05  ,5.405502754074e-02  ,5.863725746615e-02  
  1.940561461771e-05  ,8.773759038028e-02  ,9.093930421406e-02  
  1.940769183958e-05  ,1.196506926432e-01  ,1.215138552226e-01  
  1.941184628332e-05  ,1.818151228380e-01  ,1.809910832745e-01  
  1.941733587110e-05  ,2.590476013795e-01  ,2.547008879252e-01  
  1.942291412079e-05  ,3.296428400577e-01  ,3.218533311211e-01  
  1.942829343998e-05  ,3.881783162790e-01  ,3.772615697955e-01  
  1.943102743053e-05  ,4.137823228194e-01  ,4.013862621177e-01  
  1.943230296993e-05  ,4.246948231166e-01  ,4.116368697703e-01  
  1.943409073675e-05  ,4.388381973665e-01  ,4.248867232485e-01  
  1.943711380982e-05  ,4.595843676790e-01  ,4.442219548651e-01  
  1.944315995598e-05  ,4.885003205632e-01  ,4.707379617032e-01  
  1.944981630468e-05  ,4.999916740324e-01  ,4.803279278959e-01  
  1.945747550154e-05  ,4.862746508615e-01  ,4.655034609031e-01  
  1.946988369846e-05  ,4.055795962942e-01  ,3.856167799569e-01  
  1.948033388281e-05  ,2.896335506468e-01  ,2.726904023981e-01  
  1.948532204652e-05  ,2.224763789263e-01  ,2.076464186489e-01  
  1.948682035828e-05  ,2.011604943922e-01  ,1.870468645821e-01  
  1.948877613568e-05  ,1.726733067239e-01  ,1.595398624508e-01  
  1.949174072170e-05  ,1.282855564689e-01  ,1.167246941473e-01  
  1.949766989374e-05  ,3.656854373190e-02  ,2.840846467884e-02  
  1.950182135725e-05  ,-2.859420351101e-02  ,-3.421215101657e-02  
  1.950516704047e-05  ,-8.080770501403e-02  ,-8.431143902717e-02  
  1.950853917325e-05  ,-1.325299478714e-01  ,-1.338611267226e-01  
  1.951194297099e-05  ,-1.832290786978e-01  ,-1.823540802181e-01  
  1.951866041446e-05  ,-2.766139685275e-01  ,-2.714418811407e-01  
  1.952366943979e-05  ,-3.384700480648e-01  ,-3.302337546573e-01  
  1.952904428864e-05  ,-3.955035134216e-01  ,-3.841927281362e-01  
  1.953186284328e-05  ,-4.210056337034e-01  ,-4.081932038179e-01  
  1.953305214220e-05  ,-4.307873651516e-01  ,-4.173678134247e-01  
  1.953479259783e-05  ,-4.440147756667e-01  ,-4.297395480954e-01  
  1.953827350909e-05  ,-4.664526245445e-01  ,-4.505960024728e-01  
  1.954523533159e-05  ,-4.944089411448e-01  ,-4.759732120161e-01  
  1.955230369741e-05  ,-4.986911163287e-01  ,-4.785404339561e-01  
  1.955965593034e-05  ,-4.771705690968e-01  ,-4.563160465277e-01  
  1.956985130483e-05  ,-4.058769676249e-01  ,-3.859134221016e-01  
  1.957895144397e-05  ,-3.070558341754e-01  ,-2.896252537313e-01  
  1.958387553269e-05  ,-2.425882828849e-01  ,-2.271424239762e-01  
  1.958662963980e-05  ,-2.038995170243e-01  ,-1.897279480427e-01  
  1.958835128272e-05  ,-1.789207249393e-01  ,-1.656001786716e-01  
  1.959062669003e-05  ,-1.451169345934e-01  ,-1.329796067921e-01  
  1.959517750466e-05  ,-7.546212179443e-02  ,-6.585507489531e-02  
  1.959889795208e-05  ,-1.730747010031e-02  ,-9.905905712867e-03  
  1.960213895464e-05  ,3.357334102647e-02  ,3.897501424009e-02  
  1.960403512740e-05  ,6.321400749300e-02  ,6.741824170861e-02  
  1.960645097816e-05  ,1.006394935972e-01  ,1.032966070419e-01  
  1.960953216577e-05  ,1.475030101746e-01  ,1.481736717008e-01  
  1.961569454098e-05  ,2.366611693193e-01  ,2.333577350940e-01  
  1.962135772729e-05  ,3.108740940688e-01  ,3.040167758132e-01  
  1.962646212006e-05  ,3.694148319919e-01  ,3.595344428696e-01  
  1.962925757790e-05  ,3.975443808406e-01  ,3.861002504422e-01  
  1.963220390999e-05  ,4.238715477965e-01  ,4.108615020554e-01  
  1.963323898190e-05  ,4.322697663259e-01  ,4.187358400836e-01  
  1.963510162705e-05  ,4.462257198211e-01  ,4.317848483953e-01  
  1.963882691735e-05  ,4.695124817891e-01  ,4.534064332338e-01  
  1.964627749795e-05  ,4.965848119159e-01  ,4.778294439502e-01  
  1.965333692306e-05  ,4.972550504401e-01  ,4.769331432952e-01  
  1.966057218188e-05  ,4.726741960765e-01  ,4.518079337252e-01  
  1.967019237155e-05  ,4.027249718160e-01  ,3.828261110442e-01  
  1.967888719910e-05  ,3.078516534623e-01  ,2.903979220294e-01  
  1.968359149569e-05  ,2.464799057776e-01  ,2.309099211188e-01  
  1.968641340309e-05  ,2.069961626961e-01  ,1.927216895054e-01  
  1.968744772995e-05  ,1.921000147884e-01  ,1.783294969991e-01  
  1.968916546130e-05  ,1.669212773075e-01  ,1.540185049020e-01  
  1.969260092402e-05  ,1.151805893536e-01  ,1.041161262285e-01  
  1.969947184944e-05  ,8.295788913194e-03  ,1.244287137478e-03  
  1.970345716500e-05  ,-5.419831888051e-02  ,-5.877478082835e-02  
  1.970563049936e-05  ,-8.798317715462e-02  ,-9.117475095396e-02  
  1.970771740699e-05  ,-1.200405972779e-01  ,-1.218872838485e-01  
  1.971189122224e-05  ,-1.824725168958e-01  ,-1.816194064637e-01  
  1.971736143851e-05  ,-2.593910257196e-01  ,-2.550280616526e-01  
  1.972292702222e-05  ,-3.297951878471e-01  ,-3.219977411073e-01  
  1.972829516554e-05  ,-3.881953997905e-01  ,-3.772775784382e-01  
  1.973102021539e-05  ,-4.137186891662e-01  ,-4.013263086442e-01  
  1.973229575479e-05  ,-4.246349977174e-01  ,-4.115806223533e-01  
  1.973408054137e-05  ,-4.387614230576e-01  ,-4.248148277166e-01  
  1.973710435951e-05  ,-4.595258801984e-01  ,-4.441675986468e-01  
  1.974315199578e-05  ,-4.884736425260e-01  ,-4.707140057227e-01  
  1.974979865873e-05  ,-4.999899976069e-01  ,-4.803301429512e-01  
  1.975745785558e-05  ,-4.863390755378e-01  ,-4.655690250264e-01  
  1.976989436471e-05  ,-4.054815889039e-01  ,-3.855208349493e-01  
  1.978035945022e-05  ,-2.893060881512e-01  ,-2.723725726589e-01  
  1.978535282934e-05  ,-2.220432428903e-01  ,-2.072272436767e-01  
  1.978685430759e-05  ,-2.006721678814e-01  ,-1.865747100355e-01  
  1.978879630142e-05  ,-1.723759981269e-01  ,-1.592525497263e-01  
  1.979178584689e-05  ,-1.276003306742e-01  ,-1.160638653927e-01  
  1.979776493782e-05  ,-3.507943233844e-02  ,-2.697596088257e-02  
  1.980184338564e-05  ,2.893965142701e-02  ,3.454394567450e-02  
  1.980506240898e-05  ,7.918533024520e-02  ,8.275552119853e-02  
  1.980840734714e-05  ,1.305321630596e-01  ,1.319480812828e-01  
  1.981177538210e-05  ,1.807772000712e-01  ,1.800103787388e-01  
  1.981851145202e-05  ,2.746617428587e-01  ,2.695831866541e-01  
  1.982346161777e-05  ,3.360600836879e-01  ,3.279476906391e-01  
  1.982879474336e-05  ,3.930931933463e-01  ,3.819188687834e-01  
  1.983156449670e-05  ,4.184590438931e-01  ,4.058011072152e-01  
  1.983276757920e-05  ,4.285011198121e-01  ,4.152246771217e-01  
  1.983450971121e-05  ,4.419541740211e-01  ,4.278147124800e-01  
  1.983796007508e-05  ,4.646570119938e-01  ,4.489350840859e-01  
  1.984486080283e-05  ,4.934974048644e-01  ,4.751788699990e-01  
  1.985169298524e-05  ,4.992929604384e-01  ,4.792512249704e-01  
  1.985909290189e-05  ,4.797376668648e-01  ,4.588902709402e-01  
  1.986971891993e-05  ,4.070878793505e-01  ,3.870925791528e-01  
  1.987909026021e-05  ,3.053320113240e-01  ,2.879469223222e-01  
  1.988415292972e-05  ,2.387689885381e-01  ,2.234423054827e-01  
  1.988670810634e-05  ,2.027734926168e-01  ,1.886365021070e-01  
  1.988844707185e-05  ,1.775148992263e-01  ,1.642399325103e-01  
  1.989079437727e-05  ,1.425942872633e-01  ,1.305440841608e-01  
  1.989548898810e-05  ,7.062186059380e-02  ,6.119342610945e-02  
  1.989906563932e-05  ,1.467479566161e-02  ,7.373915373770e-03  
  1.990234799260e-05  ,-3.684874349178e-02  ,-4.212031491997e-02  
  1.990423745984e-05  ,-6.636543688088e-02  ,-7.044165902049e-02  
  1.990646779114e-05  ,-1.008981721866e-01  ,-1.035444312084e-01  
  1.990992448801e-05  ,-1.533799776895e-01  ,-1.537966920215e-01  
  1.991573668593e-05  ,-2.372441204651e-01  ,-2.339212936070e-01  
  1.992154739374e-05  ,-3.132019799622e-01  ,-3.062333882478e-01  
  1.992736555213e-05  ,-3.788280245821e-01  ,-3.684265605655e-01  
  1.993039905602e-05  ,-4.081610609059e-01  ,-3.960949880671e-01  
  1.993298440748e-05  ,-4.302462840582e-01  ,-4.168422208072e-01  
  1.993445813233e-05  ,-4.415746961029e-01  ,-4.274445532234e-01  
  1.993638000959e-05  ,-4.549227781170e-01  ,-4.398900415777e-01  
  1.994022376412e-05  ,-4.766026567658e-01  ,-4.599289850032e-01  
  1.994791127318e-05  ,-4.989239134603e-01  ,-4.797204916126e-01  
  1.995576567525e-05  ,-4.918200176523e-01  ,-4.711924836161e-01  
  1.996599681252e-05  ,-4.381774586440e-01  ,-4.176167692486e-01  
  1.997567660683e-05  ,-3.459588745776e-01  ,-3.274295106855e-01  
  1.998500622386e-05  ,-2.269081370589e-01  ,-2.119784859319e-01  
  1.998922772282e-05  ,-1.659990659639e-01  ,-1.531252983734e-01  
  1.999012542465e-05  ,-1.526335635045e-01  ,-1.402280911981e-01  
  1.999101362699e-05  ,-1.392899871697e-01  ,-1.273575494026e-01  
  1.999279003167e-05  ,-1.122879684740e-01  ,-1.013260975395e-01  
  1.999634284103e-05  ,-5.732021590221e-02  ,-4.839522255491e-02  
  2.000000000000e-05  ,1.964386723728e-15  ,6.720906951241e-03  
